UNKNOWN
version=1
nRows=1001
nColumns=49
inDegrees=no
endheader
time	/jointset/ground_pelvis/pelvis_tilt/value	/jointset/ground_pelvis/pelvis_tilt/speed	/jointset/ground_pelvis/pelvis_tx/value	/jointset/ground_pelvis/pelvis_tx/speed	/jointset/ground_pelvis/pelvis_ty/value	/jointset/ground_pelvis/pelvis_ty/speed	/jointset/hip_r/hip_flexion_r/value	/jointset/hip_r/hip_flexion_r/speed	/jointset/hip_l/hip_flexion_l/value	/jointset/hip_l/hip_flexion_l/speed	/jointset/knee_r/knee_flexion_r/value	/jointset/knee_r/knee_flexion_r/speed	/jointset/knee_l/knee_flexion_l/value	/jointset/knee_l/knee_flexion_l/speed	/jointset/ankle_r/ankle_dorsiflexion_r/value	/jointset/ankle_r/ankle_dorsiflexion_r/speed	/jointset/ankle_l/ankle_dorsiflexion_l/value	/jointset/ankle_l/ankle_dorsiflexion_l/speed	/forceset/hamstrings_r/activation	/forceset/hamstrings_r/fiber_length	/forceset/glut_max_r/activation	/forceset/glut_max_r/fiber_length	/forceset/ilipsoas_r/activation	/forceset/ilipsoas_r/fiber_length	/forceset/vasti_r/activation	/forceset/vasti_r/fiber_length	/forceset/gastroc_r/activation	/forceset/gastroc_r/fiber_length	/forceset/soleus_r/activation	/forceset/soleus_r/fiber_length	/forceset/tibia_r/activation	/forceset/tibia_r/fiber_length	/forceset/hamstrings_l/activation	/forceset/hamstrings_l/fiber_length	/forceset/glut_max_l/activation	/forceset/glut_max_l/fiber_length	/forceset/ilipsoas_l/activation	/forceset/ilipsoas_l/fiber_length	/forceset/vasti_l/activation	/forceset/vasti_l/fiber_length	/forceset/gastroc_l/activation	/forceset/gastroc_l/fiber_length	/forceset/soleus_l/activation	/forceset/soleus_l/fiber_length	/forceset/tibia_l/activation	/forceset/tibia_l/fiber_length	/forceset/knee_flexion_r_LimitForce/dissipatedEnergy	/forceset/knee_flexion_l_LimitForce/dissipatedEnergy
      0.00000000	     -0.10290000	      0.00000000	      0.90000000	     -0.23630000	      0.43950000	     -0.09500000	     -0.12290000	      0.05510000	     -0.07870000	      0.07240000	      1.14760000	     -0.01850000	     -0.44840000	     -2.69600000	     -1.58610000	      3.31550000	     -1.27150000	    -15.62700000	      0.01050000	      0.07884762	      0.17140000	      0.06891346	      0.37520000	      0.10618061	      0.28320000	      0.06452524	      0.64440000	      0.05309156	      0.49980000	      0.04286084	      0.01050000	      0.07821116	      0.02860000	      0.11694288	      0.32600000	      0.10289441	      0.42070000	      0.08133019	      0.58320000	      0.06444764	      0.01980000	      0.05771751	      0.01010000	      0.04275871	      0.14080000	      0.08216811	      0.00000000	      0.00000000
      0.00100000	     -0.10290000	      0.00000000	      0.90000000	     -0.23630000	      0.43950000	     -0.09500000	     -0.12290000	      0.05510000	     -0.07870000	      0.07240000	      1.14760000	     -0.01850000	     -0.44840000	     -2.69600000	     -1.58610000	      3.31550000	     -1.27150000	    -15.62700000	      0.01050000	      0.07884762	      0.17140000	      0.06891346	      0.37520000	      0.10618061	      0.28320000	      0.06452524	      0.64440000	      0.05309156	      0.49980000	      0.04286084	      0.01050000	      0.07821116	      0.02860000	      0.11694288	      0.32600000	      0.10289441	      0.42070000	      0.08133019	      0.58320000	      0.06444764	      0.01980000	      0.05771751	      0.01010000	      0.04275871	      0.14080000	      0.08216811	      0.00000000	      0.00000000
      0.00200000	     -0.10280992	      0.00115700	      0.89998559	     -0.23686594	      0.43663033	     -0.09627011	     -0.11910204	      0.05313992	     -0.09401160	      0.10719918	      1.16617188	     -0.01051742	     -0.67585343	     -3.03628741	     -1.00473092	      4.25840025	     -2.45737803	    -14.85067288	      0.01036551	      0.07884177	      0.16819648	      0.06890857	      0.36826667	      0.10618291	      0.27676112	      0.06453005	      0.63677928	      0.05309148	      0.49715819	      0.04286023	      0.01036551	      0.07822175	      0.02821465	      0.11693817	      0.32772670	      0.10288347	      0.41818583	      0.08133495	      0.58271536	      0.06444195	      0.01953962	      0.05769149	      0.00997074	      0.04273289	      0.14527811	      0.08220815	      0.00000000	      0.00000000
      0.00300000	     -0.10268811	      0.00233121	      0.89997890	     -0.23763533	      0.43345647	     -0.09708738	     -0.11450646	      0.05041194	     -0.10852329	      0.13501874	      1.18160241	     -0.00286181	     -0.85588104	     -3.29557803	     -0.65625454	      4.86428718	     -2.91440475	    -14.29123159	      0.01023280	      0.07882665	      0.16507242	      0.06889586	      0.36157861	      0.10618997	      0.27053288	      0.06454251	      0.62948709	      0.05309088	      0.49460538	      0.04285782	      0.01023280	      0.07826049	      0.02783490	      0.11692558	      0.32928387	      0.10285183	      0.41574957	      0.08135006	      0.58224734	      0.06442375	      0.01928286	      0.05762858	      0.00984199	      0.04269998	      0.14914003	      0.08240706	      0.00000000	      0.00000000
      0.00400000	     -0.10254195	      0.00351928	      0.89997971	     -0.23856741	      0.43006182	     -0.09762021	     -0.10946108	      0.04740288	     -0.12269037	      0.15650437	      1.19418827	      0.00434947	     -1.00466813	     -3.48539750	     -0.42106036	      5.19873857	     -3.06542857	    -14.04593195	      0.01010183	      0.07880465	      0.16202513	      0.06887896	      0.35512392	      0.10620206	      0.26450556	      0.06456050	      0.62250544	      0.05308951	      0.49213811	      0.04285315	      0.01010183	      0.07833032	      0.02746064	      0.11690655	      0.33068886	      0.10280085	      0.41338836	      0.08137806	      0.58179533	      0.06439180	      0.01902965	      0.05756030	      0.00971324	      0.04266709	      0.15247844	      0.08276390	      0.00000000	      0.00000000
      0.00500000	     -0.10237648	      0.00471898	      0.89998733	     -0.23963877	      0.42649958	     -0.09794608	     -0.10415079	      0.04432706	     -0.13659407	      0.17381899	      1.20496228	      0.01073427	     -1.13554821	     -3.63308331	     -0.23651424	      5.40534207	     -3.07341038	    -13.74573993	      0.00997255	      0.07877724	      0.15905204	      0.06886122	      0.34889143	      0.10621953	      0.25867005	      0.06458223	      0.61581760	      0.05308732	      0.48975306	      0.04284607	      0.00997255	      0.07842535	      0.02709180	      0.11688165	      0.33195707	      0.10273143	      0.41109949	      0.08142435	      0.58135879	      0.06434516	      0.01877994	      0.05749267	      0.00958449	      0.04263422	      0.15537011	      0.08321744	      0.00000000	      0.00000000
      0.00600000	     -0.10219546	      0.00592871	      0.90000091	     -0.24083408	      0.42280644	     -0.09810186	     -0.09867867	      0.04127201	     -0.15014208	      0.18766349	      1.21423687	      0.01632534	     -1.25296672	     -3.74779993	     -0.07835867	      5.52334317	     -3.03192656	    -13.29870572	      0.00984380	      0.07874501	      0.15615071	      0.06884403	      0.34287069	      0.10624293	      0.25301777	      0.06460599	      0.60940801	      0.05308430	      0.48744708	      0.04283658	      0.00984380	      0.07853694	      0.02672827	      0.11685115	      0.33310228	      0.10264421	      0.40888037	      0.08149665	      0.58093716	      0.06428321	      0.01853368	      0.05742569	      0.00945574	      0.04260136	      0.15787909	      0.08371990	      0.00000000	      0.00000000
      0.00700000	     -0.10200243	      0.00714689	      0.90001980	     -0.24214009	      0.41901679	     -0.09810886	     -0.09315025	      0.03826600	     -0.16295084	      0.19770703	      1.22181467	      0.02139094	     -1.35693977	     -3.82448758	      0.06404222	      5.50594361	     -2.94746795	    -12.16928853	      0.00971505	      0.07870863	      0.15331878	      0.06882744	      0.33705185	      0.10627298	      0.24754065	      0.06463026	      0.60326212	      0.05308050	      0.48521717	      0.04282472	      0.00971505	      0.07865846	      0.02636998	      0.11681517	      0.33413677	      0.10253991	      0.40672850	      0.08159941	      0.58052993	      0.06420608	      0.01829082	      0.05735937	      0.00932699	      0.04256851	      0.16005918	      0.08423806	      0.00000000	      0.00000000
      0.00800000	     -0.10180146	      0.00837168	      0.90004369	     -0.24354228	      0.41517138	     -0.09798317	     -0.08772328	      0.03532226	     -0.17418745	      0.20350179	      1.22743613	      0.02638140	     -1.44516860	     -3.85969603	      0.18698111	      5.32122783	     -2.91306167	    -10.17773493	      0.00958630	      0.07866881	      0.15055401	      0.06881142	      0.33142571	      0.10631052	      0.24223107	      0.06465383	      0.59736636	      0.05307596	      0.48306046	      0.04281053	      0.00958630	      0.07878543	      0.02601684	      0.11677350	      0.33507155	      0.10241973	      0.40464152	      0.08172920	      0.58013659	      0.06411513	      0.01805130	      0.05729368	      0.00919824	      0.04253569	      0.16195585	      0.08473966	      0.00000000	      0.00000000
      0.00900000	     -0.10160302	      0.00959813	      0.90007140	     -0.24500884	      0.41139836	     -0.09775464	     -0.08276299	      0.03244909	     -0.18283785	      0.19117093	      1.22440459	      0.02868390	     -1.48156946	     -3.65885909	      0.26478230	      4.54188579	     -2.82408223	     -6.93983567	      0.00945755	      0.07862616	      0.14785424	      0.06879594	      0.32598359	      0.10635627	      0.23708186	      0.06467592	      0.59170807	      0.05307074	      0.48097420	      0.04279407	      0.00945755	      0.07891482	      0.02566877	      0.11672553	      0.33591646	      0.10228585	      0.40261715	      0.08187728	      0.57975666	      0.06401316	      0.01781508	      0.05722863	      0.00906949	      0.04250287	      0.16360772	      0.08518951	      0.00000000	      0.23511602
      0.01000000	     -0.10141910	      0.01082051	      0.90010128	     -0.24650424	      0.40784416	     -0.09745495	     -0.07859680	      0.02966341	     -0.18803976	      0.17670917	      1.22037111	      0.03122642	     -1.50872428	     -3.45507693	      0.33415988	      3.81241863	     -2.75056595	     -3.52923391	      0.00932880	      0.07858127	      0.14521741	      0.06878097	      0.32071730	      0.10641040	      0.23208624	      0.06469616	      0.58627536	      0.05306487	      0.47895579	      0.04277540	      0.00932880	      0.07904434	      0.02532568	      0.11667038	      0.33668035	      0.10214250	      0.40065321	      0.08203265	      0.57938967	      0.06390534	      0.01758210	      0.05716421	      0.00894074	      0.04247008	      0.16504771	      0.08554977	      0.00000000	      0.43452331
      0.01100000	     -0.10124950	      0.01203892	      0.90013416	     -0.24802537	      0.40447718	     -0.09708692	     -0.07509335	      0.02694538	     -0.19010396	      0.16256935	      1.21648352	      0.03469310	     -1.53318805	     -3.28444235	      0.40193990	      3.21781969	     -2.68269174	     -0.72358816	      0.00920005	      0.07853461	      0.14264155	      0.06876649	      0.31561917	      0.10647237	      0.22723783	      0.06471442	      0.58105711	      0.05305841	      0.47700270	      0.04275457	      0.00920005	      0.07917261	      0.02498749	      0.11660751	      0.33737114	      0.10199386	      0.39874763	      0.08218796	      0.57903517	      0.06379652	      0.01735232	      0.05710043	      0.00881199	      0.04243730	      0.16630398	      0.08580271	      0.00000000	      0.57551222
      0.01200000	     -0.10109378	      0.01325356	      0.90017094	     -0.24956982	      0.40126429	     -0.09665261	     -0.07211397	      0.02428019	     -0.18974308	      0.14895908	      1.21282765	      0.03897395	     -1.55544422	     -3.14660176	      0.46652378	      2.76400728	     -2.64870423	      1.32033826	      0.00907130	      0.07848659	      0.14012476	      0.06875248	      0.31068193	      0.10654111	      0.22253056	      0.06473058	      0.58296361	      0.05305071	      0.49168883	      0.04272998	      0.00907130	      0.07929908	      0.02465414	      0.11653685	      0.33799595	      0.10184303	      0.39689839	      0.08233981	      0.57869272	      0.06369002	      0.01777123	      0.05703639	      0.00947306	      0.04240453	      0.16683569	      0.08595896	      0.00000000	      0.67742901
      0.01300000	     -0.10095139	      0.01446466	      0.90021232	     -0.25113578	      0.39817427	     -0.09615393	     -0.06952215	      0.02164900	     -0.18769544	      0.13589919	      1.20940651	      0.04389456	     -1.57622121	     -3.03780620	      0.53070682	      2.43937659	     -2.61410017	      2.66975469	      0.00894255	      0.07843752	      0.13766522	      0.06873892	      0.30589874	      0.10661526	      0.21795872	      0.06474461	      0.58412949	      0.05304126	      0.50400505	      0.04270023	      0.00894255	      0.07942368	      0.02432553	      0.11645880	      0.33851688	      0.10169211	      0.39573472	      0.08248592	      0.57836190	      0.06358781	      0.01760016	      0.05697207	      0.00934431	      0.04237178	      0.16811552	      0.08604238	      0.00000000	      0.75450690
      0.01400000	     -0.10082184	      0.01567242	      0.90025889	     -0.25272160	      0.39518090	     -0.09559227	     -0.06719994	      0.01904037	     -0.18459034	      0.12325333	      1.20615144	      0.04932356	     -1.59507224	     -2.95233123	      0.59207361	      2.22054916	     -2.60834774	      3.45871747	      0.00881380	      0.07838767	      0.13526118	      0.06872578	      0.30126312	      0.10669342	      0.21351688	      0.06475646	      0.58448558	      0.05303025	      0.51386867	      0.04266581	      0.00881380	      0.07954660	      0.02400159	      0.11637414	      0.33894433	      0.10154242	      0.39511179	      0.08262499	      0.57804232	      0.06349077	      0.01737028	      0.05690831	      0.00921556	      0.04233905	      0.16952155	      0.08608191	      0.00000000	      0.81634784
      0.01500000	     -0.10070482	      0.01687698	      0.90031109	     -0.25432532	      0.39226378	     -0.09496982	     -0.06505412	      0.01643883	     -0.18091953	      0.11082097	      1.20296596	      0.05512652	     -1.61207303	     -2.88437307	      0.65300099	      2.08262721	     -2.58794183	      3.82248994	      0.00868505	      0.07833726	      0.13291097	      0.06871304	      0.29676895	      0.10677438	      0.20919992	      0.06476612	      0.58428345	      0.05301788	      0.52144117	      0.04262720	      0.00868505	      0.07966818	      0.02368226	      0.11628387	      0.33928835	      0.10139467	      0.39490164	      0.08275720	      0.57773359	      0.06339904	      0.01714340	      0.05684517	      0.00908681	      0.04230633	      0.17126526	      0.08609817	      0.00000000	      0.86913029
      0.01600000	     -0.10060018	      0.01807836	      0.90036925	     -0.25594476	      0.38940795	     -0.09428859	     -0.06301508	      0.01384020	     -0.17704762	      0.09845289	      1.19977922	      0.06121999	     -1.62639183	     -2.82902454	      0.70904255	      2.00360400	     -2.60980514	      3.87892479	      0.00855630	      0.07828648	      0.13061298	      0.06870070	      0.29241047	      0.10685714	      0.20500296	      0.06477358	      0.58373596	      0.05300425	      0.52695732	      0.04258486	      0.00855630	      0.07978883	      0.02336745	      0.11618913	      0.33955710	      0.10124921	      0.39528346	      0.08288284	      0.57743532	      0.06331235	      0.01691963	      0.05678266	      0.00895806	      0.04227363	      0.17344083	      0.08609828	      0.00000000	      0.91677966
      0.01700000	     -0.10050794	      0.01927652	      0.90043359	     -0.25757739	      0.38660293	     -0.09355176	     -0.06103350	      0.01123112	     -0.17323097	      0.08600541	      1.19652542	      0.06748540	     -1.63847286	     -2.78213413	      0.76434681	      1.96493064	     -2.60563661	      3.72681873	      0.00842755	      0.07823550	      0.12836566	      0.06868872	      0.28818217	      0.10694096	      0.20092138	      0.06477885	      0.58287230	      0.05298944	      0.53065647	      0.04253923	      0.00842755	      0.07990891	      0.02305709	      0.11609102	      0.33975796	      0.10110616	      0.39647750	      0.08300171	      0.57714716	      0.06323018	      0.01669892	      0.05672076	      0.00882931	      0.04224094	      0.17606009	      0.08608388	      0.00000000	      0.96177722
      0.01800000	     -0.10042822	      0.02047138	      0.90050426	     -0.25922069	      0.38384192	     -0.09276198	     -0.05907674	      0.00861161	     -0.16963679	      0.07340783	      1.19317409	      0.07386136	     -1.64766741	     -2.74054043	      0.81458788	      1.95178731	     -2.63583943	      3.44577247	      0.00829880	      0.07818446	      0.12616752	      0.06867710	      0.28407888	      0.10702527	      0.19695080	      0.06478193	      0.58172217	      0.05297354	      0.53275718	      0.04249074	      0.00829880	      0.08002879	      0.02275113	      0.11599060	      0.33989848	      0.10096549	      0.39819135	      0.08311403	      0.57686876	      0.06315194	      0.01648123	      0.05665949	      0.00870056	      0.04220827	      0.17908493	      0.08605601	      0.00000000	      1.00565358
      0.01900000	     -0.10036120	      0.02166282	      0.90058132	     -0.26087198	      0.38112093	     -0.09192274	     -0.05712532	      0.00597232	     -0.16636131	      0.06058988	      1.18969580	      0.08025708	     -1.65449846	     -2.70174030	      0.86340934	      1.95258044	     -2.64200713	      3.09851162	      0.00817005	      0.07813350	      0.12401714	      0.06866582	      0.28009568	      0.10710967	      0.19308703	      0.06478284	      0.58031428	      0.05295661	      0.53345588	      0.04243974	      0.00817005	      0.08014877	      0.02244947	      0.11588878	      0.33998656	      0.10082714	      0.40013226	      0.08322084	      0.57659978	      0.06307704	      0.01626651	      0.05659882	      0.00857181	      0.04217561	      0.18243603	      0.08601580	      0.00000000	      1.04929044
      0.02000000	     -0.10030711	      0.02285073	      0.90066477	     -0.26252874	      0.37843806	     -0.09103698	     -0.05516977	      0.00331506	     -0.16344602	      0.04754587	      1.18609040	      0.08663664	     -1.65859139	     -2.66407564	      0.90749476	      1.95885960	     -2.67429893	      2.73209788	      0.00804130	      0.07808275	      0.12191313	      0.06865487	      0.27622788	      0.10719386	      0.18932614	      0.06478163	      0.57867512	      0.05293869	      0.53322859	      0.04238652	      0.00804130	      0.08026909	      0.02215207	      0.11578633	      0.34004259	      0.10069100	      0.40123140	      0.08332466	      0.57633991	      0.06300495	      0.01605471	      0.05653877	      0.00844306	      0.04214297	      0.18599547	      0.08596462	      0.00000000	      1.09311209
      0.02100000	     -0.10026618	      0.02403496	      0.90075457	     -0.26418846	      0.37579278	     -0.09010813	     -0.05320777	      0.00063367	     -0.16089205	      0.03427647	      1.18235902	      0.09294649	     -1.66049012	     -2.62643871	      0.94973155	      1.96472241	     -2.68837853	      2.38046245	      0.00791255	      0.07803230	      0.11985417	      0.06864423	      0.27247107	      0.10727764	      0.18566433	      0.06477832	      0.57682993	      0.05291983	      0.53253537	      0.04233128	      0.00791255	      0.08038996	      0.02185885	      0.11568391	      0.34007384	      0.10055698	      0.40143905	      0.08342831	      0.57608881	      0.06293519	      0.01584579	      0.05647931	      0.00831431	      0.04211035	      0.18960924	      0.08590413	      0.00000000	      1.13722375
      0.02200000	     -0.10023862	      0.02521541	      0.90085063	     -0.26584893	      0.37318534	     -0.08913900	     -0.05124167	     -0.00207000	     -0.15867288	      0.02082868	      1.17852278	      0.09917669	     -1.66009755	     -2.58833906	      0.98808447	      1.96662279	     -2.71862201	      2.06486273	      0.00778380	      0.07798229	      0.11783898	      0.06863389	      0.26882103	      0.10736084	      0.18209802	      0.06477298	      0.57480034	      0.05290006	      0.53142055	      0.04227414	      0.00778380	      0.08051153	      0.02156974	      0.11558200	      0.34008484	      0.10042500	      0.40125419	      0.08353292	      0.57584621	      0.06286738	      0.01563972	      0.05642072	      0.00818556	      0.04207774	      0.19312096	      0.08583631	      0.00000000	      1.18151942
      0.02300000	     -0.10022458	      0.02639197	      0.90095289	     -0.26750804	      0.37061631	     -0.08813260	     -0.04927627	     -0.00479930	     -0.15674847	      0.00722974	      1.17459319	      0.10531028	     -1.65780269	     -2.54963270	      1.02420478	      1.96334246	     -2.74107886	      1.79048281	      0.00765505	      0.07793279	      0.11586634	      0.06862384	      0.26527374	      0.10744336	      0.17862379	      0.06476569	      0.57260663	      0.05287943	      0.52993267	      0.04221521	      0.00765505	      0.08063393	      0.02128469	      0.11548100	      0.34008341	      0.10029499	      0.40083887	      0.08363836	      0.57561179	      0.06280125	      0.01543644	      0.05636596	      0.00805681	      0.04204515	      0.19641121	      0.08576317	      0.00000000	      1.22578385
      0.02400000	     -0.10022422	      0.02756456	      0.90106122	     -0.26916366	      0.36808628	     -0.08709218	     -0.04731658	     -0.00755349	     -0.15507966	     -0.00685881	      1.17040506	      0.11133170	     -1.64890148	     -2.50946156	      1.04617788	      1.95461726	     -2.75348592	      1.55284229	      0.00752630	      0.07788391	      0.11393506	      0.06861406	      0.26182541	      0.10752510	      0.17523838	      0.06475651	      0.57026724	      0.05285794	      0.52812172	      0.04215459	      0.00752630	      0.08075724	      0.02100362	      0.11538118	      0.34007843	      0.10016692	      0.40020878	      0.08374433	      0.57538529	      0.06273655	      0.01523592	      0.05631994	      0.00792806	      0.04201257	      0.19940998	      0.08568662	      0.00112476	      1.26979179
      0.02500000	     -0.10023998	      0.02873196	      0.90117543	     -0.27078466	      0.36560191	     -0.08608602	     -0.04537159	     -0.01025746	     -0.15363096	     -0.02461265	      1.16442339	      0.11705308	     -1.59408102	     -2.45946465	      0.97161532	      1.93498811	     -2.66697490	      1.35098332	      0.00739755	      0.07783571	      0.11204400	      0.06860455	      0.25847239	      0.10760588	      0.17193868	      0.06474567	      0.56779791	      0.05283564	      0.52603097	      0.04209243	      0.00739755	      0.08088101	      0.02072649	      0.11528275	      0.34007048	      0.10004076	      0.39937686	      0.08385055	      0.57516643	      0.06267313	      0.01503812	      0.05628527	      0.00779931	      0.04198001	      0.20209601	      0.08560836	      0.01273079	      1.31314170
      0.02600000	     -0.10027334	      0.02989345	      0.90129530	     -0.27235323	      0.36316699	     -0.08514138	     -0.04344753	     -0.01290399	     -0.15236529	     -0.04206314	      1.15856294	      0.12267496	     -1.54353914	     -2.41055876	      0.92002323	      1.91266544	     -2.63467149	      1.18656011	      0.00726880	      0.07778817	      0.11019206	      0.06859529	      0.25521125	      0.10768528	      0.16872173	      0.06473375	      0.56521152	      0.05281258	      0.52369635	      0.04202897	      0.00726880	      0.08100392	      0.02045322	      0.11518593	      0.34006016	      0.09991659	      0.39835225	      0.08395672	      0.57495496	      0.06261090	      0.01484299	      0.05626194	      0.00767056	      0.04194747	      0.20447852	      0.08552973	      0.02295871	      1.35556440
      0.02700000	     -0.10032401	      0.03104912	      0.90142075	     -0.27387252	      0.36078044	     -0.08424240	     -0.04154721	     -0.01553481	     -0.15124549	     -0.05923524	      1.15280957	      0.12821661	     -1.49532273	     -2.36273079	      0.87901493	      1.88751652	     -2.63253962	      1.05910844	      0.00714005	      0.07774134	      0.10837818	      0.06858629	      0.25203868	      0.10776302	      0.16558469	      0.06472119	      0.56251950	      0.05278879	      0.52114905	      0.04196440	      0.00714005	      0.08112573	      0.02018376	      0.11509086	      0.34004807	      0.09979447	      0.39714126	      0.08406263	      0.57475061	      0.06254977	      0.01465051	      0.05624895	      0.00754181	      0.04191494	      0.20657464	      0.08545179	      0.03222122	      1.39694622
      0.02800000	     -0.10039172	      0.03219910	      0.90155170	     -0.27534442	      0.35844113	     -0.08338136	     -0.03967331	     -0.01816971	     -0.15023536	     -0.07612569	      1.14716355	      0.13368238	     -1.44869330	     -2.31610387	      0.84358819	      1.85993551	     -2.64099792	      0.96669891	      0.00701130	      0.07769526	      0.10660133	      0.06857751	      0.24895155	      0.10783895	      0.16252486	      0.06470830	      0.55973105	      0.05276428	      0.51841414	      0.04189881	      0.00701130	      0.08124674	      0.01991806	      0.11499763	      0.34003483	      0.09967441	      0.39574756	      0.08416814	      0.57455314	      0.06248972	      0.01446062	      0.05624520	      0.00741306	      0.04188242	      0.20840106	      0.08537526	      0.04071814	      1.43718585
      0.02900000	     -0.10047617	      0.03334349	      0.90168809	     -0.27677034	      0.35614777	     -0.08255411	     -0.03782792	     -0.02081698	     -0.14930174	     -0.09271708	      1.14163233	      0.13907640	     -1.40330198	     -2.27087465	      0.81105614	      1.83063036	     -2.65877632	      0.90526791	      0.00688255	      0.07764998	      0.10486053	      0.06856897	      0.24594685	      0.10791299	      0.15953965	      0.06469530	      0.55685461	      0.05273905	      0.51551359	      0.04183229	      0.00688255	      0.08136737	      0.01965604	      0.11490627	      0.34002107	      0.09955644	      0.39417356	      0.08427319	      0.57436233	      0.06243070	      0.01427330	      0.05624983	      0.00728431	      0.04184992	      0.20997332	      0.08530062	      0.04856116	      1.47621038
      0.03000000	     -0.10057705	      0.03448240	      0.90182983	     -0.27815146	      0.35389886	     -0.08175821	     -0.03601234	     -0.02348164	     -0.14841625	     -0.10899486	      1.13622238	      0.14439531	     -1.35911324	     -2.22723760	      0.78085429	      1.80046003	     -2.67383632	      0.86950032	      0.00675380	      0.07760558	      0.10315483	      0.06856064	      0.24302174	      0.10798513	      0.15662659	      0.06468236	      0.55389701	      0.05271309	      0.51246489	      0.04176488	      0.00675380	      0.08148797	      0.01939766	      0.11481680	      0.34000744	      0.09944053	      0.39242046	      0.08437777	      0.57417794	      0.06237270	      0.01408850	      0.05626237	      0.00715556	      0.04181744	      0.21130620	      0.08522812	      0.05582087	      1.51398428
      0.03100000	     -0.10069405	      0.03561598	      0.90197685	     -0.27948895	      0.35169270	     -0.08099184	     -0.03422699	     -0.02616406	     -0.14755610	     -0.12493760	      1.13094349	      0.14964250	     -1.31599132	     -2.18540078	      0.75169422	      1.77033982	     -2.69886237	      0.85363285	      0.00662505	      0.07756209	      0.10148329	      0.06855253	      0.24017346	      0.10805536	      0.15378332	      0.06466961	      0.55086464	      0.05268640	      0.50928376	      0.04169663	      0.00662505	      0.08160882	      0.01914286	      0.11472919	      0.33999455	      0.09932667	      0.39048943	      0.08448187	      0.57399975	      0.06231570	      0.01390619	      0.05628275	      0.00702681	      0.04178497	      0.21241412	      0.08515786	      0.06255195	      1.55051116
      0.03200000	     -0.10082682	      0.03674433	      0.90212908	     -0.28078392	      0.34952743	     -0.08025371	     -0.03247139	     -0.02886726	     -0.14670412	     -0.14053961	      1.12579827	      0.15480691	     -1.27409708	     -2.14549030	      0.72450557	      1.74106294	     -2.71225355	      0.85230080	      0.00649630	      0.07751956	      0.09984504	      0.06854462	      0.23739943	      0.10812372	      0.15100757	      0.06465715	      0.54776278	      0.05265896	      0.50598324	      0.04162757	      0.00649630	      0.08173011	      0.01889159	      0.11464339	      0.33998303	      0.09921483	      0.38838175	      0.08458554	      0.57382756	      0.06225970	      0.01372633	      0.05631076	      0.00689806	      0.04175252	      0.21331175	      0.08508986	      0.06879599	      1.58583043
      0.03300000	     -0.10097501	      0.03786762	      0.90228644	     -0.28203752	      0.34740104	     -0.07954248	     -0.03074434	     -0.03158936	     -0.14584828	     -0.15578365	      1.12079470	      0.15989131	     -1.23328165	     -2.10764137	      0.69804778	      1.71334426	     -2.73368080	      0.86061249	      0.00636755	      0.07747803	      0.09823921	      0.06853691	      0.23469712	      0.10819024	      0.14829718	      0.06464506	      0.54459638	      0.05263077	      0.50257562	      0.04155773	      0.00636755	      0.08185198	      0.01864379	      0.11455937	      0.33997350	      0.09910496	      0.38609961	      0.08468883	      0.57366116	      0.06220467	      0.01355198	      0.05634588	      0.00676931	      0.04172009	      0.21401435	      0.08502403	      0.07459326	      1.62001034
      0.03400000	     -0.10113826	      0.03898597	      0.90244884	     -0.28325088	      0.34531144	     -0.07885707	     -0.02904401	     -0.03433129	     -0.14498102	     -0.17066701	      1.11593406	      0.16488660	     -1.19361344	     -2.07190329	      0.67274656	      1.68770441	     -2.75374531	      0.87454231	      0.00623880	      0.07743753	      0.09666496	      0.06852939	      0.23206417	      0.10825496	      0.14565006	      0.06463339	      0.54136968	      0.05260180	      0.49907152	      0.04148714	      0.00623880	      0.08197451	      0.01839940	      0.11447706	      0.33996655	      0.09899699	      0.38364572	      0.08479179	      0.57350036	      0.06215061	      0.01339730	      0.05638736	      0.00664056	      0.04168766	      0.21453788	      0.08496027	      0.07997718	      1.65314079
      0.03500000	     -0.10131622	      0.04009954	      0.90261618	     -0.28442515	      0.34325652	     -0.07819643	     -0.02736812	     -0.03709278	     -0.14409839	     -0.18518663	      1.11121778	      0.16978644	     -1.15507866	     -2.03829461	      0.64850388	      1.66452388	     -2.77280936	      0.89088090	      0.00611005	      0.07739809	      0.09512151	      0.06852206	      0.22949828	      0.10831792	      0.14306423	      0.06462217	      0.53808655	      0.05257204	      0.49548076	      0.04141580	      0.00611005	      0.08209776	      0.01815839	      0.11439642	      0.33996284	      0.09889086	      0.38101687	      0.08489449	      0.57334495	      0.06209748	      0.01327551	      0.05643436	      0.00651181	      0.04165526	      0.21489876	      0.08489844	      0.08497904	      1.68532577
      0.03600000	     -0.10150852	      0.04120845	      0.90278837	     -0.28556144	      0.34123416	     -0.07755954	     -0.02571407	     -0.03987295	     -0.14319926	     -0.19934052	      1.10664674	      0.17458547	     -1.11762714	     -2.00680133	      0.62501454	      1.64404005	     -2.79531419	      0.90719710	      0.00598130	      0.07735972	      0.09360806	      0.06851490	      0.22699726	      0.10837919	      0.14053778	      0.06461144	      0.53475487	      0.05254148	      0.49182468	      0.04134375	      0.00598130	      0.08222174	      0.01792070	      0.11431737	      0.33996657	      0.09878651	      0.37815426	      0.08499711	      0.57319477	      0.06204526	      0.01319140	      0.05648599	      0.00638306	      0.04162287	      0.21511361	      0.08483841	      0.08962771	      1.71667691
      0.03700000	     -0.10171479	      0.04231287	      0.90296531	     -0.28666084	      0.33924225	     -0.07694555	     -0.02407912	     -0.04267270	     -0.14228453	     -0.21313494	      1.10221786	      0.17927177	     -1.08132586	     -1.97735831	      0.60287024	      1.62634638	     -2.80876335	      0.92184873	      0.00585255	      0.07732243	      0.09212388	      0.06850791	      0.22455901	      0.10843880	      0.13806887	      0.06460121	      0.53138155	      0.05251010	      0.48812325	      0.04127097	      0.00585255	      0.08234648	      0.01768627	      0.11423986	      0.33999010	      0.09868384	      0.37507100	      0.08509986	      0.57304963	      0.06199390	      0.01314423	      0.05654147	      0.00625431	      0.04159050	      0.21519882	      0.08478006	      0.09394814	      1.74730843
      0.03800000	     -0.10193467	      0.04341294	      0.90314688	     -0.28772445	      0.33727878	     -0.07635350	     -0.02246044	     -0.04548986	     -0.14135648	     -0.22656653	      1.09793246	      0.18384348	     -1.04604463	     -1.94991555	      0.58124202	      1.61146762	     -2.82770106	      0.93372050	      0.00572380	      0.07728622	      0.09066822	      0.06850109	      0.22218153	      0.10849681	      0.13565576	      0.06459149	      0.52796987	      0.05247789	      0.48438752	      0.04119747	      0.00572380	      0.08247197	      0.01745507	      0.11416384	      0.34003429	      0.09858277	      0.37177946	      0.08520286	      0.57290936	      0.06194337	      0.01313094	      0.05660007	      0.00612556	      0.04155814	      0.21519373	      0.08472326	      0.09796524	      1.77733282
      0.03900000	     -0.10216780	      0.04450879	      0.90333295	     -0.28875330	      0.33534179	     -0.07578262	     -0.02085528	     -0.04832434	     -0.14041821	     -0.23964120	      1.09378749	      0.18829153	     -1.01179173	     -1.92437796	      0.56034460	      1.59932489	     -2.84687086	      0.94219080	      0.00559505	      0.07725110	      0.08924038	      0.06849442	      0.21986289	      0.10855326	      0.13329674	      0.06458228	      0.52452139	      0.05244481	      0.48062416	      0.04112325	      0.00563345	      0.08259819	      0.01722703	      0.11408925	      0.34009988	      0.09848321	      0.36829181	      0.08530620	      0.57277380	      0.06189361	      0.01335974	      0.05666049	      0.00599681	      0.04152580	      0.21517057	      0.08466785	      0.10170019	      1.80685823
      0.04000000	     -0.10241384	      0.04560056	      0.90352341	     -0.28974842	      0.33342943	     -0.07523219	     -0.01926093	     -0.05117581	     -0.13947339	     -0.25236552	      1.08977951	      0.19260799	     -0.97855652	     -1.90064322	      0.54028118	      1.58981396	     -2.86303254	      0.94669936	      0.00546630	      0.07721705	      0.08783970	      0.06848792	      0.21760123	      0.10860821	      0.13099021	      0.06457358	      0.52103706	      0.05241087	      0.47683779	      0.04104830	      0.00559100	      0.08272512	      0.01700212	      0.11401604	      0.34018745	      0.09838506	      0.36462017	      0.08540994	      0.57264279	      0.06184459	      0.01390925	      0.05672072	      0.00586806	      0.04149347	      0.21513015	      0.08461369	      0.10517245	      1.83598691
      0.04100000	     -0.10267242	      0.04668839	      0.90371812	     -0.29071078	      0.33153994	     -0.07470149	     -0.01767482	     -0.05404323	     -0.13852629	     -0.26474500	      1.08590559	      0.19678746	     -0.94628664	     -1.87861046	      0.52086714	      1.58282638	     -2.87859247	      0.94670218	      0.00533755	      0.07718407	      0.08646549	      0.06848156	      0.21539479	      0.10866171	      0.12873460	      0.06456538	      0.51751743	      0.05237603	      0.47303172	      0.04097262	      0.00566654	      0.08285275	      0.01678028	      0.11394418	      0.34029748	      0.09828824	      0.36077660	      0.08551411	      0.57251617	      0.06179624	      0.01467877	      0.05677917	      0.00573931	      0.04146116	      0.21507333	      0.08456067	      0.10840013	      1.86481529
      0.04200000	     -0.10294322	      0.04777241	      0.90391694	     -0.29164135	      0.32967169	     -0.07418991	     -0.01609449	     -0.05692583	     -0.13758156	     -0.27678713	      1.08216187	      0.20082382	     -0.91494764	     -1.85816741	      0.50206069	      1.57821813	     -2.89324056	      0.94191951	      0.00520880	      0.07715214	      0.08511713	      0.06847535	      0.21324185	      0.10871379	      0.12652841	      0.06455767	      0.51396310	      0.05234029	      0.46920876	      0.04089620	      0.00645315	      0.08298103	      0.01656148	      0.11387361	      0.34043032	      0.09819266	      0.35677318	      0.08561874	      0.57239380	      0.06174850	      0.01558682	      0.05683504	      0.00561056	      0.04142886	      0.21500100	      0.08450869	      0.11139952	      1.89343377
      0.04300000	     -0.10322589	      0.04885275	      0.90411972	     -0.29254102	      0.32782313	     -0.07369686	     -0.01451766	     -0.05982274	     -0.13664400	     -0.28849974	      1.07854432	      0.20471140	     -0.88450261	     -1.83919546	      0.48380424	      1.57580154	     -2.90706008	      0.93241294	      0.00508005	      0.07712124	      0.08379399	      0.06846928	      0.21114078	      0.10876451	      0.12437021	      0.06455045	      0.51037447	      0.05230363	      0.46537092	      0.04081903	      0.00794854	      0.08310994	      0.01634566	      0.11380429	      0.34058623	      0.09809825	      0.35262168	      0.08572382	      0.57227553	      0.06170134	      0.01656900	      0.05688809	      0.00548181	      0.04139658	      0.21491400	      0.08445769	      0.11418554	      1.92192579
      0.04400000	     -0.10352011	      0.04992954	      0.90432631	     -0.29341068	      0.32599286	     -0.07322181	     -0.01294224	     -0.06273309	     -0.13571816	     -0.29989095	      1.07504880	      0.20844485	     -0.85491682	     -1.82157184	      0.46605280	      1.57534916	     -2.91997494	      0.91856200	      0.00495130	      0.07709136	      0.08249547	      0.06846335	      0.20909002	      0.10881391	      0.12225860	      0.06454369	      0.50675221	      0.05226602	      0.46152020	      0.04074111	      0.01014951	      0.08323939	      0.01613278	      0.11373618	      0.34076535	      0.09800492	      0.34833380	      0.08582936	      0.57216123	      0.06165468	      0.01757646	      0.05693845	      0.00535306	      0.04136432	      0.21481316	      0.08440763	      0.11677180	      1.95036673
      0.04500000	     -0.10382557	      0.05100289	      0.90453655	     -0.29425116	      0.32417959	     -0.07276435	     -0.01136640	     -0.06565565	     -0.13480809	     -0.31097442	      1.07166852	      0.21201724	     -0.82610157	     -1.80515698	      0.44853696	      1.57659255	     -2.93084771	      0.90099263	      0.00482255	      0.07706247	      0.08122100	      0.06845755	      0.20708804	      0.10886202	      0.12019227	      0.06453739	      0.50309694	      0.05222747	      0.45765814	      0.04066244	      0.01275556	      0.08335592	      0.01592280	      0.11366925	      0.34096775	      0.09791259	      0.34392084	      0.08593534	      0.57205075	      0.06160847	      0.01857384	      0.05698643	      0.00522431	      0.04133207	      0.21469925	      0.08435849	      0.11917013	      1.97882286
      0.04600000	     -0.10414197	      0.05207291	      0.90475028	     -0.29506312	      0.32238221	     -0.07232460	     -0.00978860	     -0.06858725	     -0.13391713	     -0.32177542	      1.06839121	      0.21541733	     -0.79786349	     -1.78978042	      0.43056505	      1.57922377	     -2.93778463	      0.88048229	      0.00469380	      0.07703454	      0.07997000	      0.06845188	      0.20513339	      0.10890890	      0.11816991	      0.06453154	      0.49940939	      0.05218796	      0.45378610	      0.04058300	      0.01552237	      0.08345531	      0.01571568	      0.11360347	      0.34119345	      0.09782121	      0.33939379	      0.08604175	      0.57194398	      0.06156266	      0.01953706	      0.05703247	      0.00509556	      0.04129984	      0.21457302	      0.08431025	      0.12138642	      2.00734992
      0.04700000	     -0.10446904	      0.05313970	      0.90496732	     -0.29584708	      0.32059974	     -0.07190318	     -0.00820760	     -0.07152381	     -0.13304782	     -0.33231216	      1.06520796	      0.21863578	     -0.77010835	     -1.77529952	      0.41189352	      1.58295982	     -2.94065642	      0.85783281	      0.00456505	      0.07700755	      0.07874193	      0.06844633	      0.20322467	      0.10895457	      0.11619031	      0.06452614	      0.49569044	      0.05214749	      0.44990531	      0.04050280	      0.01841857	      0.08354311	      0.01551137	      0.11353879	      0.34144236	      0.09773069	      0.33476324	      0.08614857	      0.57184078	      0.06151719	      0.02045085	      0.05707699	      0.00496681	      0.04126762	      0.21443514	      0.08426291	      0.12342190	      2.03599302
      0.04800000	     -0.10480651	      0.05420335	      0.90518749	     -0.29660352	      0.31883136	     -0.07150076	     -0.00662241	     -0.07446152	     -0.13220190	     -0.34259638	      1.06211297	      0.22166576	     -0.74281335	     -1.76159967	      0.39257713	      1.58755168	     -2.93996630	      0.83380477	      0.00443630	      0.07698146	      0.07753625	      0.06844090	      0.20136054	      0.10899907	      0.11425225	      0.06452117	      0.49194092	      0.05210604	      0.44601665	      0.04042187	      0.02141971	      0.08362298	      0.01530984	      0.11347519	      0.34171437	      0.09764098	      0.33003926	      0.08625577	      0.57174103	      0.06147202	      0.02130658	      0.05712041	      0.00483806	      0.04123542	      0.21428626	      0.08421649	      0.12527793	      2.06478791
      0.04900000	     -0.10515415	      0.05526395	      0.90541059	     -0.29733290	      0.31707632	     -0.07111793	     -0.00503229	     -0.07739711	     -0.13138042	     -0.35263596	      1.05910230	      0.22450254	     -0.71598551	     -1.74858730	      0.37277352	      1.59278422	     -2.93634353	      0.80907708	      0.00430755	      0.07695625	      0.07635246	      0.06843559	      0.19953971	      0.10904243	      0.11235461	      0.06451666	      0.48816193	      0.05206363	      0.44212119	      0.04034023	      0.02450566	      0.08369737	      0.01511103	      0.11341265	      0.34200930	      0.09755203	      0.32523161	      0.08636332	      0.57164463	      0.06142711	      0.02210031	      0.05716309	      0.00470931	      0.04120323	      0.21412698	      0.08417100	      0.12695778	      2.09376216
      0.05000000	     -0.10551171	      0.05632158	      0.90563643	     -0.29803569	      0.31533399	     -0.07075506	     -0.00343669	     -0.08032775	     -0.13058377	     -0.36243562	      1.05617352	      0.22714371	     -0.68963192	     -1.73618833	      0.35258126	      1.59847810	     -2.93206722	      0.78421632	      0.00417880	      0.07693187	      0.07519005	      0.06843040	      0.19776091	      0.10908469	      0.11049626	      0.06451260	      0.48435462	      0.05202026	      0.43821979	      0.04025790	      0.02766051	      0.08376789	      0.01491492	      0.11335113	      0.34232694	      0.09746378	      0.32034952	      0.08647119	      0.57155145	      0.06138240	      0.02283490	      0.05720534	      0.00458056	      0.04117106	      0.21395784	      0.08412645	      0.12846699	      2.12293629
      0.05100000	     -0.10587895	      0.05737632	      0.90586481	     -0.29871238	      0.31360378	     -0.07041243	     -0.00183524	     -0.08325207	     -0.12981185	     -0.37200211	      1.05332326	      0.22958541	     -0.66380379	     -1.72433091	      0.33240578	      1.60447616	     -2.92199420	      0.75969354	      0.00405005	      0.07690828	      0.07404854	      0.06842531	      0.19602296	      0.10912586	      0.10867614	      0.06450902	      0.48052022	      0.05197594	      0.43431326	      0.04017493	      0.03087159	      0.08383562	      0.01472146	      0.11329060	      0.34266704	      0.09737620	      0.31540176	      0.08657933	      0.57146139	      0.06133787	      0.02352229	      0.05724737	      0.00445181	      0.04113890	      0.21377936	      0.08408285	      0.12981260	      2.15232506
      0.05200000	     -0.10625564	      0.05842825	      0.90609553	     -0.29936349	      0.31188517	     -0.07009008	     -0.00022768	     -0.08616724	     -0.12906415	     -0.38133406	      1.05055198	      0.23183054	     -0.63846206	     -1.71297842	      0.31196154	      1.61067381	     -2.91588481	      0.73579138	      0.00392130	      0.07688546	      0.07292744	      0.06842033	      0.19432468	      0.10916598	      0.10689323	      0.06450591	      0.47666005	      0.05193068	      0.43040240	      0.04009136	      0.03412854	      0.08390131	      0.01453062	      0.11323103	      0.34302930	      0.09728922	      0.31039664	      0.08668772	      0.57137434	      0.06129349	      0.02417978	      0.05728928	      0.00432306	      0.04110676	      0.21359201	      0.08404020	      0.13100371	      2.18193832
      0.05300000	     -0.10664154	      0.05947745	      0.90632840	     -0.29998954	      0.31017768	     -0.06978806	      0.00138614	     -0.08907351	     -0.12834005	     -0.39043986	      1.04785556	      0.23387508	     -0.61368594	     -1.70207879	      0.29186074	      1.61700757	     -2.90218346	      0.71235307	      0.00379255	      0.07686336	      0.07182632	      0.06841546	      0.19266497	      0.10920507	      0.10514652	      0.06450328	      0.47277556	      0.05188450	      0.42648801	      0.04000723	      0.03742289	      0.08396544	      0.01434235	      0.11317241	      0.34341341	      0.09720283	      0.30534198	      0.08679631	      0.57129021	      0.06124921	      0.02482488	      0.05733106	      0.00419431	      0.04107472	      0.21339621	      0.08399853	      0.13204939	      2.21178276
      0.05400000	     -0.10703644	      0.06052399	      0.90656321	     -0.30059106	      0.30848085	     -0.06950620	      0.00300646	     -0.09196853	     -0.12764009	     -0.39931654	      1.04523526	      0.23572537	     -0.58942416	     -1.69167880	      0.27173638	      1.62375433	     -2.89130803	      0.68686285	      0.00366380	      0.07684195	      0.07074471	      0.06841069	      0.19104275	      0.10924315	      0.10343507	      0.06450115	      0.46886827	      0.05183741	      0.42257089	      0.03992259	      0.04074761	      0.08402837	      0.01415662	      0.11311470	      0.34381905	      0.09711699	      0.30024515	      0.08690507	      0.57120888	      0.06120502	      0.02547244	      0.05737263	      0.00406556	      0.04104340	      0.21319238	      0.08395782	      0.13296015	      2.24186818
      0.05500000	     -0.10744010	      0.06156795	      0.90679978	     -0.30116859	      0.30679414	     -0.06924436	      0.00463397	     -0.09485192	     -0.12696842	     -0.40796710	      1.04268953	      0.23738378	     -0.56569852	     -1.68186329	      0.25177870	      1.63148500	     -2.88027082	      0.65508669	      0.00353505	      0.07682120	      0.06968220	      0.06840602	      0.18945697	      0.10928026	      0.10175793	      0.06449952	      0.46493982	      0.05178944	      0.41865187	      0.03983749	      0.04409673	      0.08409036	      0.01397339	      0.11305788	      0.34424585	      0.09703166	      0.29511307	      0.08701397	      0.57113028	      0.06116090	      0.02613329	      0.05741384	      0.00393681	      0.04101414	      0.21298092	      0.08391809	      0.13374618	      2.27222108
      0.05600000	     -0.10785230	      0.06260939	      0.90703791	     -0.30172267	      0.30511692	     -0.06900233	      0.00626991	     -0.09772312	     -0.12633304	     -0.41639415	      1.04021703	      0.23885227	     -0.54251446	     -1.67269496	      0.23206146	      1.64067331	     -2.86835832	      0.61402343	      0.00340630	      0.07680107	      0.06863835	      0.06840144	      0.18790663	      0.10931640	      0.10011423	      0.06449839	      0.46099191	      0.05174061	      0.41473189	      0.03975197	      0.04743986	      0.08415167	      0.01379263	      0.11300193	      0.34469345	      0.09694681	      0.28995213	      0.08712298	      0.57105431	      0.06111681	      0.02681396	      0.05745447	      0.00380806	      0.04098836	      0.21276220	      0.08387938	      0.13441779	      2.30288945
      0.05700000	     -0.10827282	      0.06364840	      0.90727742	     -0.30225383	      0.30344855	     -0.06877987	      0.00791580	     -0.10058167	     -0.12574338	     -0.42460187	      1.03781574	      0.24013078	     -0.51987114	     -1.66414217	      0.21262659	      1.65132952	     -2.85536584	      0.56395900	      0.00327755	      0.07678155	      0.06761276	      0.06839695	      0.18639077	      0.10935162	      0.09850308	      0.06449776	      0.45702652	      0.05169095	      0.41081227	      0.03966609	      0.05074337	      0.08421266	      0.01361430	      0.11294683	      0.34516149	      0.09686242	      0.28476804	      0.08723207	      0.57098087	      0.06107274	      0.02751709	      0.05749427	      0.00367931	      0.04096701	      0.21253659	      0.08384173	      0.13498523	      2.33393178
      0.05800000	     -0.10870144	      0.06468504	      0.90751811	     -0.30276262	      0.30178848	     -0.06857671	      0.00957290	     -0.10342713	     -0.12520706	     -0.43259586	      1.03548299	      0.24121803	     -0.49776344	     -1.65608293	      0.19350022	      1.66299284	     -2.84137579	      0.50805254	      0.00314880	      0.07676259	      0.06660504	      0.06839256	      0.18490845	      0.10938592	      0.09692366	      0.06449762	      0.45304587	      0.05164048	      0.40689488	      0.03957990	      0.05398876	      0.08427371	      0.01343836	      0.11289256	      0.34564962	      0.09677845	      0.27956600	      0.08734124	      0.57090989	      0.06102865	      0.02824212	      0.05753298	      0.00355056	      0.04095032	      0.21230447	      0.08380523	      0.13545852	      2.36539854
      0.05900000	     -0.10913795	      0.06571939	      0.90775979	     -0.30324956	      0.30013628	     -0.06839256	      0.01124188	     -0.10625914	     -0.12472774	     -0.44038195	      1.03321602	      0.24211311	     -0.47618339	     -1.64835541	      0.17469350	      1.67496353	     -2.82678784	      0.45068395	      0.00302005	      0.07674418	      0.06561479	      0.06838826	      0.18345877	      0.10941932	      0.09537516	      0.06449799	      0.44905242	      0.05158923	      0.40298197	      0.03949343	      0.05716637	      0.08433513	      0.01326478	      0.11283912	      0.34615747	      0.09669488	      0.27435077	      0.08745046	      0.57084128	      0.06098452	      0.02898614	      0.05757036	      0.00342181	      0.04093803	      0.21206617	      0.08376996	      0.13584746	      2.39731808
      0.06000000	     -0.10958214	      0.06675150	      0.90800227	     -0.30371518	      0.29849171	     -0.06822709	      0.01292269	     -0.10907748	     -0.12430477	     -0.44796551	      1.03101226	      0.24281613	     -0.45512671	     -1.64080611	      0.15624077	      1.68654361	     -2.81135835	      0.39600333	      0.00289130	      0.07672629	      0.06464165	      0.06838404	      0.18204085	      0.10945186	      0.09385679	      0.06449885	      0.44504877	      0.05153722	      0.39907609	      0.03940675	      0.06027170	      0.08439718	      0.01309353	      0.11278648	      0.34668468	      0.09661168	      0.26912677	      0.08755973	      0.57077496	      0.06094033	      0.02974462	      0.05760621	      0.00329306	      0.04092961	      0.21182206	      0.08373601	      0.13616154	      2.42969175
      0.06100000	     -0.11003381	      0.06778143	      0.90824536	     -0.30415998	      0.29685465	     -0.06808001	      0.01461465	     -0.11188297	     -0.12393380	     -0.45535369	      1.02886831	      0.24332643	     -0.43462139	     -1.63331020	      0.13841035	      1.69718118	     -2.78861506	      0.34715429	      0.00276255	      0.07670889	      0.06368524	      0.06837990	      0.18065385	      0.10948354	      0.09236781	      0.06450020	      0.44103767	      0.05148450	      0.39518000	      0.03931989	      0.06330314	      0.08446002	      0.01292458	      0.11273465	      0.34723089	      0.09652884	      0.26389818	      0.08766903	      0.57071086	      0.06089605	      0.03051218	      0.05764043	      0.00316431	      0.04092444	      0.21157248	      0.08370344	      0.13640977	      2.46249641
      0.06200000	     -0.11049277	      0.06880926	      0.90848887	     -0.30458450	      0.29522507	     -0.06795081	      0.01631665	     -0.11467192	     -0.12360799	     -0.46253623	      1.02678905	      0.24365655	     -0.41454550	     -1.62584032	      0.12030495	      1.70656691	     -2.78264550	      0.30583003	      0.00263380	      0.07669197	      0.06274521	      0.06837585	      0.17929695	      0.10951438	      0.09090747	      0.06450204	      0.43702181	      0.05143109	      0.39129641	      0.03923289	      0.06626103	      0.08452381	      0.01275788	      0.11268360	      0.34779572	      0.09644633	      0.25866884	      0.08777834	      0.57064890	      0.06085168	      0.03128328	      0.05767299	      0.00303556	      0.04092192	      0.21131777	      0.08367231	      0.13660137	      2.49569113
      0.06300000	     -0.11095882	      0.06983503	      0.90873261	     -0.30498926	      0.29360298	     -0.06783915	      0.01802731	     -0.11744512	     -0.12331938	     -0.46951694	      1.02477271	      0.24380860	     -0.39493141	     -1.61836680	      0.10219280	      1.71456937	     -2.78737775	      0.27269296	      0.00250505	      0.07667550	      0.06182122	      0.06837187	      0.17796937	      0.10954441	      0.08947508	      0.06450435	      0.43300401	      0.05137702	      0.38742818	      0.03914580	      0.06914618	      0.08458860	      0.01259341	      0.11263330	      0.34837881	      0.09636414	      0.25344248	      0.08788767	      0.57058901	      0.06080720	      0.03205293	      0.05770393	      0.00290682	      0.04092150	      0.21105827	      0.08364262	      0.13674449	      2.52922506
      0.06400000	     -0.11143176	      0.07085881	      0.90897641	     -0.30537471	      0.29198840	     -0.06774493	      0.01974527	     -0.12020998	     -0.12305985	     -0.47632104	      1.02280729	      0.24376967	     -0.37600539	     -1.61082201	      0.08583771	      1.72114536	     -2.75530753	      0.24754964	      0.00237630	      0.07665946	      0.06091293	      0.06836798	      0.17667034	      0.10957363	      0.08806994	      0.06450713	      0.42898694	      0.05132232	      0.38357790	      0.03905865	      0.07196051	      0.08465444	      0.01243114	      0.11258374	      0.34897978	      0.09628226	      0.24822248	      0.08799698	      0.57053112	      0.06076262	      0.03281715	      0.05773335	      0.00277934	      0.04092275	      0.21079342	      0.08361438	      0.13684649	      2.56304539
      0.06500000	     -0.11191139	      0.07188067	      0.90922010	     -0.30574142	      0.29038132	     -0.06766747	      0.02146920	     -0.12295933	     -0.12282199	     -0.48292295	      1.02090502	      0.24356312	     -0.35753989	     -1.60332234	      0.06949321	      1.72651463	     -2.73361897	      0.22926029	      0.00224755	      0.07664385	      0.06002001	      0.06836416	      0.17539913	      0.10960207	      0.08669139	      0.06451037	      0.42497332	      0.05126703	      0.37974821	      0.03897149	      0.07470568	      0.08472135	      0.01227103	      0.11253489	      0.34959825	      0.09620068	      0.24301214	      0.08810628	      0.57047516	      0.06071794	      0.03357293	      0.05776140	      0.00265807	      0.04092528	      0.21052004	      0.08358755	      0.13691551	      2.59710128
      0.06600000	     -0.11239753	      0.07290065	      0.90946349	     -0.30608989	      0.28878170	     -0.06760636	      0.02319798	     -0.12569256	     -0.12259954	     -0.48931993	      1.01906730	      0.24319586	     -0.33951753	     -1.59592110	      0.05303780	      1.73088845	     -2.72625794	      0.21647015	      0.00211880	      0.07662863	      0.05914215	      0.06836041	      0.17415502	      0.10962974	      0.08533879	      0.06451406	      0.42096576	      0.05121117	      0.37594156	      0.03888434	      0.07738368	      0.08478932	      0.01211306	      0.11248672	      0.35023385	      0.09611940	      0.23783947	      0.08821552	      0.57042107	      0.06067316	      0.03431761	      0.05778822	      0.00255039	      0.04092882	      0.21023331	      0.08356209	      0.13695857	      2.63134910
      0.06700000	     -0.11288997	      0.07391882	      0.90970643	     -0.30642062	      0.28718944	     -0.06756129	      0.02493071	     -0.12841253	     -0.12238767	     -0.49552175	      1.01728970	      0.24266639	     -0.32201471	     -1.58863342	      0.03709366	      1.73446777	     -2.71605882	      0.20782704	      0.00199005	      0.07661379	      0.05827902	      0.06835673	      0.17293732	      0.10965666	      0.08401151	      0.06451819	      0.41696681	      0.05115477	      0.37216021	      0.03879723	      0.07999674	      0.08485833	      0.01195719	      0.11243920	      0.35088620	      0.09603841	      0.23282137	      0.08832437	      0.57036878	      0.06062831	      0.03504822	      0.05781399	      0.00246279	      0.04093316	      0.20992914	      0.08353795	      0.13698209	      2.66575368
      0.06800000	     -0.11338851	      0.07493525	      0.90994877	     -0.30673411	      0.28560440	     -0.06753188	      0.02666671	     -0.13112002	     -0.12218294	     -0.50153379	      1.01557012	      0.24197779	     -0.30503624	     -1.58147984	      0.02177484	      1.73744335	     -2.69935879	      0.20199710	      0.00186130	      0.07659932	      0.05743034	      0.06835313	      0.17174536	      0.10968283	      0.08270896	      0.06452276	      0.41297888	      0.05109788	      0.36840624	      0.03871019	      0.08254751	      0.08492833	      0.01180340	      0.11239229	      0.35155492	      0.09595770	      0.22795141	      0.08843248	      0.57031824	      0.06058339	      0.03576140	      0.05783888	      0.00239865	      0.04093812	      0.20960578	      0.08351509	      0.13699222	      2.70028800
      0.06900000	     -0.11389297	      0.07594998	      0.91019034	     -0.30703085	      0.28402643	     -0.06751763	      0.02840546	     -0.13381193	     -0.12198314	     -0.50735077	      1.01391180	      0.24114139	     -0.28848012	     -1.57450528	      0.00639493	      1.74000363	     -2.69553567	      0.19775011	      0.00173255	      0.07658521	      0.05659580	      0.06834959	      0.17057849	      0.10970828	      0.08143054	      0.06452775	      0.40900433	      0.05104050	      0.36468155	      0.03862325	      0.08503900	      0.08499928	      0.01165165	      0.11234598	      0.35223963	      0.09587728	      0.22322347	      0.08853968	      0.57026939	      0.06053842	      0.03645399	      0.05786306	      0.00235822	      0.04094358	      0.20926374	      0.08349343	      0.13699475	      2.73493175
      0.07000000	     -0.11440316	      0.07696308	      0.91043099	     -0.30731130	      0.28245536	     -0.06751836	      0.03014659	     -0.13649359	     -0.12178715	     -0.51299588	      1.01230441	      0.24014899	     -0.27246422	     -1.56765625	     -0.00801024	      1.74222148	     -2.67390906	      0.19426956	      0.00160380	      0.07657143	      0.05577512	      0.06834612	      0.16943609	      0.10973302	      0.08017569	      0.06453314	      0.40504537	      0.05098267	      0.36098786	      0.03853644	      0.08747446	      0.08507111	      0.01150191	      0.11230023	      0.35293997	      0.09579713	      0.21863180	      0.08864589	      0.57022216	      0.06049341	      0.03712377	      0.05788668	      0.00233965	      0.04094945	      0.20890503	      0.08347292	      0.13699496	      2.76967059
      0.07100000	     -0.11491890	      0.07797461	      0.91067059	     -0.30757592	      0.28089106	     -0.06753360	      0.03188982	     -0.13916163	     -0.12159461	     -0.51846472	      1.01075090	      0.23901158	     -0.25687827	     -1.56095843	     -0.02217241	      1.74420773	     -2.65515692	      0.19080213	      0.00147505	      0.07655798	      0.05496802	      0.06834271	      0.16831754	      0.10975706	      0.07894385	      0.06453894	      0.40110414	      0.05092442	      0.35732670	      0.03844976	      0.08985729	      0.08514375	      0.01135417	      0.11225502	      0.35365557	      0.09571725	      0.21417092	      0.08875109	      0.57017652	      0.06044837	      0.03776998	      0.05790989	      0.00234536	      0.04095564	      0.20853238	      0.08345350	      0.13699783	      2.80449352
      0.07200000	     -0.11544003	      0.07898461	      0.91090897	     -0.30782515	      0.27933339	     -0.06756295	      0.03363495	     -0.14181430	     -0.12140573	     -0.52375884	      1.00925134	      0.23773587	     -0.24166093	     -1.55441175	     -0.03644257	      1.74601816	     -2.64942116	      0.18684777	      0.00134630	      0.07654485	      0.05417422	      0.06833937	      0.16722225	      0.10978041	      0.07773450	      0.06454512	      0.39718255	      0.05086576	      0.35369931	      0.03836325	      0.09219120	      0.08521712	      0.01120838	      0.11221032	      0.35438607	      0.09563764	      0.20983566	      0.08885530	      0.57013239	      0.06040332	      0.03839357	      0.05793280	      0.00258843	      0.04096208	      0.20814871	      0.08343512	      0.13700788	      2.83939208
      0.07300000	     -0.11596637	      0.07999313	      0.91114601	     -0.30805940	      0.27778221	     -0.06760624	      0.03538179	     -0.14445599	     -0.12122113	     -0.52889896	      1.00779664	      0.23631515	     -0.22689808	     -1.54795169	     -0.05002976	      1.74763141	     -2.63226157	      0.18224670	      0.00121755	      0.07653201	      0.05339346	      0.06833608	      0.16614966	      0.10980309	      0.07654712	      0.06455169	      0.39328266	      0.05080671	      0.35010718	      0.03827692	      0.09447863	      0.08529114	      0.01106453	      0.11216611	      0.35513110	      0.09555829	      0.20562111	      0.08895855	      0.57008974	      0.06035827	      0.03899700	      0.05795551	      0.00302283	      0.04096871	      0.20775674	      0.08341774	      0.13702954	      2.87435917
      0.07400000	     -0.11649777	      0.08100022	      0.91138156	     -0.30827906	      0.27623745	     -0.06766305	      0.03713016	     -0.14708312	     -0.12104152	     -0.53388095	      1.00638956	      0.23475958	     -0.21248729	     -1.54158771	     -0.06361392	      1.74906669	     -2.62377387	      0.17681755	      0.00108880	      0.07651946	      0.05262548	      0.06833286	      0.16509921	      0.10982510	      0.07538120	      0.06455863	      0.38940633	      0.05074730	      0.34655152	      0.03819079	      0.09672229	      0.08536572	      0.01092258	      0.11212237	      0.35589030	      0.09547919	      0.20152261	      0.08906087	      0.57004851	      0.06031322	      0.03958393	      0.05797808	      0.00360838	      0.04097546	      0.20735889	      0.08340129	      0.13706670	      2.90938727
      0.07500000	     -0.11703409	      0.08200592	      0.91161548	     -0.30848451	      0.27469902	     -0.06773323	      0.03887985	     -0.14969893	     -0.12086774	     -0.53872154	      1.00502285	      0.23306480	     -0.19848522	     -1.53526259	     -0.07664219	      1.75027295	     -2.60627341	      0.17063491	      0.00096005	      0.07650720	      0.05187003	      0.06832970	      0.16407035	      0.10984647	      0.07423626	      0.06456592	      0.38555477	      0.05068755	      0.34303247	      0.03810487	      0.09892716	      0.08544078	      0.01078251	      0.11207907	      0.35666334	      0.09540035	      0.19753575	      0.08916232	      0.57000865	      0.06026819	      0.04015871	      0.05800057	      0.00431202	      0.04098230	      0.20695717	      0.08338574	      0.13712330	      2.94446851
      0.07600000	     -0.11757517	      0.08301028	      0.91184765	     -0.30867613	      0.27316690	     -0.06781639	      0.04063063	     -0.15230004	     -0.12070051	     -0.54341717	      1.00369894	      0.23124000	     -0.18480274	     -1.52898181	     -0.08970626	      1.75124288	     -2.59769155	      0.16371095	      0.00083130	      0.07649519	      0.05112686	      0.06832660	      0.16306258	      0.10986719	      0.07311181	      0.06457357	      0.38172958	      0.05062746	      0.33955093	      0.03801918	      0.10109543	      0.08551623	      0.01064429	      0.11203621	      0.35744984	      0.09532175	      0.19365633	      0.08926293	      0.56997013	      0.06022318	      0.04072593	      0.05802298	      0.00510757	      0.04098916	      0.20655323	      0.08337105	      0.13720272	      2.97959342
      0.07700000	     -0.11812088	      0.08401333	      0.91207792	     -0.30885425	      0.27164107	     -0.06791244	      0.04238223	     -0.15489033	     -0.12054050	     -0.54798575	      1.00240993	      0.22927961	     -0.17150918	     -1.52268489	     -0.10216889	      1.75190960	     -2.57725826	      0.15624354	      0.00070255	      0.07648345	      0.05039573	      0.06832355	      0.16207538	      0.10988728	      0.07200741	      0.06458157	      0.37793223	      0.05056705	      0.33610772	      0.03793373	      0.10322899	      0.08559199	      0.01050789	      0.11199377	      0.35824945	      0.09524341	      0.18988034	      0.08936274	      0.56993289	      0.06017821	      0.04128999	      0.05804531	      0.00597491	      0.04099600	      0.20614837	      0.08335718	      0.13730858	      3.01475151
      0.07800000	     -0.11867109	      0.08501511	      0.91230617	     -0.30901922	      0.27012152	     -0.06802098	      0.04413435	     -0.15746488	     -0.12038821	     -0.55241882	      1.00116057	      0.22719555	     -0.15849120	     -1.51639448	     -0.11482809	      1.75227467	     -2.57008186	      0.14826802	      0.00057380	      0.07647195	      0.04967641	      0.06832055	      0.16110825	      0.10990676	      0.07092260	      0.06458990	      0.37416389	      0.05050634	      0.33270319	      0.03784853	      0.10533052	      0.08566798	      0.01037330	      0.11195172	      0.35906181	      0.09516530	      0.18620399	      0.08946179	      0.56989689	      0.06013329	      0.04185479	      0.05806756	      0.00689872	      0.04100277	      0.20574364	      0.08334411	      0.13744374	      3.04993031
      0.07900000	     -0.11922568	      0.08601566	      0.91253227	     -0.30917134	      0.26860829	     -0.06814199	      0.04588666	     -0.16002921	     -0.12024407	     -0.55673821	      0.99994097	      0.22497918	     -0.14585098	     -1.51004156	     -0.12680661	      1.75226600	     -2.54724015	      0.14002505	      0.00044505	      0.07646069	      0.04896867	      0.06831761	      0.16016073	      0.10992562	      0.06985695	      0.06459856	      0.37042554	      0.05044532	      0.32933750	      0.03776360	      0.10740263	      0.08574413	      0.01024048	      0.11191007	      0.35988658	      0.09508744	      0.18262367	      0.08956011	      0.56986209	      0.06008842	      0.04242345	      0.05808967	      0.00786741	      0.04100944	      0.20533988	      0.08333180	      0.13761168	      3.08511663
      0.08000000	     -0.11978452	      0.08701501	      0.91275609	     -0.30931096	      0.26710143	     -0.06827505	      0.04763878	     -0.16257639	     -0.12010830	     -0.56092944	      0.99875872	      0.22264589	     -0.13344508	     -1.50367127	     -0.13915428	      1.75190790	     -2.54284862	      0.13149026	      0.00031630	      0.07644965	      0.04827228	      0.06831473	      0.15923235	      0.10994389	      0.06881004	      0.06460754	      0.36671823	      0.05038401	      0.32601109	      0.03767894	      0.10944673	      0.08582037	      0.01010941	      0.11186878	      0.36072339	      0.09500983	      0.17913592	      0.08965771	      0.56982845	      0.06004361	      0.04299820	      0.05811162	      0.00887202	      0.04101596	      0.20493776	      0.08332022	      0.13781471	      3.12029545
      0.08100000	     -0.12034750	      0.08801319	      0.91297752	     -0.30943834	      0.26560097	     -0.06842017	      0.04939034	     -0.16511283	     -0.11998112	     -0.56501580	      0.99760315	      0.22018569	     -0.12139041	     -1.49721468	     -0.15089395	      1.75113690	     -2.52422187	      0.12288648	      0.00018755	      0.07643884	      0.04758702	      0.06831189	      0.15832266	      0.10996156	      0.06778145	      0.06461684	      0.36304255	      0.05032242	      0.32272368	      0.03759457	      0.11146565	      0.08589662	      0.00998003	      0.11182784	      0.36157193	      0.09493246	      0.17573748	      0.08975461	      0.56979593	      0.05999887	      0.04358031	      0.05813337	      0.00990538	      0.04102231	      0.20453784	      0.08330936	      0.13805619	      3.15545169
      0.08200000	     -0.12091451	      0.08901023	      0.91319643	     -0.30955380	      0.26410700	     -0.06857702	      0.05114094	     -0.16763321	     -0.11986268	     -0.56898676	      0.99647985	      0.21761086	     -0.10958344	     -1.49071706	     -0.16278186	      1.75001690	     -2.51644387	      0.11380259	      0.00005880	      0.07642823	      0.04691269	      0.06830910	      0.15743123	      0.10997865	      0.06677080	      0.06462646	      0.35939917	      0.05026055	      0.31947532	      0.03751050	      0.11346086	      0.08597283	      0.00985128	      0.11178678	      0.36243186	      0.09485533	      0.17242519	      0.08985082	      0.56976450	      0.05995422	      0.04417017	      0.05815487	      0.01087902	      0.04102717	      0.20414062	      0.08329919	      0.13833825	      3.19056944
      0.08300000	     -0.12148544	      0.09000616	      0.91341270	     -0.30965761	      0.26261955	     -0.06874561	      0.05289032	     -0.17014342	     -0.11975416	     -0.57286146	      0.99537992	      0.21491377	     -0.09812796	     -1.48416458	     -0.17397346	      1.74870385	     -2.49056665	      0.10287176	     -0.00006995	      0.07641782	      0.04624908	      0.06830637	      0.15655762	      0.10999517	      0.06577768	      0.06463638	      0.35578875	      0.05019840	      0.31626621	      0.03742674	      0.11543306	      0.08604894	      0.00972253	      0.11174541	      0.36330284	      0.09477846	      0.16919609	      0.08994634	      0.56973411	      0.05990965	      0.04476740	      0.05817609	      0.01169699	      0.04102944	      0.20374652	      0.08328968	      0.13866407	      3.22563807
      0.08400000	     -0.12206019	      0.09100100	      0.91362622	     -0.30975008	      0.26113864	     -0.06892550	      0.05463838	     -0.17263466	     -0.11965790	     -0.57661908	      0.99431379	      0.21211229	     -0.08686986	     -1.47765080	     -0.18564520	      1.74739915	     -2.48698740	      0.08921719	     -0.00019870	      0.07640760	      0.04559597	      0.06830368	      0.15570143	      0.11001113	      0.06480173	      0.06464660	      0.35221156	      0.05013598	      0.31309598	      0.03734330	      0.11738417	      0.08612491	      0.00959378	      0.11170386	      0.36418458	      0.09470183	      0.16604731	      0.09004115	      0.56970474	      0.05986518	      0.04537101	      0.05819700	      0.01238137	      0.04102993	      0.20335592	      0.08328083	      0.13903504	      3.26065377
      0.08500000	     -0.12263864	      0.09199479	      0.91383689	     -0.30983145	      0.25966426	     -0.06911677	      0.05638511	     -0.17511460	     -0.11957654	     -0.58028416	      0.99326994	      0.20919434	     -0.07593951	     -1.47110376	     -0.19674064	      1.74605843	     -2.46901241	      0.07317441	     -0.00032745	      0.07639757	      0.04495319	      0.06830103	      0.15486225	      0.11002654	      0.06384257	      0.06465712	      0.34866800	      0.05007329	      0.30996463	      0.03726020	      0.11931478	      0.08620067	      0.00946503	      0.11166220	      0.36507677	      0.09462545	      0.16297614	      0.09013525	      0.56967635	      0.05982082	      0.04597963	      0.05821755	      0.01295232	      0.04102920	      0.20296916	      0.08327263	      0.13945435	      3.29561661
      0.08600000	     -0.12322072	      0.09298755	      0.91404458	     -0.30990203	      0.25819644	     -0.06931902	      0.05813046	     -0.17757580	     -0.11951217	     -0.58384134	      0.99225617	      0.20617399	     -0.06521211	     -1.46455830	     -0.20819100	      1.74464759	     -2.46930328	      0.05528082	     -0.00045620	      0.07638771	      0.04432052	      0.06829844	      0.15403969	      0.11004139	      0.06289986	      0.06466793	      0.34515815	      0.05001034	      0.30687173	      0.03717743	      0.12122628	      0.08627621	      0.00933628	      0.11162051	      0.36597910	      0.09454934	      0.15997997	      0.09022862	      0.56964890	      0.05977657	      0.04659166	      0.05823769	      0.01342646	      0.04102765	      0.20258656	      0.08326508	      0.13992322	      3.33052418
      0.08700000	     -0.12380631	      0.09397930	      0.91424919	     -0.30996205	      0.25673520	     -0.06953241	      0.05987430	     -0.18002869	     -0.11946618	     -0.58732191	      0.99125765	      0.20303506	     -0.05485088	     -1.45790129	     -0.21867611	      1.74297501	     -2.44067109	      0.03660975	     -0.00058495	      0.07637802	      0.04369779	      0.06829589	      0.15323338	      0.11005572	      0.06197323	      0.06467903	      0.34168221	      0.04994713	      0.30381723	      0.03709503	      0.12311886	      0.08635145	      0.00920753	      0.11157884	      0.36689130	      0.09447347	      0.15705631	      0.09032123	      0.56962237	      0.05973244	      0.04720545	      0.05825741	      0.01381757	      0.04102553	      0.20220841	      0.08325818	      0.14044511	      3.36537090
      0.08800000	     -0.12439533	      0.09497007	      0.91445061	     -0.31001180	      0.25528065	     -0.06975645	      0.06161630	     -0.18246178	     -0.11943895	     -0.59070031	      0.99028713	      0.19979826	     -0.04467345	     -1.45119403	     -0.22957897	      1.74098125	     -2.43262053	      0.01789641	     -0.00071370	      0.07636849	      0.04308480	      0.06829338	      0.15244295	      0.11006951	      0.06106236	      0.06469042	      0.33824006	      0.04988365	      0.30080058	      0.03701298	      0.12499378	      0.08642639	      0.00907878	      0.11153724	      0.36781310	      0.09439787	      0.15420279	      0.09041307	      0.56959672	      0.05968843	      0.04781946	      0.05827666	      0.01413717	      0.04102302	      0.20183497	      0.08325195	      0.14102041	      3.40014473
      0.08900000	     -0.12498769	      0.09595988	      0.91464875	     -0.31005152	      0.25383287	     -0.06999124	      0.06335609	     -0.18488403	     -0.11943006	     -0.59400277	      0.98933222	      0.19645075	     -0.03481455	     -1.44434492	     -0.23981012	      1.73849091	     -2.40564255	      0.00012485	     -0.00084245	      0.07635911	      0.04248139	      0.06829091	      0.15166804	      0.11008279	      0.06016692	      0.06470208	      0.33483179	      0.04981992	      0.29782178	      0.03693132	      0.12685067	      0.08650097	      0.00895003	      0.11149575	      0.36874421	      0.09432254	      0.15141711	      0.09050411	      0.56957192	      0.05964456	      0.04843231	      0.05829542	      0.01439495	      0.04102024	      0.20146647	      0.08324640	      0.14165223	      3.43482985
      0.09000000	     -0.12558330	      0.09694875	      0.91484349	     -0.31008147	      0.25239198	     -0.07023637	      0.06509312	     -0.18728600	     -0.11943824	     -0.59720899	      0.98840311	      0.19300978	     -0.02513454	     -1.43741160	     -0.25042639	      1.73547142	     -2.39864033	     -0.01619100	     -0.00097120	      0.07634987	      0.04188736	      0.06828849	      0.15090829	      0.11009556	      0.05928658	      0.06471402	      0.33145712	      0.04975593	      0.29488017	      0.03685004	      0.12869077	      0.08657520	      0.00882128	      0.11145439	      0.36968440	      0.09424746	      0.14869711	      0.09059431	      0.56954795	      0.05960081	      0.04904290	      0.05831367	      0.01459913	      0.04101728	      0.20110313	      0.08324151	      0.14234089	      3.46940527
      0.09100000	     -0.12618208	      0.09793669	      0.91503473	     -0.31010188	      0.25095810	     -0.07049191	      0.06682682	     -0.18967642	     -0.11946175	     -0.60034294	      0.98748848	      0.18946393	     -0.01575895	     -1.43032520	     -0.26042256	      1.73181603	     -2.37454429	     -0.03044188	     -0.00109995	      0.07634077	      0.04130255	      0.06828611	      0.15016338	      0.11010782	      0.05842103	      0.06472624	      0.32811608	      0.04969169	      0.29197584	      0.03676916	      0.13051317	      0.08664902	      0.00869253	      0.11141319	      0.37063340	      0.09417267	      0.14604069	      0.09068366	      0.56952479	      0.05955722	      0.04965039	      0.05833143	      0.01475675	      0.04101420	      0.20074511	      0.08323731	      0.14308928	      3.50384829
      0.09200000	     -0.12678395	      0.09892374	      0.91522239	     -0.31011303	      0.24953135	     -0.07075747	      0.06855655	     -0.19204673	     -0.11949842	     -0.60338627	      0.98659759	      0.18582904	     -0.00656831	     -1.42315284	     -0.27070427	      1.72755445	     -2.36748093	     -0.04251351	     -0.00122870	      0.07633181	      0.04072680	      0.06828377	      0.14943296	      0.11011960	      0.05756998	      0.06473872	      0.32480830	      0.04962721	      0.28910814	      0.03668869	      0.13231887	      0.08672244	      0.00856378	      0.11137217	      0.37159097	      0.09409814	      0.14344585	      0.09077213	      0.56950239	      0.05951377	      0.05025421	      0.05834868	      0.01487389	      0.04101103	      0.20039259	      0.08323377	      0.14389750	      3.53813397
      0.09300000	     -0.12738883	      0.09990989	      0.91540636	     -0.31011512	      0.24811183	     -0.07103310	      0.07028171	     -0.19440547	     -0.11954599	     -0.60636099	      0.98572004	      0.18209494	      0.00232150	     -1.41584597	     -0.28034949	      1.72265277	     -2.34275688	     -0.05220856	     -0.00135745	      0.07632296	      0.04015993	      0.06828147	      0.14871673	      0.11013089	      0.05673311	      0.06475146	      0.32153368	      0.04956249	      0.28627699	      0.03660864	      0.13410723	      0.08679542	      0.00843503	      0.11133133	      0.37255689	      0.09402391	      0.14091066	      0.09085970	      0.56948074	      0.05947049	      0.05085397	      0.05836544	      0.01497094	      0.04100781	      0.20004490	      0.08323088	      0.14476820	      3.57223840
      0.09400000	     -0.12799664	      0.10089518	      0.91558655	     -0.31010843	      0.24669967	     -0.07131836	      0.07200168	     -0.19674181	     -0.11960215	     -0.60924370	      0.98486759	      0.17828053	      0.01105276	     -1.40849877	     -0.29044102	      1.71721454	     -2.34208707	     -0.05983136	     -0.00148620	      0.07631424	      0.03960179	      0.06827920	      0.14801435	      0.11014170	      0.05591016	      0.06476447	      0.31829173	      0.04949754	      0.28348164	      0.03652902	      0.13587935	      0.08686797	      0.00830628	      0.11129069	      0.37353092	      0.09394996	      0.13843329	      0.09094636	      0.56945981	      0.05942738	      0.05144927	      0.05838173	      0.01507682	      0.04100448	      0.19970080	      0.08322864	      0.14570071	      3.60613800
      0.09500000	     -0.12860730	      0.10187963	      0.91576288	     -0.31009316	      0.24529489	     -0.07161340	      0.07371595	     -0.19906908	     -0.11966495	     -0.61206623	      0.98402502	      0.17436938	      0.01945572	     -1.40104314	     -0.29964171	      1.71123907	     -2.31396571	     -0.06548326	     -0.00161495	      0.07630562	      0.03905221	      0.06827698	      0.14732554	      0.11015205	      0.05510082	      0.06477773	      0.31508243	      0.04943237	      0.28072228	      0.03644984	      0.13763374	      0.08694003	      0.00817753	      0.11125024	      0.37451285	      0.09387630	      0.13601197	      0.09103209	      0.56943957	      0.05938445	      0.05203933	      0.05839757	      0.01520505	      0.04100099	      0.19935959	      0.08322701	      0.14669828	      3.63981305
      0.09600000	     -0.12922075	      0.10286324	      0.91593526	     -0.31006958	      0.24389758	     -0.07191773	      0.07542403	     -0.20137562	     -0.11973267	     -0.61480370	      0.98320481	      0.17038124	      0.02767893	     -1.39358420	     -0.30907787	      1.70487879	     -2.30234582	     -0.06976881	     -0.00174370	      0.07629711	      0.03851105	      0.06827479	      0.14665000	      0.11016194	      0.05430484	      0.06479124	      0.31190533	      0.04936699	      0.27799824	      0.03637112	      0.13937125	      0.08701165	      0.00804878	      0.11121001	      0.37550245	      0.09380294	      0.13364500	      0.09111688	      0.56942001	      0.05934172	      0.05262309	      0.05841300	      0.01535898	      0.04099727	      0.19902096	      0.08322597	      0.14775971	      3.67324586
      0.09700000	     -0.12983689	      0.10384604	      0.91610362	     -0.31003790	      0.24250774	     -0.07223136	      0.07712559	     -0.20366870	     -0.11980415	     -0.61747381	      0.98239866	      0.16630873	      0.03563561	     -1.38609862	     -0.31805080	      1.69819236	     -2.27992771	     -0.07305282	     -0.00187245	      0.07628870	      0.03797815	      0.06827264	      0.14598742	      0.11017138	      0.05352194	      0.06480500	      0.30876034	      0.04930141	      0.27530963	      0.03629287	      0.14109060	      0.08708277	      0.00792003	      0.11116997	      0.37649952	      0.09372989	      0.13133074	      0.09120075	      0.56940111	      0.05929919	      0.05319931	      0.05842805	      0.01553589	      0.04099328	      0.19868494	      0.08322550	      0.14888694	      3.70642367
      0.09800000	     -0.13045567	      0.10482805	      0.91626786	     -0.30999837	      0.24112537	     -0.07255393	      0.07882035	     -0.20594179	     -0.11987863	     -0.62006423	      0.98161294	      0.16216356	      0.04340619	     -1.37865085	     -0.32714729	      1.69130513	     -2.27015398	     -0.07588381	     -0.00200120	      0.07628039	      0.03745337	      0.06827052	      0.14533755	      0.11018038	      0.05275186	      0.06481899	      0.30564682	      0.04923564	      0.27265542	      0.03621508	      0.14279356	      0.08715344	      0.00779128	      0.11113015	      0.37750386	      0.09365714	      0.12906763	      0.09128369	      0.56938283	      0.05925687	      0.05376678	      0.05844274	      0.01572971	      0.04098898	      0.19835171	      0.08322555	      0.15007934	      3.73933685
      0.09900000	     -0.13107700	      0.10580927	      0.91642792	     -0.30995118	      0.23975044	     -0.07288542	      0.08050815	     -0.20820217	     -0.11995584	     -0.62259240	      0.98083948	      0.15793856	      0.05091138	     -1.37121224	     -0.33571960	      1.68426112	     -2.24703966	     -0.07853137	     -0.00212995	      0.07627216	      0.03693656	      0.06826844	      0.14470009	      0.11018895	      0.05199435	      0.06483323	      0.30256473	      0.04916969	      0.27003580	      0.03613778	      0.14447856	      0.08722360	      0.00766253	      0.11109052	      0.37851529	      0.09358471	      0.12685417	      0.09136572	      0.56936516	      0.05921477	      0.05432454	      0.05845712	      0.01593309	      0.04098438	      0.19802161	      0.08322612	      0.15133863	      3.77198001
      0.10000000	     -0.13170082	      0.10678973	      0.91658371	     -0.30989659	      0.23838292	     -0.07322546	      0.08218886	     -0.21044246	     -0.12003577	     -0.62504516	      0.98008507	      0.15364601	      0.05823966	     -1.36384107	     -0.34440353	      1.67715660	     -2.23627400	     -0.08137035	     -0.00225870	      0.07626402	      0.03642759	      0.06826639	      0.14407478	      0.11019710	      0.05124916	      0.06484770	      0.29951360	      0.04910357	      0.26744996	      0.03606097	      0.14614670	      0.08729330	      0.00753378	      0.11105110	      0.37953360	      0.09351259	      0.12468891	      0.09144687	      0.56934808	      0.05917291	      0.05487193	      0.05847122	      0.01613867	      0.04097949	      0.19769500	      0.08322716	      0.15266372	      3.80434978
      0.10100000	     -0.13232707	      0.10776945	      0.91673518	     -0.30983479	      0.23702275	     -0.07357403	      0.08386244	     -0.21266922	     -0.12011866	     -0.62743836	      0.97934230	      0.14927979	      0.06532531	     -1.35650422	     -0.35264928	      1.67000125	     -2.21532952	     -0.08445240	     -0.00238745	      0.07625596	      0.03592631	      0.06826437	      0.14346136	      0.11020484	      0.05051606	      0.06486239	      0.29649342	      0.04903730	      0.26489809	      0.03598467	      0.14779647	      0.08736250	      0.00740503	      0.11101188	      0.38055862	      0.09344079	      0.12257044	      0.09152715	      0.56933157	      0.05913128	      0.05540875	      0.05848506	      0.01633993	      0.04097434	      0.19737228	      0.08322865	      0.15405605	      3.83644551
      0.10200000	     -0.13295568	      0.10874842	      0.91688225	     -0.30976600	      0.23566988	     -0.07393080	      0.08552886	     -0.21487721	     -0.12020480	     -0.62976406	      0.97861541	      0.14484885	      0.07223104	     -1.34923533	     -0.36088601	      1.66283890	     -2.20172853	     -0.08787960	     -0.00251620	      0.07624797	      0.03543258	      0.06826239	      0.14285958	      0.11021218	      0.04979479	      0.06487730	      0.29350379	      0.04897088	      0.26237944	      0.03590887	      0.14942893	      0.08743124	      0.00727628	      0.11097285	      0.38159017	      0.09336930	      0.12049744	      0.09160658	      0.56931560	      0.05908989	      0.05593519	      0.05849867	      0.01653162	      0.04096896	      0.19705383	      0.08323057	      0.15551470	      3.86826714
      0.10300000	     -0.13358658	      0.10972668	      0.91702486	     -0.30969040	      0.23432426	     -0.07429568	      0.08718811	     -0.21707009	     -0.12029449	     -0.63203212	      0.97789992	      0.14035094	      0.07892593	     -1.34201189	     -0.36882715	      1.65565658	     -2.18344233	     -0.09152921	     -0.00264495	      0.07624005	      0.03494629	      0.06826044	      0.14226920	      0.11021912	      0.04908515	      0.06489243	      0.29054473	      0.04890434	      0.25989411	      0.03583360	      0.15104277	      0.08749950	      0.00714753	      0.11093403	      0.38262808	      0.09329814	      0.11846861	      0.09168518	      0.56930017	      0.05904875	      0.05645188	      0.05851207	      0.01670989	      0.04096340	      0.19674001	      0.08323290	      0.15704039	      3.89981548
      0.10400000	     -0.13421972	      0.11070423	      0.91716293	     -0.30960820	      0.23298584	     -0.07466843	      0.08884017	     -0.21924558	     -0.12038790	     -0.63424083	      0.97719700	      0.13579106	      0.08544028	     -1.33484357	     -0.37665100	      1.64845449	     -2.16774893	     -0.09528698	     -0.00277370	      0.07623220	      0.03446729	      0.06825853	      0.14168996	      0.11022567	      0.04838689	      0.06490778	      0.28761586	      0.04883769	      0.25744131	      0.03575885	      0.15263918	      0.08756730	      0.00701878	      0.11089539	      0.38367218	      0.09322729	      0.11648271	      0.09176298	      0.56928526	      0.05900786	      0.05695976	      0.05852527	      0.01687249	      0.04095770	      0.19643109	      0.08323561	      0.15863262	      3.93109095
      0.10500000	     -0.13485504	      0.11168108	      0.91729642	     -0.30951958	      0.23165456	     -0.07504891	      0.09048500	     -0.22140491	     -0.12048503	     -0.63639514	      0.97650458	      0.13117004	      0.09176929	     -1.32771938	     -0.38427004	      1.64121064	     -2.15078990	     -0.09894742	     -0.00290245	      0.07622441	      0.03399546	      0.06825664	      0.14112163	      0.11023185	      0.04769981	      0.06492333	      0.28471733	      0.04877093	      0.25502134	      0.03568463	      0.15421642	      0.08763464	      0.00689003	      0.11085695	      0.38472230	      0.09315676	      0.11453854	      0.09183999	      0.56927084	      0.05896722	      0.05746003	      0.05853830	      0.01701904	      0.04095189	      0.19612728	      0.08323869	      0.16029153	      3.96209360
      0.10600000	     -0.13549250	      0.11265724	      0.91742525	     -0.30942470	      0.23033039	     -0.07543696	      0.09212256	     -0.22354737	     -0.12058570	     -0.63850825	      0.97581782	      0.12649020	      0.09799414	     -1.32060992	     -0.39186746	      1.63388623	     -2.13385834	     -0.10231325	     -0.00303120	      0.07621668	      0.03353069	      0.06825478	      0.15656233	      0.11022821	      0.04702368	      0.06493908	      0.27822839	      0.04870501	      0.24948239	      0.03561169	      0.15577651	      0.08770154	      0.00676128	      0.11081870	      0.38577830	      0.09308655	      0.11263494	      0.09191625	      0.56925690	      0.05892685	      0.05795401	      0.05855115	      0.01715104	      0.04094600	      0.19582868	      0.08324212	      0.16201714	      3.99282253
      0.10700000	     -0.13613206	      0.11363271	      0.91754938	     -0.30932353	      0.22901338	     -0.07583283	      0.09375272	     -0.22567202	     -0.12068949	     -0.64063121	      0.97511753	      0.12175090	      0.10439990	     -1.31339534	     -0.40000531	      1.62637985	     -2.11506302	     -0.10518074	     -0.00315995	      0.07620901	      0.03307283	      0.06825295	      0.16992651	      0.11020997	      0.04635830	      0.06495503	      0.27195241	      0.04864075	      0.24411365	      0.03554066	      0.15731823	      0.08776799	      0.00663253	      0.11078063	      0.38684000	      0.09301667	      0.11077080	      0.09199176	      0.56924342	      0.05888673	      0.05844302	      0.05856384	      0.01727133	      0.04094005	      0.19553530	      0.08324588	      0.16381300	      4.02327407
      0.10800000	     -0.13677378	      0.11460746	      0.91766874	     -0.30921577	      0.22770367	     -0.07623729	      0.09537524	     -0.22777673	     -0.12079584	     -0.64280479	      0.97438868	      0.11695215	      0.11120300	     -1.30598722	     -0.40911576	      1.61862586	     -2.09394724	     -0.10739646	     -0.00328870	      0.07620138	      0.03262179	      0.06825116	      0.18161218	      0.11018176	      0.04570347	      0.06497118	      0.26587954	      0.04857804	      0.23890781	      0.03547139	      0.15884248	      0.08783397	      0.00650378	      0.11074275	      0.38790726	      0.09294710	      0.10894505	      0.09206654	      0.56923039	      0.05884687	      0.05892825	      0.05857636	      0.01738346	      0.04093407	      0.19524707	      0.08324995	      0.16568774	      4.05344136
      0.10900000	     -0.13741770	      0.11558147	      0.91778326	     -0.30910096	      0.22640148	     -0.07665145	      0.09698988	     -0.22985910	     -0.12090404	     -0.64505489	      0.97362205	      0.11209460	      0.11851908	     -1.29833835	     -0.41940865	      1.61059935	     -2.07037241	     -0.10887385	     -0.00341745	      0.07619381	      0.03217744	      0.06824939	      0.19191824	      0.11014654	      0.04505899	      0.06498756	      0.26000053	      0.04851679	      0.23385795	      0.03540377	      0.16034840	      0.08789946	      0.00637503	      0.11070505	      0.38897994	      0.09287785	      0.10715666	      0.09214061	      0.56921780	      0.05880727	      0.05941069	      0.05858872	      0.01749103	      0.04092805	      0.19496391	      0.08325432	      0.16765341	      4.08331598
      0.11000000	     -0.13806392	      0.11655469	      0.91789291	     -0.30897854	      0.22510708	     -0.07707653	      0.09859635	     -0.23191668	     -0.12101334	     -0.64739727	      0.97281232	      0.10717949	      0.12639690	     -1.29042969	     -0.43094401	      1.60230473	     -2.04439916	     -0.10959139	     -0.00354620	      0.07618626	      0.03173966	      0.06824765	      0.20107663	      0.11010642	      0.04442466	      0.06500419	      0.25430669	      0.04845690	      0.22895753	      0.03533767	      0.16183722	      0.08796441	      0.00624628	      0.11066754	      0.39005788	      0.09280893	      0.10540462	      0.09221398	      0.56920562	      0.05876795	      0.05989103	      0.05860093	      0.01759718	      0.04092200	      0.19468569	      0.08325897	      0.16972406	      4.11288934
      0.11100000	     -0.13871253	      0.11752708	      0.91799760	     -0.30884797	      0.22382071	     -0.07751374	      0.10019440	     -0.23394717	     -0.12112298	     -0.64984058	      0.97195697	      0.10220847	      0.13484016	     -1.28226188	     -0.44368171	      1.59376785	     -2.01621894	     -0.10958162	     -0.00367495	      0.07617875	      0.03130835	      0.06824593	      0.20926904	      0.11006297	      0.04380029	      0.06502109	      0.24878983	      0.04839828	      0.22420039	      0.03527303	      0.16330814	      0.08802877	      0.00611753	      0.11063022	      0.39114094	      0.09274035	      0.10368797	      0.09228666	      0.56919386	      0.05872889	      0.06036969	      0.05861298	      0.01770434	      0.04091592	      0.19441231	      0.08326387	      0.17191473	      4.14215357
      0.11200000	     -0.13936363	      0.11849859	      0.91809730	     -0.30870868	      0.22254264	     -0.07796426	      0.10178382	     -0.23594847	     -0.12123228	     -0.65238845	      0.97105532	      0.09718358	      0.14382326	     -1.27384884	     -0.45751770	      1.58502904	     -1.98609936	     -0.10891567	     -0.00380370	      0.07617126	      0.03088340	      0.06824424	      0.21664194	      0.11001735	      0.04318571	      0.06503831	      0.24344222	      0.04834087	      0.21958069	      0.03520976	      0.16476224	      0.08809246	      0.00598878	      0.11059308	      0.39222900	      0.09267211	      0.10200578	      0.09235865	      0.56918248	      0.05869011	      0.06084680	      0.05862488	      0.01781405	      0.04090981	      0.19414368	      0.08326900	      0.17424069	      4.17110215
      0.11300000	     -0.14001734	      0.11946918	      0.91819195	     -0.30856016	      0.22127309	     -0.07842910	      0.10336441	     -0.23791881	     -0.12134063	     -0.65504117	      0.97010799	      0.09210713	      0.15330318	     -1.26521267	     -0.47231134	      1.57613692	     -1.95434472	     -0.10768604	     -0.00393245	      0.07616378	      0.03046470	      0.06824258	      0.22331362	      0.10997042	      0.04258072	      0.06505587	      0.23825661	      0.04828461	      0.21509291	      0.03514781	      0.16619916	      0.08815544	      0.00586003	      0.11055615	      0.39332191	      0.09260422	      0.10035714	      0.09242996	      0.56917148	      0.05865160	      0.06132226	      0.05863664	      0.01792700	      0.04090367	      0.19387974	      0.08327435	      0.17671696	      4.19973036
      0.11400000	     -0.14067375	      0.12043879	      0.91828150	     -0.30840193	      0.22001228	     -0.07890915	      0.10493606	     -0.23985671	     -0.12144750	     -0.65779691	      0.96911631	      0.08698163	      0.16322777	     -1.25637989	     -0.48790460	      1.56714331	     -1.92126828	     -0.10598989	     -0.00406120	      0.07615631	      0.03005214	      0.06824095	      0.22938179	      0.10992286	      0.04198515	      0.06507383	      0.23322612	      0.04822943	      0.21073180	      0.03508714	      0.16761961	      0.08821764	      0.00573128	      0.11051941	      0.39441955	      0.09253669	      0.09874120	      0.09250059	      0.56916085	      0.05861338	      0.06179580	      0.05864827	      0.01804314	      0.04089751	      0.19362046	      0.08327989	      0.17935791	      4.22803538
      0.11500000	     -0.14133297	      0.12140740	      0.91836590	     -0.30823358	      0.21876038	     -0.07940512	      0.10649868	     -0.24176100	     -0.12155248	     -0.66065251	      0.96808207	      0.08180977	      0.17354156	     -1.24737869	     -0.50413556	      1.55809911	     -1.88717317	     -0.10391483	     -0.00418995	      0.07614882	      0.02964563	      0.06823934	      0.23492729	      0.10987514	      0.04139882	      0.06509220	      0.22834427	      0.04817529	      0.20649241	      0.03502770	      0.16902369	      0.08827900	      0.00560253	      0.11048288	      0.39552179	      0.09246952	      0.09715710	      0.09257055	      0.56915057	      0.05857544	      0.06226706	      0.05865976	      0.01816183	      0.04089134	      0.19336584	      0.08328559	      0.18217699	      4.25601633
      0.11600000	     -0.14199509	      0.12237494	      0.91844511	     -0.30805474	      0.21751757	     -0.07991758	      0.10805225	     -0.24363080	     -0.12165523	     -0.66360419	      0.96700723	      0.07659434	      0.18418964	     -1.23823708	     -0.52084737	      1.54905147	     -1.85234015	     -0.10152837	     -0.00431870	      0.07614133	      0.02924505	      0.06823776	      0.24001800	      0.10982764	      0.04082158	      0.06511101	      0.22360494	      0.04812214	      0.20237003	      0.03496946	      0.17041186	      0.08833946	      0.00547378	      0.11044657	      0.39662852	      0.09240273	      0.09560404	      0.09263984	      0.56914063	      0.05853778	      0.06273568	      0.05867114	      0.01828213	      0.04088516	      0.19311588	      0.08329144	      0.18518658	      4.28367413
      0.11700000	     -0.14266021	      0.12334140	      0.91851908	     -0.30786510	      0.21628395	     -0.08044693	      0.10959680	     -0.24546551	     -0.12175545	     -0.66664786	      0.96589380	      0.07133820	      0.19512015	     -1.22898167	     -0.53789393	      1.54004193	     -1.81701881	     -0.09887191	     -0.00444745	      0.07613382	      0.02885032	      0.06823620	      0.24470788	      0.10978064	      0.04025325	      0.06513030	      0.21900233	      0.04806994	      0.19836019	      0.03491240	      0.17178910	      0.08839898	      0.00534503	      0.11041048	      0.39773964	      0.09233633	      0.09408123	      0.09270847	      0.56913103	      0.05850041	      0.06320134	      0.05868241	      0.01840298	      0.04087898	      0.19287061	      0.08329741	      0.18839782	      4.31101128
      0.11800000	     -0.14332841	      0.12430672	      0.91858777	     -0.30766442	      0.21505963	     -0.08099343	      0.11113236	     -0.24726473	     -0.12185288	     -0.66977947	      0.96474368	      0.06604427	      0.20628573	     -1.21963708	     -0.55514390	      1.53110569	     -1.78141912	     -0.09595899	     -0.00457620	      0.07612629	      0.02846134	      0.06823466	      0.24904391	      0.10973433	      0.03969367	      0.06515008	      0.21453095	      0.04801865	      0.19445864	      0.03485651	      0.17316353	      0.08845749	      0.00521628	      0.11037461	      0.39885507	      0.09227033	      0.09258791	      0.09277645	      0.56912174	      0.05846332	      0.06366383	      0.05869358	      0.01852343	      0.04087282	      0.19263005	      0.08330349	      0.19182061	      4.33803163
      0.11900000	     -0.14399979	      0.12527087	      0.91865115	     -0.30745247	      0.21384470	     -0.08155724	      0.11265904	     -0.24902829	     -0.12194728	     -0.67299514	      0.96355867	      0.06071551	      0.21764439	     -1.21022569	     -0.57248280	      1.52227174	     -1.74570763	     -0.09277773	     -0.00470495	      0.07611873	      0.02807800	      0.06823315	      0.25307058	      0.10968886	      0.03914269	      0.06517036	      0.21018561	      0.04796825	      0.19066135	      0.03480176	      0.17454073	      0.08851491	      0.00508753	      0.11033898	      0.39997482	      0.09220472	      0.09112335	      0.09284377	      0.56911277	      0.05842653	      0.06412308	      0.05870466	      0.01864280	      0.04086669	      0.19239421	      0.08330965	      0.19546356	      4.36474012
      0.12000000	     -0.14467443	      0.12623383	      0.91870919	     -0.30722908	      0.21263920	     -0.08213839	      0.11417695	     -0.25075614	     -0.12203834	     -0.67629122	      0.96234038	      0.05535488	      0.22915951	     -1.20076777	     -0.58981319	      1.51356363	     -1.71001056	     -0.08929634	     -0.00483370	      0.07611115	      0.02770023	      0.06823166	      0.25682890	      0.10964434	      0.03860014	      0.06519115	      0.20596136	      0.04791870	      0.18696447	      0.03474814	      0.17592409	      0.08857119	      0.00496995	      0.11030360	      0.40109888	      0.09213953	      0.08968684	      0.09291044	      0.56910409	      0.05839002	      0.06457914	      0.05871566	      0.01876079	      0.04086061	      0.19216308	      0.08331587	      0.19933403	      4.39114254
      0.12100000	     -0.14535240	      0.12719554	      0.91876185	     -0.30699411	      0.21144317	     -0.08273684	      0.11568622	     -0.25244834	     -0.12212575	     -0.67966437	      0.96109028	      0.04996536	      0.24079950	     -1.19128176	     -0.60705333	      1.50500079	     -1.67441961	     -0.08547051	     -0.00496245	      0.07610354	      0.02732792	      0.06823020	      0.26035608	      0.10960081	      0.03806589	      0.06521246	      0.20185355	      0.04786997	      0.18336437	      0.03469565	      0.17731523	      0.08862627	      0.00489038	      0.11026847	      0.40222730	      0.09207475	      0.08827768	      0.09297647	      0.56909570	      0.05835380	      0.06503223	      0.05872659	      0.01887747	      0.04085460	      0.19193665	      0.08332213	      0.20343824	      4.41724535
      0.12200000	     -0.14603378	      0.12815600	      0.91880911	     -0.30674744	      0.21025664	     -0.08335245	      0.11718700	     -0.25410502	     -0.12220915	     -0.68311148	      0.95980967	      0.04454994	      0.25253726	     -1.18178465	     -0.62413519	      1.49659997	     -1.63899825	     -0.08125161	     -0.00509120	      0.07609591	      0.02696099	      0.06822875	      0.26368546	      0.10955831	      0.03753977	      0.06523430	      0.19785772	      0.04782205	      0.17985755	      0.03464426	      0.17871438	      0.08868011	      0.00484975	      0.11023359	      0.40336014	      0.09201039	      0.08689520	      0.09304186	      0.56908759	      0.05831786	      0.06548265	      0.05873747	      0.01899329	      0.04084867	      0.19171485	      0.08332842	      0.20778126	      4.44305555
      0.12300000	     -0.14671865	      0.12911515	      0.91885095	     -0.30648901	      0.20907960	     -0.08398504	      0.11867948	     -0.25572639	     -0.12228811	     -0.68662969	      0.95849976	      0.03911165	      0.26434951	     -1.17229238	     -0.64100222	      1.48837658	     -1.60378755	     -0.07659422	     -0.00521995	      0.07608826	      0.02659935	      0.06822733	      0.26684675	      0.10951684	      0.03702165	      0.06525666	      0.19396966	      0.04777490	      0.17644069	      0.03459397	      0.18012068	      0.08873268	      0.00484901	      0.11019899	      0.40449745	      0.09194646	      0.08553878	      0.09310663	      0.56907975	      0.05828221	      0.06593079	      0.05874830	      0.01910897	      0.04084283	      0.19149761	      0.08333472	      0.21236712	      4.46858060
      0.12400000	     -0.14740707	      0.13007299	      0.91888733	     -0.30621873	      0.20791205	     -0.08463436	      0.12016382	     -0.25731266	     -0.12236218	     -0.69021635	      0.95716160	      0.03365351	      0.27621628	     -1.16282006	     -0.65760722	      1.48034591	     -1.56881131	     -0.07146239	     -0.00534870	      0.07608059	      0.02624291	      0.06822593	      0.26986618	      0.10947640	      0.03651139	      0.06527954	      0.19018536	      0.04772851	      0.17311065	      0.03454477	      0.18153252	      0.08878398	      0.00545396	      0.11016465	      0.40563933	      0.09188295	      0.08420776	      0.09317077	      0.56907217	      0.05824684	      0.06637709	      0.05875909	      0.01922537	      0.04083710	      0.19128486	      0.08334100	      0.21719887	      4.49382838
      0.12500000	     -0.14809910	      0.13102947	      0.91891825	     -0.30593656	      0.20675395	     -0.08530015	      0.12164024	     -0.25886408	     -0.12243087	     -0.69386905	      0.95579618	      0.02817856	      0.28812038	     -1.15338221	     -0.67391048	      1.47252390	     -1.53408020	     -0.06583381	     -0.00547745	      0.07607290	      0.02589160	      0.06822455	      0.27276684	      0.10943694	      0.03600884	      0.06530294	      0.18650100	      0.04768287	      0.16986440	      0.03449664	      0.18294778	      0.08883400	      0.00668930	      0.11013060	      0.40678587	      0.09181988	      0.08290156	      0.09323429	      0.56906484	      0.05821175	      0.06682199	      0.05876985	      0.01934346	      0.04083148	      0.19107647	      0.08334725	      0.22227863	      4.51880718
      0.12600000	     -0.14879482	      0.13198457	      0.91894368	     -0.30564248	      0.20560526	     -0.08598207	      0.12310894	     -0.26038089	     -0.12249368	     -0.69758555	      0.95440435	      0.02268988	      0.30004705	     -1.14399281	     -0.68987821	      1.46492760	     -1.49959496	     -0.05970178	     -0.00560620	      0.07606521	      0.02554532	      0.06822320	      0.27556897	      0.10939842	      0.03551387	      0.06532685	      0.18291296	      0.04763794	      0.16669906	      0.03444959	      0.18436403	      0.08888275	      0.00856896	      0.11009684	      0.40793714	      0.09175724	      0.08161958	      0.09329719	      0.56905776	      0.05817694	      0.06726594	      0.05878060	      0.01946415	      0.04082599	      0.19087234	      0.08335345	      0.22760760	      4.54352576
      0.12700000	     -0.14949429	      0.13293827	      0.91896362	     -0.30533646	      0.20446594	     -0.08667978	      0.12457017	     -0.26186334	     -0.12255011	     -0.70136383	      0.95298691	      0.01719055	      0.31198367	     -1.13466525	     -0.70548131	      1.45757524	     -1.46534870	     -0.05307508	     -0.00573495	      0.07605752	      0.02520400	      0.06822186	      0.27829024	      0.10936080	      0.03502636	      0.06535125	      0.17941777	      0.04759372	      0.16361188	      0.03440360	      0.18577872	      0.08893026	      0.01106939	      0.11006221	      0.40909326	      0.09169504	      0.08036125	      0.09335949	      0.56905091	      0.05814240	      0.06770933	      0.05879134	      0.01958828	      0.04082064	      0.19067235	      0.08335957	      0.23318616	      4.56799333
      0.12800000	     -0.15019773	      0.13389046	      0.91897806	     -0.30501650	      0.20333635	     -0.08739788	      0.12602380	     -0.26330585	     -0.12259961	     -0.70621860	      0.95105059	      0.01167734	      0.33688513	     -1.12253600	     -0.75257849	      1.44804233	     -1.39378543	     -0.04564563	     -0.00586370	      0.07604984	      0.02486755	      0.06822054	      0.28094608	      0.10932401	      0.03454616	      0.06537616	      0.17601213	      0.04755019	      0.16060024	      0.03435866	      0.18718927	      0.08897653	      0.01377905	      0.11001529	      0.41025431	      0.09163327	      0.07912602	      0.09342119	      0.56904429	      0.05810812	      0.06815254	      0.05880208	      0.01971654	      0.04081543	      0.19047636	      0.08336561	      0.23696513	      4.59220682
      0.12900000	     -0.15090737	      0.13484006	      0.91898697	     -0.30465483	      0.20222251	     -0.08820370	      0.12746514	     -0.26462713	     -0.12264086	     -0.71306971	      0.94814587	      0.00614127	      0.38648170	     -1.10521502	     -0.85882314	      1.43483136	     -1.24946539	     -0.03679669	     -0.00599245	      0.07604209	      0.02453590	      0.06821925	      0.28354988	      0.10928796	      0.03407315	      0.06540216	      0.17269292	      0.04750740	      0.15766163	      0.03431493	      0.18859316	      0.08902131	      0.01661009	      0.10995673	      0.41142041	      0.09157196	      0.07791336	      0.09348225	      0.56903790	      0.05807412	      0.06859588	      0.05881283	      0.01984946	      0.04081038	      0.19028428	      0.08337154	      0.23696513	      4.61601320
      0.13000000	     -0.15162388	      0.13578674	      0.91899034	     -0.30424352	      0.20112578	     -0.08911482	      0.12889380	     -0.26580796	     -0.12267323	     -0.71994841	      0.94522291	      0.00060639	      0.43613092	     -1.08833562	     -0.96298016	      1.42265262	     -1.11435826	     -0.02799398	     -0.00612120	      0.07603411	      0.02420898	      0.06821797	      0.28611328	      0.10925249	      0.03360722	      0.06543034	      0.16945712	      0.04746547	      0.15479363	      0.03427273	      0.18998797	      0.08906403	      0.01954967	      0.10988900	      0.41259164	      0.09151118	      0.07672273	      0.09354258	      0.56903171	      0.05804040	      0.06903965	      0.05882361	      0.01998744	      0.04080551	      0.19009595	      0.08337733	      0.23696513	      4.63940223
      0.13100000	     -0.15234726	      0.13673051	      0.91898819	     -0.30378266	      0.20004565	     -0.09012864	      0.13031079	     -0.26686067	     -0.12269694	     -0.72680958	      0.94230057	     -0.00491676	      0.48552332	     -1.07201183	     -1.06409184	      1.41148775	     -0.99362026	     -0.01945868	     -0.00624995	      0.07602577	      0.02388670	      0.06821671	      0.28864638	      0.10921747	      0.03314823	      0.06546133	      0.16630188	      0.04742449	      0.15199396	      0.03423237	      0.19137143	      0.08910430	      0.02258705	      0.10981413	      0.41376813	      0.09145098	      0.07555364	      0.09360215	      0.56902573	      0.05800697	      0.06948414	      0.05883441	      0.02013075	      0.04080082	      0.18991128	      0.08338297	      0.23696513	      4.66241058
      0.13200000	     -0.15307748	      0.13767135	      0.91898052	     -0.30327262	      0.19898154	     -0.09124178	      0.13171712	     -0.26780044	     -0.12271218	     -0.73362017	      0.93939214	     -0.01042058	      0.53445386	     -1.05632468	     -1.16154847	      1.40135273	     -0.88857233	     -0.01101525	     -0.00637870	      0.07601697	      0.02356899	      0.06821547	      0.29115791	      0.10918275	      0.03269606	      0.06549543	      0.16322446	      0.04738454	      0.14926040	      0.03419405	      0.19274145	      0.08914194	      0.02571321	      0.10973381	      0.41494996	      0.09139138	      0.07440560	      0.09366091	      0.56901995	      0.05797384	      0.06992962	      0.05884525	      0.02027961	      0.04079634	      0.18973013	      0.08338843	      0.23696513	      4.68507431
      0.13300000	     -0.15381447	      0.13860930	      0.91896735	     -0.30271395	      0.19793277	     -0.09245041	      0.13311384	     -0.26864305	     -0.12271892	     -0.74035619	      0.93650687	     -0.01589900	      0.58279917	     -1.04132640	     -1.25503512	      1.39224760	     -0.79920435	     -0.00242971	     -0.00650745	      0.07600764	      0.02325579	      0.06821425	      0.29365542	      0.10914821	      0.03225061	      0.06553273	      0.16022225	      0.04734568	      0.14659086	      0.03415790	      0.19409614	      0.08917693	      0.02892056	      0.10964942	      0.41613724	      0.09133242	      0.07327813	      0.09371888	      0.56901436	      0.05794101	      0.07037638	      0.05885613	      0.02043420	      0.04079205	      0.18955237	      0.08339371	      0.23696513	      4.70742906
      0.13400000	     -0.15455816	      0.13954437	      0.91894873	     -0.30210724	      0.19689865	     -0.09375050	      0.13450196	     -0.26940386	     -0.12271692	     -0.74700074	      0.93365090	     -0.02134717	      0.63049650	     -1.02704703	     -1.34446315	      1.38415775	     -0.72481948	      0.00650036	     -0.00663620	      0.07599776	      0.02294701	      0.06821305	      0.29614540	      0.10911372	      0.03181175	      0.06557318	      0.15729275	      0.04730791	      0.14398330	      0.03412397	      0.19543381	      0.08920936	      0.03220268	      0.10956203	      0.41733007	      0.09127410	      0.07217077	      0.09377605	      0.56900896	      0.05790847	      0.07082474	      0.05886707	      0.02059472	      0.04078798	      0.18937789	      0.08339878	      0.23696513	      4.72950947
      0.13500000	     -0.15530844	      0.14047661	      0.91892467	     -0.30145318	      0.19587843	     -0.09513801	      0.13588248	     -0.27009731	     -0.12270576	     -0.75354256	      0.93082791	     -0.02676125	      0.67752761	     -1.01349990	     -1.42991339	      1.37706110	     -0.66428411	      0.01591279	     -0.00676495	      0.07598732	      0.02264260	      0.06821186	      0.29863343	      0.10907918	      0.03137938	      0.06561670	      0.15443358	      0.04727123	      0.14143580	      0.03409226	      0.19675297	      0.08923936	      0.03555410	      0.10947250	      0.41852856	      0.09121643	      0.07108307	      0.09383244	      0.56900373	      0.05787622	      0.07127505	      0.05887806	      0.02076145	      0.04078412	      0.18920653	      0.08340363	      0.23696513	      4.75134903
      0.13600000	     -0.15606521	      0.14140604	      0.91889522	     -0.30075241	      0.19487140	     -0.09660907	      0.13725640	     -0.27073658	     -0.12268491	     -0.75997499	      0.92803967	     -0.03213829	      0.72390709	     -1.00068572	     -1.51159204	      1.37093345	     -0.61617167	      0.02587014	     -0.00689370	      0.07597631	      0.02234247	      0.06821069	      0.30112428	      0.10904448	      0.03095338	      0.06566316	      0.15164244	      0.04723561	      0.13894650	      0.03406271	      0.19805234	      0.08926712	      0.03897017	      0.10938147	      0.41973280	      0.09115942	      0.07001459	      0.09388807	      0.56899869	      0.05784425	      0.07172769	      0.05888912	      0.02093470	      0.04078050	      0.18903817	      0.08340824	      0.23696513	      4.77297993
      0.13700000	     -0.15682835	      0.14233270	      0.91886041	     -0.30000557	      0.19387682	     -0.09816004	      0.13862467	     -0.27133327	     -0.12265384	     -0.76629498	      0.92528642	     -0.03747605	      0.76967353	     -0.98859555	     -1.58979626	      1.36575140	     -0.57886529	      0.03636244	     -0.00702245	      0.07596477	      0.02204657	      0.06820954	      0.30362202	      0.10900952	      0.03053365	      0.06571241	      0.14891714	      0.04720099	      0.13651360	      0.03403523	      0.19933085	      0.08929283	      0.04244688	      0.10928943	      0.42094290	      0.09110304	      0.06896491	      0.09394297	      0.56899380	      0.05781254	      0.07218310	      0.05890026	      0.02111490	      0.04077711	      0.18887265	      0.08341259	      0.23696513	      4.79443319
      0.13800000	     -0.15759776	      0.14325663	      0.91882028	     -0.29921324	      0.19289398	     -0.09978762	      0.13998821	     -0.27189734	     -0.12261203	     -0.77250238	      0.92256722	     -0.04277294	      0.81488267	     -0.97721317	     -1.66488642	      1.36149332	     -0.55063817	      0.04731894	     -0.00715120	      0.07595271	      0.02175483	      0.06820841	      0.30613009	      0.10897423	      0.03012008	      0.06576434	      0.14625560	      0.04716731	      0.13413540	      0.03400973	      0.20058759	      0.08931668	      0.04598080	      0.10919672	      0.42215895	      0.09104730	      0.06793362	      0.09399716	      0.56898909	      0.05778109	      0.07264174	      0.05891149	      0.02130251	      0.04077396	      0.18870980	      0.08341668	      0.23696513	      4.81573874
      0.13900000	     -0.15837332	      0.14417785	      0.91877488	     -0.29837596	      0.19192217	     -0.10148890	      0.14134795	     -0.27243698	     -0.12255908	     -0.77859914	      0.91988024	     -0.04802781	      0.85960157	     -0.96651701	     -1.73726268	      1.35813909	     -0.52971958	      0.05862588	     -0.00727995	      0.07594018	      0.02146718	      0.06820729	      0.30871147	      0.10893849	      0.02971257	      0.06581884	      0.14365580	      0.04713449	      0.13181025	      0.03398609	      0.20182049	      0.08933886	      0.04967571	      0.10910344	      0.42338183	      0.09099216	      0.06692032	      0.09405066	      0.56898452	      0.05774988	      0.07310405	      0.05892283	      0.02149812	      0.04077107	      0.18854946	      0.08342048	      0.23696513	      4.83692556
      0.14000000	     -0.15915492	      0.14509640	      0.91872424	     -0.29749418	      0.19096072	     -0.10326138	      0.14270479	     -0.27295863	     -0.12249471	     -0.78458822	      0.91722324	     -0.05323987	      0.90390305	     -0.95648303	     -1.80734468	      1.35566925	     -0.51435429	      0.07014987	     -0.00740870	      0.07592722	      0.02118357	      0.06820619	      0.31147635	      0.10890218	      0.02931102	      0.06587580	      0.14111580	      0.04710246	      0.12953658	      0.03396418	      0.20300969	      0.08935955	      0.05371157	      0.10900924	      0.42461336	      0.09093762	      0.06592461	      0.09410350	      0.56898011	      0.05771890	      0.07357027	      0.05893428	      0.02170276	      0.04076845	      0.18839144	      0.08342397	      0.23696513	      4.85802177
      0.14100000	     -0.15994246	      0.14601230	      0.91866841	     -0.29656827	      0.19000899	     -0.10510297	      0.14405958	     -0.27346698	     -0.12241876	     -0.79047262	      0.91459391	     -0.05840847	      0.94786060	     -0.94708745	     -1.87555303	      1.35406482	     -0.50286138	      0.08176008	     -0.00753745	      0.07591386	      0.02090392	      0.06820511	      0.31440734	      0.10886515	      0.02891533	      0.06593515	      0.13863377	      0.04707111	      0.12731286	      0.03394386	      0.20413475	      0.08937895	      0.05803052	      0.10891369	      0.42585383	      0.09088365	      0.06494612	      0.09415571	      0.56897585	      0.05768813	      0.07404065	      0.05894587	      0.02191743	      0.04076610	      0.18823551	      0.08342714	      0.23696513	      4.87905473
      0.14200000	     -0.16073584	      0.14692559	      0.91860744	     -0.29559855	      0.18906634	     -0.10701200	      0.14541320	     -0.27396512	     -0.12233120	     -0.79625520	      0.91198997	     -0.06353307	      0.99154526	     -0.93830702	     -1.94229335	      1.35330712	     -0.49368171	      0.09333744	     -0.00766620	      0.07590015	      0.02062818	      0.06820404	      0.31748656	      0.10882727	      0.02852540	      0.06599683	      0.13620793	      0.04704037	      0.12513764	      0.03392504	      0.20518176	      0.08939725	      0.06258073	      0.10881662	      0.42710349	      0.09083023	      0.06398449	      0.09420732	      0.56897173	      0.05765755	      0.07451544	      0.05895760	      0.02214267	      0.04076402	      0.18808149	      0.08342998	      0.23696513	      4.90005107
      0.14300000	     -0.16153494	      0.14783629	      0.91854136	     -0.29458525	      0.18813218	     -0.10898719	      0.14676647	     -0.27445465	     -0.12223213	     -0.80193874	      0.90940925	     -0.06861310	      1.03502307	     -0.93011892	     -2.00794322	      1.35337709	     -0.48541303	      0.10477824	     -0.00779495	      0.07588613	      0.02035628	      0.06820299	      0.32069636	      0.10878845	      0.02814113	      0.06606077	      0.13383657	      0.04701014	      0.12300951	      0.03390757	      0.20614292	      0.08941463	      0.06731673	      0.10871804	      0.42836253	      0.09077733	      0.06303934	      0.09425834	      0.56896775	      0.05762716	      0.07499485	      0.05896949	      0.02237874	      0.04076222	      0.18792920	      0.08343247	      0.23696513	      4.92103681
      0.14400000	     -0.16233968	      0.14874442	      0.91847023	     -0.29352855	      0.18720591	     -0.11102763	      0.14812022	     -0.27493585	     -0.12212172	     -0.80752587	      0.90684973	     -0.07364792	      1.07835307	     -0.92250083	     -2.07284201	      1.35425474	     -0.47683603	      0.11599631	     -0.00792370	      0.07587184	      0.02008817	      0.06820195	      0.32401974	      0.10874859	      0.02776245	      0.06612694	      0.13151806	      0.04698033	      0.12092711	      0.03389138	      0.20701563	      0.08943125	      0.07219920	      0.10861803	      0.42963109	      0.09072492	      0.06211034	      0.09430882	      0.56896389	      0.05759693	      0.07547914	      0.05898155	      0.02262578	      0.04076071	      0.18777844	      0.08343460	      0.23696513	      4.94203729
      0.14500000	     -0.16314996	      0.14965000	      0.91839408	     -0.29242858	      0.18628699	     -0.11313272	      0.14947524	     -0.27540788	     -0.12200023	     -0.81301898	      0.90430959	     -0.07863678	      1.12158569	     -0.91543109	     -2.13728327	      1.35591885	     -0.46693225	      0.12692385	     -0.00805245	      0.07585730	      0.01982379	      0.06820092	      0.32744064	      0.10870764	      0.02738924	      0.06619533	      0.12925083	      0.04695087	      0.11888915	      0.03387635	      0.20780148	      0.08944725	      0.07719455	      0.10851676	      0.43090929	      0.09067298	      0.06119715	      0.09435876	      0.56896017	      0.05756684	      0.07596865	      0.05899379	      0.02288396	      0.04075947	      0.18762905	      0.08343636	      0.23696513	      4.96307729
      0.14600000	     -0.16396569	      0.15055304	      0.91831297	     -0.29128540	      0.18537487	     -0.11530213	      0.15083231	     -0.27586900	     -0.12186798	     -0.81842015	      0.90178727	     -0.08357873	      1.16476166	     -0.90888908	     -2.20150990	      1.35834712	     -0.45489361	      0.13751072	     -0.00818120	      0.07584255	      0.01956308	      0.06819992	      0.33094418	      0.10866554	      0.02702142	      0.06626592	      0.12703337	      0.04692167	      0.11689437	      0.03386241	      0.20850525	      0.08946273	      0.08227446	      0.10841443	      0.43219718	      0.09062149	      0.06029942	      0.09440820	      0.56895657	      0.05753689	      0.07646386	      0.05900622	      0.02315355	      0.04075851	      0.18748082	      0.08343774	      0.23696513	      4.98418093
      0.14700000	     -0.16478677	      0.15145358	      0.91822694	     -0.29009906	      0.18446904	     -0.11753574	      0.15219218	     -0.27631675	     -0.12172533	     -0.82373107	      0.89928152	     -0.08847262	      1.20791140	     -0.90285551	     -2.26571173	      1.36151651	     -0.44012291	      0.14772239	     -0.00830995	      0.07582762	      0.01930599	      0.06819892	      0.33451670	      0.10862226	      0.02665891	      0.06633870	      0.12486421	      0.04689266	      0.11494157	      0.03384950	      0.20913408	      0.08947779	      0.08741525	      0.10831124	      0.43349482	      0.09057042	      0.05941685	      0.09445716	      0.56895309	      0.05750705	      0.07696532	      0.05901886	      0.02343498	      0.04075783	      0.18733356	      0.08343874	      0.23696513	      5.00537178
      0.14800000	     -0.16561312	      0.15235161	      0.91813604	     -0.28886958	      0.18356900	     -0.11983359	      0.15355559	     -0.27674820	     -0.12157267	     -0.82895292	      0.89679144	     -0.09331707	      1.25105485	     -0.89731270	     -2.33002545	      1.36540379	     -0.42222543	      0.15753689	     -0.00843870	      0.07581252	      0.01905246	      0.06819794	      0.33814580	      0.10857775	      0.02630162	      0.06641369	      0.12274197	      0.04686378	      0.11302959	      0.03383756	      0.20969665	      0.08949249	      0.09259740	      0.10820741	      0.43480223	      0.09051974	      0.05854912	      0.09450566	      0.56894973	      0.05747731	      0.07747372	      0.05903171	      0.02372876	      0.04075741	      0.18718706	      0.08343934	      0.23696513	      5.02667280
      0.14900000	     -0.16644465	      0.15324716	      0.91804032	     -0.28759695	      0.18267426	     -0.12219585	      0.15492322	     -0.27716009	     -0.12141039	     -0.83408638	      0.89431644	     -0.09811047	      1.29420181	     -0.89224486	     -2.39453663	      1.36998614	     -0.40099181	      0.16694136	     -0.00856745	      0.07579726	      0.01880244	      0.06819698	      0.34182041	      0.10853201	      0.02594946	      0.06649089	      0.12066530	      0.04683498	      0.11115729	      0.03382656	      0.21020249	      0.08950686	      0.09780496	      0.10810313	      0.43611942	      0.09046943	      0.05769592	      0.09455372	      0.56894647	      0.05744765	      0.07798976	      0.05904478	      0.02403551	      0.04075725	      0.18704110	      0.08343955	      0.23696513	      5.04810642
      0.15000000	     -0.16728126	      0.15414025	      0.91793984	     -0.28628117	      0.18178436	     -0.12462274	      0.15629578	     -0.27754905	     -0.12123892	     -0.83913161	      0.89185632	     -0.10285098	      1.33735263	     -0.88763812	     -2.45928346	      1.37524163	     -0.37637351	      0.17592863	     -0.00869620	      0.07578187	      0.01855587	      0.06819603	      0.34553066	      0.10848502	      0.02560235	      0.06657031	      0.11863291	      0.04680621	      0.10932360	      0.03381646	      0.21066143	      0.08952091	      0.10302509	      0.10799859	      0.43744636	      0.09041947	      0.05685696	      0.09460136	      0.56894333	      0.05741805	      0.07851421	      0.05905807	      0.02435582	      0.04075733	      0.18689546	      0.08343936	      0.23696513	      5.06969456
      0.15100000	     -0.16812288	      0.15503088	      0.91783464	     -0.28492225	      0.18089883	     -0.12711450	      0.15767393	     -0.27791173	     -0.12105867	     -0.84408825	      0.88941119	     -0.10753660	      1.38049917	     -0.88348063	     -2.52426189	      1.38114970	     -0.34845261	      0.18449435	     -0.00882495	      0.07576635	      0.01831270	      0.06819509	      0.34926783	      0.10843676	      0.02526021	      0.06665198	      0.11664354	      0.04677743	      0.10752748	      0.03380727	      0.21108312	      0.08953464	      0.10824758	      0.10789397	      0.43878304	      0.09036982	      0.05603195	      0.09464861	      0.56894029	      0.05738850	      0.07904781	      0.05907158	      0.02469026	      0.04075765	      0.18674991	      0.08343878	      0.23696513	      5.09145869
      0.15200000	     -0.16896941	      0.15591908	      0.91772478	     -0.28352018	      0.18001725	     -0.12967133	      0.15905829	     -0.27824492	     -0.12087007	     -0.84895546	      0.88698143	     -0.11216511	      1.42362602	     -0.87976238	     -2.58943175	      1.38769128	     -0.31740796	      0.19263491	     -0.00895370	      0.07575072	      0.01807288	      0.06819417	      0.35302417	      0.10838723	      0.02492296	      0.06673592	      0.11469600	      0.04674861	      0.10576793	      0.03379898	      0.21147669	      0.08954802	      0.11346427	      0.10778940	      0.44012942	      0.09032047	      0.05522060	      0.09469549	      0.56893735	      0.05735898	      0.07959123	      0.05908532	      0.02503930	      0.04075819	      0.18660424	      0.08343780	      0.23696513	      5.11341994
      0.15300000	     -0.16982076	      0.15680485	      0.91761033	     -0.28207501	      0.17913917	     -0.13229340	      0.16044951	     -0.27854559	     -0.12067355	     -0.85373202	      0.88456772	     -0.11673418	      1.46671182	     -0.87647507	     -2.65472335	      1.39484896	     -0.28348004	      0.20034607	     -0.00908245	      0.07573497	      0.01783636	      0.06819325	      0.35679283	      0.10833644	      0.02459053	      0.06682214	      0.11278912	      0.04671972	      0.10404395	      0.03379160	      0.21185041	      0.08956101	      0.11866872	      0.10768504	      0.44148544	      0.09027140	      0.05442265	      0.09474200	      0.56893451	      0.05732948	      0.08014510	      0.05909928	      0.02540331	      0.04075893	      0.18645822	      0.08343643	      0.23696513	      5.13559909
      0.15400000	     -0.17067684	      0.15768822	      0.91749133	     -0.28058678	      0.17826416	     -0.13498079	      0.16184819	     -0.27881101	     -0.12046952	     -0.85841634	      0.88217092	     -0.12124138	      1.50973065	     -0.87361191	     -2.72004437	      1.40260681	     -0.24693695	      0.20762243	     -0.00921120	      0.07571910	      0.01760310	      0.06819236	      0.36056775	      0.10828439	      0.02426282	      0.06691065	      0.11092180	      0.04669075	      0.10235463	      0.03378515	      0.21221152	      0.08957355	      0.12385586	      0.10758101	      0.44285104	      0.09022257	      0.05363781	      0.09478819	      0.56893177	      0.05729999	      0.08070992	      0.05911347	      0.02578253	      0.04075987	      0.18631163	      0.08343468	      0.23696513	      5.15801672
      0.15500000	     -0.17153756	      0.15856920	      0.91736787	     -0.27905558	      0.17739180	     -0.13773346	      0.16325492	     -0.27903868	     -0.12025845	     -0.86300656	      0.87979207	     -0.12568420	      1.55265328	     -0.87116731	     -2.78528650	      1.41095023	     -0.20804368	      0.21445748	     -0.00933995	      0.07570313	      0.01737303	      0.06819147	      0.36434355	      0.10823107	      0.02393978	      0.06700148	      0.10909295	      0.04666169	      0.10069906	      0.03377966	      0.21256610	      0.08958558	      0.12902170	      0.10747741	      0.44422618	      0.09017398	      0.05286584	      0.09483405	      0.56892911	      0.05727048	      0.08128612	      0.05912787	      0.02617706	      0.04076097	      0.18616427	      0.08343254	      0.23696513	      5.18069321
      0.15600000	     -0.17240283	      0.15944781	      0.91723999	     -0.27748152	      0.17652168	     -0.14055129	      0.16467028	     -0.27922639	     -0.12004076	     -0.86750060	      0.87743236	     -0.13006007	      1.59544852	     -0.86913671	     -2.85033189	      1.41986566	     -0.16703691	      0.22084404	     -0.00946870	      0.07568705	      0.01714612	      0.06819060	      0.36811548	      0.10817649	      0.02362132	      0.06709463	      0.10730154	      0.04663254	      0.09907635	      0.03377517	      0.21291892	      0.08959703	      0.13416312	      0.10737435	      0.44561076	      0.09012559	      0.05210647	      0.09487961	      0.56892655	      0.05724095	      0.08187401	      0.05914250	      0.02658687	      0.04076223	      0.18601592	      0.08343002	      0.23696513	      5.20364880
      0.15700000	     -0.17327253	      0.16032407	      0.91710777	     -0.27586474	      0.17565339	     -0.14343402	      0.16609484	     -0.27937212	     -0.11981691	     -0.87189624	      0.87509308	     -0.13436643	      1.63808428	     -0.86751630	     -2.91505916	      1.42934034	     -0.12410739	      0.22677492	     -0.00959745	      0.07567087	      0.01692231	      0.06818974	      0.37187936	      0.10812067	      0.02330737	      0.06719012	      0.10554656	      0.04660329	      0.09748566	      0.03377171	      0.21327350	      0.08960783	      0.13927770	      0.10727192	      0.44700471	      0.09007738	      0.05135946	      0.09492490	      0.56892407	      0.05721138	      0.08247380	      0.05915733	      0.02701178	      0.04076363	      0.18586641	      0.08342713	      0.23696513	      5.22690368
      0.15800000	     -0.17414658	      0.16119800	      0.91697128	     -0.27420541	      0.17478652	     -0.14638127	      0.16752915	     -0.27947401	     -0.11958736	     -0.87619109	      0.87277559	     -0.13860068	      1.68052874	     -0.86630289	     -2.97934931	      1.43936199	     -0.07939206	      0.23224354	     -0.00972620	      0.07565459	      0.01670157	      0.06818889	      0.37563145	      0.10806361	      0.02299787	      0.06728794	      0.10382705	      0.04657395	      0.09592618	      0.03376932	      0.21363211	      0.08961790	      0.14436354	      0.10717019	      0.44840795	      0.09002934	      0.05062457	      0.09496992	      0.56892167	      0.05718175	      0.08308563	      0.05917238	      0.02745154	      0.04076516	      0.18571554	      0.08342388	      0.23696513	      5.25047795
      0.15900000	     -0.17502488	      0.16206963	      0.91683059	     -0.27250375	      0.17392065	     -0.14939254	      0.16897374	     -0.27953034	     -0.11935257	     -0.88038271	      0.87048132	     -0.14276021	      1.72275138	     -0.86549372	     -3.04309198	      1.44991865	     -0.03297783	      0.23724435	     -0.00985495	      0.07563821	      0.01648384	      0.06818805	      0.37936845	      0.10800533	      0.02269274	      0.06738810	      0.10214208	      0.04654454	      0.09439711	      0.03376807	      0.21399585	      0.08962718	      0.14941913	      0.10706922	      0.44982039	      0.08998144	      0.04990156	      0.09501470	      0.56891935	      0.05715206	      0.08370953	      0.05918762	      0.02790583	      0.04076679	      0.18556314	      0.08342029	      0.23696513	      5.27439169
      0.16000000	     -0.17590731	      0.16293897	      0.91668578	     -0.27075999	      0.17305539	     -0.15246724	      0.17042916	     -0.27953942	     -0.11911303	     -0.88446854	      0.86821179	     -0.14684241	      1.76472439	     -0.86508640	     -3.10619342	      1.46099849	      0.01508189	      0.24177305	     -0.00998370	      0.07562174	      0.01626908	      0.06818723	      0.38308737	      0.10794582	      0.02239191	      0.06749059	      0.10049073	      0.04651506	      0.09289769	      0.03376799	      0.21436478	      0.08963559	      0.15444323	      0.10696909	      0.45124193	      0.08993367	      0.04919019	      0.09505925	      0.56891711	      0.05712230	      0.08434549	      0.05920306	      0.02837428	      0.04076852	      0.18540904	      0.08341635	      0.23696513	      5.29866499
      0.16100000	     -0.17679378	      0.16380606	      0.91653693	     -0.26897440	      0.17219035	     -0.15560469	      0.17189591	     -0.27949964	     -0.11886918	     -0.88844594	      0.86596856	     -0.15084455	      1.80642468	     -0.86507886	     -3.16858950	      1.47258972	      0.06474263	      0.24582631	     -0.01011245	      0.07560519	      0.01605725	      0.06818642	      0.38678554	      0.10788510	      0.02209531	      0.06759541	      0.09887214	      0.04648554	      0.09142718	      0.03376915	      0.21473808	      0.08964306	      0.15943481	      0.10686984	      0.45267248	      0.08988600	      0.04849025	      0.09510359	      0.56891494	      0.05709244	      0.08499345	      0.05921868	      0.02885653	      0.04077033	      0.18525307	      0.08341208	      0.23696513	      5.32331792
      0.16200000	     -0.17768417	      0.16467092	      0.91638412	     -0.26714724	      0.17132510	     -0.15880418	      0.17337451	     -0.27940941	     -0.11862153	     -0.89231219	      0.86375327	     -0.15476374	      1.84783890	     -0.86546921	     -3.23027780	      1.48468045	      0.11598178	      0.24940127	     -0.01024120	      0.07558856	      0.01584830	      0.06818562	      0.39046051	      0.10782319	      0.02180289	      0.06770254	      0.09728547	      0.04645600	      0.08998486	      0.03377160	      0.21511417	      0.08964953	      0.16439293	      0.10677152	      0.45411192	      0.08983841	      0.04780152	      0.09514774	      0.56891285	      0.05706248	      0.08565332	      0.05923449	      0.02935223	      0.04077220	      0.18509509	      0.08340749	      0.23696513	      5.34837053
      0.16300000	     -0.17857837	      0.16553358	      0.91622744	     -0.26527881	      0.17045927	     -0.16206507	      0.17486544	     -0.27926704	     -0.11837054	     -0.89606448	      0.86156765	     -0.15859656	      1.88898001	     -0.86625568	     -3.29142750	      1.49725853	      0.16902018	      0.25249414	     -0.01036995	      0.07557185	      0.01564219	      0.06818483	      0.39411004	      0.10776009	      0.02151457	      0.06781198	      0.09572991	      0.04642647	      0.08857003	      0.03377542	      0.21549093	      0.08965493	      0.16931670	      0.10667417	      0.45556016	      0.08979088	      0.04712377	      0.09519172	      0.56891082	      0.05703241	      0.08632496	      0.05925047	      0.02986104	      0.04077413	      0.18493494	      0.08340261	      0.23696513	      5.37384290
      0.16400000	     -0.17947626	      0.16639406	      0.91606696	     -0.26336938	      0.16959246	     -0.16538685	      0.17636918	     -0.27907128	     -0.11811670	     -0.89969955	      0.85941368	     -0.16233993	      1.92983567	     -0.86743767	     -3.35202774	      1.51031259	      0.22232318	      0.25510451	     -0.01049870	      0.07555508	      0.01543888	      0.06818405	      0.39773203	      0.10769582	      0.02123029	      0.06792373	      0.09420465	      0.04639698	      0.08718204	      0.03378070	      0.21586580	      0.08965921	      0.17420526	      0.10657780	      0.45701707	      0.08974340	      0.04645681	      0.09523554	      0.56890886	      0.05700221	      0.08700823	      0.05926662	      0.03038267	      0.04077610	      0.18477247	      0.08339743	      0.23696513	      5.39975513
      0.16500000	     -0.18037773	      0.16725242	      0.91590279	     -0.26141924	      0.16872427	     -0.16876888	      0.17788622	     -0.27882314	     -0.11786049	     -0.90321440	      0.85729321	     -0.16599150	      1.97036963	     -0.86901379	     -3.41189312	      1.52383036	      0.27342043	      0.25723440	     -0.01062745	      0.07553826	      0.01523832	      0.06818328	      0.40132452	      0.10763038	      0.02094998	      0.06803777	      0.09270895	      0.04636757	      0.08582022	      0.03378752	      0.21623596	      0.08966231	      0.17905770	      0.10648245	      0.45848253	      0.08969594	      0.04580042	      0.09527922	      0.56890697	      0.05697188	      0.08770300	      0.05928293	      0.03091687	      0.04077809	      0.18460755	      0.08339197	      0.23696513	      5.42612730
      0.16600000	     -0.18128265	      0.16810866	      0.91573501	     -0.25942875	      0.16785430	     -0.17221034	      0.17941699	     -0.27852585	     -0.11760239	     -0.90660711	      0.85520754	     -0.16954941	      2.01055389	     -0.87097942	     -3.47087419	      1.53779670	      0.32033442	      0.25888582	     -0.01075620	      0.07552139	      0.01504049	      0.06818252	      0.40488562	      0.10756380	      0.02067360	      0.06815410	      0.09124207	      0.04633827	      0.08448394	      0.03379600	      0.21659844	      0.08966419	      0.18387311	      0.10638813	      0.45995644	      0.08964849	      0.04515440	      0.09532278	      0.56890514	      0.05694141	      0.08840910	      0.05929940	      0.03146339	      0.04078010	      0.18444003	      0.08338625	      0.23696513	      5.45297948
      0.16700000	     -0.18219090	      0.16896284	      0.91556372	     -0.25739826	      0.16698218	     -0.17571030	      0.18096195	     -0.27818429	     -0.11734288	     -0.90987733	      0.85315724	     -0.17301247	      2.05037220	     -0.87332565	     -3.52887612	      1.55219324	      0.36182183	      0.26006135	     -0.01088495	      0.07550449	      0.01484533	      0.06818178	      0.40841356	      0.10749607	      0.02040107	      0.06827269	      0.08980328	      0.04630909	      0.08317260	      0.03380621	      0.21695023	      0.08966481	      0.18865049	      0.10629484	      0.46143864	      0.08960102	      0.04451857	      0.09536623	      0.56890337	      0.05691077	      0.08912638	      0.05931601	      0.03202203	      0.04078210	      0.18426979	      0.08338029	      0.23696513	      5.48033155
      0.16800000	     -0.18310236	      0.16981499	      0.91538901	     -0.25532813	      0.16610753	     -0.17926775	      0.18252152	     -0.27780416	     -0.11708242	     -0.91302645	      0.85114202	     -0.17638026	      2.08982122	     -0.87603890	     -3.58586607	      1.56699829	      0.39748851	      0.26076326	     -0.01101370	      0.07548756	      0.01465281	      0.06818104	      0.41190658	      0.10742721	      0.02013234	      0.06839354	      0.08839191	      0.04628004	      0.08188560	      0.03381825	      0.21728838	      0.08966418	      0.19338881	      0.10620258	      0.46292902	      0.08955351	      0.04389273	      0.09540960	      0.56890166	      0.05687998	      0.08985468	      0.05933276	      0.03259258	      0.04078410	      0.18409671	      0.08337409	      0.23696513	      5.50820314
      0.16900000	     -0.18401691	      0.17066514	      0.91521099	     -0.25321874	      0.16522999	     -0.18288170	      0.18409608	     -0.27739111	     -0.11682151	     -0.91605753	      0.84916077	     -0.17965310	      2.12890970	     -0.87910130	     -3.64187121	      1.58218743	      0.42777869	      0.26099282	     -0.01114245	      0.07547062	      0.01446290	      0.06818031	      0.41536301	      0.10735724	      0.01986734	      0.06851662	      0.08700728	      0.04625112	      0.08062238	      0.03383218	      0.21761001	      0.08966229	      0.19808696	      0.10611134	      0.46442744	      0.08950595	      0.04327670	      0.09545289	      0.56890001	      0.05684901	      0.09059383	      0.05934964	      0.03317482	      0.04078606	      0.18392065	      0.08336769	      0.23696513	      5.53661342
      0.17000000	     -0.18493444	      0.17151332	      0.91502974	     -0.25107043	      0.16434922	     -0.18655119	      0.18568601	     -0.27695001	     -0.11656060	     -0.91897499	      0.84721171	     -0.18283200	      2.16765584	     -0.88249167	     -3.69696801	      1.59773437	      0.45384281	      0.26074982	     -0.01127120	      0.07545369	      0.01427554	      0.06817960	      0.41878118	      0.10728617	      0.01960603	      0.06864191	      0.08564875	      0.04622230	      0.07938237	      0.03384801	      0.21791239	      0.08965916	      0.20274379	      0.10602111	      0.46593375	      0.08945832	      0.04267029	      0.09549613	      0.56889841	      0.05681785	      0.09134369	      0.05936664	      0.03376854	      0.04078799	      0.18374152	      0.08336108	      0.23696513	      5.56558107
      0.17100000	     -0.18585482	      0.17235957	      0.91484536	     -0.24888356	      0.16346489	     -0.19027533	      0.18729167	     -0.27648432	     -0.11630017	     -0.92176019	      0.84530159	     -0.18591808	      2.20595342	     -0.88624572	     -3.75106255	      1.61365704	      0.47719966	      0.26002055	     -0.01139995	      0.07543677	      0.01409071	      0.06818475	      0.42215947	      0.10721400	      0.01934834	      0.06876939	      0.08431568	      0.04619357	      0.07816503	      0.03386573	      0.21819294	      0.08965483	      0.20735807	      0.10593187	      0.46744780	      0.08941061	      0.04207333	      0.09553933	      0.56889687	      0.05678651	      0.09210408	      0.05938376	      0.03437349	      0.04078987	      0.18355921	      0.08335430	      0.23696513	      5.59512453
      0.17200000	     -0.18677786	      0.17320396	      0.91465793	     -0.24665894	      0.16257649	     -0.19405259	      0.18891353	     -0.27599614	     -0.11604074	     -0.92427441	      0.84348209	     -0.18891087	      2.24304359	     -0.89068923	     -3.80305691	      1.63018323	      0.49904378	      0.25874197	     -0.01152870	      0.07541988	      0.01390837	      0.06823120	      0.42549625	      0.10714075	      0.01909423	      0.06889904	      0.08300747	      0.04616488	      0.07696983	      0.03388528	      0.21844924	      0.08964934	      0.21192854	      0.10584359	      0.46896944	      0.08936278	      0.04148564	      0.09558251	      0.56889537	      0.05675497	      0.09287484	      0.05940099	      0.03498940	      0.04079168	      0.18337362	      0.08334736	      0.23696513	      5.62526756
      0.17300000	     -0.18770328	      0.17404657	      0.91446757	     -0.24439790	      0.16168328	     -0.19788073	      0.19055223	     -0.27548614	     -0.11578284	     -0.92650892	      0.84175618	     -0.19181186	      2.27887388	     -0.89582058	     -3.85295439	      1.64727622	      0.52117847	      0.25697045	     -0.01165745	      0.07540304	      0.01372848	      0.06832276	      0.42878989	      0.10706644	      0.01884363	      0.06903081	      0.08172353	      0.04613622	      0.07579629	      0.03390658	      0.21867909	      0.08964272	      0.21645387	      0.10575626	      0.47049852	      0.08931483	      0.04090705	      0.09562569	      0.56889393	      0.05672321	      0.09365579	      0.05941831	      0.03561598	      0.04079342	      0.18318466	      0.08334027	      0.23696513	      5.65603925
      0.17400000	     -0.18863082	      0.17488749	      0.91427434	     -0.24210145	      0.16078470	     -0.20175808	      0.19220820	     -0.27495301	     -0.11552693	     -0.92855505	      0.84008946	     -0.19462391	      2.31393332	     -0.90139674	     -3.90158700	      1.66472622	      0.54558442	      0.25478986	     -0.01178620	      0.07538626	      0.01355101	      0.06843863	      0.43203879	      0.10699108	      0.01859649	      0.06916464	      0.08046329	      0.04610755	      0.07464388	      0.03392952	      0.21888047	      0.08963501	      0.22093267	      0.10566985	      0.47203488	      0.08926672	      0.04033740	      0.09566888	      0.56889253	      0.05669125	      0.09444677	      0.05943573	      0.03625288	      0.04079506	      0.18299227	      0.08333306	      0.23696513	      5.68746356
      0.17500000	     -0.18956034	      0.17572676	      0.91407835	     -0.23977019	      0.15988039	     -0.20568366	      0.19388176	     -0.27439376	     -0.11527339	     -0.93047066	      0.83846027	     -0.19734916	      2.34852653	     -0.90726463	     -3.94947420	      1.68241054	      0.57358002	      0.25223458	     -0.01191495	      0.07536956	      0.01337592	      0.06856579	      0.43524128	      0.10691469	      0.01835276	      0.06930049	      0.07922619	      0.04607886	      0.07351215	      0.03395403	      0.21905174	      0.08962625	      0.22536347	      0.10558432	      0.47357834	      0.08921844	      0.03977653	      0.09571212	      0.56889119	      0.05665906	      0.09524759	      0.05945323	      0.03689975	      0.04079660	      0.18279636	      0.08332574	      0.23696513	      5.71955839
      0.17600000	     -0.19049173	      0.17656442	      0.91387967	     -0.23740451	      0.15897010	     -0.20965685	      0.19557308	     -0.27380446	     -0.11502259	     -0.93228224	      0.83685887	     -0.19998892	      2.38278519	     -0.91335209	     -3.99683572	      1.70027199	      0.60572839	      0.24928396	     -0.01204370	      0.07535294	      0.01320318	      0.06869856	      0.43839571	      0.10683729	      0.01811239	      0.06943835	      0.07801170	      0.04605013	      0.07240063	      0.03398004	      0.21919217	      0.08961645	      0.22974476	      0.10549964	      0.47512874	      0.08916997	      0.03922428	      0.09575541	      0.56888988	      0.05662663	      0.09605806	      0.05947081	      0.03755619	      0.04079803	      0.18259688	      0.08331834	      0.23696513	      5.75233864
      0.17700000	     -0.19142488	      0.17740049	      0.91367840	     -0.23500471	      0.15805362	     -0.21367717	      0.19728235	     -0.27318095	     -0.11477496	     -0.93400088	      0.83528149	     -0.20254386	      2.41675519	     -0.91962662	     -4.04372803	      1.71828468	      0.64191543	      0.24590610	     -0.01217245	      0.07533643	      0.01303276	      0.06883465	      0.44150045	      0.10675889	      0.01787533	      0.06957820	      0.07681929	      0.04602139	      0.07130885	      0.03400750	      0.21930231	      0.08960562	      0.23407504	      0.10541580	      0.47668589	      0.08912129	      0.03868048	      0.09579878	      0.56888862	      0.05659397	      0.09687799	      0.05948845	      0.03822180	      0.04079933	      0.18239379	      0.08331086	      0.23696513	      5.78581792
      0.17800000	     -0.19235970	      0.17823499	      0.91347461	     -0.23257109	      0.15713079	     -0.21774414	      0.19900970	     -0.27251950	     -0.11453094	     -0.93563080	      0.83372707	     -0.20501424	      2.45044401	     -0.92607310	     -4.09012272	      1.73643440	      0.68147686	      0.24207388	     -0.01230120	      0.07532003	      0.01286461	      0.06897320	      0.44455399	      0.10667952	      0.01764153	      0.06972003	      0.07564846	      0.04599263	      0.07023639	      0.03403643	      0.21938430	      0.08959375	      0.23835297	      0.10533276	      0.47824963	      0.08907238	      0.03814500	      0.09584224	      0.56888740	      0.05656107	      0.09770718	      0.05950615	      0.03889615	      0.04080049	      0.18218703	      0.08330334	      0.23696513	      5.82000929
      0.17900000	     -0.19329611	      0.17906795	      0.91326840	     -0.23010392	      0.15620142	     -0.22185723	      0.20075526	     -0.27181722	     -0.11429097	     -0.93717320	      0.83219580	     -0.20740006	      2.48384217	     -0.93268388	     -4.13594718	      1.75471056	      0.72335897	      0.23777387	     -0.01242995	      0.07530375	      0.01269872	      0.06911384	      0.44755499	      0.10659918	      0.01741093	      0.06986383	      0.07449871	      0.04596389	      0.06918281	      0.03406683	      0.21944173	      0.08958083	      0.24257744	      0.10525050	      0.47981977	      0.08902322	      0.03761768	      0.09588580	      0.56888622	      0.05652792	      0.09854542	      0.05952390	      0.03957878	      0.04080151	      0.18197659	      0.08329579	      0.23696513	      5.85492551
      0.18000000	     -0.19423402	      0.17989939	      0.91305984	     -0.22760351	      0.15526537	     -0.22601582	      0.20251916	     -0.27107243	     -0.11405555	     -0.93862794	      0.83068840	     -0.20970125	      2.51693332	     -0.93945423	     -4.18110876	      1.77310257	      0.76629700	      0.23300647	     -0.01255870	      0.07528761	      0.01253504	      0.06925644	      0.45050236	      0.10651789	      0.01718350	      0.07000959	      0.07336958	      0.04593520	      0.06814771	      0.03409874	      0.21947941	      0.08956684	      0.24674766	      0.10516899	      0.48139614	      0.08897380	      0.03709838	      0.09592947	      0.56888508	      0.05649451	      0.09939249	      0.05954169	      0.04026924	      0.04080237	      0.18176243	      0.08328822	      0.23696513	      5.89057908
      0.18100000	     -0.19517334	      0.18072933	      0.91284902	     -0.22507016	      0.15432246	     -0.23021919	      0.20430150	     -0.27028471	     -0.11382511	     -0.93999443	      0.82920579	     -0.21191778	      2.54969942	     -0.94638022	     -4.22551129	      1.79159860	      0.80899055	      0.22778399	     -0.01268745	      0.07527161	      0.01237356	      0.06940094	      0.45339528	      0.10643566	      0.01695918	      0.07015730	      0.07226059	      0.04590660	      0.06713068	      0.03413220	      0.21950283	      0.08955174	      0.25086324	      0.10508821	      0.48297855	      0.08892410	      0.03658695	      0.09597326	      0.56888398	      0.05646085	      0.10024818	      0.05955952	      0.04096706	      0.04080307	      0.18154455	      0.08328066	      0.23696513	      5.92698221
      0.18200000	     -0.19611398	      0.18155781	      0.91263603	     -0.22250422	      0.15337256	     -0.23446656	      0.20610238	     -0.26945493	     -0.11360013	     -0.94127207	      0.82774884	     -0.21404978	      2.58212361	     -0.95345753	     -4.26906692	      1.81018518	      0.85025663	      0.22212683	     -0.01281620	      0.07525578	      0.01223516	      0.06954729	      0.45623206	      0.10635252	      0.01673794	      0.07030694	      0.07117130	      0.04587812	      0.06613133	      0.03416721	      0.21951755	      0.08953551	      0.25492246	      0.10500815	      0.48456681	      0.08887412	      0.03608326	      0.09601717	      0.56888292	      0.05642693	      0.10111225	      0.05957737	      0.04167175	      0.04080358	      0.18132294	      0.08327313	      0.23696513	      5.96414670
      0.18300000	     -0.19705585	      0.18238484	      0.91242095	     -0.21990603	      0.15241550	     -0.23875702	      0.20792189	     -0.26858500	     -0.11338100	     -0.94246040	      0.82631833	     -0.21609767	      2.61419165	     -0.96068115	     -4.31170390	      1.82884750	      0.88914585	      0.21606045	     -0.01294495	      0.07524011	      0.01215193	      0.06969546	      0.45900443	      0.10626848	      0.01651971	      0.07045849	      0.07010126	      0.04584979	      0.06514927	      0.03420380	      0.21952869	      0.08951810	      0.25891410	      0.10492879	      0.48616062	      0.08882384	      0.03558718	      0.09606123	      0.56888189	      0.05639276	      0.10198445	      0.05959523	      0.04238279	      0.04080392	      0.18109760	      0.08326565	      0.23696513	      6.00208392
      0.18400000	     -0.19799887	      0.18321045	      0.91220386	     -0.21727596	      0.15145115	     -0.24308964	      0.20976010	     -0.26767765	     -0.11316814	     -0.94355916	      0.82491485	     -0.21806218	      2.64589227	     -0.96804543	     -4.35337067	      1.84756986	      0.92501452	      0.20961232	     -0.01307370	      0.07522463	      0.01210446	      0.06984542	      0.46170442	      0.10618354	      0.01630446	      0.07061193	      0.06905006	      0.04582163	      0.06418414	      0.03424194	      0.21954045	      0.08949949	      0.26282769	      0.10485013	      0.48775967	      0.08877325	      0.03509856	      0.09610543	      0.56888089	      0.05635832	      0.10286454	      0.05961309	      0.04309961	      0.04080405	      0.18086856	      0.08325823	      0.23696513	      6.04080466
      0.18500000	     -0.19894294	      0.18403468	      0.91198485	     -0.21461438	      0.15047936	     -0.24746343	      0.21161705	     -0.26673608	     -0.11296190	     -0.94456836	      0.82353882	     -0.21994438	      2.67721731	     -0.97554397	     -4.39403719	      1.86633622	      0.95755177	      0.20280946	     -0.01320245	      0.07520935	      0.01207413	      0.06999715	      0.46432911	      0.10609774	      0.01609215	      0.07076723	      0.06801728	      0.04579367	      0.06323558	      0.03428158	      0.21955573	      0.08947967	      0.26666036	      0.10477219	      0.48936369	      0.08872234	      0.03461728	      0.09614978	      0.56887993	      0.05632361	      0.10375231	      0.05963095	      0.04382167	      0.04080398	      0.18063584	      0.08325089	      0.23696513	      6.08031917
      0.18600000	     -0.19988797	      0.18485754	      0.91176400	     -0.21192165	      0.14950002	     -0.25187738	      0.21349278	     -0.26576366	     -0.11276263	     -0.94548821	      0.82219051	     -0.22174569	      2.70816133	     -0.98316977	     -4.43369352	      1.88513042	      0.98676598	      0.19567627	     -0.01333120	      0.07519429	      0.01205210	      0.07015062	      0.46687860	      0.10601110	      0.01588272	      0.07092437	      0.06700252	      0.04576590	      0.06230323	      0.03432266	      0.21957593	      0.08945861	      0.27041351	      0.10469497	      0.49097245	      0.08867111	      0.03414321	      0.09619429	      0.56887900	      0.05628864	      0.10464750	      0.05964879	      0.04454846	      0.04080370	      0.18039947	      0.08324366	      0.23696513	      6.12063702
      0.18700000	     -0.20083388	      0.18567907	      0.91154139	     -0.20919818	      0.14851298	     -0.25633048	      0.21538731	     -0.26476357	     -0.11257066	     -0.94631912	      0.82087003	     -0.22346780	      2.73872092	     -0.99091545	     -4.47234632	      1.90393660	      1.01293892	      0.18823402	     -0.01345995	      0.07517947	      0.01203473	      0.07030583	      0.46935420	      0.10592362	      0.01567614	      0.07108332	      0.06600539	      0.04573834	      0.06138676	      0.03436511	      0.21960105	      0.08943631	      0.27409011	      0.10461849	      0.49258576	      0.08861953	      0.03367622	      0.09623897	      0.56887810	      0.05625341	      0.10554990	      0.05966661	      0.04527949	      0.04080320	      0.18015949	      0.08323655	      0.23696513	      6.16176717
      0.18800000	     -0.20178058	      0.18649929	      0.91131709	     -0.20644434	      0.14751815	     -0.26082174	      0.21730065	     -0.26373863	     -0.11238627	     -0.94706150	      0.81957743	     -0.22511264	      2.76889372	     -0.99877363	     -4.51001413	      1.92273942	      1.03655804	      0.18050048	     -0.01358870	      0.07516491	      0.01202062	      0.07046274	      0.47175755	      0.10583532	      0.01547237	      0.07124405	      0.06502551	      0.04571097	      0.06048583	      0.03440882	      0.21962996	      0.08941276	      0.27769349	      0.10454276	      0.49420342	      0.08856762	      0.03321620	      0.09628382	      0.56887723	      0.05621791	      0.10645925	      0.05968440	      0.04601427	      0.04080247	      0.17991595	      0.08322958	      0.23696513	      6.20371791
      0.18900000	     -0.20272798	      0.18731823	      0.91109119	     -0.20366052	      0.14651540	     -0.26535019	      0.21923278	     -0.26269110	     -0.11220975	     -0.94771570	      0.81831276	     -0.22668231	      2.79867756	     -1.00673716	     -4.54672212	      1.94152422	      1.05823793	      0.17249074	     -0.01371745	      0.07515061	      0.01200922	      0.07062133	      0.47409034	      0.10574622	      0.01527137	      0.07140652	      0.06406251	      0.04568378	      0.05960012	      0.03445370	      0.21966078	      0.08938799	      0.28122675	      0.10446779	      0.49582523	      0.08851534	      0.03276303	      0.09632885	      0.56887639	      0.05618215	      0.10737528	      0.05970214	      0.04675229	      0.04080151	      0.17966891	      0.08322277	      0.23696513	      6.24649686
      0.19000000	     -0.20367598	      0.18813592	      0.91086375	     -0.20084712	      0.14550464	     -0.26991487	      0.22118369	     -0.26162258	     -0.11204138	     -0.94828188	      0.81707615	     -0.22817901	      2.82806963	     -1.01479947	     -4.58249711	      1.96027707	      1.07864107	      0.16421759	     -0.01384620	      0.07513662	      0.01200031	      0.07078158	      0.47635410	      0.10565633	      0.01507308	      0.07157072	      0.06311603	      0.04565676	      0.05872931	      0.03449967	      0.21969129	      0.08936199	      0.28469270	      0.10439359	      0.49745104	      0.08846271	      0.03231658	      0.09637406	      0.56887558	      0.05614613	      0.10829769	      0.05971983	      0.04749299	      0.04080030	      0.17941842	      0.08321614	      0.23696513	      6.29011101
      0.19100000	     -0.20462451	      0.18895239	      0.91063485	     -0.19800452	      0.14448577	     -0.27451488	      0.22315332	     -0.26053403	     -0.11188141	     -0.94875990	      0.81586779	     -0.22960497	      2.85706589	     -1.02295464	     -4.61736320	      1.97898477	      1.09840636	      0.15569276	     -0.01397495	      0.07512293	      0.01199379	      0.07094346	      0.47855019	      0.10556566	      0.01487749	      0.07173661	      0.06218572	      0.04562988	      0.05787310	      0.03454665	      0.21971927	      0.08933479	      0.28809371	      0.10432017	      0.49908064	      0.08840971	      0.03187675	      0.09641946	      0.56887480	      0.05610985	      0.10922615	      0.05973746	      0.04823579	      0.04079885	      0.17916457	      0.08320969	      0.23696513	      6.33456667
      0.19200000	     -0.20557347	      0.18976767	      0.91040457	     -0.19513312	      0.14345870	     -0.27914930	      0.22514163	     -0.25942579	     -0.11173009	     -0.94914933	      0.81468804	     -0.23096240	      2.88566075	     -1.03119757	     -4.65133859	      1.99763467	      1.11809121	      0.14692723	     -0.01410370	      0.07510958	      0.01198964	      0.07110696	      0.48067978	      0.10547421	      0.01468453	      0.07190416	      0.06127124	      0.04560314	      0.05703119	      0.03459456	      0.21974281	      0.08930641	      0.29143181	      0.10424754	      0.50071387	      0.08835634	      0.03144342	      0.09646505	      0.56887404	      0.05607331	      0.11016031	      0.05975502	      0.04898006	      0.04079715	      0.17890745	      0.08320346	      0.23696513	      6.37986955
      0.19300000	     -0.20652278	      0.19058178	      0.91017295	     -0.19223333	      0.14242335	     -0.28381726	      0.22714856	     -0.25829773	     -0.11158764	     -0.94944940	      0.81353741	     -0.23225349	      2.91384689	     -1.03952390	     -4.68443349	      2.01621465	      1.13813118	      0.13793239	     -0.01423245	      0.07509658	      0.01198780	      0.07127205	      0.48274387	      0.10538200	      0.01449419	      0.07207335	      0.06037227	      0.04557651	      0.05620328	      0.03464336	      0.21976049	      0.08927687	      0.29470869	      0.10417570	      0.50235055	      0.08830259	      0.03101648	      0.09651084	      0.56887330	      0.05603652	      0.11109982	      0.05977251	      0.04972516	      0.04079519	      0.17864713	      0.08319745	      0.23696513	      6.42602471
      0.19400000	     -0.20747234	      0.19139475	      0.90994008	     -0.18930556	      0.14137963	     -0.28851788	      0.22917403	     -0.25714931	     -0.11145430	     -0.94965900	      0.81241653	     -0.23348032	      2.94161543	     -1.04792995	     -4.71664929	      2.03471277	      1.15881806	      0.12871966	     -0.01436120	      0.07508396	      0.01199430	      0.07143869	      0.48474329	      0.10528903	      0.01430641	      0.07224415	      0.05948847	      0.04554999	      0.05538910	      0.03469302	      0.21977142	      0.08924617	      0.29792579	      0.10410467	      0.50399052	      0.08824845	      0.03059582	      0.09655684	      0.56887259	      0.05599947	      0.11204430	      0.05978991	      0.05047045	      0.04079296	      0.17838374	      0.08319168	      0.23696513	      6.47303655
      0.19500000	     -0.20842207	      0.19220662	      0.90970601	     -0.18635024	      0.14032746	     -0.29325027	      0.23121796	     -0.25597983	     -0.11133028	     -0.94977675	      0.81132621	     -0.23464493	      2.96895604	     -1.05641258	     -4.74797872	      2.05311731	      1.18029569	      0.11930180	     -0.01448995	      0.07507172	      0.01203113	      0.07160686	      0.48667877	      0.10519532	      0.01412116	      0.07241653	      0.05861954	      0.04552356	      0.05458837	      0.03474352	      0.21977525	      0.08921435	      0.30108431	      0.10403445	      0.50563359	      0.08819392	      0.03018134	      0.09660304	      0.56887191	      0.05596217	      0.11299339	      0.05980723	      0.05121527	      0.04079047	      0.17811738	      0.08318617	      0.23696513	      6.52090885
      0.19600000	     -0.20937187	      0.19301742	      0.90947081	     -0.18336780	      0.13926678	     -0.29801353	      0.23328023	     -0.25478846	     -0.11121577	     -0.94980101	      0.81026734	     -0.23574925	      2.99585722	     -1.06496905	     -4.77840674	      2.07141636	      1.20257129	      0.10969126	     -0.01461870	      0.07505990	      0.01209321	      0.07177652	      0.48855091	      0.10510085	      0.01393841	      0.07259046	      0.05776516	      0.04549723	      0.05380081	      0.03479486	      0.21977469	      0.08918140	      0.30418528	      0.10396504	      0.50727960	      0.08813899	      0.02977293	      0.09664946	      0.56887124	      0.05592463	      0.11394670	      0.05982444	      0.05195901	      0.04078772	      0.17784817	      0.08318093	      0.23696513	      6.56964471
      0.19700000	     -0.21032164	      0.19382717	      0.90923453	     -0.18035868	      0.13819750	     -0.30280677	      0.23536075	     -0.25357445	     -0.11111097	     -0.94972999	      0.80924092	     -0.23679517	      3.02230692	     -1.07359678	     -4.80791274	      2.08959804	      1.22553966	      0.09990278	     -0.01474745	      0.07504850	      0.01217632	      0.07194764	      0.49036025	      0.10500565	      0.01375812	      0.07276592	      0.05692505	      0.04547100	      0.05302617	      0.03484703	      0.21977288	      0.08914733	      0.30722958	      0.10389645	      0.50892839	      0.08808367	      0.02937050	      0.09669609	      0.56887060	      0.05588684	      0.11490388	      0.05984156	      0.05270105	      0.04078469	      0.17757623	      0.08317598	      0.23696513	      6.61924654
      0.19800000	     -0.21127129	      0.19463591	      0.90899724	     -0.17732334	      0.13711956	     -0.30762904	      0.23745938	     -0.25233721	     -0.11101603	     -0.94956188	      0.80824793	     -0.23778456	      3.04829312	     -1.08229295	     -4.83647278	      2.10764951	      1.24901440	      0.08994891	     -0.01487620	      0.07503755	      0.01227691	      0.07212018	      0.49210723	      0.10490972	      0.01358025	      0.07294286	      0.05609891	      0.04544487	      0.05226419	      0.03490006	      0.21976982	      0.08911214	      0.31021799	      0.10382867	      0.51057978	      0.08802793	      0.02897394	      0.09674294	      0.56886998	      0.05584882	      0.11586457	      0.05985856	      0.05344079	      0.04078139	      0.17730170	      0.08317132	      0.23696513	      6.66971601
      0.19900000	     -0.21222073	      0.19544368	      0.90875898	     -0.17426225	      0.13603289	     -0.31247939	      0.23957600	     -0.25107633	     -0.11093113	     -0.94929491	      0.80728939	     -0.23871927	      3.07380426	     -1.09105450	     -4.86406185	      2.12555836	      1.27276094	      0.07984728	     -0.01500495	      0.07502707	      0.01239203	      0.07229413	      0.49379223	      0.10481306	      0.01340477	      0.07312126	      0.05528645	      0.04541884	      0.05151462	      0.03495395	      0.21976553	      0.08907584	      0.31315119	      0.10376172	      0.51223362	      0.08797179	      0.02858316	      0.09679001	      0.56886939	      0.05581057	      0.11682842	      0.05987545	      0.05417766	      0.04077781	      0.17702471	      0.08316698	      0.23696513	      6.72105402
      0.20000000	     -0.21316985	      0.19625050	      0.90851982	     -0.17117589	      0.13493743	     -0.31735684	      0.24171044	     -0.24979168	     -0.11085640	     -0.94892743	      0.80636623	     -0.23960115	      3.09882963	     -1.09987768	     -4.89065588	      2.14330977	      1.29652815	      0.06960703	     -0.01513370	      0.07501708	      0.01251919	      0.07246944	      0.49541555	      0.10471568	      0.01323164	      0.07330109	      0.05448741	      0.04539293	      0.05077721	      0.03500872	      0.21976000	      0.08903842	      0.31602978	      0.10369557	      0.51388975	      0.08791524	      0.02819806	      0.09683731	      0.56886881	      0.05577208	      0.11779510	      0.05989222	      0.05491111	      0.04077395	      0.17674539	      0.08316296	      0.23696513	      6.77326066
      0.20100000	     -0.21411855	      0.19705642	      0.90827980	     -0.16806476	      0.13383312	     -0.32226037	      0.24386256	     -0.24848335	     -0.11079197	     -0.94845793	      0.80547934	     -0.24043211	      3.12335955	     -1.10875849	     -4.91623333	      2.16089187	      1.32007675	      0.05925377	     -0.01526245	      0.07500759	      0.01265631	      0.07264609	      0.49697744	      0.10461759	      0.01306084	      0.07348231	      0.05370151	      0.04536715	      0.05005173	      0.03506437	      0.21975321	      0.08899988	      0.31885426	      0.10363024	      0.51554799	      0.08785826	      0.02781854	      0.09688483	      0.56886825	      0.05573338	      0.11876428	      0.05990886	      0.05564061	      0.04076981	      0.17646391	      0.08315927	      0.23696513	      6.82633512
      0.20200000	     -0.21506673	      0.19786147	      0.90803897	     -0.16492934	      0.13271990	     -0.32718896	      0.24603216	     -0.24715167	     -0.11073794	     -0.94788516	      0.80462948	     -0.24121407	      3.14738571	     -1.11769164	     -4.94077645	      2.17828537	      1.34320091	      0.04878044	     -0.01539120	      0.07499862	      0.01280165	      0.07282405	      0.49847807	      0.10451879	      0.01289232	      0.07366489	      0.05292850	      0.04534150	      0.04933795	      0.03512093	      0.21974507	      0.08896021	      0.32162504	      0.10356571	      0.51720821	      0.08780087	      0.02744452	      0.09693259	      0.56886771	      0.05569446	      0.11973563	      0.05992537	      0.05636565	      0.04076540	      0.17618040	      0.08315593	      0.23696513	      6.88027575
      0.20300000	     -0.21601429	      0.19866569	      0.90779738	     -0.16177016	      0.13159772	     -0.33214157	      0.24821906	     -0.24579714	     -0.11069444	     -0.94720801	      0.80381737	     -0.24194908	      3.17090081	     -1.12667248	     -4.96427196	      2.19548448	      1.36574500	      0.03824634	     -0.01551995	      0.07499019	      0.01295375	      0.07300329	      0.49991750	      0.10441928	      0.01272605	      0.07384878	      0.05216811	      0.04531601	      0.04863564	      0.03517838	      0.21973548	      0.08891942	      0.32434241	      0.10350198	      0.51887023	      0.08774305	      0.02707591	      0.09698059	      0.56886718	      0.05565533	      0.12070883	      0.05994175	      0.05708572	      0.04076070	      0.17589502	      0.08315295	      0.23696513	      6.93507976
      0.20400000	     -0.21696111	      0.19946912	      0.90755509	     -0.15858771	      0.13046654	     -0.33711715	      0.25042305	     -0.24442041	     -0.11066151	     -0.94642577	      0.80304353	     -0.24263906	      3.19389942	     -1.13569313	     -4.98671156	      2.21245374	      1.38760967	      0.02757080	     -0.01564870	      0.07498232	      0.01311138	      0.07318377	      0.50129571	      0.10431908	      0.01256201	      0.07403395	      0.05142010	      0.04529069	      0.04794458	      0.03523672	      0.21972425	      0.08887751	      0.32700658	      0.10343904	      0.52053389	      0.08768480	      0.02671261	      0.09702882	      0.56886668	      0.05561600	      0.12168358	      0.05995799	      0.05780032	      0.04075571	      0.17560793	      0.08315034	      0.23696513	      6.99074374
      0.20500000	     -0.21790710	      0.20027179	      0.90731212	     -0.15538253	      0.12932632	     -0.34211464	      0.25264390	     -0.24302216	     -0.11063928	     -0.94553760	      0.80230853	     -0.24328643	      3.21637609	     -1.14475083	     -5.00809133	      2.22922066	      1.40875802	      0.01697640	     -0.01577745	      0.07497504	      0.01327353	      0.07336547	      0.50261259	      0.10421820	      0.01240016	      0.07422036	      0.05068422	      0.04526553	      0.04726456	      0.03529594	      0.21971116	      0.08883448	      0.32961759	      0.10337687	      0.52219905	      0.08762612	      0.02635455	      0.09707729	      0.56886619	      0.05557647	      0.12265955	      0.05997408	      0.05850896	      0.04075044	      0.17531931	      0.08314810	      0.23696513	      7.04726240
      0.20600000	     -0.21885215	      0.20107375	      0.90706853	     -0.15215514	      0.12817703	     -0.34713298	      0.25488139	     -0.24160313	     -0.11062769	     -0.94454363	      0.80161256	     -0.24389263	      3.23832901	     -1.15382990	     -5.02841215	      2.24567196	      1.42919808	      0.00600918	     -0.01590620	      0.07496835	      0.01343950	      0.07354835	      0.50386789	      0.10411663	      0.01224046	      0.07440798	      0.04996025	      0.04524056	      0.04659535	      0.03535602	      0.21969596	      0.08879033	      0.33217540	      0.10331547	      0.52386555	      0.08756700	      0.02600163	      0.09712601	      0.56886571	      0.05553675	      0.12363643	      0.05999003	      0.05921115	      0.04074489	      0.17502930	      0.08314626	      0.23696513	      7.10463119
      0.20700000	     -0.21979615	      0.20187503	      0.90682435	     -0.14890605	      0.12701865	     -0.35217111	      0.25713520	     -0.24016398	     -0.11062705	     -0.94344244	      0.80095636	     -0.24446149	      3.25975155	     -1.16294266	     -5.04767711	      2.26201563	      1.44900072	     -0.00423602	     -0.01603495	      0.07496228	      0.01360884	      0.07373238	      0.50506130	      0.10401439	      0.01208290	      0.07459675	      0.04924794	      0.04521577	      0.04593677	      0.03541696	      0.21967834	      0.08874508	      0.33467983	      0.10325482	      0.52553321	      0.08750745	      0.02565377	      0.09717496	      0.56886526	      0.05549685	      0.12461392	      0.06000583	      0.05990641	      0.04073906	      0.17473809	      0.08314480	      0.23696513	      7.16284036
      0.20800000	     -0.22073900	      0.20267568	      0.90657962	     -0.14563581	      0.12585115	     -0.35722798	      0.25940520	     -0.23870532	     -0.11063675	     -0.94223680	      0.80033918	     -0.24499132	      3.28065094	     -1.17203562	     -5.06589447	      2.27770748	      1.46822195	     -0.01629937	     -0.01616370	      0.07495685	      0.01378120	      0.07391753	      0.50619235	      0.10391148	      0.01192743	      0.07478664	      0.04854707	      0.04519119	      0.04528860	      0.03547872	      0.21965801	      0.08869872	      0.33713056	      0.10319490	      0.52720190	      0.08744746	      0.02531090	      0.09722417	      0.56886482	      0.05545677	      0.12559169	      0.06002147	      0.06059427	      0.04073294	      0.17444585	      0.08314375	      0.23696513	      7.22188861
      0.20900000	     -0.22168059	      0.20347572	      0.90633437	     -0.14234493	      0.12467455	     -0.36230255	      0.26169079	     -0.23722767	     -0.11065832	     -0.94092002	      0.79976353	     -0.24549374	      3.30100429	     -1.18121082	     -5.08306921	      2.29400610	      1.48704565	     -0.02399143	     -0.01629245	      0.07495208	      0.01395632	      0.07410376	      0.50726052	      0.10380792	      0.01177403	      0.07497761	      0.04785743	      0.04516680	      0.04465066	      0.03554129	      0.21963465	      0.08865128	      0.33952717	      0.10313572	      0.52887143	      0.08738702	      0.02497293	      0.09727362	      0.56886439	      0.05541653	      0.12656945	      0.06003696	      0.06127426	      0.04072654	      0.17415275	      0.08314311	      0.23696513	      7.28175054
      0.21000000	     -0.22262081	      0.20427521	      0.90608865	     -0.13903396	      0.12348881	     -0.36739378	      0.26399222	     -0.23573140	     -0.11068906	     -0.93950412	      0.79922548	     -0.24595410	      3.32084852	     -1.19026689	     -5.09921571	      2.30862804	      1.50544137	     -0.03830823	     -0.01642120	      0.07494798	      0.01413394	      0.07429103	      0.50826516	      0.10370372	      0.01162267	      0.07516961	      0.04717879	      0.04514264	      0.04402275	      0.03560465	      0.21960793	      0.08860276	      0.34186915	      0.10307724	      0.53054166	      0.08732615	      0.02463978	      0.09732332	      0.56886398	      0.05537613	      0.12754689	      0.06005228	      0.06194591	      0.04071985	      0.17385899	      0.08314289	      0.23696513	      7.34244490
      0.21100000	     -0.22355956	      0.20507419	      0.90584247	     -0.13570342	      0.12229398	     -0.37250064	      0.26630842	     -0.23421684	     -0.11073258	     -0.93797364	      0.79873049	     -0.24639726	      3.34013346	     -1.19945459	     -5.11433847	      2.32460900	      1.52370166	     -0.04439692	     -0.01654995	      0.07494457	      0.01431384	      0.07447932	      0.50920557	      0.10359887	      0.01147333	      0.07536261	      0.04651095	      0.04511869	      0.04340468	      0.03566877	      0.21957757	      0.08855318	      0.34415591	      0.10301946	      0.53221242	      0.08726482	      0.02431137	      0.09737327	      0.56886358	      0.05533559	      0.12852370	      0.06006745	      0.06260878	      0.04071289	      0.17356473	      0.08314308	      0.23696513	      7.40392112
      0.21200000	     -0.22449673	      0.20587269	      0.90559587	     -0.13235385	      0.12109002	     -0.37762212	      0.26863991	     -0.23268414	     -0.11078472	     -0.93634654	      0.79827272	     -0.24679931	      3.35891467	     -1.20847413	     -5.12845121	      2.33844573	      1.54169430	     -0.05925154	     -0.01667870	      0.07494188	      0.01449583	      0.07466860	      0.51008098	      0.10349340	      0.01132596	      0.07555657	      0.04585371	      0.04509496	      0.04279627	      0.03573366	      0.21954328	      0.08850254	      0.34638678	      0.10296236	      0.53388354	      0.08720305	      0.02398764	      0.09742346	      0.56886319	      0.05529490	      0.12949957	      0.06008245	      0.06326244	      0.04070564	      0.17327017	      0.08314371	      0.23696513	      7.46621163
      0.21300000	     -0.22543222	      0.20667075	      0.90534888	     -0.12898577	      0.11987701	     -0.38275721	      0.27098557	     -0.23113346	     -0.11084923	     -0.93460712	      0.79785757	     -0.24718632	      3.37714212	     -1.21758545	     -5.14156074	      2.35333704	      1.55968648	     -0.06716763	     -0.01680745	      0.07493992	      0.01467974	      0.07485882	      0.51089057	      0.10338731	      0.01118055	      0.07575143	      0.04520685	      0.04507148	      0.04219735	      0.03579928	      0.21950480	      0.08845086	      0.34856107	      0.10290594	      0.53555486	      0.08714084	      0.02366850	      0.09747391	      0.56886282	      0.05525408	      0.13047422	      0.06009728	      0.06390647	      0.04069812	      0.17297550	      0.08314477	      0.23696513	      7.52926132
      0.21400000	     -0.22636591	      0.20746841	      0.90510151	     -0.12559973	      0.11865492	     -0.38790491	      0.27334570	     -0.22956483	     -0.11092279	     -0.93276930	      0.79748069	     -0.24753952	      3.39485838	     -1.22655452	     -5.15367580	      2.36649945	      1.57754169	     -0.08170302	     -0.01693620	      0.07493871	      0.01486540	      0.07504995	      0.51163346	      0.10328062	      0.01103706	      0.07594717	      0.04457020	      0.04504824	      0.04160774	      0.03586564	      0.21946190	      0.08839816	      0.35067806	      0.10285016	      0.53722621	      0.08707818	      0.02335389	      0.09752461	      0.56886246	      0.05521314	      0.13144734	      0.06011195	      0.06454048	      0.04069032	      0.17268089	      0.08314626	      0.23696513	      7.59309147
      0.21500000	     -0.22729772	      0.20826572	      0.90485380	     -0.12219624	      0.11742385	     -0.39306423	      0.27571922	     -0.22797833	     -0.11100879	     -0.93081947	      0.79714664	     -0.24788303	      3.41202086	     -1.23561333	     -5.16480618	      2.38086741	      1.59546384	     -0.08836700	     -0.01706495	      0.07493826	      0.01505267	      0.07524197	      0.51230879	      0.10317334	      0.01089547	      0.07614374	      0.04394355	      0.04502527	      0.04102726	      0.03593272	      0.21941437	      0.08834443	      0.35273700	      0.10279502	      0.53889742	      0.08701507	      0.02304372	      0.09757555	      0.56886211	      0.05517209	      0.13241865	      0.06012644	      0.06516409	      0.04068225	      0.17238654	      0.08314819	      0.23696513	      7.65764793
      0.21600000	     -0.22822752	      0.20906272	      0.90460576	     -0.11877585	      0.11618378	     -0.39823420	      0.27810651	     -0.22637397	     -0.11110339	     -0.92877303	      0.79685072	     -0.24819467	      3.42867669	     -1.24449988	     -5.17495612	      2.39323571	      1.61323934	     -0.10287187	     -0.01719370	      0.07493860	      0.01524140	      0.07543483	      0.51291564	      0.10306548	      0.01075576	      0.07634109	      0.04332672	      0.04500256	      0.04045576	      0.03600052	      0.21936202	      0.08828971	      0.35473716	      0.10274052	      0.54056833	      0.08695151	      0.02273794	      0.09762674	      0.56886177	      0.05513094	      0.13338785	      0.06014076	      0.06577693	      0.04067390	      0.17209264	      0.08315056	      0.23696513	      7.72295575
      0.21700000	     -0.22915523	      0.20985944	      0.90435741	     -0.11533908	      0.11493480	     -0.40341382	      0.28050639	     -0.22475182	     -0.11121038	     -0.92661545	      0.79659764	     -0.24850117	      3.44478141	     -1.25346874	     -5.18413871	      2.40688718	      1.63105643	     -0.10894145	     -0.01732245	      0.07493974	      0.01543148	      0.07562851	      0.51345314	      0.10295704	      0.01061790	      0.07653919	      0.04271953	      0.04498014	      0.03989306	      0.03606903	      0.21930467	      0.08823399	      0.35667786	      0.10268662	      0.54223877	      0.08688751	      0.02243648	      0.09767818	      0.56886145	      0.05508969	      0.13435469	      0.06015492	      0.06637870	      0.04066529	      0.17179938	      0.08315337	      0.23696513	      7.78895394
      0.21800000	     -0.23008072	      0.21065593	      0.90410877	     -0.11188645	      0.11367693	     -0.40860215	      0.28291927	     -0.22311195	     -0.11132560	     -0.92436267	      0.79638271	     -0.24877829	      3.46038346	     -1.26224622	     -5.19235377	      2.41838091	      1.64865167	     -0.12354785	     -0.01745120	      0.07494170	      0.01562279	      0.07582297	      0.51392035	      0.10284805	      0.01048185	      0.07673799	      0.04212180	      0.04495801	      0.03933902	      0.03613825	      0.21924216	      0.08817729	      0.35855834	      0.10263333	      0.54390856	      0.08682306	      0.02213926	      0.09772986	      0.56886113	      0.05504837	      0.13531883	      0.06016889	      0.06696899	      0.04065642	      0.17150693	      0.08315663	      0.23696513	      7.85566905
      0.21900000	     -0.23100391	      0.21145222	      0.90385985	     -0.10841850	      0.11241026	     -0.41379821	      0.28534392	     -0.22145451	     -0.11145291	     -0.92200057	      0.79621031	     -0.24905338	      3.47544086	     -1.27108705	     -5.19961885	      2.43107658	      1.66620045	     -0.12995647	     -0.01757995	      0.07494449	      0.01581525	      0.07601818	      0.51431648	      0.10273850	      0.01034760	      0.07693745	      0.04153336	      0.04493620	      0.03879347	      0.03620818	      0.21917435	      0.08811963	      0.36037807	      0.10258062	      0.54557753	      0.08675817	      0.02184621	      0.09778179	      0.56886083	      0.05500697	      0.13628014	      0.06018270	      0.06754777	      0.04064728	      0.17121549	      0.08316034	      0.23696513	      7.92303696
      0.22000000	     -0.23192469	      0.21224836	      0.90361067	     -0.10493574	      0.11113481	     -0.41900107	      0.28778077	     -0.21977965	     -0.11158801	     -0.91954488	      0.79607601	     -0.24930124	      3.49000109	     -1.27971823	     -5.20593020	      2.44144232	      1.68342051	     -0.14570005	     -0.01770870	      0.07494813	      0.01600877	      0.07621411	      0.51464043	      0.10262842	      0.01021512	      0.07713753	      0.04095403	      0.04491471	      0.03825626	      0.03627880	      0.21910107	      0.08806100	      0.36213614	      0.10252849	      0.54724552	      0.08669283	      0.02155728	      0.09783396	      0.56886053	      0.05496551	      0.13723802	      0.06019633	      0.06811413	      0.04063788	      0.17092527	      0.08316449	      0.23696513	      7.99108403
      0.22100000	     -0.23284296	      0.21304439	      0.90336124	     -0.10143869	      0.10985072	     -0.42420977	      0.29022842	     -0.21808764	     -0.11173550	     -0.91697974	      0.79598446	     -0.24955412	      3.50401823	     -1.28843543	     -5.21131367	      2.45347396	      1.70053319	     -0.15077437	     -0.01783745	      0.07495263	      0.01620330	      0.07641071	      0.51489169	      0.10251781	      0.01008439	      0.07733819	      0.04038366	      0.04489357	      0.03772725	      0.03635012	      0.21902218	      0.08800142	      0.36383239	      0.10247693	      0.54891235	      0.08662706	      0.02127241	      0.09788637	      0.56886025	      0.05492401	      0.13819272	      0.06020978	      0.06866883	      0.04062823	      0.17063640	      0.08316909	      0.23696513	      8.05973563
      0.22200000	     -0.23375862	      0.21384034	      0.90311157	     -0.09792787	      0.10855799	     -0.42942339	      0.29268724	     -0.21637870	     -0.11189117	     -0.91432005	      0.79593160	     -0.24978737	      3.51753721	     -1.29697912	     -5.21576456	      2.46374165	      1.71726973	     -0.16228785	     -0.01796620	      0.07495802	      0.01639878	      0.07660797	      0.51506903	      0.10240667	      0.00995528	      0.07753931	      0.03982208	      0.04487279	      0.03720628	      0.03642213	      0.21893753	      0.08794091	      0.36546575	      0.10242592	      0.55057785	      0.08656084	      0.02099151	      0.09793901	      0.56885997	      0.05488246	      0.13914337	      0.06022306	      0.06921042	      0.04061833	      0.17034912	      0.08317413	      0.23696513	      8.12901545
      0.22300000	     -0.23467157	      0.21463626	      0.90286167	     -0.09440380	      0.10725676	     -0.43464097	      0.29515613	     -0.21465320	     -0.11205812	     -0.91155289	      0.79592169	     -0.25002334	      3.53049915	     -1.30555326	     -5.21923326	      2.47498230	      1.73372535	     -0.16648913	     -0.01809495	      0.07496430	      0.01659516	      0.07680585	      0.51517206	      0.10229502	      0.00982653	      0.07774026	      0.03926912	      0.04485237	      0.03669322	      0.03649482	      0.21884698	      0.08787947	      0.36703625	      0.10237545	      0.55224185	      0.08649419	      0.02071455	      0.09799189	      0.56885971	      0.05484089	      0.14009039	      0.06023617	      0.06974004	      0.04060818	      0.17006356	      0.08317962	      0.23696513	      8.19886412
      0.22400000	     -0.23558170	      0.21543220	      0.90261154	     -0.09086705	      0.10594702	     -0.43986148	      0.29763546	     -0.21291151	     -0.11223214	     -0.90868790	      0.79595335	     -0.25023716	      3.54290128	     -1.31392314	     -5.22160725	      2.48382970	      1.74957652	     -0.18034621	     -0.01822370	      0.07497149	      0.01679241	      0.07700431	      0.51519967	      0.10218287	      0.00969778	      0.07794130	      0.03872464	      0.04483235	      0.03618793	      0.03656817	      0.21875035	      0.08781712	      0.36854299	      0.10232552	      0.55390418	      0.08642711	      0.02044145	      0.09804500	      0.56885945	      0.05479930	      0.14103302	      0.06024909	      0.07025645	      0.04059779	      0.16977994	      0.08318554	      0.23696513	      8.26930431
      0.22500000	     -0.23648891	      0.21622819	      0.90236119	     -0.08731820	      0.10462891	     -0.44508382	      0.30012398	     -0.21115419	     -0.11241703	     -0.90571212	      0.79603032	     -0.25045574	      3.55469612	     -1.32232470	     -5.22288107	      2.49359335	      1.76502893	     -0.18712468	     -0.01835245	      0.07497961	      0.01699051	      0.07720332	      0.51517966	      0.10207022	      0.00956903	      0.07814260	      0.03818848	      0.04481272	      0.03569026	      0.03664219	      0.21864751	      0.08775388	      0.36998591	      0.10227611	      0.55556467	      0.08635960	      0.02017215	      0.09809835	      0.56885920	      0.05475770	      0.14197151	      0.06026185	      0.07076052	      0.04058716	      0.16949838	      0.08319191	      0.23696513	      8.34026811
      0.22600000	     -0.23739309	      0.21702427	      0.90211063	     -0.08375785	      0.10330243	     -0.45030687	      0.30262195	     -0.20938165	     -0.11260906	     -0.90263703	      0.79614997	     -0.25065756	      3.56591458	     -1.33054902	     -5.22303873	      2.50132615	      1.77990276	     -0.20172500	     -0.01848120	      0.07498867	      0.01718943	      0.07740285	      0.51512686	      0.10195706	      0.00944028	      0.07834421	      0.03766050	      0.04479351	      0.03520009	      0.03671686	      0.21853828	      0.08768975	      0.37136413	      0.10222721	      0.55722314	      0.08629166	      0.01990661	      0.09815192	      0.56885896	      0.05471611	      0.14290507	      0.06027443	      0.07125094	      0.04057630	      0.16921912	      0.08319871	      0.23696513	      8.41177178
      0.22700000	     -0.23829414	      0.21782050	      0.90185986	     -0.08018658	      0.10196772	     -0.45552954	      0.30512806	     -0.20759441	     -0.11281235	     -0.89945168	      0.79631476	     -0.25087187	      3.57652907	     -1.33883715	     -5.22212646	      2.51060126	      1.79449042	     -0.20593604	     -0.01860995	      0.07499869	      0.01738915	      0.07760285	      0.51503976	      0.10184339	      0.00931153	      0.07854612	      0.03714055	      0.04477472	      0.03471729	      0.03679215	      0.21842253	      0.08762475	      0.37267773	      0.10217882	      0.55887943	      0.08622329	      0.01964475	      0.09820571	      0.56885873	      0.05467454	      0.14383407	      0.06028684	      0.07172881	      0.04056521	      0.16894225	      0.08320595	      0.23696513	      8.48374221
      0.22800000	     -0.23919196	      0.21861692	      0.90160889	     -0.07660498	      0.10062481	     -0.46075077	      0.30764265	     -0.20579282	     -0.11302262	     -0.89616941	      0.79652163	     -0.25107374	      3.58658036	     -1.34695535	     -5.22014031	      2.51805598	      1.80861303	     -0.21685406	     -0.01873870	      0.07500968	      0.01758966	      0.07780329	      0.51491660	      0.10172920	      0.00918278	      0.07874827	      0.03662849	      0.04475638	      0.03424172	      0.03686806	      0.21830008	      0.08755890	      0.37392589	      0.10213092	      0.56053336	      0.08615451	      0.01938653	      0.09825973	      0.56885850	      0.05463299	      0.14475768	      0.06029908	      0.07219282	      0.04055389	      0.16866803	      0.08321361	      0.23696513	      8.55620037
      0.22900000	     -0.24008644	      0.21941356	      0.90135771	     -0.07301361	      0.09927380	     -0.46596949	      0.31016465	     -0.20397725	     -0.11324277	     -0.89278388	      0.79677169	     -0.25128445	      3.59605633	     -1.35506929	     -5.21712866	      2.52624071	      1.82250390	     -0.22140927	     -0.01886745	      0.07502166	      0.01779095	      0.07800415	      0.51475598	      0.10161449	      0.00905403	      0.07895064	      0.03612417	      0.04473848	      0.03377327	      0.03694458	      0.21817079	      0.08749222	      0.37510876	      0.10208351	      0.56218477	      0.08608530	      0.01913188	      0.09831397	      0.56885829	      0.05459147	      0.14567635	      0.06031114	      0.07264421	      0.04054236	      0.16839652	      0.08322169	      0.23696513	      8.62908581
      0.23000000	     -0.24097750	      0.22021047	      0.90110633	     -0.06941305	      0.09791475	     -0.47118468	      0.31269421	     -0.20214795	     -0.11346931	     -0.88930565	      0.79706269	     -0.25148421	      3.60499028	     -1.36299964	     -5.21309216	      2.53248541	      1.83602524	     -0.23328522	     -0.01899620	      0.07503464	      0.01799301	      0.07820537	      0.51455626	      0.10149927	      0.00892528	      0.07915318	      0.03562747	      0.04472105	      0.03331180	      0.03702168	      0.21803453	      0.08742471	      0.37622561	      0.10203657	      0.56383348	      0.08601568	      0.01888076	      0.09836842	      0.56885808	      0.05455000	      0.14658929	      0.06032304	      0.07308175	      0.04053062	      0.16812797	      0.08323020	      0.23696513	      8.70240938
      0.23100000	     -0.24186502	      0.22100770	      0.90085474	     -0.06580382	      0.09654779	     -0.47639535	      0.31523014	     -0.20030523	     -0.11370574	     -0.88572777	      0.79739557	     -0.25169808	      3.61337008	     -1.37093727	     -5.20808868	      2.53981974	      1.84943118	     -0.23686424	     -0.01912495	      0.07504863	      0.01819584	      0.07840693	      0.51431615	      0.10138353	      0.00879653	      0.07935583	      0.03513824	      0.04470410	      0.03285721	      0.03709935	      0.21789116	      0.08735641	      0.37727668	      0.10199011	      0.56547932	      0.08594565	      0.01863311	      0.09842309	      0.56885787	      0.05450859	      0.14749701	      0.06033477	      0.07350683	      0.04051867	      0.16786243	      0.08323911	      0.23696513	      8.77610288
      0.23200000	     -0.24274892	      0.22180528	      0.90060294	     -0.06218648	      0.09517297	     -0.48160053	      0.31777275	     -0.19844922	     -0.11394782	     -0.88206211	      0.79776806	     -0.25190146	      3.62123179	     -1.37867266	     -5.20210945	      2.54500034	      1.86251989	     -0.24888723	     -0.01925370	      0.07506365	      0.01839944	      0.07860880	      0.51403408	      0.10126729	      0.00866778	      0.07955856	      0.03465636	      0.04468763	      0.03240936	      0.03717759	      0.21774054	      0.08728732	      0.37826119	      0.10194410	      0.56712213	      0.08587522	      0.01838887	      0.09847797	      0.56885768	      0.05446725	      0.14839857	      0.06034633	      0.07391791	      0.04050651	      0.16760015	      0.08324842	      0.23696513	      8.85018462
      0.23300000	     -0.24362911	      0.22260325	      0.90035093	     -0.05856153	      0.09379043	     -0.48679927	      0.32032076	     -0.19658019	     -0.11419940	     -0.87830178	      0.79818077	     -0.25212163	      3.62856475	     -1.38640800	     -5.19521877	      2.55133612	      1.87554257	     -0.25219869	     -0.01938245	      0.07507972	      0.01860381	      0.07881093	      0.51370882	      0.10115055	      0.00853903	      0.07976132	      0.03418171	      0.04467167	      0.03196816	      0.03725639	      0.21758257	      0.08721747	      0.37917931	      0.10189855	      0.56876173	      0.08580438	      0.01814801	      0.09853305	      0.56885749	      0.05442599	      0.14929430	      0.06035772	      0.07431605	      0.04049416	      0.16734122	      0.08325814	      0.23696513	      8.92458164
      0.23400000	     -0.24450550	      0.22340165	      0.90009870	     -0.05492951	      0.09240023	     -0.49199065	      0.32287448	     -0.19469825	     -0.11445623	     -0.87445802	      0.79863181	     -0.25233374	      3.63540264	     -1.39394149	     -5.18740335	      2.55558585	      1.88827061	     -0.26364500	     -0.01951120	      0.07509685	      0.01880894	      0.07901331	      0.51333892	      0.10103332	      0.00841028	      0.07996406	      0.03371415	      0.04465622	      0.03153347	      0.03733572	      0.21741714	      0.08714686	      0.38003037	      0.10185345	      0.57039797	      0.08573314	      0.01791046	      0.09858834	      0.56885730	      0.05438481	      0.15018357	      0.06036895	      0.07470030	      0.04048162	      0.16708582	      0.08326824	      0.23696513	      8.99931201
      0.23500000	     -0.24537800	      0.22420053	      0.89984625	     -0.05129090	      0.09100253	     -0.49717379	      0.32543268	     -0.19280365	     -0.11472190	     -0.87052546	      0.79912123	     -0.25256325	      3.64173965	     -1.40145494	     -5.17872792	      2.56083250	      1.90091829	     -0.26714439	     -0.01963995	      0.07511504	      0.01901482	      0.07921590	      0.51292317	      0.10091561	      0.00828153	      0.08016674	      0.03325357	      0.04464131	      0.03110521	      0.03741559	      0.21724415	      0.08707552	      0.38081430	      0.10180878	      0.57203066	      0.08566150	      0.01767617	      0.09864383	      0.56885713	      0.05434374	      0.15106693	      0.06038002	      0.07507221	      0.04046890	      0.16683402	      0.08327873	      0.23696513	      9.07430530
      0.23600000	     -0.24624652	      0.22499991	      0.89959357	     -0.04764619	      0.08959738	     -0.50234782	      0.32799559	     -0.19089651	     -0.11499249	     -0.86651384	      0.79964763	     -0.25278764	      3.64760496	     -1.40877362	     -5.16917874	      2.56415946	      1.91325995	     -0.27796768	     -0.01976870	      0.07513432	      0.01922140	      0.07941866	      0.51246013	      0.10079742	      0.00815278	      0.08036931	      0.03279984	      0.04462693	      0.03068324	      0.03749599	      0.21706353	      0.08700345	      0.38153023	      0.10176455	      0.57365963	      0.08558948	      0.01744510	      0.09869952	      0.56885696	      0.05430277	      0.15194376	      0.06039093	      0.07543085	      0.04045600	      0.16658600	      0.08328959	      0.23696513	      9.14957503
      0.23700000	     -0.24711100	      0.22579983	      0.89934066	     -0.04399585	      0.08818495	     -0.50751189	      0.33056203	     -0.18897711	     -0.11527147	     -0.86241897	      0.80021056	     -0.25303138	      3.65299664	     -1.41606510	     -5.15882201	      2.56852191	      1.92548913	     -0.28059818	     -0.01989745	      0.07515469	      0.01942864	      0.07962158	      0.51194862	      0.10067879	      0.00802403	      0.08057174	      0.03235284	      0.04461311	      0.03026748	      0.03757690	      0.21687519	      0.08693068	      0.38217802	      0.10172075	      0.57528473	      0.08551707	      0.01721720	      0.09875540	      0.56885679	      0.05426192	      0.15281449	      0.06040168	      0.07577750	      0.04044293	      0.16634181	      0.08330081	      0.23696513	      9.22505219
      0.23800000	     -0.24797134	      0.22660034	      0.89908751	     -0.04034034	      0.08676531	     -0.51266519	      0.33313217	     -0.18704564	     -0.11555522	     -0.85824942	      0.80080900	     -0.25327372	      3.65794020	     -1.42317583	     -5.14764366	      2.57125705	      1.93738947	     -0.28907438	     -0.02002620	      0.07517616	      0.01963651	      0.07982461	      0.51138730	      0.10055971	      0.00789528	      0.08077399	      0.03191248	      0.04459986	      0.02985781	      0.03765832	      0.21667909	      0.08685722	      0.38275685	      0.10167737	      0.57690576	      0.08544428	      0.01699242	      0.09881146	      0.56885663	      0.05422120	      0.15367828	      0.06041228	      0.07611080	      0.04042969	      0.16610166	      0.08331239	      0.23696513	      9.30074692
      0.23900000	     -0.24882747	      0.22740146	      0.89883411	     -0.03668012	      0.08533860	     -0.51780693	      0.33570499	     -0.18510238	     -0.11584633	     -0.85400320	      0.80144209	     -0.25353356	      3.66243918	     -1.43022878	     -5.13570211	      2.57462422	      1.94910308	     -0.29146340	     -0.02015495	      0.07519875	      0.01984497	      0.08002775	      0.51077511	      0.10044021	      0.00776653	      0.08097602	      0.03147862	      0.04458720	      0.02945414	      0.03774025	      0.21647515	      0.08678308	      0.38326672	      0.10163440	      0.57852256	      0.08537112	      0.01677072	      0.09886771	      0.56885648	      0.05418061	      0.15453555	      0.06042272	      0.07643199	      0.04041629	      0.16586559	      0.08332431	      0.23696513	      9.37659997
      0.24000000	     -0.24967932	      0.22820324	      0.89858044	     -0.03301561	      0.08390492	     -0.52293634	      0.33828075	     -0.18314757	     -0.11614081	     -0.84968851	      0.80210932	     -0.25378773	      3.66651644	     -1.43706503	     -5.12297396	      2.57569849	      1.96039531	     -0.30333073	     -0.02028370	      0.07522246	      0.02005404	      0.08023094	      0.51011091	      0.10032031	      0.00763778	      0.08117778	      0.03105116	      0.04457513	      0.02905636	      0.03782266	      0.21626333	      0.08670827	      0.38370722	      0.10159184	      0.58013497	      0.08529758	      0.01655205	      0.09892414	      0.56885633	      0.05414017	      0.15538579	      0.06043301	      0.07674035	      0.04040274	      0.16563377	      0.08333657	      0.23696513	      9.45262567
      0.24100000	     -0.25052682	      0.22900569	      0.89832652	     -0.02934723	      0.08246442	     -0.52805266	      0.34085801	     -0.18118156	     -0.11644347	     -0.84530088	      0.80280920	     -0.25406903	      3.67017216	     -1.44389270	     -5.10954824	      2.57844775	      1.97154155	     -0.30355511	     -0.02041245	      0.07524730	      0.02026369	      0.08043418	      0.50939378	      0.10020003	      0.00750903	      0.08137924	      0.03062999	      0.04456366	      0.02866438	      0.03790556	      0.21604359	      0.08663282	      0.38407856	      0.10154970	      0.58174282	      0.08522368	      0.01633636	      0.09898075	      0.56885618	      0.05409989	      0.15622946	      0.06044315	      0.07703723	      0.04038904	      0.16540623	      0.08334915	      0.23696513	      9.52874066
      0.24200000	     -0.25136990	      0.22980886	      0.89807231	     -0.02567540	      0.08101719	     -0.53315519	      0.34343715	     -0.17920461	     -0.11674964	     -0.84084886	      0.80354163	     -0.25435014	      3.67342831	     -1.45053233	     -5.09539017	      2.57945651	      1.98227935	     -0.31039921	     -0.02054120	      0.07527329	      0.02047395	      0.08063743	      0.50862271	      0.10007939	      0.00738028	      0.08158037	      0.03021501	      0.04455282	      0.02827810	      0.03798894	      0.21581586	      0.08655673	      0.38438049	      0.10150795	      0.58334595	      0.08514943	      0.01612361	      0.09903752	      0.56885604	      0.05405977	      0.15706593	      0.06045314	      0.07732168	      0.04037520	      0.16518312	      0.08336205	      0.23696513	      9.60496681
      0.24300000	     -0.25220850	      0.23061279	      0.89781781	     -0.02200050	      0.07956338	     -0.53824322	      0.34601713	     -0.17721708	     -0.11706228	     -0.83633116	      0.80430502	     -0.25465198	      3.67629128	     -1.45711002	     -5.08056663	      2.58123212	      1.99278838	     -0.31044517	     -0.02066995	      0.07530043	      0.02068481	      0.08084068	      0.50779694	      0.09995842	      0.00725153	      0.08178112	      0.02980611	      0.04454261	      0.02789742	      0.03807277	      0.21558010	      0.08648003	      0.38461343	      0.10146660	      0.58494418	      0.08507482	      0.01591375	      0.09909447	      0.56885591	      0.05401982	      0.15789576	      0.06046299	      0.07759522	      0.04036123	      0.16496447	      0.08337525	      0.23696513	      9.68124192
      0.24400000	     -0.25304254	      0.23141749	      0.89756301	     -0.01832294	      0.07810307	     -0.54331608	      0.34859818	     -0.17521924	     -0.11737741	     -0.83175437	      0.80509972	     -0.25495145	      3.67877722	     -1.46348474	     -5.06504664	      2.58091142	      2.00285609	     -0.31915632	     -0.02079870	      0.07532873	      0.02089632	      0.08104389	      0.50691560	      0.09983714	      0.00712278	      0.08198147	      0.02940319	      0.04453305	      0.02752226	      0.03815706	      0.21533629	      0.08640271	      0.38477731	      0.10142565	      0.58653737	      0.08499986	      0.01570676	      0.09915157	      0.56885578	      0.05398006	      0.15871831	      0.06047270	      0.07785687	      0.04034713	      0.16475042	      0.08338873	      0.23696513	      9.75758089
      0.24500000	     -0.25387198	      0.23222299	      0.89730790	     -0.01464307	      0.07663643	     -0.54837310	      0.35117916	     -0.17321145	     -0.11769860	     -0.82711711	      0.80592363	     -0.25527330	      3.68089364	     -1.46979982	     -5.04890796	      2.58146285	      2.01270751	     -0.32054059	     -0.02092745	      0.07535818	      0.02110848	      0.08124704	      0.50597809	      0.09971557	      0.00699403	      0.08218138	      0.02900615	      0.04452413	      0.02715252	      0.03824178	      0.21508436	      0.08632481	      0.38487272	      0.10138509	      0.58812535	      0.08492456	      0.01550257	      0.09920883	      0.56885565	      0.05394048	      0.15953412	      0.06048226	      0.07810812	      0.04033291	      0.16454099	      0.08340250	      0.23696513	      9.83391554
      0.24600000	     -0.25469676	      0.23302934	      0.89705246	     -0.01096127	      0.07516355	     -0.55341367	      0.35376023	     -0.17119398	     -0.11802237	     -0.82242481	      0.80677725	     -0.25559765	      3.68265343	     -1.47594023	     -5.03212396	      2.58043944	      2.02216875	     -0.32790594	     -0.02105620	      0.07538881	      0.02132135	      0.08145012	      0.50498369	      0.09959372	      0.00686528	      0.08238083	      0.02861490	      0.04451589	      0.02678812	      0.03832694	      0.21482429	      0.08624633	      0.38489982	      0.10134491	      0.58970797	      0.08484893	      0.01530115	      0.09926625	      0.56885553	      0.05390110	      0.16034264	      0.06049169	      0.07834813	      0.04031858	      0.16433629	      0.08341653	      0.23696513	      9.91025576
      0.24700000	     -0.25551682	      0.23383656	      0.89679670	     -0.00727788	      0.07368457	     -0.55843716	      0.35634033	     -0.16916718	     -0.11835195	     -0.81767727	      0.80765818	     -0.25594679	      3.68406707	     -1.48202723	     -5.01476963	      2.58050153	      2.03144964	     -0.32680604	     -0.02118495	      0.07542062	      0.02153495	      0.08165309	      0.50393192	      0.09947164	      0.00673653	      0.08257977	      0.02822934	      0.04450831	      0.02642897	      0.03841251	      0.21455605	      0.08616729	      0.38488768	      0.10130510	      0.59128507	      0.08477297	      0.01510247	      0.09932381	      0.56885541	      0.05386192	      0.16114438	      0.06050098	      0.07857831	      0.04030413	      0.16413634	      0.08343081	      0.23696513	      9.98653855
      0.24800000	     -0.25633210	      0.23464467	      0.89654058	     -0.00359325	      0.07219959	     -0.56344299	      0.35891981	     -0.16713127	     -0.11868291	     -0.81287967	      0.80856782	     -0.25629504	      3.68514392	     -1.48792309	     -4.99680003	      2.57852848	      2.04032922	     -0.33433993	     -0.02131370	      0.07545361	      0.02174933	      0.08185595	      0.50282223	      0.09934932	      0.00660778	      0.08277819	      0.02784937	      0.04450141	      0.02607498	      0.03849848	      0.21427960	      0.08608771	      0.38485461	      0.10126565	      0.59285651	      0.08469669	      0.01490647	      0.09938152	      0.56885530	      0.05382295	      0.16193876	      0.06051014	      0.07879779	      0.04028959	      0.16394124	      0.08344534	      0.23696513	     10.06278459
      0.24900000	     -0.25714256	      0.23545370	      0.89628410	      0.00009230	      0.07070875	     -0.56843058	      0.36149758	     -0.16508658	     -0.11901875	     -0.80803204	      0.80950339	     -0.25666607	      3.68589575	     -1.49375204	     -4.97829501	      2.57734708	      2.04903226	     -0.33507232	     -0.02144245	      0.07548778	      0.02196452	      0.08205866	      0.50165425	      0.09922680	      0.00647903	      0.08297604	      0.02747491	      0.04449520	      0.02572608	      0.03858485	      0.21399494	      0.08600760	      0.38479965	      0.10122652	      0.59442215	      0.08462009	      0.01471313	      0.09943937	      0.56885518	      0.05378421	      0.16272624	      0.06051917	      0.07900784	      0.04027495	      0.16375100	      0.08346009	      0.23696513	     10.13892951
      0.25000000	     -0.25794815	      0.23626368	      0.89602724	      0.00377844	      0.06921215	     -0.57339939	      0.36407391	     -0.16303332	     -0.11935557	     -0.80313813	      0.81046653	     -0.25703762	      3.68632818	     -1.49940388	     -4.95921372	      2.57427493	      2.05736947	     -0.34382942	     -0.02157120	      0.07552314	      0.02218056	      0.08226120	      0.50042761	      0.09910409	      0.00635028	      0.08317331	      0.02710585	      0.04448970	      0.02538217	      0.03867159	      0.21370204	      0.08592697	      0.38472179	      0.10118770	      0.59598183	      0.08454318	      0.01452240	      0.09949735	      0.56885508	      0.05374568	      0.16350640	      0.06052808	      0.07920792	      0.04026022	      0.16356571	      0.08347506	      0.23696513	     10.21498896
      0.25100000	     -0.25874882	      0.23707464	      0.89577001	      0.00746486	      0.06770992	     -0.57834887	      0.36664756	     -0.16097181	     -0.11969774	     -0.79819838	      0.81145346	     -0.25743864	      3.68645643	     -1.50502028	     -4.93965238	      2.57275700	      2.06561074	     -0.34162847	     -0.02169995	      0.07555969	      0.02239749	      0.08246357	      0.49914210	      0.09898121	      0.00622153	      0.08336996	      0.02674213	      0.04448489	      0.02504318	      0.03875871	      0.21340089	      0.08584583	      0.38462020	      0.10114915	      0.59753541	      0.08446596	      0.01433424	      0.09955546	      0.56885498	      0.05370739	      0.16427996	      0.06053686	      0.07939981	      0.04024541	      0.16338533	      0.08349022	      0.23696513	     10.29089079
      0.25200000	     -0.25954453	      0.23788660	      0.89551237	      0.01115125	      0.06620216	     -0.58327852	      0.36921895	     -0.15890221	     -0.12004068	     -0.79321591	      0.81246670	     -0.25784251	      3.68628183	     -1.51047726	     -4.91955407	      2.56961566	      2.07352550	     -0.34612712	     -0.02182870	      0.07559744	      0.02261537	      0.08266574	      0.49779743	      0.09885819	      0.00609278	      0.08356597	      0.02638364	      0.04448080	      0.02470903	      0.03884619	      0.21309150	      0.08576421	      0.38449400	      0.10111086	      0.59908277	      0.08438845	      0.01414862	      0.09961370	      0.56885488	      0.05366934	      0.16504612	      0.06054551	      0.07958214	      0.04023053	      0.16320998	      0.08350558	      0.23696513	     10.36665920
      0.25300000	     -0.26033524	      0.23869958	      0.89525431	      0.01483732	      0.06468899	     -0.58818782	      0.37178708	     -0.15682480	     -0.12038761	     -0.78819196	      0.81350301	     -0.25827085	      3.68581909	     -1.51587583	     -4.89899550	      2.56741835	      2.08131370	     -0.34310236	     -0.02195745	      0.07563638	      0.02283423	      0.08286768	      0.49639351	      0.09873503	      0.00596403	      0.08376130	      0.02603030	      0.04447742	      0.02437964	      0.03893402	      0.21277386	      0.08568212	      0.38434247	      0.10107281	      0.60062376	      0.08431065	      0.01396550	      0.09967206	      0.56885478	      0.05363153	      0.16580543	      0.06055405	      0.07975635	      0.04021558	      0.16303963	      0.08352111	      0.23696513	     10.44223608
      0.25400000	     -0.26112090	      0.23951362	      0.89499583	      0.01852279	      0.06317049	     -0.59307631	      0.37435235	     -0.15473975	     -0.12073418	     -0.78312834	      0.81456536	     -0.25869865	      3.68506500	     -1.52111071	     -4.87791786	      2.56320562	      2.08875596	     -0.34915991	     -0.02208620	      0.07567653	      0.02305412	      0.08306940	      0.49493023	      0.09861176	      0.00583528	      0.08395592	      0.02568203	      0.04447478	      0.02405493	      0.03902219	      0.21244799	      0.08559957	      0.38416490	      0.10103498	      0.60215825	      0.08423255	      0.01378484	      0.09973054	      0.56885469	      0.05359396	      0.16655748	      0.06056248	      0.07992184	      0.04020056	      0.16287434	      0.08353681	      0.23696513	     10.51764403
      0.25500000	     -0.26190148	      0.24032872	      0.89473691	      0.02220736	      0.06164679	     -0.59794351	      0.37691371	     -0.15264733	     -0.12108402	     -0.77802666	      0.81564994	     -0.25914980	      3.68403626	     -1.52628764	     -4.85640477	      2.55981161	      2.09606855	     -0.34849674	     -0.02221495	      0.07571787	      0.02327509	      0.08327085	      0.49340761	      0.09848840	      0.00570653	      0.08414982	      0.02533875	      0.04447286	      0.02373484	      0.03911069	      0.21211390	      0.08551656	      0.38396071	      0.10099735	      0.60368613	      0.08415418	      0.01360661	      0.09978914	      0.56885460	      0.05355666	      0.16730296	      0.06057079	      0.08008036	      0.04018549	      0.16271406	      0.08355265	      0.23696513	     10.59282258
      0.25600000	     -0.26267694	      0.24114492	      0.89447753	      0.02589077	      0.06011796	     -0.60278896	      0.37947144	     -0.15054772	     -0.12143349	     -0.77288785	      0.81675954	     -0.25960360	      3.68272798	     -1.53132725	     -4.83440550	      2.55480825	      2.10306832	     -0.35484951	     -0.02234370	      0.07576041	      0.02349718	      0.08347204	      0.49182566	      0.09836495	      0.00557778	      0.08434295	      0.02500038	      0.04447168	      0.02341929	      0.03919951	      0.21177162	      0.08543313	      0.38372929	      0.10095991	      0.60520726	      0.08407554	      0.01343078	      0.09984784	      0.56885451	      0.05351960	      0.16804142	      0.06057899	      0.08023117	      0.04017036	      0.16255884	      0.08356863	      0.23696513	     10.66778820
      0.25700000	     -0.26344725	      0.24196225	      0.89421769	      0.02957273	      0.05858412	     -0.60761221	      0.38202447	     -0.14844118	     -0.12178657	     -0.76771443	      0.81788956	     -0.26008592	      3.68116049	     -1.53633392	     -4.81201169	      2.55124990	      2.10998591	     -0.35102626	     -0.02247245	      0.07580416	      0.02372046	      0.08367294	      0.49018450	      0.09824144	      0.00544903	      0.08453529	      0.02466684	      0.04447124	      0.02310820	      0.03928864	      0.21142116	      0.08534927	      0.38347018	      0.10092264	      0.60672152	      0.08399662	      0.01325730	      0.09990665	      0.56885442	      0.05348282	      0.16877336	      0.06058708	      0.08037562	      0.04015520	      0.16240864	      0.08358473	      0.23696513	     10.74247876
      0.25800000	     -0.26421236	      0.24278071	      0.89395736	      0.03325300	      0.05704533	     -0.61241283	      0.38457334	     -0.14632786	     -0.12213828	     -0.76250607	      0.81904457	     -0.26056794	      3.67932071	     -1.54120464	     -4.78914304	      2.54577681	      2.11656577	     -0.35613978	     -0.02260120	      0.07584910	      0.02394496	      0.08387353	      0.48848425	      0.09811789	      0.00532028	      0.08472683	      0.02433805	      0.04447155	      0.02280151	      0.03937808	      0.21106256	      0.08526501	      0.38318289	      0.10088553	      0.60822881	      0.08391744	      0.01308615	      0.09996557	      0.56885434	      0.05344630	      0.16949830	      0.06059507	      0.08051286	      0.04013999	      0.16226352	      0.08360094	      0.23696513	     10.81692586
      0.25900000	     -0.26497225	      0.24360034	      0.89369654	      0.03693130	      0.05550171	     -0.61719038	      0.38711696	     -0.14420804	     -0.12249289	     -0.75726601	      0.82021933	     -0.26107697	      3.67723174	     -1.54604203	     -4.76589708	      2.54160186	      2.12305003	     -0.35198453	     -0.02272995	      0.07589524	      0.02417075	      0.08407381	      0.48672515	      0.09799431	      0.00519153	      0.08491752	      0.02401394	      0.04447262	      0.02249915	      0.03946780	      0.21069585	      0.08518034	      0.38286705	      0.10084857	      0.60972900	      0.08383800	      0.01291729	      0.10002458	      0.56885426	      0.05341005	      0.17021695	      0.06060296	      0.08064465	      0.04012476	      0.16212339	      0.08361725	      0.23696513	     10.89106668
      0.26000000	     -0.26572688	      0.24442116	      0.89343520	      0.04060737	      0.05395329	     -0.62194447	      0.38965589	     -0.14208187	     -0.12284541	     -0.75199275	      0.82141901	     -0.26158417	      3.67487616	     -1.55075317	     -4.74218846	      2.53538803	      2.12918507	     -0.35769621	     -0.02285870	      0.07594259	      0.02439788	      0.08427375	      0.48490741	      0.09787071	      0.00506278	      0.08510736	      0.02369443	      0.04447444	      0.02220104	      0.03955781	      0.21032106	      0.08509529	      0.38252232	      0.10081173	      0.61122198	      0.08375831	      0.01275069	      0.10008369	      0.56885419	      0.05337408	      0.17092893	      0.06061075	      0.08077036	      0.04010950	      0.16198829	      0.08363364	      0.23696513	     10.96493409
      0.26100000	     -0.26647622	      0.24524318	      0.89317335	      0.04428097	      0.05240019	     -0.62667466	      0.39218898	     -0.13994964	     -0.12320056	     -0.74669062	      0.82263741	     -0.26211948	      3.67228165	     -1.55544083	     -4.71812557	      2.53064239	      2.13523667	     -0.35324775	     -0.02298745	      0.07599113	      0.02462641	      0.08447334	      0.48303136	      0.09774711	      0.00493403	      0.08529632	      0.02337945	      0.04447702	      0.02190713	      0.03964810	      0.20993824	      0.08500987	      0.38214842	      0.10077502	      0.61270765	      0.08367837	      0.01258632	      0.10014290	      0.56885411	      0.05333838	      0.17163492	      0.06061844	      0.08089161	      0.04009422	      0.16185812	      0.08365010	      0.23696513	     11.03846266
      0.26200000	     -0.26722025	      0.24606644	      0.89291096	      0.04795185	      0.05084244	     -0.63138058	      0.39471673	     -0.13781150	     -0.12355391	     -0.74135764	      0.82387944	     -0.26265747	      3.66943024	     -1.56003047	     -4.69363073	      2.52444180	      2.14098471	     -0.35551375	     -0.02311620	      0.07604087	      0.02485639	      0.08467257	      0.48109729	      0.09762352	      0.00480528	      0.08548437	      0.02306892	      0.04448038	      0.02161735	      0.03973865	      0.20954741	      0.08492409	      0.38174506	      0.10073841	      0.61418591	      0.08359819	      0.01242414	      0.10020219	      0.56885404	      0.05330297	      0.17233428	      0.06062604	      0.08100717	      0.04007892	      0.16173294	      0.08366662	      0.23696513	     11.11168080
      0.26300000	     -0.26795893	      0.24689095	      0.89264803	      0.05161976	      0.04928014	     -0.63606181	      0.39723824	     -0.13566770	     -0.12390888	     -0.73599792	      0.82514014	     -0.26321985	      3.66634510	     -1.56459100	     -4.66878665	      2.51932888	      2.14662441	     -0.34988046	     -0.02324495	      0.07609180	      0.02508788	      0.08487142	      0.47910560	      0.09749997	      0.00467653	      0.08567149	      0.02276279	      0.04448450	      0.02133163	      0.03982946	      0.20914864	      0.08483795	      0.38131207	      0.10070191	      0.61565666	      0.08351776	      0.01226413	      0.10026157	      0.56885397	      0.05326785	      0.17302763	      0.06063356	      0.08111855	      0.04006362	      0.16161266	      0.08368318	      0.23696513	     11.18453869
      0.26400000	     -0.26869224	      0.24771673	      0.89238453	      0.05528445	      0.04771331	     -0.64071799	      0.39975405	     -0.13351841	     -0.12426093	     -0.73060832	      0.82642511	     -0.26378067	      3.66300369	     -1.56905607	     -4.64350945	      2.51234168	      2.15193578	     -0.35359749	     -0.02337370	      0.07614392	      0.02532093	      0.08506987	      0.47705667	      0.09737645	      0.00454778	      0.08585767	      0.02246097	      0.04448941	      0.02104991	      0.03992052	      0.20874196	      0.08475147	      0.38084925	      0.10066549	      0.61711979	      0.08343710	      0.01210625	      0.10032103	      0.56885391	      0.05323301	      0.17371462	      0.06064098	      0.08122508	      0.04004832	      0.16149729	      0.08369978	      0.23696513	     11.25706680
      0.26500000	     -0.26942014	      0.24854381	      0.89212046	      0.05894569	      0.04614203	     -0.64534871	      0.40226321	     -0.13136387	     -0.12461394	     -0.72519391	      0.82772847	     -0.26436430	      3.65943340	     -1.57349587	     -4.61789245	      2.50631933	      2.15713915	     -0.35023361	     -0.02350245	      0.07619723	      0.02555561	      0.08526791	      0.47495094	      0.09725300	      0.00441903	      0.08604288	      0.02216340	      0.04449510	      0.02077213	      0.04001181	      0.20832742	      0.08466467	      0.38035649	      0.10062915	      0.61857522	      0.08335621	      0.01195047	      0.10038057	      0.56885384	      0.05319846	      0.17439604	      0.06064833	      0.08132858	      0.04003302	      0.16138672	      0.08371640	      0.23696513	     11.32921258
      0.26600000	     -0.27014261	      0.24937220	      0.89185580	      0.06260323	      0.04456634	     -0.64995363	      0.40476615	     -0.12920423	     -0.12496405	     -0.71975146	      0.82905527	     -0.26494885	      3.65561286	     -1.57786168	     -4.59186296	      2.49878359	      2.16205400	     -0.35433457	     -0.02363120	      0.07625173	      0.02579196	      0.08546553	      0.47278886	      0.09712962	      0.00429028	      0.08622710	      0.02187002	      0.04450158	      0.02049822	      0.04010334	      0.20790507	      0.08457755	      0.37983367	      0.10059288	      0.62002285	      0.08327509	      0.01179677	      0.10044019	      0.56885378	      0.05316420	      0.17507156	      0.06065559	      0.08142844	      0.04001773	      0.16128094	      0.08373303	      0.23696513	     11.40100095
      0.26700000	     -0.27085964	      0.25020192	      0.89159055	      0.06625685	      0.04298630	     -0.65453236	      0.40726193	     -0.12703973	     -0.12531543	     -0.71428726	      0.83039877	     -0.26556014	      3.65157410	     -1.58221772	     -4.56552234	      2.49272820	      2.16691396	     -0.34841310	     -0.02375995	      0.07630742	      0.02603005	      0.08566271	      0.47057092	      0.09700632	      0.00416153	      0.08641030	      0.02158076	      0.04450885	      0.02022814	      0.04019509	      0.20747496	      0.08449011	      0.37928072	      0.10055668	      0.62146260	      0.08319374	      0.01164511	      0.10049987	      0.56885372	      0.05313023	      0.17574185	      0.06066278	      0.08152616	      0.04000246	      0.16117984	      0.08374966	      0.23696513	     11.47237871
      0.26800000	     -0.27157118	      0.25103300	      0.89132468	      0.06990630	      0.04140193	     -0.65908454	      0.40975111	     -0.12487049	     -0.12566339	     -0.70879632	      0.83176565	     -0.26617133	      3.64728725	     -1.58651024	     -4.53877662	      2.48512188	      2.17149873	     -0.35035930	     -0.02388870	      0.07636428	      0.02626993	      0.08585945	      0.46829763	      0.09688312	      0.00403278	      0.08659248	      0.02129555	      0.04451693	      0.01996181	      0.04028705	      0.20703715	      0.08440239	      0.37869760	      0.10052053	      0.62289438	      0.08311217	      0.01149546	      0.10055962	      0.56885366	      0.05309656	      0.17640636	      0.06066989	      0.08162060	      0.03998720	      0.16108344	      0.08376628	      0.23696513	     11.54338007
      0.26900000	     -0.27227722	      0.25186546	      0.89105820	      0.07355135	      0.03981328	     -0.66360981	      0.41223285	     -0.12269673	     -0.12601172	     -0.70328508	      0.83314940	     -0.26680580	      3.64278348	     -1.59079116	     -4.51171971	      2.47866722	      2.17602048	     -0.34428549	     -0.02401745	      0.07642232	      0.02651165	      0.08605571	      0.46596950	      0.09676004	      0.00390403	      0.08677362	      0.02101434	      0.04452581	      0.01969919	      0.04037922	      0.20659170	      0.08431437	      0.37808428	      0.10048442	      0.62431810	      0.08303039	      0.01134780	      0.10061944	      0.56885361	      0.05306319	      0.17706590	      0.06067694	      0.08171359	      0.03997197	      0.16099160	      0.08378287	      0.23696513	     11.61395754
      0.27000000	     -0.27297774	      0.25269931	      0.89079107	      0.07719178	      0.03822037	     -0.66810784	      0.41470777	     -0.12051855	     -0.12635559	     -0.69774729	      0.83455745	     -0.26743602	      3.63802820	     -1.59501486	     -4.48425100	      2.47027453	      2.18025552	     -0.34858040	     -0.02414620	      0.07648153	      0.02675527	      0.08625150	      0.46358709	      0.09663708	      0.00377528	      0.08695368	      0.02073705	      0.04453551	      0.01944021	      0.04047159	      0.20613866	      0.08422607	      0.37744078	      0.10044836	      0.62573369	      0.08294838	      0.01120210	      0.10067930	      0.56885355	      0.05303011	      0.17772002	      0.06068391	      0.08180413	      0.03995677	      0.16090431	      0.08379943	      0.23696513	     11.68414736
      0.27100000	     -0.27367271	      0.25353458	      0.89052331	      0.08082735	      0.03662324	     -0.67257825	      0.41717479	     -0.11833616	     -0.12670024	     -0.69219239	      0.83598053	     -0.26809362	      3.63306620	     -1.59923978	     -4.45649846	      2.46357377	      2.18448467	     -0.34171676	     -0.02427495	      0.07654191	      0.02700083	      0.08644680	      0.46115094	      0.09651427	      0.00364653	      0.08713266	      0.02046364	      0.04454602	      0.01918482	      0.04056414	      0.20567810	      0.08413751	      0.37676710	      0.10041232	      0.62714107	      0.08286616	      0.01105833	      0.10073923	      0.56885350	      0.05299734	      0.17836959	      0.06069082	      0.08189419	      0.03994160	      0.16082143	      0.08381594	      0.23696513	     11.75389019
      0.27200000	     -0.27436212	      0.25437128	      0.89025488	      0.08445783	      0.03502190	     -0.67702071	      0.41963453	     -0.11614965	     -0.12704101	     -0.68661377	      0.83742610	     -0.26875216	      3.62786178	     -1.60342769	     -4.42836267	      2.45560898	      2.18849369	     -0.34137942	     -0.02440370	      0.07660345	      0.02724841	      0.08664160	      0.45866165	      0.09639161	      0.00351778	      0.08731053	      0.02019404	      0.04455735	      0.01893297	      0.04065688	      0.20521008	      0.08404869	      0.37606332	      0.10037632	      0.62854016	      0.08278373	      0.01091646	      0.10079920	      0.56885345	      0.05296486	      0.17901409	      0.06069767	      0.08198260	      0.03992648	      0.16074295	      0.08383240	      0.23696513	     11.82322153
      0.27300000	     -0.27504593	      0.25520943	      0.88998580	      0.08808300	      0.03341638	     -0.68143487	      0.42208631	     -0.11395919	     -0.12738086	     -0.68101760	      0.83888852	     -0.26942969	      3.62244179	     -1.60760879	     -4.39991757	      2.44846380	      2.19244412	     -0.33515219	     -0.02453245	      0.07666615	      0.02749804	      0.08683588	      0.45611978	      0.09626913	      0.00338903	      0.08748725	      0.01992818	      0.04456951	      0.01868459	      0.04074980	      0.20473467	      0.08395961	      0.37532948	      0.10034033	      0.62993088	      0.08270110	      0.01077647	      0.10085921	      0.56885340	      0.05293268	      0.17965421	      0.06070445	      0.08207086	      0.03991140	      0.16066873	      0.08384879	      0.23696513	     11.89210548
      0.27400000	     -0.27572414	      0.25604906	      0.88971603	      0.09170263	      0.03180669	     -0.68582041	      0.42453067	     -0.11176486	     -0.12771573	     -0.67539692	      0.84037493	     -0.27010318	      3.61676883	     -1.61176019	     -4.37106674	      2.43959133	      2.19614843	     -0.33843277	     -0.02466120	      0.07673001	      0.02774977	      0.08702962	      0.45352598	      0.09614682	      0.00326028	      0.08766276	      0.01966603	      0.04458251	      0.01843965	      0.04084289	      0.20425193	      0.08387029	      0.37456570	      0.10030435	      0.63131318	      0.08261825	      0.01063833	      0.10091926	      0.56885335	      0.05290080	      0.18028959	      0.06071118	      0.08215817	      0.03989636	      0.16059875	      0.08386512	      0.23696513	     11.96057272
      0.27500000	     -0.27639673	      0.25689019	      0.88944558	      0.09531648	      0.03019285	     -0.69017693	      0.42696664	     -0.10956685	     -0.12805051	     -0.66976176	      0.84187604	     -0.27080177	      3.61088422	     -1.61591946	     -4.34191902	      2.43232446	      2.19985310	     -0.33116703	     -0.02478995	      0.07679501	      0.02800368	      0.08722283	      0.45088081	      0.09602472	      0.00313153	      0.08783698	      0.01940751	      0.04459634	      0.01819808	      0.04093614	      0.20376194	      0.08378074	      0.37377203	      0.10026839	      0.63268697	      0.08253519	      0.01050201	      0.10097934	      0.56885331	      0.05286922	      0.18092111	      0.06071786	      0.08224642	      0.03988138	      0.16053284	      0.08388136	      0.23696513	     12.02857092
      0.27600000	     -0.27706366	      0.25773282	      0.88917443	      0.09892431	      0.02857486	     -0.69450410	      0.42939487	     -0.10736523	     -0.12838050	     -0.66410263	      0.84340084	     -0.27149861	      3.60473525	     -1.62006609	     -4.31234315	      2.42370653	      2.20333175	     -0.33131287	     -0.02491870	      0.07686115	      0.02825979	      0.08741547	      0.44818493	      0.09590284	      0.00300278	      0.08800981	      0.01915257	      0.04461101	      0.01795984	      0.04102954	      0.20326476	      0.08369096	      0.37294862	      0.10023242	      0.63405219	      0.08245193	      0.01036750	      0.10103944	      0.56885326	      0.05283794	      0.18154845	      0.06072449	      0.08233486	      0.03986646	      0.16047095	      0.08389751	      0.23696513	     12.09613765
      0.27700000	     -0.27772493	      0.25857699	      0.88890257	      0.10252587	      0.02695272	     -0.69880150	      0.43181457	     -0.10516019	     -0.12870975	     -0.65842778	      0.84494171	     -0.27221745	      3.59834937	     -1.62422601	     -4.28240927	      2.41647008	      2.20677668	     -0.32231834	     -0.02504745	      0.07692843	      0.02851817	      0.08760755	      0.44543894	      0.09578119	      0.00287403	      0.08818117	      0.01890117	      0.04462652	      0.01772488	      0.04112310	      0.20276047	      0.08360096	      0.37209557	      0.10019645	      0.63540878	      0.08236847	      0.01023476	      0.10109957	      0.56885322	      0.05280696	      0.18217235	      0.06073107	      0.08242502	      0.03985160	      0.16041294	      0.08391356	      0.23696513	     12.16323050
      0.27800000	     -0.27838050	      0.25942272	      0.88863000	      0.10612090	      0.02532641	     -0.70306872	      0.43422647	     -0.10295182	     -0.12903314	     -0.65272524	      0.84650924	     -0.27292919	      3.59166016	     -1.62838738	     -4.25195822	      2.40743229	      2.20994122	     -0.32367324	     -0.02517620	      0.07699684	      0.02877888	      0.08779904	      0.44264353	      0.09565978	      0.00274528	      0.08835102	      0.01865323	      0.04464288	      0.01749314	      0.04121680	      0.20224914	      0.08351075	      0.37121306	      0.10016047	      0.63675667	      0.08228480	      0.01010376	      0.10115973	      0.56885318	      0.05277628	      0.18279231	      0.06073760	      0.08251572	      0.03983680	      0.16035878	      0.08392950	      0.23696513	     12.22989121
      0.27900000	     -0.27903037	      0.26027002	      0.88835671	      0.10970910	      0.02369593	     -0.70730527	      0.43662976	     -0.10074034	     -0.12935493	     -0.64700400	      0.84809527	     -0.27365854	      3.58469573	     -1.63257125	     -4.22105887	      2.39943066	      2.21302517	     -0.31808386	     -0.02530495	      0.07706637	      0.02904195	      0.08798994	      0.43979930	      0.09553864	      0.00261653	      0.08851933	      0.01840872	      0.04466008	      0.01726459	      0.04131064	      0.20173085	      0.08342033	      0.37030121	      0.10012447	      0.63809580	      0.08220093	      0.00997444	      0.10121985	      0.56885314	      0.05274590	      0.18340909	      0.06074409	      0.08260859	      0.03982207	      0.16030829	      0.08394533	      0.23696513	     12.29607718
      0.28000000	     -0.27967450	      0.26111892	      0.88808268	      0.11329018	      0.02206126	     -0.71151065	      0.43902492	     -0.09852586	     -0.12967164	     -0.64125620	      0.84970702	     -0.27438582	      3.57740708	     -1.63677138	     -4.18959318	      2.39033961	      2.21586601	     -0.31861472	     -0.02543370	      0.07713702	      0.02930745	      0.08818021	      0.43690696	      0.09541778	      0.00248778	      0.08868609	      0.01816758	      0.04467813	      0.01703916	      0.04140461	      0.20120566	      0.08332972	      0.36936024	      0.10008846	      0.63942611	      0.08211686	      0.00984569	      0.10127929	      0.56885310	      0.05271582	      0.18402235	      0.06075053	      0.08270276	      0.03980742	      0.16026144	      0.08396103	      0.23696513	     12.36181591
      0.28100000	     -0.28031288	      0.26196944	      0.88780793	      0.11686382	      0.02042238	     -0.71568430	      0.44141117	     -0.09630861	     -0.12998740	     -0.63549383	      0.85133522	     -0.27513473	      3.56983111	     -1.64098743	     -4.15763705	      2.38285541	      2.21865806	     -0.30857197	     -0.02556245	      0.07720878	      0.02957542	      0.08836986	      0.43396711	      0.09529722	      0.00235903	      0.08885130	      0.01792976	      0.04469703	      0.01681682	      0.04149871	      0.20067366	      0.08323891	      0.36839025	      0.10005242	      0.64074755	      0.08203258	      0.00971694	      0.10133804	      0.56885306	      0.05268603	      0.18463302	      0.06075694	      0.08280019	      0.03979284	      0.16021803	      0.08397661	      0.23696513	     12.42706705
      0.28200000	     -0.28094548	      0.26282160	      0.88753242	      0.12042971	      0.01877928	     -0.71982568	      0.44378941	     -0.09408869	     -0.13029610	     -0.62970232	      0.85299280	     -0.27587087	      3.56189015	     -1.64521624	     -4.12500979	      2.37322850	      2.22112643	     -0.31118076	     -0.02569120	      0.07728164	      0.02984592	      0.08855886	      0.43098049	      0.09517697	      0.00223028	      0.08901492	      0.01769521	      0.04471677	      0.01659751	      0.04159293	      0.20013493	      0.08314792	      0.36739152	      0.10001636	      0.64206005	      0.08194810	      0.00958819	      0.10139642	      0.56885303	      0.05265654	      0.18524052	      0.06076332	      0.08289947	      0.03977834	      0.16017804	      0.08399205	      0.23696513	     12.49188029
      0.28300000	     -0.28157228	      0.26367543	      0.88725617	      0.12398751	      0.01713195	     -0.72393415	      0.44615859	     -0.09186634	     -0.13060357	     -0.62389722	      0.85466704	     -0.27662748	      3.55363928	     -1.64945966	     -4.09183096	      2.36521686	      2.22354498	     -0.30315740	     -0.02581995	      0.07735561	      0.03011898	      0.08874719	      0.42794774	      0.09505706	      0.00210153	      0.08917694	      0.01746388	      0.04473736	      0.01638120	      0.04168725	      0.19958953	      0.08305676	      0.36636419	      0.09998026	      0.64336356	      0.08186342	      0.00945944	      0.10145461	      0.56885299	      0.05262735	      0.18584554	      0.06076966	      0.08300202	      0.03976392	      0.16014130	      0.08400734	      0.23696513	     12.55620087
      0.28400000	     -0.28219326	      0.26453094	      0.88697917	      0.12753687	      0.01548036	     -0.72800911	      0.44851940	     -0.08964169	     -0.13090505	     -0.61806565	      0.85636873	     -0.27737766	      3.54501149	     -1.65372608	     -4.05795117	      2.35591849	      2.22570394	     -0.30262928	     -0.02594870	      0.07743067	      0.03039467	      0.08893484	      0.42486957	      0.09493749	      0.00197278	      0.08933733	      0.01723572	      0.04475879	      0.01616784	      0.04178168	      0.19903754	      0.08296543	      0.36530851	      0.09994412	      0.64465804	      0.08177853	      0.00933069	      0.10151270	      0.56885296	      0.05259844	      0.18644788	      0.06077597	      0.08310726	      0.03974959	      0.16010773	      0.08402248	      0.23696513	     12.62006719
      0.28500000	     -0.28280841	      0.26538817	      0.88670141	      0.13107742	      0.01382449	     -0.73204985	      0.45087103	     -0.08741494	     -0.13120494	     -0.61222000	      0.85808790	     -0.27814648	      3.53604957	     -1.65801088	     -4.02346072	      2.34817162	      2.22781091	     -0.29188781	     -0.02607745	      0.07750682	      0.03067304	      0.08912178	      0.42174660	      0.09481830	      0.00184403	      0.08949611	      0.01701069	      0.04478107	      0.01595739	      0.04187620	      0.19847905	      0.08287393	      0.36422463	      0.09990794	      0.64594342	      0.08169344	      0.00920194	      0.10157077	      0.56885293	      0.05256984	      0.18704842	      0.06078225	      0.08321700	      0.03973535	      0.16007715	      0.08403747	      0.23696513	     12.68343843
      0.28600000	     -0.28341769	      0.26624713	      0.88642289	      0.13460881	      0.01216432	     -0.73605574	      0.45321435	     -0.08518622	     -0.13149742	     -0.60634355	      0.85983821	     -0.27890118	      3.52667459	     -1.66233385	     -3.98819134	      2.33842988	      2.22961522	     -0.29325522	     -0.02620620	      0.07758405	      0.03095412	      0.08930801	      0.41857959	      0.09469948	      0.00171528	      0.08965331	      0.01678874	      0.04480418	      0.01574980	      0.04197082	      0.19791412	      0.08278228	      0.36311283	      0.09987171	      0.64721966	      0.08160815	      0.00907319	      0.10162884	      0.56885290	      0.05254152	      0.18764661	      0.06078851	      0.08332986	      0.03972120	      0.16004951	      0.08405230	      0.23696513	     12.74636247
      0.28700000	     -0.28402109	      0.26710785	      0.88614360	      0.13813065	      0.01049981	     -0.74002602	      0.45554841	     -0.08295573	     -0.13178805	     -0.60045317	      0.86160637	     -0.27967317	      3.51695187	     -1.66667935	     -3.95228031	      2.33021480	      2.23137607	     -0.28460714	     -0.02633495	      0.07766236	      0.03123796	      0.08949349	      0.41536913	      0.09458107	      0.00158653	      0.08980897	      0.01656982	      0.04482814	      0.01554502	      0.04206551	      0.19734284	      0.08269049	      0.36197325	      0.09983543	      0.64848670	      0.08152264	      0.00894444	      0.10168693	      0.56885286	      0.05251349	      0.18824319	      0.06079474	      0.08344735	      0.03970714	      0.16002464	      0.08406696	      0.23696513	     12.80879009
      0.28800000	     -0.28461859	      0.26797035	      0.88586355	      0.14164257	      0.00883094	     -0.74396002	      0.45787390	     -0.08072358	     -0.13207206	     -0.59453518	      0.86340357	     -0.28043585	      3.50682043	     -1.67106857	     -3.91560232	      2.32064916	      2.23289479	     -0.28415893	     -0.02646370	      0.07774173	      0.03152459	      0.08967821	      0.41211596	      0.09446307	      0.00145778	      0.08996311	      0.01635389	      0.04485294	      0.01534303	      0.04216028	      0.19676528	      0.08259855	      0.36080615	      0.09979909	      0.64974451	      0.08143693	      0.00881569	      0.10174506	      0.56885284	      0.05248575	      0.18883773	      0.06080096	      0.08356836	      0.03969319	      0.16000248	      0.08408145	      0.23696513	     12.87076040
      0.28900000	     -0.28521016	      0.26883466	      0.88558273	      0.14514418	      0.00715767	     -0.74785701	      0.46019014	     -0.07848995	     -0.13235353	     -0.58860332	      0.86521940	     -0.28121214	      3.49633548	     -1.67548227	     -3.87827175	      2.31229861	      2.23436021	     -0.27567220	     -0.02659245	      0.07782218	      0.03181404	      0.08986215	      0.40882060	      0.09434551	      0.00132903	      0.09011574	      0.01614090	      0.04487857	      0.01514378	      0.04225511	      0.19618152	      0.08250648	      0.35961161	      0.09976270	      0.65099302	      0.08135101	      0.00868694	      0.10180324	      0.56885281	      0.05245830	      0.18943118	      0.06080715	      0.08369484	      0.03967933	      0.15998282	      0.08409576	      0.23696513	     12.93223819
      0.29000000	     -0.28579578	      0.26970080	      0.88530113	      0.14863510	      0.00547996	     -0.75171630	      0.46249779	     -0.07625495	     -0.13262785	     -0.58264408	      0.86706482	     -0.28197654	      3.48544020	     -1.67994727	     -3.84017682	      2.30240928	      2.23558158	     -0.27671278	     -0.02672120	      0.07790368	      0.03210631	      0.09004529	      0.40548372	      0.09422839	      0.00120028	      0.09026685	      0.01593081	      0.04490505	      0.01494722	      0.04235001	      0.19559165	      0.08241429	      0.35838984	      0.09972624	      0.65223220	      0.08126488	      0.00855819	      0.10186146	      0.56885278	      0.05243114	      0.19002323	      0.06081332	      0.08382594	      0.03966557	      0.15996559	      0.08410989	      0.23696513	     12.99326110
      0.29100000	     -0.28637544	      0.27056880	      0.88501876	      0.15211495	      0.00379777	     -0.75553718	      0.46479595	     -0.07401877	     -0.13290049	     -0.57667677	      0.86892539	     -0.28275960	      3.47421385	     -1.68442747	     -3.80147742	      2.29436335	      2.23679861	     -0.26569605	     -0.02684995	      0.07798623	      0.03240142	      0.09022762	      0.40210587	      0.09411173	      0.00107153	      0.09041645	      0.01572358	      0.04493236	      0.01475333	      0.04244496	      0.19499573	      0.08232198	      0.35714092	      0.09968972	      0.65346198	      0.08117854	      0.00842944	      0.10191974	      0.56885275	      0.05240426	      0.19061451	      0.06081948	      0.08396288	      0.03965192	      0.15995062	      0.08412383	      0.23696513	     13.05378355
      0.29200000	     -0.28694912	      0.27143867	      0.88473562	      0.15558338	      0.00211108	     -0.75931899	      0.46708552	     -0.07178147	     -0.13316554	     -0.57068304	      0.87081565	     -0.28352872	      3.46258139	     -1.68896422	     -3.76202879	      2.28463560	      2.23776192	     -0.26523358	     -0.02697870	      0.07806983	      0.03269936	      0.09040910	      0.39868777	      0.09399555	      0.00094278	      0.09056449	      0.01551916	      0.04496050	      0.01456205	      0.04253995	      0.19439386	      0.08222956	      0.35586511	      0.09965312	      0.65468234	      0.08109199	      0.00830069	      0.10197808	      0.56885273	      0.05237766	      0.19120448	      0.06082563	      0.08410429	      0.03963837	      0.15993787	      0.08413758	      0.23696513	     13.11385382
      0.29300000	     -0.28751681	      0.27231043	      0.88445170	      0.15904001	      0.00041984	     -0.76306104	      0.46936569	     -0.06954326	     -0.13342787	     -0.56468097	      0.87272231	     -0.28431099	      3.45061660	     -1.69351890	     -3.72197714	      2.27622083	      2.23867638	     -0.25610191	     -0.02710745	      0.07815446	      0.03300017	      0.09058973	      0.39522992	      0.09387986	      0.00081403	      0.09071097	      0.01531752	      0.04498949	      0.01437336	      0.04263499	      0.19378612	      0.08213703	      0.35456247	      0.09961645	      0.65589320	      0.08100523	      0.00817194	      0.10203646	      0.56885270	      0.05235134	      0.19179425	      0.06083177	      0.08425248	      0.03962493	      0.15992709	      0.08415114	      0.23696513	     13.17343222
      0.29400000	     -0.28807848	      0.27318412	      0.88416701	      0.16248448	     -0.00127598	     -0.76676269	      0.47163712	     -0.06730422	     -0.13368310	     -0.55865653	      0.87465639	     -0.28508222	      3.43826296	     -1.69812841	     -3.68121682	      2.26651807	      2.23935444	     -0.25510612	     -0.02723620	      0.07824013	      0.03330381	      0.09076948	      0.39173305	      0.09376467	      0.00068528	      0.09085584	      0.01511862	      0.04501931	      0.01418721	      0.04273006	      0.19317258	      0.08204440	      0.35323327	      0.09957970	      0.65709454	      0.08091824	      0.00804319	      0.10209491	      0.56885268	      0.05232530	      0.19238324	      0.06083789	      0.08440597	      0.03961161	      0.15991825	      0.08416450	      0.23696513	     13.23255461
      0.29500000	     -0.28863412	      0.27405975	      0.88388153	      0.16591643	     -0.00297642	     -0.77042328	      0.47389915	     -0.06506457	     -0.13393527	     -0.55262572	      0.87660639	     -0.28586490	      3.42558506	     -1.70275393	     -3.63987319	      2.25801011	      2.23996005	     -0.24619582	     -0.02736495	      0.07832682	      0.03361029	      0.09094834	      0.38819770	      0.09365001	      0.00055653	      0.09099909	      0.01492240	      0.04504997	      0.01400357	      0.04282515	      0.19255334	      0.08195169	      0.35187760	      0.09954287	      0.65828631	      0.08083104	      0.00791444	      0.10215341	      0.56885265	      0.05229954	      0.19297220	      0.06084401	      0.08456625	      0.03959839	      0.15991114	      0.08417766	      0.23696513	     13.29118879
      0.29600000	     -0.28918372	      0.27493734	      0.88359528	      0.16933552	     -0.00468151	     -0.77404220	      0.47615250	     -0.06282440	     -0.13417960	     -0.54657227	      0.87858482	     -0.28663274	      3.41251799	     -1.70744319	     -3.59782767	      2.24787386	      2.24029084	     -0.24774591	     -0.02749370	      0.07841453	      0.03391959	      0.09112630	      0.38462458	      0.09353588	      0.00042778	      0.09114070	      0.01472884	      0.04508147	      0.01382240	      0.04292027	      0.19192848	      0.08185888	      0.35049572	      0.09950596	      0.65946846	      0.08074362	      0.00778569	      0.10221197	      0.56885263	      0.05227405	      0.19356061	      0.06085012	      0.08473198	      0.03958528	      0.15990574	      0.08419061	      0.23696513	     13.34937363
      0.29700000	     -0.28972727	      0.27581692	      0.88330826	      0.17274138	     -0.00639130	     -0.77761879	      0.47839625	     -0.06058395	     -0.13442195	     -0.54051961	      0.88057483	     -0.28741798	      3.39915527	     -1.71213146	     -3.55525647	      2.23964352	      2.24058077	     -0.23672890	     -0.02762245	      0.07850324	      0.03423174	      0.09130332	      0.38101415	      0.09342229	      0.00029903	      0.09128063	      0.01453790	      0.04511381	      0.01364367	      0.04301539	      0.19129809	      0.08176600	      0.34908763	      0.09946895	      0.66064094	      0.08065598	      0.00765694	      0.10227058	      0.56885261	      0.05224884	      0.19414950	      0.06085623	      0.08490534	      0.03957230	      0.15990179	      0.08420336	      0.23696513	     13.40706349
      0.29800000	     -0.29026475	      0.27669850	      0.88302045	      0.17613370	     -0.00810580	     -0.78115249	      0.48063126	     -0.05834334	     -0.13465649	     -0.53444687	      0.88259216	     -0.28818870	      3.38541401	     -1.71688349	     -3.51201024	      2.22988723	      2.24058901	     -0.23559776	     -0.02775120	      0.07859295	      0.03454670	      0.09147941	      0.37736712	      0.09330927	      0.00017028	      0.09141886	      0.01434953	      0.04514698	      0.01346734	      0.04311053	      0.19066224	      0.08167305	      0.34765361	      0.09943186	      0.66180372	      0.08056812	      0.00752819	      0.10232925	      0.56885259	      0.05222390	      0.19473836	      0.06086233	      0.08508495	      0.03955942	      0.15989925	      0.08421590	      0.23696513	     13.46430534
      0.29900000	     -0.29079616	      0.27758211	      0.88273187	      0.17951212	     -0.00982506	     -0.78464265	      0.48285680	     -0.05610278	     -0.13488798	     -0.52837393	      0.88462273	     -0.28897095	      3.37137292	     -1.72164060	     -3.46823522	      2.22146084	      2.24050362	     -0.22563534	     -0.02787995	      0.07868365	      0.03486448	      0.09165453	      0.37368400	      0.09319682	      0.00004153	      0.09155538	      0.01416370	      0.04518100	      0.01329337	      0.04320566	      0.19002102	      0.08158003	      0.34619371	      0.09939467	      0.66295674	      0.08048004	      0.00739944	      0.10238797	      0.56885257	      0.05219922	      0.19532794	      0.06086844	      0.08527233	      0.03954667	      0.15989792	      0.08422822	      0.23696513	     13.52106307
      0.30000000	     -0.29132149	      0.27846776	      0.88244251	      0.18287632	     -0.01154910	     -0.78808873	      0.48507361	     -0.05386243	     -0.13511152	     -0.52228254	      0.88668015	     -0.28973800	      3.35696012	     -1.72646462	     -3.42380561	      2.21149899	      2.24012794	     -0.22573237	     -0.02800870	      0.07877533	      0.03518507	      0.09182868	      0.36996550	      0.09308496	     -0.00008722	      0.09169015	      0.01398038	      0.04521585	      0.01312174	      0.04330079	      0.18937453	      0.08148696	      0.34470819	      0.09935739	      0.66409997	      0.08039173	      0.00727069	      0.10244675	      0.56885255	      0.05217482	      0.19591784	      0.06087454	      0.08546641	      0.03953403	      0.15989774	      0.08424033	      0.23696513	     13.57737602
      0.30100000	     -0.29184073	      0.27935547	      0.88215239	      0.18622596	     -0.01327797	     -0.79149012	      0.48728089	     -0.05162252	     -0.13533220	     -0.51619463	      0.88874898	     -0.29051758	      3.34226155	     -1.73128556	     -3.37887789	      2.20303289	      2.23966290	     -0.21588096	     -0.02813745	      0.07886798	      0.03550848	      0.09200184	      0.36621210	      0.09297371	     -0.00021597	      0.09182316	      0.01379952	      0.04525154	      0.01295241	      0.04339590	      0.18872283	      0.08139383	      0.34319710	      0.09932001	      0.66523335	      0.08030319	      0.00714194	      0.10250559	      0.56885253	      0.05215067	      0.19650890	      0.06088065	      0.08566889	      0.03952151	      0.15990293	      0.08425222	      0.23696513	     13.63320633
      0.30200000	     -0.29235388	      0.28024526	      0.88186148	      0.18956073	     -0.01501169	     -0.79484629	      0.48947932	     -0.04938319	     -0.13554564	     -0.51009337	      0.89084168	     -0.29128581	      3.32721121	     -1.73616346	     -3.33333898	      2.19350798	      2.23893780	     -0.21301037	     -0.02826620	      0.07896160	      0.03583471	      0.09217399	      0.36242462	      0.09286307	     -0.00034472	      0.09195439	      0.01362110	      0.04528807	      0.01278534	      0.04349098	      0.18806603	      0.08130067	      0.34166080	      0.09928253	      0.66635686	      0.08021442	      0.00701319	      0.10256449	      0.56885251	      0.05212679	      0.19710043	      0.06088675	      0.08587805	      0.03950911	      0.15991379	      0.08426388	      0.23696513	     13.68858921
      0.30300000	     -0.29286092	      0.28113716	      0.88156981	      0.19288029	     -0.01675030	     -0.79815664	      0.49166833	     -0.04714468	     -0.13575543	     -0.50399508	      0.89294695	     -0.29206218	      3.31187243	     -1.74104360	     -3.28730316	      2.18505582	      2.23809474	     -0.20295317	     -0.02839495	      0.07905616	      0.03616378	      0.09234513	      0.35860354	      0.09275306	     -0.00047347	      0.09208381	      0.01344507	      0.04532543	      0.01262050	      0.04358603	      0.18740419	      0.08120746	      0.34009935	      0.09924494	      0.66747044	      0.08012542	      0.00688444	      0.10262345	      0.56885249	      0.05210318	      0.19769336	      0.06089287	      0.08609579	      0.03949683	      0.15992820	      0.08427531	      0.23696513	     13.74349896
      0.30400000	     -0.29336186	      0.28203117	      0.88127737	      0.19618434	     -0.01849381	     -0.80142067	      0.49384860	     -0.04490712	     -0.13595708	     -0.49788164	      0.89507795	     -0.29282243	      3.29617473	     -1.74599468	     -3.24065265	      2.17508519	      2.23696575	     -0.20302247	     -0.02852370	      0.07915167	      0.03649567	      0.09251522	      0.35474966	      0.09264370	     -0.00060222	      0.09221140	      0.01327140	      0.04536363	      0.01245787	      0.04368105	      0.18673741	      0.08111423	      0.33851311	      0.09920725	      0.66857407	      0.08003620	      0.00675569	      0.10268248	      0.56885248	      0.05207982	      0.19828722	      0.06089899	      0.08632089	      0.03948466	      0.15994539	      0.08428650	      0.23696513	     13.79797102
      0.30500000	     -0.29385669	      0.28292732	      0.88098416	      0.19947256	     -0.02024227	     -0.80463781	      0.49601933	     -0.04267075	     -0.13615591	     -0.49177720	      0.89721794	     -0.29359516	      3.28021120	     -1.75092995	     -3.19355099	      2.16670484	      2.23575704	     -0.19241850	     -0.02865245	      0.07924811	      0.03683043	      0.09268427	      0.35086352	      0.09253499	     -0.00073097	      0.09233714	      0.01310006	      0.04540267	      0.01229740	      0.04377601	      0.18606577	      0.08102098	      0.33690217	      0.09916945	      0.66966770	      0.07994674	      0.00662694	      0.10274157	      0.56885246	      0.05205671	      0.19888274	      0.06090511	      0.08655485	      0.03947263	      0.15996373	      0.08429746	      0.23696513	     13.85196748
      0.30600000	     -0.29434541	      0.28382561	      0.88069018	      0.20274464	     -0.02199570	     -0.80780757	      0.49818137	     -0.04043571	     -0.13634620	     -0.48565762	      0.89938417	     -0.29434969	      3.26388846	     -1.75594368	     -3.14584366	      2.15663518	      2.23425912	     -0.19318456	     -0.02878120	      0.07934546	      0.03716804	      0.09285225	      0.34694594	      0.09242695	     -0.00085972	      0.09246103	      0.01293102	      0.04544253	      0.01213908	      0.04387092	      0.18538935	      0.08092772	      0.33526693	      0.09913155	      0.67075129	      0.07985704	      0.00649819	      0.10280074	      0.56885244	      0.05203387	      0.19947952	      0.06091124	      0.08679654	      0.03946071	      0.15998268	      0.08430817	      0.23696513	     13.90553251
      0.30700000	     -0.29482801	      0.28472608	      0.88039545	      0.20600027	     -0.02375413	     -0.81092939	      0.50033386	     -0.03820221	     -0.13653374	     -0.47954975	      0.90155810	     -0.29511696	      3.24730932	     -1.76093476	     -3.09770805	      2.14823127	      2.23269223	     -0.18273354	     -0.02890995	      0.07944373	      0.03750853	      0.09301916	      0.34299745	      0.09231959	     -0.00098847	      0.09258302	      0.01276424	      0.04548324	      0.01198287	      0.04396576	      0.18470824	      0.08083445	      0.33360747	      0.09909353	      0.67182481	      0.07976711	      0.00636944	      0.10285999	      0.56885243	      0.05201127	      0.20007843	      0.06091739	      0.08704779	      0.03944891	      0.16000071	      0.08431865	      0.23696513	     13.95862554
      0.30800000	     -0.29530451	      0.28562874	      0.88009995	      0.20923915	     -0.02551759	     -0.81400280	      0.50247751	     -0.03597040	     -0.13671387	     -0.47343336	      0.90375409	     -0.29587195	      3.23039585	     -1.76598503	     -3.04901785	      2.13882388	      2.23088833	     -0.17910578	     -0.02903870	      0.07954290	      0.03785190	      0.09318497	      0.33901894	      0.09221292	     -0.00111722	      0.09270312	      0.01259968	      0.04552477	      0.01182873	      0.04406054	      0.18402252	      0.08074118	      0.33192429	      0.09905540	      0.67288823	      0.07967695	      0.00624069	      0.10291931	      0.56885241	      0.05198892	      0.20067871	      0.06092354	      0.08730671	      0.03943724	      0.16001782	      0.08432890	      0.23696513	     14.01128284
      0.30900000	     -0.29577488	      0.28653359	      0.87980370	      0.21246097	     -0.02728610	     -0.81702728	      0.50461184	     -0.03374047	     -0.13688977	     -0.46732396	      0.90596159	     -0.29663158	      3.21320690	     -1.77103485	     -2.99987496	      2.13025626	      2.22896819	     -0.16982492	     -0.02916745	      0.07964295	      0.03819816	      0.09334968	      0.33501099	      0.09210696	     -0.00124597	      0.09282129	      0.01243733	      0.04556713	      0.01167664	      0.04415523	      0.18333228	      0.08064792	      0.33021751	      0.09901716	      0.67394151	      0.07958654	      0.00611194	      0.10297872	      0.56885240	      0.05196682	      0.20128121	      0.06092971	      0.08757509	      0.03942569	      0.16003266	      0.08433890	      0.23696513	     14.06348349
      0.31000000	     -0.29623915	      0.28744067	      0.87950670	      0.21566545	     -0.02905968	     -0.82000236	      0.50673745	     -0.03151255	     -0.13705742	     -0.46120330	      0.90819339	     -0.29737433	      3.19567262	     -1.77616183	     -2.95016947	      2.12023917	      2.22679017	     -0.17050336	     -0.02929620	      0.07974387	      0.03854732	      0.09351328	      0.33097447	      0.09200171	     -0.00137472	      0.09293753	      0.01227714	      0.04561032	      0.01152658	      0.04424983	      0.18263760	      0.08055469	      0.32848757	      0.09897880	      0.67498463	      0.07949590	      0.00598319	      0.10303822	      0.56885239	      0.05194497	      0.20188545	      0.06093588	      0.08785163	      0.03941426	      0.16004518	      0.08434868	      0.23696513	     14.11525874
      0.31100000	     -0.29669730	      0.28834998	      0.87920894	      0.21885226	     -0.03083839	     -0.82292752	      0.50885357	     -0.02928687	     -0.13722225	     -0.45509791	      0.91043141	     -0.29812892	      3.17789323	     -1.78125790	     -2.90006893	      2.11187582	      2.22455143	     -0.15997314	     -0.02942495	      0.07984566	      0.03889939	      0.09367574	      0.32690995	      0.09189718	     -0.00150347	      0.09305181	      0.01211908	      0.04565433	      0.01137851	      0.04434434	      0.18193858	      0.08046147	      0.32673464	      0.09894033	      0.67601755	      0.07940502	      0.00585444	      0.10309781	      0.56885237	      0.05192336	      0.20249226	      0.06094207	      0.08813811	      0.03940296	      0.16005417	      0.08435823	      0.23696513	     14.16657229
      0.31200000	     -0.29714934	      0.28926154	      0.87891044	      0.22202112	     -0.03262222	     -0.82580232	      0.51096088	     -0.02706353	     -0.13737960	     -0.44898595	      0.91269079	     -0.29887044	      3.15978558	     -1.78641683	     -2.84944309	      2.10251497	      2.22208781	     -0.15638336	     -0.02955370	      0.07994830	      0.03925436	      0.09383706	      0.32281834	      0.09179339	     -0.00163222	      0.09316413	      0.01196313	      0.04569917	      0.01123240	      0.04443875	      0.18123529	      0.08036830	      0.32495920	      0.09890174	      0.67704024	      0.07931390	      0.00572569	      0.10315749	      0.56885236	      0.05190200	      0.20310106	      0.06094828	      0.08843304	      0.03939178	      0.16005977	      0.08436755	      0.23696513	     14.21745987
      0.31300000	     -0.29759528	      0.29017536	      0.87861120	      0.22517174	     -0.03441122	     -0.82862627	      0.51305893	     -0.02484272	     -0.13753276	     -0.44288402	      0.91496035	     -0.29961611	      3.14141177	     -1.79156982	     -2.79839609	      2.09402250	      2.21951625	     -0.14693744	     -0.02968245	      0.08005178	      0.03961225	      0.09399722	      0.31870027	      0.09169034	     -0.00176097	      0.09327445	      0.01180926	      0.04574484	      0.01108822	      0.04453304	      0.18052783	      0.08027516	      0.32316147	      0.09886303	      0.67805269	      0.07922253	      0.00559694	      0.10321728	      0.56885235	      0.05188087	      0.20371248	      0.06095450	      0.08873770	      0.03938072	      0.16006107	      0.08437664	      0.23696513	     14.26790102
      0.31400000	     -0.29803511	      0.29109147	      0.87831122	      0.22830383	     -0.03620539	     -0.83139893	      0.51514834	     -0.02262458	     -0.13767755	     -0.43677167	      0.91725409	     -0.30034369	      3.12269454	     -1.79680787	     -2.74680998	      2.08403550	      2.21669259	     -0.14795143	     -0.02981120	      0.08015609	      0.03997305	      0.09415622	      0.31455663	      0.09158805	     -0.00188972	      0.09338277	      0.01165743	      0.04579132	      0.01094596	      0.04462722	      0.17981629	      0.08018207	      0.32134192	      0.09882420	      0.67905486	      0.07913093	      0.00546819	      0.10327717	      0.56885233	      0.05185998	      0.20432613	      0.06096073	      0.08905108	      0.03936978	      0.16006064	      0.08438552	      0.23696513	     14.31792762
      0.31500000	     -0.29846883	      0.29200987	      0.87801050	      0.23141708	     -0.03800479	     -0.83411981	      0.51722830	     -0.02040931	     -0.13781975	     -0.43067839	      0.91955213	     -0.30108338	      3.10374395	     -1.80200293	     -2.69486291	      2.07580613	      2.21381574	     -0.13694717	     -0.02993995	      0.08026121	      0.04033678	      0.09431403	      0.31038803	      0.09148652	     -0.00201847	      0.09348908	      0.01150762	      0.04583862	      0.01080558	      0.04472127	      0.17910075	      0.08008904	      0.31950072	      0.09878526	      0.68004672	      0.07903908	      0.00533944	      0.10333716	      0.56885232	      0.05183932	      0.20494286	      0.06096699	      0.08937495	      0.03935897	      0.16005941	      0.08439417	      0.23696513	     14.36750248
      0.31600000	     -0.29889646	      0.29293058	      0.87770906	      0.23451121	     -0.03980942	     -0.83678849	      0.51929957	     -0.01819703	     -0.13795417	     -0.42457818	      0.92187213	     -0.30180774	      3.08446215	     -1.80727176	     -2.64240582	      2.06641213	      2.21070837	     -0.13417602	     -0.03006870	      0.08036712	      0.04070342	      0.09447065	      0.30619539	      0.09138575	     -0.00214722	      0.09359335	      0.01135980	      0.04588675	      0.01066706	      0.04481518	      0.17838129	      0.07999608	      0.31763842	      0.09874619	      0.68102827	      0.07894698	      0.00521069	      0.10339725	      0.56885231	      0.05181890	      0.20556200	      0.06097326	      0.08970767	      0.03934828	      0.16005732	      0.08440261	      0.23696513	     14.41666423
      0.31700000	     -0.29931800	      0.29385362	      0.87740689	      0.23758592	     -0.04161933	     -0.83940449	      0.52136157	     -0.01598792	     -0.13808500	     -0.41849298	      0.92419941	     -0.30253853	      3.06493043	     -1.81251699	     -2.58956978	      2.05819912	      2.20751170	     -0.12332575	     -0.03019745	      0.08047383	      0.04107300	      0.09462607	      0.30197931	      0.09128576	     -0.00227597	      0.09369557	      0.01121394	      0.04593569	      0.01053036	      0.04490896	      0.17765802	      0.07990318	      0.31575517	      0.09870701	      0.68199946	      0.07885464	      0.00508194	      0.10345746	      0.56885230	      0.05179871	      0.20618447	      0.06097955	      0.09005120	      0.03933771	      0.16005418	      0.08441082	      0.23696513	     14.46538712
      0.31800000	     -0.29973344	      0.29477899	      0.87710399	      0.24064094	     -0.04343451	     -0.84196743	      0.52341500	     -0.01378212	     -0.13820766	     -0.41239896	      0.92654998	     -0.30325155	      3.04505973	     -1.81784828	     -2.53622203	      2.04859406	      2.20407225	     -0.12236183	     -0.03032620	      0.08058131	      0.04144550	      0.09478027	      0.29774075	      0.09118656	     -0.00240472	      0.09379572	      0.01107001	      0.04598544	      0.01039547	      0.04500259	      0.17693101	      0.07981036	      0.31385156	      0.09866770	      0.68296030	      0.07876206	      0.00495319	      0.10351777	      0.56885229	      0.05177874	      0.20680959	      0.06098585	      0.09040384	      0.03932726	      0.16004994	      0.08441881	      0.23696513	     14.51370514
      0.31900000	     -0.30014280	      0.29570672	      0.87680038	      0.24367596	     -0.04525501	     -0.84447682	      0.52545918	     -0.01157981	     -0.13832685	     -0.40632118	      0.92890714	     -0.30397113	      3.02494246	     -1.82315165	     -2.48250898	      2.04021153	      2.20054523	     -0.11299176	     -0.03045495	      0.08068956	      0.04182092	      0.09493325	      0.29348039	      0.09108815	     -0.00253347	      0.09389381	      0.01092799	      0.04603601	      0.01026236	      0.04509607	      0.17620036	      0.07971763	      0.31192781	      0.09862828	      0.68391076	      0.07866922	      0.00482444	      0.10357820	      0.56885228	      0.05175901	      0.20743796	      0.06099218	      0.09076684	      0.03931693	      0.16004444	      0.08442657	      0.23696513	     14.56158958
      0.32000000	     -0.30054608	      0.29663681	      0.87649606	      0.24669070	     -0.04708085	     -0.84693227	      0.52749476	     -0.00938112	     -0.13843835	     -0.40023725	      0.93128586	     -0.30467516	      3.00449525	     -1.82853185	     -2.42830838	      2.03070236	      2.19679257	     -0.11171007	     -0.03058370	      0.08079855	      0.04219925	      0.09508498	      0.28919908	      0.09099054	     -0.00266222	      0.09398980	      0.01078785	      0.04608739	      0.01013101	      0.04518939	      0.17546615	      0.07962500	      0.30998442	      0.09858874	      0.68485081	      0.07857614	      0.00469569	      0.10363874	      0.56885227	      0.05173949	      0.20806927	      0.06099852	      0.09113942	      0.03930671	      0.16003760	      0.08443411	      0.23696513	     14.60907145
      0.32100000	     -0.30094328	      0.29756929	      0.87619103	      0.24968487	     -0.04891206	     -0.84933332	      0.52952110	     -0.00718624	     -0.13854673	     -0.39417217	      0.93366952	     -0.30538720	      2.98380987	     -1.83387232	     -2.37376345	      2.02259620	      2.19296197	     -0.10069379	     -0.03071245	      0.08090828	      0.04258049	      0.09523547	      0.28489744	      0.09089374	     -0.00279097	      0.09408368	      0.01064956	      0.04613958	      0.01000138	      0.04528254	      0.17472847	      0.07953246	      0.30802157	      0.09854908	      0.68578045	      0.07848281	      0.00456694	      0.10369939	      0.56885226	      0.05172020	      0.20870434	      0.06100489	      0.09152323	      0.03929662	      0.16002922	      0.08444143	      0.23696513	     14.65612338
      0.32200000	     -0.30133441	      0.29850416	      0.87588529	      0.25265819	     -0.05074865	     -0.85167960	      0.53153896	     -0.00499534	     -0.13864682	     -0.38809772	      0.93607690	     -0.30608008	      2.96278342	     -1.83930748	     -2.31872001	      2.01301111	      2.18875359	     -0.10030518	     -0.03084120	      0.08101872	      0.04296464	      0.09538469	      0.28057644	      0.09079776	     -0.00291972	      0.09417545	      0.01051309	      0.04619258	      0.00987263	      0.04537517	      0.17398740	      0.07944003	      0.30603985	      0.09850930	      0.68669967	      0.07838923	      0.00443819	      0.10376016	      0.56885225	      0.05170113	      0.20934243	      0.06101128	      0.09191656	      0.03928664	      0.16001929	      0.08444853	      0.23696513	     14.70278241
      0.32300000	     -0.30171948	      0.29944145	      0.87557886	      0.25561036	     -0.05259066	     -0.85397065	      0.53354761	     -0.00280901	     -0.13874388	     -0.38204407	      0.93848828	     -0.30678054	      2.94153279	     -1.84469507	     -2.26333767	      2.00485495	      2.18374310	     -0.08992171	     -0.03096995	      0.08112988	      0.04335168	      0.09553264	      0.27623674	      0.09070260	     -0.00304847	      0.09426509	      0.01037843	      0.04624638	      0.00974388	      0.04546704	      0.17324304	      0.07934772	      0.30403950	      0.09846940	      0.68760844	      0.07829539	      0.00430944	      0.10382104	      0.56885224	      0.05168228	      0.20998416	      0.06101768	      0.09232064	      0.03927678	      0.16000763	      0.08445541	      0.23696513	     14.74901681
      0.32400000	     -0.30209850	      0.30038115	      0.87527174	      0.25854113	     -0.05443809	     -0.85620609	      0.53554778	     -0.00062837	     -0.13883305	     -0.37598460	      0.94092138	     -0.30746291	      2.91996550	     -1.85016453	     -2.20746800	      1.99543091	      2.17727516	     -0.08869617	     -0.03109870	      0.08124173	      0.04374159	      0.09567931	      0.27187921	      0.09060829	     -0.00317722	      0.09435259	      0.01024555	      0.04630098	      0.00961513	      0.04555827	      0.17249547	      0.07925554	      0.30202100	      0.09842939	      0.68850676	      0.07820131	      0.00418069	      0.10388203	      0.56885223	      0.05166364	      0.21062917	      0.06102411	      0.09273462	      0.03926704	      0.15999418	      0.08446207	      0.23696513	     14.79486089
      0.32500000	     -0.30247146	      0.30132329	      0.87496394	      0.26145022	     -0.05629098	     -0.85838547	      0.53753885	      0.00154501	     -0.13891865	     -0.36994433	      0.94335984	     -0.30814916	      2.89817561	     -1.85559576	     -2.15124603	      1.98711097	      2.16922263	     -0.07971467	     -0.03122745	      0.08135425	      0.04413436	      0.09582469	      0.26750444	      0.09051481	     -0.00330597	      0.09443793	      0.01011441	      0.04635636	      0.00948638	      0.04564896	      0.17174478	      0.07916351	      0.29998453	      0.09838926	      0.68939460	      0.07810697	      0.00405194	      0.10394314	      0.56885222	      0.05164521	      0.21127829	      0.06103056	      0.09316021	      0.03925741	      0.15997875	      0.08446851	      0.23696513	     14.84028936
      0.32600000	     -0.30283838	      0.30226788	      0.87465545	      0.26433738	     -0.05814931	     -0.86050842	      0.53952148	      0.00370948	     -0.13899623	     -0.36389766	      0.94582046	     -0.30881613	      2.87607001	     -1.86111442	     -2.09453913	      1.97743157	      2.15939676	     -0.08060685	     -0.03135620	      0.08146745	      0.04452997	      0.09596876	      0.26311341	      0.09042221	     -0.00343472	      0.09452110	      0.00998497	      0.04641249	      0.00935763	      0.04573913	      0.17099105	      0.07907164	      0.29793068	      0.09834902	      0.69027198	      0.07801238	      0.00392319	      0.10400436	      0.56885222	      0.05162700	      0.21193072	      0.06103703	      0.09359550	      0.03924789	      0.15996134	      0.08447473	      0.23696513	     14.88533332
      0.32700000	     -0.30319927	      0.30321493	      0.87434629	      0.26720232	     -0.06001315	     -0.86257448	      0.54149492	      0.00586332	     -0.13907123	     -0.35787646	      0.94828240	     -0.30949169	      2.85376410	     -1.86656428	     -2.03752162	      1.96937080	      2.14800787	     -0.07000068	     -0.03148495	      0.08158130	      0.04492839	      0.09611152	      0.25870673	      0.09033047	     -0.00356347	      0.09460209	      0.00985622	      0.04646892	      0.00922888	      0.04582882	      0.17023436	      0.07897998	      0.29585967	      0.09830867	      0.69113887	      0.07791754	      0.00379444	      0.10406570	      0.56885221	      0.05160900	      0.21258712	      0.06104353	      0.09404193	      0.03923848	      0.15994178	      0.08448073	      0.23696513	     14.92996074
      0.32800000	     -0.30355413	      0.30416445	      0.87403647	      0.27004480	     -0.06188246	     -0.86458331	      0.54345987	      0.00800493	     -0.13913876	     -0.35185223	      0.95076427	     -0.31015062	      2.83115505	     -1.87208682	     -1.98005158	      1.96023537	      2.13491323	     -0.06725714	     -0.03161370	      0.08169578	      0.04532959	      0.09625296	      0.25428531	      0.09023962	     -0.00369222	      0.09468089	      0.00972747	      0.04652543	      0.00910013	      0.04591802	      0.16947481	      0.07888856	      0.29377201	      0.09826821	      0.69199527	      0.07782244	      0.00366569	      0.10412715	      0.56885220	      0.05159120	      0.21324697	      0.06105005	      0.09449825	      0.03922919	      0.15992003	      0.08448652	      0.23696513	     14.97420511
      0.32900000	     -0.30390298	      0.30511646	      0.87372599	      0.27286456	     -0.06375730	     -0.86653448	      0.54541580	      0.01013266	     -0.13920283	     -0.34584885	      0.95325052	     -0.31081335	      2.80832884	     -1.87756366	     -1.92226233	      1.95219864	      2.12034613	     -0.05668836	     -0.03174245	      0.08181090	      0.04573355	      0.09639307	      0.24984972	      0.09014968	     -0.00382097	      0.09475748	      0.00959872	      0.04658207	      0.00897138	      0.04600673	      0.16871248	      0.07879742	      0.29166787	      0.09822764	      0.69284117	      0.07772708	      0.00353694	      0.10418871	      0.56885219	      0.05157361	      0.21391106	      0.06105659	      0.09496611	      0.03922000	      0.15989590	      0.08449209	      0.23696513	     15.01804389
      0.33000000	     -0.30424582	      0.30607096	      0.87341486	      0.27566134	     -0.06563765	     -0.86842766	      0.54736339	      0.01224514	     -0.13925859	     -0.33983707	      0.95576003	     -0.31145526	      2.78517779	     -1.88314160	     -1.86401371	      1.94261664	      2.10439094	     -0.05745488	     -0.03187120	      0.08192663	      0.04614022	      0.09653185	      0.24540086	      0.09006065	     -0.00394972	      0.09483186	      0.00946997	      0.04663890	      0.00884263	      0.04609490	      0.16794745	      0.07870660	      0.28954776	      0.09818696	      0.69367656	      0.07763147	      0.00340819	      0.10425039	      0.56885219	      0.05155622	      0.21457881	      0.06106315	      0.09544419	      0.03921093	      0.15986938	      0.08449745	      0.23696513	     15.06150959
      0.33100000	     -0.30458267	      0.30702797	      0.87310308	      0.27843486	     -0.06752355	     -0.87026243	      0.54930185	      0.01434115	     -0.13931184	     -0.33385168	      0.95827020	     -0.31210581	      2.76182432	     -1.88864517	     -1.80549390	      1.93461405	      2.08751482	     -0.04687029	     -0.03199995	      0.08204297	      0.04654958	      0.09666927	      0.24093934	      0.08997255	     -0.00407847	      0.09490401	      0.00934122	      0.04669593	      0.00871388	      0.04618252	      0.16717982	      0.07861616	      0.28741187	      0.09814617	      0.69450144	      0.07753560	      0.00327944	      0.10431218	      0.56885218	      0.05153904	      0.21525087	      0.06106973	      0.09593383	      0.03920196	      0.15984029	      0.08450259	      0.23696513	     15.10456914
      0.33200000	     -0.30491352	      0.30798751	      0.87279065	      0.28118487	     -0.06941498	     -0.87203849	      0.55123197	      0.01641991	     -0.13935711	     -0.32785905	      0.96080262	     -0.31273745	      2.73814377	     -1.89424437	     -1.74654261	      1.92522609	      2.06989174	     -0.04652844	     -0.03212870	      0.08215989	      0.04696156	      0.09680534	      0.23646605	      0.08988540	     -0.00420722	      0.09497393	      0.00921247	      0.04675318	      0.00858513	      0.04626954	      0.16640965	      0.07852613	      0.28526074	      0.09810529	      0.69531581	      0.07743948	      0.00315069	      0.10437408	      0.56885217	      0.05152205	      0.21592658	      0.06107634	      0.09643352	      0.03919310	      0.15980863	      0.08450752	      0.23696513	     15.14725843
      0.33300000	     -0.30523840	      0.30894958	      0.87247760	      0.28391108	     -0.07131200	     -0.87375545	      0.55315307	      0.01848086	     -0.13939931	     -0.32188901	      0.96333796	     -0.31337502	      2.71423972	     -1.89978678	     -1.68731978	      1.91708049	      2.05199051	     -0.03724063	     -0.03225745	      0.08227739	      0.04737615	      0.09694004	      0.23198155	      0.08979922	     -0.00433597	      0.09504160	      0.00908372	      0.04681066	      0.00845638	      0.04635593	      0.16563682	      0.07843657	      0.28309450	      0.09806430	      0.69611965	      0.07734309	      0.00302194	      0.10443610	      0.56885217	      0.05150527	      0.21660676	      0.06108297	      0.09694502	      0.03918434	      0.15977420	      0.08451224	      0.23696513	     15.18955035
      0.33400000	     -0.30555730	      0.30991419	      0.87216391	      0.28661324	     -0.07321458	     -0.87541300	      0.55506577	      0.02052385	     -0.13943424	     -0.31591515	      0.96589310	     -0.31399741	      2.69001410	     -1.90540715	     -1.62770247	      1.90790221	      2.03399173	     -0.03567335	     -0.03238620	      0.08239545	      0.04779327	      0.09707337	      0.22748674	      0.08971403	     -0.00446472	      0.09510702	      0.00895497	      0.04686839	      0.00832763	      0.04644167	      0.16486104	      0.07834751	      0.28091369	      0.09802322	      0.69691297	      0.07724645	      0.00289319	      0.10449823	      0.56885216	      0.05148867	      0.21729073	      0.06108962	      0.09746676	      0.03917569	      0.15973700	      0.08451676	      0.23696513	     15.23147276
      0.33500000	     -0.30587024	      0.31088136	      0.87184960	      0.28929105	     -0.07512277	     -0.87701078	      0.55696955	      0.02254895	     -0.13946579	     -0.30996175	      0.96845237	     -0.31462428	      2.66555108	     -1.91098009	     -1.56781893	      1.89977235	      2.01625238	     -0.02653049	     -0.03251495	      0.08251405	      0.04821289	      0.09720531	      0.22298221	      0.08962984	     -0.00459347	      0.09517017	      0.00882622	      0.04692637	      0.00819888	      0.04652673	      0.16408214	      0.07825899	      0.27871847	      0.09798204	      0.69769576	      0.07714954	      0.00276444	      0.10456047	      0.56885215	      0.05147228	      0.21797919	      0.06109630	      0.09800027	      0.03916715	      0.15969686	      0.08452106	      0.23696513	     15.27300491
      0.33600000	     -0.30617722	      0.31185110	      0.87153466	      0.29194424	     -0.07703657	     -0.87854851	      0.55886495	      0.02455647	     -0.13949006	     -0.30400383	      0.97103169	     -0.31523600	      2.64075940	     -1.91663461	     -1.50755346	      1.89057712	      1.99884971	     -0.02539230	     -0.03264370	      0.08263319	      0.04863495	      0.09733586	      0.21846883	      0.08954668	     -0.00472222	      0.09523105	      0.00869747	      0.04698460	      0.00807013	      0.04661111	      0.16330009	      0.07817105	      0.27650936	      0.09794077	      0.69846803	      0.07705238	      0.00263569	      0.10462282	      0.56885215	      0.05145607	      0.21867162	      0.06110300	      0.09854434	      0.03915870	      0.15965376	      0.08452516	      0.23696513	     15.31417255
      0.33700000	     -0.30647826	      0.31282342	      0.87121912	      0.29457250	     -0.07895600	     -0.88002583	      0.56075145	      0.02654686	     -0.13951111	     -0.29806741	      0.97361443	     -0.31585286	      2.61573072	     -1.92223559	     -1.44703904	      1.88247537	      1.98201157	     -0.01629022	     -0.03277245	      0.08275285	      0.04905942	      0.09746501	      0.21401256	      0.08946453	     -0.00485097	      0.09528965	      0.00856872	      0.04704310	      0.00794138	      0.04669478	      0.16251492	      0.07808370	      0.27428649	      0.09789941	      0.69922977	      0.07695495	      0.00250694	      0.10468528	      0.56885214	      0.05144005	      0.21936876	      0.06110973	      0.09910057	      0.03915036	      0.15960753	      0.08452906	      0.23696513	     15.35495427
      0.33800000	     -0.30677336	      0.31379834	      0.87090296	      0.29717559	     -0.08088106	     -0.88144247	      0.56262957	      0.02852067	     -0.13952510	     -0.29212808	      0.97621619	     -0.31645564	      2.59037814	     -1.92791144	     -1.38616282	      1.87340079	      1.96568424	     -0.01453335	     -0.03290120	      0.08287300	      0.04948621	      0.09759274	      0.20968174	      0.08938333	     -0.00497972	      0.09534596	      0.00843997	      0.04710187	      0.00781263	      0.04677776	      0.16172672	      0.07799698	      0.27205044	      0.09785796	      0.69998098	      0.07685726	      0.00237819	      0.10474786	      0.56885214	      0.05142423	      0.22006981	      0.06111647	      0.09966716	      0.03914212	      0.15955817	      0.08453275	      0.23696513	     15.39537494
      0.33900000	     -0.30706252	      0.31477586	      0.87058620	      0.29975319	     -0.08281179	     -0.88279809	      0.56449881	      0.03047844	     -0.13953601	     -0.28621269	      0.97882011	     -0.31706405	      2.56479818	     -1.93352411	     -1.32505856	      1.86545451	      1.94996277	     -0.00447110	     -0.03302995	      0.08299365	      0.04991528	      0.09771906	      0.20547145	      0.08930299	     -0.00510847	      0.09539997	      0.00831122	      0.04716094	      0.00768388	      0.04686005	      0.16093564	      0.07791088	      0.26980138	      0.09781642	      0.70072167	      0.07675931	      0.00224944	      0.10481055	      0.56885213	      0.05140859	      0.22077539	      0.06112324	      0.10024545	      0.03913397	      0.15950553	      0.08453624	      0.23696513	     15.43541387
      0.34000000	     -0.30734578	      0.31575599	      0.87026884	      0.30230507	     -0.08474816	     -0.88409245	      0.56635981	      0.03242072	     -0.13953907	     -0.28029118	      0.98144557	     -0.31765426	      2.53888651	     -1.93923610	     -1.26358772	      1.85607684	      1.93466103	     -0.00518701	     -0.03315870	      0.08311477	      0.05034654	      0.09784394	      0.20137705	      0.08922345	     -0.00523722	      0.09545168	      0.00818247	      0.04722032	      0.00755513	      0.04694165	      0.16014188	      0.07782544	      0.26753981	      0.09777480	      0.70145184	      0.07666109	      0.00212069	      0.10487334	      0.56885213	      0.05139313	      0.22148496	      0.06113003	      0.10083425	      0.03912592	      0.15944960	      0.08453954	      0.23696513	     15.47510076
      0.34100000	     -0.30762312	      0.31673874	      0.86995089	      0.30483092	     -0.08669021	     -0.88532523	      0.56821185	      0.03434793	     -0.13953978	     -0.27440196	      0.98406869	     -0.31825356	      2.51278212	     -1.94485009	     -1.20193663	      1.84817880	      1.91982686	      0.00512683	     -0.03328745	      0.08323634	      0.05077993	      0.09796739	      0.19739413	      0.08914465	     -0.00536597	      0.09550108	      0.00805372	      0.04728002	      0.00742638	      0.04702257	      0.15934564	      0.07774064	      0.26526580	      0.09773309	      0.70217149	      0.07656260	      0.00199194	      0.10493625	      0.56885212	      0.05137786	      0.22219938	      0.06113685	      0.10143542	      0.03911797	      0.15939020	      0.08454264	      0.23696513	     15.51440617
      0.34200000	     -0.30789458	      0.31772413	      0.86963234	      0.30733053	     -0.08863789	     -0.88649621	      0.57005567	      0.03626044	     -0.13953260	     -0.26851003	      0.98671206	     -0.31883438	      2.48636501	     -1.95055824	     -1.13994543	      1.83879997	      1.90519966	      0.00427955	     -0.03341620	      0.08335835	      0.05121536	      0.09808940	      0.19351850	      0.08906655	     -0.00549472	      0.09554817	      0.00792497	      0.04734008	      0.00729763	      0.04710284	      0.15854716	      0.07765649	      0.26297992	      0.09769131	      0.70288063	      0.07646385	      0.00186319	      0.10499927	      0.56885212	      0.05136277	      0.22291784	      0.06114369	      0.10204716	      0.03911011	      0.15932734	      0.08454554	      0.23696513	     15.55336351
      0.34300000	     -0.30816016	      0.31871216	      0.86931321	      0.30980362	     -0.09059124	     -0.88760511	      0.57189054	      0.03815844	     -0.13952303	     -0.26265475	      0.98935144	     -0.31942377	      2.45977801	     -1.95615883	     -1.07780271	      1.83082474	      1.89079440	      0.01400562	     -0.03354495	      0.08348079	      0.05165273	      0.09820995	      0.18974617	      0.08898910	     -0.00562347	      0.09559293	      0.00779622	      0.04740050	      0.00716888	      0.04718246	      0.15774666	      0.07757300	      0.26068224	      0.09764943	      0.70357925	      0.07636483	      0.00173444	      0.10506239	      0.56885211	      0.05134786	      0.22364110	      0.06115055	      0.10267115	      0.03910235	      0.15926085	      0.08454825	      0.23696513	     15.59194366
      0.34400000	     -0.30841989	      0.31970284	      0.86899350	      0.31225000	     -0.09255022	     -0.88865173	      0.57371704	      0.04004203	     -0.13950669	     -0.25680911	      0.99200441	     -0.32000021	      2.43293022	     -1.96180406	     -1.01538830	      1.82193431	      1.87638001	      0.01684213	     -0.03367370	      0.08360364	      0.05209193	      0.09832904	      0.18607334	      0.08891230	     -0.00575222	      0.09563537	      0.00766747	      0.04746130	      0.00704013	      0.04726145	      0.15694437	      0.07749017	      0.25837326	      0.09760748	      0.70426736	      0.07626555	      0.00160569	      0.10512563	      0.56885211	      0.05133312	      0.22436855	      0.06115743	      0.10330601	      0.03909468	      0.15919074	      0.08455077	      0.23696513	     15.63017265
      0.34500000	     -0.30867379	      0.32069617	      0.86867321	      0.31466943	     -0.09451482	     -0.88963584	      0.57553471	      0.04191119	     -0.13948702	     -0.25099909	      0.99465528	     -0.32058044	      2.40591722	     -1.96736372	     -0.95282754	      1.81390666	      1.86193450	      0.02627443	     -0.03380245	      0.08372689	      0.05253285	      0.09844667	      0.18249642	      0.08883613	     -0.00588097	      0.09567549	      0.00753872	      0.04752250	      0.00691138	      0.04733980	      0.15614051	      0.07740798	      0.25605308	      0.09756545	      0.70494497	      0.07616599	      0.00147694	      0.10518897	      0.56885210	      0.05131856	      0.22510075	      0.06116434	      0.10395299	      0.03908710	      0.15911685	      0.08455309	      0.23696513	     15.66803305
      0.34600000	     -0.30892189	      0.32169216	      0.86835235	      0.31706173	     -0.09648499	     -0.89055728	      0.57734407	      0.04376581	     -0.13946004	     -0.24519997	      0.99732017	     -0.32114505	      2.37865651	     -1.97297989	     -0.89001397	      1.80464201	      1.84727392	      0.02636772	     -0.03393120	      0.08385052	      0.05297537	      0.09856283	      0.17901194	      0.08876056	     -0.00600972	      0.09571327	      0.00740997	      0.04758411	      0.00678263	      0.04741754	      0.15533528	      0.07732645	      0.25372215	      0.09752333	      0.70561209	      0.07606617	      0.00134819	      0.10525241	      0.56885210	      0.05130418	      0.22583718	      0.06117127	      0.10461095	      0.03907961	      0.15903919	      0.08455524	      0.23696513	     15.70554800
      0.34700000	     -0.30916421	      0.32269081	      0.86803092	      0.31942670	     -0.09846074	     -0.89141584	      0.57914445	      0.04560568	     -0.13943078	     -0.23944936	      0.99997618	     -0.32171858	      2.35128390	     -1.97845949	     -0.82712512	      1.79675402	      1.83245813	      0.03705471	     -0.03405995	      0.08397452	      0.05341936	      0.09867751	      0.17561665	      0.08868561	     -0.00613847	      0.09574872	      0.00728122	      0.04764615	      0.00665388	      0.04749467	      0.15452888	      0.07724558	      0.25138056	      0.09748113	      0.70626870	      0.07596608	      0.00121944	      0.10531596	      0.56885209	      0.05128997	      0.22657843	      0.06117822	      0.10528119	      0.03907221	      0.15895761	      0.08455719	      0.23696513	     15.74269137
      0.34800000	     -0.30940079	      0.32369212	      0.86770892	      0.32176420	     -0.10044197	     -0.89221142	      0.58093652	      0.04743059	     -0.13939401	     -0.23371340	      1.00264509	     -0.32227567	      2.32368484	     -1.98399513	     -0.76401572	      1.78749298	      1.81732445	      0.03734923	     -0.03418870	      0.08409888	      0.05386467	      0.09879073	      0.17230742	      0.08861126	     -0.00626722	      0.09578184	      0.00715247	      0.04770861	      0.00652513	      0.04757118	      0.15372147	      0.07716536	      0.24902877	      0.09743884	      0.70691483	      0.07586573	      0.00109069	      0.10537961	      0.56885209	      0.05127593	      0.22732394	      0.06118519	      0.10596248	      0.03906490	      0.15887210	      0.08455896	      0.23696513	     15.77949259
      0.34900000	     -0.30963165	      0.32469610	      0.86738636	      0.32407403	     -0.10242869	     -0.89294385	      0.58271969	      0.04924025	     -0.13935408	     -0.22802518	      1.00530687	     -0.32283741	      2.29597865	     -1.98941763	     -0.70084225	      1.77910078	      1.80196331	      0.04442809	     -0.03431745	      0.08422358	      0.05431118	      0.09890246	      0.16908126	      0.08853752	     -0.00639597	      0.09581263	      0.00702372	      0.04777151	      0.00639638	      0.04764708	      0.15291321	      0.07708580	      0.24666686	      0.09739646	      0.70755047	      0.07576511	      0.00096194	      0.10544337	      0.56885209	      0.05126206	      0.22807426	      0.06119218	      0.10665604	      0.03905767	      0.15878254	      0.08456055	      0.23696513	     15.81592947
      0.35000000	     -0.30985684	      0.32570273	      0.86706325	      0.32635609	     -0.10442081	     -0.89361305	      0.58449440	      0.05103442	     -0.13930758	     -0.22236325	      1.00797550	     -0.32338748	      2.26809416	     -1.99485333	     -0.63751783	      1.76979510	      1.78630307	      0.04460874	     -0.03444620	      0.08434861	      0.05475872	      0.09901271	      0.16593533	      0.08846440	     -0.00652472	      0.09584108	      0.00689497	      0.04783484	      0.00626763	      0.04772235	      0.15210425	      0.07700691	      0.24429531	      0.09735400	      0.70817565	      0.07566422	      0.00083319	      0.10550722	      0.56885208	      0.05124836	      0.22882880	      0.06119920	      0.10736061	      0.03905053	      0.15868892	      0.08456196	      0.23696513	     15.85202108
      0.35100000	     -0.31007640	      0.32671204	      0.86673958	      0.32861022	     -0.10641832	     -0.89421891	      0.58626010	      0.05281282	     -0.13925851	     -0.21675868	      1.01063226	     -0.32394523	      2.24014295	     -2.00014311	     -0.57418862	      1.76162710	      1.77046057	      0.05371775	     -0.03457495	      0.08447396	      0.05520717	      0.09912148	      0.16286690	      0.08839190	     -0.00665347	      0.09586721	      0.00676622	      0.04789861	      0.00613888	      0.04779701	      0.15129473	      0.07692868	      0.24191416	      0.09731144	      0.70879035	      0.07556307	      0.00070444	      0.10557116	      0.56885208	      0.05123483	      0.22958835	      0.06120623	      0.10807793	      0.03904347	      0.15859107	      0.08456319	      0.23696513	     15.88774735
      0.35200000	     -0.31029037	      0.32772400	      0.86641536	      0.33083633	     -0.10842110	     -0.89476139	      0.58801732	      0.05457526	     -0.13920268	     -0.21118386	      1.01329488	     -0.32449059	      2.21203252	     -2.00544755	     -0.51074262	      1.75240689	      1.75437553	      0.05484268	     -0.03470370	      0.08459962	      0.05565637	      0.09922877	      0.15987339	      0.08832004	     -0.00678222	      0.09589101	      0.00663747	      0.04796282	      0.00601013	      0.04787103	      0.15048478	      0.07685112	      0.23952399	      0.09726879	      0.70939459	      0.07546166	      0.00057569	      0.10563520	      0.56885208	      0.05122146	      0.23035211	      0.06121329	      0.10880628	      0.03903650	      0.15848904	      0.08456425	      0.23696513	     15.92313122
      0.35300000	     -0.31049879	      0.32873862	      0.86609060	      0.33303428	     -0.11042914	     -0.89524042	      0.58976550	      0.05632154	     -0.13914424	     -0.20567133	      1.01594375	     -0.32504364	      2.18387927	     -2.01059861	     -0.44733163	      1.74426695	      1.73818448	      0.06452231	     -0.03483245	      0.08472558	      0.05610618	      0.09933458	      0.15695229	      0.08824881	     -0.00691097	      0.09591249	      0.00650872	      0.04802746	      0.00588138	      0.04794443	      0.14967451	      0.07677424	      0.23712487	      0.09722603	      0.70998839	      0.07535998	      0.00044694	      0.10569933	      0.56885207	      0.05120826	      0.23112090	      0.06122037	      0.10954746	      0.03902960	      0.15838266	      0.08456513	      0.23696513	     15.95815197
      0.35400000	     -0.31070172	      0.32975589	      0.86576528	      0.33520403	     -0.11244233	     -0.89565601	      0.59150520	      0.05805156	     -0.13907866	     -0.20019047	      1.01859839	     -0.32558286	      2.15558068	     -2.01577409	     -0.38383280	      1.73485320	      1.72182986	      0.06445501	     -0.03496120	      0.08485183	      0.05655643	      0.09943891	      0.15410125	      0.08817824	     -0.00703972	      0.09593165	      0.00637997	      0.04809253	      0.00575263	      0.04801717	      0.14886407	      0.07669805	      0.23471742	      0.09718317	      0.71057176	      0.07525805	      0.00031819	      0.10576355	      0.56885207	      0.05119522	      0.23189395	      0.06122746	      0.11029983	      0.03902279	      0.15827195	      0.08456584	      0.23696513	     15.99283385
      0.35500000	     -0.31089920	      0.33077581	      0.86543943	      0.33734545	     -0.11446062	     -0.89600812	      0.59323578	      0.05976521	     -0.13901079	     -0.19477903	      1.02123599	     -0.32613144	      2.12727098	     -2.02077647	     -0.32041905	      1.72663800	      1.70546010	      0.07391950	     -0.03508995	      0.08497835	      0.05700699	      0.09954176	      0.15131798	      0.08810834	     -0.00716847	      0.09594850	      0.00625122	      0.04815803	      0.00562388	      0.04808927	      0.14805358	      0.07662255	      0.23230187	      0.09714019	      0.71114471	      0.07515587	      0.00018944	      0.10582785	      0.56885207	      0.05118234	      0.23267176	      0.06123458	      0.11106455	      0.03901606	      0.15815680	      0.08456637	      0.23696513	     16.02715302
      0.35600000	     -0.31109129	      0.33179837	      0.86511303	      0.33945851	     -0.11648391	     -0.89629682	      0.59495779	      0.06146245	     -0.13893614	     -0.18940623	      1.02387607	     -0.32666819	      2.09884754	     -2.02578482	     -0.25696840	      1.71730165	      1.68901279	      0.07478181	     -0.03521870	      0.08510514	      0.05745769	      0.09964314	      0.14860031	      0.08803912	     -0.00729722	      0.09596302	      0.00612247	      0.04822396	      0.00549513	      0.04816071	      0.14724317	      0.07654774	      0.22987879	      0.09709709	      0.71170727	      0.07505343	      0.00006069	      0.10589223	      0.56885206	      0.05116962	      0.23345388	      0.06124172	      0.11184066	      0.03900940	      0.15803719	      0.08456674	      0.23696513	     16.06113312
      0.35700000	     -0.31127804	      0.33282356	      0.86478609	      0.34154314	     -0.11851214	     -0.89652210	      0.59667068	      0.06314324	     -0.13885881	     -0.18410464	      1.02649907	     -0.32721266	      2.07042641	     -2.03062926	     -0.19362943	      1.70892762	      1.67260472	      0.08337774	     -0.03534745	      0.08523219	      0.05790839	      0.09974304	      0.14594614	      0.08797058	     -0.00742597	      0.09597523	      0.00599372	      0.04829031	      0.00536638	      0.04823150	      0.14643297	      0.07647364	      0.22744842	      0.09705387	      0.71225946	      0.07495075	     -0.00006806	      0.10595669	      0.56885206	      0.05115706	      0.23424097	      0.06124887	      0.11262965	      0.03900283	      0.15791300	      0.08456695	      0.23696513	     16.09475447
      0.35800000	     -0.31145951	      0.33385137	      0.86445861	      0.34359932	     -0.12054519	     -0.89668405	      0.59837493	      0.06480763	     -0.13877495	     -0.17884757	      1.02912188	     -0.32774677	      2.04191950	     -2.03546644	     -0.13029864	      1.69952919	      1.65617304	      0.08407723	     -0.03547620	      0.08535949	      0.05835892	      0.09984147	      0.14335348	      0.08790275	     -0.00755472	      0.09598512	      0.00586497	      0.04835709	      0.00523763	      0.04830162	      0.14562314	      0.07640024	      0.22501148	      0.09701052	      0.71280130	      0.07484782	     -0.00019681	      0.10602123	      0.56885206	      0.05114466	      0.23503226	      0.06125604	      0.11342992	      0.03899632	      0.15778423	      0.08456699	      0.23696513	     16.12803718
      0.35900000	     -0.31163576	      0.33488180	      0.86413059	      0.34562699	     -0.12258302	     -0.89678274	      0.60007002	      0.06645561	     -0.13868839	     -0.17366584	      1.03172604	     -0.32828870	      2.01343646	     -2.04013515	     -0.06711458	      1.69104882	      1.63980957	      0.09219733	     -0.03560495	      0.08548702	      0.05880912	      0.09993843	      0.14082041	      0.08783564	     -0.00768347	      0.09599269	      0.00573622	      0.04842428	      0.00510888	      0.04837107	      0.14481380	      0.07632755	      0.22256822	      0.09696703	      0.71333282	      0.07474464	     -0.00032556	      0.10608584	      0.56885206	      0.05113241	      0.23582850	      0.06126323	      0.11424314	      0.03898990	      0.15765076	      0.08456687	      0.23696513	     16.16096327
      0.36000000	     -0.31180685	      0.33591482	      0.86380204	      0.34762616	     -0.12462548	     -0.89681828	      0.60175646	      0.06808724	     -0.13859502	     -0.16853016	      1.03432992	     -0.32881921	      1.98488039	     -2.04480639	     -0.00396302	      1.68137262	      1.62343110	      0.09100042	     -0.03573370	      0.08561479	      0.05925882	      0.10003393	      0.13834509	      0.08776926	     -0.00781222	      0.09599792	      0.00560747	      0.04849189	      0.00498013	      0.04843985	      0.14400511	      0.07625557	      0.22011934	      0.09692338	      0.71385405	      0.07464123	     -0.00045431	      0.10615052	      0.56885205	      0.05112032	      0.23662918	      0.06127044	      0.11506826	      0.03898354	      0.15751259	      0.08456659	      0.23696513	     16.19355390
      0.36100000	     -0.31197285	      0.33695044	      0.86347295	      0.34959679	     -0.12667253	     -0.89679076	      0.60343360	      0.06970252	     -0.13849972	     -0.16347945	      1.03691015	     -0.32936123	      1.95638802	     -2.04927303	      0.05898700	      1.67296686	      1.60713413	      0.10004906	     -0.03586245	      0.08574279	      0.05970786	      0.10012798	      0.13592575	      0.08770361	     -0.00794097	      0.09600083	      0.00547872	      0.04855993	      0.00485138	      0.04850796	      0.14319722	      0.07618430	      0.21766521	      0.09687958	      0.71436503	      0.07453758	     -0.00058306	      0.10621526	      0.56885205	      0.05110838	      0.23743476	      0.06127767	      0.11590638	      0.03897726	      0.15736959	      0.08456615	      0.23696513	     16.22578639
      0.36200000	     -0.31213384	      0.33798864	      0.86314332	      0.35153920	     -0.12872400	     -0.89670182	      0.60510202	      0.07128544	     -0.13839773	     -0.15851387	      1.03947052	     -0.32989573	      1.92884091	     -2.05365254	      0.11661265	      1.66335241	      1.53437873	      0.09999600	     -0.03599120	      0.08587100	      0.06015604	      0.10022057	      0.13356071	      0.08763872	     -0.00806972	      0.09600140	      0.00534997	      0.04862835	      0.00472263	      0.04857537	      0.14239028	      0.07611377	      0.21520663	      0.09683561	      0.71486580	      0.07443371	     -0.00071181	      0.10628006	      0.56885205	      0.05109659	      0.23824460	      0.06128491	      0.11675615	      0.03897105	      0.15722179	      0.08456555	      0.23696513	     16.25768439
      0.36300000	     -0.31228996	      0.33902935	      0.86281314	      0.35345584	     -0.13077963	     -0.89656484	      0.60676101	      0.07269672	     -0.13829365	     -0.15376491	      1.04193950	     -0.33045839	      1.90527181	     -2.05753367	      0.15269132	      1.65480007	      1.24230045	      0.10970026	     -0.03611995	      0.08599938	      0.06060319	      0.10031176	      0.13124832	      0.08757458	     -0.00819847	      0.09599976	      0.00522122	      0.04869664	      0.00459388	      0.04864141	      0.14158442	      0.07604436	      0.21274398	      0.09679147	      0.71535640	      0.07432961	     -0.00084056	      0.10634492	      0.56885205	      0.05108496	      0.23905924	      0.06129216	      0.11761886	      0.03896491	      0.15706907	      0.08456480	      0.23696513	     16.28922301
      0.36400000	     -0.31244144	      0.34007249	      0.86248239	      0.35535161	     -0.13283897	     -0.89640761	      0.60841103	      0.07366562	     -0.13818280	     -0.14922843	      1.04431881	     -0.33105150	      1.88729827	     -2.06109283	      0.15521926	      1.64500163	      0.63844815	      0.11011913	     -0.03624870	      0.08612776	      0.06104912	      0.10040169	      0.12898703	      0.08751118	     -0.00832722	      0.09599633	      0.00509247	      0.04876281	      0.00446513	      0.04870372	      0.14077981	      0.07597754	      0.21027809	      0.09674715	      0.71583687	      0.07422529	     -0.00096931	      0.10640982	      0.56885204	      0.05107347	      0.23987806	      0.06129944	      0.11849323	      0.03895884	      0.15691145	      0.08456390	      0.23696513	     16.32042134
      0.36500000	     -0.31258849	      0.34111795	      0.86215101	      0.35723274	     -0.13490168	     -0.89626961	      0.61005155	      0.07385308	     -0.13806939	     -0.14491955	      1.04658961	     -0.33173463	      1.87617070	     -2.06427740	      0.11210980	      1.63627287	     -0.32549197	      0.11814107	     -0.03637745	      0.08625582	      0.06149365	      0.10049057	      0.12677533	      0.08744846	     -0.00845597	      0.09599191	      0.00496372	      0.04882307	      0.00433638	      0.04875781	      0.13997657	      0.07591613	      0.20780934	      0.09670264	      0.71630727	      0.07412078	     -0.00109806	      0.10647476	      0.56885204	      0.05106213	      0.24070175	      0.06130673	      0.11938085	      0.03895284	      0.15674879	      0.08456285	      0.23696513	     16.35126173
      0.36600000	     -0.31273132	      0.34216564	      0.86181888	      0.35910645	     -0.13696754	     -0.89620295	      0.61168337	      0.07289185	     -0.13794940	     -0.14074352	      1.04879107	     -0.33254746	      1.87251323	     -2.06753926	      0.01029635	      1.62686429	     -1.65514031	      0.11696339	     -0.03650620	      0.08638303	      0.06193657	      0.10057868	      0.12461177	      0.08738635	     -0.00858472	      0.09598773	      0.00483497	      0.04887187	      0.00420763	      0.04879755	      0.13917484	      0.07586410	      0.20533859	      0.09665794	      0.71676765	      0.07401609	     -0.00122681	      0.10653973	      0.56885204	      0.05105094	      0.24152958	      0.06131403	      0.12028025	      0.03894691	      0.15658113	      0.08456165	      0.23696513	     16.38177543
      0.36700000	     -0.31287001	      0.34321551	      0.86148583	      0.36098038	     -0.13903680	     -0.89627322	      0.61330653	      0.07044058	     -0.13782782	     -0.13662462	      1.05094169	     -0.33358870	      1.87658224	     -2.07109237	     -0.16392559	      1.61966779	     -3.28722936	      0.12618640	     -0.03663495	      0.08650859	      0.06237771	      0.10066637	      0.12249497	      0.08732470	     -0.00871347	      0.09598545	      0.00470622	      0.04890301	      0.00407888	      0.04881696	      0.13837476	      0.07582601	      0.20286629	      0.09661305	      0.71721805	      0.07391122	     -0.00135556	      0.10660472	      0.56885204	      0.05103990	      0.24236217	      0.06132135	      0.12119284	      0.03894104	      0.15640834	      0.08456031	      0.23696513	     16.41196661
      0.36800000	     -0.31300452	      0.34426754	      0.86115160	      0.36286185	     -0.14111009	     -0.89655855	      0.61492284	      0.06627211	     -0.13769991	     -0.13235073	      1.05313409	     -0.33492243	      1.88728451	     -2.07574158	     -0.42106103	      1.61275654	     -5.05042615	      0.12563556	     -0.03676370	      0.08663143	      0.06281686	      0.10075398	      0.12042358	      0.08726339	     -0.00884222	      0.09598722	      0.00457747	      0.04891244	      0.00395013	      0.04881409	      0.13757646	      0.07580654	      0.20039329	      0.09656796	      0.71765856	      0.07380617	     -0.00148431	      0.10666973	      0.56885204	      0.05102899	      0.24319891	      0.06132868	      0.12211745	      0.03893523	      0.15623045	      0.08455882	      0.23696513	     16.44190319
      0.36900000	     -0.31313461	      0.34532181	      0.86081586	      0.36475650	     -0.14318875	     -0.89714410	      0.61653349	      0.06038812	     -0.13757026	     -0.12776438	      1.05542987	     -0.33663549	      1.90258085	     -2.08188292	     -0.76393603	      1.60881897	     -6.66887463	      0.13318947	     -0.03689245	      0.08675013	      0.06325383	      0.10084184	      0.11839632	      0.08720223	     -0.00897097	      0.09599569	      0.00444872	      0.04889944	      0.00382138	      0.04878955	      0.13678005	      0.07581108	      0.19792006	      0.09652267	      0.71808922	      0.07370092	     -0.00161306	      0.10673478	      0.56885203	      0.05101823	      0.24404036	      0.06133602	      0.12305535	      0.03892949	      0.15604733	      0.08455718	      0.23696513	     16.47163023
      0.37000000	     -0.31325991	      0.34637845	      0.86047821	      0.36666781	     -0.14527446	     -0.89811208	      0.61814090	      0.05307008	     -0.13743537	     -0.12276494	      1.05788587	     -0.33869636	      1.92027017	     -2.08982010	     -1.18338219	      1.60602678	     -7.88377979	      0.13432323	     -0.03702120	      0.08686303	      0.06368841	      0.10093021	      0.11641194	      0.08714105	     -0.00909972	      0.09601406	      0.00431997	      0.04886738	      0.00369263	      0.04875482	      0.13598565	      0.07585726	      0.19544746	      0.09647717	      0.71851011	      0.07359543	     -0.00174181	      0.10679989	      0.56885203	      0.05100759	      0.24488594	      0.06134338	      0.12400544	      0.03892382	      0.15585901	      0.08455542	      0.23696513	     16.50123827
      0.37100000	     -0.31338002	      0.34743763	      0.86013837	      0.36859723	     -0.14736886	     -0.89953002	      0.61974639	      0.04480990	     -0.13729884	     -0.11741658	      1.06048335	     -0.34104598	      1.93851263	     -2.09915837	     -1.66003221	      1.60588355	     -8.53818069	      0.14456727	     -0.03714995	      0.08696832	      0.06412041	      0.10101926	      0.11446925	      0.08707968	     -0.00922847	      0.09604602	      0.00419122	      0.04882920	      0.00356388	      0.04871966	      0.13519338	      0.07599734	      0.19297595	      0.09643144	      0.71892129	      0.07348964	     -0.00187056	      0.10686513	      0.56885203	      0.05099707	      0.24573629	      0.06135076	      0.12496917	      0.03891820	      0.15566536	      0.08455352	      0.23696513	     16.53077533
      0.37200000	     -0.31349462	      0.34849948	      0.85979607	      0.37054423	     -0.14947328	     -0.90144274	      0.62135190	      0.03618009	     -0.13715550	     -0.11173228	      1.06324072	     -0.34356441	      1.95513071	     -2.10981558	     -2.16866886	      1.60548223	     -8.64343856	      0.14388588	     -0.03727870	      0.08706430	      0.06454962	      0.10110909	      0.11256709	      0.08701797	     -0.00935722	      0.09609490	      0.00406247	      0.04879090	      0.00343513	      0.04868451	      0.13440334	      0.07623936	      0.19050647	      0.09638547	      0.71932284	      0.07338348	     -0.00199931	      0.10693051	      0.56885203	      0.05098666	      0.24659063	      0.06135815	      0.12594499	      0.03891263	      0.15546643	      0.08455149	      0.23696513	     16.56031308
      0.37300000	     -0.31360343	      0.34956414	      0.85945121	      0.37250679	     -0.15158870	     -0.90387067	      0.62295773	      0.02762334	     -0.13700931	     -0.10588563	      1.06609217	     -0.34615769	      1.96991486	     -2.12104989	     -2.68835046	      1.60636665	     -8.46790984	      0.14996901	     -0.03740745	      0.08714950	      0.06497604	      0.10119968	      0.11070436	      0.08695580	     -0.00948597	      0.09616268	      0.00393372	      0.04875261	      0.00330638	      0.04864935	      0.13361600	      0.07654908	      0.18803993	      0.09633925	      0.71971486	      0.07327688	     -0.00212806	      0.10699609	      0.56885203	      0.05097635	      0.24744960	      0.06136556	      0.12693438	      0.03890713	      0.15526209	      0.08454932	      0.23696513	     16.58986267
      0.37400000	     -0.31370637	      0.35063168	      0.85910377	      0.37448354	     -0.15371546	     -0.90681837	      0.62456437	      0.01924338	     -0.13685778	     -0.09985404	      1.06906713	     -0.34873825	      1.97992212	     -2.13284984	     -3.19241719	      1.60722259	     -8.01802945	      0.15354336	     -0.03753620	      0.08722289	      0.06540097	      0.10129098	      0.10887998	      0.08689308	     -0.00961472	      0.09625020	      0.00380497	      0.04871434	      0.00317763	      0.04861420	      0.13283482	      0.07689544	      0.18557888	      0.09629275	      0.72009752	      0.07316979	     -0.00225681	      0.10706189	      0.56885202	      0.05096614	      0.24831246	      0.06137299	      0.12793594	      0.03890168	      0.15505238	      0.08454703	      0.23696513	     16.61944196
      0.37500000	     -0.31380297	      0.35170238	      0.85875377	      0.37646114	     -0.15585480	     -0.91022762	      0.62617236	      0.01187250	     -0.13670203	     -0.09333008	      1.07233267	     -0.35123220	      1.97405793	     -2.14580412	     -3.61616659	      1.60866358	     -6.74364275	      0.15801624	     -0.03766495	      0.08728394	      0.06582739	      0.10138275	      0.10709291	      0.08682978	     -0.00974347	      0.09635700	      0.00367622	      0.04867609	      0.00304888	      0.04857904	      0.13206840	      0.07725069	      0.18312572	      0.09624595	      0.72047099	      0.07306214	     -0.00238556	      0.10712793	      0.56885202	      0.05095602	      0.24917988	      0.06138044	      0.12895122	      0.03889629	      0.15483718	      0.08454461	      0.23696513	     16.64907124
      0.37600000	     -0.31389302	      0.35277638	      0.85840137	      0.37842898	     -0.15800700	     -0.91402892	      0.62778147	      0.00571892	     -0.13654172	     -0.08677689	      1.07568186	     -0.35353433	      1.96020279	     -2.15855185	     -3.97497180	      1.60946168	     -5.57948948	      0.16268795	     -0.03779370	      0.08733282	      0.06625931	      0.10147447	      0.10534216	      0.08676596	     -0.00987222	      0.09648112	      0.00354747	      0.04863785	      0.00292013	      0.04854389	      0.13133075	      0.07758661	      0.18068298	      0.09619882	      0.72083549	      0.07295391	     -0.00251431	      0.10719425	      0.56885202	      0.05094599	      0.25005127	      0.06138793	      0.12997912	      0.03889096	      0.15461651	      0.08454206	      0.23696513	     16.67874183
      0.37700000	     -0.31397653	      0.35385376	      0.85804677	      0.38037901	     -0.16017177	     -0.91815523	      0.62939101	      0.00065411	     -0.13637678	     -0.08024671	      1.07909300	     -0.35562684	      1.93863874	     -2.17092876	     -4.26668846	      1.60947693	     -4.58180010	      0.16707270	     -0.03792245	      0.08737021	      0.06670137	      0.10156569	      0.10362677	      0.08670175	     -0.01000097	      0.09662019	      0.00341872	      0.04859964	      0.00279138	      0.04850874	      0.13064027	      0.07788911	      0.17825189	      0.09615134	      0.72119116	      0.07284505	     -0.00264306	      0.10726086	      0.56885202	      0.05093603	      0.25092728	      0.06139544	      0.13102107	      0.03888569	      0.15439025	      0.08453938	      0.23696513	     16.70842816
      0.37800000	     -0.31405352	      0.35493459	      0.85769018	      0.38230359	     -0.16234874	     -0.92254013	      0.63100021	     -0.00347192	     -0.13620758	     -0.07374526	      1.08256161	     -0.35751960	      1.90936710	     -2.18292719	     -4.49283590	      1.60882853	     -3.69384891	      0.17161247	     -0.03805120	      0.08739712	      0.06715830	      0.10165596	      0.10194580	      0.08663730	     -0.01012972	      0.09677161	      0.00328997	      0.04856144	      0.00266263	      0.04847359	      0.13001726	      0.07815316	      0.17583274	      0.09610348	      0.72153813	      0.07273555	     -0.00277181	      0.10732775	      0.56885202	      0.05092615	      0.25180711	      0.06140298	      0.13207542	      0.03888048	      0.15415846	      0.08453656	      0.23696513	     16.73810175
      0.37900000	     -0.31412404	      0.35601890	      0.85733179	      0.38419547	     -0.16453749	     -0.92712123	      0.63260839	     -0.00676675	     -0.13603404	     -0.06729419	      1.08607434	     -0.35922688	      1.87318918	     -2.19452375	     -4.65967652	      1.60733396	     -2.89853286	      0.17460366	     -0.03817995	      0.08741463	      0.06763426	      0.10174489	      0.10029836	      0.08657281	     -0.01025847	      0.09693286	      0.00316122	      0.04852327	      0.00253388	      0.04843844	      0.12947705	      0.07837869	      0.17342313	      0.09605522	      0.72187640	      0.07262542	     -0.00290056	      0.10739491	      0.56885202	      0.05091636	      0.25269148	      0.06141056	      0.13314355	      0.03887532	      0.15392102	      0.08453362	      0.23696513	     16.76773797
      0.38000000	     -0.31418809	      0.35710676	      0.85697178	      0.38604693	     -0.16673773	     -0.93183816	      0.63421481	     -0.00920274	     -0.13585758	     -0.06080801	      1.08966811	     -0.36077919	      1.82807543	     -2.20590283	     -4.76297326	      1.60566574	     -1.92216994	      0.18067573	     -0.03830870	      0.08742373	      0.06813193	      0.10183207	      0.09868357	      0.08650849	     -0.01038722	      0.09710152	      0.00303247	      0.04848511	      0.00240513	      0.04840329	      0.12900544	      0.07856703	      0.17016905	      0.09600701	      0.69423294	      0.07251824	      0.01615332	      0.10745331	      0.55012346	      0.05090898	      0.25357987	      0.06141818	      0.13422401	      0.03887022	      0.15367799	      0.08453056	      0.23696513	     16.79730921
      0.38100000	     -0.31424568	      0.35819825	      0.85661029	      0.38784862	     -0.16894901	     -0.93662574	      0.63581880	     -0.01052829	     -0.13567508	     -0.05440156	      1.09330582	     -0.36216017	      1.77402151	     -2.21644568	     -4.80228411	      1.60137134	     -0.70137294	      0.18011378	     -0.03843745	      0.08742529	      0.06865203	      0.10191713	      0.09710061	      0.08644461	     -0.01051597	      0.09727516	      0.00290372	      0.04844697	      0.00227638	      0.04836815	      0.12855878	      0.07871682	      0.16699615	      0.09595922	      0.66831850	      0.07241510	      0.03202387	      0.10744389	      0.53237537	      0.05090549	      0.25447292	      0.06142582	      0.13531763	      0.03886518	      0.15342929	      0.08452737	      0.23696513	     16.82679115
      0.38200000	     -0.31429703	      0.35929334	      0.85624751	      0.38959297	     -0.17116990	     -0.94142479	      0.63741751	     -0.01057041	     -0.13548923	     -0.04836142	      1.09686165	     -0.36337870	      1.71383912	     -2.22497698	     -4.78761608	      1.59567617	      0.62962085	      0.19283074	     -0.03856620	      0.08742012	      0.06919338	      0.10199966	      0.09554865	      0.08638142	     -0.01064472	      0.09745138	      0.00277497	      0.04840885	      0.00214763	      0.04833301	      0.12814825	      0.07882544	      0.16390167	      0.09591172	      0.64397764	      0.07231350	      0.04473541	      0.10740973	      0.51553399	      0.05090479	      0.25537031	      0.06143351	      0.13642309	      0.03886020	      0.15317497	      0.08452406	      0.23696513	     16.85607936
      0.38300000	     -0.31434255	      0.36039194	      0.85588359	      0.39127480	     -0.17339829	     -0.94618585	      0.63900866	     -0.00924604	     -0.13529331	     -0.04275373	      1.10031213	     -0.36441477	      1.64919381	     -2.23144448	     -4.72753082	      1.58605670	      2.03123818	      0.19829302	     -0.03869495	      0.08740905	      0.06975313	      0.10207936	      0.09402692	      0.08631922	     -0.01077347	      0.09762804	      0.00264622	      0.04837075	      0.00201888	      0.04829786	      0.12779352	      0.07889386	      0.16088296	      0.09586441	      0.62107298	      0.07221201	      0.05506950	      0.10737018	      0.49953280	      0.05090606	      0.25627327	      0.06144123	      0.13754226	      0.03885528	      0.15291489	      0.08452061	      0.23696513	     16.88509145
      0.38400000	     -0.31438272	      0.36149391	      0.85551873	      0.39289074	     -0.17563201	     -0.95086954	      0.64058900	     -0.00649631	     -0.13508990	     -0.03770342	      1.10359006	     -0.36530083	      1.58294339	     -2.23554565	     -4.63802965	      1.57464018	      3.45614255	      0.21246100	     -0.03882370	      0.08739291	      0.07032731	      0.10215602	      0.09253465	      0.08625826	     -0.01090222	      0.09780327	      0.00251747	      0.04833266	      0.00189013	      0.04826272	      0.12750705	      0.07892929	      0.15793752	      0.09581719	      0.59948269	      0.07210988	      0.06356379	      0.10733231	      0.48431162	      0.05090867	      0.25718185	      0.06144900	      0.13867448	      0.03885044	      0.15264908	      0.08451701	      0.23696513	     16.91371058
      0.38500000	     -0.31441817	      0.36259905	      0.85515304	      0.39444177	     -0.17786864	     -0.95546147	      0.64215637	     -0.00238077	     -0.13487445	     -0.03331464	      1.10664133	     -0.36604371	      1.51971835	     -2.23730843	     -4.54559987	      1.55975463	      4.74919191	      0.21896663	     -0.03895245	      0.08737248	      0.07091225	      0.10222956	      0.09107111	      0.08619878	     -0.01103097	      0.09797580	      0.00238872	      0.04829460	      0.00176138	      0.04822758	      0.12729487	      0.07894086	      0.15506292	      0.09576997	      0.57909835	      0.07200675	      0.07060464	      0.10729906	      0.46981586	      0.05091216	      0.25809677	      0.06145681	      0.13982065	      0.03884568	      0.15237743	      0.08451325	      0.23696513	     16.94186180
      0.38600000	     -0.31444958	      0.36370711	      0.85478669	      0.39593143	     -0.18010582	     -0.95996022	      0.64370797	      0.00294702	     -0.13465022	     -0.02963618	      1.10943843	     -0.36664858	      1.46027292	     -2.23665863	     -4.45163856	      1.54345884	      5.87752214	      0.23252255	     -0.03908120	      0.08734843	      0.07149791	      0.10230003	      0.08963559	      0.08614094	     -0.01115972	      0.09814501	      0.00225997	      0.04825655	      0.00163263	      0.04819245	      0.12715736	      0.07893102	      0.15225686	      0.09572268	      0.55982312	      0.07190253	      0.07647905	      0.10727163	      0.45599594	      0.05091619	      0.25901839	      0.06146468	      0.14098088	      0.03884102	      0.15209992	      0.08450931	      0.23696513	     16.96944964
      0.38700000	     -0.31447766	      0.36481785	      0.85441980	      0.39736360	     -0.18234129	     -0.96436412	      0.64524213	      0.00931475	     -0.13441394	     -0.02662872	      1.11200185	     -0.36709472	      1.40470914	     -2.23393685	     -4.35584531	      1.52443282	      6.82774406	      0.23894031	     -0.03920995	      0.08732131	      0.07207550	      0.10236763	      0.08822741	      0.08608485	     -0.01128847	      0.09831062	      0.00213122	      0.04821852	      0.00150388	      0.04815732	      0.12708933	      0.07889717	      0.14951712	      0.09567527	      0.54157026	      0.07179726	      0.08140579	      0.10725045	      0.44280667	      0.05092052	      0.25994709	      0.06147259	      0.14215550	      0.03883646	      0.15181649	      0.08450517	      0.23696513	     16.99642049
      0.38800000	     -0.31450307	      0.36593103	      0.85405254	      0.39874219	     -0.18457302	     -0.96867135	      0.64675668	      0.01654222	     -0.13416936	     -0.02429464	      1.11432402	     -0.36739852	      1.35314566	     -2.22919317	     -4.25836043	      1.50474183	      7.59744064	      0.25273492	     -0.03933870	      0.08729162	      0.07263883	      0.10243256	      0.08684588	      0.08603058	     -0.01141722	      0.09847250	      0.00200247	      0.04818051	      0.00137513	      0.04812219	      0.12708289	      0.07883416	      0.14684158	      0.09562768	      0.52426186	      0.07169110	      0.08555508	      0.10723561	      0.43020680	      0.05092497	      0.26088317	      0.06148056	      0.14334482	      0.03883202	      0.15152709	      0.08450081	      0.23696513	     17.02270673
      0.38900000	     -0.31452645	      0.36704643	      0.85368506	      0.40007112	     -0.18679917	     -0.97288029	      0.64825064	      0.02445166	     -0.13391341	     -0.02255968	      1.11643979	     -0.36755188	      1.30534036	     -2.22285886	     -4.15928291	      1.48299475	      8.19356080	      0.25898625	     -0.03946745	      0.08725981	      0.07318378	      0.10249503	      0.08549038	      0.08597816	     -0.01154597	      0.09863057	      0.00187372	      0.04814252	      0.00124638	      0.04808706	      0.12744816	      0.07873453	      0.14422823	      0.09557988	      0.50782772	      0.07158420	      0.08906153	      0.10722704	      0.41815863	      0.05092943	      0.26182674	      0.06148859	      0.14454892	      0.03882771	      0.15123168	      0.08449623	      0.23696513	     17.04828309
      0.39000000	     -0.31454838	      0.36816384	      0.85331748	      0.40135406	     -0.18901825	     -0.97698952	      0.64972257	      0.03287641	     -0.13364991	     -0.02139839	      1.11835305	     -0.36758173	      1.26111039	     -2.21504494	     -4.05904113	      1.46118244	      8.63109161	      0.27170740	     -0.03959620	      0.08722627	      0.07370775	      0.10255526	      0.08416027	      0.08592758	     -0.01167472	      0.09878477	      0.00174497	      0.04810455	      0.00111763	      0.04805193	      0.12811807	      0.07859253	      0.14167511	      0.09553183	      0.49220441	      0.07147676	      0.09203303	      0.10722459	      0.40662756	      0.05093381	      0.26277787	      0.06149667	      0.14576796	      0.03882353	      0.15093021	      0.08449142	      0.23696513	     17.07311066
      0.39100000	     -0.31456940	      0.36928309	      0.85294994	      0.40259436	     -0.19122896	     -0.98099805	      0.65117215	      0.04166746	     -0.13337590	     -0.02071937	      1.12010567	     -0.36748687	      1.22001010	     -2.20620665	     -3.95788442	      1.43785980	      8.92823750	      0.27575653	     -0.03972495	      0.08719136	      0.07420867	      0.10261343	      0.08285495	      0.08587881	     -0.01180347	      0.09893507	      0.00161622	      0.04806660	      0.00098888	      0.04801715	      0.12899224	      0.07840721	      0.13918036	      0.09548352	      0.47733450	      0.07136895	      0.09455704	      0.10722801	      0.39558185	      0.05093808	      0.26373616	      0.06150480	      0.14700125	      0.03881948	      0.15062269	      0.08448636	      0.23696513	     17.09719021
      0.39200000	     -0.31459003	      0.37040398	      0.85258256	      0.40379572	     -0.19343016	     -0.98490500	      0.65259829	      0.05065574	     -0.13309618	     -0.02068812	      1.12161991	     -0.36722962	      1.18395217	     -2.19579927	     -3.85587757	      1.41491769	      8.98881894	      0.28971473	     -0.03985370	      0.08715542	      0.07468391	      0.10266972	      0.08157384	      0.08583180	     -0.01193222	      0.09908145	      0.00148747	      0.04802866	      0.00086013	      0.04800303	      0.12998195	      0.07818189	      0.13674218	      0.09543494	      0.46316587	      0.07126096	      0.09670510	      0.10723713	      0.38499230	      0.05094220	      0.26470209	      0.06151299	      0.14825005	      0.03881557	      0.15030901	      0.08448106	      0.23696513	     17.12049736
      0.39300000	     -0.31461105	      0.37152623	      0.85221558	      0.40496497	     -0.19561995	     -0.98870943	      0.65400042	      0.05950724	     -0.13280607	     -0.02149722	      1.12282042	     -0.36669086	      1.15592466	     -2.18341208	     -3.75293198	      1.38935819	      8.64727058	      0.29241724	     -0.03998245	      0.08711875	      0.07513165	      0.10272434	      0.08031635	      0.08578648	     -0.01206097	      0.09922387	      0.00135872	      0.04799074	      0.00073138	      0.04804711	      0.13100682	      0.07792329	      0.13435886	      0.09538607	      0.44965108	      0.07115297	      0.09853615	      0.10725181	      0.37483200	      0.05094615	      0.26567513	      0.06152123	      0.14951387	      0.03881180	      0.14998918	      0.08447551	      0.23696513	     17.14302602
      0.39400000	     -0.31463328	      0.37264952	      0.85184926	      0.40611000	     -0.19779641	     -0.99241093	      0.65537691	      0.06783221	     -0.13251005	     -0.02307217	      1.12372931	     -0.36592527	      1.13519240	     -2.16927165	     -3.65019461	      1.36374345	      7.95306078	      0.30115040	     -0.04011120	      0.08708171	      0.07555132	      0.10277759	      0.07908194	      0.08574273	     -0.01218972	      0.09936233	      0.00122997	      0.04795285	      0.00060263	      0.04815837	      0.13199934	      0.07764095	      0.13202874	      0.09533691	      0.43674687	      0.07104519	      0.10009911	      0.10727199	      0.36507612	      0.05094993	      0.26665650	      0.06152952	      0.15079610	      0.03880818	      0.14966293	      0.08446972	      0.23696513	     17.16473873
      0.39500000	     -0.31465737	      0.37377362	      0.85148379	      0.40723709	     -0.19995819	     -0.99601017	      0.65672768	      0.07533218	     -0.13220563	     -0.02518029	      1.12444596	     -0.36499038	      1.11969899	     -2.15424351	     -3.54849551	      1.33714298	      7.01316787	      0.30165804	     -0.04023995	      0.08704464	      0.07594337	      0.10282975	      0.07787008	      0.08570041	     -0.01231847	      0.09949683	      0.00110122	      0.04791724	      0.00047388	      0.04831913	      0.13291275	      0.07734499	      0.12975025	      0.09528748	      0.42441372	      0.07093783	      0.10143475	      0.10729761	      0.35570170	      0.05095355	      0.26764633	      0.06153784	      0.15209807	      0.03880469	      0.14933013	      0.08446368	      0.23696513	     17.18564752
      0.39600000	     -0.31468379	      0.37489835	      0.85111930	      0.40835080	     -0.20210462	     -0.99950865	      0.65805237	      0.08180231	     -0.13189781	     -0.02771963	      1.12500193	     -0.36396061	      1.10827286	     -2.13860094	     -3.44883961	      1.31211712	      5.90492177	      0.31193983	     -0.04036870	      0.08700790	      0.07631054	      0.10288108	      0.07668024	      0.08565935	     -0.01244722	      0.09962743	      0.00097247	      0.04789466	      0.00034513	      0.04850919	      0.13372097	      0.07704446	      0.12752186	      0.09523778	      0.41261546	      0.07083109	      0.10257724	      0.10732851	      0.34668748	      0.05095700	      0.26864586	      0.06154621	      0.15342345	      0.03880134	      0.14899046	      0.08445739	      0.23696513	     17.20575681
      0.39700000	     -0.31471289	      0.37602360	      0.85075588	      0.40945448	     -0.20423541	     -1.00290861	      0.65935200	      0.08711204	     -0.13158351	     -0.03050363	      1.12547817	     -0.36287179	      1.09932428	     -2.12303984	     -3.35141620	      1.28709618	      4.70723162	      0.31466716	     -0.04049745	      0.08697181	      0.07665696	      0.10293180	      0.07551192	      0.08561939	     -0.01257597	      0.09975417	      0.00084372	      0.04789000	      0.00021638	      0.04871054	      0.13440530	      0.07674749	      0.12534209	      0.09518783	      0.40131888	      0.07072519	      0.10355531	      0.10736437	      0.33801377	      0.05096029	      0.26965508	      0.06155460	      0.15477341	      0.03879811	      0.14864376	      0.08445087	      0.23696513	     17.22511233
      0.39800000	     -0.31474483	      0.37714930	      0.85039356	      0.41054967	     -0.20635086	     -1.00621215	      0.66062723	      0.09121773	     -0.13126658	     -0.03338008	      1.12593249	     -0.36179273	      1.09102833	     -2.10794799	     -3.25598859	      1.26405709	      3.51213607	      0.32312437	     -0.04062620	      0.08693665	      0.07698640	      0.10298205	      0.07436463	      0.08558039	     -0.01270472	      0.09987716	      0.00071497	      0.04790027	      0.00008763	      0.04890855	      0.13494551	      0.07646232	      0.12320954	      0.09513764	      0.39049347	      0.07062034	      0.10439322	      0.10740471	      0.32966226	      0.05096343	      0.27067478	      0.06156302	      0.15615071	      0.03879501	      0.14828974	      0.08444412	      0.23696513	     17.24374773
      0.39900000	     -0.31477961	      0.37827549	      0.85003229	      0.41163606	     -0.20845173	     -1.00942098	      0.66187986	      0.09416599	     -0.13094439	     -0.03614558	      1.12645516	     -0.36075735	      1.08141268	     -2.09399858	     -3.16183739	      1.24162063	      2.40538189	      0.32217489	     -0.04075495	      0.08690269	      0.07730184	      0.10303191	      0.07323789	      0.08554221	     -0.01283347	      0.09999646	      0.00058622	      0.04792041	     -0.00004112	      0.04909238	      0.13531605	      0.07619700	      0.12112286	      0.09508723	      0.38011117	      0.07051682	      0.10511147	      0.10744891	      0.32161596	      0.05096643	      0.27170448	      0.06157145	      0.15755549	      0.03879201	      0.14792824	      0.08443716	      0.23696513	     17.26172865
      0.40000000	     -0.31481705	      0.37940225	      0.84967201	      0.41271157	     -0.21053931	     -1.01253608	      0.66311124	      0.09608066	     -0.13062111	     -0.03869752	      1.12708357	     -0.35981802	      1.06907929	     -2.08137226	     -3.06845409	      1.22177154	      1.45417396	      0.32708269	     -0.04088370	      0.08687011	      0.07760542	      0.10308139	      0.07213124	      0.08550476	     -0.01296222	      0.10011216	      0.00045747	      0.04794430	     -0.00016987	      0.04925496	      0.13548318	      0.07595797	      0.11908074	      0.09503660	      0.37014607	      0.07041493	      0.10572746	      0.10749633	      0.31385901	      0.05096929	      0.27274455	      0.06157990	      0.15898958	      0.03878910	      0.14755904	      0.08443001	      0.23696513	     17.27910444
      0.40100000	     -0.31485689	      0.38052971	      0.84931262	      0.41377293	     -0.21261507	     -1.01555794	      0.66432362	      0.09714086	     -0.13029424	     -0.04091631	      1.12787232	     -0.35898425	      1.05293495	     -2.07045042	     -2.97526458	      1.20303034	      0.70159402	      0.32409644	     -0.04101245	      0.08683907	      0.07789859	      0.10313043	      0.07104424	      0.08546797	     -0.01309097	      0.10022431	      0.00032872	      0.04796649	     -0.00029862	      0.04939269	      0.13547336	      0.07574890	      0.11708192	      0.09498578	      0.36057425	      0.07031515	      0.10625599	      0.10754637	      0.30637667	      0.05097202	      0.27379418	      0.06158834	      0.16045225	      0.03878627	      0.14718201	      0.08442267	      0.23696513	     17.29594811
      0.40200000	     -0.31489877	      0.38165804	      0.84895400	      0.41481606	     -0.21468071	     -1.01848663	      0.66551856	      0.09755675	     -0.12996770	     -0.04278991	      1.12882041	     -0.35828084	      1.03260059	     -2.06112459	     -2.88209922	      1.18710516	      0.16695571	      0.32836162	     -0.04114120	      0.08680963	      0.07818215	      0.10317891	      0.06997645	      0.08543182	     -0.01321972	      0.10033293	      0.00019997	      0.04798353	     -0.00042737	      0.04950489	      0.13541790	      0.07557040	      0.11512518	      0.09493475	      0.35137358	      0.07021812	      0.10670963	      0.10759848	      0.29915516	      0.05097460	      0.27485347	      0.06159677	      0.16194459	      0.03878351	      0.14679696	      0.08441517	      0.23696513	     17.31231072
      0.40300000	     -0.31494234	      0.38278741	      0.84859602	      0.41583669	     -0.21673788	     -1.02132209	      0.66669830	      0.09754726	     -0.12963884	     -0.04428196	      1.12994680	     -0.35769318	      1.00794116	     -2.05352017	     -2.78876255	      1.17232975	     -0.15082191	      0.32622114	     -0.04126995	      0.08678183	      0.07845687	      0.10322669	      0.06892744	      0.08539633	     -0.01334847	      0.10043805	      0.00007122	      0.04799398	     -0.00055612	      0.04959315	      0.13517924	      0.07542064	      0.11320937	      0.09488352	      0.34252358	      0.07012472	      0.10709913	      0.10765222	      0.29218161	      0.05097705	      0.27592114	      0.06160519	      0.16346469	      0.03878079	      0.14640387	      0.08440752	      0.23696513	     17.32825976
      0.40400000	     -0.31498723	      0.38391799	      0.84823857	      0.41683065	     -0.21878820	     -1.02406416	      0.66786429	      0.09732197	     -0.12931085	     -0.04544282	      1.13122457	     -0.35722419	      0.97934926	     -2.04735804	     -2.69537633	      1.15997880	     -0.26846146	      0.33038062	     -0.04139870	      0.08675562	      0.07872538	      0.10327359	      0.06789680	      0.08536154	     -0.01347722	      0.10053969	     -0.00005753	      0.04799784	     -0.00068487	      0.04966067	      0.13471397	      0.07529623	      0.11133335	      0.09483209	      0.33400521	      0.07003599	      0.10743363	      0.10770723	      0.28544398	      0.05097937	      0.27699729	      0.06161359	      0.16501365	      0.03877812	      0.14600254	      0.08439975	      0.23696513	     17.34383887
      0.40500000	     -0.31503312	      0.38504991	      0.84788154	      0.41779423	     -0.22083308	     -1.02671282	      0.66901842	      0.09706786	     -0.12898110	     -0.04628883	      1.13265011	     -0.35684562	      0.94728402	     -2.04260798	     -2.60194877	      1.14833429	     -0.21376775	      0.32759787	     -0.04152745	      0.08673095	      0.07899167	      0.10331942	      0.06688414	      0.08532751	     -0.01360597	      0.10063785	     -0.00018628	      0.04799584	     -0.00081362	      0.04971160	      0.13406018	      0.07519289	      0.10949605	      0.09478044	      0.32580081	      0.06995274	      0.10772098	      0.10776324	      0.27893100	      0.05098155	      0.27808074	      0.06162196	      0.16658982	      0.03877547	      0.14559293	      0.08439186	      0.23696513	     17.35910274
      0.40600000	     -0.31507973	      0.38618332	      0.84752485	      0.41872433	     -0.22287374	     -1.02926812	      0.67016171	      0.09694043	     -0.12865258	     -0.04690849	      1.13418071	     -0.35655049	      0.91253796	     -2.03887975	     -2.50869222	      1.13853821	     -0.02120419	      0.33026071	     -0.04165620	      0.08670771	      0.07925927	      0.10336401	      0.06588906	      0.08529433	     -0.01373472	      0.10073256	     -0.00031503	      0.04798916	     -0.00094237	      0.04975046	      0.13326778	      0.07510612	      0.10769640	      0.09472856	      0.31789394	      0.06987495	      0.10796787	      0.10782004	      0.27263211	      0.05098359	      0.27917114	      0.06163030	      0.16819325	      0.03877283	      0.14517494	      0.08438388	      0.23696513	     17.37408145
      0.40700000	     -0.31512687	      0.38731830	      0.84716842	      0.41961864	     -0.22491114	     -1.03173027	      0.67129555	      0.09705886	     -0.12832292	     -0.04734568	      1.13580096	     -0.35630699	      0.87581037	     -2.03605559	     -2.41563710	      1.12900943	      0.27157007	      0.32669370	     -0.04178495	      0.08668579	      0.07953055	      0.10340719	      0.06491118	      0.08526210	     -0.01386347	      0.10082382	     -0.00044378	      0.04797927	     -0.00107112	      0.04978163	      0.13238397	      0.07503173	      0.10593342	      0.09467644	      0.31026929	      0.06980218	      0.10818004	      0.10787746	      0.26653738	      0.05098550	      0.28026679	      0.06163860	      0.16982115	      0.03877019	      0.14474862	      0.08437583	      0.23696513	     17.38881324
      0.40800000	     -0.31517440	      0.38845493	      0.84681222	      0.42047560	     -0.22694600	     -1.03409953	      0.67242045	      0.09750427	     -0.12799498	     -0.04769660	      1.13746521	     -0.35610610	      0.83797596	     -2.03373656	     -2.32295428	      1.12086312	      0.62647954	      0.32902236	     -0.04191370	      0.08666504	      0.07980674	      0.10344883	      0.06395015	      0.08523089	     -0.01399222	      0.10091166	     -0.00057253	      0.04796777	     -0.00119987	      0.04980905	      0.13144943	      0.07496599	      0.10420611	      0.09462406	      0.30291258	      0.06973402	      0.10836238	      0.10793537	      0.26063750	      0.05098727	      0.28136718	      0.06164686	      0.17147305	      0.03876755	      0.14431392	      0.08436771	      0.23696513	     17.40331361
      0.40900000	     -0.31522225	      0.38959324	      0.84645620	      0.42129445	     -0.22897874	     -1.03637630	      0.67353730	      0.09832029	     -0.12766612	     -0.04800032	      1.13916043	     -0.35591621	      0.79970771	     -2.03184054	     -2.23061657	      1.11246232	      1.00691145	      0.32460926	     -0.04204245	      0.08664536	      0.08008769	      0.10348883	      0.06300559	      0.08520079	     -0.01412097	      0.10099610	     -0.00070128	      0.04795626	     -0.00132862	      0.04983613	      0.13049709	      0.07490571	      0.10251354	      0.09457141	      0.29581048	      0.06967009	      0.10851912	      0.10799367	      0.25492372	      0.05098892	      0.28247084	      0.06165508	      0.17314641	      0.03876489	      0.14387092	      0.08435956	      0.23696513	     17.41760748
      0.41000000	     -0.31527042	      0.39073324	      0.84610038	      0.42207516	     -0.23100965	     -1.03856096	      0.67464614	      0.09951543	     -0.12733982	     -0.04834991	      1.14084142	     -0.35573393	      0.76180478	     -2.02997716	     -2.13877661	      1.10529003	      1.37951140	      0.32847293	     -0.04217120	      0.08662661	      0.08037168	      0.10352715	      0.06207717	      0.08517188	     -0.01424972	      0.10107716	     -0.00083003	      0.04794631	     -0.00145737	      0.04986578	      0.12955188	      0.07484819	      0.10085480	      0.09451847	      0.28895052	      0.06961006	      0.10865386	      0.10805229	      0.24938779	      0.05099044	      0.28357739	      0.06166325	      0.17484075	      0.03876220	      0.14341960	      0.08435137	      0.23696513	     17.43169665
      0.41100000	     -0.31531897	      0.39187492	      0.84574474	      0.42281835	     -0.23303872	     -1.04065399	      0.67574756	      0.10106709	     -0.12701251	     -0.04875988	      1.14250697	     -0.35552867	      0.72474938	     -2.02817464	     -2.04736462	      1.09731069	      1.71570120	      0.32373948	     -0.04229995	      0.08660872	      0.08065542	      0.10356376	      0.06116453	      0.08514422	     -0.01437847	      0.10115488	     -0.00095878	      0.04793939	     -0.00158612	      0.04990044	      0.12863104	      0.07479115	      0.09922900	      0.09446524	      0.28232103	      0.06955362	      0.10876971	      0.10811115	      0.24402194	      0.05099183	      0.28468543	      0.06167137	      0.17655341	      0.03875948	      0.14296007	      0.08434317	      0.23696513	     17.44559828
      0.41200000	     -0.31536799	      0.39301824	      0.84538933	      0.42352515	     -0.23506588	     -1.04265590	      0.67684128	      0.10292722	     -0.12668769	     -0.04930302	      1.14412044	     -0.35530377	      0.68911638	     -2.02611390	     -1.95653957	      1.09009295	      1.99333357	      0.32563335	     -0.04242870	      0.08659159	      0.08093446	      0.10359870	      0.06026736	      0.08511785	     -0.01450722	      0.10122927	     -0.00108753	      0.04793678	     -0.00171487	      0.04994194	      0.12774486	      0.07473273	      0.09763531	      0.09441169	      0.27591108	      0.06950047	      0.10886932	      0.10817021	      0.23881886	      0.05099310	      0.28579464	      0.06167945	      0.17828373	      0.03875672	      0.14249236	      0.08433497	      0.23696513	     17.45930598
      0.41300000	     -0.31541763	      0.39416314	      0.84503415	      0.42419714	     -0.23709087	     -1.04456726	      0.67792759	      0.10502924	     -0.12636252	     -0.04997540	      1.14568742	     -0.35503972	      0.65512823	     -2.02387003	     -1.86626557	      1.08203698	      2.19770776	      0.32040102	     -0.04255745	      0.08657518	      0.08120362	      0.10363200	      0.05938533	      0.08509279	     -0.01463597	      0.10130038	     -0.00121628	      0.04793956	     -0.00184362	      0.04999133	      0.12689760	      0.07467155	      0.09607290	      0.09435783	      0.26971042	      0.06945037	      0.10895496	      0.10822940	      0.23377165	      0.05099427	      0.28690376	      0.06168746	      0.18002905	      0.03875392	      0.14201663	      0.08432678	      0.23696513	     17.47282861
      0.41400000	     -0.31546801	      0.39530958	      0.84467925	      0.42483607	     -0.23911344	     -1.04638869	      0.67900604	      0.10729589	     -0.12604035	     -0.05082066	      1.14718394	     -0.35474788	      0.62303795	     -2.02122130	     -1.77669913	      1.07471122	      2.32211248	      0.32267319	     -0.04268620	      0.08655945	      0.08145756	      0.10366374	      0.05851813	      0.08506906	     -0.01476472	      0.10136822	     -0.00134503	      0.04794851	     -0.00197237	      0.05004884	      0.12608874	      0.07460669	      0.09454098	      0.09430365	      0.26370943	      0.06940307	      0.10902861	      0.10828869	      0.22887377	      0.05099532	      0.28801261	      0.06169543	      0.18178879	      0.03875107	      0.14153291	      0.08431862	      0.23696513	     17.48615634
      0.41500000	     -0.31551932	      0.39645749	      0.84432467	      0.42544382	     -0.24113322	     -1.04812089	      0.68007685	      0.10964702	     -0.12571836	     -0.05180711	      1.14862745	     -0.35441753	      0.59274358	     -2.01832872	     -1.68778878	      1.06661069	      2.36742140	      0.31881163	     -0.04281495	      0.08654440	      0.08169132	      0.10369402	      0.05766545	      0.08504664	     -0.01489347	      0.10143285	     -0.00147378	      0.04796426	     -0.00210112	      0.05011392	      0.12531425	      0.07453774	      0.09303878	      0.09424914	      0.25789906	      0.06935838	      0.10909195	      0.10834803	      0.22411907	      0.05099627	      0.28912024	      0.06170334	      0.18356076	      0.03874817	      0.14104137	      0.08431050	      0.23696513	     17.49929573
      0.41600000	     -0.31557168	      0.39760682	      0.84397042	      0.42602214	     -0.24314996	     -1.04976453	      0.68113960	      0.11200679	     -0.12539937	     -0.05294756	      1.15000809	     -0.35406523	      0.56417902	     -2.01507773	     -1.59963457	      1.05908532	      2.34111884	      0.32099370	     -0.04294370	      0.08653003	      0.08190083	      0.10372293	      0.05682700	      0.08502552	     -0.01502222	      0.10149428	     -0.00160253	      0.04798704	     -0.00222987	      0.05018539	      0.12456783	      0.07446476	      0.09156555	      0.09419430	      0.25227081	      0.06931608	      0.10914642	      0.10840739	      0.21950170	      0.05099713	      0.29022673	      0.06171119	      0.18534480	      0.03874522	      0.14054206	      0.08430243	      0.23696513	     17.51223829
      0.41700000	     -0.31562524	      0.39875750	      0.84361655	      0.42657262	     -0.24516336	     -1.05132036	      0.68219453	      0.11430946	     -0.12508072	     -0.05419141	      1.15135125	     -0.35368706	      0.53699888	     -2.01168058	     -1.51213687	      1.05076792	      2.25556496	      0.31632660	     -0.04307245	      0.08651636	      0.08208320	      0.10375057	      0.05600248	      0.08500566	     -0.01515097	      0.10155255	     -0.00173128	      0.04801651	     -0.00235862	      0.05026166	      0.12384204	      0.07438829	      0.09012058	      0.09413914	      0.24681666	      0.06927601	      0.10919327	      0.10846673	      0.21501616	      0.05099789	      0.29133138	      0.06171899	      0.18713916	      0.03874220	      0.14003512	      0.08429442	      0.23696513	     17.52499093
      0.41800000	     -0.31568010	      0.39990951	      0.84326305	      0.42709652	     -0.24717326	     -1.05278903	      0.68324126	      0.11650327	     -0.12476559	     -0.05554141	      1.15265094	     -0.35330492	      0.51097536	     -2.00804114	     -1.42535033	      1.04321604	      2.12609754	      0.31875404	     -0.04320120	      0.08650343	      0.08223685	      0.10377703	      0.05519162	      0.08498704	     -0.01527972	      0.10160771	     -0.00186003	      0.04805176	     -0.00248737	      0.05034090	      0.12312906	      0.07430919	      0.08870318	      0.09408366	      0.24152906	      0.06923800	      0.10923356	      0.10852604	      0.21065721	      0.05099858	      0.29243434	      0.06172672	      0.18894387	      0.03873913	      0.13952062	      0.08428648	      0.23696513	     17.53754616
      0.41900000	     -0.31573633	      0.40106280	      0.84290994	      0.42759478	     -0.24917950	     -1.05417121	      0.68428017	      0.11855245	     -0.12445067	     -0.05693411	      1.15393905	     -0.35291427	      0.48565384	     -2.00442283	     -1.33910944	      1.03477673	      1.96901415	      0.31255609	     -0.04332995	      0.08649126	      0.08236140	      0.10380238	      0.05439414	      0.08496961	     -0.01540847	      0.10165978	     -0.00198878	      0.04809155	     -0.00261612	      0.05042126	      0.12242127	      0.07422854	      0.08731266	      0.09402786	      0.23640091	      0.06920191	      0.10926821	      0.10858527	      0.20641989	      0.05099918	      0.29353502	      0.06173439	      0.19075741	      0.03873599	      0.13899871	      0.08427862	      0.23696513	     17.54991453
      0.42000000	     -0.31579398	      0.40221738	      0.84255722	      0.42806797	     -0.25118208	     -1.05546744	      0.68531096	      0.12043736	     -0.12413933	     -0.05837437	      1.15520847	     -0.35253773	      0.46080074	     -2.00071512	     -1.25344404	      1.02710875	      1.80002769	      0.31276966	     -0.04345870	      0.08647989	      0.08245753	      0.10382668	      0.05360978	      0.08495335	     -0.01553722	      0.10170879	     -0.00211753	      0.04813453	     -0.00274487	      0.05050105	      0.12171162	      0.07414752	      0.08594839	      0.09397175	      0.23142546	      0.06916760	      0.10929802	      0.10864441	      0.20229949	      0.05099971	      0.29463369	      0.06174201	      0.19258013	      0.03873279	      0.13846943	      0.08427085	      0.23696513	     17.56209035
      0.42100000	     -0.31585307	      0.40337323	      0.84220486	      0.42851639	     -0.25318099	     -1.05667823	      0.68633400	      0.12215317	     -0.12382909	     -0.05981247	      1.15648396	     -0.35217288	      0.43603943	     -1.99711639	     -1.16820389	      1.01898603	      1.63293543	      0.30770185	     -0.04358745	      0.08646933	      0.08252673	      0.10384998	      0.05283826	      0.08493821	     -0.01566597	      0.10175478	     -0.00224628	      0.04817940	     -0.00287362	      0.05057882	      0.12099396	      0.07406721	      0.08460971	      0.09391534	      0.22659638	      0.06913495	      0.10932366	      0.10870345	      0.19829157	      0.05100017	      0.29572965	      0.06174955	      0.19441036	      0.03872953	      0.13793298	      0.08426319	      0.23696513	     17.57408361
      0.42200000	     -0.31591360	      0.40453035	      0.84185286	      0.42894002	     -0.25517633	     -1.05780399	      0.68734910	      0.12370762	     -0.12352276	     -0.06125660	      1.15775781	     -0.35183739	      0.41121553	     -1.99351896	     -1.08340778	      1.01177383	      1.47889248	      0.30999447	     -0.04371620	      0.08645962	      0.08257106	      0.10387229	      0.05207934	      0.08492417	     -0.01579472	      0.10179777	     -0.00237503	      0.04822503	     -0.00300237	      0.05065349	      0.12026349	      0.07398859	      0.08329603	      0.09385864	      0.22190766	      0.06910384	      0.10934571	      0.10876237	      0.19439186	      0.05100057	      0.29682329	      0.06175703	      0.19624887	      0.03872619	      0.13738937	      0.08425564	      0.23696513	     17.58589155
      0.42300000	     -0.31597556	      0.40568876	      0.84150119	      0.42933868	     -0.25716816	     -1.05884511	      0.68835677	      0.12511802	     -0.12321682	     -0.06265779	      1.15905593	     -0.35152174	      0.38604464	     -1.99014397	     -0.99889621	      1.00374622	      1.34594570	      0.30338314	     -0.04384495	      0.08645076	      0.08259291	      0.10389363	      0.05133278	      0.08491122	     -0.01592347	      0.10183780	     -0.00250378	      0.04827056	     -0.00313112	      0.05072435	      0.11951702	      0.07391238	      0.08200675	      0.09380164	      0.21735362	      0.06907418	      0.10936467	      0.10882115	      0.19059634	      0.05100090	      0.29791401	      0.06176445	      0.19809430	      0.03872278	      0.13683879	      0.08424821	      0.23696513	     17.59752723
      0.42400000	     -0.31603891	      0.40684846	      0.84114981	      0.42971199	     -0.25915665	     -1.05980189	      0.68935677	      0.12640823	     -0.12291473	     -0.06404278	      1.16036163	     -0.35124303	      0.36052835	     -1.98681196	     -0.91473891	      0.99658894	      1.23906304	      0.30383637	     -0.04397370	      0.08644276	      0.08259471	      0.10391399	      0.05059832	      0.08489933	     -0.01605222	      0.10187488	     -0.00263253	      0.04831535	     -0.00325987	      0.05079104	      0.11875313	      0.07383907	      0.08074129	      0.09374437	      0.21292888	      0.06904586	      0.10938099	      0.10887981	      0.18690118	      0.05100118	      0.29900208	      0.06177180	      0.19994724	      0.03871931	      0.13628129	      0.08424090	      0.23696513	     17.60898638
      0.42500000	     -0.31610362	      0.40800949	      0.84079869	      0.43005956	     -0.26114188	     -1.06067465	      0.69034951	      0.12760554	     -0.12261370	     -0.06538105	      1.16169181	     -0.35099168	      0.33453675	     -1.98367202	     -0.83083348	      0.98893447	      1.16026978	      0.29856500	     -0.04410245	      0.08643561	      0.08259304	      0.10393333	      0.04987573	      0.08488850	     -0.01618097	      0.10190903	     -0.00276128	      0.04835906	     -0.00338862	      0.05085355	      0.11797213	      0.07376892	      0.07949910	      0.09368681	      0.20862834	      0.06901880	      0.10939502	      0.10893832	      0.18330272	      0.05100141	      0.30008679	      0.06177908	      0.20180623	      0.03871575	      0.13571704	      0.08423373	      0.23696513	     17.62027972
      0.42600000	     -0.31616966	      0.40917185	      0.84044781	      0.43038093	     -0.26312401	     -1.06146366	      0.69133479	      0.12873801	     -0.12231646	     -0.06670200	      1.16302967	     -0.35077895	      0.30816723	     -1.98055722	     -0.74726051	      0.98210378	      1.10910028	      0.30037016	     -0.04423120	      0.08642931	      0.08258950	      0.10395160	      0.04916478	      0.08487873	     -0.01630972	      0.10194028	     -0.00289003	      0.04840157	     -0.00351737	      0.05091210	      0.11717577	      0.07370196	      0.07827963	      0.09362900	      0.20444717	      0.06899292	      0.10940710	      0.10899668	      0.17979749	      0.05100158	      0.30116831	      0.06178629	      0.20367173	      0.03871213	      0.13514613	      0.08422669	      0.23696513	     17.63140408
      0.42700000	     -0.31623700	      0.41033556	      0.84009713	      0.43067572	     -0.26510311	     -1.06216923	      0.69231302	      0.12983213	     -0.12201974	     -0.06797866	      1.16439113	     -0.35059129	      0.28137506	     -1.97761977	     -0.66393408	      0.97452144	      1.08303412	      0.29446811	     -0.04435995	      0.08642383	      0.08258401	      0.10396876	      0.04846525	      0.08487001	     -0.01643847	      0.10196866	     -0.00301878	      0.04844292	     -0.00364612	      0.05096712	      0.11636694	      0.07363808	      0.07708236	      0.09357092	      0.20038077	      0.06896815	      0.10941748	      0.10905490	      0.17638217	      0.05100170	      0.30224599	      0.06179343	      0.20554248	      0.03870843	      0.13456872	      0.08421981	      0.23696513	     17.64236992
      0.42800000	     -0.31630562	      0.41150064	      0.83974662	      0.43094359	     -0.26707926	     -1.06279164	      0.69328395	      0.13091113	     -0.12172645	     -0.06924814	      1.16575588	     -0.35043873	      0.25433905	     -1.97466898	     -0.58096327	      0.96758074	      1.07809897	      0.29450056	     -0.04448870	      0.08641916	      0.08257649	      0.10398477	      0.04777691	      0.08486236	     -0.01656722	      0.10199417	     -0.00314753	      0.04848335	     -0.00377487	      0.05101913	      0.11554921	      0.07357702	      0.07590677	      0.09351258	      0.19642480	      0.06894442	      0.10942641	      0.10911297	      0.17305361	      0.05100178	      0.30332000	      0.06180050	      0.20741900	      0.03870465	      0.13398490	      0.08421307	      0.23696513	     17.65317251
      0.42900000	     -0.31637549	      0.41266708	      0.83939625	      0.43118432	     -0.26905249	     -1.06333125	      0.69424783	      0.13199373	     -0.12143417	     -0.07049624	      1.16713308	     -0.35031001	      0.22709452	     -1.97180044	     -0.49830671	      0.96013655	      1.08936424	      0.28972865	     -0.04461745	      0.08641528	      0.08256679	      0.10399960	      0.04709955	      0.08485577	     -0.01669597	      0.10201685	     -0.00327628	      0.04852314	     -0.00390362	      0.05106874	      0.11472642	      0.07351843	      0.07475239	      0.09345400	      0.19257511	      0.06892166	      0.10943409	      0.10917088	      0.16980879	      0.05100181	      0.30438962	      0.06180750	      0.20929988	      0.03870080	      0.13339485	      0.08420648	      0.23696513	     17.66381880
      0.43000000	     -0.31644661	      0.41383490	      0.83904599	      0.43139777	     -0.27102284	     -1.06378839	      0.69520434	      0.13309348	     -0.12114570	     -0.07176130	      1.16850204	     -0.35021398	      0.19984681	     -1.96882583	     -0.41608187	      0.95353134	      1.11150623	      0.29342372	     -0.04474620	      0.08641216	      0.08255471	      0.10401323	      0.04643297	      0.08485026	     -0.01682472	      0.10203670	     -0.00340503	      0.04856267	     -0.00403237	      0.05111652	      0.11390232	      0.07346195	      0.07361871	      0.09339519	      0.18882775	      0.06889982	      0.10944070	      0.10922865	      0.16664483	      0.05100181	      0.30545513	      0.06181443	      0.21118585	      0.03869687	      0.13279865	      0.08420005	      0.23696513	     17.67430315
      0.43100000	     -0.31651899	      0.41500410	      0.83869582	      0.43158397	     -0.27299024	     -1.06416349	      0.69615389	      0.13421858	     -0.12085686	     -0.07301175	      1.16988184	     -0.35013245	      0.17258487	     -1.96593941	     -0.33420155	      0.94579153	      1.13921375	      0.28663397	     -0.04487495	      0.08640978	      0.08254001	      0.10402565	      0.04577696	      0.08484584	     -0.01695347	      0.10205375	     -0.00353378	      0.04860228	     -0.00416112	      0.05116302	      0.11308027	      0.07340719	      0.07250529	      0.09333614	      0.18517900	      0.06887885	      0.10944639	      0.10928625	      0.16355898	      0.05100177	      0.30651585	      0.06182129	      0.21307558	      0.03869287	      0.13219648	      0.08419377	      0.23696513	     17.68463519
      0.43200000	     -0.31659264	      0.41617466	      0.83834572	      0.43174300	     -0.27495469	     -1.06445695	      0.69709603	      0.13537214	     -0.12057120	     -0.07429230	      1.17124800	     -0.35007738	      0.14552703	     -1.96291801	     -0.25280617	      0.93862297	      1.16763823	      0.28615512	     -0.04500370	      0.08640811	      0.08252241	      0.10403685	      0.04513132	      0.08484251	     -0.01708222	      0.10206802	     -0.00366253	      0.04864233	     -0.00428987	      0.05120869	      0.11226305	      0.07335377	      0.07141166	      0.09327686	      0.18162528	      0.06885869	      0.10945128	      0.10934370	      0.16054863	      0.05100169	      0.30757188	      0.06182808	      0.21496937	      0.03868879	      0.13158846	      0.08418766	      0.23696513	     17.69480669
      0.43300000	     -0.31666758	      0.41734659	      0.83799566	      0.43187509	     -0.27691607	     -1.06466925	      0.69803095	      0.13655270	     -0.12028611	     -0.07558480	      1.17261167	     -0.35003736	      0.11868587	     -1.95987911	     -0.17185197	      0.93081984	      1.19262666	      0.28030762	     -0.04513245	      0.08640715	      0.08250159	      0.10404682	      0.04449585	      0.08484027	     -0.01721097	      0.10207951	     -0.00379128	      0.04868313	     -0.00441862	      0.05125393	      0.11145272	      0.07330138	      0.07033738	      0.09321737	      0.17816318	      0.06883930	      0.10945549	      0.10940100	      0.15761126	      0.05100158	      0.30862252	      0.06183481	      0.21686586	      0.03868464	      0.13097477	      0.08418171	      0.23696513	     17.70482286
      0.43400000	     -0.31674384	      0.41851987	      0.83764563	      0.43198052	     -0.27887434	     -1.06480086	      0.69895827	      0.13775516	     -0.12000437	     -0.07692277	      1.17395430	     -0.35002199	      0.09221881	     -1.95665460	     -0.09144794	      0.92371105	      1.21096908	      0.28225236	     -0.04526120	      0.08640688	      0.08247719	      0.10405557	      0.04387037	      0.08483912	     -0.01733972	      0.10208824	     -0.00392003	      0.04872490	     -0.00454737	      0.05129898	      0.11065065	      0.07324975	      0.06928203	      0.09315768	      0.17478948	      0.06882064	      0.10945911	      0.10945813	      0.15474447	      0.05100144	      0.30966818	      0.06184146	      0.21876591	      0.03868042	      0.13035549	      0.08417592	      0.23696513	     17.71467691
      0.43500000	     -0.31682144	      0.41969450	      0.83729561	      0.43205965	     -0.28082936	     -1.06485231	      0.69987822	      0.13897168	     -0.11972276	     -0.07827836	      1.17529201	     -0.35001868	      0.06607724	     -1.95340673	     -0.01152297	      0.91582747	      1.22044993	      0.27750326	     -0.04538995	      0.08640729	      0.08244886	      0.10406309	      0.04325469	      0.08483907	     -0.01746847	      0.10209422	     -0.00404878	      0.04876780	     -0.00467612	      0.05134400	      0.10985755	      0.07319867	      0.06824519	      0.09309779	      0.17150109	      0.06880267	      0.10946222	      0.10951509	      0.15194596	      0.05100128	      0.31070823	      0.06184805	      0.22066827	      0.03867612	      0.12973082	      0.08417029	      0.23696513	     17.72437497
      0.43600000	     -0.31690041	      0.42087045	      0.83694558	      0.43211284	     -0.28278106	     -1.06482411	      0.70079043	      0.14019271	     -0.11944405	     -0.07968108	      1.17660807	     -0.35003790	      0.04037260	     -1.94998079	      0.06782710	      0.90849424	      1.21990615	      0.27917284	     -0.04551870	      0.08640837	      0.08241628	      0.10406940	      0.04264862	      0.08484010	     -0.01759722	      0.10209744	     -0.00417753	      0.04881194	     -0.00480487	      0.05138905	      0.10907351	      0.07314802	      0.06722646	      0.09303771	      0.16829505	      0.06878535	      0.10946490	      0.10957189	      0.14921353	      0.05100109	      0.31174293	      0.06185457	      0.22257346	      0.03867176	      0.12910085	      0.08416483	      0.23696513	     17.73391041
      0.43700000	     -0.31698081	      0.42204771	      0.83659553	      0.43214052	     -0.28472930	     -1.06471683	      0.70169507	      0.14140806	     -0.11916546	     -0.08110356	      1.17791779	     -0.35006974	      0.01502528	     -1.94652736	      0.14667376	      0.90045733	      1.20910878	      0.27469645	     -0.04564745	      0.08641011	      0.08237920	      0.10407451	      0.04205199	      0.08484221	     -0.01772597	      0.10209792	     -0.00430628	      0.04885730	     -0.00493362	      0.05143409	      0.10829819	      0.07309775	      0.06622545	      0.09297745	      0.16516855	      0.06876865	      0.10946720	      0.10962852	      0.14654508	      0.05100088	      0.31277173	      0.06186102	      0.22448034	      0.03866732	      0.12846577	      0.08415952	      0.23696513	     17.74328851
      0.43800000	     -0.31706264	      0.42322627	      0.83624543	      0.43214305	     -0.28667402	     -1.06453098	      0.70259182	      0.14260771	     -0.11888957	     -0.08257009	      1.17920698	     -0.35012473	     -0.00989898	     -1.94291220	      0.22494023	      0.89295140	      1.18867127	      0.27632217	     -0.04577620	      0.08641252	      0.08233741	      0.10407844	      0.04146463	      0.08484539	     -0.01785472	      0.10209565	     -0.00443503	      0.04890384	     -0.00506237	      0.05147901	      0.10753088	      0.07304785	      0.06524176	      0.09291703	      0.16211891	      0.06875254	      0.10946918	      0.10968497	      0.14393859	      0.05100064	      0.31379508	      0.06186741	      0.22638981	      0.03866282	      0.12782565	      0.08415438	      0.23696513	     17.75250353
      0.43900000	     -0.31714596	      0.42440612	      0.83589528	      0.43212083	     -0.28861511	     -1.06426712	      0.70348086	      0.14378260	     -0.11861378	     -0.08405246	      1.18049107	     -0.35019445	     -0.03450683	     -1.93928361	      0.30270408	      0.88481933	      1.15983332	      0.27229562	     -0.04590495	      0.08641560	      0.08229074	      0.10408118	      0.04088637	      0.08484964	     -0.01798347	      0.10209066	     -0.00456378	      0.04895144	     -0.00519112	      0.05152367	      0.10677064	      0.07299839	      0.06427504	      0.09285645	      0.15914355	      0.06873698	      0.10947089	      0.10974124	      0.14139211	      0.05100039	      0.31481256	      0.06187374	      0.22830097	      0.03865825	      0.12718067	      0.08414940	      0.23696513	     17.76156074
      0.44000000	     -0.31723077	      0.42558725	      0.83554504	      0.43207417	     -0.29055252	     -1.06392577	      0.70436189	      0.14492514	     -0.11834050	     -0.08557115	      1.18175780	     -0.35028915	     -0.05876266	     -1.93552309	      0.37990378	      0.87720503	      1.12429922	      0.27402184	     -0.04603370	      0.08641935	      0.08223904	      0.10408277	      0.04031704	      0.08485494	     -0.01811222	      0.10208295	     -0.00469253	      0.04899995	     -0.00531987	      0.05156786	      0.10601643	      0.07294947	      0.06332492	      0.09279573	      0.15624002	      0.06872194	      0.10947235	      0.10979734	      0.13890380	      0.05100013	      0.31582447	      0.06188001	      0.23021439	      0.03865362	      0.12653090	      0.08414457	      0.23696513	     17.77045551
      0.44100000	     -0.31731710	      0.42676963	      0.83519469	      0.43200339	     -0.29248615	     -1.06350748	      0.70523514	      0.14602961	     -0.11806688	     -0.08709423	      1.18302453	     -0.35039991	     -0.08279601	     -1.93179553	      0.45663056	      0.86884348	      1.08400086	      0.26852138	     -0.04616245	      0.08642377	      0.08218221	      0.10408322	      0.03975648	      0.08486128	     -0.01824097	      0.10207254	     -0.00482128	      0.04904919	     -0.00544862	      0.05161141	      0.10526720	      0.07290122	      0.06239105	      0.09273487	      0.15340596	      0.06870742	      0.10947362	      0.10985325	      0.13647187	      0.05099985	      0.31683030	      0.06188621	      0.23212896	      0.03864892	      0.12587655	      0.08413990	      0.23696513	     17.77919406
      0.44200000	     -0.31740497	      0.42795328	      0.83484422	      0.43190870	     -0.29441601	     -1.06301273	      0.70610027	      0.14709223	     -0.11779623	     -0.08865061	      1.18427420	     -0.35054024	     -0.10655089	     -1.92793544	      0.53280196	      0.86127960	      1.04094994	      0.27139357	     -0.04629120	      0.08642886	      0.08212019	      0.10408254	      0.03920454	      0.08486865	     -0.01836972	      0.10205943	     -0.00495003	      0.04909900	     -0.00557737	      0.05165411	      0.10452196	      0.07285376	      0.06147309	      0.09267389	      0.15063913	      0.06869337	      0.10947470	      0.10990897	      0.13409460	      0.05099956	      0.31783075	      0.06189235	      0.23404607	      0.03864416	      0.12521764	      0.08413539	      0.23696513	     17.78777074
      0.44300000	     -0.31749440	      0.42913818	      0.83449360	      0.43179034	     -0.29634203	     -1.06244203	      0.70695758	      0.14811122	     -0.11752526	     -0.09020437	      1.18552647	     -0.35069973	     -0.13016843	     -1.92412913	      0.60852239	      0.85306149	      0.99703426	      0.26766874	     -0.04641995	      0.08643464	      0.08205291	      0.10408073	      0.03866105	      0.08487704	     -0.01849847	      0.10204365	     -0.00507878	      0.04914919	     -0.00570612	      0.05169580	      0.10377986	      0.07280726	      0.06057069	      0.09261279	      0.14793737	      0.06867977	      0.10947563	      0.10996451	      0.13177036	      0.05099926	      0.31882546	      0.06189843	      0.23596491	      0.03863935	      0.12455433	      0.08413102	      0.23696513	     17.79619306
      0.44400000	     -0.31758539	      0.43032433	      0.83414281	      0.43164844	     -0.29826422	     -1.06179587	      0.70780682	      0.14908658	     -0.11725656	     -0.09177764	      1.18676819	     -0.35088885	     -0.15360827	     -1.92024935	      0.68373051	      0.84538096	      0.95393269	      0.26946700	     -0.04654870	      0.08644110	      0.08198036	      0.10407782	      0.03812586	      0.08488644	     -0.01862722	      0.10202521	     -0.00520753	      0.04919962	     -0.00583487	      0.05173636	      0.10304026	      0.07276182	      0.05968355	      0.09255160	      0.14529862	      0.06866661	      0.10947644	      0.11001986	      0.12949757	      0.05099895	      0.31981482	      0.06190446	      0.23788621	      0.03863447	      0.12388669	      0.08412681	      0.23696513	     17.80445745
      0.44500000	     -0.31767796	      0.43151172	      0.83379182	      0.43148315	     -0.30018254	     -1.06107472	      0.70864825	      0.15001982	     -0.11698740	     -0.09334137	      1.18801530	     -0.35109910	     -0.17698162	     -1.91644748	      0.75851126	      0.83705599	      0.91299104	      0.26448448	     -0.04667745	      0.08644824	      0.08190254	      0.10407381	      0.03759883	      0.08489685	     -0.01875597	      0.10200412	     -0.00533628	      0.04925016	     -0.00596362	      0.05177569	      0.10230269	      0.07271757	      0.05881134	      0.09249031	      0.14272088	      0.06865387	      0.10947713	      0.11007502	      0.12727470	      0.05099863	      0.32079838	      0.06191042	      0.23980901	      0.03862953	      0.12321489	      0.08412275	      0.23696513	     17.81257058
      0.44600000	     -0.31777209	      0.43270035	      0.83344060	      0.43129455	     -0.30209704	     -1.06027904	      0.70948158	      0.15091362	     -0.11672088	     -0.09492398	      1.18925132	     -0.35134225	     -0.20021791	     -1.91256553	      0.83278570	      0.82949360	      0.87520720	      0.26723067	     -0.04680620	      0.08645606	      0.08181948	      0.10406872	      0.03707982	      0.08490825	     -0.01888472	      0.10198039	     -0.00546503	      0.04930072	     -0.00609237	      0.05181373	      0.10156693	      0.07267457	      0.05795376	      0.09242894	      0.14020228	      0.06864152	      0.10947772	      0.11012999	      0.12510031	      0.05099831	      0.32177666	      0.06191633	      0.24173425	      0.03862454	      0.12253898	      0.08411883	      0.23696513	     17.82052846
      0.44700000	     -0.31786780	      0.43389022	      0.83308912	      0.43108273	     -0.30400769	     -1.05940929	      0.71030714	      0.15177149	     -0.11645400	     -0.09649505	      1.19049312	     -0.35160846	     -0.22342020	     -1.90876545	      0.90664157	      0.82138774	      0.84117958	      0.26405538	     -0.04693495	      0.08646457	      0.08173122	      0.10406254	      0.03656867	      0.08492065	     -0.01901347	      0.10195403	     -0.00559378	      0.04935125	     -0.00622112	      0.05185046	      0.10083295	      0.07263290	      0.05711050	      0.09236749	      0.13774098	      0.06862954	      0.10947823	      0.11018477	      0.12297298	      0.05099798	      0.32274930	      0.06192219	      0.24366118	      0.03861949	      0.12185911	      0.08411506	      0.23696513	     17.82833843
      0.44800000	     -0.31796509	      0.43508133	      0.83273737	      0.43084776	     -0.30591453	     -1.05846593	      0.71112472	      0.15259732	     -0.11618906	     -0.09807679	      1.19172796	     -0.35190627	     -0.24652487	     -1.90492660	      0.98001679	      0.81378938	      0.81115799	      0.26589409	     -0.04706370	      0.08647376	      0.08163781	      0.10405528	      0.03606526	      0.08493403	     -0.01914222	      0.10192506	     -0.00572253	      0.04940171	     -0.00634987	      0.05188591	      0.10010092	      0.07259257	      0.05628128	      0.09230598	      0.13533524	      0.06861793	      0.10947867	      0.11023935	      0.12089137	      0.05099764	      0.32371678	      0.06192798	      0.24559067	      0.03861439	      0.12117532	      0.08411143	      0.23696513	     17.83599825
      0.44900000	     -0.31806396	      0.43627368	      0.83238530	      0.43058970	     -0.30781756	     -1.05744940	      0.71193462	      0.15339511	     -0.11592333	     -0.09964246	      1.19297078	     -0.35222642	     -0.26961221	     -1.90119393	      1.05298678	      0.80550780	      0.78505263	      0.26018589	     -0.04719245	      0.08648363	      0.08153931	      0.10404695	      0.03556944	      0.08494839	     -0.01927097	      0.10189348	     -0.00585128	      0.04945211	     -0.00647862	      0.05192012	      0.09937114	      0.07255358	      0.05546581	      0.09224441	      0.13298338	      0.06860667	      0.10947905	      0.11029375	      0.11885417	      0.05099730	      0.32467877	      0.06193373	      0.24752199	      0.03860923	      0.12048777	      0.08410794	      0.23696513	     17.84351481
      0.45000000	     -0.31816439	      0.43746726	      0.83203290	      0.43030861	     -0.30971684	     -1.05636015	      0.71273654	      0.15416862	     -0.11566037	     -0.10122759	      1.19420150	     -0.35258135	     -0.29256753	     -1.89737812	      1.12544426	      0.79813514	      0.76247330	      0.26371668	     -0.04732120	      0.08649418	      0.08143580	      0.10403755	      0.03508109	      0.08496373	     -0.01939972	      0.10185931	     -0.00598003	      0.04950247	     -0.00660737	      0.05195316	      0.09864404	      0.07251593	      0.05466381	      0.09218280	      0.13068379	      0.06859574	      0.10947938	      0.11034795	      0.11686013	      0.05099696	      0.32563570	      0.06193942	      0.24945594	      0.03860403	      0.11979650	      0.08410459	      0.23696513	     17.85088386
      0.45100000	     -0.31826641	      0.43866208	      0.83168013	      0.43000473	     -0.31161234	     -1.05519965	      0.71353081	      0.15491332	     -0.11539696	     -0.10280857	      1.19543255	     -0.35296677	     -0.31501351	     -1.89364401	      1.19421022	      0.79030399	      0.71746877	      0.26176376	     -0.04744995	      0.08650540	      0.08132734	      0.10402708	      0.03460007	      0.08498005	     -0.01952847	      0.10182256	     -0.00610878	      0.04955283	     -0.00673612	      0.05198508	      0.09792010	      0.07247959	      0.05387501	      0.09212115	      0.12843491	      0.06858512	      0.10947966	      0.11040197	      0.11490805	      0.05099662	      0.32658729	      0.06194506	      0.25139184	      0.03859877	      0.11910164	      0.08410137	      0.23696513	     17.85811318
      0.45200000	     -0.31837002	      0.43985812	      0.83132695	      0.42967913	     -0.31350412	     -1.05397562	      0.71431729	      0.15557619	     -0.11513571	     -0.10442371	      1.19663977	     -0.35340873	     -0.33581015	     -1.88986120	      1.25139297	      0.78323019	      0.59151685	      0.26665114	     -0.04757870	      0.08651728	      0.08121400	      0.10401555	      0.03412626	      0.08499733	     -0.01965722	      0.10178331	     -0.00623753	      0.04960303	     -0.00686487	      0.05201573	      0.09719984	      0.07244467	      0.05309916	      0.09205946	      0.12623526	      0.06857481	      0.10947990	      0.11045580	      0.11299676	      0.05099627	      0.32753405	      0.06195065	      0.25333064	      0.03859346	      0.11840323	      0.08409828	      0.23696513	     17.86520129
      0.45300000	     -0.31847524	      0.44105537	      0.83097330	      0.42933378	     -0.31539219	     -1.05270254	      0.71509647	      0.15605831	     -0.11487291	     -0.10603260	      1.19784233	     -0.35391072	     -0.35446982	     -1.88626907	      1.29146146	      0.77538436	      0.35206377	      0.26124846	     -0.04770745	      0.08652976	      0.08109584	      0.10400301	      0.03365953	      0.08501554	     -0.01978597	      0.10174182	     -0.00636628	      0.04965242	     -0.00699362	      0.05204440	      0.09648378	      0.07241170	      0.05233599	      0.09199775	      0.12408341	      0.06856479	      0.10948010	      0.11050943	      0.11112514	      0.05099593	      0.32847553	      0.06195620	      0.25527132	      0.03858810	      0.11770143	      0.08409533	      0.23696513	     17.87215847
      0.45400000	     -0.31858208	      0.44225380	      0.83061910	      0.42897104	     -0.31727670	     -1.05140012	      0.71586826	      0.15623732	     -0.11461205	     -0.10764787	      1.19902771	     -0.35450412	     -0.37057633	     -1.88277569	      1.30924887	      0.76840940	     -0.01571636	      0.26208115	     -0.04783620	      0.08654270	      0.08097293	      0.10398948	      0.03319976	      0.08503465	     -0.01991472	      0.10169850	     -0.00649503	      0.04969970	     -0.00712237	      0.05206971	      0.09577238	      0.07238174	      0.05158525	      0.09193602	      0.12197797	      0.06855505	      0.10948028	      0.11056289	      0.10929212	      0.05099558	      0.32941221	      0.06196169	      0.25721478	      0.03858270	      0.11699625	      0.08409250	      0.23696513	     17.87898433
      0.45500000	     -0.31869052	      0.44345343	      0.83026425	      0.42859348	     -0.31915787	     -1.05009309	      0.71663323	      0.15598485	     -0.11435091	     -0.10920890	      1.20022248	     -0.35520563	     -0.38412971	     -1.87963733	      1.29990891	      0.76149865	     -0.50874778	      0.25896577	     -0.04796495	      0.08655593	      0.08084530	      0.10397505	      0.03274683	      0.08505459	     -0.02004347	      0.10165396	     -0.00662378	      0.04974295	     -0.00725112	      0.05208978	      0.09506607	      0.07235637	      0.05084670	      0.09187428	      0.11991763	      0.06854558	      0.10948044	      0.11061615	      0.10749664	      0.05099523	      0.33034384	      0.06196713	      0.25916034	      0.03857725	      0.11628782	      0.08408979	      0.23696513	     17.88568999
      0.45600000	     -0.31880047	      0.44465425	      0.82990864	      0.42820359	     -0.32103611	     -1.04881091	      0.71739169	      0.15518579	     -0.11409163	     -0.11068082	      1.20143694	     -0.35605032	     -0.39525981	     -1.87692798	      1.25879577	      0.75573408	     -1.10295963	      0.26185954	     -0.04809370	      0.08656914	      0.08071301	      0.10395979	      0.03230062	      0.08507528	     -0.02017222	      0.10160900	     -0.00675253	      0.04977984	     -0.00737987	      0.05210268	      0.09436519	      0.07233759	      0.05012010	      0.09181253	      0.11790110	      0.06853637	      0.10948057	      0.11066924	      0.10573771	      0.05099488	      0.33127088	      0.06197253	      0.26110888	      0.03857175	      0.11557618	      0.08408721	      0.23696513	     17.89228199
      0.45700000	     -0.31891182	      0.44585632	      0.82955210	      0.42780357	     -0.32291201	     -1.04758732	      0.71814456	      0.15376082	     -0.11383156	     -0.11196991	      1.20271337	     -0.35705909	     -0.40451406	     -1.87499773	      1.18222144	      0.75017061	     -1.75065979	      0.25855252	     -0.04822245	      0.08658196	      0.08057610	      0.10394381	      0.03186102	      0.08509662	     -0.02030097	      0.10156455	     -0.00688128	      0.04980801	     -0.00750862	      0.05210681	      0.09367001	      0.07232767	      0.04940522	      0.09175077	      0.11592715	      0.06852741	      0.10948068	      0.11072215	      0.10401434	      0.05099453	      0.33219295	      0.06197788	      0.26305947	      0.03856621	      0.11486147	      0.08408474	      0.23696513	     17.89877719
      0.45800000	     -0.31902434	      0.44705971	      0.82919446	      0.42739497	     -0.32478640	     -1.04645905	      0.71889243	      0.15168957	     -0.11357353	     -0.11303048	      1.20406750	     -0.35826776	     -0.41254559	     -1.87391473	      1.06795063	      0.74616886	     -2.38265508	      0.26220447	     -0.04835120	      0.08659390	      0.08043458	      0.10392719	      0.03142792	      0.08511854	     -0.02042972	      0.10152172	     -0.00701003	      0.04982572	     -0.00763737	      0.05210068	      0.09298072	      0.07232904	      0.04870183	      0.09168901	      0.11399460	      0.06851868	      0.10948078	      0.11077490	      0.10232562	      0.05099417	      0.33311049	      0.06198319	      0.26501287	      0.03856063	      0.11414370	      0.08408240	      0.23696513	     17.90518649
      0.45900000	     -0.31913776	      0.44826450	      0.82883550	      0.42697853	     -0.32666028	     -1.04546389	      0.71963660	      0.14902714	     -0.11331413	     -0.11376678	      1.20554595	     -0.35968227	     -0.42035314	     -1.87402168	      0.91630597	      0.74238688	     -2.92018887	      0.25697318	     -0.04847995	      0.08660437	      0.08028850	      0.10391001	      0.03100121	      0.08514095	     -0.02055847	      0.10148169	     -0.00713878	      0.04983235	     -0.00776612	      0.05208292	      0.09229745	      0.07234462	      0.04800971	      0.09162724	      0.11210230	      0.06851019	      0.10948086	      0.11082751	      0.10067062	      0.05099381	      0.33402327	      0.06198846	      0.26696851	      0.03855500	      0.11342299	      0.08408016	      0.23696513	     17.91153252
      0.46000000	     -0.31925176	      0.44947084	      0.82847502	      0.42655409	     -0.32853480	     -1.04463794	      0.72037780	      0.14590302	     -0.11305678	     -0.11417954	      1.20714681	     -0.36131378	     -0.42867924	     -1.87519848	      0.73027629	      0.74028159	     -3.29775912	      0.25905169	     -0.04860870	      0.08661269	      0.08013787	      0.10389233	      0.03058078	      0.08516379	     -0.02068722	      0.10144571	     -0.00726753	      0.04982789	     -0.00789487	      0.05205309	      0.09162026	      0.07238062	      0.04732864	      0.09156545	      0.11024916	      0.06850192	      0.10948093	      0.11087999	      0.09904847	      0.05099344	      0.33493183	      0.06199368	      0.26892732	      0.03854934	      0.11269936	      0.08407804	      0.23696513	     17.91782783
      0.46100000	     -0.31936601	      0.45067884	      0.82811281	      0.42612080	     -0.33041106	     -1.04401288	      0.72111721	      0.14249409	     -0.11279876	     -0.11426197	      1.20888068	     -0.36313050	     -0.43808674	     -1.87747241	      0.51566036	      0.73859508	     -3.48999646	      0.25626188	     -0.04873745	      0.08661815	      0.07998273	      0.10387420	      0.03016652	      0.08518703	     -0.02081597	      0.10141496	     -0.00739628	      0.04981272	     -0.00802362	      0.05201258	      0.09094917	      0.07244653	      0.04665842	      0.09150363	      0.10843411	      0.06849386	      0.10948100	      0.11093237	      0.09745833	      0.05099305	      0.33583568	      0.06199887	      0.27088819	      0.03854363	      0.11197295	      0.08407604	      0.23696513	     17.92409286
      0.46200000	     -0.31948021	      0.45188863	      0.82774871	      0.42567758	     -0.33228998	     -1.04361371	      0.72185536	      0.13897602	     -0.11254220	     -0.11410837	      1.21070942	     -0.36509523	     -0.44847543	     -1.88045369	      0.27976307	      0.73800908	     -3.52520079	      0.25940849	     -0.04886620	      0.08662002	      0.07982309	      0.10385561	      0.02975833	      0.08521063	     -0.02094472	      0.10139051	     -0.00752503	      0.04978816	     -0.00815237	      0.05196478	      0.09028431	      0.07254526	      0.04599884	      0.09144176	      0.10665613	      0.06848600	      0.10948105	      0.11098467	      0.09589939	      0.05099265	      0.33673526	      0.06200402	      0.27285184	      0.03853789	      0.11124377	      0.08407414	      0.23696513	     17.93033664
      0.46300000	     -0.31959417	      0.45310029	      0.82738259	      0.42522366	     -0.33417215	     -1.04345806	      0.72259293	      0.13546951	     -0.11228419	     -0.11379773	      1.21260734	     -0.36714647	     -0.45937824	     -1.88392439	      0.02956659	      0.73706961	     -3.48594601	      0.25591139	     -0.04899495	      0.08661760	      0.07965908	      0.10383657	      0.02935611	      0.08523461	     -0.02107347	      0.10137328	     -0.00765378	      0.04975644	     -0.00828112	      0.05191382	      0.08962681	      0.07267020	      0.04534969	      0.09137983	      0.10491422	      0.06847835	      0.10948110	      0.11103692	      0.09437084	      0.05099224	      0.33763023	      0.06200913	      0.27481752	      0.03853212	      0.11051196	      0.08407234	      0.23696513	     17.93657043
      0.46400000	     -0.31970780	      0.45431385	      0.82701440	      0.42475922	     -0.33605781	     -1.04355891	      0.72332977	      0.13196715	     -0.11202720	     -0.11349051	      1.21450284	     -0.36925038	     -0.46894059	     -1.88735207	     -0.23454103	      0.73663004	     -3.57428079	      0.25861254	     -0.04912370	      0.08661026	      0.07949089	      0.10381707	      0.02895976	      0.08525897	     -0.02120222	      0.10136397	     -0.00778253	      0.04972024	     -0.00840987	      0.05186267	      0.08897948	      0.07281251	      0.04471079	      0.09131782	      0.10320743	      0.06847088	      0.10948114	      0.11108913	      0.09287193	      0.05099181	      0.33852133	      0.06201422	      0.27678656	      0.03852631	      0.10977748	      0.08407065	      0.23696513	     17.94279200
      0.46500000	     -0.31982106	      0.45552934	      0.82664409	      0.42428343	     -0.33794705	     -1.04391851	      0.72406602	      0.12853275	     -0.11176915	     -0.11297527	      1.21651090	     -0.37135761	     -0.48428006	     -1.89120543	     -0.47706915	      0.73592349	     -3.15634232	      0.25802370	     -0.04925245	      0.08659752	      0.07931884	      0.10379710	      0.02856918	      0.08528372	     -0.02133097	      0.10136319	     -0.00791128	      0.04968199	     -0.00853862	      0.05181228	      0.08834694	      0.07296617	      0.04408193	      0.09125572	      0.10153485	      0.06846360	      0.10948117	      0.11114133	      0.09140191	      0.05099136	      0.33940827	      0.06201927	      0.27875826	      0.03852047	      0.10904043	      0.08406905	      0.23696513	     17.94900367
      0.46600000	     -0.31993374	      0.45674688	      0.82627170	      0.42378929	     -0.33984019	     -1.04450388	      0.72480152	      0.12572458	     -0.11151095	     -0.11239527	      1.21857243	     -0.37341311	     -0.50426036	     -1.89500436	     -0.69018709	      0.73499054	     -2.47220904	      0.25854801	     -0.04938120	      0.08657903	      0.07914332	      0.10377660	      0.02818428	      0.08530890	     -0.02145972	      0.10137095	     -0.00804003	      0.04964329	     -0.00866737	      0.05176271	      0.08773547	      0.07311962	      0.04346294	      0.09119351	      0.09989557	      0.06845650	      0.10948120	      0.11119351	      0.08996007	      0.05099089	      0.34029140	      0.06202429	      0.28073320	      0.03851460	      0.10830085	      0.08406754	      0.23696513	     17.95520251
      0.46700000	     -0.32004587	      0.45796648	      0.82589729	      0.42327415	     -0.34173693	     -1.04529032	      0.72553582	      0.12358532	     -0.11125216	     -0.11188542	      1.22062688	     -0.37538890	     -0.52634165	     -1.89840886	     -0.87840930	      0.73345887	     -1.81657933	      0.25830732	     -0.04950995	      0.08655467	      0.07896479	      0.10375544	      0.02780497	      0.08533464	     -0.02158847	      0.10138695	     -0.00816878	      0.04960459	     -0.00879612	      0.05171393	      0.08715257	      0.07326077	      0.04285362	      0.09113119	      0.09828874	      0.06844957	      0.10948122	      0.11124570	      0.08854572	      0.05099041	      0.34117049	      0.06202929	      0.28271077	      0.03850870	      0.10755883	      0.08406612	      0.23696513	     17.96138129
      0.46800000	     -0.32015754	      0.45918813	      0.82552095	      0.42273598	     -0.34363684	     -1.04625181	      0.72626828	      0.12206941	     -0.11099393	     -0.11148527	      1.22265662	     -0.37727642	     -0.55028142	     -1.90129114	     -1.04006115	      0.73174461	     -1.22560321	      0.26238254	     -0.04963870	      0.08652448	      0.07878369	      0.10373351	      0.02743115	      0.08536103	     -0.02171722	      0.10141067	     -0.00829753	      0.04956590	     -0.00892487	      0.05166593	      0.08660617	      0.07338337	      0.04225380	      0.09106874	      0.09671353	      0.06844281	      0.10948125	      0.11129789	      0.08715818	      0.05098992	      0.34204607	      0.06203427	      0.28469183	      0.03850278	      0.10681436	      0.08406479	      0.23696513	     17.96752918
      0.46900000	     -0.32026886	      0.46041180	      0.82514277	      0.42217290	     -0.34553942	     -1.04736126	      0.72699857	      0.12111510	     -0.11073385	     -0.11117631	      1.22467267	     -0.37906592	     -0.57617235	     -1.90378046	     -1.17432863	      0.72885568	     -0.69276908	      0.25896724	     -0.04976745	      0.08648867	      0.07860045	      0.10371071	      0.02706273	      0.08538817	     -0.02184597	      0.10144130	     -0.00842628	      0.04952724	     -0.00905362	      0.05161869	      0.08610310	      0.07348510	      0.04166331	      0.09100616	      0.09516913	      0.06843621	      0.10948126	      0.11135007	      0.08579681	      0.05098941	      0.34291791	      0.06203922	      0.28667565	      0.03849684	      0.10606755	      0.08406353	      0.23696513	     17.97364062
      0.47000000	     -0.32037994	      0.46163747	      0.82476285	      0.42158306	     -0.34744424	     -1.04859169	      0.72772592	      0.12066525	     -0.11047506	     -0.11098913	      1.22665709	     -0.38077020	     -0.60377982	     -1.90574597	     -1.28231615	      0.72605463	     -0.21611323	      0.26205135	     -0.04989620	      0.08644753	      0.07841541	      0.10368692	      0.02669962	      0.08541617	     -0.02197472	      0.10147783	     -0.00855503	      0.04948859	     -0.00918237	      0.05157221	      0.08564727	      0.07356616	      0.04108198	      0.09094346	      0.09365476	      0.06842976	      0.10948128	      0.11140226	      0.08446097	      0.05098890	      0.34378675	      0.06204416	      0.28866341	      0.03849088	      0.10531836	      0.08406235	      0.23696513	     17.97970288
      0.47100000	     -0.32049087	      0.46286511	      0.82438126	      0.42096479	     -0.34935083	     -1.04991770	      0.72845010	      0.12066612	     -0.11021492	     -0.11089539	      1.22862384	     -0.38238753	     -0.63298746	     -1.90736246	     -1.36582243	      0.72226181	      0.20978189	      0.25842677	     -0.05002495	      0.08640147	      0.07822877	      0.10366204	      0.02634174	      0.08544512	     -0.02210347	      0.10151916	     -0.00868378	      0.04944997	     -0.00931112	      0.05152645	      0.08523888	      0.07362823	      0.04050963	      0.09088063	      0.09216967	      0.06842347	      0.10948129	      0.11145442	      0.08315006	      0.05098838	      0.34465240	      0.06204907	      0.29065435	      0.03848490	      0.10456690	      0.08406125	      0.23696513	     17.98571251
      0.47200000	     -0.32060176	      0.46409470	      0.82399810	      0.42031665	     -0.35125882	     -1.05131597	      0.72917049	      0.12106976	     -0.10995629	     -0.11091787	      1.23055796	     -0.38393393	     -0.66348111	     -1.90853029	     -1.42724075	      0.71862100	      0.59038873	      0.26075528	     -0.05015370	      0.08635097	      0.07804062	      0.10363599	      0.02598901	      0.08547511	     -0.02223222	      0.10156426	     -0.00881253	      0.04941136	     -0.00943987	      0.05148140	      0.08487489	      0.07367382	      0.03994611	      0.09081768	      0.09071313	      0.06841732	      0.10948131	      0.11150657	      0.08186348	      0.05098786	      0.34551545	      0.06205397	      0.29264924	      0.03847890	      0.10381316	      0.08406023	      0.23696513	     17.99165934
      0.47300000	     -0.32071273	      0.46532622	      0.82361342	      0.41963745	     -0.35316781	     -1.05276561	      0.72988696	      0.12183367	     -0.10969662	     -0.11102754	      1.23247330	     -0.38540897	     -0.69508573	     -1.90942204	     -1.46895105	      0.71407520	      0.93118080	      0.25605413	     -0.05028245	      0.08629655	      0.07785093	      0.10360867	      0.02564133	      0.08550620	     -0.02236097	      0.10161222	     -0.00894128	      0.04937277	     -0.00956862	      0.05143704	      0.08454980	      0.07370570	      0.03939125	      0.09075462	      0.08928445	      0.06841131	      0.10948132	      0.11155867	      0.08060066	      0.05098734	      0.34637590	      0.06205885	      0.29464765	      0.03847289	      0.10305722	      0.08405928	      0.23696513	     17.99754183
      0.47400000	     -0.32082386	      0.46655964	      0.82322730	      0.41892607	     -0.35507751	     -1.05424743	      0.73059898	      0.12293664	     -0.10943916	     -0.11123523	      1.23436092	     -0.38682769	     -0.72795964	     -1.90994537	     -1.49123849	      0.70992694	      1.28519007	      0.25899827	     -0.05041120	      0.08623873	      0.07765964	      0.10358000	      0.02529864	      0.08553849	     -0.02248972	      0.10166220	     -0.00907003	      0.04933420	     -0.00969737	      0.05139348	      0.08425809	      0.07372622	      0.03884490	      0.09069146	      0.08788292	      0.06840544	      0.10948132	      0.11161074	      0.07936105	      0.05098681	      0.34723453	      0.06206371	      0.29665075	      0.03846686	      0.10229902	      0.08405841	      0.23696513	     18.00335124
      0.47500000	     -0.32093522	      0.46779494	      0.82283979	      0.41818104	     -0.35698763	     -1.05574137	      0.73130652	      0.12442198	     -0.10918111	     -0.11151140	      1.23623707	     -0.38817879	     -0.76229227	     -1.91025355	     -1.49344494	      0.70498338	      1.69123286	      0.25552424	     -0.05053995	      0.08617806	      0.07746668	      0.10354992	      0.02496084	      0.08557203	     -0.02261847	      0.10171346	     -0.00919878	      0.04929570	     -0.00982612	      0.05135219	      0.08399752	      0.07373659	      0.03830691	      0.09062820	      0.08650790	      0.06839970	      0.10948133	      0.11166276	      0.07814410	      0.05098629	      0.34809137	      0.06206855	      0.29865826	      0.03846082	      0.10153863	      0.08405762	      0.23696513	     18.00908795
      0.47600000	     -0.32104693	      0.46903209	      0.82245096	      0.41740136	     -0.35889785	     -1.05722847	      0.73200909	      0.12632057	     -0.10892502	     -0.11193167	      1.23806475	     -0.38945782	     -0.79702678	     -1.91008627	     -1.47812613	      0.70012417	      2.10093576	      0.25717329	     -0.05066870	      0.08611508	      0.07727196	      0.10351834	      0.02462786	      0.08560689	     -0.02274722	      0.10176526	     -0.00932753	      0.04925767	     -0.00995487	      0.05131746	      0.08376898	      0.07373670	      0.03777712	      0.09056486	      0.08515874	      0.06839409	      0.10948134	      0.11171471	      0.07694929	      0.05098577	      0.34894700	      0.06207337	      0.30067104	      0.03845476	      0.10077601	      0.08405691	      0.23696513	     18.01474421
      0.47700000	     -0.32115915	      0.47027104	      0.82206090	      0.41658729	     -0.36080762	     -1.05869302	      0.73270649	      0.12860246	     -0.10866832	     -0.11254135	      1.23982542	     -0.39064292	     -0.83087673	     -1.90939537	     -1.44900240	      0.69418639	      2.44709015	      0.25141124	     -0.05079745	      0.08605029	      0.07707493	      0.10348522	      0.02429963	      0.08564312	     -0.02287597	      0.10181694	     -0.00945628	      0.04922145	     -0.01008362	      0.05129434	      0.08357187	      0.07372579	      0.03725540	      0.09050144	      0.08383483	      0.06838860	      0.10948134	      0.11176659	      0.07577611	      0.05098525	      0.34980168	      0.06207817	      0.30268937	      0.03844869	      0.10001117	      0.08405628	      0.23696513	     18.02031755
      0.47800000	     -0.32127212	      0.47151170	      0.82166970	      0.41574037	     -0.36271631	     -1.06012332	      0.73339794	      0.13117507	     -0.10841445	     -0.11342920	      1.24147421	     -0.39173634	     -0.86252367	     -1.90787963	     -1.41032445	      0.68846032	      2.67507611	      0.25442020	     -0.05092620	      0.08598417	      0.07687503	      0.10345053	      0.02397606	      0.08568073	     -0.02300472	      0.10186796	     -0.00958503	      0.04918959	     -0.01021237	      0.05128566	      0.08340346	      0.07370312	      0.03674159	      0.09043797	      0.08253555	      0.06838324	      0.10948135	      0.11181839	      0.07462407	      0.05098474	      0.35065572	      0.06208295	      0.30471374	      0.03844261	      0.09924411	      0.08405574	      0.23696513	     18.02579619
      0.47900000	     -0.32138611	      0.47275395	      0.82127746	      0.41486323	     -0.36462313	     -1.06151175	      0.73408316	      0.13390246	     -0.10816047	     -0.11459466	      1.24301221	     -0.39273105	     -0.89123035	     -1.90564619	     -1.36585593	      0.68177056	      2.75352052	      0.25190444	     -0.05105495	      0.08591711	      0.07667174	      0.10341427	      0.02365709	      0.08571971	     -0.02313347	      0.10191790	     -0.00971378	      0.04916489	     -0.01034112	      0.05129231	      0.08325989	      0.07366840	      0.03623556	      0.09037445	      0.08126034	      0.06837799	      0.10948135	      0.11187009	      0.07349269	      0.05098424	      0.35150905	      0.06208771	      0.30674399	      0.03843651	      0.09847485	      0.08405529	      0.23696513	     18.03117665
      0.48000000	     -0.32150140	      0.47399769	      0.82088427	      0.41395902	     -0.36652734	     -1.06285416	      0.73476151	      0.13662965	     -0.10790855	     -0.11605117	      1.24442868	     -0.39364426	     -0.91662865	     -1.90264551	     -1.31872506	      0.67503337	      2.67549054	      0.25386218	     -0.05118370	      0.08584948	      0.07646460	      0.10337651	      0.02334263	      0.08575999	     -0.02326222	      0.10196647	     -0.00984253	      0.04914915	     -0.01046987	      0.05131529	      0.08313699	      0.07362197	      0.03573718	      0.09031091	      0.08000862	      0.06837285	      0.10948136	      0.11192168	      0.07238151	      0.05098375	      0.35236220	      0.06209245	      0.30878125	      0.03843040	      0.09770333	      0.08405493	      0.23696513	     18.03644975
      0.48100000	     -0.32161828	      0.47524278	      0.82049020	      0.41303098	     -0.36842827	     -1.06414900	      0.73543281	      0.13920608	     -0.10765668	     -0.11773922	      1.24574980	     -0.39448894	     -0.93898292	     -1.89913007	     -1.27098692	      0.66753977	      2.45585482	      0.24988088	     -0.05131245	      0.08578152	      0.07625316	      0.10333733	      0.02303263	      0.08580147	     -0.02339097	      0.10201349	     -0.00997128	      0.04914269	     -0.01059862	      0.05135363	      0.08303068	      0.07356509	      0.03524630	      0.09024737	      0.07877984	      0.06836783	      0.10948136	      0.11197314	      0.07129008	      0.05098327	      0.35321480	      0.06209715	      0.31082490	      0.03842427	      0.09692960	      0.08405467	      0.23696513	     18.04161382
      0.48200000	     -0.32173695	      0.47648916	      0.82009530	      0.41208190	     -0.37032546	     -1.06539636	      0.73609663	      0.14150342	     -0.10740798	     -0.11962734	      1.24698413	     -0.39529691	     -0.95876774	     -1.89514752	     -1.22394309	      0.66062118	      2.12247047	      0.25409117	     -0.05144120	      0.08571343	      0.07603704	      0.10329683	      0.02272701	      0.08584405	     -0.02351972	      0.10205889	     -0.01010003	      0.04914464	     -0.01072737	      0.05140327	      0.08293726	      0.07350013	      0.03476281	      0.09018384	      0.07757348	      0.06836291	      0.10948136	      0.11202446	      0.07021794	      0.05098280	      0.35406718	      0.06210183	      0.31287577	      0.03841812	      0.09615363	      0.08405450	      0.23696513	     18.04666335
      0.48300000	     -0.32185755	      0.47773674	      0.81969962	      0.41111399	     -0.37221861	     -1.06659729	      0.73675326	      0.14342321	     -0.10715863	     -0.12161082	      1.24818035	     -0.39608093	     -0.97680434	     -1.89110630	     -1.17818616	      0.65286922	      1.70534875	      0.24710185	     -0.05156995	      0.08564532	      0.07581587	      0.10325512	      0.02242569	      0.08588761	     -0.02364847	      0.10210265	     -0.01022878	      0.04915341	     -0.01085612	      0.05145922	      0.08285354	      0.07343033	      0.03428656	      0.09012035	      0.07638901	      0.06835810	      0.10948136	      0.11207561	      0.06916469	      0.05098234	      0.35491884	      0.06210648	      0.31493314	      0.03841196	      0.09537547	      0.08405444	      0.23696513	     18.05160417
      0.48400000	     -0.32198019	      0.47898551	      0.81930314	      0.41012865	     -0.37410767	     -1.06775330	      0.73740253	      0.14489633	     -0.10691268	     -0.12365364	      1.24934907	     -0.39687489	     -0.99389546	     -1.88702906	     -1.13354237	      0.64592525	      1.24920768	      0.24713934	     -0.05169870	      0.08557723	      0.07558938	      0.10321231	      0.02212862	      0.08593205	     -0.02377722	      0.10214479	     -0.01035753	      0.04916693	     -0.01098487	      0.05151660	      0.08277689	      0.07335931	      0.03381743	      0.09005692	      0.07522594	      0.06835339	      0.10948137	      0.11212659	      0.06812991	      0.05098189	      0.35577001	      0.06211110	      0.31699772	      0.03840578	      0.09459509	      0.08405448	      0.23696513	     18.05643493
      0.48500000	     -0.32210483	      0.48023546	      0.81890586	      0.40912573	     -0.37599281	     -1.06886264	      0.73804495	      0.14596712	     -0.10666794	     -0.12562702	      1.25055151	     -0.39768939	     -1.01220242	     -1.88330725	     -1.08427667	      0.63898829	      0.91531429	      0.24235538	     -0.05182745	      0.08550917	      0.07535730	      0.10316849	      0.02183573	      0.08597728	     -0.02390597	      0.10218532	     -0.01048628	      0.04918286	     -0.01111362	      0.05157141	      0.08270396	      0.07329039	      0.03335531	      0.08999357	      0.07408378	      0.06834877	      0.10948137	      0.11217740	      0.06711319	      0.05098146	      0.35662000	      0.06211568	      0.31906846	      0.03839958	      0.09381257	      0.08405464	      0.23696513	     18.06116421
      0.48600000	     -0.32223141	      0.48148663	      0.81850775	      0.40810373	     -0.37787441	     -1.06992023	      0.73868071	      0.14676923	     -0.10642727	     -0.12752689	      1.25178611	     -0.39854147	     -1.03200645	     -1.87988500	     -1.03022855	      0.63310361	      0.70712039	      0.24527507	     -0.05195620	      0.08544115	      0.07511941	      0.10312369	      0.02154695	      0.08602330	     -0.02403472	      0.10222418	     -0.01061503	      0.04919942	     -0.01124237	      0.05162149	      0.08262531	      0.07322558	      0.03290007	      0.08993029	      0.07296206	      0.06834425	      0.10948137	      0.11222802	      0.06611414	      0.05098104	      0.35746892	      0.06212023	      0.32114593	      0.03839337	      0.09302790	      0.08405491	      0.23696513	     18.06579592
      0.48700000	     -0.32235984	      0.48273905	      0.81810877	      0.40706122	     -0.37975280	     -1.07092185	      0.73931052	      0.14741106	     -0.10618710	     -0.12932028	      1.25307053	     -0.39942431	     -1.05318619	     -1.87693928	     -0.97254336	      0.62677613	      0.58812480	      0.23745524	     -0.05208495	      0.08537317	      0.07487549	      0.10307792	      0.02126222	      0.08607008	     -0.02416347	      0.10226123	     -0.01074378	      0.04921559	     -0.01137112	      0.05166623	      0.08252454	      0.07316564	      0.03245159	      0.08986712	      0.07186032	      0.06833983	      0.10948137	      0.11227847	      0.06513238	      0.05098063	      0.35831621	      0.06212474	      0.32322932	      0.03838713	      0.09224113	      0.08405531	      0.23696513	     18.07034138
      0.48800000	     -0.32249003	      0.48399278	      0.81770889	      0.40599704	     -0.38162838	     -1.07186454	      0.73993447	      0.14796328	     -0.10595128	     -0.13105523	      1.25437896	     -0.40034835	     -1.07530734	     -1.87424455	     -0.91250963	      0.62139415	      0.52302415	      0.23684788	     -0.05221370	      0.08530522	      0.07462548	      0.10303117	      0.02098147	      0.08611767	     -0.02429222	      0.10229638	     -0.01087253	      0.04923093	     -0.01149987	      0.05170591	      0.08238617	      0.07311059	      0.03200976	      0.08980405	      0.07077811	      0.06833549	      0.10948137	      0.11232874	      0.06416754	      0.05098024	      0.35916199	      0.06212920	      0.32531928	      0.03838087	      0.09145225	      0.08405585	      0.23696513	     18.07480262
      0.48900000	     -0.32262192	      0.48524782	      0.81730806	      0.40491035	     -0.38350143	     -1.07274632	      0.74055310	      0.14846714	     -0.10571746	     -0.13272179	      1.25571815	     -0.40130496	     -1.09816973	     -1.87187990	     -0.85083314	      0.61594233	      0.48839934	      0.23124546	     -0.05234245	      0.08523730	      0.07436944	      0.10298342	      0.02070464	      0.08616609	     -0.02442097	      0.10232953	     -0.01100128	      0.04924533	     -0.01162862	      0.05174117	      0.08220110	      0.07306012	      0.03157446	      0.08974109	      0.06971501	      0.06833125	      0.10948137	      0.11237884	      0.06321926	      0.05097985	      0.36000547	      0.06213363	      0.32741466	      0.03837458	      0.09066136	      0.08405652	      0.23696513	     18.07918804
      0.49000000	     -0.32275546	      0.48650422	      0.81690627	      0.40380053	     -0.38537222	     -1.07356581	      0.74116650	      0.14894561	     -0.10548813	     -0.13435495	      1.25706999	     -0.40229842	     -1.12150835	     -1.86968380	     -0.78799614	      0.61130602	      0.47057295	      0.23242562	     -0.05247120	      0.08516942	      0.07410763	      0.10293463	      0.02043168	      0.08621537	     -0.02454972	      0.10236060	     -0.01113003	      0.04925887	     -0.01175737	      0.05177276	      0.08196687	      0.07301380	      0.03114559	      0.08967824	      0.06867059	      0.06832708	      0.10948137	      0.11242878	      0.06228719	      0.05097946	      0.36084666	      0.06213801	      0.32951593	      0.03836827	      0.08986843	      0.08405734	      0.23696513	     18.08349977
      0.49100000	     -0.32289061	      0.48776198	      0.81650346	      0.40266717	     -0.38724094	     -1.07432195	      0.74177519	      0.14941126	     -0.10526026	     -0.13593564	      1.25844621	     -0.40331780	     -1.14526441	     -1.86777440	     -0.72414927	      0.60625625	      0.46181572	      0.22518102	     -0.05259995	      0.08510157	      0.07384047	      0.10288477	      0.02016252	      0.08626554	     -0.02467847	      0.10238956	     -0.01125878	      0.04927168	     -0.01188612	      0.05180137	      0.08168715	      0.07297119	      0.03072303	      0.08961550	      0.06764444	      0.06832300	      0.10948137	      0.11247856	      0.06137099	      0.05097909	      0.36168502	      0.06214234	      0.33162247	      0.03836193	      0.08907354	      0.08405832	      0.23696513	     18.08774543
      0.49200000	     -0.32302732	      0.48902111	      0.81609962	      0.40150992	     -0.38910781	     -1.07501383	      0.74237916	      0.14987079	     -0.10503690	     -0.13750063	      1.25982749	     -0.40436896	     -1.16924400	     -1.86597359	     -0.65949236	      0.60190315	      0.45778210	      0.22408952	     -0.05272870	      0.08503375	      0.07356847	      0.10283381	      0.01989711	      0.08631663	     -0.02480722	      0.10241636	     -0.01138753	      0.04928392	     -0.01201487	      0.05182758	      0.08137001	      0.07293184	      0.03030668	      0.08955287	      0.06663616	      0.06831901	      0.10948138	      0.11252820	      0.06047033	      0.05097872	      0.36252055	      0.06214663	      0.33373477	      0.03835556	      0.08827668	      0.08405946	      0.23696513	     18.09192544
      0.49300000	     -0.32316559	      0.49028164	      0.81569472	      0.40032860	     -0.39097297	     -1.07564067	      0.74297877	      0.15032757	     -0.10481589	     -0.13903634	      1.26122221	     -0.40544400	     -1.19342047	     -1.86436499	     -0.59405569	      0.59738334	      0.45600130	      0.21835747	     -0.05285745	      0.08496597	      0.07329218	      0.10278174	      0.01963538	      0.08636864	     -0.02493597	      0.10244098	     -0.01151628	      0.04929575	     -0.01214362	      0.05185189	      0.08102537	      0.07289539	      0.02989644	      0.08949035	      0.06564538	      0.06831509	      0.10948138	      0.11257768	      0.05958488	      0.05097836	      0.36335246	      0.06215086	      0.33585168	      0.03834915	      0.08747795	      0.08406076	      0.23696513	     18.09604541
      0.49400000	     -0.32330539	      0.49154356	      0.81528872	      0.39912305	     -0.39283658	     -1.07620172	      0.74357403	      0.15078306	     -0.10459958	     -0.14057030	      1.26261589	     -0.40654742	     -1.21765860	     -1.86281494	     -0.52796359	      0.59354494	      0.45504807	      0.21921096	     -0.05298620	      0.08489822	      0.07301212	      0.10272852	      0.01937729	      0.08642160	     -0.02506472	      0.10246339	     -0.01164503	      0.04930733	     -0.01227237	      0.05187468	      0.08066352	      0.07286147	      0.02949221	      0.08942795	      0.06467170	      0.06831125	      0.10948138	      0.11262703	      0.05871433	      0.05097800	      0.36418102	      0.06215505	      0.33797420	      0.03834271	      0.08667730	      0.08406224	      0.23696513	     18.10010581
      0.49500000	     -0.32344672	      0.49280688	      0.81488162	      0.39789323	     -0.39469871	     -1.07669635	      0.74416533	      0.15123765	     -0.10438499	     -0.14207903	      1.26402206	     -0.40766985	     -1.24198177	     -1.86145550	     -0.46121228	      0.58923163	      0.45407361	      0.21180106	     -0.05311495	      0.08483051	      0.07272876	      0.10267414	      0.01912277	      0.08647551	     -0.02519347	      0.10248358	     -0.01177378	      0.04931881	     -0.01240112	      0.05189626	      0.08029431	      0.07282978	      0.02909387	      0.08936566	      0.06371478	      0.06830748	      0.10948138	      0.11267624	      0.05785837	      0.05097765	      0.36500545	      0.06215918	      0.34010112	      0.03833624	      0.08587485	      0.08406390	      0.23696513	     18.10411242
      0.49600000	     -0.32358955	      0.49407160	      0.81447338	      0.39663910	     -0.39655951	     -1.07712396	      0.74475261	      0.15169102	     -0.10417514	     -0.14359441	      1.26542359	     -0.40881812	     -1.26625697	     -1.86012768	     -0.39394897	      0.58554694	      0.45254944	      0.21067056	     -0.05324370	      0.08476283	      0.07244239	      0.10261859	      0.01887178	      0.08653038	     -0.02532222	      0.10250153	     -0.01190253	      0.04933029	     -0.01252987	      0.05191687	      0.07992507	      0.07280003	      0.02870134	      0.08930348	      0.06277425	      0.06830379	      0.10948138	      0.11272531	      0.05701670	      0.05097730	      0.36582564	      0.06216326	      0.34223256	      0.03832973	      0.08507062	      0.08406574	      0.23696513	     18.10806458
      0.49700000	     -0.32373390	      0.49533773	      0.81406398	      0.39536071	     -0.39841904	     -1.07748408	      0.74533617	      0.15214244	     -0.10396767	     -0.14509727	      1.26683143	     -0.40998513	     -1.29050586	     -1.85893864	     -0.32620220	      0.58158453	      0.45011393	      0.20402994	     -0.05337245	      0.08469518	      0.07215312	      0.10256185	      0.01862425	      0.08658621	     -0.02545097	      0.10251722	     -0.01203128	      0.04934191	     -0.01265862	      0.05193670	      0.07955949	      0.07277199	      0.02831452	      0.08924140	      0.06184977	      0.06830016	      0.10948138	      0.11277426	      0.05618904	      0.05097695	      0.36664077	      0.06216728	      0.34436713	      0.03832318	      0.08426474	      0.08406777	      0.23696513	     18.11196695
      0.49800000	     -0.32387975	      0.49660526	      0.81365340	      0.39405813	     -0.40027739	     -1.07777626	      0.74591597	      0.15259086	     -0.10376511	     -0.14661329	      1.26823167	     -0.41117677	     -1.31462234	     -1.85776005	     -0.25812743	      0.57825593	      0.44648739	      0.20398547	     -0.05350120	      0.08462757	      0.07186093	      0.10250391	      0.01838014	      0.08664299	     -0.02557972	      0.10253063	     -0.01216003	      0.04935374	     -0.01278737	      0.05195587	      0.07919881	      0.07274544	      0.02793332	      0.08917944	      0.06094099	      0.06829661	      0.10948138	      0.11282309	      0.05537509	      0.05097661	      0.36745110	      0.06217125	      0.34650550	      0.03831659	      0.08345721	      0.08407000	      0.23696513	     18.11581918
      0.49900000	     -0.32402711	      0.49787420	      0.81324162	      0.39273148	     -0.40213463	     -1.07800022	      0.74649234	      0.15303494	     -0.10356485	     -0.14811962	      1.26963709	     -0.41238574	     -1.33864575	     -1.85671652	     -0.18976874	      0.57456643	      0.44141810	      0.19739808	     -0.05362995	      0.08455999	      0.07156575	      0.10244478	      0.01813939	      0.08670074	     -0.02570847	      0.10254175	     -0.01228878	      0.04936588	     -0.01291612	      0.05197450	      0.07884301	      0.07272021	      0.02755764	      0.08911759	      0.06004760	      0.06829312	      0.10948138	      0.11287179	      0.05457459	      0.05097628	      0.36825584	      0.06217516	      0.34864627	      0.03830997	      0.08264816	      0.08407242	      0.23696513	     18.11962592
      0.50000000	     -0.32417599	      0.49914454	      0.81282862	      0.39138089	     -0.40399084	     -1.07815575	      0.74706519	      0.15347313	     -0.10336967	     -0.14964329	      1.27103293	     -0.41361890	     -1.36247198	     -1.85567123	     -0.12130864	      0.57152319	      0.43465523	      0.19770979	     -0.05375870	      0.08449245	      0.07126745	      0.10238445	      0.01790196	      0.08675944	     -0.02583722	      0.10255057	     -0.01241753	      0.04937838	     -0.01304487	      0.05199266	      0.07849152	      0.07269616	      0.02718739	      0.08905585	      0.05916927	      0.06828970	      0.10948138	      0.11292037	      0.05378726	      0.05097595	      0.36905496	      0.06217901	      0.35078946	      0.03830330	      0.08183764	      0.08407505	      0.23696513	     18.12338643
      0.50100000	     -0.32432639	      0.50041627	      0.81241438	      0.39000656	     -0.40584607	     -1.07824280	      0.74763489	      0.15390360	     -0.10317664	     -0.15115744	      1.27243403	     -0.41486850	     -1.38615719	     -1.85476829	     -0.05280372	      0.56801963	      0.42593334	      0.19009089	     -0.05388745	      0.08442494	      0.07096593	      0.10232291	      0.01766779	      0.08681909	     -0.02596597	      0.10255706	     -0.01254628	      0.04939131	     -0.01317362	      0.05201038	      0.07814365	      0.07267318	      0.02682249	      0.08899421	      0.05830569	      0.06828635	      0.10948138	      0.11296884	      0.05301284	      0.05097562	      0.36984778	      0.06218281	      0.35293376	      0.03829658	      0.08102580	      0.08407788	      0.23696513	     18.12710554
      0.50200000	     -0.32447831	      0.50168940	      0.81199888	      0.38860865	     -0.40770039	     -1.07826141	      0.74820133	      0.15432425	     -0.10298871	     -0.15268966	      1.27382520	     -0.41614201	     -1.40960042	     -1.85386658	      0.01554067	      0.56511793	      0.41497012	      0.18881454	     -0.05401620	      0.08435746	      0.07066110	      0.10226019	      0.01743684	      0.08687967	     -0.02609472	      0.10256123	     -0.01267503	      0.04940469	     -0.01330237	      0.05202769	      0.07779877	      0.07265118	      0.02646284	      0.08893269	      0.05745656	      0.06828306	      0.10948138	      0.11301719	      0.05225108	      0.05097529	      0.37063452	      0.06218655	      0.35507965	      0.03828982	      0.08021264	      0.08408092	      0.23696513	     18.13078235
      0.50300000	     -0.32463176	      0.50296393	      0.81158209	      0.38718741	     -0.40955387	     -1.07821179	      0.74876483	      0.15473269	     -0.10280361	     -0.15421835	      1.27521830	     -0.41743369	     -1.43284680	     -1.85308141	      0.08363326	      0.56195765	      0.40146747	      0.18220777	     -0.05414495	      0.08429002	      0.07035289	      0.10219627	      0.01720905	      0.08694119	     -0.02622347	      0.10256307	     -0.01280378	      0.04941856	     -0.01343112	      0.05204459	      0.07745632	      0.07263010	      0.02610837	      0.08887127	      0.05662158	      0.06827983	      0.10948138	      0.11306543	      0.05150172	      0.05097497	      0.37141459	      0.06219022	      0.35722596	      0.03828302	      0.07939831	      0.08408418	      0.23696513	     18.13442096
      0.50400000	     -0.32478675	      0.50423984	      0.81116400	      0.38574304	     -0.41140657	     -1.07809429	      0.74932534	      0.15512623	     -0.10262375	     -0.15576542	      1.27660116	     -0.41874983	     -1.45581623	     -1.85230000	      0.15126147	      0.55940475	      0.38511933	      0.18200987	     -0.05427370	      0.08422262	      0.07004123	      0.10213117	      0.01698438	      0.08700363	     -0.02635222	      0.10256257	     -0.01293253	      0.04943291	     -0.01355987	      0.05206107	      0.07711592	      0.07260990	      0.02575898	      0.08880996	      0.05580047	      0.06827665	      0.10948138	      0.11311355	      0.05076452	      0.05097465	      0.37218805	      0.06219384	      0.35937277	      0.03827617	      0.07858286	      0.08408765	      0.23696513	     18.13802105
      0.50500000	     -0.32494328	      0.50551713	      0.81074459	      0.38427582	     -0.41325856	     -1.07790944	      0.74988319	      0.15550188	     -0.10244644	     -0.15730439	      1.27798820	     -0.42008389	     -1.47857188	     -1.85166167	      0.21832288	      0.55644450	      0.36562044	      0.17427628	     -0.05440245	      0.08415524	      0.06972611	      0.10206490	      0.01676279	      0.08706699	     -0.02648097	      0.10255974	     -0.01306128	      0.04944775	     -0.01368862	      0.05207710	      0.07677725	      0.07259057	      0.02541460	      0.08874876	      0.05499295	      0.06827354	      0.10948138	      0.11316157	      0.05003925	      0.05097433	      0.37295435	      0.06219740	      0.36151897	      0.03826927	      0.07776644	      0.08409135	      0.23696513	     18.14158713
      0.50600000	     -0.32510136	      0.50679581	      0.81032383	      0.38278599	     -0.41510991	     -1.07765791	      0.75043833	      0.15585633	     -0.10227449	     -0.15886005	      1.27936561	     -0.42144334	     -1.50103136	     -1.85103713	      0.28458164	      0.55408408	      0.34294335	      0.17276101	     -0.05453120	      0.08408791	      0.06940753	      0.10199746	      0.01654422	      0.08713124	     -0.02660972	      0.10255458	     -0.01319003	      0.04946305	     -0.01381737	      0.05209263	      0.07644012	      0.07257212	      0.02507515	      0.08868767	      0.05419874	      0.06827048	      0.10948138	      0.11320948	      0.04932567	      0.05097401	      0.37371379	      0.06220090	      0.36366510	      0.03826233	      0.07694906	      0.08409527	      0.23696513	     18.14511860
      0.50700000	     -0.32526099	      0.50807587	      0.80990169	      0.38127381	     -0.41696070	     -1.07734053	      0.75099107	      0.15618769	     -0.10210566	     -0.16040833	      1.28074631	     -0.42282304	     -1.52327998	     -1.85054864	      0.35000925	      0.55147647	      0.31975350	      0.16566621	     -0.05465995	      0.08402060	      0.06908548	      0.10192887	      0.01632864	      0.08719639	     -0.02673847	      0.10254713	     -0.01331878	      0.04947878	     -0.01394612	      0.05210761	      0.07610441	      0.07255455	      0.02474054	      0.08862669	      0.05341758	      0.06826748	      0.10948138	      0.11325729	      0.04862356	      0.05097370	      0.37446586	      0.06220434	      0.36581009	      0.03825533	      0.07613086	      0.08409941	      0.23696513	     18.14861962
      0.50800000	     -0.32542218	      0.50935730	      0.80947817	      0.37973952	     -0.41881104	     -1.07695824	      0.75154137	      0.15649565	     -0.10194261	     -0.16197233	      1.28211740	     -0.42423013	     -1.54524078	     -1.85007532	      0.41435176	      0.54956857	      0.29599957	      0.16606295	     -0.05478870	      0.08395333	      0.06876001	      0.10185913	      0.01611600	      0.08726241	     -0.02686722	      0.10253739	     -0.01344753	      0.04949489	     -0.01407487	      0.05212199	      0.07577005	      0.07253791	      0.02441070	      0.08856582	      0.05264921	      0.06826454	      0.10948138	      0.11330499	      0.04793269	      0.05097339	      0.37521073	      0.06220772	      0.36795421	      0.03824829	      0.07531190	      0.08410379	      0.23696513	     18.15208990
      0.50900000	     -0.32558492	      0.51064011	      0.80905323	      0.37818337	     -0.42066097	     -1.07651222	      0.75208964	      0.15677922	     -0.10178217	     -0.16352035	      1.28349605	     -0.42565718	     -1.56698850	     -1.84978293	      0.47745345	      0.54717548	      0.27084309	      0.15731786	     -0.05491745	      0.08388610	      0.06843116	      0.10178826	      0.01590625	      0.08732929	     -0.02699597	      0.10252539	     -0.01357628	      0.04951135	     -0.01420362	      0.05213572	      0.07543702	      0.07252220	      0.02408556	      0.08850506	      0.05189337	      0.06826164	      0.10948138	      0.11335259	      0.04725285	      0.05097308	      0.37594791	      0.06221104	      0.37009638	      0.03824119	      0.07449231	      0.08410841	      0.23696513	     18.15553450
      0.51000000	     -0.32574922	      0.51192429	      0.80862685	      0.37660564	     -0.42251063	     -1.07600385	      0.75263584	      0.15703656	     -0.10162719	     -0.16507731	      1.28486835	     -0.42711179	     -1.58843204	     -1.84954190	      0.53899818	      0.54530478	      0.24336788	      0.15343924	     -0.05504620	      0.08381890	      0.06809899	      0.10171626	      0.01569935	      0.08739703	     -0.02712472	      0.10251118	     -0.01370503	      0.04952812	     -0.01433237	      0.05214877	      0.07510537	      0.07250747	      0.02376503	      0.08844440	      0.05114983	      0.06825880	      0.10948138	      0.11340009	      0.04658383	      0.05097277	      0.37667764	      0.06221429	      0.37223700	      0.03823404	      0.07367214	      0.08411326	      0.23696513	     18.15895313
      0.51100000	     -0.32591508	      0.51320985	      0.80819900	      0.37500661	     -0.42436009	     -1.07543482	      0.75318030	      0.15726486	     -0.10147552	     -0.16662078	      1.28624634	     -0.42858925	     -1.60961748	     -1.84946924	      0.59876711	      0.54314712	      0.21260932	      0.14289483	     -0.05517495	      0.08375173	      0.06776356	      0.10164314	      0.01549526	      0.08746561	     -0.02725347	      0.10249479	     -0.01383378	      0.04954514	     -0.01446112	      0.05216108	      0.07477516	      0.07249375	      0.02344905	      0.08838386	      0.05041833	      0.06825601	      0.10948138	      0.11344749	      0.04592543	      0.05097246	      0.37739944	      0.06221748	      0.37437497	      0.03822684	      0.07285154	      0.08411835	      0.23696513	     18.16235002
      0.51200000	     -0.32608248	      0.51449678	      0.80776966	      0.37338656	     -0.42620950	     -1.07480707	      0.75372295	      0.15746035	     -0.10133074	     -0.16818205	      1.28761255	     -0.43009907	     -1.63043484	     -1.84940138	      0.65638232	      0.54196605	      0.17757001	      0.14351050	     -0.05530370	      0.08368460	      0.06742495	      0.10156892	      0.01529395	      0.08753502	     -0.02738222	      0.10247628	     -0.01396253	      0.04956234	     -0.01458987	      0.05217260	      0.07444651	      0.07248110	      0.02313754	      0.08832342	      0.04969864	      0.06825327	      0.10948138	      0.11349480	      0.04527745	      0.05097215	      0.37811362	      0.06222061	      0.37651084	      0.03821958	      0.07203053	      0.08412369	      0.23696513	     18.16572441
      0.51300000	     -0.32625144	      0.51578507	      0.80733879	      0.37174584	     -0.42805894	     -1.07412286	      0.75426422	      0.15761823	     -0.10118962	     -0.16972792	      1.28898484	     -0.43163421	     -1.65096191	     -1.84951062	      0.71159967	      0.54056628	      0.13721371	      0.13817166	     -0.05543245	      0.08361750	      0.06708323	      0.10149361	      0.01509536	      0.08760525	     -0.02751097	      0.10245570	     -0.01409128	      0.04957963	     -0.01471862	      0.05218325	      0.07411953	      0.07246958	      0.02283044	      0.08826309	      0.04899054	      0.06825058	      0.10948138	      0.11354202	      0.04463968	      0.05097184	      0.37881972	      0.06222368	      0.37864353	      0.03821227	      0.07120926	      0.08412928	      0.23696513	     18.16908162
      0.51400000	     -0.32642193	      0.51707475	      0.80690638	      0.37008475	     -0.42990856	     -1.07338479	      0.75480415	      0.15773264	     -0.10105439	     -0.17127604	      1.29035311	     -0.43320112	     -1.67112909	     -1.84970326	      0.76401666	      0.53971546	      0.09043200	      0.13770396	     -0.05556120	      0.08355044	      0.06673848	      0.10141723	      0.01489946	      0.08767627	     -0.02763972	      0.10243313	     -0.01422003	      0.04959692	     -0.01484737	      0.05219294	      0.07379441	      0.07245930	      0.02252766	      0.08820287	      0.04829380	      0.06824794	      0.10948138	      0.11358914	      0.04401194	      0.05097153	      0.37951793	      0.06222668	      0.38077328	      0.03820490	      0.07038780	      0.08413512	      0.23696513	     18.17242231
      0.51500000	     -0.32659397	      0.51836579	      0.80647238	      0.36840365	     -0.43175848	     -1.07259584	      0.75534314	      0.15779654	     -0.10092252	     -0.17279893	      1.29173191	     -0.43479497	     -1.69099794	     -1.85012037	      0.81330803	      0.53847829	      0.03596342	      0.12845509	     -0.05568995	      0.08348341	      0.06639078	      0.10133978	      0.01470621	      0.08774808	     -0.02776847	      0.10240864	     -0.01434878	      0.04961407	     -0.01497612	      0.05220157	      0.07347135	      0.07245038	      0.02222916	      0.08814276	      0.04760820	      0.06824534	      0.10948138	      0.11363618	      0.04339404	      0.05097122	      0.38020778	      0.06222961	      0.38289900	      0.03819746	      0.06956629	      0.08414121	      0.23696513	     18.17575136
      0.51600000	     -0.32676753	      0.51965821	      0.80603678	      0.36670288	     -0.43360885	     -1.07175938	      0.75588124	      0.15780149	     -0.10079676	     -0.17431815	      1.29310890	     -0.43642384	     -1.71048703	     -1.85064648	      0.85898400	      0.53780117	     -0.02776148	      0.12389380	     -0.05581870	      0.08341641	      0.06604023	      0.10126127	      0.01451557	      0.08782066	     -0.02789722	      0.10238234	     -0.01447753	      0.04963092	     -0.01510487	      0.05220899	      0.07315059	      0.07244297	      0.02193485	      0.08808276	      0.04693353	      0.06824278	      0.10948138	      0.11368314	      0.04278580	      0.05097092	      0.38088959	      0.06223248	      0.38502115	      0.03818997	      0.06874478	      0.08414757	      0.23696513	     18.17906927
      0.51700000	     -0.32694260	      0.52095201	      0.80559952	      0.36498279	     -0.43545983	     -1.07087922	      0.75641876	      0.15773743	     -0.10067573	     -0.17581529	      1.29449345	     -0.43808620	     -1.72964961	     -1.85137139	      0.90068693	      0.53716463	     -0.10049675	      0.11625214	     -0.05594745	      0.08334945	      0.06568690	      0.10118173	      0.01432751	      0.08789400	     -0.02802597	      0.10235433	     -0.01460628	      0.04964727	     -0.01523362	      0.05221505	      0.07283240	      0.07243725	      0.02164468	      0.08802286	      0.04626959	      0.06824027	      0.10948138	      0.11373001	      0.04218704	      0.05097061	      0.38156288	      0.06223529	      0.38713863	      0.03818242	      0.06792343	      0.08415419	      0.23696513	     18.18238021
      0.51800000	     -0.32711916	      0.52224720	      0.80516059	      0.36324364	     -0.43731163	     -1.06995924	      0.75695588	      0.15760396	     -0.10056103	     -0.17729287	      1.29588311	     -0.43978776	     -1.74864041	     -1.85225574	      0.93864964	      0.53710056	     -0.16404912	      0.11299477	     -0.05607620	      0.08328253	      0.06533089	      0.10110117	      0.01414198	      0.08796807	     -0.02815472	      0.10232474	     -0.01473503	      0.04966293	     -0.01536237	      0.05221958	      0.07251706	      0.07243344	      0.02135858	      0.08796306	      0.04561616	      0.06823781	      0.10948138	      0.11377681	      0.04159759	      0.05097029	      0.38222784	      0.06223803	      0.38925163	      0.03817480	      0.06710229	      0.08416108	      0.23696513	     18.18568609
      0.51900000	     -0.32729717	      0.52354378	      0.80471994	      0.36148553	     -0.43916443	     -1.06900319	      0.75749298	      0.15741456	     -0.10045093	     -0.17872766	      1.29728993	     -0.44152563	     -1.76758052	     -1.85340890	      0.97282657	      0.53695979	     -0.21199268	      0.10438188	     -0.05620495	      0.08321564	      0.06497227	      0.10101960	      0.01395894	      0.08804288	     -0.02828347	      0.10229368	     -0.01486378	      0.04967775	     -0.01549112	      0.05222249	      0.07220484	      0.07243167	      0.02107648	      0.08790337	      0.04497305	      0.06823539	      0.10948138	      0.11382353	      0.04101727	      0.05096998	      0.38288396	      0.06224070	      0.39135889	      0.03816711	      0.06628153	      0.08416825	      0.23696513	     18.18899180
      0.52000000	     -0.32747661	      0.52484178	      0.80427752	      0.35970852	     -0.44101848	     -1.06801494	      0.75803021	      0.15718568	     -0.10034763	     -0.18013670	      1.29870436	     -0.44330516	     -1.78642418	     -1.85473858	      1.00299274	      0.53746792	     -0.24289162	      0.10101885	     -0.05633370	      0.08314878	      0.06461114	      0.10093702	      0.01377838	      0.08811840	     -0.02841222	      0.10226130	     -0.01499253	      0.04969167	     -0.01561987	      0.05222377	      0.07189600	      0.07243196	      0.02079833	      0.08784378	      0.04434008	      0.06823300	      0.10948138	      0.11387019	      0.04044592	      0.05096966	      0.38353161	      0.06224330	      0.39346098	      0.03815936	      0.06546120	      0.08417569	      0.23696513	     18.19229909
      0.52100000	     -0.32765743	      0.52614119	      0.80383331	      0.35791271	     -0.44287399	     -1.06699857	      0.75856798	      0.15693441	     -0.10024943	     -0.18150228	      1.30013616	     -0.44512152	     -1.80520728	     -1.85633834	      1.02905981	      0.53796427	     -0.25692401	      0.09309295	     -0.05646245	      0.08308196	      0.06424756	      0.10085345	      0.01360024	      0.08819464	     -0.02854097	      0.10222771	     -0.01512128	      0.04970472	     -0.01574862	      0.05222351	      0.07159081	      0.07243426	      0.02052406	      0.08778428	      0.04371704	      0.06823066	      0.10948138	      0.11391678	      0.03988338	      0.05096934	      0.38417037	      0.06224584	      0.39555688	      0.03815154	      0.06464146	      0.08418341	      0.23696513	     18.19561303
      0.52200000	     -0.32783961	      0.52744205	      0.80338727	      0.35609817	     -0.44473120	     -1.06595823	      0.75910646	      0.15667702	     -0.10015809	     -0.18284115	      1.30157652	     -0.44697716	     -1.82385351	     -1.85812544	      1.05092204	      0.53900960	     -0.25541947	      0.08899081	     -0.05659120	      0.08301517	      0.06388163	      0.10076888	      0.01342449	      0.08827158	     -0.02866972	      0.10219306	     -0.01525003	      0.04971698	     -0.01587737	      0.05222189	      0.07128959	      0.07243838	      0.02025362	      0.08772489	      0.04310375	      0.06822836	      0.10948138	      0.11396331	      0.03932948	      0.05096902	      0.38480046	      0.06224830	      0.39764679	      0.03814365	      0.06382236	      0.08419143	      0.23696513	     18.19893576
      0.52300000	     -0.32802310	      0.52874435	      0.80293935	      0.35426505	     -0.44659031	     -1.06489812	      0.75964606	      0.15642812	     -0.10007186	     -0.18413772	      1.30303451	     -0.44886552	     -1.84237477	     -1.86018839	      1.06863769	      0.53991597	     -0.24028508	      0.07846652	     -0.05671995	      0.08294842	      0.06351343	      0.10068333	      0.01325110	      0.08834922	     -0.02879847	      0.10215749	     -0.01537878	      0.04972861	     -0.01600612	      0.05221913	      0.07099267	      0.07244410	      0.01998694	      0.08766558	      0.04250004	      0.06822610	      0.10948138	      0.11400979	      0.03878408	      0.05096869	      0.38542115	      0.06225069	      0.39972899	      0.03813568	      0.06300412	      0.08419973	      0.23696513	     18.20227237
      0.52400000	     -0.32820789	      0.53004811	      0.80248952	      0.35241352	     -0.44845157	     -1.06382235	      0.76018689	      0.15620033	     -0.09999360	     -0.18542083	      1.30449511	     -0.45079013	     -1.86065572	     -1.86238504	      1.08224732	      0.54161954	     -0.21351156	      0.07571430	     -0.05684870	      0.08288170	      0.06314303	      0.10059679	      0.01308003	      0.08842756	     -0.02892722	      0.10212114	     -0.01550753	      0.04973977	     -0.01613487	      0.05221547	      0.07070046	      0.07245112	      0.01972396	      0.08760637	      0.04190572	      0.06822388	      0.10948138	      0.11405622	      0.03824701	      0.05096836	      0.38603263	      0.06225302	      0.40180362	      0.03812764	      0.06218682	      0.08420834	      0.23696513	     18.20562404
      0.52500000	     -0.32839394	      0.53135335	      0.80203776	      0.35054381	     -0.45031516	     -1.06273491	      0.76072934	      0.15600437	     -0.09992125	     -0.18667271	      1.30596886	     -0.45274266	     -1.87872056	     -1.86481750	      1.09199858	      0.54331979	     -0.17689956	      0.06873887	     -0.05697745	      0.08281502	      0.06277054	      0.10050926	      0.01291125	      0.08850658	     -0.02905597	      0.10208415	     -0.01563628	      0.04975067	     -0.01626362	      0.05221121	      0.07041346	      0.07245911	      0.01946464	      0.08754724	      0.04132063	      0.06822169	      0.10948138	      0.11410260	      0.03771814	      0.05096803	      0.38663450	      0.06225527	      0.40386963	      0.03811952	      0.06137062	      0.08421725	      0.23696513	     18.20899598
      0.52600000	     -0.32858123	      0.53266006	      0.80158403	      0.34865617	     -0.45218127	     -1.06163955	      0.76127361	      0.15584930	     -0.09985627	     -0.18790864	      1.30744831	     -0.45472246	     -1.89650436	     -1.86741525	      1.09813955	      0.54544127	     -0.13199164	      0.06405178	     -0.05710620	      0.08274837	      0.06239602	      0.10042077	      0.01274473	      0.08858628	     -0.02918472	      0.10204667	     -0.01576503	      0.04976153	     -0.01639237	      0.05220664	      0.07013222	      0.07246770	      0.01920891	      0.08748820	      0.04074460	      0.06821954	      0.10948138	      0.11414894	      0.03719731	      0.05096768	      0.38722707	      0.06225744	      0.40592743	      0.03811132	      0.06055559	      0.08422647	      0.23696513	     18.21239049
      0.52700000	     -0.32876974	      0.53396825	      0.80112831	      0.34675088	     -0.45405009	     -1.06053970	      0.76182003	      0.15574271	     -0.09979753	     -0.18911938	      1.30893943	     -0.45672277	     -1.91401911	     -1.87023632	      1.10104686	      0.54751284	     -0.08013595	      0.05447841	     -0.05723495	      0.08268176	      0.06201958	      0.10033131	      0.01258044	      0.08866665	     -0.02931347	      0.10200882	     -0.01589378	      0.04977256	     -0.01652112	      0.05220204	      0.06985742	      0.07247653	      0.01895673	      0.08742924	      0.04017745	      0.06821742	      0.10948138	      0.11419525	      0.03668439	      0.05096734	      0.38780992	      0.06225954	      0.40797590	      0.03810304	      0.05974189	      0.08423601	      0.23696513	     18.21581191
      0.52800000	     -0.32895946	      0.53527794	      0.80067057	      0.34482824	     -0.45592180	     -1.05943841	      0.76236874	      0.15569092	     -0.09974709	     -0.19032520	      1.31043215	     -0.45874382	     -1.93119675	     -1.87318447	      1.10107499	      0.55015721	     -0.02259370	      0.04959104	     -0.05736370	      0.08261518	      0.06164128	      0.10024090	      0.01241834	      0.08874767	     -0.02944222	      0.10197072	     -0.01602253	      0.04978399	     -0.01664987	      0.05219770	      0.06958985	      0.07248521	      0.01870802	      0.08737035	      0.03961904	      0.06821535	      0.10948138	      0.11424153	      0.03617923	      0.05096698	      0.38838305	      0.06226157	      0.41001477	      0.03809467	      0.05892964	      0.08424587	      0.23696513	     18.21926206
      0.52900000	     -0.32915038	      0.53658912	      0.80021082	      0.34288857	     -0.45779656	     -1.05833834	      0.76292011	      0.15569901	     -0.09970332	     -0.19151075	      1.31193576	     -0.46077734	     -1.94807588	     -1.87635012	      1.09870115	      0.55271049	      0.03940991	      0.03908971	     -0.05749245	      0.08254864	      0.06126122	      0.10014954	      0.01225841	      0.08882932	     -0.02957097	      0.10193249	     -0.01615128	      0.04979605	     -0.01677862	      0.05219389	      0.06933025	      0.07249340	      0.01846276	      0.08731155	      0.03906920	      0.06821330	      0.10948138	      0.11428778	      0.03568169	      0.05096663	      0.38894605	      0.06226352	      0.41204292	      0.03808622	      0.05811901	      0.08425607	      0.23696513	     18.22274580
      0.53000000	     -0.32934248	      0.53790181	      0.79974902	      0.34093220	     -0.45967455	     -1.05724167	      0.76347427	      0.15577082	     -0.09966869	     -0.19269888	      1.31343876	     -0.46282422	     -1.96458815	     -1.87962411	      1.09432635	      0.55592030	      0.10463208	      0.03446715	     -0.05762120	      0.08248213	      0.06087944	      0.10005726	      0.01210060	      0.08891161	     -0.02969972	      0.10189422	     -0.01628003	      0.04980896	     -0.01690737	      0.05219088	      0.06907908	      0.07250076	      0.01822087	      0.08725281	      0.03852778	      0.06821129	      0.10948138	      0.11433401	      0.03519165	      0.05096626	      0.38949901	      0.06226539	      0.41406030	      0.03807768	      0.05731011	      0.08426661	      0.23696513	     18.22626476
      0.53100000	     -0.32953576	      0.53921601	      0.79928517	      0.33895947	     -0.46155592	     -1.05615016	      0.76403162	      0.15590895	     -0.09964114	     -0.19386844	      1.31495355	     -0.46487520	     -1.98079452	     -1.88312850	      1.08846502	      0.55895913	      0.17185529	      0.02262916	     -0.05774995	      0.08241566	      0.06049602	      0.09996406	      0.01194490	      0.08899451	     -0.02982847	      0.10185599	     -0.01640878	      0.04982293	     -0.01703612	      0.05218889	      0.06883650	      0.07250697	      0.01798232	      0.08719415	      0.03799463	      0.06820931	      0.10948138	      0.11438022	      0.03470897	      0.05096589	      0.39004148	      0.06226718	      0.41606564	      0.03806904	      0.05650313	      0.08427750	      0.23696513	     18.22982445
      0.53200000	     -0.32973022	      0.54053172	      0.79881926	      0.33697073	     -0.46344086	     -1.05506510	      0.76459231	      0.15611480	     -0.09962304	     -0.19503945	      1.31647005	     -0.46693093	     -1.99663928	     -1.88677004	      1.08152051	      0.56252433	      0.23988045	      0.01417848	     -0.05787870	      0.08234922	      0.06011100	      0.09986996	      0.01179127	      0.08907800	     -0.02995722	      0.10181788	     -0.01653753	      0.04983819	     -0.01716487	      0.05218815	      0.06860239	      0.07251176	      0.01774705	      0.08713556	      0.03746960	      0.06820736	      0.10948138	      0.11442641	      0.03423353	      0.05096551	      0.39057350	      0.06226888	      0.41805874	      0.03806030	      0.05569819	      0.08428875	      0.23696513	     18.23342699
      0.53300000	     -0.32992584	      0.54184895	      0.79835131	      0.33496631	     -0.46532953	     -1.05398733	      0.76515672	      0.15638861	     -0.09961365	     -0.19620088	      1.31799503	     -0.46898519	     -2.01215806	     -1.89062008	      1.07395347	      0.56622528	      0.30759838	      0.00253150	     -0.05800745	      0.08228282	      0.05972442	      0.09977497	      0.01163968	      0.08916208	     -0.03008597	      0.10177993	     -0.01666628	      0.04985493	     -0.01729362	      0.05218886	      0.06837641	      0.07251489	      0.01751501	      0.08707703	      0.03695254	      0.06820545	      0.10948138	      0.11447260	      0.03376520	      0.05096512	      0.39109465	      0.06227050	      0.42003845	      0.03805147	      0.05489547	      0.08430037	      0.23696513	     18.23707742
      0.53400000	     -0.33012262	      0.54316771	      0.79788129	      0.33294654	     -0.46722214	     -1.05291728	      0.76572509	      0.15672956	     -0.09961481	     -0.19736449	      1.31952275	     -0.47103745	     -2.02732228	     -1.89463232	      1.06613836	      0.57054141	      0.37399047	     -0.00536942	     -0.05813620	      0.08221645	      0.05933633	      0.09967911	      0.01149011	      0.08924673	     -0.03021472	      0.10174218	     -0.01679503	      0.04987333	     -0.01742237	      0.05219116	      0.06815804	      0.07251615	      0.01728615	      0.08701858	      0.03644332	      0.06820357	      0.10948138	      0.11451877	      0.03330385	      0.05096473	      0.39160504	      0.06227204	      0.42200471	      0.03804253	      0.05410287	      0.08431237	      0.23696513	     18.24077920
      0.53500000	     -0.33032056	      0.54448800	      0.79740923	      0.33091176	     -0.46911888	     -1.05185500	      0.76629790	      0.15713585	     -0.09962528	     -0.19851007	      1.32106476	     -0.47308037	     -2.04219653	     -1.89893266	      1.05849157	      0.57487288	      0.43816782	     -0.02002166	     -0.05826495	      0.08215012	      0.05894679	      0.09958239	      0.01134252	      0.08933192	     -0.03034347	      0.10170466	     -0.01692378	      0.04989355	     -0.01755112	      0.05219522	      0.06794660	      0.07251536	      0.01706042	      0.08696018	      0.03594181	      0.06820171	      0.10948138	      0.11456495	      0.03284938	      0.05096433	      0.39210405	      0.06227348	      0.42395589	      0.03803348	      0.05332328	      0.08432473	      0.23696513	     18.24453907
      0.53600000	     -0.33051965	      0.54580983	      0.79693513	      0.32886228	     -0.47102003	     -1.05080017	      0.76687543	      0.15760491	     -0.09964827	     -0.19965678	      1.32261109	     -0.47511620	     -2.05673361	     -1.90345102	      1.05129021	      0.58014865	      0.49938812	     -0.02832282	     -0.05839370	      0.08208383	      0.05855584	      0.09948482	      0.01119688	      0.08941766	     -0.03047222	      0.10166737	     -0.01705253	      0.04991573	     -0.01767987	      0.05220114	      0.06774133	      0.07251240	      0.01683779	      0.08690185	      0.03544785	      0.06819989	      0.10948138	      0.11461113	      0.03240165	      0.05096391	      0.39259165	      0.06227483	      0.42589166	      0.03802432	      0.05255645	      0.08433746	      0.23696513	     18.24836121
      0.53700000	     -0.33071987	      0.54713323	      0.79645901	      0.32679838	     -0.47292593	     -1.04975216	      0.76745839	      0.15813345	     -0.09968320	     -0.20077697	      1.32417696	     -0.47713755	     -2.07102113	     -1.90839988	      1.04487920	      0.58596046	      0.55705401	     -0.04084249	     -0.05852245	      0.08201757	      0.05816354	      0.09938643	      0.01105318	      0.08950392	     -0.03060097	      0.10163031	     -0.01718128	      0.04993997	     -0.01780862	      0.05220904	      0.06754140	      0.07250715	      0.01661820	      0.08684357	      0.03496132	      0.06819810	      0.10948138	      0.11465731	      0.03196056	      0.05096349	      0.39306747	      0.06227608	      0.42781092	      0.03801504	      0.05180212	      0.08435054	      0.23696513	     18.25225555
      0.53800000	     -0.33092119	      0.54845819	      0.79598086	      0.32472031	     -0.47483699	     -1.04871006	      0.76804751	      0.15871768	     -0.09973152	     -0.20186802	      1.32576414	     -0.47914218	     -2.08507737	     -1.91379699	      1.03950030	      0.59234260	      0.61071519	     -0.05665335	     -0.05865120	      0.08195134	      0.05776996	      0.09928722	      0.01091138	      0.08959068	     -0.03072972	      0.10159347	     -0.01731003	      0.04996636	     -0.01793737	      0.05221898	      0.06734592	      0.07249955	      0.01640161	      0.08678536	      0.03448210	      0.06819633	      0.10948138	      0.11470350	      0.03152599	      0.05096306	      0.39353148	      0.06227724	      0.42971330	      0.03800563	      0.05106005	      0.08436399	      0.23696513	     18.25623267
      0.53900000	     -0.33112360	      0.54978476	      0.79550073	      0.32262831	     -0.47675363	     -1.04767276	      0.76864334	      0.15935343	     -0.09979521	     -0.20294445	      1.32736517	     -0.48113146	     -2.09887327	     -1.91951733	      1.03531016	      0.59954991	      0.66005265	     -0.06842865	     -0.05877995	      0.08188515	      0.05737517	      0.09918721	      0.01077146	      0.08967795	     -0.03085847	      0.10155682	     -0.01743878	      0.04999495	     -0.01806612	      0.05223101	      0.06715396	      0.07248957	      0.01618797	      0.08672720	      0.03401005	      0.06819460	      0.10948138	      0.11474972	      0.03109783	      0.05096262	      0.39398314	      0.06227828	      0.43159738	      0.03799608	      0.05033001	      0.08437784	      0.23696513	     18.26030092
      0.54000000	     -0.33132707	      0.55111293	      0.79501861	      0.32052262	     -0.47867616	     -1.04663897	      0.76924648	      0.16003628	     -0.09987283	     -0.20399051	      1.32898883	     -0.48310063	     -2.11246715	     -1.92559842	      1.03249553	      0.60681180	      0.70487771	     -0.08629053	     -0.05890870	      0.08181899	      0.05697922	      0.09908641	      0.01063339	      0.08976570	     -0.03098722	      0.10152032	     -0.01756753	      0.05002573	     -0.01819487	      0.05224516	      0.06696458	      0.07247720	      0.01597724	      0.08666909	      0.03354506	      0.06819289	      0.10948138	      0.11479596	      0.03067598	      0.05096217	      0.39442238	      0.06227922	      0.43346274	      0.03798639	      0.04961174	      0.08439209	      0.23696513	     18.26446948
      0.54100000	     -0.33153158	      0.55244274	      0.79453453	      0.31840346	     -0.48060489	     -1.04560729	      0.76985716	      0.16076165	     -0.09996637	     -0.20502623	      1.33062444	     -0.48505343	     -2.12581535	     -1.93189207	      1.03111428	      0.61465463	      0.74510624	     -0.09985723	     -0.05903745	      0.08175288	      0.05658218	      0.09898482	      0.01049714	      0.08985393	     -0.03111597	      0.10148394	     -0.01769628	      0.05005871	     -0.01832362	      0.05226140	      0.06677683	      0.07246246	      0.01576938	      0.08661102	      0.03308699	      0.06819120	      0.10948138	      0.11484223	      0.03026032	      0.05096171	      0.39484856	      0.06228003	      0.43530770	      0.03797655	      0.04890504	      0.08440677	      0.23696513	     18.26874304
      0.54200000	     -0.33173711	      0.55377419	      0.79404851	      0.31627105	     -0.48254003	     -1.04457623	      0.77047574	      0.16152496	     -0.10007454	     -0.20604009	      1.33227826	     -0.48698710	     -2.13896469	     -1.93841913	      1.03126495	      0.62252821	      0.78074324	     -0.11657481	     -0.05916620	      0.08168679	      0.05618414	      0.09888246	      0.01036268	      0.08994262	     -0.03124472	      0.10144763	     -0.01782503	      0.05009384	     -0.01845237	      0.05227968	      0.06658978	      0.07244542	      0.01556434	      0.08655300	      0.03263574	      0.06818955	      0.10948138	      0.11488855	      0.02985076	      0.05096123	      0.39526161	      0.06228073	      0.43713187	      0.03796655	      0.04820967	      0.08442190	      0.23696513	     18.27312782
      0.54300000	     -0.33194366	      0.55510730	      0.79356056	      0.31412560	     -0.48448178	     -1.04354425	      0.77110233	      0.16232163	     -0.10019843	     -0.20704439	      1.33394362	     -0.48890447	     -2.15189388	     -1.94507699	      1.03295534	      0.63074128	      0.81186332	     -0.13007520	     -0.05929495	      0.08162075	      0.05578516	      0.09877934	      0.01023001	      0.09003177	     -0.03137347	      0.10141135	     -0.01795378	      0.05013105	     -0.01858112	      0.05229990	      0.06640253	      0.07242613	      0.01536209	      0.08649503	      0.03219118	      0.06818792	      0.10948138	      0.11493491	      0.02944719	      0.05096074	      0.39566090	      0.06228129	      0.43893363	      0.03795638	      0.04752541	      0.08443749	      0.23696513	     18.27762695
      0.54400000	     -0.33215119	      0.55644208	      0.79307071	      0.31196732	     -0.48643025	     -1.04250979	      0.77173712	      0.16314722	     -0.10033682	     -0.20802913	      1.33562580	     -0.49080388	     -2.16464510	     -1.95188333	      1.03622031	      0.63884773	      0.83859699	     -0.14654494	     -0.05942370	      0.08155473	      0.05538530	      0.09867547	      0.01009908	      0.09012136	     -0.03150222	      0.10137503	     -0.01808253	      0.05017027	     -0.01870987	      0.05232196	      0.06621421	      0.07240470	      0.01516258	      0.08643709	      0.03175320	      0.06818632	      0.10948138	      0.11498132	      0.02904951	      0.05096024	      0.39604608	      0.06228173	      0.44071193	      0.03794604	      0.04685206	      0.08445356	      0.23696513	     18.28224452
      0.54500000	     -0.33235971	      0.55777856	      0.79257896	      0.30979638	     -0.48838557	     -1.04147129	      0.77238006	      0.16399742	     -0.10049097	     -0.20900885	      1.33731680	     -0.49268920	     -2.17719002	     -1.95872813	      1.04101143	      0.64727011	      0.86111861	     -0.15796317	     -0.05955245	      0.08148876	      0.05498465	      0.09857085	      0.00996981	      0.09021133	     -0.03163097	      0.10133863	     -0.01821128	      0.05021138	     -0.01883862	      0.05234570	      0.06602402	      0.07238123	      0.01496577	      0.08637918	      0.03132169	      0.06818474	      0.10948138	      0.11502779	      0.02865763	      0.05095972	      0.39641636	      0.06228202	      0.44246485	      0.03793552	      0.04618941	      0.08447012	      0.23696513	     18.28698157
      0.54600000	     -0.33256920	      0.55911673	      0.79208534	      0.30761297	     -0.49034778	     -1.04042724	      0.77303128	      0.16486812	     -0.10065874	     -0.20996536	      1.33902641	     -0.49455729	     -2.18959152	     -1.96568077	      1.04733891	      0.65528111	      0.87962806	     -0.17548852	     -0.05968120	      0.08142282	      0.05458326	      0.09846550	      0.00984106	      0.09030098	     -0.03175972	      0.10130210	     -0.01834003	      0.05025428	     -0.01896737	      0.05237097	      0.06583122	      0.07235583	      0.01477162	      0.08632131	      0.03089654	      0.06818318	      0.10948138	      0.11507431	      0.02827144	      0.05095920	      0.39677141	      0.06228218	      0.44419138	      0.03792480	      0.04553725	      0.08448717	      0.23696513	     18.29184130
      0.54700000	     -0.33277964	      0.56045661	      0.79158985	      0.30541725	     -0.49231693	     -1.03937613	      0.77369063	      0.16575541	     -0.10084133	     -0.21091541	      1.34074571	     -0.49641244	     -2.20181016	     -1.97263145	      1.05510949	      0.66332974	      0.89435011	     -0.19081579	     -0.05980995	      0.08135691	      0.05418120	      0.09835941	      0.00971231	      0.09039037	     -0.03188847	      0.10126538	     -0.01846878	      0.05029884	     -0.01909612	      0.05239763	      0.06563518	      0.07232865	      0.01458010	      0.08626348	      0.03047765	      0.06818165	      0.10948138	      0.11512090	      0.02789086	      0.05095866	      0.39711010	      0.06228219	      0.44588887	      0.03791390	      0.04489539	      0.08450473	      0.23696513	     18.29682312
      0.54800000	     -0.33299103	      0.56179822	      0.79109251	      0.30320941	     -0.49429302	     -1.03831656	      0.77435800	      0.16665564	     -0.10103868	     -0.21186227	      1.34247293	     -0.49825628	     -2.21384555	     -1.97954112	      1.06425248	      0.67143814	      0.90552344	     -0.20279004	     -0.05993870	      0.08129105	      0.05377854	      0.09825261	      0.00958356	      0.09047980	     -0.03201722	      0.10122841	     -0.01859753	      0.05034495	     -0.01922487	      0.05242550	      0.06543533	      0.07229984	      0.01439116	      0.08620567	      0.03006490	      0.06818015	      0.10948138	      0.11516755	      0.02751580	      0.05095811	      0.39743165	      0.06228206	      0.44755532	      0.03790281	      0.04426363	      0.08452279	      0.23696513	     18.30192681
      0.54900000	     -0.33320336	      0.56314156	      0.79059334	      0.30098960	     -0.49627602	     -1.03724718	      0.77503331	      0.16756536	     -0.10124928	     -0.21279389	      1.34421438	     -0.50008744	     -2.22574128	     -1.98645211	      1.07472708	      0.67914028	      0.91340863	     -0.21859115	     -0.06006745	      0.08122522	      0.05337534	      0.09814509	      0.00945481	      0.09056945	     -0.03214597	      0.10119115	     -0.01872628	      0.05039248	     -0.01935362	      0.05245442	      0.06523123	      0.07226953	      0.01420478	      0.08614790	      0.02965820	      0.06817866	      0.10948138	      0.11521426	      0.02714615	      0.05095756	      0.39773501	      0.06228177	      0.44918817	      0.03789151	      0.04364179	      0.08454137	      0.23696513	     18.30715277
      0.55000000	     -0.33341661	      0.56448665	      0.79009234	      0.29875799	     -0.49826589	     -1.03616670	      0.77571631	      0.16848144	     -0.10147407	     -0.21372311	      1.34596292	     -0.50190992	     -2.23746973	     -1.99327479	      1.08642542	      0.68683729	      0.91826680	     -0.23083666	     -0.06019620	      0.08115942	      0.05297164	      0.09803687	      0.00932606	      0.09065940	     -0.03227472	      0.10115355	     -0.01885503	      0.05044129	     -0.01948237	      0.05248425	      0.06502252	      0.07223788	      0.01402090	      0.08609017	      0.02925744	      0.06817720	      0.10948138	      0.11526103	      0.02678185	      0.05095699	      0.39801878	      0.06228133	      0.45078410	      0.03788002	      0.04302968	      0.08456045	      0.23696513	     18.31249844
      0.55100000	     -0.33363080	      0.56583349	      0.78958952	      0.29651471	     -0.50026255	     -1.03507394	      0.77640686	      0.16940098	     -0.10171171	     -0.21463916	      1.34772406	     -0.50372281	     -2.24907001	     -2.00004679	      1.09929288	      0.69414250	      0.92036072	     -0.24557098	     -0.06032495	      0.08109366	      0.05256751	      0.09792794	      0.00919731	      0.09074969	     -0.03240347	      0.10111556	     -0.01898378	      0.05049126	     -0.01961112	      0.05251482	      0.06480896	      0.07220505	      0.01383950	      0.08603247	      0.02886253	      0.06817577	      0.10948138	      0.11530786	      0.02642278	      0.05095642	      0.39828210	      0.06228074	      0.45234100	      0.03786832	      0.04242712	      0.08458003	      0.23696513	     18.31796282
      0.55200000	     -0.33384589	      0.56718210	      0.78908490	      0.29425990	     -0.50226593	     -1.03396777	      0.77710464	      0.17032133	     -0.10196292	     -0.21555264	      1.34949180	     -0.50552969	     -2.26051964	     -2.00669275	      1.11321955	      0.70139974	      0.91994798	     -0.25643347	     -0.06045370	      0.08102794	      0.05216299	      0.09781833	      0.00906856	      0.09084034	     -0.03253222	      0.10107714	     -0.01911253	      0.05054226	     -0.01973987	      0.05254600	      0.06459038	      0.07217119	      0.01366053	      0.08597480	      0.02847337	      0.06817435	      0.10948138	      0.11535475	      0.02606889	      0.05095585	      0.39852375	      0.06227999	      0.45385590	      0.03785642	      0.04183394	      0.08460012	      0.23696513	     18.32354234
      0.55300000	     -0.33406190	      0.56853248	      0.78857847	      0.29199370	     -0.50427592	     -1.03284716	      0.77780946	      0.17124012	     -0.10222620	     -0.21645118	      1.35127248	     -0.50732940	     -2.27186073	     -2.01326192	      1.12814989	      0.70818704	      0.91728159	     -0.27025338	     -0.06058245	      0.08096225	      0.05175814	      0.09770802	      0.00893981	      0.09093137	     -0.03266097	      0.10103824	     -0.01924128	      0.05059417	     -0.01986862	      0.05257766	      0.06436669	      0.07213645	      0.01348398	      0.08591717	      0.02808986	      0.06817296	      0.10948138	      0.11540170	      0.02572007	      0.05095527	      0.39874293	      0.06227909	      0.45532690	      0.03784432	      0.04124996	      0.08462070	      0.23696513	     18.32923501
      0.55400000	     -0.33427879	      0.56988465	      0.78807024	      0.28971623	     -0.50629241	     -1.03171117	      0.77852098	      0.17215522	     -0.10250221	     -0.21734481	      1.35306038	     -0.50912533	     -2.28307085	     -2.01968488	      1.14397293	      0.71483683	      0.91260453	     -0.28091659	     -0.06071120	      0.08089661	      0.05135301	      0.09759704	      0.00881106	      0.09102277	     -0.03278972	      0.10099883	     -0.01937003	      0.05064689	     -0.01999737	      0.05260967	      0.06413787	      0.07210099	      0.01330979	      0.08585959	      0.02771191	      0.06817158	      0.10948138	      0.11544871	      0.02537624	      0.05095468	      0.39893873	      0.06227804	      0.45675178	      0.03783202	      0.04067502	      0.08464176	      0.23696513	     18.33503629
      0.55500000	     -0.33449658	      0.57123861	      0.78756022	      0.28742759	     -0.50831526	     -1.03055894	      0.77923893	      0.17306474	     -0.10278958	     -0.21822288	      1.35486095	     -0.51091668	     -2.29418554	     -2.02600486	      1.16062827	      0.72099570	      0.90614949	     -0.29424038	     -0.06083995	      0.08083099	      0.05094763	      0.09748537	      0.00868231	      0.09111455	     -0.03291847	      0.10095887	     -0.01949878	      0.05070030	     -0.02012612	      0.05264192	      0.06390393	      0.07206494	      0.01313793	      0.08580205	      0.02733944	      0.06817023	      0.10948138	      0.11549577	      0.02503734	      0.05095409	      0.39911061	      0.06227683	      0.45812920	      0.03781952	      0.04010895	      0.08466330	      0.23696513	     18.34094309
      0.55600000	     -0.33471524	      0.57259437	      0.78704841	      0.28512790	     -0.51034436	     -1.02938968	      0.77996294	      0.17396700	     -0.10308909	     -0.21909670	      1.35666777	     -0.51270698	     -2.30517708	     -2.03214810	      1.17800274	      0.72704122	      0.89813744	     -0.30333242	     -0.06096870	      0.08076542	      0.05054207	      0.09737304	      0.00855356	      0.09120670	     -0.03304722	      0.10091833	     -0.01962753	      0.05075430	     -0.02025487	      0.05267430	      0.06366495	      0.07202845	      0.01296838	      0.08574456	      0.02697234	      0.06816890	      0.10948138	      0.11554287	      0.02470327	      0.05095350	      0.39925779	      0.06227547	      0.45945736	      0.03780682	      0.03955159	      0.08468530	      0.23696513	     18.34694986
      0.55700000	     -0.33493476	      0.57395195	      0.78653481	      0.28281725	     -0.51237953	     -1.02820270	      0.78069273	      0.17486056	     -0.10339907	     -0.21995255	      1.35848795	     -0.51449476	     -2.31608811	     -2.03817743	      1.19604555	      0.73252573	      0.88877670	     -0.31581121	     -0.06109745	      0.08069988	      0.05013635	      0.09726003	      0.00842481	      0.09129921	     -0.03317597	      0.10087718	     -0.01975628	      0.05080879	     -0.02038362	      0.05270673	      0.06342100	      0.07199162	      0.01280110	      0.08568712	      0.02661054	      0.06816759	      0.10948138	      0.11559002	      0.02437396	      0.05095291	      0.39938014	      0.06227396	      0.46073581	      0.03779393	      0.03900278	      0.08470775	      0.23696513	     18.35305300
      0.55800000	     -0.33515514	      0.57531135	      0.78601942	      0.28049575	     -0.51442066	     -1.02699739	      0.78142787	      0.17574417	     -0.10372070	     -0.22080640	      1.36031260	     -0.51628436	     -2.32687620	     -2.04399621	      1.21463536	      0.73797939	      0.87826367	     -0.32207542	     -0.06122620	      0.08063438	      0.04973054	      0.09714637	      0.00829606	      0.09139209	     -0.03330472	      0.10083539	     -0.01988503	      0.05086369	     -0.02051237	      0.05273911	      0.06317221	      0.07195460	      0.01263605	      0.08562973	      0.02625394	      0.06816630	      0.10948138	      0.11563722	      0.02404934	      0.05095231	      0.39947722	      0.06227230	      0.46196353	      0.03778085	      0.03846238	      0.08473064	      0.23696513	     18.35924580
      0.55900000	     -0.33537636	      0.57667259	      0.78550224	      0.27816349	     -0.51646755	     -1.02577323	      0.78216811	      0.17661676	     -0.10405130	     -0.22163408	      1.36215445	     -0.51807218	     -2.33761210	     -2.04972678	      1.23375059	      0.74262122	      0.86677810	     -0.33586315	     -0.06135495	      0.08056891	      0.04932466	      0.09703204	      0.00816731	      0.09148531	     -0.03343347	      0.10079294	     -0.02001378	      0.05091893	     -0.02064112	      0.05277138	      0.06291870	      0.07191748	      0.01247321	      0.08557241	      0.02590246	      0.06816503	      0.10948138	      0.11568445	      0.02372932	      0.05095172	      0.39954866	      0.06227049	      0.46313967	      0.03776759	      0.03793022	      0.08475394	      0.23696513	     18.36552495
      0.56000000	     -0.33559840	      0.57803566	      0.78498327	      0.27582056	     -0.51852006	     -1.02452976	      0.78291299	      0.17747746	     -0.10439210	     -0.22245204	      1.36400439	     -0.51986253	     -2.34825067	     -2.05527215	      1.25327325	      0.74699708	      0.85449086	     -0.34731111	     -0.06148370	      0.08050349	      0.04891876	      0.09691706	      0.00803856	      0.09157889	     -0.03356222	      0.10074980	     -0.02014253	      0.05097442	     -0.02076987	      0.05280347	      0.06266062	      0.07188037	      0.01231255	      0.08551515	      0.02555603	      0.06816377	      0.10948138	      0.11573171	      0.02341385	      0.05095114	      0.39959453	      0.06226853	      0.46426429	      0.03775414	      0.03740617	      0.08477765	      0.23696513	     18.37188315
      0.56100000	     -0.33582126	      0.57940060	      0.78446251	      0.27346703	     -0.52057801	     -1.02326658	      0.78366213	      0.17832553	     -0.10474292	     -0.22326225	      1.36586110	     -0.52165681	     -2.35878721	     -2.06061473	      1.27312310	      0.75117882	      0.84155655	     -0.35497043	     -0.06161245	      0.08043810	      0.04851288	      0.09680143	      0.00790981	      0.09167282	     -0.03369097	      0.10070596	     -0.02027128	      0.05103011	     -0.02089862	      0.05283531	      0.06239813	      0.07184336	      0.01215402	      0.08545796	      0.02521455	      0.06816254	      0.10948138	      0.11577900	      0.02310284	      0.05095055	      0.39961462	      0.06226643	      0.46533694	      0.03774052	      0.03689008	      0.08480174	      0.23696513	     18.37831416
      0.56200000	     -0.33604492	      0.58076739	      0.78393996	      0.27110301	     -0.52264123	     -1.02198342	      0.78441523	      0.17916040	     -0.10510185	     -0.22404865	      1.36773297	     -0.52345292	     -2.36926765	     -2.06583666	      1.29326659	      0.75465964	      0.82811887	     -0.36794915	     -0.06174120	      0.08037274	      0.04810707	      0.09668515	      0.00778106	      0.09176709	     -0.03381972	      0.10066140	     -0.02040003	      0.05108592	     -0.02102737	      0.05286686	      0.06213140	      0.07180653	      0.01199761	      0.08540085	      0.02487796	      0.06816133	      0.10948138	      0.11582632	      0.02279622	      0.05094997	      0.39961290	      0.06226419	      0.46635793	      0.03772672	      0.03638181	      0.08482621	      0.23696513	     18.38481321
      0.56300000	     -0.33626937	      0.58213606	      0.78341560	      0.26872856	     -0.52470955	     -1.02068002	      0.78517176	      0.17998164	     -0.10547073	     -0.22483431	      1.36960740	     -0.52525617	     -2.37962640	     -2.07080688	      1.31357769	      0.75819023	      0.81430589	     -0.37250266	     -0.06186995	      0.08030743	      0.04770135	      0.09656822	      0.00765231	      0.09186169	     -0.03394847	      0.10061611	     -0.02052878	      0.05114183	     -0.02115612	      0.05289808	      0.06186060	      0.07176996	      0.01184327	      0.08534382	      0.02454616	      0.06816013	      0.10948138	      0.11587365	      0.02249394	      0.05094940	      0.39960306	      0.06226181	      0.46732716	      0.03771276	      0.03588122	      0.08485102	      0.23696513	     18.39137178
      0.56400000	     -0.33649459	      0.58350661	      0.78288944	      0.26634378	     -0.52678279	     -1.01935622	      0.78593143	      0.18078893	     -0.10584760	     -0.22560258	      1.37149309	     -0.52706424	     -2.38991007	     -2.07561276	      1.33403013	      0.76124849	      0.80023749	     -0.37811434	     -0.06199870	      0.08024215	      0.04729577	      0.09645066	      0.00752356	      0.09195662	     -0.03407722	      0.10057008	     -0.02065753	      0.05119777	     -0.02128487	      0.05292892	      0.06158591	      0.07173371	      0.01169099	      0.08528687	      0.02421909	      0.06815895	      0.10948138	      0.11592100	      0.02219591	      0.05094883	      0.39958475	      0.06225929	      0.46824532	      0.03769864	      0.03538817	      0.08487617	      0.23696513	     18.39798484
      0.56500000	     -0.33672056	      0.58487905	      0.78236147	      0.26394875	     -0.52886076	     -1.01801191	      0.78669387	      0.18158206	     -0.10623155	     -0.22634778	      1.37339288	     -0.52887693	     -2.40013362	     -2.08028269	      1.35457379	      0.76366982	      0.78601756	     -0.38787944	     -0.06212745	      0.08017692	      0.04689037	      0.09633246	      0.00739481	      0.09205188	     -0.03420597	      0.10052329	     -0.02078628	      0.05125370	     -0.02141362	      0.05295936	      0.06130751	      0.07169785	      0.01154074	      0.08523002	      0.02389667	      0.06815779	      0.10948138	      0.11596835	      0.02190207	      0.05094827	      0.39955753	      0.06225662	      0.46911263	      0.03768436	      0.03490254	      0.08490164	      0.23696513	     18.40464626
      0.56600000	     -0.33694728	      0.58625340	      0.78183169	      0.26154354	     -0.53094329	     -1.01664707	      0.78745868	      0.18236094	     -0.10662249	     -0.22707271	      1.37530506	     -0.53069555	     -2.41028775	     -2.08479930	      1.37514124	      0.76555925	      0.77174280	     -0.39994085	     -0.06225620	      0.08011171	      0.04648517	      0.09621362	      0.00726606	      0.09214746	     -0.03433472	      0.10047574	     -0.02091503	      0.05130961	     -0.02154237	      0.05298937	      0.06102559	      0.07166241	      0.01139248	      0.08517326	      0.02357882	      0.06815664	      0.10948138	      0.11601572	      0.02161235	      0.05094772	      0.39952109	      0.06225381	      0.46993003	      0.03766993	      0.03442420	      0.08492740	      0.23696513	     18.41134908
      0.56700000	     -0.33717472	      0.58762966	      0.78130008	      0.25912824	     -0.53303021	     -1.01526168	      0.78822536	      0.18312556	     -0.10702199	     -0.22779755	      1.37721864	     -0.53252450	     -2.42031375	     -2.08904965	      1.39562600	      0.76756312	      0.75749572	     -0.40222728	     -0.06238495	      0.08004655	      0.04608022	      0.09609416	      0.00713731	      0.09224336	     -0.03446347	      0.10042744	     -0.02104378	      0.05136544	     -0.02167112	      0.05301893	      0.06074034	      0.07162745	      0.01124618	      0.08511661	      0.02326547	      0.06815551	      0.10948138	      0.11606308	      0.02132670	      0.05094717	      0.39947507	      0.06225085	      0.47069787	      0.03765536	      0.03395302	      0.08495343	      0.23696513	     18.41808474
      0.56800000	     -0.33740287	      0.58900784	      0.78076664	      0.25670294	     -0.53512134	     -1.01385584	      0.78899362	      0.18387597	     -0.10742782	     -0.22850257	      1.37914402	     -0.53436084	     -2.43026548	     -2.09314176	      1.41602181	      0.76907609	      0.74335179	     -0.40610432	     -0.06251370	      0.07998143	      0.04567555	      0.09597407	      0.00700856	      0.09233957	     -0.03459222	      0.10037836	     -0.02117253	      0.05142119	     -0.02179987	      0.05304803	      0.06045195	      0.07159300	      0.01110183	      0.08506006	      0.02295656	      0.06815440	      0.10948138	      0.11611043	      0.02104505	      0.05094664	      0.39941924	      0.06224775	      0.47141736	      0.03764065	      0.03348887	      0.08497973	      0.23696513	     18.42484830
      0.56900000	     -0.33763171	      0.59038795	      0.78023136	      0.25426772	     -0.53721648	     -1.01242967	      0.78976312	      0.18461232	     -0.10783915	     -0.22918255	      1.38108380	     -0.53620425	     -2.44015554	     -2.09710458	      1.43629039	      0.76995343	      0.72937326	     -0.41445614	     -0.06264245	      0.07991634	      0.04527119	      0.09585335	      0.00687981	      0.09243609	     -0.03472097	      0.10032853	     -0.02130128	      0.05147683	     -0.02192862	      0.05307666	      0.06016061	      0.07155909	      0.01095938	      0.08500363	      0.02265201	      0.06815331	      0.10948138	      0.11615778	      0.02076734	      0.05094612	      0.39935327	      0.06224450	      0.47208887	      0.03762580	      0.03303165	      0.08500627	      0.23696513	     18.43163349
      0.57000000	     -0.33786123	      0.59177001	      0.77969422	      0.25182266	     -0.53931548	     -1.01098333	      0.79053345	      0.18533479	     -0.10825569	     -0.22983805	      1.38303754	     -0.53805545	     -2.44998008	     -2.10093556	      1.45638293	      0.77023186	      0.71561715	     -0.42676815	     -0.06277120	      0.07985129	      0.04486718	      0.09573202	      0.00675106	      0.09253291	     -0.03484972	      0.10027793	     -0.02143003	      0.05153235	     -0.02205737	      0.05310481	      0.05986652	      0.07152574	      0.01081883	      0.08494732	      0.02235176	      0.06815223	      0.10948138	      0.11620511	      0.02049350	      0.05094561	      0.39927703	      0.06224110	      0.47271415	      0.03761083	      0.03258121	      0.08503303	      0.23696513	     18.43843358
      0.57100000	     -0.33809140	      0.59315402	      0.77915524	      0.24936785	     -0.54141818	     -1.00951703	      0.79130412	      0.18604364	     -0.10867986	     -0.23049776	      1.38498973	     -0.53992010	     -2.45965569	     -2.10447536	      1.47618568	      0.77080974	      0.70212923	     -0.42589180	     -0.06289995	      0.07978629	      0.04446354	      0.09561008	      0.00662231	      0.09263003	     -0.03497847	      0.10022657	     -0.02155878	      0.05158773	     -0.02218612	      0.05313247	      0.05956986	      0.07149297	      0.01068013	      0.08489114	      0.02205573	      0.06815117	      0.10948138	      0.11625242	      0.02022348	      0.05094511	      0.39919032	      0.06223756	      0.47329406	      0.03759574	      0.03213746	      0.08506000	      0.23696513	     18.44523946
      0.57200000	     -0.33832221	      0.59453999	      0.77861438	      0.24690337	     -0.54352439	     -1.00803105	      0.79207489	      0.18673915	     -0.10910863	     -0.23113329	      1.38695542	     -0.54179361	     -2.46926012	     -2.10788334	      1.49572697	      0.77082851	      0.68894935	     -0.42839697	     -0.06302870	      0.07972132	      0.04406031	      0.09548752	      0.00649356	      0.09272744	     -0.03510722	      0.10017446	     -0.02168753	      0.05164296	     -0.02231487	      0.05315964	      0.05927081	      0.07146079	      0.01054326	      0.08483509	      0.02176386	      0.06815012	      0.10948138	      0.11629971	      0.01995722	      0.05094463	      0.39909292	      0.06223388	      0.47382942	      0.03758054	      0.03170028	      0.08508715	      0.23696513	     18.45204713
      0.57300000	     -0.33855365	      0.59592794	      0.77807165	      0.24442933	     -0.54563394	     -1.00652566	      0.79284540	      0.18742165	     -0.10954152	     -0.23174266	      1.38893551	     -0.54367614	     -2.47879647	     -2.11117234	      1.51497438	      0.77024804	      0.67610683	     -0.43528040	     -0.06315745	      0.07965639	      0.04365753	      0.09536436	      0.00636481	      0.09282514	     -0.03523597	      0.10012160	     -0.02181628	      0.05169805	     -0.02244362	      0.05318633	      0.05896957	      0.07142922	      0.01040820	      0.08477917	      0.02147608	      0.06814909	      0.10948138	      0.11634697	      0.01969466	      0.05094416	      0.39898477	      0.06223005	      0.47432191	      0.03756522	      0.03126955	      0.08511448	      0.23696513	     18.45885036
      0.57400000	     -0.33878569	      0.59731787	      0.77752703	      0.24194581	     -0.54774668	     -1.00500121	      0.79361527	      0.18809148	     -0.10997903	     -0.23233423	      1.39092543	     -0.54556958	     -2.48823871	     -2.11429746	      1.53387410	      0.76934120	      0.66362782	     -0.44140918	     -0.06328620	      0.07959150	      0.04325521	      0.09524060	      0.00623606	      0.09292312	     -0.03536472	      0.10006801	     -0.02194503	      0.05175298	     -0.02257237	      0.05321254	      0.05866631	      0.07139826	      0.01027492	      0.08472340	      0.02119234	      0.06814807	      0.10948138	      0.11639420	      0.01943575	      0.05094370	      0.39886566	      0.06222608	      0.47477203	      0.03754980	      0.03084517	      0.08514197	      0.23696513	     18.46564216
      0.57500000	     -0.33901832	      0.59870979	      0.77698050	      0.23945290	     -0.54986245	     -1.00345805	      0.79438412	      0.18874903	     -0.11042126	     -0.23291208	      1.39292287	     -0.54747504	     -2.49757299	     -2.11723777	      1.55238617	      0.76824749	      0.65152959	     -0.44417422	     -0.06341495	      0.07952664	      0.04285340	      0.09511625	      0.00610731	      0.09302138	     -0.03549347	      0.10001369	     -0.02207378	      0.05180775	     -0.02270112	      0.05323828	      0.05836121	      0.07136790	      0.01014340	      0.08466778	      0.02091257	      0.06814707	      0.10948138	      0.11644138	      0.01918042	      0.05094326	      0.39873555	      0.06222198	      0.47518120	      0.03753429	      0.03042703	      0.08516959	      0.23696513	     18.47241606
      0.57600000	     -0.33925151	      0.60010372	      0.77643207	      0.23695069	     -0.55198111	     -1.00189657	      0.79515162	      0.18939467	     -0.11086797	     -0.23347662	      1.39492750	     -0.54939291	     -2.50679584	     -2.11999302	      1.57048306	      0.76699486	      0.63982518	     -0.44312407	     -0.06354370	      0.07946183	      0.04245212	      0.09499130	      0.00597856	      0.09311991	     -0.03562222	      0.09995865	     -0.02220253	      0.05186236	     -0.02282987	      0.05326355	      0.05805445	      0.07133816	      0.01001361	      0.08461232	      0.02063671	      0.06814608	      0.10948138	      0.11648853	      0.01892863	      0.05094283	      0.39859444	      0.06221773	      0.47555112	      0.03751869	      0.03001502	      0.08519735	      0.23696513	     18.47916608
      0.57700000	     -0.33948525	      0.60149966	      0.77588172	      0.23443930	     -0.55410248	     -1.00031719	      0.79591753	      0.19002881	     -0.11131681	     -0.23400580	      1.39695098	     -0.55131979	     -2.51596718	     -2.12269044	      1.58819513	      0.76494387	      0.62851788	     -0.45119420	     -0.06367245	      0.07939706	      0.04205140	      0.09486577	      0.00584981	      0.09321872	     -0.03575097	      0.09990291	     -0.02233128	      0.05191682	     -0.02295862	      0.05328837	      0.05774618	      0.07130902	      0.00988485	      0.08455675	      0.02036469	      0.06814511	      0.10948138	      0.11653563	      0.01868031	      0.05094242	      0.39844236	      0.06221335	      0.47588334	      0.03750300	      0.02960905	      0.08522521	      0.23696513	     18.48588829
      0.57800000	     -0.33971952	      0.60289762	      0.77532943	      0.23191880	     -0.55622643	     -0.99872033	      0.79668145	      0.19065184	     -0.11176932	     -0.23451823	      1.39898322	     -0.55325921	     -2.52503236	     -2.12522708	      1.60545749	      0.76267682	      0.61761195	     -0.45699725	     -0.06380120	      0.07933233	      0.04165128	      0.09473966	      0.00572106	      0.09331778	     -0.03587972	      0.09984648	     -0.02246003	      0.05197113	     -0.02308737	      0.05331273	      0.05743659	      0.07128047	      0.00975610	      0.08450072	      0.02009647	      0.06814415	      0.10948138	      0.11658268	      0.01843543	      0.05094202	      0.39827920	      0.06220884	      0.47617831	      0.03748723	      0.02920901	      0.08525317	      0.23696513	     18.49257549
      0.57900000	     -0.33995429	      0.60429762	      0.77477519	      0.22938929	     -0.55835284	     -0.99710645	      0.79744303	      0.19126417	     -0.11222567	     -0.23501809	      1.40102187	     -0.55521217	     -2.53397763	     -2.12758156	      1.62224364	      0.76033926	      0.60710188	     -0.45774073	     -0.06392995	      0.07926764	      0.04125179	      0.09461297	      0.00559231	      0.09341711	     -0.03600847	      0.09978937	     -0.02258878	      0.05202530	     -0.02321612	      0.05333666	      0.05712581	      0.07125252	      0.00962735	      0.08444430	      0.01983197	      0.06814320	      0.10948138	      0.11662967	      0.01819392	      0.05094164	      0.39810503	      0.06220419	      0.47643760	      0.03747139	      0.02881481	      0.08528121	      0.23696513	     18.49922193
      0.58000000	     -0.34018955	      0.60569967	      0.77421900	      0.22685087	     -0.56048155	     -0.99547600	      0.79820203	      0.19186618	     -0.11268471	     -0.23549547	      1.40307210	     -0.55717729	     -2.54282910	     -2.12981257	      1.63856473	      0.75766130	      0.59698064	     -0.45904593	     -0.06405870	      0.07920299	      0.04085295	      0.09448572	      0.00546356	      0.09351669	     -0.03613722	      0.09973160	     -0.02271753	      0.05207932	     -0.02334487	      0.05336017	      0.05681401	      0.07122514	      0.00949860	      0.08438755	      0.01957115	      0.06814227	      0.10948138	      0.11667661	      0.01795574	      0.05094128	      0.39791997	      0.06219942	      0.47666300	      0.03745548	      0.02842634	      0.08530932	      0.23696513	     18.50582325
      0.58100000	     -0.34042527	      0.60710377	      0.77366084	      0.22430365	     -0.56261244	     -0.99382947	      0.79895815	      0.19245825	     -0.11314590	     -0.23594696	      1.40513558	     -0.55915429	     -2.55159470	     -2.13194224	      1.65441941	      0.75456725	      0.58723490	     -0.46268426	     -0.06418745	      0.07913837	      0.04045479	      0.09435790	      0.00533481	      0.09361651	     -0.03626597	      0.09967318	     -0.02284628	      0.05213320	     -0.02347362	      0.05338327	      0.05650132	      0.07119833	      0.00936985	      0.08433052	      0.01931395	      0.06814135	      0.10948138	      0.11672348	      0.01772083	      0.05094093	      0.39772415	      0.06219452	      0.47685619	      0.03743951	      0.02804351	      0.08533749	      0.23696513	     18.51237471
      0.58200000	     -0.34066143	      0.60850994	      0.77310069	      0.22174772	     -0.56474540	     -0.99216732	      0.79971106	      0.19304076	     -0.11361018	     -0.23638437	      1.40720595	     -0.56114531	     -2.56023990	     -2.13390581	      1.66977286	      0.75142300	      0.57785037	     -0.46132712	     -0.06431620	      0.07907381	      0.04005735	      0.09422953	      0.00520606	      0.09371658	     -0.03639472	      0.09961413	     -0.02297503	      0.05218696	     -0.02360237	      0.05340597	      0.05618790	      0.07117207	      0.00924110	      0.08427326	      0.01906031	      0.06814045	      0.10948138	      0.11677029	      0.01748915	      0.05094060	      0.39751752	      0.06218949	      0.47701737	      0.03742348	      0.02766624	      0.08536571	      0.23696513	     18.51887060
      0.58300000	     -0.34089802	      0.60991819	      0.77253854	      0.21918317	     -0.56688028	     -0.99049006	      0.80046057	      0.19361406	     -0.11407547	     -0.23678778	      1.40929369	     -0.56314733	     -2.56881951	     -2.13582010	      1.68467006	      0.74767256	      0.56880386	     -0.46667234	     -0.06444495	      0.07900928	      0.03966066	      0.09410061	      0.00507731	      0.09381689	     -0.03652347	      0.09955446	     -0.02310378	      0.05224059	     -0.02373112	      0.05342828	      0.05587386	      0.07114636	      0.00911235	      0.08421581	      0.01881017	      0.06813955	      0.10948138	      0.11681703	      0.01726065	      0.05094029	      0.39730025	      0.06218435	      0.47714825	      0.03740739	      0.02729442	      0.08539396	      0.23696513	     18.52530794
      0.58400000	     -0.34113500	      0.61132853	      0.77197439	      0.21661011	     -0.56901700	     -0.98879815	      0.80120636	      0.19417848	     -0.11454260	     -0.23716773	      1.41139312	     -0.56516227	     -2.57730308	     -2.13762767	      1.69908543	      0.74364366	      0.56007586	     -0.47216813	     -0.06457370	      0.07894479	      0.03926474	      0.09397115	      0.00494856	      0.09391743	     -0.03665222	      0.09949419	     -0.02323253	      0.05229411	     -0.02385987	      0.05345021	      0.05555934	      0.07112116	      0.00898360	      0.08415821	      0.01856350	      0.06813867	      0.10948138	      0.11686370	      0.01703527	      0.05093999	      0.39707252	      0.06217908	      0.47725056	      0.03739126	      0.02692797	      0.08542224	      0.23696513	     18.53168157
      0.58500000	     -0.34137236	      0.61274098	      0.77140821	      0.21402863	     -0.57115544	     -0.98709207	      0.80194811	      0.19473431	     -0.11501254	     -0.23753630	      1.41349773	     -0.56719219	     -2.58565600	     -2.13926161	      1.71299228	      0.73970169	      0.55163920	     -0.47030129	     -0.06470245	      0.07888034	      0.03886963	      0.09384116	      0.00481981	      0.09401819	     -0.03678097	      0.09943334	     -0.02336128	      0.05234751	     -0.02398862	      0.05347179	      0.05524447	      0.07109648	      0.00885485	      0.08410048	      0.01832022	      0.06813781	      0.10948138	      0.11691030	      0.01681298	      0.05093972	      0.39683449	      0.06217370	      0.47732555	      0.03737508	      0.02656681	      0.08545053	      0.23696513	     18.53798643
      0.58600000	     -0.34161006	      0.61415553	      0.77084000	      0.21143883	     -0.57329550	     -0.98537232	      0.80268563	      0.19528184	     -0.11548417	     -0.23788326	      1.41561289	     -0.56923561	     -2.59390665	     -2.14078331	      1.72642079	      0.73557134	      0.54346786	     -0.46697472	     -0.06483120	      0.07881594	      0.03847536	      0.09371063	      0.00469106	      0.09411919	     -0.03690972	      0.09937193	     -0.02349003	      0.05240081	     -0.02411737	      0.05349301	      0.05492934	      0.07107229	      0.00872610	      0.08404266	      0.01808030	      0.06813695	      0.10948138	      0.11695681	      0.01659373	      0.05093946	      0.39658628	      0.06216821	      0.47737425	      0.03735887	      0.02621084	      0.08547882	      0.23696513	     18.54421944
      0.58700000	     -0.34184810	      0.61557222	      0.77026974	      0.20884081	     -0.57543706	     -0.98363935	      0.80341874	      0.19582132	     -0.11595567	     -0.23819088	      1.41774795	     -0.57128988	     -2.60210466	     -2.14229826	      1.73942164	      0.73077055	      0.53552747	     -0.47267076	     -0.06495995	      0.07875158	      0.03808195	      0.09357959	      0.00457172	      0.09422039	     -0.03703847	      0.09930996	     -0.02361878	      0.05245402	     -0.02424612	      0.05351389	      0.05461409	      0.07104859	      0.00859735	      0.08398477	      0.01784368	      0.06813611	      0.10948138	      0.11700325	      0.01637747	      0.05093921	      0.39632802	      0.06216260	      0.47739761	      0.03734262	      0.02585998	      0.08550711	      0.23696513	     18.55037823
      0.58800000	     -0.34208644	      0.61699103	      0.76969741	      0.20623466	     -0.57758005	     -0.98189363	      0.80414714	      0.19635297	     -0.11642844	     -0.23847547	      1.41989416	     -0.57335771	     -2.61020429	     -2.14371480	      1.75196545	      0.72578409	      0.52779031	     -0.47731076	     -0.06508870	      0.07868726	      0.03768944	      0.09344804	      0.00448459	      0.09432182	     -0.03716722	      0.09924746	     -0.02374753	      0.05250712	     -0.02437487	      0.05353445	      0.05429879	      0.07102535	      0.00846860	      0.08392684	      0.01761031	      0.06813528	      0.10948138	      0.11704960	      0.01616416	      0.05093899	      0.39606002	      0.06215689	      0.47739772	      0.03732634	      0.02551416	      0.08553539	      0.23696513	     18.55645810
      0.58900000	     -0.34232506	      0.61841200	      0.76912302	      0.20362046	     -0.57972439	     -0.98013559	      0.80487056	      0.19687696	     -0.11690326	     -0.23874661	      1.42204639	     -0.57544066	     -2.61817905	     -2.14497978	      1.76404110	      0.72089807	      0.52022118	     -0.47486511	     -0.06521745	      0.07862298	      0.03729786	      0.09331599	      0.00442953	      0.09442345	     -0.03729597	      0.09918444	     -0.02387628	      0.05256014	     -0.02450362	      0.05355469	      0.05398357	      0.07100256	      0.00833985	      0.08386889	      0.01738015	      0.06813446	      0.10948138	      0.11709587	      0.01595376	      0.05093878	      0.39578245	      0.06215107	      0.47738933	      0.03731004	      0.02517328	      0.08556364	      0.23696513	     18.56245509
      0.59000000	     -0.34256392	      0.61983513	      0.76854653	      0.20099832	     -0.58186999	     -0.97836568	      0.80558882	      0.19739345	     -0.11737918	     -0.23899558	      1.42420920	     -0.57753747	     -2.62605397	     -2.14614623	      1.77568377	      0.71588519	      0.51278800	     -0.47035260	     -0.06534620	      0.07855875	      0.03690723	      0.09318345	      0.00440644	      0.09452528	     -0.03742472	      0.09912092	     -0.02400503	      0.05261307	     -0.02463237	      0.05357462	      0.05366849	      0.07098021	      0.00821110	      0.08381094	      0.01715314	      0.06813365	      0.10948138	      0.11714205	      0.01574622	      0.05093859	      0.39549545	      0.06214515	      0.47737237	      0.03729370	      0.02483727	      0.08559187	      0.23696513	     18.56836683
      0.59100000	     -0.34280302	      0.62126043	      0.76796794	      0.19836834	     -0.58401676	     -0.97658432	      0.80630179	      0.19790256	     -0.11785419	     -0.23920193	      1.42639338	     -0.57964517	     -2.63388716	     -2.14733627	      1.78695850	      0.71019873	      0.50545063	     -0.47594949	     -0.06547495	      0.07849456	      0.03651759	      0.09305043	      0.00453804	      0.09462731	     -0.03755347	      0.09905691	     -0.02413378	      0.05266592	     -0.02476112	      0.05359424	      0.05335367	      0.07095829	      0.00808235	      0.08375301	      0.01692924	      0.06813285	      0.10948138	      0.11718814	      0.01554149	      0.05093842	      0.39519924	      0.06213913	      0.47734693	      0.03727735	      0.02450606	      0.08562006	      0.23696513	     18.57419192
      0.59200000	     -0.34304232	      0.62268792	      0.76738723	      0.19573058	     -0.58616463	     -0.97479190	      0.80700920	      0.19840437	     -0.11832992	     -0.23938411	      1.42858907	     -0.58176667	     -2.64162788	     -2.14844491	      1.79783770	      0.70437379	      0.49817857	     -0.48022036	     -0.06560370	      0.07843041	      0.03612897	      0.09291693	      0.00514638	      0.09472954	     -0.03768222	      0.09899243	     -0.02426253	      0.05271869	     -0.02488987	      0.05361358	      0.05303916	      0.07093679	      0.00795360	      0.08369510	      0.01670840	      0.06813207	      0.10948138	      0.11723414	      0.01533955	      0.05093826	      0.39489407	      0.06213302	      0.47731318	      0.03726097	      0.02417955	      0.08564821	      0.23696513	     18.57992642
      0.59300000	     -0.34328179	      0.62411761	      0.76680440	      0.19308514	     -0.58831356	     -0.97298880	      0.80771081	      0.19889893	     -0.11880721	     -0.23955174	      1.43079113	     -0.58390346	     -2.64925041	     -2.14941810	      1.80831615	      0.69869282	      0.49093433	     -0.47705484	     -0.06573245	      0.07836631	      0.03574139	      0.09278298	      0.00622985	      0.09483196	     -0.03781097	      0.09892749	     -0.02439128	      0.05277139	     -0.02501862	      0.05363262	      0.05272507	      0.07091569	      0.00782485	      0.08363725	      0.01649058	      0.06813130	      0.10948138	      0.11728004	      0.01514035	      0.05093812	      0.39458011	      0.06212681	      0.47727105	      0.03724457	      0.02385769	      0.08567631	      0.23696513	     18.58556730
      0.59400000	     -0.34352141	      0.62554951	      0.76621942	      0.19043211	     -0.59046346	     -0.97117538	      0.80840648	      0.19938624	     -0.11928513	     -0.23969579	      1.43300430	     -0.58605427	     -2.65678148	     -2.15031094	      1.81843498	      0.69292508	      0.48368510	     -0.47166979	     -0.06586120	      0.07830225	      0.03535489	      0.09264858	      0.00778451	      0.09493456	     -0.03793972	      0.09886210	     -0.02452003	      0.05282400	     -0.02514737	      0.05365139	      0.05241144	      0.07089499	      0.00769610	      0.08357946	      0.01627572	      0.06813053	      0.10948138	      0.11732585	      0.01494384	      0.05093800	      0.39425766	      0.06212051	      0.47722088	      0.03722815	      0.02354040	      0.08570436	      0.23696513	     18.59111299
      0.59500000	     -0.34376116	      0.62698363	      0.76563229	      0.18777156	     -0.59261427	     -0.96935200	      0.80909611	      0.19986628	     -0.11976156	     -0.23979428	      1.43524012	     -0.58821601	     -2.66428415	     -2.15125518	      1.82826717	      0.68649443	      0.47639039	     -0.47721007	     -0.06598995	      0.07823824	      0.03496950	      0.09251375	      0.00980764	      0.09503735	     -0.03806847	      0.09879628	     -0.02464878	      0.05287654	     -0.02527612	      0.05366987	      0.05209836	      0.07087468	      0.00756735	      0.08352175	      0.01606380	      0.06812978	      0.10948138	      0.11737155	      0.01474999	      0.05093790	      0.39392696	      0.06211412	      0.47716281	      0.03721172	      0.02322760	      0.08573234	      0.23696513	     18.59656297
      0.59600000	     -0.34400100	      0.62841999	      0.76504299	      0.18510358	     -0.59476594	     -0.96751897	      0.80977946	      0.20033898	     -0.12023832	     -0.23987603	      1.43748479	     -0.59039172	     -2.67166349	     -2.15212073	      1.83773833	      0.67995902	      0.46897690	     -0.48134089	     -0.06611870	      0.07817427	      0.03458524	      0.09237850	      0.01209379	      0.09513082	     -0.03819722	      0.09873004	     -0.02477753	      0.05292899	     -0.02540487	      0.05368808	      0.05178590	      0.07085475	      0.00743860	      0.08346413	      0.01585476	      0.06812904	      0.10948138	      0.11741716	      0.01455876	      0.05093781	      0.39358814	      0.06210764	      0.47709675	      0.03719527	      0.02291922	      0.08576027	      0.23696513	     18.60191409
      0.59700000	     -0.34424093	      0.62985859	      0.76445150	      0.18242836	     -0.59691839	     -0.96567673	      0.81045632	      0.20080413	     -0.12071631	     -0.23998919	      1.43971902	     -0.59258302	     -2.67871907	     -2.15278250	      1.84664682	      0.67359861	      0.46125541	     -0.47753167	     -0.06624745	      0.07811035	      0.03420215	      0.09224285	      0.01439013	      0.09520990	     -0.03832597	      0.09866340	     -0.02490628	      0.05298137	     -0.02553362	      0.05370602	      0.05147410	      0.07083519	      0.00730985	      0.08340660	      0.01564856	      0.06812831	      0.10948138	      0.11746267	      0.01437011	      0.05093774	      0.39324141	      0.06210108	      0.47702280	      0.03717881	      0.02261761	      0.08578812	      0.23696513	     18.60716398
      0.59800000	     -0.34448099	      0.63129943	      0.76385782	      0.17974628	     -0.59907146	     -0.96382589	      0.81112655	      0.20126135	     -0.12119456	     -0.24015444	      1.44193686	     -0.59478863	     -2.68534128	     -2.15324645	      1.85487908	      0.66715763	      0.45311792	     -0.47136942	     -0.06637620	      0.07804647	      0.03382026	      0.09210683	      0.01668543	      0.09528144	     -0.03845472	      0.09859636	     -0.02503503	      0.05303365	     -0.02566237	      0.05372369	      0.05116304	      0.07081601	      0.00718110	      0.08334919	      0.01544517	      0.06812759	      0.10948138	      0.11750807	      0.01418400	      0.05093768	      0.39288713	      0.06209444	      0.47694143	      0.03716234	      0.02232656	      0.08581587	      0.23696513	     18.61231155
      0.59900000	     -0.34472124	      0.63274247	      0.76326192	      0.17705779	     -0.60122493	     -0.96196717	      0.81179006	      0.20171021	     -0.12167079	     -0.24036466	      1.44414469	     -0.59700530	     -2.69152360	     -2.15362508	      1.86242756	      0.66002825	      0.44451534	     -0.47683789	     -0.06650495	      0.07798264	      0.03343960	      0.09197046	      0.01897751	      0.09534920	     -0.03858347	      0.09852895	     -0.02516378	      0.05308584	     -0.02579112	      0.05374107	      0.05085276	      0.07079721	      0.00705235	      0.08329191	      0.01524453	      0.06812688	      0.10948138	      0.11755337	      0.01400041	      0.05093764	      0.39252551	      0.06208773	      0.47685277	      0.03714585	      0.02204591	      0.08584348	      0.23696513	     18.61735652
      0.60000000	     -0.34496174	      0.63418771	      0.76266380	      0.17436341	     -0.60337862	     -0.96010129	      0.81244660	      0.20215022	     -0.12214689	     -0.24064932	      1.44632833	     -0.59923599	     -2.69717101	     -2.15378154	      1.86921676	      0.65278578	      0.43543247	     -0.48077598	     -0.06663370	      0.07791886	      0.03306019	      0.09183379	      0.02126556	      0.09541517	     -0.03871222	      0.09846119	     -0.02529253	      0.05313791	     -0.02591987	      0.05375818	      0.05054333	      0.07077879	      0.00692360	      0.08323476	      0.01504661	      0.06812618	      0.10948138	      0.11759855	      0.01381928	      0.05093762	      0.39215669	      0.06208093	      0.47675679	      0.03712936	      0.02177556	      0.08587095	      0.23696513	     18.62229595
      0.60100000	     -0.34520258	      0.63563511	      0.76206344	      0.17166367	     -0.60553234	     -0.95822902	      0.81309594	      0.20258091	     -0.12262379	     -0.24102381	      1.44848037	     -0.60148216	     -2.70223549	     -2.15364494	      1.87521611	      0.64573411	      0.42585315	     -0.47611954	     -0.06676245	      0.07785512	      0.03268207	      0.09169685	      0.02354804	      0.09548044	     -0.03884097	      0.09839310	     -0.02542128	      0.05318987	     -0.02604862	      0.05377499	      0.05023480	      0.07076076	      0.00679485	      0.08317775	      0.01485137	      0.06812548	      0.10948138	      0.11764363	      0.01364059	      0.05093761	      0.39178088	      0.06207406	      0.47665363	      0.03711287	      0.02151536	      0.08589823	      0.23696513	     18.62712768
      0.60200000	     -0.34544382	      0.63708466	      0.76146083	      0.16895912	     -0.60768586	     -0.95635110	      0.81373796	      0.20300176	     -0.12310038	     -0.24147958	      1.45060564	     -0.60374233	     -2.70674044	     -2.15327663	      1.88045962	      0.63861275	      0.41576866	     -0.46900521	     -0.06689120	      0.07779143	      0.03230528	      0.09155971	      0.02582164	      0.09554557	     -0.03896972	      0.09832472	     -0.02555003	      0.05324167	     -0.02617737	      0.05379150	      0.04992722	      0.07074313	      0.00666610	      0.08312089	      0.01465877	      0.06812480	      0.10948138	      0.11768859	      0.01346430	      0.05093761	      0.39139842	      0.06206713	      0.47654382	      0.03709638	      0.02126507	      0.08592533	      0.23696513	     18.63185104
      0.60300000	     -0.34568554	      0.63853632	      0.76085596	      0.16625031	     -0.60983895	     -0.95446829	      0.81437259	      0.20341227	     -0.12357428	     -0.24199282	      1.45271676	     -0.60601319	     -2.71075452	     -2.15282474	      1.88502161	      0.63080542	      0.40516247	     -0.47424469	     -0.06701995	      0.07772779	      0.03192983	      0.09142240	      0.02808552	      0.09561086	     -0.03909847	      0.09825607	     -0.02567878	      0.05329332	     -0.02630612	      0.05380770	      0.04962063	      0.07072591	      0.00653735	      0.08306420	      0.01446877	      0.06812413	      0.10948138	      0.11773343	      0.01329038	      0.05093763	      0.39100953	      0.06206012	      0.47642757	      0.03707988	      0.02102455	      0.08595222	      0.23696513	     18.63646628
      0.60400000	     -0.34592783	      0.63999008	      0.76024880	      0.16353779	     -0.61199143	     -0.95258130	      0.81499958	      0.20381191	     -0.12404745	     -0.24258534	      1.45480220	     -0.60829773	     -2.71422059	     -2.15216011	      1.88886780	      0.62291150	      0.39403424	     -0.47793178	     -0.06714870	      0.07766420	      0.03155577	      0.09128499	      0.03033995	      0.09567648	     -0.03922722	      0.09818718	     -0.02580753	      0.05334477	     -0.02643487	      0.05382357	      0.04931510	      0.07070911	      0.00640860	      0.08300768	      0.01428134	      0.06812347	      0.10948138	      0.11777814	      0.01311878	      0.05093767	      0.39061433	      0.06205304	      0.47630486	      0.03706339	      0.02079368	      0.08597890	      0.23696513	     18.64097115
      0.60500000	     -0.34617075	      0.64144591	      0.75963935	      0.16082209	     -0.61414311	     -0.95069082	      0.81561875	      0.20420016	     -0.12452095	     -0.24326833	      1.45685593	     -0.61059751	     -2.71711210	     -2.15121475	      1.89199018	      0.61525637	      0.38237636	     -0.47241155	     -0.06727745	      0.07760065	      0.03118313	      0.09114756	      0.03258428	      0.09574249	     -0.03935597	      0.09811806	     -0.02593628	      0.05339602	     -0.02656362	      0.05383911	      0.04901066	      0.07069275	      0.00627985	      0.08295135	      0.01409643	      0.06812281	      0.10948138	      0.11782273	      0.01294949	      0.05093772	      0.39021300	      0.06204591	      0.47617587	      0.03704690	      0.02057231	      0.08600536	      0.23696513	     18.64536426
      0.60600000	     -0.34641439	      0.64290379	      0.75902760	      0.15810374	     -0.61629381	     -0.94879754	      0.81622999	      0.20457648	     -0.12499363	     -0.24402938	      1.45888430	     -0.61291099	     -2.71946919	     -2.15006103	      1.89443870	      0.60756465	      0.37018614	     -0.46441293	     -0.06740620	      0.07753716	      0.03081194	      0.09101019	      0.03481574	      0.09580891	     -0.03948472	      0.09804876	     -0.02606503	      0.05344703	     -0.02669237	      0.05385429	      0.04870738	      0.07067684	      0.00615110	      0.08289521	      0.01391401	      0.06812217	      0.10948138	      0.11786718	      0.01278246	      0.05093778	      0.38980590	      0.06203871	      0.47604120	      0.03703042	      0.02036020	      0.08603159	      0.23696513	     18.64964571
      0.60700000	     -0.34665881	      0.64436369	      0.75841353	      0.15538326	     -0.61844331	     -0.94690211	      0.81683328	      0.20494035	     -0.12546315	     -0.24484308	      1.46090049	     -0.61523505	     -2.72136866	     -2.14884968	      1.89629472	      0.59924114	      0.35745283	     -0.46867502	     -0.06753495	      0.07747372	      0.03044224	      0.09087295	      0.03702888	      0.09587579	     -0.03961347	      0.09797928	     -0.02619378	      0.05349777	     -0.02682112	      0.05386911	      0.04840529	      0.07066141	      0.00602235	      0.08283926	      0.01373405	      0.06812153	      0.10948138	      0.11791150	      0.01261766	      0.05093786	      0.38939321	      0.06203145	      0.47590105	      0.03701395	      0.02015720	      0.08605759	      0.23696513	     18.65381645
      0.60800000	     -0.34690410	      0.64582558	      0.75779713	      0.15266116	     -0.62059146	     -0.94500515	      0.81742839	      0.20529121	     -0.12593196	     -0.24573448	      1.46289102	     -0.61757319	     -2.72274710	     -2.14742495	      1.89751736	      0.59098747	      0.34418324	     -0.46839384	     -0.06766370	      0.07741032	      0.03007408	      0.09073597	      0.03922075	      0.09594314	     -0.03974222	      0.09790967	     -0.02632253	      0.05354823	     -0.02694987	      0.05388354	      0.04810447	      0.07064648	      0.00589360	      0.08278353	      0.01355650	      0.06812091	      0.10948138	      0.11795568	      0.01245506	      0.05093795	      0.38897502	      0.06202414	      0.47575540	      0.03699749	      0.01996321	      0.08608335	      0.23696513	     18.65787487
      0.60900000	     -0.34715030	      0.64728946	      0.75717838	      0.14993793	     -0.62273811	     -0.94310727	      0.81801520	      0.20562853	     -0.12640033	     -0.24670480	      1.46485498	     -0.61992577	     -2.72360807	     -2.14577360	      1.89812346	      0.58289628	      0.33038036	     -0.46140166	     -0.06779245	      0.07734698	      0.02970750	      0.09059936	      0.04139526	      0.09601098	     -0.03987097	      0.09783993	     -0.02645128	      0.05359836	     -0.02707862	      0.05389757	      0.04780495	      0.07063205	      0.00576485	      0.08272802	      0.01338134	      0.06812029	      0.10948138	      0.11799972	      0.01229464	      0.05093805	      0.38855152	      0.06201677	      0.47560446	      0.03698105	      0.01977806	      0.08610886	      0.23696513	     18.66182087
      0.61000000	     -0.34739751	      0.64875530	      0.75655727	      0.14721406	     -0.62488306	     -0.94120905	      0.81859372	      0.20595179	     -0.12686554	     -0.24772391	      1.46680787	     -0.62228925	     -2.72404271	     -2.14407269	      1.89820554	      0.57427546	      0.31603895	     -0.46505673	     -0.06792120	      0.07728369	      0.02934257	      0.09046326	      0.04355732	      0.09607926	     -0.03999972	      0.09777010	     -0.02658003	      0.05364815	     -0.02720737	      0.05391120	      0.04750681	      0.07061817	      0.00563610	      0.08267273	      0.01320853	      0.06811968	      0.10948138	      0.11804361	      0.01213635	      0.05093817	      0.38812304	      0.06200935	      0.47544883	      0.03696462	      0.01960151	      0.08613413	      0.23696513	     18.66565607
      0.61100000	     -0.34764578	      0.65022307	      0.75593380	      0.14449000	     -0.62702619	     -0.93931104	      0.81916378	      0.20626043	     -0.12732904	     -0.24880533	      1.46874226	     -0.62466565	     -2.72402058	     -2.14223384	      1.89774957	      0.56553492	      0.30117057	     -0.46947445	     -0.06804995	      0.07722045	      0.02897936	      0.09032786	      0.04571504	      0.09614791	     -0.04012847	      0.09770019	     -0.02670878	      0.05369756	     -0.02733612	      0.05392439	      0.04721012	      0.07060484	      0.00550735	      0.08261768	      0.01303803	      0.06811907	      0.10948138	      0.11808735	      0.01198017	      0.05093830	      0.38768974	      0.06200188	      0.47528874	      0.03694821	      0.01943341	      0.08615915	      0.23696513	     18.66938003
      0.61200000	     -0.34789516	      0.65169276	      0.75530794	      0.14176622	     -0.62916737	     -0.93741377	      0.81972523	      0.20655395	     -0.12779267	     -0.24996689	      1.47064849	     -0.62705741	     -2.72349892	     -2.14014179	      1.89672950	      0.55717999	      0.28578236	     -0.46207733	     -0.06817870	      0.07715726	      0.02861794	      0.09019334	      0.04787719	      0.09621682	     -0.04025722	      0.09763023	     -0.02683753	      0.05374656	     -0.02746487	      0.05393713	      0.04691495	      0.07059208	      0.00537860	      0.08256287	      0.01286982	      0.06811848	      0.10948138	      0.11813093	      0.01182607	      0.05093844	      0.38725173	      0.06199436	      0.47512419	      0.03693183	      0.01927363	      0.08618393	      0.23696513	     18.67299232
      0.61300000	     -0.34814573	      0.65316436	      0.75467968	      0.13904315	     -0.63130644	     -0.93551775	      0.82027807	      0.20683183	     -0.12825442	     -0.25118568	      1.47253830	     -0.62946192	     -2.72254841	     -2.13793065	      1.89521750	      0.54869686	      0.26988048	     -0.45590028	     -0.06830745	      0.07709413	      0.02825839	      0.09005994	      0.05005052	      0.09628588	     -0.04038597	      0.09756023	     -0.02696628	      0.05379512	     -0.02759362	      0.05394941	      0.04662138	      0.07057993	      0.00524985	      0.08250831	      0.01270385	      0.06811790	      0.10948138	      0.11817436	      0.01167402	      0.05093859	      0.38680917	      0.06198680	      0.47495542	      0.03691547	      0.01912199	      0.08620845	      0.23696513	     18.67649463
      0.61400000	     -0.34839754	      0.65463784	      0.75404901	      0.13632122	     -0.63344327	     -0.93362346	      0.82082226	      0.20709354	     -0.12871314	     -0.25244823	      1.47441852	     -0.63187780	     -2.72121280	     -2.13567850	      1.89326098	      0.53980705	      0.25346797	     -0.45828747	     -0.06843620	      0.07703105	      0.02790082	      0.08992790	      0.05223851	      0.09635499	     -0.04051472	      0.09749022	     -0.02709503	      0.05384322	     -0.02772237	      0.05396121	      0.04632950	      0.07056841	      0.00512110	      0.08245401	      0.01254011	      0.06811732	      0.10948138	      0.11821764	      0.01152399	      0.05093875	      0.38636240	      0.06197919	      0.47478310	      0.03689914	      0.01897825	      0.08623272	      0.23696513	     18.67988830
      0.61500000	     -0.34865064	      0.65611319	      0.75341592	      0.13360086	     -0.63557775	     -0.93173138	      0.82135769	      0.20733860	     -0.12917032	     -0.25376896	      1.47628139	     -0.63430699	     -2.71945763	     -2.13329343	      1.89083793	      0.53091051	      0.23655963	     -0.45923555	     -0.06856495	      0.07696803	      0.02754530	      0.08979745	      0.05444615	      0.09642405	     -0.04064347	      0.09742022	     -0.02722378	      0.05389081	     -0.02785112	      0.05397252	      0.04603939	      0.07055753	      0.00499235	      0.08239997	      0.01237855	      0.06811675	      0.10948138	      0.11826075	      0.01137595	      0.05093893	      0.38591160	      0.06197154	      0.47460748	      0.03688283	      0.01884222	      0.08625675	      0.23696513	     18.68317348
      0.61600000	     -0.34890510	      0.65759040	      0.75278039	      0.13088247	     -0.63770977	     -0.92984195	      0.82188426	      0.20756650	     -0.12962647	     -0.25515260	      1.47812430	     -0.63675016	     -2.71727438	     -2.13074460	      1.88794727	      0.52215103	      0.21916419	     -0.45512074	     -0.06869370	      0.07690506	      0.02719197	      0.08966878	      0.05667866	      0.09649299	     -0.04077222	      0.09735024	     -0.02735253	      0.05393789	     -0.02797987	      0.05398331	      0.04575114	      0.07054732	      0.00486360	      0.08234620	      0.01221914	      0.06811619	      0.10948138	      0.11830370	      0.01122988	      0.05093911	      0.38545685	      0.06196386	      0.47442859	      0.03686655	      0.01871378	      0.08628052	      0.23696513	     18.68635097
      0.61700000	     -0.34916097	      0.65906944	      0.75214241	      0.12816645	     -0.63983921	     -0.92795563	      0.82240197	      0.20777676	     -0.13008068	     -0.25658945	      1.47995236	     -0.63920620	     -2.71469340	     -2.12809332	      1.88462030	      0.51330219	      0.20128916	     -0.45189862	     -0.06882245	      0.07684215	      0.02684092	      0.08954194	      0.05893918	      0.09656173	     -0.04090097	      0.09728030	     -0.02748128	      0.05398441	     -0.02810862	      0.05399357	      0.04546485	      0.07053780	      0.00473485	      0.08229271	      0.01206186	      0.06811563	      0.10948138	      0.11834648	      0.01108574	      0.05093930	      0.38499831	      0.06195614	      0.47424666	      0.03685031	      0.01859275	      0.08630405	      0.23696513	     18.68942230
      0.61800000	     -0.34941829	      0.66055030	      0.75150197	      0.12545320	     -0.64196595	     -0.92607285	      0.82291075	      0.20796892	     -0.13053274	     -0.25807785	      1.48176652	     -0.64167487	     -2.71172157	     -2.12535372	      1.88086616	      0.50432222	      0.18294207	     -0.45080401	     -0.06895120	      0.07677930	      0.02649231	      0.08941691	      0.06122796	      0.09663020	     -0.04102972	      0.09721041	     -0.02761003	      0.05403034	     -0.02823737	      0.05400329	      0.04518062	      0.07052900	      0.00460610	      0.08223951	      0.01190667	      0.06811509	      0.10948138	      0.11838910	      0.01094351	      0.05093950	      0.38453631	      0.06194838	      0.47406237	      0.03683410	      0.01847889	      0.08632733	      0.23696513	     18.69238877
      0.61900000	     -0.34967714	      0.66203296	      0.75085906	      0.12274313	     -0.64408988	     -0.92419404	      0.82341058	      0.20814250	     -0.13098279	     -0.25961977	      1.48356585	     -0.64415638	     -2.70835534	     -2.12251814	      1.87668398	      0.49525264	      0.16413469	     -0.45088103	     -0.06907995	      0.07671650	      0.02614628	      0.08929369	      0.06354753	      0.09669839	     -0.04115847	      0.09714061	     -0.02773878	      0.05407567	     -0.02836612	      0.05401245	      0.04489855	      0.07052094	      0.00447735	      0.08218659	      0.01175355	      0.06811455	      0.10948138	      0.11843154	      0.01080316	      0.05093972	      0.38407099	      0.06194059	      0.47387590	      0.03681793	      0.01837203	      0.08635037	      0.23696513	     18.69525158
      0.62000000	     -0.34993756	      0.66351742	      0.75021366	      0.12003664	     -0.64621092	     -0.92231964	      0.82390136	      0.20829704	     -0.13143141	     -0.26122208	      1.48534691	     -0.64665143	     -2.70457724	     -2.11954888	      1.87205964	      0.48624698	      0.14488027	     -0.44814618	     -0.06920870	      0.07665377	      0.02580302	      0.08917224	      0.06590010	      0.09676624	     -0.04128722	      0.09707089	     -0.02786753	      0.05412036	     -0.02849487	      0.05402104	      0.04461876	      0.07051364	      0.00434860	      0.08213396	      0.01160246	      0.06811402	      0.10948138	      0.11847382	      0.01066467	      0.05093994	      0.38360244	      0.06193276	      0.47368733	      0.03680180	      0.01827204	      0.08637317	      0.23696513	     18.69801185
      0.62100000	     -0.35019960	      0.66500365	      0.74956575	      0.11733412	     -0.64832894	     -0.92045007	      0.82438309	      0.20843211	     -0.13187819	     -0.26288123	      1.48711170	     -0.64915955	     -2.70039860	     -2.11647321	      1.86700353	      0.47720652	      0.12519154	     -0.44528470	     -0.06933745	      0.07659109	      0.02546274	      0.08905254	      0.06828470	      0.09683373	     -0.04141597	      0.09700128	     -0.02799628	      0.05416437	     -0.02862362	      0.05402904	      0.04434134	      0.07050713	      0.00421985	      0.08208164	      0.01145338	      0.06811349	      0.10948138	      0.11851592	      0.01052800	      0.05094017	      0.38313097	      0.06192491	      0.47349728	      0.03678570	      0.01817867	      0.08639573	      0.23696513	     18.70067115
      0.62200000	     -0.35046334	      0.66649164	      0.74891533	      0.11463597	     -0.65044384	     -0.91858577	      0.82485573	      0.20854728	     -0.13232283	     -0.26459492	      1.48886158	     -0.65168040	     -2.69582700	     -2.11331079	      1.86152202	      0.46806299	      0.10508205	     -0.44422948	     -0.06946620	      0.07652847	      0.02512568	      0.08893458	      0.07070170	      0.09690085	     -0.04154472	      0.09693180	     -0.02812503	      0.05420770	     -0.02875237	      0.05403643	      0.04406643	      0.07050141	      0.00409110	      0.08202962	      0.01130628	      0.06811297	      0.10948138	      0.11855785	      0.01039315	      0.05094040	      0.38265675	      0.06191703	      0.47330604	      0.03676965	      0.01809174	      0.08641806	      0.23696513	     18.70323110
      0.62300000	     -0.35072881	      0.66798137	      0.74826239	      0.11194260	     -0.65255552	     -0.91672717	      0.82531923	      0.20864214	     -0.13276585	     -0.26636949	      1.49059340	     -0.65421458	     -2.69084600	     -2.11002773	      1.85559969	      0.45894968	      0.08456883	     -0.44145456	     -0.06959495	      0.07646591	      0.02479212	      0.08881833	      0.07315298	      0.09696758	     -0.04167347	      0.09686245	     -0.02825378	      0.05425030	     -0.02888112	      0.05404320	      0.04379412	      0.07049653	      0.00396235	      0.08197791	      0.01116113	      0.06811246	      0.10948138	      0.11859960	      0.01026007	      0.05094065	      0.38217981	      0.06190912	      0.47311352	      0.03675363	      0.01801114	      0.08644015	      0.23696513	     18.70569300
      0.62400000	     -0.35099609	      0.66947282	      0.74760690	      0.10925441	     -0.65466387	     -0.91487471	      0.82577358	      0.20871629	     -0.13320676	     -0.26820062	      1.49230960	     -0.65676154	     -2.68546862	     -2.10665667	      1.84924646	      0.44974826	      0.06366667	     -0.44025206	     -0.06972370	      0.07640342	      0.02446238	      0.08870376	      0.07563794	      0.09703392	     -0.04180222	      0.09679327	     -0.02838253	      0.05429216	     -0.02900987	      0.05404934	      0.04352456	      0.07049249	      0.00383360	      0.08192651	      0.01101790	      0.06811196	      0.10948138	      0.11864117	      0.01012874	      0.05094090	      0.38170033	      0.06190118	      0.47292003	      0.03673766	      0.01793671	      0.08646201	      0.23696513	     18.70805863
      0.62500000	     -0.35126524	      0.67096598	      0.74694886	      0.10657180	     -0.65676879	     -0.91302883	      0.82621873	      0.20876935	     -0.13364608	     -0.27009474	      1.49400698	     -0.65932188	     -2.67967788	     -2.10316282	      1.84244537	      0.44059186	      0.04239443	     -0.43703324	     -0.06985245	      0.07634099	      0.02413677	      0.08859087	      0.07815483	      0.09709986	     -0.04193097	      0.09672426	     -0.02851128	      0.05433325	     -0.02913862	      0.05405482	      0.04325785	      0.07048932	      0.00370485	      0.08187543	      0.01087657	      0.06811146	      0.10948138	      0.11868257	      0.00999915	      0.05094116	      0.38121856	      0.06189322	      0.47272607	      0.03672174	      0.01786823	      0.08648365	      0.23696513	     18.71032943
      0.62600000	     -0.35153630	      0.67246083	      0.74628825	      0.10389518	     -0.65887018	     -0.91118996	      0.82665467	      0.20880096	     -0.13408321	     -0.27204649	      1.49568852	     -0.66189492	     -2.67348967	     -2.09958533	      1.83520794	      0.43133907	      0.02076747	     -0.43577096	     -0.06998120	      0.07627862	      0.02381555	      0.08847961	      0.08070340	      0.09716540	     -0.04205972	      0.09665544	     -0.02864003	      0.05437354	     -0.02926737	      0.05405965	      0.04299413	      0.07048704	      0.00357610	      0.08182467	      0.01073711	      0.06811097	      0.10948138	      0.11872378	      0.00987040	      0.05094128	      0.38073463	      0.06188524	      0.47253184	      0.03670585	      0.01780553	      0.08650506	      0.23696513	     18.71250726
      0.62700000	     -0.35180935	      0.67395735	      0.74562506	      0.10122495	     -0.66096794	     -0.90935856	      0.82708137	      0.20881077	     -0.13451844	     -0.27405954	      1.49735247	     -0.66448098	     -2.66689475	     -2.09590642	      1.82752331	      0.42205957	     -0.00119481	     -0.43461462	     -0.07010995	      0.07621632	      0.02349885	      0.08836996	      0.08328384	      0.09723053	     -0.04218847	      0.09658683	     -0.02876878	      0.05441300	     -0.02939612	      0.05406379	      0.04273352	      0.07048566	      0.00344735	      0.08177424	      0.01059949	      0.06811049	      0.10948138	      0.11876481	      0.00974165	      0.05094126	      0.38024863	      0.06187724	      0.47233739	      0.03669002	      0.01774850	      0.08652625	      0.23696513	     18.71459374
      0.62800000	     -0.35208444	      0.67545553	      0.74495929	      0.09856152	     -0.66306196	     -0.90753507	      0.82749880	      0.20879846	     -0.13495210	     -0.27613829	      1.49899668	     -0.66708041	     -2.65988186	     -2.09210337	      1.81937859	      0.41283845	     -0.02347277	     -0.43121608	     -0.07023870	      0.07615408	      0.02318664	      0.08826191	      0.08589538	      0.09729526	     -0.04231722	      0.09651845	     -0.02889753	      0.05445163	     -0.02952487	      0.05406724	      0.04247617	      0.07048520	      0.00331860	      0.08172413	      0.01046368	      0.06811001	      0.10948138	      0.11880565	      0.00961290	      0.05094118	      0.37976070	      0.06186921	      0.47214296	      0.03667423	      0.01769697	      0.08654723	      0.23696513	     18.71659050
      0.62900000	     -0.35236164	      0.67695534	      0.74429090	      0.09590531	     -0.66515214	     -0.90571994	      0.82790695	      0.20876373	     -0.13538355	     -0.27827661	      1.50062450	     -0.66969249	     -2.65246908	     -2.08821958	      1.81078648	      0.40352134	     -0.04605025	     -0.42998891	     -0.07036745	      0.07609191	      0.02287884	      0.08815541	      0.08853721	      0.09735957	     -0.04244597	      0.09645031	     -0.02902628	      0.05448938	     -0.02965362	      0.05406999	      0.04222220	      0.07048569	      0.00318985	      0.08167436	      0.01032967	      0.06810954	      0.10948138	      0.11884631	      0.00948415	      0.05094109	      0.37927099	      0.06186117	      0.47194882	      0.03665849	      0.01765078	      0.08656799	      0.23696513	     18.71849954
      0.63000000	     -0.35264101	      0.67845677	      0.74361990	      0.09325672	     -0.66723837	     -0.90391364	      0.82830580	      0.20870627	     -0.13581309	     -0.28047852	      1.50223399	     -0.67231756	     -2.64464629	     -2.08423408	      1.80173481	      0.39418715	     -0.06890706	     -0.42876422	     -0.07049620	      0.07602981	      0.02257539	      0.08805046	      0.09120881	      0.09742346	     -0.04257472	      0.09638243	     -0.02915503	      0.05452625	     -0.02978237	      0.05407202	      0.04197174	      0.07048714	      0.00306110	      0.08162493	      0.01019743	      0.06810908	      0.10948138	      0.11888679	      0.00935540	      0.05094099	      0.37877964	      0.06185311	      0.47175518	      0.03664280	      0.01760977	      0.08658854	      0.23696513	     18.72032256
      0.63100000	     -0.35292262	      0.67995981	      0.74294626	      0.09061615	     -0.66932057	     -0.90211662	      0.82869531	      0.20862582	     -0.13624143	     -0.28275183	      1.50382119	     -0.67495632	     -2.63639292	     -2.08010131	      1.79220206	      0.38499938	     -0.09202162	     -0.42285533	     -0.07062495	      0.07596778	      0.02227621	      0.08794702	      0.09391029	      0.09748691	     -0.04270347	      0.09631483	     -0.02928378	      0.05456220	     -0.02991112	      0.05407332	      0.04172495	      0.07048956	      0.00293235	      0.08157583	      0.01006693	      0.06810862	      0.10948138	      0.11892707	      0.00922665	      0.05094090	      0.37828675	      0.06184503	      0.47156213	      0.03662716	      0.01757381	      0.08660888	      0.23696513	     18.72206118
      0.63200000	     -0.35320653	      0.68146442	      0.74226998	      0.08798404	     -0.67139862	     -0.90032936	      0.82907552	      0.20852214	     -0.13666674	     -0.28507802	      1.50539591	     -0.67760682	     -2.62776164	     -2.07594286	      1.78223133	      0.37553128	     -0.11538313	     -0.42466939	     -0.07075370	      0.07590581	      0.02198124	      0.08784507	      0.09664144	      0.09754991	     -0.04283222	      0.09624753	     -0.02941253	      0.05459722	     -0.03003987	      0.05407387	      0.04148196	      0.07049297	      0.00280360	      0.08152707	      0.00993795	      0.06810817	      0.10948138	      0.11896717	      0.00909790	      0.05094081	      0.37779241	      0.06183693	      0.47136984	      0.03661157	      0.01754278	      0.08662902	      0.23696513	     18.72371783
      0.63300000	     -0.35349280	      0.68297059	      0.74159104	      0.08536077	     -0.67347242	     -0.89855232	      0.82944637	      0.20839498	     -0.13709053	     -0.28747344	      1.50694973	     -0.68027064	     -2.61870822	     -2.07165836	      1.77178029	      0.36614022	     -0.13896692	     -0.42391060	     -0.07088245	      0.07584392	      0.02169042	      0.08774459	      0.09940188	      0.09761243	     -0.04296097	      0.09618054	     -0.02954128	      0.05463128	     -0.03016862	      0.05407366	      0.04124292	      0.07049739	      0.00267485	      0.08147866	      0.00980920	      0.06810772	      0.10948138	      0.11900707	      0.00896915	      0.05094073	      0.37729677	      0.06182882	      0.47117849	      0.03659603	      0.01751651	      0.08664895	      0.23696513	     18.72529392
      0.63400000	     -0.35378150	      0.68447831	      0.74090943	      0.08274676	     -0.67554188	     -0.89678597	      0.82980786	      0.20824414	     -0.13751267	     -0.28993711	      1.50848329	     -0.68294758	     -2.60923669	     -2.06725732	      1.76084917	      0.35679414	     -0.16275591	     -0.42152103	     -0.07101120	      0.07578210	      0.02140368	      0.08764556	      0.10219180	      0.09767446	     -0.04308972	      0.09611389	     -0.02967003	      0.05466438	     -0.03029737	      0.05407268	      0.04100796	      0.07050283	      0.00254610	      0.08143059	      0.00968045	      0.06810726	      0.10948138	      0.11904678	      0.00884040	      0.05094066	      0.37679990	      0.06182070	      0.47098819	      0.03658054	      0.01749490	      0.08666869	      0.23696513	     18.72679141
      0.63500000	     -0.35407270	      0.68598755	      0.74022514	      0.08014244	     -0.67760690	     -0.89503078	      0.83015998	      0.20806941	     -0.13793296	     -0.29246746	      1.50999750	     -0.68563742	     -2.59935266	     -2.06275268	      1.74943983	      0.34745010	     -0.18673291	     -0.41878777	     -0.07113995	      0.07572035	      0.02112095	      0.08754794	      0.10501099	      0.09773596	     -0.04321847	      0.09604758	     -0.02979878	      0.05469648	     -0.03042612	      0.05407092	      0.04077724	      0.07050930	      0.00241735	      0.08138287	      0.00955170	      0.06810681	      0.10948138	      0.11908630	      0.00871165	      0.05094059	      0.37630193	      0.06181256	      0.47079911	      0.03656510	      0.01747779	      0.08668823	      0.23696513	     18.72821228
      0.63600000	     -0.35436645	      0.68749830	      0.73953816	      0.07754819	     -0.67966737	     -0.89328724	      0.83050273	      0.20787062	     -0.13835116	     -0.29506209	      1.51149373	     -0.68833983	     -2.58906416	     -2.05816273	      1.73755631	      0.33804805	     -0.21088153	     -0.41755017	     -0.07126870	      0.07565867	      0.02084217	      0.08745173	      0.10785983	      0.09779692	     -0.04334722	      0.09598165	     -0.02992753	      0.05472757	     -0.03055487	      0.05406837	      0.04055090	      0.07051683	      0.00228860	      0.08133550	      0.00942295	      0.06810636	      0.10948138	      0.11912563	      0.00858290	      0.05094053	      0.37580291	      0.06180441	      0.47061131	      0.03654972	      0.01746508	      0.08670758	      0.23696513	     18.72955855
      0.63700000	     -0.35466284	      0.68901053	      0.73884846	      0.07496444	     -0.68172319	     -0.89155583	      0.83083608	      0.20764760	     -0.13876774	     -0.29772654	      1.51296919	     -0.69105528	     -2.57835721	     -2.05345475	      1.72518337	      0.32870203	     -0.23518245	     -0.41442788	     -0.07139745	      0.07559707	      0.02056729	      0.08735689	      0.11073815	      0.09785729	     -0.04347597	      0.09591610	     -0.03005628	      0.05475764	     -0.03068362	      0.05406502	      0.04032909	      0.07052542	      0.00215985	      0.08128848	      0.00929420	      0.06810591	      0.10948138	      0.11916476	      0.00845415	      0.05094047	      0.37530297	      0.06179624	      0.47042496	      0.03653439	      0.01745663	      0.08672674	      0.23696513	     18.73083204
      0.63800000	     -0.35496193	      0.69052423	      0.73815604	      0.07239161	     -0.68377426	     -0.88983703	      0.83116006	      0.20740020	     -0.13918221	     -0.30045566	      1.51442666	     -0.69378319	     -2.56724741	     -2.04866419	      1.71233211	      0.31929409	     -0.25962077	     -0.41301629	     -0.07152620	      0.07553555	      0.02029625	      0.08726341	      0.11364613	      0.09791706	     -0.04360472	      0.09585096	     -0.03018503	      0.05478667	     -0.03081237	      0.05406086	      0.04011195	      0.07053508	      0.00203110	      0.08124182	      0.00916545	      0.06810546	      0.10948138	      0.11920369	      0.00832540	      0.05094042	      0.37480218	      0.06178807	      0.47024017	      0.03651911	      0.01745233	      0.08674571	      0.23696513	     18.73203487
      0.63900000	     -0.35526377	      0.69203938	      0.73746089	      0.06983008	     -0.68582049	     -0.88813133	      0.83147464	      0.20712831	     -0.13959478	     -0.30325220	      1.51586481	     -0.69652374	     -2.55572854	     -2.04377582	      1.69899450	      0.30987826	     -0.28417854	     -0.41172821	     -0.07165495	      0.07547410	      0.02002897	      0.08717127	      0.11658428	      0.09797619	     -0.04373347	      0.09578625	     -0.03031378	      0.05481464	     -0.03094112	      0.05405587	      0.03989963	      0.07054583	      0.00190235	      0.08119551	      0.00903670	      0.06810501	      0.10948138	      0.11924243	      0.00819665	      0.05094037	      0.37430061	      0.06177988	      0.47005698	      0.03650389	      0.01745206	      0.08676450	      0.23696513	     18.73316896
      0.64000000	     -0.35556845	      0.69355596	      0.73676299	      0.06728028	     -0.68786178	     -0.88643920	      0.83177981	      0.20683181	     -0.14000569	     -0.30611873	      1.51728238	     -0.69927708	     -2.54379486	     -2.03877476	      1.68516313	      0.30050172	     -0.30883808	     -0.40905539	     -0.07178370	      0.07541273	      0.01976542	      0.08708044	      0.11955249	      0.09803465	     -0.04386222	      0.09572198	     -0.03044253	      0.05484154	     -0.03106987	      0.05405006	      0.03969228	      0.07055768	      0.00177360	      0.08114956	      0.00890795	      0.06810456	      0.10948138	      0.11928096	      0.00806790	      0.05094033	      0.37379836	      0.06177169	      0.46987553	      0.03648872	      0.01750038	      0.08678298	      0.23696513	     18.73423625
      0.64100000	     -0.35587603	      0.69507394	      0.73606233	      0.06474262	     -0.68989802	     -0.88476116	      0.83207558	      0.20651061	     -0.14041446	     -0.30905090	      1.51868176	     -0.70204269	     -2.53145988	     -2.03368891	      1.67084792	      0.29105423	     -0.33358542	     -0.40806823	     -0.07191245	      0.07535144	      0.01950552	      0.08699091	      0.12255103	      0.09809242	     -0.04399097	      0.09565818	     -0.03057128	      0.05486736	     -0.03119862	      0.05404341	      0.03949004	      0.07057064	      0.00164485	      0.08110397	      0.00877920	      0.06810411	      0.10948138	      0.11931930	      0.00793915	      0.05094029	      0.37329549	      0.06176348	      0.46969591	      0.03647360	      0.01759131	      0.08680097	      0.23696513	     18.73523880
      0.64200000	     -0.35618658	      0.69659331	      0.73535890	      0.06221750	     -0.69192913	     -0.88309767	      0.83236190	      0.20616462	     -0.14082202	     -0.31205946	      1.52005745	     -0.70482141	     -2.51869518	     -2.02844717	      1.65602184	      0.28174336	     -0.35839967	     -0.40182463	     -0.07204120	      0.07529023	      0.01924922	      0.08690265	      0.12558070	      0.09814946	     -0.04411972	      0.09559486	     -0.03070003	      0.05489208	     -0.03132737	      0.05403593	      0.03929306	      0.07058472	      0.00151610	      0.08105874	      0.00865045	      0.06810367	      0.10948138	      0.11935743	      0.00781040	      0.05094026	      0.37279203	      0.06175527	      0.46951805	      0.03645854	      0.01771706	      0.08681836	      0.23696513	     18.73617830
      0.64300000	     -0.35650016	      0.69811405	      0.73465268	      0.05970533	     -0.69395496	     -0.88144925	      0.83263880	      0.20579379	     -0.14122634	     -0.31512488	      1.52141969	     -0.70761141	     -2.50555635	     -2.02317463	      1.64073266	      0.27213634	     -0.38327318	     -0.40354293	     -0.07216995	      0.07522910	      0.01899648	      0.08681565	      0.12864072	      0.09820575	     -0.04424847	      0.09553204	     -0.03082878	      0.05491569	     -0.03145612	      0.05402759	      0.03910148	      0.07059992	      0.00138735	      0.08101387	      0.00852170	      0.06810322	      0.10948138	      0.11939536	      0.00768165	      0.05094023	      0.37228812	      0.06174705	      0.46934227	      0.03644354	      0.01787022	      0.08683513	      0.23696513	     18.73705695
      0.64400000	     -0.35681685	      0.69963614	      0.73394367	      0.05720652	     -0.69597544	     -0.87981637	      0.83290617	      0.20539806	     -0.14162883	     -0.31826359	      1.52276005	     -0.71041403	     -2.49199924	     -2.01776384	      1.62493977	      0.26256380	     -0.40818282	     -0.40257015	     -0.07229870	      0.07516805	      0.01874723	      0.08672988	      0.13173167	      0.09826126	     -0.04437722	      0.09546975	     -0.03095753	      0.05493819	     -0.03158487	      0.05401840	      0.03891544	      0.07061627	      0.00125860	      0.08096936	      0.00839295	      0.06810277	      0.10948138	      0.11943309	      0.00755290	      0.05094020	      0.37178381	      0.06173882	      0.46916853	      0.03642859	      0.01804549	      0.08685127	      0.23696513	     18.73787623
      0.64500000	     -0.35713672	      0.70115957	      0.73323185	      0.05472148	     -0.69799043	     -0.87819954	      0.83316398	      0.20497741	     -0.14202924	     -0.32147467	      1.52407908	     -0.71322910	     -2.47802784	     -2.01222052	      1.60864550	      0.25299270	     -0.43311270	     -0.39979166	     -0.07242745	      0.07510709	      0.01850142	      0.08664533	      0.13485400	      0.09831597	     -0.04450597	      0.09540799	     -0.03108628	      0.05495956	     -0.03171362	      0.05400835	      0.03873509	      0.07063375	      0.00112985	      0.08092521	      0.00826420	      0.06810232	      0.10948138	      0.11947062	      0.00742415	      0.05094017	      0.37127913	      0.06173059	      0.46899686	      0.03641369	      0.01823843	      0.08686681	      0.23696513	     18.73863794
      0.64600000	     -0.35745983	      0.70268430	      0.73251721	      0.05225061	     -0.69999983	     -0.87659925	      0.83341217	      0.20453183	     -0.14242722	     -0.32475627	      1.52537785	     -0.71605636	     -2.46364877	     -2.00655737	      1.59185480	      0.24337516	     -0.45804697	     -0.39672073	     -0.07255620	      0.07504621	      0.01825900	      0.08656198	      0.13800790	      0.09836986	     -0.04463472	      0.09534680	     -0.03121503	      0.05497979	     -0.03184237	      0.05399744	      0.03856055	      0.07065239	      0.00100110	      0.08088143	      0.00813545	      0.06810187	      0.10948138	      0.11950794	      0.00729540	      0.05094015	      0.37077413	      0.06172235	      0.46882730	      0.03639885	      0.01844529	      0.08688180	      0.23696513	     18.73934393
      0.64700000	     -0.35778625	      0.70421031	      0.73179974	      0.04979431	     -0.70200351	     -0.87501599	      0.83365069	      0.20406132	     -0.14282337	     -0.32811611	      1.52665245	     -0.71889638	     -2.44884211	     -2.00072528	      1.57454921	      0.23386435	     -0.48296521	     -0.38843478	     -0.07268495	      0.07498542	      0.01801993	      0.08647981	      0.14119335	      0.09842291	     -0.04476347	      0.09528618	     -0.03134378	      0.05499889	     -0.03197112	      0.05398566	      0.03839197	      0.07067218	      0.00087235	      0.08083802	      0.00800670	      0.06810142	      0.10948138	      0.11954505	      0.00716665	      0.05094014	      0.37026889	      0.06171410	      0.46865994	      0.03638408	      0.01866284	      0.08689627	      0.23696513	     18.73999593
      0.64800000	     -0.35811606	      0.70573760	      0.73107942	      0.04735301	     -0.70400135	     -0.87345028	      0.83387954	      0.20356591	     -0.14321528	     -0.33153068	      1.52791512	     -0.72174714	     -2.43367436	     -1.99488002	      1.55678741	      0.22397550	     -0.50786088	     -0.39098790	     -0.07281370	      0.07492471	      0.01778414	      0.08639881	      0.14441075	      0.09847510	     -0.04489222	      0.09522617	     -0.03147253	      0.05501683	     -0.03209987	      0.05397301	      0.03822948	      0.07069313	      0.00074360	      0.08079497	      0.00787795	      0.06810098	      0.10948138	      0.11958196	      0.00703790	      0.05094012	      0.36976343	      0.06170585	      0.46849476	      0.03636936	      0.01888869	      0.08691029	      0.23696513	     18.74059620
      0.64900000	     -0.35844934	      0.70726614	      0.73035624	      0.04492710	     -0.70599323	     -0.87190259	      0.83409863	      0.20304562	     -0.14360508	     -0.33502303	      1.52915404	     -0.72461045	     -2.41808292	     -1.98887429	      1.53851317	      0.21417822	     -0.53270634	     -0.38923386	     -0.07294245	      0.07486409	      0.01755159	      0.08631895	      0.14766000	      0.09852643	     -0.04502097	      0.09516677	     -0.03160128	      0.05503362	     -0.03222862	      0.05395948	      0.03807322	      0.07071523	      0.00061485	      0.08075229	      0.00774920	      0.06810053	      0.10948138	      0.11961866	      0.00690915	      0.05094011	      0.36925782	      0.06169760	      0.46833187	      0.03635470	      0.01912061	      0.08692390	      0.23696513	     18.74114633
      0.65000000	     -0.35878614	      0.70879590	      0.72963019	      0.04251699	     -0.70797904	     -0.87037342	      0.83430793	      0.20250052	     -0.14399234	     -0.33858966	      1.53037116	     -0.72748594	     -2.40207856	     -1.98273485	      1.51973573	      0.20439672	     -0.55748542	     -0.38586114	     -0.07307120	      0.07480356	      0.01732223	      0.08624021	      0.15094122	      0.09857690	     -0.04514972	      0.09510802	     -0.03173003	      0.05504926	     -0.03235737	      0.05394508	      0.03792331	      0.07073849	      0.00048610	      0.08070997	      0.00762045	      0.06810008	      0.10948138	      0.11965514	      0.00678040	      0.05094010	      0.36875210	      0.06168935	      0.46817129	      0.03634010	      0.01935690	      0.08693714	      0.23696513	     18.74164840
      0.65100000	     -0.35912654	      0.71032687	      0.72890126	      0.04012308	     -0.70995867	     -0.86886328	      0.83450740	      0.20193067	     -0.14437754	     -0.34223644	      1.53156357	     -0.73037393	     -2.38564597	     -1.97642757	      1.50044119	      0.19474422	     -0.58217709	     -0.37725542	     -0.07319995	      0.07474312	      0.01709601	      0.08616259	      0.15425469	      0.09862652	     -0.04527847	      0.09504992	     -0.03185878	      0.05506373	     -0.03248612	      0.05392981	      0.03777990	      0.07076291	      0.00035735	      0.08066803	      0.00749170	      0.06809964	      0.10948138	      0.11969142	      0.00665165	      0.05094009	      0.36824631	      0.06168110	      0.46801303	      0.03632556	      0.01959601	      0.08695005	      0.23696513	     18.74210441
      0.65200000	     -0.35947062	      0.71185903	      0.72816944	      0.03774579	     -0.71193197	     -0.86737266	      0.83469707	      0.20133619	     -0.14475832	     -0.34593952	      1.53274374	     -0.73327245	     -2.36885203	     -1.97011464	      1.48068918	      0.18473831	     -0.60677372	     -0.37999510	     -0.07332870	      0.07468277	      0.01687289	      0.08608606	      0.15760029	      0.09867531	     -0.04540722	      0.09499250	     -0.03198753	      0.05507703	     -0.03261487	      0.05391365	      0.03764309	      0.07078847	      0.00022860	      0.08062645	      0.00736295	      0.06809919	      0.10948138	      0.11972748	      0.00652290	      0.05094008	      0.36774050	      0.06167285	      0.46785715	      0.03631109	      0.01983606	      0.08696268	      0.23696513	     18.74251678
      0.65300000	     -0.35981844	      0.71339235	      0.72743471	      0.03538551	     -0.71389885	     -0.86590207	      0.83487689	      0.20071717	     -0.14513688	     -0.34972212	      1.53389984	     -0.73618318	     -2.35163315	     -1.96364890	      1.46042300	      0.17483921	     -0.63124480	     -0.37879103	     -0.07345745	      0.07462251	      0.01665282	      0.08601060	      0.16097872	      0.09872329	     -0.04553597	      0.09493577	     -0.03211628	      0.05508917	     -0.03274362	      0.05389662	      0.03751304	      0.07081519	      0.00009985	      0.08058524	      0.00723420	      0.06809875	      0.10948138	      0.11976333	      0.00639415	      0.05094008	      0.36723467	      0.06166460	      0.46770357	      0.03629668	      0.02007578	      0.08697507	      0.23696513	     18.74288738
      0.65400000	     -0.36017009	      0.71492682	      0.72669707	      0.03304267	     -0.71585920	     -0.86445199	      0.83504684	      0.20007375	     -0.14551302	     -0.35358248	      1.53503294	     -0.73910584	     -2.33399486	     -1.95704785	      1.43964776	      0.16500355	     -0.65557065	     -0.37529441	     -0.07358620	      0.07456234	      0.01643576	      0.08593621	      0.16438908	      0.09877048	     -0.04566472	      0.09487977	     -0.03224503	      0.05510013	     -0.03287237	      0.05387871	      0.03738985	      0.07084304	     -0.00002890	      0.08054440	      0.00710545	      0.06809830	      0.10948138	      0.11979897	      0.00626540	      0.05094007	      0.36672894	      0.06165636	      0.46755257	      0.03628234	      0.02031299	      0.08698724	      0.23696513	     18.74321844
      0.65500000	     -0.36052563	      0.71646241	      0.72595650	      0.03071766	     -0.71781290	     -0.86302294	      0.83520693	      0.19940608	     -0.14588642	     -0.35751749	      1.53614485	     -0.74204004	     -2.31594630	     -1.95033818	      1.41837204	      0.15516225	     -0.67973148	     -0.37209995	     -0.07371495	      0.07450227	      0.01622165	      0.08586287	      0.16783183	      0.09881690	     -0.04579347	      0.09482450	     -0.03237378	      0.05510992	     -0.03300112	      0.05385993	      0.03727364	      0.07087202	     -0.00015765	      0.08050392	      0.00697670	      0.06809785	      0.10948138	      0.11983439	      0.00613665	      0.05094007	      0.36622336	      0.06164812	      0.46740417	      0.03626806	      0.02054666	      0.08699924	      0.23696513	     18.74351222
      0.65600000	     -0.36088515	      0.71799910	      0.72521299	      0.02841091	     -0.71975985	     -0.86161541	      0.83535714	      0.19871435	     -0.14625811	     -0.36153779	      1.53723025	     -0.74498640	     -2.29745855	     -1.94345583	      1.39657055	      0.14551398	     -0.70369977	     -0.36243381	     -0.07384370	      0.07444229	      0.01601046	      0.08579055	      0.17130726	      0.09886260	     -0.04592222	      0.09476999	     -0.03250253	      0.05511853	     -0.03312987	      0.05384027	      0.03716455	      0.07090212	     -0.00028640	      0.08046382	      0.00684795	      0.06809741	      0.10948138	      0.11986959	      0.00600790	      0.05094007	      0.36571796	      0.06163988	      0.46725842	      0.03625385	      0.02077585	      0.08701111	      0.23696513	     18.74377088
      0.65700000	     -0.36124872	      0.71953688	      0.72446652	      0.02612283	     -0.72169991	     -0.86022992	      0.83549756	      0.19799874	     -0.14662521	     -0.36561419	      1.53830441	     -0.74794259	     -2.27861287	     -1.93660103	      1.37431689	      0.13548209	     -0.72746685	     -0.36682913	     -0.07397245	      0.07438240	      0.01580215	      0.08571925	      0.17481547	      0.09890759	     -0.04605097	      0.09471625	     -0.03263128	      0.05512595	     -0.03325862	      0.05381974	      0.03706269	      0.07093334	     -0.00041515	      0.08042409	      0.00671920	      0.06809696	      0.10948138	      0.11990458	      0.00587915	      0.05094007	      0.36521281	      0.06163165	      0.46711544	      0.03623971	      0.02099971	      0.08702286	      0.23696513	     18.74399694
      0.65800000	     -0.36161640	      0.72107571	      0.72371710	      0.02385383	     -0.72363301	     -0.85886695	      0.83562813	      0.19725949	     -0.14699091	     -0.36977903	      1.53935084	     -0.75091084	     -2.25932024	     -1.92956555	      1.35153246	      0.12568612	     -0.75099225	     -0.36363022	     -0.07410120	      0.07432261	      0.01559667	      0.08564895	      0.17835711	      0.09895190	     -0.04617972	      0.09466331	     -0.03276003	      0.05513219	     -0.03338737	      0.05379834	      0.03696816	      0.07096564	     -0.00054390	      0.08038473	      0.00659045	      0.06809652	      0.10948138	      0.11993934	      0.00575040	      0.05094007	      0.36470794	      0.06162342	      0.46697521	      0.03622564	      0.02121796	      0.08703454	      0.23696513	     18.74419239
      0.65900000	     -0.36198830	      0.72261557	      0.72296470	      0.02160432	     -0.72555902	     -0.85752702	      0.83574890	      0.19649685	     -0.14735397	     -0.37401958	      1.54037631	     -0.75389001	     -2.23961642	     -1.92244021	      1.32825073	      0.11586919	     -0.77425673	     -0.36208469	     -0.07422995	      0.07426292	      0.01539398	      0.08557963	      0.18193101	      0.09899555	     -0.04630847	      0.09461119	     -0.03288878	      0.05513723	     -0.03351612	      0.05377607	      0.03688109	      0.07099903	     -0.00067265	      0.08034574	      0.00646170	      0.06809608	      0.10948138	      0.11997389	      0.00562165	      0.05094007	      0.36420352	      0.06161521	      0.46683820	      0.03621163	      0.02142922	      0.08704615	      0.23696513	     18.74435962
      0.66000000	     -0.36236447	      0.72415645	      0.72220931	      0.01937473	     -0.72747786	     -0.85621061	      0.83585987	      0.19571108	     -0.14771570	     -0.37834903	      1.54137421	     -0.75688085	     -2.21946552	     -1.91514280	      1.30444133	      0.10627413	     -0.79722660	     -0.35354522	     -0.07435870	      0.07420332	      0.01519403	      0.08551128	      0.18553780	      0.09903858	     -0.04643722	      0.09455990	     -0.03301753	      0.05514108	     -0.03364487	      0.05375295	      0.03680158	      0.07103348	     -0.00080140	      0.08030711	      0.00633295	      0.06809563	      0.10948138	      0.12000822	      0.00549290	      0.05094007	      0.36369960	      0.06160699	      0.46670443	      0.03619770	      0.02163355	      0.08705773	      0.23696513	     18.74450081
      0.66100000	     -0.36274500	      0.72569832	      0.72145093	      0.01716548	     -0.72938939	     -0.85491826	      0.83596112	      0.19490249	     -0.14807342	     -0.38273990	      1.54235889	     -0.75988127	     -2.19894437	     -1.90786249	      1.28017544	      0.09636949	     -0.81988767	     -0.35747856	     -0.07448745	      0.07414382	      0.01499680	      0.08544389	      0.18917780	      0.09908099	     -0.04656597	      0.09450947	     -0.03314628	      0.05514371	     -0.03377362	      0.05372898	      0.03672975	      0.07106898	     -0.00093015	      0.08026886	      0.00620420	      0.06809519	      0.10948138	      0.12004233	      0.00536415	      0.05094007	      0.36319623	      0.06159879	      0.46657400	      0.03618383	      0.02183091	      0.08706930	      0.23696513	     18.74461839
      0.66200000	     -0.36312998	      0.72724116	      0.72068955	      0.01497698	     -0.73129354	     -0.85365043	      0.83605264	      0.19407142	     -0.14842976	     -0.38721828	      1.54331709	     -0.76289290	     -2.17798166	     -1.90042971	      1.25539183	      0.08664408	     -0.84219616	     -0.35620030	     -0.07461620	      0.07408442	      0.01480223	      0.08537743	      0.19285169	      0.09912279	     -0.04669472	      0.09445991	     -0.03327503	      0.05514513	     -0.03390237	      0.05370416	      0.03666568	      0.07110550	     -0.00105890	      0.08023098	      0.00607545	      0.06809474	      0.10948138	      0.12007621	      0.00523540	      0.05094007	      0.36269343	      0.06159059	      0.46644691	      0.03617003	      0.02202159	      0.08708086	      0.23696513	     18.74471446
      0.66300000	     -0.36351947	      0.72878495	      0.71992514	      0.01280966	     -0.73319020	     -0.85240764	      0.83613447	      0.19321823	     -0.14878418	     -0.39177849	      1.54425190	     -0.76591516	     -2.15659422	     -1.89288671	      1.23010879	      0.07698239	     -0.86412268	     -0.35397152	     -0.07474495	      0.07402512	      0.01461030	      0.08531191	      0.19655837	      0.09916400	     -0.04682347	      0.09441125	     -0.03340378	      0.05514534	     -0.03403112	      0.05367851	      0.03660948	      0.07114303	     -0.00118765	      0.08019346	      0.00594670	      0.06809430	      0.10948138	      0.12010988	      0.00510665	      0.05094007	      0.36219139	      0.06158241	      0.46632361	      0.03615629	      0.02220472	      0.08709244	      0.23696513	     18.74479127
      0.66400000	     -0.36391356	      0.73032966	      0.71915771	      0.01066394	     -0.73507927	     -0.85119038	      0.83620665	      0.19234331	     -0.14913667	     -0.39641970	      1.54516389	     -0.76894780	     -2.13478556	     -1.88524243	      1.20433328	      0.06736385	     -0.88563333	     -0.35160820	     -0.07487370	      0.07396592	      0.01442095	      0.08524730	      0.20029852	      0.09920461	     -0.04695222	      0.09436351	     -0.03353253	      0.05514431	     -0.03415987	      0.05365203	      0.03656125	      0.07118155	     -0.00131640	      0.08015632	      0.00581795	      0.06809386	      0.10948138	      0.12014332	      0.00497790	      0.05094007	      0.36169013	      0.06157422	      0.46620411	      0.03614263	      0.02238081	      0.08710403	      0.23696513	     18.74485106
      0.66500000	     -0.36431234	      0.73187527	      0.71838724	      0.00854023	     -0.73696066	     -0.84999914	      0.83626921	      0.19144711	     -0.14948756	     -0.40114458	      1.54605183	     -0.77199083	     -2.11254983	     -1.87748184	      1.17806434	      0.05783347	     -0.90668960	     -0.34744177	     -0.07500245	      0.07390682	      0.01423416	      0.08518359	      0.20407263	      0.09924461	     -0.04708097	      0.09431670	     -0.03366128	      0.05514206	     -0.03428862	      0.05362473	      0.03652107	      0.07122103	     -0.00144515	      0.08011954	      0.00568920	      0.06809342	      0.10948138	      0.12017653	      0.00484915	      0.05094007	      0.36118969	      0.06156605	      0.46608845	      0.03612903	      0.02255024	      0.08711566	      0.23696513	     18.74489600
      0.66600000	     -0.36471587	      0.73342176	      0.71761373	      0.00643896	     -0.73883425	     -0.84883440	      0.83632221	      0.19053009	     -0.14983606	     -0.40594463	      1.54692022	     -0.77504353	     -2.08991216	     -1.86966429	      1.15132945	      0.04823225	     -0.92725610	     -0.34754774	     -0.07513120	      0.07384783	      0.01404989	      0.08512076	      0.20788090	      0.09928401	     -0.04720972	      0.09427084	     -0.03379003	      0.05513857	     -0.03441737	      0.05359663	      0.03648903	      0.07126146	     -0.00157390	      0.08008313	      0.00556045	      0.06809297	      0.10948138	      0.12020953	      0.00472040	      0.05094007	      0.36069012	      0.06155789	      0.46597671	      0.03611550	      0.02271328	      0.08712733	      0.23696513	     18.74492828
      0.66700000	     -0.36512425	      0.73496910	      0.71683715	      0.00436055	     -0.74069996	     -0.84769664	      0.83636567	      0.18959278	     -0.15018301	     -0.41082740	      1.54776527	     -0.77810621	     -2.06685350	     -1.86174039	      1.12411694	      0.03869829	     -0.94728535	     -0.34670277	     -0.07525995	      0.07378893	      0.01386810	      0.08505881	      0.21172424	      0.09932279	     -0.04733847	      0.09422596	     -0.03391878	      0.05513385	     -0.03454612	      0.05356774	      0.03646521	      0.07130279	     -0.00170265	      0.08004709	      0.00543170	      0.06809253	      0.10948138	      0.12024230	      0.00459165	      0.05094008	      0.36019140	      0.06154973	      0.46586879	      0.03610204	      0.02287073	      0.08713903	      0.23696513	     18.74495001
      0.66800000	     -0.36553756	      0.73651728	      0.71605751	      0.00230540	     -0.74255769	     -0.84658632	      0.83639964	      0.18863572	     -0.15052854	     -0.41579353	      1.54858676	     -0.78117874	     -2.04337407	     -1.85370669	      1.09643303	      0.02924210	     -0.96673001	     -0.34446702	     -0.07538870	      0.07373014	      0.01368875	      0.08499773	      0.21560146	      0.09936094	     -0.04746722	      0.09418207	     -0.03404753	      0.05512789	     -0.03467487	      0.05353807	      0.03644969	      0.07134501	     -0.00183140	      0.08001142	      0.00530295	      0.06809209	      0.10948138	      0.12027484	      0.00446290	      0.05094008	      0.35969371	      0.06154158	      0.46576515	      0.03608864	      0.02302185	      0.08715078	      0.23696513	     18.74496332
      0.66900000	     -0.36595587	      0.73806627	      0.71527479	      0.00027393	     -0.74440734	     -0.84550392	      0.83642417	      0.18765953	     -0.15087216	     -0.42083724	      1.54938775	     -0.78426060	     -2.01949199	     -1.84560254	      1.06830062	      0.01975961	     -0.98554263	     -0.34487135	     -0.07551745	      0.07367145	      0.01351181	      0.08493749	      0.21951372	      0.09939843	     -0.04759597	      0.09413919	     -0.03417628	      0.05512069	     -0.03480362	      0.05350764	      0.03644254	      0.07138809	     -0.00196015	      0.07997611	      0.00517420	      0.06809165	      0.10948138	      0.12030716	      0.00433415	      0.05094008	      0.35919701	      0.06153344	      0.46566558	      0.03607530	      0.02316773	      0.08716257	      0.23696513	     18.74497030
      0.67000000	     -0.36637926	      0.73961604	      0.71448899	     -0.00173343	     -0.74624882	     -0.84444988	      0.83643927	      0.18666487	     -0.15121460	     -0.42596499	      1.55016498	     -0.78735202	     -1.99519172	     -1.83738394	      1.03971279	      0.01036914	     -1.00365762	     -0.34326579	     -0.07564620	      0.07361287	      0.01333725	      0.08487808	      0.22346118	      0.09943525	     -0.04772472	      0.09409734	     -0.03430503	      0.05511226	     -0.03493237	      0.05347647	      0.03645793	      0.07143196	     -0.00208890	      0.07994117	      0.00504545	      0.06809121	      0.10948138	      0.12033925	      0.00420540	      0.05094008	      0.35870134	      0.06152530	      0.46557015	      0.03606203	      0.02330868	      0.08717441	      0.23696513	     18.74497299
      0.67100000	     -0.36680783	      0.74116659	      0.71370009	     -0.00371630	     -0.74808205	     -0.84342465	      0.83644500	      0.18565249	     -0.15155562	     -0.43117348	      1.55092021	     -0.79045270	     -1.97048580	     -1.82907259	      1.01068745	      0.00101376	     -1.02094745	     -0.34183650	     -0.07577495	      0.07355439	      0.01316503	      0.08481950	      0.22744487	      0.09947137	     -0.04785347	      0.09405654	     -0.03443378	      0.05510261	     -0.03506112	      0.05344457	      0.03657278	      0.07147631	     -0.00221765	      0.07990659	      0.00491670	      0.06809077	      0.10948138	      0.12037111	      0.00407665	      0.05094008	      0.35820663	      0.06151717	      0.46547866	      0.03604882	      0.02344569	      0.08718628	      0.23696513	     18.74497345
      0.67200000	     -0.36724164	      0.74271787	      0.71290808	     -0.00567426	     -0.74990691	     -0.84242866	      0.83644138	      0.18462334	     -0.15189529	     -0.43646259	      1.55165350	     -0.79356268	     -1.94538037	     -1.82066833	      0.98123436	     -0.00830366	     -1.03713646	     -0.34045296	     -0.07590370	      0.07349601	      0.01299512	      0.08476174	      0.23146384	      0.09950679	     -0.04798222	      0.09401681	     -0.03456253	      0.05509174	     -0.03518987	      0.05341197	      0.03677264	      0.07152078	     -0.00234640	      0.07987238	      0.00478795	      0.06809033	      0.10948138	      0.12040275	      0.00394790	      0.05094008	      0.35771304	      0.06150904	      0.46539143	      0.03603567	      0.02357824	      0.08719820	      0.23696513	     18.74497368
      0.67300000	     -0.36768078	      0.74426988	      0.71211296	     -0.00760692	     -0.75172333	     -0.84146233	      0.83642847	      0.18357869	     -0.15223368	     -0.44183205	      1.55236497	     -0.79668208	     -1.91988321	     -1.81217186	      0.95136264	     -0.01758184	     -1.05190139	     -0.33905341	     -0.07603245	      0.07343774	      0.01282748	      0.08470477	      0.23551901	      0.09954148	     -0.04811097	      0.09397816	     -0.03469128	      0.05507966	     -0.03531862	      0.05337868	      0.03704539	      0.07156514	     -0.00247515	      0.07983853	      0.00465920	      0.06808989	      0.10948138	      0.12043416	      0.00381915	      0.05094008	      0.35722050	      0.06150092	      0.46530826	      0.03602258	      0.02370726	      0.08721015	      0.23696513	     18.74497567
      0.67400000	     -0.36812533	      0.74582260	      0.71131471	     -0.00951389	     -0.75353120	     -0.84052608	      0.83640630	      0.18252011	     -0.15257089	     -0.44728193	      1.55305455	     -0.79981107	     -1.89400123	     -1.80358135	      0.92108010	     -0.02681361	     -1.06494082	     -0.33732111	     -0.07616120	      0.07337958	      0.01266208	      0.08464859	      0.23961079	      0.09957543	     -0.04823972	      0.09394061	     -0.03482003	      0.05506639	     -0.03544737	      0.05334474	      0.03738079	      0.07160928	     -0.00260390	      0.07980504	      0.00453045	      0.06808945	      0.10948138	      0.12046535	      0.00369040	      0.05094008	      0.35672900	      0.06149280	      0.46522908	      0.03600955	      0.02383329	      0.08722212	      0.23696513	     18.74498139
      0.67500000	     -0.36857538	      0.74737599	      0.71051333	     -0.01139479	     -0.75533044	     -0.83962031	      0.83637489	      0.18144947	     -0.15290685	     -0.45281077	      1.55372295	     -0.80294968	     -1.86774511	     -1.79490522	      0.89039879	     -0.03601874	     -1.07599869	     -0.33603742	     -0.07628995	      0.07332152	      0.01249889	      0.08459319	      0.24373949	      0.09960860	     -0.04836847	      0.09390417	     -0.03494878	      0.05505194	     -0.03557612	      0.05331018	      0.03777024	      0.07165314	     -0.00273265	      0.07977191	      0.00440170	      0.06808901	      0.10948138	      0.12049630	      0.00356165	      0.05094008	      0.35623853	      0.06148469	      0.46515380	      0.03599657	      0.02395677	      0.08723413	      0.23696513	     18.74499277
      0.67600000	     -0.36903098	      0.74893003	      0.70970881	     -0.01324925	     -0.75712097	     -0.83874542	      0.83633430	      0.18036885	     -0.15324177	     -0.45841966	      1.55436959	     -0.80609807	     -1.84111772	     -1.78613398	      0.85932565	     -0.04517292	     -1.08486211	     -0.33413455	     -0.07641870	      0.07326357	      0.01233788	      0.08453855	      0.24790552	      0.09964100	     -0.04849722	      0.09386887	     -0.03507753	      0.05503634	     -0.03570487	      0.05327504	      0.03820647	      0.07169669	     -0.00286140	      0.07973914	      0.00427295	      0.06808857	      0.10948138	      0.12052703	      0.00343290	      0.05094008	      0.35574906	      0.06147658	      0.46508229	      0.03598366	      0.02407827	      0.08724615	      0.23696513	     18.74501174
      0.67700000	     -0.36949224	      0.75048472	      0.70890113	     -0.01507690	     -0.75890268	     -0.83790179	      0.83628457	      0.17928054	     -0.15357465	     -0.46409821	      1.55499978	     -0.80925569	     -1.81415289	     -1.77733672	      0.82789822	     -0.05444915	     -1.09136181	     -0.33883337	     -0.07654745	      0.07320572	      0.01217901	      0.08448467	      0.25210871	      0.09967259	     -0.04862597	      0.09383472	     -0.03520628	      0.05501961	     -0.03583362	      0.05323937	      0.03868333	      0.07173991	     -0.00299015	      0.07970673	      0.00414420	      0.06808813	      0.10948138	      0.12055753	      0.00330415	      0.05094008	      0.35526060	      0.06146847	      0.46501457	      0.03597080	      0.02419783	      0.08725819	      0.23696513	     18.74504015
      0.67800000	     -0.36995922	      0.75204002	      0.70809029	     -0.01687740	     -0.76067550	     -0.83708978	      0.83622568	      0.17818697	     -0.15390807	     -0.46987092	      1.55560097	     -0.81242379	     -1.78678738	     -1.76834281	      0.79606945	     -0.06342449	     -1.09533265	     -0.33219554	     -0.07667620	      0.07314799	      0.01202227	      0.08443153	      0.25634938	      0.09970338	     -0.04875472	      0.09380174	     -0.03533503	      0.05500180	     -0.03596237	      0.05320321	      0.03919561	      0.07178279	     -0.00311890	      0.07967468	      0.00401545	      0.06808769	      0.10948138	      0.12058780	      0.00317540	      0.05094008	      0.35477313	      0.06146036	      0.46495051	      0.03595799	      0.02431593	      0.08727023	      0.23696513	     18.74507997
      0.67900000	     -0.37043201	      0.75359591	      0.70727628	     -0.01865037	     -0.76243935	     -0.83630976	      0.83615769	      0.17709075	     -0.15424060	     -0.47572319	      1.55618064	     -0.81560147	     -1.75906514	     -1.75924941	      0.76389214	     -0.07234595	     -1.09665327	     -0.32443226	     -0.07680495	      0.07309036	      0.01186761	      0.08437913	      0.26062782	      0.09973334	     -0.04888347	      0.09376993	     -0.03546378	      0.05498293	     -0.03609112	      0.05316663	      0.03973890	      0.07182532	     -0.00324765	      0.07964298	      0.00388670	      0.06808725	      0.10948138	      0.12061784	      0.00304665	      0.05094007	      0.35428659	      0.06145225	      0.46488994	      0.03594524	      0.02443303	      0.08728228	      0.23696513	     18.74513302
      0.68000000	     -0.37091068	      0.75515238	      0.70645909	     -0.02039546	     -0.76419410	     -0.83556206	      0.83608069	      0.17599458	     -0.15457024	     -0.48163466	      1.55674924	     -0.81878753	     -1.73104535	     -1.75019377	      0.73143584	     -0.08155061	     -1.09521764	     -0.33005114	     -0.07693370	      0.07303284	      0.01171501	      0.08432745	      0.26494392	      0.09976246	     -0.04901222	      0.09373932	     -0.03559253	      0.05496306	     -0.03621987	      0.05312968	      0.04030940	      0.07186747	     -0.00337640	      0.07961164	      0.00375795	      0.06808681	      0.10948138	      0.12064765	      0.00291790	      0.05094007	      0.35380099	      0.06144415	      0.46483282	      0.03593253	      0.02454925	      0.08729432	      0.23696513	     18.74520105
      0.68100000	     -0.37139530	      0.75670940	      0.70563870	     -0.02211234	     -0.76593970	     -0.83484699	      0.83599462	      0.17490127	     -0.15489980	     -0.48763235	      1.55729298	     -0.82198309	     -1.70265577	     -1.74098640	      0.69865420	     -0.09057909	     -1.09090276	     -0.32915475	     -0.07706245	      0.07297543	      0.01156443	      0.08427648	      0.26929799	      0.09979074	     -0.04914097	      0.09370992	     -0.03572128	      0.05494223	     -0.03634862	      0.05309244	      0.04090380	      0.07190921	     -0.00350515	      0.07958064	      0.00362920	      0.06808637	      0.10948138	      0.12067723	      0.00278915	      0.05094007	      0.35331626	      0.06143604	      0.46477897	      0.03591988	      0.02466503	      0.08730636	      0.23696513	     18.74528601
      0.68200000	     -0.37188597	      0.75826696	      0.70481512	     -0.02380066	     -0.76767605	     -0.83416484	      0.83589952	      0.17381376	     -0.15522915	     -0.49371423	      1.55781293	     -0.82518775	     -1.67390368	     -1.73163735	      0.66557502	     -0.09946380	     -1.08361465	     -0.32285918	     -0.07719120	      0.07291813	      0.01141585	      0.08422621	      0.27369005	      0.09981817	     -0.04926972	      0.09368174	     -0.03585003	      0.05492049	     -0.03647737	      0.05305497	      0.04151869	      0.07195049	     -0.00363390	      0.07955000	      0.00350045	      0.06808593	      0.10948138	      0.12070658	      0.00266040	      0.05094007	      0.35283238	      0.06142793	      0.46472825	      0.03590728	      0.02478062	      0.08731837	      0.23696513	     18.74538972
      0.68300000	     -0.37238274	      0.75982503	      0.70398833	     -0.02546007	     -0.76940304	     -0.83351589	      0.83579546	      0.17273505	     -0.15555607	     -0.49985817	      1.55832048	     -0.82840009	     -1.64485116	     -1.72229579	      0.63227765	     -0.10856570	     -1.07328909	     -0.32701399	     -0.07731995	      0.07286093	      0.01126925	      0.08417663	      0.27812014	      0.09984473	     -0.04939847	      0.09365480	     -0.03597878	      0.05489790	     -0.03660612	      0.05301735	      0.04215048	      0.07199127	     -0.00376265	      0.07951971	      0.00337170	      0.06808550	      0.10948138	      0.12073571	      0.00253165	      0.05094007	      0.35234929	      0.06141982	      0.46468053	      0.03589473	      0.02489624	      0.08733037	      0.23696513	     18.74551389
      0.68400000	     -0.37288571	      0.76138360	      0.70315832	     -0.02709025	     -0.77112060	     -0.83290037	      0.83568242	      0.17166822	     -0.15588214	     -0.50607882	      1.55880818	     -0.83162042	     -1.61545801	     -1.71285622	      0.59875065	     -0.11763687	     -1.05986279	     -0.33058373	     -0.07744870	      0.07280385	      0.01112459	      0.08412774	      0.28258823	      0.09987042	     -0.04952722	      0.09362910	     -0.03610753	      0.05487452	     -0.03673487	      0.05297966	      0.04279564	      0.07203149	     -0.00389140	      0.07948977	      0.00324295	      0.06808506	      0.10948138	      0.12076460	      0.00240290	      0.05094007	      0.35186696	      0.06141171	      0.46463567	      0.03588223	      0.02501207	      0.08734235	      0.23696513	     18.74566039
      0.68500000	     -0.37339494	      0.76294263	      0.70232508	     -0.02869084	     -0.77282864	     -0.83231849	      0.83556039	      0.17061637	     -0.15620847	     -0.51238654	      1.55927080	     -0.83484875	     -1.58569513	     -1.70324213	      0.56499371	     -0.12650535	     -1.04330399	     -0.32557546	     -0.07757745	      0.07274688	      0.01098184	      0.08407951	      0.28709431	      0.09989523	     -0.04965597	      0.09360467	     -0.03623628	      0.05485040	     -0.03686362	      0.05294198	      0.04345086	      0.07207109	     -0.00402015	      0.07946018	      0.00311420	      0.06808462	      0.10948138	      0.12079326	      0.00227415	      0.05094007	      0.35138534	      0.06140359	      0.46459352	      0.03586977	      0.02512831	      0.08735429	      0.23696513	     18.74583112
      0.68600000	     -0.37391051	      0.76450213	      0.70148862	     -0.03026153	     -0.77452705	     -0.83177043	      0.83542941	      0.16958280	     -0.15653339	     -0.51876408	      1.55971721	     -0.83808397	     -1.55561829	     -1.69356740	      0.53110626	     -0.13544140	     -1.02245239	     -0.32405688	     -0.07770620	      0.07269002	      0.01084099	      0.08403195	      0.29163827	      0.09991917	     -0.04978472	      0.09358149	     -0.03636503	      0.05482563	     -0.03699237	      0.05290440	      0.04411314	      0.07211000	     -0.00414890	      0.07943092	      0.00298545	      0.06808419	      0.10948138	      0.12082169	      0.00214540	      0.05094007	      0.35090440	      0.06139547	      0.46455396	      0.03585736	      0.02524505	      0.08736620	      0.23696513	     18.74602778
      0.68700000	     -0.37443249	      0.76606206	      0.70064891	     -0.03180201	     -0.77621575	     -0.83125619	      0.83528950	      0.16857727	     -0.15685722	     -0.52521075	      1.56014741	     -0.84132719	     -1.52532272	     -1.68381984	      0.49743297	     -0.14439303	     -0.98535900	     -0.32385861	     -0.07783495	      0.07263326	      0.01070200	      0.08398505	      0.29622005	      0.09994221	     -0.04991347	      0.09355960	     -0.03649378	      0.05480027	     -0.03712112	      0.05286702	      0.04477973	      0.07214813	     -0.00427765	      0.07940201	      0.00285670	      0.06808375	      0.10948138	      0.12084990	      0.00201665	      0.05094007	      0.35042408	      0.06138734	      0.46451684	      0.03584500	      0.02536244	      0.08737807	      0.23696513	     18.74625218
      0.68800000	     -0.37496095	      0.76762242	      0.69980596	     -0.03331210	     -0.77789466	     -0.83077546	      0.83514064	      0.16761830	     -0.15718033	     -0.53172901	      1.56056029	     -0.84457773	     -1.49481275	     -1.67397383	      0.46408096	     -0.15330932	     -0.92967300	     -0.32240084	     -0.07796370	      0.07257662	      0.01056484	      0.08393878	      0.30083899	      0.09996437	     -0.05004222	      0.09353898	     -0.03662253	      0.05477444	     -0.03724987	      0.05283000	      0.04544816	      0.07218524	     -0.00440640	      0.07937345	      0.00272795	      0.06808331	      0.10948138	      0.12087787	      0.00188790	      0.05094007	      0.34994440	      0.06137921	      0.46448220	      0.03583268	      0.02548009	      0.08738991	      0.23696513	     18.74650615
      0.68900000	     -0.37549597	      0.76918318	      0.69895975	     -0.03479156	     -0.77956367	     -0.83032792	      0.83498287	      0.16672325	     -0.15750227	     -0.53831487	      1.56095835	     -0.84783338	     -1.46406457	     -1.66405284	      0.43106290	     -0.16226965	     -0.85805422	     -0.32293003	     -0.07809245	      0.07252009	      0.01042950	      0.08389315	      0.30549596	      0.09998564	     -0.05017097	      0.09351963	     -0.03675128	      0.05474828	     -0.03737862	      0.05279358	      0.04611618	      0.07222098	     -0.00453515	      0.07934522	      0.00259920	      0.06808288	      0.10948138	      0.12090561	      0.00175915	      0.05094007	      0.34946520	      0.06137108	      0.46444959	      0.03582041	      0.02559894	      0.08740170	      0.23696513	     18.74679147
      0.69000000	     -0.37603761	      0.77074433	      0.69811029	     -0.03624012	     -0.78122270	     -0.82991324	      0.83481616	      0.16590628	     -0.15782363	     -0.54497444	      1.56133907	     -0.85109181	     -1.43301385	     -1.65400982	      0.39835129	     -0.17119978	     -0.77419980	     -0.32138784	     -0.07822120	      0.07246367	      0.01029594	      0.08384815	      0.31019083	      0.10000602	     -0.05029972	      0.09350155	     -0.03688003	      0.05472200	     -0.03750737	      0.05275803	      0.04678172	      0.07225494	     -0.00466390	      0.07931732	      0.00247045	      0.06808244	      0.10948138	      0.12093312	      0.00163040	      0.05094007	      0.34898644	      0.06136293	      0.46441886	      0.03580818	      0.02571905	      0.08741344	      0.23696513	     18.74711005
      0.69100000	     -0.37658594	      0.77230585	      0.69725757	     -0.03765746	     -0.78287164	     -0.82953112	      0.83464048	      0.16517750	     -0.15814407	     -0.55170542	      1.56170432	     -0.85435005	     -1.40161225	     -1.64385705	      0.36592887	     -0.18016138	     -0.68240706	     -0.32011092	     -0.07834995	      0.07240736	      0.01016414	      0.08380376	      0.31492231	      0.10002550	     -0.05042847	      0.09348472	     -0.03700878	      0.05469580	     -0.03763612	      0.05272367	      0.04744287	      0.07228672	     -0.00479265	      0.07928976	      0.00234170	      0.06808201	      0.10948138	      0.12096040	      0.00150165	      0.05094007	      0.34850821	      0.06135478	      0.46439027	      0.03579599	      0.02583938	      0.08742514	      0.23696513	     18.74746376
      0.69200000	     -0.37714104	      0.77386773	      0.69640159	     -0.03904321	     -0.78451038	     -0.82918130	      0.83445582	      0.16454262	     -0.15846373	     -0.55850978	      1.56205379	     -0.85760527	     -1.36979728	     -1.63357678	      0.33376108	     -0.18914809	     -0.58712412	     -0.31822460	     -0.07847870	      0.07235117	      0.01003408	      0.08375998	      0.31969082	      0.10004408	     -0.05055722	      0.09346914	     -0.03713753	      0.05466990	     -0.03776487	      0.05269079	      0.04809780	      0.07231598	     -0.00492140	      0.07926254	      0.00221295	      0.06808157	      0.10948138	      0.12098744	      0.00137290	      0.05094008	      0.34803039	      0.06134663	      0.46436350	      0.03578384	      0.02596051	      0.08743679	      0.23696513	     18.74785459
      0.69300000	     -0.37770299	      0.77542996	      0.69554236	     -0.04039691	     -0.78613877	     -0.82886352	      0.83426213	      0.16400299	     -0.15878237	     -0.56538586	      1.56238897	     -0.86085461	     -1.33751830	     -1.62317658	      0.30181864	     -0.19820571	     -0.49259834	     -0.31746882	     -0.07860745	      0.07229508	      0.00990528	      0.08371667	      0.32449662	      0.10006177	     -0.05068597	      0.09345480	     -0.03726628	      0.05464451	     -0.03789362	      0.05265967	      0.04874480	      0.07234248	     -0.00505015	      0.07923564	      0.00208420	      0.06808113	      0.10948138	      0.12101426	      0.00124415	      0.05094008	      0.34755290	      0.06133846	      0.46433830	      0.03577174	      0.02608282	      0.08744839	      0.23696513	     18.74828457
      0.69400000	     -0.37827184	      0.77699251	      0.69467989	     -0.04171808	     -0.78775670	     -0.82857759	      0.83405936	      0.16355590	     -0.15910016	     -0.57233555	      1.56270948	     -0.86409564	     -1.30472007	     -1.61263942	      0.27006126	     -0.20732110	     -0.40261996	     -0.31680814	     -0.07873620	      0.07223911	      0.00977653	      0.08367349	      0.32933864	      0.10007855	     -0.05081472	      0.09344169	     -0.03739503	      0.05461986	     -0.03802237	      0.05263055	      0.04938219	      0.07236607	     -0.00517890	      0.07920907	      0.00195545	      0.06808070	      0.10948138	      0.12104084	      0.00111540	      0.05094009	      0.34707579	      0.06133029	      0.46431485	      0.03575968	      0.02620546	      0.08745993	      0.23696513	     18.74875580
      0.69500000	     -0.37884768	      0.77855537	      0.69381417	     -0.04300617	     -0.78936401	     -0.82832335	      0.83384745	      0.16319517	     -0.15941708	     -0.57935884	      1.56301579	     -0.86732630	     -1.27135995	     -1.60196132	      0.23845128	     -0.21650336	     -0.32036078	     -0.31640307	     -0.07886495	      0.07218325	      0.00964778	      0.08363042	      0.33421679	      0.10009444	     -0.05094347	      0.09342980	     -0.03752378	      0.05459613	     -0.03815112	      0.05260360	      0.05000835	      0.07238672	     -0.00530765	      0.07918283	      0.00182670	      0.06808027	      0.10948138	      0.12106720	      0.00098665	      0.05094010	      0.34659903	      0.06132210	      0.46429303	      0.03574765	      0.02632851	      0.08747143	      0.23696513	     18.74927048
      0.69600000	     -0.37943058	      0.78011853	      0.69294524	     -0.04426060	     -0.79096057	     -0.82810065	      0.83362633	      0.16291178	     -0.15973305	     -0.58645459	      1.56330880	     -0.87054500	     -1.23740772	     -1.59114645	      0.20695180	     -0.22577166	     -0.24827300	     -0.31706517	     -0.07899370	      0.07212750	      0.00951903	      0.08358746	      0.33913157	      0.10010941	     -0.05107222	      0.09341913	     -0.03765253	      0.05457348	     -0.03827987	      0.05257895	      0.05062168	      0.07240445	     -0.00543640	      0.07915692	      0.00169795	      0.06807983	      0.10948138	      0.12109331	      0.00085790	      0.05094011	      0.34612250	      0.06131391	      0.46427249	      0.03573567	      0.02645261	      0.08748289	      0.23696513	     18.74983083
      0.69700000	     -0.38002062	      0.78168198	      0.69207309	     -0.04548077	     -0.79254623	     -0.82790943	      0.83339594	      0.16269466	     -0.16004849	     -0.59362620	      1.56358693	     -0.87375089	     -1.20283107	     -1.58016680	      0.17551243	     -0.23507026	     -0.18803114	     -0.31590966	     -0.07912245	      0.07207186	      0.00939028	      0.08354462	      0.34408244	      0.10012347	     -0.05120097	      0.09340966	     -0.03778128	      0.05455204	     -0.03840862	      0.05255664	      0.05122060	      0.07241939	     -0.00556515	      0.07913132	      0.00156920	      0.06807940	      0.10948138	      0.12111920	      0.00072915	      0.05094012	      0.34564619	      0.06130571	      0.46425325	      0.03572373	      0.02657739	      0.08749429	      0.23696513	     18.75043919
      0.69800000	     -0.38061786	      0.78324570	      0.69119774	     -0.04666604	     -0.79412084	     -0.82774963	      0.83315620	      0.16253146	     -0.16036314	     -0.60087013	      1.56385197	     -0.87694351	     -1.16762797	     -1.56904356	      0.14409827	     -0.24443988	     -0.14052627	     -0.31508623	     -0.07925120	      0.07201634	      0.00926153	      0.08350189	      0.34906888	      0.10013662	     -0.05132972	      0.09340141	     -0.03791003	      0.05453190	     -0.03853737	      0.05253663	      0.05180256	      0.07243170	     -0.00569390	      0.07910605	      0.00144045	      0.06807896	      0.10948138	      0.12114485	      0.00060040	      0.05094014	      0.34517008	      0.06129749	      0.46423525	      0.03571183	      0.02670270	      0.08750564	      0.23696513	     18.75109785
      0.69900000	     -0.38122238	      0.78480968	      0.69031921	     -0.04781581	     -0.79568426	     -0.82762124	      0.83290707	      0.16240932	     -0.16067708	     -0.60818569	      1.56410410	     -0.88012311	     -1.13179957	     -1.55777748	      0.11266573	     -0.25387110	     -0.10588665	     -0.31431110	     -0.07937995	      0.07196093	      0.00913278	      0.08345928	      0.35409058	      0.10014884	     -0.05145847	      0.09339435	     -0.03803878	      0.05451308	     -0.03866612	      0.05251884	      0.05236282	      0.07244159	     -0.00582265	      0.07908109	      0.00131170	      0.06807853	      0.10948138	      0.12117027	      0.00047165	      0.05094015	      0.34469413	      0.06128927	      0.46421838	      0.03569996	      0.02682858	      0.08751695	      0.23696513	     18.75180920
      0.70000000	     -0.38183426	      0.78637390	      0.68943750	     -0.04892943	     -0.79723634	     -0.82752432	      0.83264847	      0.16231558	     -0.16099037	     -0.61557174	      1.56434356	     -0.88329049	     -1.09535880	     -1.54637263	      0.08117161	     -0.26335551	     -0.08354977	     -0.31344794	     -0.07950870	      0.07190563	      0.00900403	      0.08341677	      0.35914703	      0.10016014	     -0.05158722	      0.09338850	     -0.03816753	      0.05449557	     -0.03879487	      0.05250313	      0.05289507	      0.07244934	     -0.00595140	      0.07905645	      0.00118295	      0.06807810	      0.10948138	      0.12119545	      0.00034290	      0.05094017	      0.34421832	      0.06128103	      0.46420260	      0.03568813	      0.02695484	      0.08752821	      0.23696513	     18.75257559
      0.70100000	     -0.38245355	      0.78793836	      0.68855263	     -0.05000633	     -0.79877695	     -0.82745894	      0.83238036	      0.16223849	     -0.16130305	     -0.62302665	      1.56457068	     -0.88644695	     -1.05832895	     -1.53483610	      0.04957352	     -0.27288606	     -0.07237035	     -0.31250662	     -0.07963745	      0.07185044	      0.00887528	      0.08337438	      0.36423812	      0.10017050	     -0.05171597	      0.09338386	     -0.03829628	      0.05447932	     -0.03892362	      0.05248930	      0.05339214	      0.07245523	     -0.00608015	      0.07903213	      0.00105420	      0.06807766	      0.10948138	      0.12122039	      0.00021415	      0.05094019	      0.34374261	      0.06127278	      0.46418779	      0.03567635	      0.02708157	      0.08753942	      0.23696513	     18.75339940
      0.70200000	     -0.38308033	      0.78950304	      0.68766461	     -0.05104591	     -0.80030597	     -0.82742522	      0.83210269	      0.16216765	     -0.16161528	     -0.63054951	      1.56478534	     -0.88959416	     -1.02073868	     -1.52316978	      0.01782762	     -0.28244225	     -0.07075748	     -0.31081202	     -0.07976620	      0.07179537	      0.00874653	      0.08333210	      0.36936361	      0.10017991	     -0.05184472	      0.09338042	     -0.03842503	      0.05446424	     -0.03905237	      0.05247715	      0.05384673	      0.07245960	     -0.00620890	      0.07900811	      0.00092545	      0.06807723	      0.10948138	      0.12124510	      0.00008540	      0.05094022	      0.34326697	      0.06126452	      0.46417388	      0.03566459	      0.02720871	      0.08755060	      0.23696513	     18.75428301
      0.70300000	     -0.38371467	      0.79106793	      0.68677344	     -0.05204764	     -0.80182327	     -0.82742334	      0.83181542	      0.16209441	     -0.16192680	     -0.63813567	      1.56498924	     -0.89273397	     -0.98263195	     -1.51140180	     -0.01410020	     -0.29205397	     -0.07683408	     -0.31044756	     -0.07989495	      0.07174041	      0.00861778	      0.08328993	      0.37452342	      0.10018838	     -0.05197347	      0.09337820	     -0.03855378	      0.05445019	     -0.03918112	      0.05246642	      0.05425219	      0.07246281	     -0.00633765	      0.07898441	      0.00079670	      0.06807680	      0.10948138	      0.12126957	     -0.00004335	      0.05094025	      0.34279136	      0.06125624	      0.46416079	      0.03565288	      0.02733623	      0.08756173	      0.23696513	     18.75522870
      0.70400000	     -0.38435662	      0.79263302	      0.68587914	     -0.05301102	     -0.80332875	     -0.82745349	      0.83151854	      0.16201209	     -0.16223785	     -0.64578477	      1.56518186	     -0.89586848	     -0.94404353	     -1.49952920	     -0.04625408	     -0.30168901	     -0.08859258	     -0.31011923	     -0.08002370	      0.07168556	      0.00848903	      0.08324787	      0.37971736	      0.10019589	     -0.05210222	      0.09337719	     -0.03868253	      0.05443702	     -0.03930987	      0.05245688	      0.05460302	      0.07246519	     -0.00646640	      0.07896101	      0.00066795	      0.06807637	      0.10948138	      0.12129380	     -0.00017210	      0.05094028	      0.34231577	      0.06124795	      0.46414848	      0.03564120	      0.02746399	      0.08757283	      0.23696513	     18.75623880
      0.70500000	     -0.38500626	      0.79419829	      0.68498171	     -0.05393558	     -0.80482231	     -0.82751593	      0.83121202	      0.16191599	     -0.16254844	     -0.65349434	      1.56536372	     -0.89899971	     -0.90501447	     -1.48756380	     -0.07867226	     -0.31134578	     -0.10405278	     -0.31015394	     -0.08015245	      0.07163082	      0.00836028	      0.08320593	      0.38494539	      0.10020243	     -0.05223097	      0.09337740	     -0.03881128	      0.05442457	     -0.03943862	      0.05244829	      0.05489540	      0.07246709	     -0.00659515	      0.07893791	      0.00053920	      0.06807594	      0.10948138	      0.12131779	     -0.00030085	      0.05094032	      0.34184017	      0.06123964	      0.46413689	      0.03562955	      0.02759195	      0.08758389	      0.23696513	     18.75731556
      0.70600000	     -0.38566363	      0.79576374	      0.68408114	     -0.05482091	     -0.80630385	     -0.82761094	      0.83089584	      0.16180336	     -0.16285859	     -0.66126215	      1.56553527	     -0.90212960	     -0.86558346	     -1.47551525	     -0.11139321	     -0.32102071	     -0.12139441	     -0.31071871	     -0.08028120	      0.07157620	      0.00823153	      0.08316409	      0.39020743	      0.10020799	     -0.05235972	      0.09337884	     -0.03894003	      0.05441268	     -0.03956737	      0.05244042	      0.05512748	      0.07246883	     -0.00672390	      0.07891512	      0.00041045	      0.06807550	      0.10948138	      0.12134155	     -0.00042960	      0.05094036	      0.34136452	      0.06123131	      0.46412598	      0.03561794	      0.02772006	      0.08759492	      0.23696513	     18.75846120
      0.70700000	     -0.38632880	      0.79732936	      0.68317745	     -0.05566662	     -0.80777330	     -0.82773884	      0.83057000	      0.16167310	     -0.16316860	     -0.66908866	      1.56569565	     -0.90525995	     -0.82577850	     -1.46337355	     -0.14446199	     -0.33067601	     -0.13906226	     -0.30994033	     -0.08040995	      0.07152170	      0.00810278	      0.08312237	      0.39550339	      0.10021257	     -0.05248847	      0.09338153	     -0.03906878	      0.05440119	     -0.03969612	      0.05243307	      0.05529951	      0.07247069	     -0.00685265	      0.07889263	      0.00028170	      0.06807507	      0.10948138	      0.12136506	     -0.00055835	      0.05094040	      0.34088883	      0.06122297	      0.46411570	      0.03560637	      0.02784824	      0.08760592	      0.23696513	     18.75967795
      0.70800000	     -0.38700183	      0.79889513	      0.68227062	     -0.05647236	     -0.80923058	     -0.82789999	      0.83023448	      0.16152553	     -0.16347892	     -0.67697553	      1.56584342	     -0.90839234	     -0.78561972	     -1.45111946	     -0.17792702	     -0.34026180	     -0.15584163	     -0.30505192	     -0.08053870	      0.07146730	      0.00797403	      0.08308076	      0.40083334	      0.10021615	     -0.05261722	      0.09338548	     -0.03919753	      0.05438994	     -0.03982487	      0.05242606	      0.05541379	      0.07247291	     -0.00698140	      0.07887043	      0.00015295	      0.06807464	      0.10948138	      0.12138834	     -0.00068710	      0.05094045	      0.34041303	      0.06121461	      0.46410595	      0.03559482	      0.02797662	      0.08761690	      0.23696513	     18.76096802
      0.70900000	     -0.38768276	      0.80046105	      0.68136066	     -0.05723779	     -0.81067560	     -0.82809480	      0.82988931	      0.16136199	     -0.16378793	     -0.68490632	      1.56598644	     -0.91152762	     -0.74517186	     -1.43886394	     -0.21179249	     -0.34997429	     -0.17091177	     -0.30761029	     -0.08066745	      0.07141302	      0.00784528	      0.08303925	      0.40619716	      0.10021873	     -0.05274597	      0.09339069	     -0.03932628	      0.05437879	     -0.03995362	      0.05241927	      0.05547453	      0.07247567	     -0.00711015	      0.07884853	      0.00002420	      0.06807421	      0.10948138	      0.12141137	     -0.00081585	      0.05094050	      0.33993709	      0.06120623	      0.46409666	      0.03558331	      0.02810517	      0.08762785	      0.23696513	     18.76233333
      0.71000000	     -0.38837165	      0.80202710	      0.68044756	     -0.05796261	     -0.81210831	     -0.82832372	      0.82953448	      0.16118443	     -0.16409695	     -0.69289098	      1.56611924	     -0.91466700	     -0.70442168	     -1.42652797	     -0.24612941	     -0.35965736	     -0.18382442	     -0.30860653	     -0.08079620	      0.07135885	      0.00771653	      0.08299786	      0.41159471	      0.10022028	     -0.05287472	      0.09339719	     -0.03945503	      0.05436763	     -0.04008237	      0.05241256	      0.05548757	      0.07247912	     -0.00723890	      0.07882691	     -0.00010455	      0.06807378	      0.10948138	      0.12143417	     -0.00094460	      0.05094056	      0.33946100	      0.06119783	      0.46408778	      0.03557183	      0.02823391	      0.08763878	      0.23696513	     18.76377619
      0.71100000	     -0.38906856	      0.80359328	      0.67953133	     -0.05864654	     -0.81352864	     -0.82858723	      0.82916999	      0.16099509	     -0.16440584	     -0.70092654	      1.56624297	     -0.91781112	     -0.66338634	     -1.41412515	     -0.28097840	     -0.36933238	     -0.19450299	     -0.30922638	     -0.08092495	      0.07130480	      0.00758778	      0.08295658	      0.41702580	      0.10022081	     -0.05300347	      0.09340499	     -0.03958378	      0.05435635	     -0.04021112	      0.05240586	      0.05548504	      0.07248331	     -0.00736765	      0.07880559	     -0.00023330	      0.06807335	      0.10948138	      0.12145673	     -0.00107335	      0.05094063	      0.33898469	      0.06118941	      0.46407923	      0.03556038	      0.02836289	      0.08764969	      0.23696513	     18.76529870
      0.71200000	     -0.38977352	      0.80515958	      0.67861194	     -0.05928929	     -0.81493654	     -0.82888586	      0.82879583	      0.16079610	     -0.16471494	     -0.70901458	      1.56635654	     -0.92096050	     -0.62206638	     -1.40163649	     -0.31639347	     -0.37896356	     -0.20316362	     -0.30718889	     -0.08105370	      0.07125085	      0.00745903	      0.08291541	      0.42249017	      0.10022031	     -0.05313222	      0.09341411	     -0.03971253	      0.05434487	     -0.04033987	      0.05239911	      0.05547914	      0.07248824	     -0.00749640	      0.07878455	     -0.00036205	      0.06807292	      0.10948138	      0.12147904	     -0.00120210	      0.05094070	      0.33850815	      0.06118096	      0.46407092	      0.03554896	      0.02849215	      0.08766058	      0.23696513	     18.76690304
      0.71300000	     -0.39048660	      0.80672600	      0.67768940	     -0.05989059	     -0.81633193	     -0.82922021	      0.82841201	      0.16058928	     -0.16502362	     -0.71714808	      1.56646327	     -0.92411531	     -0.58048272	     -1.38910537	     -0.35240978	     -0.38862855	     -0.21026177	     -0.30710818	     -0.08118245	      0.07119703	      0.00733028	      0.08287434	      0.42798756	      0.10021875	     -0.05326097	      0.09342458	     -0.03984128	      0.05433311	     -0.04046862	      0.05239227	      0.05547020	      0.07249385	     -0.00762515	      0.07876379	     -0.00049080	      0.06807249	      0.10948138	      0.12150112	     -0.00133085	      0.05094078	      0.33803132	      0.06117250	      0.46406276	      0.03553757	      0.02862181	      0.08767146	      0.23696513	     18.76859127
      0.71400000	     -0.39120783	      0.80829251	      0.67676371	     -0.06045018	     -0.81771476	     -0.82959089	      0.82801852	      0.16037589	     -0.16533217	     -0.72532829	      1.56656231	     -0.92727584	     -0.53863098	     -1.37651541	     -0.38908604	     -0.39829834	     -0.21642740	     -0.30710415	     -0.08131120	      0.07114331	      0.00720153	      0.08283339	      0.43351747	      0.10021614	     -0.05338972	      0.09343642	     -0.03997003	      0.05432102	     -0.04059737	      0.05238532	      0.05545869	      0.07250011	     -0.00775390	      0.07874331	     -0.00061955	      0.06807206	      0.10948138	      0.12152296	     -0.00145960	      0.05094086	      0.33755418	      0.06116401	      0.46405470	      0.03552621	      0.02875184	      0.08768231	      0.23696513	     18.77036560
      0.71500000	     -0.39193727	      0.80985912	      0.67583485	     -0.06096777	     -0.81908496	     -0.82999861	      0.82761536	      0.16015648	     -0.16564058	     -0.73355395	      1.56665410	     -0.93044223	     -0.49651215	     -1.36386895	     -0.42647785	     -0.40797797	     -0.22241579	     -0.30737204	     -0.08143995	      0.07108971	      0.00707278	      0.08279255	      0.43907947	      0.10021247	     -0.05351847	      0.09344965	     -0.04009878	      0.05430854	     -0.04072612	      0.05237823	      0.05544512	      0.07250698	     -0.00788265	      0.07872310	     -0.00074830	      0.06807163	      0.10948138	      0.12154457	     -0.00158835	      0.05094095	      0.33707667	      0.06115549	      0.46404665	      0.03551487	      0.02888232	      0.08769315	      0.23696513	     18.77222820
      0.71600000	     -0.39267495	      0.81142582	      0.67490282	     -0.06144312	     -0.82044249	     -0.83044410	      0.82720253	      0.15993084	     -0.16594891	     -0.74182456	      1.56673870	     -0.93361463	     -0.45412427	     -1.35116282	     -0.46464633	     -0.41766273	     -0.22904824	     -0.30750896	     -0.08156870	      0.07103622	      0.00694403	      0.08275181	      0.44467302	      0.10020771	     -0.05364722	      0.09346431	     -0.04022753	      0.05429562	     -0.04085487	      0.05237100	      0.05543005	      0.07251440	     -0.00801140	      0.07870317	     -0.00087705	      0.06807120	      0.10948138	      0.12156593	     -0.00171710	      0.05094105	      0.33659877	      0.06114695	      0.46403852	      0.03550357	      0.02901333	      0.08770398	      0.23696513	     18.77418129
      0.71700000	     -0.39342093	      0.81299260	      0.67396762	     -0.06187594	     -0.82178728	     -0.83092818	      0.82678001	      0.15969789	     -0.16625717	     -0.75013900	      1.56681647	     -0.93679325	     -0.41146722	     -1.33839888	     -0.50365471	     -0.42735626	     -0.23715869	     -0.30764710	     -0.08169745	      0.07098285	      0.00681528	      0.08271119	      0.45029755	      0.10020188	     -0.05377597	      0.09348041	     -0.04035628	      0.05428222	     -0.04098362	      0.05236361	      0.05541406	      0.07252235	     -0.00814015	      0.07868350	     -0.00100580	      0.06807077	      0.10948138	      0.12158706	     -0.00184585	      0.05094116	      0.33612043	      0.06113839	      0.46403024	      0.03549229	      0.02914494	      0.08771478	      0.23696513	     18.77622710
      0.71800000	     -0.39417524	      0.81455945	      0.67302923	     -0.06226597	     -0.82311928	     -0.83145171	      0.82634780	      0.15945576	     -0.16656533	     -0.75849599	      1.56688785	     -0.93997833	     -0.36854214	     -1.32558048	     -0.54356964	     -0.43706366	     -0.24754482	     -0.30805753	     -0.08182620	      0.07092959	      0.00668653	      0.08267067	      0.45595256	      0.10019496	     -0.05390472	      0.09349800	     -0.04048503	      0.05426829	     -0.04111237	      0.05235604	      0.05539767	      0.07253081	     -0.00826890	      0.07866410	     -0.00113455	      0.06807035	      0.10948138	      0.12160795	     -0.00197460	      0.05094127	      0.33564160	      0.06112979	      0.46402165	      0.03548103	      0.02927736	      0.08772558	      0.23696513	     18.77836786
      0.71900000	     -0.39493793	      0.81612637	      0.67208766	     -0.06261293	     -0.82443842	     -0.83201565	      0.82590589	      0.15920180	     -0.16687251	     -0.76688687	      1.56695695	     -0.94317016	     -0.32537184	     -1.31276515	     -0.58444328	     -0.44687813	     -0.26093208	     -0.31496330	     -0.08195495	      0.07087644	      0.00655778	      0.08263026	      0.46163767	      0.10018693	     -0.05403347	      0.09351711	     -0.04061378	      0.05425377	     -0.04124112	      0.05234825	      0.05538140	      0.07253977	     -0.00839765	      0.07864496	     -0.00126330	      0.06806992	      0.10948138	      0.12162860	     -0.00210335	      0.05094139	      0.33516217	      0.06112117	      0.46401256	      0.03546980	      0.02941098	      0.08773635	      0.23696513	     18.78060570
      0.72000000	     -0.39570905	      0.81769335	      0.67114289	     -0.06291658	     -0.82574467	     -0.83262099	      0.82545424	      0.15893270	     -0.16718161	     -0.77533567	      1.56701131	     -0.94636961	     -0.28189126	     -1.29977155	     -0.62641221	     -0.45649744	     -0.27791616	     -0.30812106	     -0.08208370	      0.07082340	      0.00642903	      0.08258996	      0.46735176	      0.10017780	     -0.05416222	      0.09353778	     -0.04074253	      0.05423861	     -0.04136987	      0.05234022	      0.05536568	      0.07254926	     -0.00852640	      0.07862608	     -0.00139205	      0.06806949	      0.10948138	      0.12164902	     -0.00223210	      0.05094153	      0.33468219	      0.06111252	      0.46400306	      0.03545860	      0.02954531	      0.08774711	      0.23696513	     18.78294332
      0.72100000	     -0.39648862	      0.81926039	      0.67019492	     -0.06317663	     -0.82703796	     -0.83326884	      0.82499288	      0.15864460	     -0.16748992	     -0.78381779	      1.56706306	     -0.94957700	     -0.23817135	     -1.28677459	     -0.66949563	     -0.46620631	     -0.29899331	     -0.30662745	     -0.08221245	      0.07077048	      0.00630028	      0.08254976	      0.47309431	      0.10016756	     -0.05429097	      0.09356003	     -0.04087128	      0.05422273	     -0.04149862	      0.05233189	      0.05535090	      0.07255932	     -0.00865515	      0.07860746	     -0.00152080	      0.06806906	      0.10948138	      0.12166920	     -0.00236085	      0.05094167	      0.33420159	      0.06110384	      0.46399301	      0.03544742	      0.02968059	      0.08775785	      0.23696513	     18.78538258
      0.72200000	     -0.39727669	      0.82082748	      0.66924373	     -0.06339285	     -0.82831823	     -0.83396038	      0.82452178	      0.15833324	     -0.16779795	     -0.79233643	      1.56711019	     -0.95279322	     -0.19420914	     -1.27374583	     -0.71378399	     -0.47595105	     -0.32449784	     -0.30704277	     -0.08234120	      0.07071768	      0.00617153	      0.08250968	      0.47886468	      0.10015620	     -0.05441972	      0.09358393	     -0.04100003	      0.05420606	     -0.04162737	      0.05232318	      0.05533736	      0.07257001	     -0.00878390	      0.07858908	     -0.00164955	      0.06806863	      0.10948138	      0.12168915	     -0.00248960	      0.05094182	      0.33372033	      0.06109513	      0.46398231	      0.03543626	      0.02981694	      0.08776857	      0.23696513	     18.78792581
      0.72300000	     -0.39807330	      0.82239461	      0.66828933	     -0.06356498	     -0.82958545	     -0.83469684	      0.82404094	      0.15799407	     -0.16810599	     -0.80089300	      1.56715156	     -0.95601927	     -0.15000919	     -1.26067009	     -0.75936468	     -0.48569966	     -0.35461634	     -0.30733310	     -0.08246995	      0.07066498	      0.00604278	      0.08246970	      0.48466240	      0.10014372	     -0.05454847	      0.09360951	     -0.04112878	      0.05418852	     -0.04175612	      0.05231401	      0.05532531	      0.07258142	     -0.00891265	      0.07857096	     -0.00177830	      0.06806821	      0.10948138	      0.12170886	     -0.00261835	      0.05094198	      0.33323832	      0.06108639	      0.46397077	      0.03542513	      0.02995466	      0.08777927	      0.23696513	     18.79057530
      0.72400000	     -0.39887849	      0.82396178	      0.66733169	     -0.06369280	     -0.83083957	     -0.83547956	      0.82355036	      0.15762245	     -0.16841395	     -0.80948550	      1.56718773	     -0.95925623	     -0.10558809	     -1.24755731	     -0.80631670	     -0.49545976	     -0.38939088	     -0.30819861	     -0.08259870	      0.07061240	      0.00591403	      0.08242983	      0.49048670	      0.10013010	     -0.05467722	      0.09363681	     -0.04125753	      0.05417002	     -0.04188487	      0.05230430	      0.05531494	      0.07259365	     -0.00904140	      0.07855308	     -0.00190705	      0.06806778	      0.10948138	      0.12172834	     -0.00274710	      0.05094215	      0.33275554	      0.06107762	      0.46395835	      0.03541402	      0.03009364	      0.08778995	      0.23696513	     18.79333328
      0.72500000	     -0.39969228	      0.82552898	      0.66637081	     -0.06377609	     -0.83208055	     -0.83630995	      0.82305002	      0.15721376	     -0.16872245	     -0.81811788	      1.56721618	     -0.96250537	     -0.06094846	     -1.23437340	     -0.85473232	     -0.50516995	     -0.42872097	     -0.30539592	     -0.08272745	      0.07055993	      0.00578528	      0.08239006	      0.49633694	      0.10011534	     -0.05480597	      0.09366590	     -0.04138628	      0.05415046	     -0.04201362	      0.05229393	      0.05530639	      0.07260685	     -0.00917015	      0.07853543	     -0.00203580	      0.06806735	      0.10948138	      0.12174759	     -0.00287585	      0.05094233	      0.33227196	      0.06106881	      0.46394497	      0.03540293	      0.03023394	      0.08780061	      0.23696513	     18.79620204
      0.72600000	     -0.40051473	      0.82709621	      0.66540668	     -0.06381465	     -0.83330835	     -0.83718952	      0.82253995	      0.15676356	     -0.16903022	     -0.82677808	      1.56724249	     -0.96576789	     -0.01613920	     -1.22120225	     -0.90466093	     -0.51494975	     -0.47238958	     -0.30780270	     -0.08285620	      0.07050758	      0.00565653	      0.08235040	      0.50221251	      0.10009943	     -0.05493472	      0.09369682	     -0.04151503	      0.05412973	     -0.04214237	      0.05228280	      0.05529978	      0.07262115	     -0.00929890	      0.07851803	     -0.00216455	      0.06806693	      0.10948138	      0.12176660	     -0.00300460	      0.05094253	      0.33178754	      0.06105998	      0.46393055	      0.03539186	      0.03037559	      0.08781125	      0.23696513	     18.79918354
      0.72700000	     -0.40134585	      0.82866347	      0.66443927	     -0.06380831	     -0.83452295	     -0.83811981	      0.82202012	      0.15626765	     -0.16933817	     -0.83547239	      1.56726295	     -0.96904519	      0.02883915	     -1.20799231	     -0.95619157	     -0.52471011	     -0.52005707	     -0.30917699	     -0.08298495	      0.07045534	      0.00552778	      0.08231085	      0.50811282	      0.10008237	     -0.05506347	      0.09372962	     -0.04164378	      0.05410774	     -0.04227112	      0.05227079	      0.05529522	      0.07263671	     -0.00942765	      0.07850086	     -0.00229330	      0.06806650	      0.10948138	      0.12178538	     -0.00313335	      0.05094273	      0.33130222	      0.06105110	      0.46391499	      0.03538082	      0.03051863	      0.08782186	      0.23696513	     18.80228008
      0.72800000	     -0.40218569	      0.83023074	      0.66346858	     -0.06375692	     -0.83572431	     -0.83910246	      0.82149056	      0.15572225	     -0.16964639	     -0.84420020	      1.56727730	     -0.97233865	      0.07396550	     -1.19474240	     -1.00938835	     -0.53444026	     -0.57129472	     -0.30887654	     -0.08311370	      0.07040321	      0.00539903	      0.08227141	      0.51403727	      0.10006415	     -0.05519222	      0.09376437	     -0.04177253	      0.05408438	     -0.04239987	      0.05225778	      0.05529281	      0.07265371	     -0.00955640	      0.07848392	     -0.00242205	      0.06806607	      0.10948138	      0.12180393	     -0.00326210	      0.05094295	      0.33081598	      0.06104219	      0.46389820	      0.03536979	      0.03066312	      0.08783245	      0.23696513	     18.80549377
      0.72900000	     -0.40303426	      0.83179802	      0.66249459	     -0.06366033	     -0.83691241	     -0.84013916	      0.82095126	      0.15512404	     -0.16995468	     -0.85295837	      1.56728659	     -0.97564958	      0.11921052	     -1.18146953	     -1.06429868	     -0.54415699	     -0.62560107	     -0.30830211	     -0.08324245	      0.07035119	      0.00527028	      0.08223207	      0.51998530	      0.10004476	     -0.05532097	      0.09380113	     -0.04190128	      0.05405957	     -0.04252862	      0.05224364	      0.05529270	      0.07267234	     -0.00968515	      0.07846720	     -0.00255080	      0.06806565	      0.10948138	      0.12182225	     -0.00339085	      0.05094318	      0.33032878	      0.06103325	      0.46388013	      0.03535879	      0.03080905	      0.08784302	      0.23696513	     18.80882664
      0.73000000	     -0.40389161	      0.83336531	      0.66151727	     -0.06351847	     -0.83808725	     -0.84123164	      0.82040224	      0.15447022	     -0.17026372	     -0.86175114	      1.56728815	     -0.97897931	      0.16456401	     -1.16813567	     -1.12097490	     -0.55379771	     -0.68240856	     -0.30269525	     -0.08337120	      0.07029929	      0.00514153	      0.08219284	      0.52595599	      0.10002420	     -0.05544972	      0.09383995	     -0.04203003	      0.05403322	     -0.04265737	      0.05222827	      0.05531817	      0.07269274	     -0.00981390	      0.07845071	     -0.00267955	      0.06806522	      0.10948138	      0.12184033	     -0.00351960	      0.05094343	      0.32984063	      0.06102427	      0.46386086	      0.03534781	      0.03095598	      0.08785356	      0.23696513	     18.81228083
      0.73100000	     -0.40475776	      0.83493260	      0.66053662	     -0.06333122	     -0.83924878	     -0.84238167	      0.81984353	      0.15375859	     -0.17057123	     -0.87055789	      1.56729189	     -0.98232893	      0.20994657	     -1.15488712	     -1.17939252	     -0.56356421	     -0.74109670	     -0.30803327	     -0.08349995	      0.07024750	      0.00501278	      0.08215371	      0.53194958	      0.10000246	     -0.05557847	      0.09388091	     -0.04215878	      0.05400526	     -0.04278612	      0.05221154	      0.05536883	      0.07271504	     -0.00994265	      0.07843443	     -0.00280830	      0.06806480	      0.10948138	      0.12185819	     -0.00364835	      0.05094369	      0.32935138	      0.06101525	      0.46383994	      0.03533685	      0.03110501	      0.08786407	      0.23696513	     18.81585797
      0.73200000	     -0.40563274	      0.83649989	      0.65955261	     -0.06309856	     -0.84039702	     -0.84359102	      0.81927512	      0.15298762	     -0.17087936	     -0.87939512	      1.56728899	     -0.98569961	      0.25538018	     -1.14159333	     -1.23960021	     -0.57326262	     -0.80097510	     -0.30922784	     -0.08362870	      0.07019582	      0.00488403	      0.08211469	      0.53796521	      0.09997953	     -0.05570722	      0.09392407	     -0.04228753	      0.05397567	     -0.04291487	      0.05219336	      0.05544373	      0.07273939	     -0.01007140	      0.07841837	     -0.00293705	      0.06806437	      0.10948138	      0.12187582	     -0.00377710	      0.05094396	      0.32886104	      0.06100620	      0.46381744	      0.03532590	      0.03125565	      0.08787456	      0.23696513	     18.81956038
      0.73300000	     -0.40651656	      0.83806718	      0.65856522	     -0.06282045	     -0.84153195	     -0.84486146	      0.81869703	      0.15215648	     -0.17118774	     -0.88825813	      1.56728140	     -0.98909228	      0.30082851	     -1.12828092	     -1.30157418	     -0.58292682	     -0.86134662	     -0.30889422	     -0.08375745	      0.07014426	      0.00475528	      0.08207577	      0.54400224	      0.09995540	     -0.05583597	      0.09396949	     -0.04241628	      0.05394441	     -0.04304362	      0.05217364	      0.05554264	      0.07276591	     -0.01020015	      0.07840252	     -0.00306580	      0.06806395	      0.10948138	      0.12189322	     -0.00390585	      0.05094425	      0.32836960	      0.06099710	      0.46379335	      0.03531498	      0.03140775	      0.08788502	      0.23696513	     18.82338995
      0.73400000	     -0.40740926	      0.83963445	      0.65757442	     -0.06249690	     -0.84265357	     -0.84619474	      0.81810929	      0.15126500	     -0.17149615	     -0.89714366	      1.56727041	     -0.99250766	      0.34625970	     -1.11496520	     -1.36527220	     -0.59257516	     -0.92151908	     -0.30844458	     -0.08388620	      0.07009281	      0.00462653	      0.08203696	      0.55006013	      0.09993008	     -0.05596472	      0.09401723	     -0.04254503	      0.05391151	     -0.04317237	      0.05215229	      0.05566594	      0.07279472	     -0.01032890	      0.07838688	     -0.00319455	      0.06806352	      0.10948138	      0.12191040	     -0.00403460	      0.05094455	      0.32787701	      0.06098797	      0.46376760	      0.03530408	      0.03156132	      0.08789546	      0.23696513	     18.82734859
      0.73500000	     -0.40831085	      0.84120172	      0.65658019	     -0.06212795	     -0.84376189	     -0.84759256	      0.81751188	      0.15031373	     -0.17180539	     -0.90605668	      1.56725320	     -0.99594626	      0.39166534	     -1.10159934	     -1.43064904	     -0.60214395	     -0.98082255	     -0.30234233	     -0.08401495	      0.07004147	      0.00449778	      0.08199826	      0.55613835	      0.09990354	     -0.05609347	      0.09406737	     -0.04267378	      0.05387702	     -0.04330112	      0.05212927	      0.05581450	      0.07282593	     -0.01045765	      0.07837144	     -0.00332330	      0.06806310	      0.10948138	      0.12192735	     -0.00416335	      0.05094487	      0.32738326	      0.06097880	      0.46374015	      0.03529319	      0.03171634	      0.08790586	      0.23696513	     18.83143838
      0.73600000	     -0.40922137	      0.84276897	      0.65558252	     -0.06171364	     -0.84485688	     -0.84905653	      0.81690486	      0.14930384	     -0.17211289	     -0.91497487	      1.56724081	     -0.99940833	      0.43696346	     -1.08834054	     -1.49756896	     -0.61184290	     -1.03864410	     -0.30822966	     -0.08414370	      0.06999024	      0.00436903	      0.08195966	      0.56223654	      0.09987579	     -0.05622222	      0.09411997	     -0.04280253	      0.05384106	     -0.04342987	      0.05210453	      0.05598962	      0.07285959	     -0.01058640	      0.07835620	     -0.00345205	      0.06806268	      0.10948138	      0.12194407	     -0.00429210	      0.05094521	      0.32688828	      0.06096959	      0.46371082	      0.03528233	      0.03187308	      0.08791624	      0.23696513	     18.83566087
      0.73700000	     -0.41014081	      0.84433620	      0.65458137	     -0.06125405	     -0.84593856	     -0.85058819	      0.81628821	      0.14823713	     -0.17242050	     -0.92391191	      1.56722619	     -1.00289392	      0.48217238	     -1.07507580	     -1.56596081	     -0.62152192	     -1.09439805	     -0.31325992	     -0.08427245	      0.06993913	      0.00424028	      0.08192116	      0.56835390	      0.09984682	     -0.05635097	      0.09417507	     -0.04293128	      0.05380376	     -0.04355862	      0.05207805	      0.05619288	      0.07289575	     -0.01071515	      0.07834116	     -0.00358080	      0.06806225	      0.10948138	      0.12196057	     -0.00442085	      0.05094556	      0.32639210	      0.06096034	      0.46367971	      0.03527148	      0.03203111	      0.08792660	      0.23696513	     18.84001834
      0.73800000	     -0.41106921	      0.84590341	      0.65357672	     -0.06074930	     -0.84700694	     -0.85218893	      0.81566193	      0.14711592	     -0.17272951	     -0.93287680	      1.56720473	     -1.00640279	      0.52729899	     -1.06172657	     -1.63571889	     -0.63108543	     -1.14754363	     -0.30850648	     -0.08440120	      0.06988813	      0.00411153	      0.08188277	      0.57448995	      0.09981661	     -0.05647972	      0.09423275	     -0.04306003	      0.05376534	     -0.04368737	      0.05204984	      0.05642601	      0.07293440	     -0.01084390	      0.07832631	     -0.00370955	      0.06806183	      0.10948138	      0.12197685	     -0.00454960	      0.05094593	      0.32589466	      0.06095105	      0.46364673	      0.03526065	      0.03219053	      0.08793692	      0.23696513	     18.84451305
      0.73900000	     -0.41200657	      0.84747061	      0.65256856	     -0.06019950	     -0.84806201	     -0.85386002	      0.81502604	      0.14594308	     -0.17303798	     -0.94185253	      1.56718500	     -1.00993454	      0.57227999	     -1.04840946	     -1.70665222	     -0.64068986	     -1.19757583	     -0.30727910	     -0.08452995	      0.06983724	      0.00398278	      0.08184448	      0.58064424	      0.09978518	     -0.05660847	      0.09429304	     -0.04318878	      0.05372601	     -0.04381612	      0.05201990	      0.05669085	      0.07297546	     -0.01097265	      0.07831165	     -0.00383830	      0.06806141	      0.10948138	      0.12199291	     -0.00467835	      0.05094632	      0.32539593	      0.06094171	      0.46361177	      0.03524984	      0.03235146	      0.08794721	      0.23696513	     18.84914677
      0.74000000	     -0.41295291	      0.84903778	      0.65155685	     -0.05960480	     -0.84910378	     -0.85560257	      0.81438052	      0.14472198	     -0.17334616	     -0.95083993	      1.56716665	     -1.01348857	      0.61710134	     -1.03510702	     -1.77859300	     -0.65031795	     -1.24396141	     -0.30772079	     -0.08465870	      0.06978646	      0.00385403	      0.08180630	      0.58681621	      0.09975249	     -0.05673722	      0.09435600	     -0.04331753	      0.05368604	     -0.04394487	      0.05198830	      0.05698922	      0.07301886	     -0.01110140	      0.07829717	     -0.00396705	      0.06806098	      0.10948138	      0.12200874	     -0.00480710	      0.05094673	      0.32489589	      0.06093234	      0.46357478	      0.03523905	      0.03251391	      0.08795748	      0.23696513	     18.85392171
      0.74100000	     -0.41390825	      0.85060494	      0.65054157	     -0.05896536	     -0.85013223	     -0.85741748	      0.81372539	      0.14345657	     -0.17365425	     -0.95983927	      1.56714964	     -1.01706418	      0.66174674	     -1.02180546	     -1.85135334	     -0.65995855	     -1.28609247	     -0.30839948	     -0.08478745	      0.06973580	      0.00372528	      0.08176821	      0.59300556	      0.09971857	     -0.05686597	      0.09442166	     -0.04344628	      0.05364568	     -0.04407362	      0.05195508	      0.05732275	      0.07306444	     -0.01123015	      0.07828287	     -0.00409580	      0.06806056	      0.10948138	      0.12202436	     -0.00493585	      0.05094716	      0.32439445	      0.06092292	      0.46353557	      0.03522828	      0.03267822	      0.08796772	      0.23696513	     18.85884013
      0.74200000	     -0.41487260	      0.85217208	      0.64952271	     -0.05828137	     -0.85114738	     -0.85930548	      0.81306061	      0.14215146	     -0.17396256	     -0.96885144	      1.56713362	     -1.02066066	      0.70619945	     -1.00848549	     -1.92472982	     -0.66959451	     -1.32322018	     -0.30722747	     -0.08491620	      0.06968524	      0.00359653	      0.08173024	      0.59921113	      0.09968338	     -0.05699472	      0.09449006	     -0.04357503	      0.05360513	     -0.04420237	      0.05192035	      0.05769280	      0.07311204	     -0.01135890	      0.07826875	     -0.00422455	      0.06806014	      0.10948138	      0.12203976	     -0.00506460	      0.05094760	      0.32389171	      0.06091346	      0.46349440	      0.03521753	      0.03284349	      0.08797792	      0.23696513	     18.86390439
      0.74300000	     -0.41584596	      0.85373921	      0.64850024	     -0.05755304	     -0.85214922	     -0.86126706	      0.81238617	      0.14081211	     -0.17427052	     -0.97787034	      1.56712179	     -1.02427732	      0.75041996	     -0.99518037	     -1.99848691	     -0.67927078	     -1.35440332	     -0.30806412	     -0.08504495	      0.06963480	      0.00346778	      0.08169236	      0.60543257	      0.09964694	     -0.05712347	      0.09456121	     -0.04370378	      0.05356454	     -0.04433112	      0.05188420	      0.05810041	      0.07316144	     -0.01148765	      0.07825481	     -0.00435330	      0.06805972	      0.10948138	      0.12205494	     -0.00519335	      0.05094807	      0.32338760	      0.06090395	      0.46345112	      0.03520680	      0.03301009	      0.08798810	      0.23696513	     18.86911681
      0.74400000	     -0.41682834	      0.85530633	      0.64747415	     -0.05678061	     -0.85313775	     -0.86330250	      0.81170206	      0.13944502	     -0.17457879	     -0.98689940	      1.56711251	     -1.02791354	      0.79439107	     -0.98185020	     -2.07240028	     -0.68894393	     -1.37849114	     -0.30633387	     -0.08517370	      0.06958447	      0.00333903	      0.08165459	      0.61166936	      0.09960923	     -0.05725222	      0.09463513	     -0.04383253	      0.05352397	     -0.04445987	      0.05184676	      0.05854627	      0.07321238	     -0.01161640	      0.07824103	     -0.00448205	      0.06805930	      0.10948138	      0.12206990	     -0.00532210	      0.05094856	      0.32288209	      0.06089441	      0.46340565	      0.03519608	      0.03317810	      0.08799825	      0.23696513	     18.87447995
      0.74500000	     -0.41781975	      0.85687344	      0.64644441	     -0.05596436	     -0.85411295	     -0.86541182	      0.81100824	      0.13805789	     -0.17488658	     -0.99593049	      1.56711001	     -1.03156874	      0.83806312	     -0.96854251	     -2.14621152	     -0.69867290	     -1.39429558	     -0.30746735	     -0.08530245	      0.06953426	      0.00321028	      0.08161692	      0.61792090	      0.09957024	     -0.05738097	      0.09471184	     -0.04396128	      0.05348342	     -0.04458862	      0.05180819	      0.05903066	      0.07326459	     -0.01174515	      0.07822741	     -0.00461080	      0.06805887	      0.10948138	      0.12208465	     -0.00545085	      0.05094907	      0.32237517	      0.06088482	      0.46335793	      0.03518538	      0.03334751	      0.08800838	      0.23696513	     18.87999624
      0.74600000	     -0.41882020	      0.85844055	      0.64541101	     -0.05510460	     -0.85507483	     -0.86759481	      0.81030469	      0.13665954	     -0.17519433	     -1.00496536	      1.56711355	     -1.03524214	      0.88141605	     -0.95523062	     -2.21968664	     -0.70843086	     -1.40075191	     -0.30844717	     -0.08543120	      0.06948415	      0.00308153	      0.08157936	      0.62418683	      0.09952998	     -0.05750972	      0.09479132	     -0.04409003	      0.05344288	     -0.04471737	      0.05176864	      0.05955347	      0.07331775	     -0.01187390	      0.07821396	     -0.00473955	      0.06805845	      0.10948138	      0.12209918	     -0.00557960	      0.05094960	      0.32186676	      0.06087518	      0.46330779	      0.03517471	      0.03351869	      0.08801847	      0.23696513	     18.88566837
      0.74700000	     -0.41982969	      0.86000767	      0.64437392	     -0.05420164	     -0.85602340	     -0.86985101	      0.80959138	      0.13525980	     -0.17550237	     -1.01400469	      1.56712302	     -1.03893288	      0.92443012	     -0.94189662	     -2.29259363	     -0.71820387	     -1.39695570	     -0.30730826	     -0.08555995	      0.06943416	      0.00295278	      0.08154189	      0.63046595	      0.09948844	     -0.05763847	      0.09487356	     -0.04421878	      0.05340237	     -0.04484612	      0.05172829	      0.06011413	      0.07337150	     -0.01200265	      0.07820067	     -0.00486830	      0.06805803	      0.10948138	      0.12211350	     -0.00570835	      0.05095016	      0.32135696	      0.06086550	      0.46325555	      0.03516405	      0.03369063	      0.08802853	      0.23696513	     18.89149910
      0.74800000	     -0.42084821	      0.86157480	      0.64333313	     -0.05325586	     -0.85695864	     -0.87217973	      0.80886826	      0.13386929	     -0.17581009	     -1.02304252	      1.56714166	     -1.04264005	      0.96707105	     -0.92857397	     -2.36469282	     -0.72803501	     -1.38217320	     -0.30806079	     -0.08568870	      0.06938428	      0.00282403	      0.08150453	      0.63675769	      0.09944561	     -0.05776722	      0.09495854	     -0.04434753	      0.05336187	     -0.04497487	      0.05168734	      0.06071165	      0.07342545	     -0.01213140	      0.07818753	     -0.00499705	      0.06805761	      0.10948138	      0.12212761	     -0.00583710	      0.05095074	      0.32084576	      0.06085578	      0.46320115	      0.03515341	      0.03386346	      0.08803857	      0.23696513	     18.89749115
      0.74900000	     -0.42187577	      0.86314195	      0.64228863	     -0.05226763	     -0.85788054	     -0.87458005	      0.80813530	      0.13249931	     -0.17611806	     -1.03208187	      1.56716825	     -1.04636257	      1.00933273	     -0.91522919	     -2.43577785	     -0.73789483	     -1.35583289	     -0.30705415	     -0.08581745	      0.06933451	      0.00269528	      0.08146727	      0.64306190	      0.09940149	     -0.05789597	      0.09504622	     -0.04447628	      0.05332140	     -0.04510362	      0.05164596	      0.06134457	      0.07347919	     -0.01226015	      0.07817454	     -0.00512580	      0.06805719	      0.10948138	      0.12214151	     -0.00596585	      0.05095135	      0.32033304	      0.06084601	      0.46314428	      0.03514279	      0.03403792	      0.08804858	      0.23696513	     18.90364753
      0.75000000	     -0.42291237	      0.86470914	      0.64124040	     -0.05123733	     -0.85878911	     -0.87705087	      0.80739244	      0.13116162	     -0.17642578	     -1.04111780	      1.56720559	     -1.05009940	      1.05119109	     -0.90189056	     -2.50563789	     -0.74782071	     -1.31752843	     -0.30781807	     -0.08594620	      0.06928485	      0.00256653	      0.08143012	      0.64937777	      0.09935608	     -0.05802472	      0.09513658	     -0.04460503	      0.05328094	     -0.04523237	      0.05160435	      0.06201098	      0.07353228	     -0.01238890	      0.07816170	     -0.00525455	      0.06805677	      0.10948138	      0.12215519	     -0.00609460	      0.05095198	      0.31981885	      0.06083619	      0.46308504	      0.03513219	      0.03421364	      0.08805856	      0.23696513	     18.90997118
      0.75100000	     -0.42395801	      0.86627637	      0.64018843	     -0.05016538	     -0.85968432	     -0.87959086	      0.80663964	      0.12986832	     -0.17673367	     -1.05015274	      1.56725281	     -1.05384938	      1.09264594	     -0.88853170	     -2.57409686	     -0.75779267	     -1.26700802	     -0.30761311	     -0.08607495	      0.06923530	      0.00243778	      0.08139306	      0.65570459	      0.09930937	     -0.05815347	      0.09522956	     -0.04473378	      0.05324050	     -0.04536112	      0.05156269	      0.06270854	      0.07358429	     -0.01251765	      0.07814900	     -0.00538330	      0.06805635	      0.10948138	      0.12216867	     -0.00622335	      0.05095263	      0.31930318	      0.06082632	      0.46302346	      0.03512161	      0.03439045	      0.08806852	      0.23696513	     18.91646533
      0.75200000	     -0.42501267	      0.86784365	      0.63913270	     -0.04905218	     -0.86056617	     -0.88219854	      0.80587684	      0.12863171	     -0.17704118	     -1.05918185	      1.56731271	     -1.05761139	      1.13368114	     -0.87518321	     -2.64098013	     -0.76784956	     -1.20418102	     -0.31034041	     -0.08620370	      0.06918586	      0.00230903	      0.08135611	      0.66204174	      0.09926135	     -0.05828222	      0.09532511	     -0.04486253	      0.05320008	     -0.04548987	      0.05152113	      0.06343450	      0.07363477	     -0.01264640	      0.07813644	     -0.00551205	      0.06805593	      0.10948138	      0.12218194	     -0.00635210	      0.05095332	      0.31878602	      0.06081641	      0.46295954	      0.03511105	      0.03456829	      0.08807846	      0.23696513	     18.92313315
      0.75300000	     -0.42607637	      0.86941100	      0.63807320	     -0.04789814	     -0.86143464	     -0.88487226	      0.80510396	      0.12746404	     -0.17734940	     -1.06821282	      1.56738182	     -1.06138415	      1.17431887	     -0.86178122	     -2.70616317	     -0.77793596	     -1.12912113	     -0.30898867	     -0.08633245	      0.06913654	      0.00218028	      0.08131925	      0.66838866	      0.09921204	     -0.05841097	      0.09542315	     -0.04499128	      0.05315968	     -0.04561862	      0.05147983	      0.06418571	      0.07368329	     -0.01277515	      0.07812401	     -0.00564080	      0.06805551	      0.10948138	      0.12219500	     -0.00648085	      0.05095403	      0.31826737	      0.06080646	      0.46289320	      0.03510050	      0.03474729	      0.08808837	      0.23696513	     18.92997821
      0.75400000	     -0.42714910	      0.87097842	      0.63700993	     -0.04670367	     -0.86228971	     -0.88761026	      0.80432095	      0.12637745	     -0.17765768	     -1.07724072	      1.56746302	     -1.06516647	      1.21455128	     -0.84836001	     -2.76951188	     -0.78809530	     -1.04210024	     -0.30798536	     -0.08646120	      0.06908732	      0.00205153	      0.08128250	      0.67474462	      0.09916142	     -0.05853972	      0.09552363	     -0.04512003	      0.05311930	     -0.04574737	      0.05143895	      0.06495861	      0.07372944	     -0.01290390	      0.07811172	     -0.00576955	      0.06805509	      0.10948138	      0.12220785	     -0.00660960	      0.05095477	      0.31774723	      0.06079645	      0.46282451	      0.03508998	      0.03492725	      0.08809826	      0.23696513	     18.93700394
      0.75500000	     -0.42823086	      0.87254593	      0.63594287	     -0.04546917	     -0.86313134	     -0.89041064	      0.80352775	      0.12538367	     -0.17796490	     -1.08625731	      1.56756095	     -1.06895717	      1.25436641	     -0.83498132	     -2.83090508	     -0.79839397	     -0.94362184	     -0.31505112	     -0.08658995	      0.06903822	      0.00192278	      0.08124585	      0.68110910	      0.09910950	     -0.05866847	      0.09562648	     -0.04524878	      0.05307894	     -0.04587612	      0.05139861	      0.06574927	      0.07377283	     -0.01303265	      0.07809955	     -0.00589830	      0.06805467	      0.10948138	      0.12222050	     -0.00673835	      0.05095553	      0.31722557	      0.06078640	      0.46275336	      0.03507947	      0.03510835	      0.08810813	      0.23696513	     18.94421382
      0.75600000	     -0.42932163	      0.87411353	      0.63487201	     -0.04419502	     -0.86395954	     -0.89327143	      0.80272425	      0.12449378	     -0.17827422	     -1.09528617	      1.56766421	     -1.07275446	      1.29384521	     -0.82146248	     -2.89031805	     -0.80867216	     -0.83445947	     -0.30948248	     -0.08671870	      0.06898922	      0.00179403	      0.08120930	      0.68748127	      0.09905628	     -0.05879722	      0.09573160	     -0.04537753	      0.05303859	     -0.04600487	      0.05135898	      0.06655342	      0.07381311	     -0.01316140	      0.07808751	     -0.00602705	      0.06805425	      0.10948138	      0.12223294	     -0.00686710	      0.05095633	      0.31670241	      0.06077629	      0.46267985	      0.03506898	      0.03529033	      0.08811798	      0.23696513	     18.95161214
      0.75700000	     -0.43042143	      0.87568126	      0.63379736	     -0.04288159	     -0.86477425	     -0.89619059	      0.80191038	      0.12371793	     -0.17858311	     -1.10430932	      1.56778245	     -1.07655701	      1.33296161	     -0.80794295	     -2.94764656	     -0.81907147	     -0.71575752	     -0.30823474	     -0.08684745	      0.06894034	      0.00166528	      0.08117284	      0.69386050	      0.09900175	     -0.05892597	      0.09583893	     -0.04550628	      0.05299827	     -0.04613362	      0.05132022	      0.06736646	      0.07384999	     -0.01329015	      0.07807558	     -0.00615580	      0.06805383	      0.10948138	      0.12224517	     -0.00699585	      0.05095716	      0.31617775	      0.06076614	      0.46260395	      0.03505851	      0.03547322	      0.08812781	      0.23696513	     18.95920251
      0.75800000	     -0.43153025	      0.87724910	      0.63271890	     -0.04152921	     -0.86557542	     -0.89916602	      0.80108606	      0.12306493	     -0.17889190	     -1.11333003	      1.56791466	     -1.08036296	      1.37175562	     -0.79439935	     -3.00285601	     -0.82958248	     -0.58908124	     -0.30941211	     -0.08697620	      0.06889157	      0.00153653	      0.08113649	      0.70024617	      0.09894592	     -0.05905472	      0.09594837	     -0.04563503	      0.05295796	     -0.04626237	      0.05128253	      0.06818360	      0.07388323	     -0.01341890	      0.07806378	     -0.00628455	      0.06805342	      0.10948138	      0.12225720	     -0.00712460	      0.05095802	      0.31565157	      0.06075593	      0.46252559	      0.03504806	      0.03565718	      0.08813763	      0.23696513	     18.96698913
      0.75900000	     -0.43264809	      0.87881709	      0.63163663	     -0.04013817	     -0.86636302	     -0.90219559	      0.80025119	      0.12254174	     -0.17920126	     -1.12235428	      1.56805859	     -1.08417010	      1.41028354	     -0.78078818	     -3.05593608	     -0.84018209	     -0.45649753	     -0.30887966	     -0.08710495	      0.06884291	      0.00140778	      0.08110024	      0.70663755	      0.09888878	     -0.05918347	      0.09605984	     -0.04576378	      0.05291768	     -0.04639112	      0.05124619	      0.06899994	      0.07391267	     -0.01354765	      0.07805209	     -0.00641330	      0.06805300	      0.10948138	      0.12226903	     -0.00725335	      0.05095891	      0.31512386	      0.06074567	      0.46244481	      0.03503762	      0.03584206	      0.08814743	      0.23696513	     18.97497645
      0.76000000	     -0.43377496	      0.88038523	      0.63055056	     -0.03870872	     -0.86713699	     -0.90527718	      0.79940565	      0.12215303	     -0.17951067	     -1.13137987	      1.56821622	     -1.08797606	      1.44858867	     -0.76713056	     -3.10687379	     -0.85090565	     -0.32061966	     -0.31023057	     -0.08723370	      0.06879435	      0.00127903	      0.08106409	      0.71303405	      0.09883034	     -0.05931222	      0.09617326	     -0.04589253	      0.05287741	     -0.04651987	      0.05121150	      0.06981059	      0.07393818	     -0.01367640	      0.07804050	     -0.00654205	      0.06805258	      0.10948138	      0.12228065	     -0.00738210	      0.05095984	      0.31459462	      0.06073536	      0.46236153	      0.03502721	      0.03602803	      0.08815723	      0.23696513	     18.98316902
      0.76100000	     -0.43491085	      0.88195353	      0.62946068	     -0.03724104	     -0.86789726	     -0.90840864	      0.79854934	      0.12190057	     -0.17982093	     -1.14041413	      1.56838481	     -1.09177800	      1.48674938	     -0.75337460	     -3.15569473	     -0.86172893	     -0.18457495	     -0.30861192	     -0.08736245	      0.06874591	      0.00115028	      0.08102804	      0.71943496	      0.09877061	     -0.05944097	      0.09628854	     -0.04602128	      0.05283716	     -0.04664862	      0.05117883	      0.07061074	      0.07395973	     -0.01380515	      0.07802903	     -0.00667080	      0.06805216	      0.10948138	      0.12229207	     -0.00751085	      0.05096080	      0.31406384	      0.06072500	      0.46227580	      0.03501680	      0.03621495	      0.08816701	      0.23696513	     18.99157180
      0.76200000	     -0.43605578	      0.88352200	      0.62836700	     -0.03573525	     -0.86864374	     -0.91158786	      0.79768213	      0.12178277	     -0.18013113	     -1.14945256	      1.56856766	     -1.09557316	      1.52481856	     -0.73956165	     -3.20241164	     -0.87270501	     -0.05188750	     -0.31023258	     -0.08749120	      0.06869758	      0.00102153	      0.08099208	      0.72583970	      0.09870957	     -0.05956972	      0.09640558	     -0.04615003	      0.05279693	     -0.04677737	      0.05114862	      0.07139574	      0.07397730	     -0.01393390	      0.07801765	     -0.00679955	      0.06805174	      0.10948138	      0.12230329	     -0.00763960	      0.05096180	      0.31353151	      0.06071458	      0.46218754	      0.03500642	      0.03640295	      0.08817678	      0.23696513	     19.00018982
      0.76300000	     -0.43720976	      0.88509067	      0.62726954	     -0.03419141	     -0.86937635	     -0.91481277	      0.79680388	      0.12179444	     -0.18044172	     -1.15850060	      1.56876310	     -1.09935856	      1.56287958	     -0.72565704	     -3.24707526	     -0.88382425	      0.07375916	     -0.31236030	     -0.08761995	      0.06864936	      0.00089278	      0.08095623	      0.73224759	      0.09864723	     -0.05969847	      0.09652430	     -0.04627878	      0.05275672	     -0.04690612	      0.05112128	      0.07216108	      0.07399091	     -0.01406265	      0.07800638	     -0.00692830	      0.06805133	      0.10948138	      0.12231431	     -0.00776835	      0.05096283	      0.31299765	      0.06070411	      0.46209683	      0.03499605	      0.03659185	      0.08818655	      0.23696513	     19.00902861
      0.76400000	     -0.43837279	      0.88665953	      0.62616829	     -0.03260946	     -0.87009499	     -0.91808135	      0.79591445	      0.12192675	     -0.18075322	     -1.16756409	      1.56896914	     -1.10313144	      1.60101534	     -0.71162403	     -3.28975100	     -0.89507488	      0.18882425	     -0.31190250	     -0.08774870	      0.06860125	      0.00076403	      0.08092048	      0.73865827	      0.09858360	     -0.05982722	      0.09664462	     -0.04640753	      0.05271653	     -0.04703487	      0.05109720	      0.07290236	      0.07400060	     -0.01419140	      0.07799520	     -0.00705705	      0.06805091	      0.10948138	      0.12232512	     -0.00789710	      0.05096390	      0.31246219	      0.06069358	      0.46200350	      0.03498570	      0.03678204	      0.08819631	      0.23696513	     19.01809397
      0.76500000	     -0.43954489	      0.88822861	      0.62506328	     -0.03098933	     -0.87079956	     -0.92139163	      0.79501368	      0.12216753	     -0.18106568	     -1.17664527	      1.56918546	     -1.10688963	      1.63929199	     -0.69745539	     -3.33050858	     -0.90646508	      0.29022559	     -0.30903801	     -0.08787745	      0.06855324	      0.00063528	      0.08088482	      0.74507123	      0.09851867	     -0.05995597	      0.09676645	     -0.04653628	      0.05267636	     -0.04716362	      0.05107668	      0.07361517	      0.07400642	     -0.01432015	      0.07798412	     -0.00718580	      0.06805049	      0.10948138	      0.12233573	     -0.00802585	      0.05096501	      0.31192513	      0.06068299	      0.46190753	      0.03497536	      0.03697353	      0.08820606	      0.23696513	     19.02739188
      0.76600000	     -0.44072608	      0.88979791	      0.62395452	     -0.02933084	     -0.87148992	     -0.92474174	      0.79410143	      0.12250185	     -0.18137774	     -1.18573677	      1.56941636	     -1.11063185	      1.67773825	     -0.68322016	     -3.36940697	     -0.91805098	      0.37560397	     -0.31270093	     -0.08800620	      0.06850535	      0.00050653	      0.08084926	      0.75148571	      0.09845244	     -0.06008472	      0.09688971	     -0.04666503	      0.05263620	     -0.04729237	      0.05105991	      0.07429494	      0.07400847	     -0.01444890	      0.07797312	     -0.00731455	      0.06805008	      0.10948138	      0.12234614	     -0.00815460	      0.05096616	      0.31138653	      0.06067234	      0.46180911	      0.03496504	      0.03716575	      0.08821581	      0.23696513	     19.03692837
      0.76700000	     -0.44191637	      0.89136745	      0.62284202	     -0.02763380	     -0.87216596	     -0.92812983	      0.79317753	      0.12291292	     -0.18169028	     -1.19482008	      1.56966745	     -1.11435884	      1.71628553	     -0.66891041	     -3.40640159	     -0.92980269	      0.44363185	     -0.31766792	     -0.08813495	      0.06845757	      0.00037778	      0.08082088	      0.75790185	      0.09838492	     -0.06021347	      0.09701432	     -0.04679378	      0.05259607	     -0.04742112	      0.05104697	      0.07493673	      0.07400685	     -0.01457765	      0.07796221	     -0.00744330	      0.06804966	      0.10948138	      0.12235634	     -0.00828335	      0.05096735	      0.31084625	      0.06066164	      0.46170782	      0.03495473	      0.03735985	      0.08822556	      0.23696513	     19.04670988
      0.76800000	     -0.44311568	      0.89293726	      0.62172580	     -0.02589841	     -0.87282771	     -0.93155370	      0.79224181	      0.12338338	     -0.18200487	     -1.20377855	      1.56997773	     -1.11807795	      1.75437793	     -0.65464073	     -3.44088811	     -0.94168148	      0.49443674	     -0.31450787	     -0.08826370	      0.06840989	      0.00024903	      0.08083433	      0.76431914	      0.09831610	     -0.06034222	      0.09714021	     -0.04692253	      0.05255595	     -0.04754987	      0.05103781	      0.07553500	      0.07400176	     -0.01470640	      0.07795137	     -0.00757205	      0.06804925	      0.10948138	      0.12236634	     -0.00841210	      0.05096859	      0.31030430	      0.06065087	      0.46160372	      0.03494443	      0.03755549	      0.08823531	      0.23696513	     19.05674331
      0.76900000	     -0.44432388	      0.89450742	      0.62060587	     -0.02412522	     -0.87347529	     -0.93501079	      0.79129411	      0.12389617	     -0.18232051	     -1.21260117	      1.57035173	     -1.12179079	      1.79198281	     -0.64048166	     -3.47293844	     -0.95371217	      0.52836403	     -0.31060057	     -0.08839245	      0.06836232	      0.00012028	      0.08089228	      0.77073724	      0.09824598	     -0.06047097	      0.09726728	     -0.04705128	      0.05251586	     -0.04767862	      0.05103230	      0.07608340	      0.07399347	     -0.01483515	      0.07794062	     -0.00770080	      0.06804883	      0.10948138	      0.12237613	     -0.00854085	      0.05096986	      0.30976069	      0.06064004	      0.46149684	      0.03493415	      0.03775255	      0.08824505	      0.23696513	     19.06703537
      0.77000000	     -0.44554085	      0.89607798	      0.61948222	     -0.02231452	     -0.87410876	     -0.93849893	      0.79033429	      0.12443470	     -0.18263568	     -1.22135174	      1.57076809	     -1.12549518	      1.82941488	     -0.62641231	     -3.50306533	     -0.96592014	      0.54609696	     -0.31634852	     -0.08852120	      0.06831487	     -0.00000847	      0.08097525	      0.77715603	      0.09817457	     -0.06059972	      0.09739543	     -0.04718003	      0.05247578	     -0.04780737	      0.05103021	      0.07657456	      0.07398229	     -0.01496390	      0.07792995	     -0.00782955	      0.06804841	      0.10948138	      0.12238573	     -0.00866960	      0.05097119	      0.30921537	      0.06062914	      0.46138707	      0.03492387	      0.03795128	      0.08825480	      0.23696513	     19.07759221
      0.77100000	     -0.44676658	      0.89764897	      0.61835488	     -0.02046636	     -0.87472809	     -0.94201642	      0.78936224	      0.12498343	     -0.18295231	     -1.23008940	      1.57120349	     -1.12919038	      1.86690905	     -0.61227326	     -3.53167874	     -0.97822706	      0.54905631	     -0.32046150	     -0.08864995	      0.06826752	     -0.00013722	      0.08107001	      0.78357534	      0.09810185	     -0.06072847	      0.09752459	     -0.04730878	      0.05243572	     -0.04793612	      0.05103124	      0.07700022	      0.07396860	     -0.01509265	      0.07791934	     -0.00795830	      0.06804800	      0.10948138	      0.12239512	     -0.00879835	      0.05097255	      0.30866834	      0.06061818	      0.46127438	      0.03491361	      0.03815160	      0.08826456	      0.23696513	     19.08842003
      0.77200000	     -0.44800104	      0.89922039	      0.61722385	     -0.01858065	     -0.87533323	     -0.94556187	      0.78837783	      0.12552853	     -0.18327105	     -1.23883842	      1.57164802	     -1.13287773	      1.90454415	     -0.59801269	     -3.55902126	     -0.99060893	      0.53919899	     -0.31960640	     -0.08877870	      0.06822028	     -0.00026597	      0.08117063	      0.78999524	      0.09802784	     -0.06085722	      0.09765467	     -0.04743753	      0.05239568	     -0.04806487	      0.05103503	      0.07735151	      0.07395282	     -0.01522140	      0.07790880	     -0.00808705	      0.06804758	      0.10948138	      0.12240431	     -0.00892710	      0.05097397	      0.30811953	      0.06060715	      0.46115863	      0.03490336	      0.03835389	      0.08827431	      0.23696513	     19.09952468
      0.77300000	     -0.44924426	      0.90079226	      0.61608913	     -0.01665723	     -0.87592408	     -0.94913409	      0.78738099	      0.12605830	     -0.18359101	     -1.24760045	      1.57210117	     -1.13655983	      1.94230700	     -0.58367866	     -3.58524310	     -1.00309163	      0.51875351	     -0.32011044	     -0.08890745	      0.06817315	     -0.00039472	      0.08127475	      0.79641568	      0.09795254	     -0.06098597	      0.09778563	     -0.04756628	      0.05235566	     -0.04819362	      0.05104122	      0.07761974	      0.07393541	     -0.01535015	      0.07789832	     -0.00821580	      0.06804717	      0.10948138	      0.12241329	     -0.00905585	      0.05097543	      0.30756894	      0.06059605	      0.46103984	      0.03489311	      0.03855794	      0.08828408	      0.23696513	     19.11091175
      0.77400000	     -0.45049625	      0.90236460	      0.61495073	     -0.01469600	     -0.87650056	     -0.95273203	      0.78637162	      0.12656327	     -0.18391191	     -1.25637647	      1.57256195	     -1.14023951	      1.98016994	     -0.56929225	     -3.61047734	     -1.01567908	      0.48998995	     -0.32418105	     -0.08903620	      0.06812613	     -0.00052347	      0.08138147	      0.80283677	      0.09787593	     -0.06111472	      0.09791741	     -0.04769503	      0.05231566	     -0.04832237	      0.05104940	      0.07779735	      0.07391682	     -0.01547890	      0.07788790	     -0.00834455	      0.06804676	      0.10948138	      0.12242208	     -0.00918460	      0.05097695	      0.30701655	      0.06058488	      0.46091794	      0.03488287	      0.03876387	      0.08829387	      0.23696513	     19.12258686
      0.77500000	     -0.45175702	      0.90393739	      0.61380865	     -0.01269685	     -0.87706261	     -0.95635477	      0.78534963	      0.12703621	     -0.18423507	     -1.26517608	      1.57302481	     -1.14391938	      2.01812523	     -0.55479301	     -3.63487130	     -1.02833061	      0.45501938	     -0.32391917	     -0.08916495	      0.06807922	     -0.00065222	      0.08149047	      0.80925881	      0.09779803	     -0.06124347	      0.09804995	     -0.04782378	      0.05227568	     -0.04845112	      0.05105916	      0.07787900	      0.07389752	     -0.01560765	      0.07787754	     -0.00847330	      0.06804634	      0.10948138	      0.12243066	     -0.00931335	      0.05097851	      0.30646230	      0.06057364	      0.46079276	      0.03487264	      0.03897198	      0.08830366	      0.23696513	     19.13455578
      0.77600000	     -0.45302661	      0.90551065	      0.61266289	     -0.01065973	     -0.87761013	     -0.96000153	      0.78431493	      0.12747184	     -0.18455998	     -1.27399607	      1.57349050	     -1.14760224	      2.05613161	     -0.54021638	     -3.65854125	     -1.04105884	      0.41562930	     -0.32288740	     -0.08929370	      0.06803241	     -0.00078097	      0.08160160	      0.81568218	      0.09771882	     -0.06137222	      0.09818323	     -0.04795253	      0.05223572	     -0.04857987	      0.05107008	      0.07787730	      0.07387796	     -0.01573640	      0.07786723	     -0.00860205	      0.06804593	      0.10948138	      0.12243904	     -0.00944210	      0.05098013	      0.30590611	      0.06056232	      0.46066415	      0.03486241	      0.03918258	      0.08831348	      0.23696513	     19.14682403
      0.77700000	     -0.45430502	      0.90708437	      0.61151344	     -0.00858460	     -0.87814306	     -0.96367164	      0.78326746	      0.12786646	     -0.18488576	     -1.28283091	      1.57396099	     -1.15129080	      2.09414525	     -0.52561414	     -3.68159833	     -1.05388232	      0.37319447	     -0.32670950	     -0.08942245	      0.06798571	     -0.00090965	      0.08171483	      0.82210696	      0.09763831	     -0.06150097	      0.09831720	     -0.04808128	      0.05219577	     -0.04870862	      0.05108176	      0.07786545	      0.07385845	     -0.01586515	      0.07785697	     -0.00873080	      0.06804551	      0.10948138	      0.12244723	     -0.00957085	      0.05098181	      0.30534801	      0.06055092	      0.46053222	      0.03485219	      0.03939521	      0.08832331	      0.23696513	     19.15939706
      0.77800000	     -0.45559228	      0.90865857	      0.61036030	     -0.00647144	     -0.87866133	     -0.96736457	      0.78220715	      0.12821754	     -0.18521257	     -1.29168171	      1.57443496	     -1.15498731	      2.13214484	     -0.51098406	     -3.70416989	     -1.06679229	      0.32866384	     -0.33459848	     -0.08955120	      0.06793912	     -0.00101206	      0.08183013	      0.82853260	      0.09755649	     -0.06162972	      0.09845183	     -0.04821003	      0.05215585	     -0.04883737	      0.05109381	      0.07784262	      0.07383926	     -0.01599390	      0.07784675	     -0.00885955	      0.06804510	      0.10948138	      0.12245520	     -0.00969960	      0.05098353	      0.30478796	      0.06053944	      0.46039690	      0.03484196	      0.03960995	      0.08833316	      0.23696513	     19.17228042
      0.77900000	     -0.45688840	      0.91023324	      0.60920346	     -0.00432028	     -0.87916491	     -0.97107989	      0.78113390	      0.12852326	     -0.18554303	     -1.30056549	      1.57490319	     -1.15869321	      2.17015725	     -0.49619626	     -3.72642096	     -1.07972672	      0.28254132	     -0.33041633	     -0.08967995	      0.06789264	     -0.00105622	      0.08194751	      0.83495475	      0.09747337	     -0.06175847	      0.09858709	     -0.04833878	      0.05211594	     -0.04896612	      0.05110591	      0.07780838	      0.07382061	     -0.01612265	      0.07783657	     -0.00898830	      0.06804469	      0.10948138	      0.12246298	     -0.00982835	      0.05098532	      0.30422585	      0.06052787	      0.46025783	      0.03483174	      0.03982762	      0.08834303	      0.23696513	     19.18547990
      0.78000000	     -0.45819341	      0.91180837	      0.60804291	     -0.00213114	     -0.87965371	     -0.97481733	      0.78004766	      0.12878211	     -0.18587467	     -1.30946666	      1.57537288	     -1.16241081	      2.20812558	     -0.48138043	     -3.74844426	     -1.09274141	      0.23488447	     -0.32950117	     -0.08980870	      0.06784627	     -0.00106268	      0.08206694	      0.84136898	      0.09738894	     -0.06188722	      0.09872297	     -0.04846753	      0.05207606	     -0.04909487	      0.05111776	      0.07776271	      0.07380272	     -0.01625140	      0.07782644	     -0.00911705	      0.06804427	      0.10948138	      0.12247056	     -0.00995710	      0.05098716	      0.30366159	      0.06051623	      0.46011486	      0.03482151	      0.04004841	      0.08835293	      0.23696513	     19.19900077
      0.78100000	     -0.45950733	      0.91338398	      0.60687864	      0.00009594	     -0.88012769	     -0.97857674	      0.77894838	      0.12899241	     -0.18620720	     -1.31838386	      1.57584415	     -1.16614176	      2.24603615	     -0.46655250	     -3.77036758	     -1.10583836	      0.18534795	     -0.33355815	     -0.08993745	      0.06780000	     -0.00088759	      0.08218843	      0.84777332	      0.09730320	     -0.06201597	      0.09885944	     -0.04859628	      0.05203619	     -0.04922362	      0.05112911	      0.07770596	      0.07378578	     -0.01638015	      0.07781634	     -0.00924580	      0.06804386	      0.10948138	      0.12247793	     -0.01008585	      0.05098907	      0.30309523	      0.06050449	      0.45996814	      0.03481128	      0.04027171	      0.08836284	      0.23696513	     19.21284856
      0.78200000	     -0.46083019	      0.91496006	      0.60571062	      0.00236092	     -0.88058680	     -0.98235809	      0.77783597	      0.12915196	     -0.18654110	     -1.32732054	      1.57631476	     -1.16988735	      2.28389180	     -0.45168969	     -3.79233215	     -1.11900444	      0.13324150	     -0.33964688	     -0.09006620	      0.06775384	     -0.00058086	      0.08231197	      0.85416788	      0.09721614	     -0.06214472	      0.09899650	     -0.04872503	      0.05199634	     -0.04935237	      0.05113976	      0.07763876	      0.07376998	     -0.01650890	      0.07780627	     -0.00937455	      0.06804345	      0.10948138	      0.12248510	     -0.01021460	      0.05099103	      0.30252667	      0.06049267	      0.45981745	      0.03480105	      0.04049796	      0.08837278	      0.23696513	     19.22702888
      0.78300000	     -0.46216199	      0.91653661	      0.60453886	      0.00466373	     -0.88103099	     -0.98616148	      0.77671037	      0.12925772	     -0.18687809	     -1.33628787	      1.57677863	     -1.17364850	      2.32171873	     -0.43670675	     -3.81449942	     -1.13220735	      0.07760862	     -0.33722695	     -0.09019495	      0.06770779	     -0.00019966	      0.08243754	      0.86055353	      0.09712778	     -0.06227347	      0.09913413	     -0.04885378	      0.05195651	     -0.04948112	      0.05114950	      0.07756200	      0.07375549	     -0.01663765	      0.07779623	     -0.00950330	      0.06804304	      0.10948138	      0.12249207	     -0.01034335	      0.05099306	      0.30195579	      0.06048076	      0.45966244	      0.03479082	      0.04072785	      0.08838273	      0.23696513	     19.24154742
      0.78400000	     -0.46350277	      0.91811362	      0.60336332	      0.00700434	     -0.88146020	     -0.98998719	      0.77557153	      0.12930562	     -0.18721653	     -1.34527593	      1.57724025	     -1.17742684	      2.35948672	     -0.42168729	     -3.83698587	     -1.14547615	      0.01731325	     -0.33630418	     -0.09032370	      0.06766184	      0.00023406	      0.08256516	      0.86693116	      0.09703811	     -0.06240222	      0.09927233	     -0.04898253	      0.05191670	     -0.04960987	      0.05115817	      0.07747675	      0.07374247	     -0.01676640	      0.07778622	     -0.00963205	      0.06804262	      0.10948138	      0.12249883	     -0.01047210	      0.05099515	      0.30138253	      0.06046876	      0.45950297	      0.03478058	      0.04096149	      0.08839270	      0.23696513	     19.25640965
      0.78500000	     -0.46485255	      0.91969109	      0.60218400	      0.00938267	     -0.88187439	     -0.99383560	      0.77441939	      0.12929039	     -0.18755581	     -1.35428143	      1.57770076	     -1.18122380	      2.39718325	     -0.40666132	     -3.85992539	     -1.15881644	     -0.04886039	     -0.34036337	     -0.09045245	      0.06761601	      0.00071213	      0.08269480	      0.87330161	      0.09694713	     -0.06253097	      0.09941110	     -0.04911128	      0.05187690	     -0.04973862	      0.05116560	      0.07738419	      0.07373111	     -0.01689515	      0.07777623	     -0.00976080	      0.06804221	      0.10948138	      0.12250540	     -0.01060085	      0.05099731	      0.30080683	      0.06045666	      0.45933897	      0.03477033	      0.04119882	      0.08840268	      0.23696513	     19.27162111
      0.78600000	     -0.46621134	      0.92126902	      0.60100087	      0.01179868	     -0.88227351	     -0.99770724	      0.77325388	      0.12920554	     -0.18789672	     -1.36330937	      1.57815713	     -1.18504056	      2.43481630	     -0.39159181	     -3.88347151	     -1.17221204	     -0.12211025	     -0.34465043	     -0.09058120	      0.06757028	      0.00123159	      0.08282646	      0.87966595	      0.09685484	     -0.06265972	      0.09955045	     -0.04924003	      0.05183713	     -0.04986737	      0.05117163	      0.07728554	      0.07372159	     -0.01702390	      0.07776626	     -0.00988955	      0.06804180	      0.10948138	      0.12251175	     -0.01072960	      0.05099954	      0.30022858	      0.06044446	      0.45917010	      0.03476008	      0.04144045	      0.08841267	      0.23696513	     19.28718745
      0.78700000	     -0.46757918	      0.92284740	      0.59981391	      0.01425229	     -0.88265752	     -1.00160280	      0.77207496	      0.12904345	     -0.18824011	     -1.37236497	      1.57860616	     -1.18887837	      2.47239139	     -0.37643880	     -3.90777809	     -1.18564870	     -0.20351941	     -0.34394182	     -0.09070995	      0.06752465	      0.00179142	      0.08296014	      0.88602510	      0.09676124	     -0.06278847	      0.09969040	     -0.04936878	      0.05179738	     -0.04999612	      0.05117609	      0.07718202	      0.07371411	     -0.01715265	      0.07775630	     -0.01001830	      0.06804139	      0.10948138	      0.12251791	     -0.01085835	      0.05100183	      0.29964770	      0.06043217	      0.45899614	      0.03474981	      0.04168659	      0.08842267	      0.23696513	     19.30311427
      0.78800000	     -0.46895608	      0.92442623	      0.59862310	      0.01674343	     -0.88302638	     -1.00552309	      0.77088257	      0.12879548	     -0.18858537	     -1.38144413	      1.57904927	     -1.19273903	      2.50988412	     -0.36123608	     -3.93297564	     -1.19913225	     -0.29396548	     -0.34193053	     -0.09083870	      0.06747913	      0.00239132	      0.08309582	      0.89207449	      0.09666636	     -0.06291722	      0.09983095	     -0.04949753	      0.05175764	     -0.05012487	      0.05117880	      0.07707480	      0.07370888	     -0.01728140	      0.07774636	     -0.01014705	      0.06804098	      0.10948138	      0.12252386	     -0.01098710	      0.05100420	      0.29906414	      0.06041978	      0.45881707	      0.03473955	      0.04193699	      0.08843267	      0.23696513	     19.31940703
      0.78900000	     -0.47034207	      0.92600550	      0.59742842	      0.01927201	     -0.88338004	     -1.00946908	      0.76967666	      0.12845230	     -0.18893107	     -1.39053749	      1.57949033	     -1.19662468	      2.54724999	     -0.34605616	     -3.95917727	     -1.21267326	     -0.39403846	     -0.34691901	     -0.09096745	      0.06743372	      0.00303122	      0.08323350	      0.89777615	      0.09657030	     -0.06304597	      0.09997213	     -0.04962628	      0.05171793	     -0.05025362	      0.05117954	      0.07696494	      0.07370617	     -0.01741015	      0.07773643	     -0.01027580	      0.06804057	      0.10948138	      0.12252961	     -0.01111585	      0.05100664	      0.29847788	      0.06040729	      0.45863286	      0.03472927	      0.04219149	      0.08844267	      0.23696513	     19.33607110
      0.79000000	     -0.47173716	      0.92758521	      0.59622984	      0.02183789	     -0.88371847	     -1.01344183	      0.76845721	      0.12800411	     -0.18927853	     -1.39965123	      1.57992535	     -1.20053702	      2.58447984	     -0.33084125	     -3.98652110	     -1.22625084	     -0.50397644	     -0.35100939	     -0.09109620	      0.06738842	      0.00371113	      0.08337316	      0.90315301	      0.09647313	     -0.06317472	      0.10011397	     -0.04975503	      0.05167823	     -0.05038237	      0.05117811	      0.07685341	      0.07370624	     -0.01753890	      0.07772651	     -0.01040455	      0.06804016	      0.10948138	      0.12253516	     -0.01124460	      0.05100915	      0.29788873	      0.06039469	      0.45844293	      0.03471898	      0.04245125	      0.08845268	      0.23696513	     19.35311189
      0.79100000	     -0.47314138	      0.92916535	      0.59502734	      0.02444092	     -0.88404167	     -1.01744255	      0.76722416	      0.12744111	     -0.18962841	     -1.40878666	      1.58035262	     -1.20447804	      2.62154461	     -0.31556817	     -4.01512185	     -1.23985527	     -0.62362056	     -0.35036044	     -0.09122495	      0.06734322	      0.00443110	      0.08351480	      0.90822614	      0.09637492	     -0.06330347	      0.10025649	     -0.04988378	      0.05163855	     -0.05051112	      0.05117427	      0.07674113	      0.07370940	     -0.01766765	      0.07771659	     -0.01053330	      0.06803975	      0.10948138	      0.12254050	     -0.01137335	      0.05101174	      0.29729664	      0.06038199	      0.45824724	      0.03470869	      0.04271598	      0.08846267	      0.23696513	     19.37053469
      0.79200000	     -0.47455474	      0.93074591	      0.59382088	      0.02708090	     -0.88434961	     -1.02147252	      0.76597749	      0.12675383	     -0.18997991	     -1.41793599	      1.58077492	     -1.20845019	      2.65838433	     -0.30028332	     -4.04505785	     -1.25348947	     -0.75239492	     -0.34956703	     -0.09135370	      0.06729812	      0.00519115	      0.08365840	      0.91301498	      0.09627573	     -0.06343222	      0.10039973	     -0.05001253	      0.05159889	     -0.05063987	      0.05116779	      0.07662891	      0.07371599	     -0.01779640	      0.07770667	     -0.01066205	      0.06803934	      0.10948138	      0.12254564	     -0.01150210	      0.05101440	      0.29670161	      0.06036919	      0.45804581	      0.03469838	      0.04298529	      0.08847266	      0.23696513	     19.38834458
      0.79300000	     -0.47597725	      0.93232690	      0.59261043	      0.02975758	     -0.88464228	     -1.02553312	      0.76471717	      0.12593359	     -0.19033219	     -1.42709076	      1.58119528	     -1.21245597	      2.69493214	     -0.28503497	     -4.07638617	     -1.26715358	     -0.88932949	     -0.35340214	     -0.09148245	      0.06725314	      0.00599133	      0.08380395	      0.91753747	      0.09617561	     -0.06356097	      0.10054372	     -0.05014128	      0.05155925	     -0.05076862	      0.05115842	      0.07651755	      0.07372644	     -0.01792515	      0.07769675	     -0.01079080	      0.06803893	      0.10948138	      0.12255058	     -0.01163085	      0.05101715	      0.29610360	      0.06035628	      0.45783859	      0.03468806	      0.04325907	      0.08848264	      0.23696513	     19.40654657
      0.79400000	     -0.47740892	      0.93390830	      0.59139595	      0.03247066	     -0.88491968	     -1.02962577	      0.76344317	      0.12497287	     -0.19068639	     -1.43625333	      1.58161133	     -1.21649728	      2.73114730	     -0.26977984	     -4.10916362	     -1.28083582	     -1.03313279	     -0.35529215	     -0.09161120	      0.06720826	      0.00683166	      0.08395142	      0.92181018	      0.09607461	     -0.06368972	      0.10068851	     -0.05027003	      0.05151963	     -0.05089737	      0.05114596	      0.07640782	      0.07374123	     -0.01805390	      0.07768682	     -0.01091955	      0.06803852	      0.10948138	      0.12255531	     -0.01175960	      0.05101997	      0.29550246	      0.06034326	      0.45762515	      0.03467774	      0.04353806	      0.08849261	      0.23696513	     19.42514563
      0.79500000	     -0.47884976	      0.93549012	      0.59017742	      0.03521975	     -0.88518185	     -1.03375193	      0.76215549	      0.12386553	     -0.19104321	     -1.44542314	      1.58202225	     -1.22057585	      2.76698098	     -0.25449532	     -4.14341328	     -1.29453238	     -1.18232462	     -0.35125343	     -0.09173995	      0.06716348	      0.00771217	      0.08410079	      0.92584847	      0.09597274	     -0.06381847	      0.10083414	     -0.05039878	      0.05148002	     -0.05102612	      0.05113020	      0.07630049	      0.07376101	     -0.01818265	      0.07767689	     -0.01104830	      0.06803811	      0.10948138	      0.12255984	     -0.01188835	      0.05102288	      0.29489815	      0.06033012	      0.45740545	      0.03466740	      0.04382207	      0.08850256	      0.23696513	     19.44414660
      0.79600000	     -0.48029976	      0.93707235	      0.58895479	      0.03800444	     -0.88542877	     -1.03791306	      0.76085410	      0.12260693	     -0.19139968	     -1.45457899	      1.58243762	     -1.22469397	      2.80233221	     -0.23932533	     -4.17908303	     -1.30825376	     -1.33542499	     -0.35815874	     -0.09186870	      0.06711881	      0.00863287	      0.08425205	      0.92966657	      0.09587004	     -0.06394722	      0.10098064	     -0.05052753	      0.05144044	     -0.05115487	      0.05111100	      0.07619637	      0.07378657	     -0.01831140	      0.07766694	     -0.01117705	      0.06803770	      0.10948138	      0.12256416	     -0.01201710	      0.05102588	      0.29429067	      0.06031688	      0.45717956	      0.03465706	      0.04411058	      0.08851250	      0.23696513	     19.46355427
      0.79700000	     -0.48175891	      0.93865500	      0.58772802	      0.04082424	     -0.88566050	     -1.04211057	      0.75953897	      0.12119380	     -0.19175871	     -1.46373274	      1.58285075	     -1.22885174	      2.83719753	     -0.22414244	     -4.21615965	     -1.32199201	     -1.49119263	     -0.35944502	     -0.09199745	      0.06707424	      0.00959378	      0.08440515	      0.93327773	      0.09576655	     -0.06407597	      0.10112805	     -0.05065628	      0.05140088	     -0.05128362	      0.05108828	      0.07609632	      0.07381886	     -0.01844015	      0.07765698	     -0.01130580	      0.06803729	      0.10948138	      0.12256829	     -0.01214585	      0.05102895	      0.29367999	      0.06030353	      0.45694738	      0.03464670	      0.04440357	      0.08852242	      0.23696513	     19.48337356
      0.79800000	     -0.48322722	      0.94023805	      0.58649707	      0.04367865	     -0.88587706	     -1.04634582	      0.75821010	      0.11962392	     -0.19211842	     -1.47286907	      1.58326870	     -1.23304974	      2.87151132	     -0.20903624	     -4.25453471	     -1.33575730	     -1.64884240	     -0.36577213	     -0.09212620	      0.06702978	      0.01056424	      0.08455929	      0.93669423	      0.09566226	     -0.06420472	      0.10127642	     -0.05078503	      0.05136133	     -0.05141237	      0.05106205	      0.07600124	      0.07385889	     -0.01856890	      0.07764700	     -0.01143455	      0.06803688	      0.10948138	      0.12257221	     -0.01227460	      0.05103212	      0.29306601	      0.06029006	      0.45670868	      0.03463633	      0.04470141	      0.08853233	      0.23696513	     19.50360946
      0.79900000	     -0.48470465	      0.94182153	      0.58526191	      0.04656709	     -0.88607852	     -1.05062004	      0.75686745	      0.11789556	     -0.19248133	     -1.48199072	      1.58368886	     -1.23728686	      2.90525983	     -0.19390351	     -4.29408395	     -1.34955916	     -1.80817707	     -0.36296951	     -0.09225495	      0.06698543	      0.01140892	      0.08471230	      0.93992754	      0.09555720	     -0.06433347	      0.10142577	     -0.05091378	      0.05132180	     -0.05154112	      0.05103247	      0.07591215	      0.07390756	     -0.01869765	      0.07763701	     -0.01156330	      0.06803647	      0.10948138	      0.12257592	     -0.01240335	      0.05103538	      0.29244868	      0.06027647	      0.45646333	      0.03462595	      0.04500409	      0.08854222	      0.23696513	     19.52426730
      0.80000000	     -0.48619119	      0.94340543	      0.58402249	      0.04948897	     -0.88626490	     -1.05493431	      0.75551097	      0.11600685	     -0.19284535	     -1.49107665	      1.58412098	     -1.24156221	      2.93838456	     -0.17884429	     -4.33460110	     -1.36341312	     -1.96969214	     -0.36287984	     -0.09238370	      0.06694118	      0.01213987	      0.08486644	      0.94298834	      0.09545139	     -0.06446222	      0.10157615	     -0.05104253	      0.05128229	     -0.05166987	      0.05099989	      0.07583010	      0.07396552	     -0.01882640	      0.07762699	     -0.01169205	      0.06803607	      0.10948138	      0.12257944	     -0.01253210	      0.05103873	      0.29182804	      0.06026277	      0.45621151	      0.03461557	      0.04531089	      0.08855209	      0.23696513	     19.54535280
      0.80100000	     -0.48768679	      0.94498978	      0.58277877	      0.05244366	     -0.88643625	     -1.05928950	      0.75414060	      0.11395506	     -0.19321032	     -1.50012305	      1.58456746	     -1.24587304	      2.97090208	     -0.16385876	     -4.37590207	     -1.37733266	     -2.13456342	     -0.36642769	     -0.09251245	      0.06689703	      0.01277762	      0.08502243	      0.94588658	      0.09534483	     -0.06459097	      0.10172757	     -0.05117128	      0.05124280	     -0.05179862	      0.05096487	      0.07575622	      0.07403307	     -0.01895515	      0.07761694	     -0.01182080	      0.06803566	      0.10948138	      0.12258275	     -0.01266085	      0.05104217	      0.29120404	      0.06024896	      0.45595313	      0.03460517	      0.04562184	      0.08856195	      0.23696513	     19.56687219
      0.80200000	     -0.48919142	      0.94657457	      0.58153073	      0.05543058	     -0.88659263	     -1.06368631	      0.75275627	      0.11173606	     -0.19357828	     -1.50913995	      1.58502432	     -1.25021517	      3.00288308	     -0.14884568	     -4.41780650	     -1.39133995	     -2.30440783	     -0.36244626	     -0.09264120	      0.06685299	      0.01333889	      0.08518044	      0.94863159	      0.09523753	     -0.06471972	      0.10188005	     -0.05130003	      0.05120333	     -0.05192737	      0.05092820	      0.07569171	      0.07411028	     -0.01908390	      0.07760686	     -0.01194955	      0.06803525	      0.10948138	      0.12258587	     -0.01278960	      0.05104570	      0.29057661	      0.06023502	      0.45568799	      0.03459476	      0.04593727	      0.08857180	      0.23696513	     19.58883224
      0.80300000	     -0.49070505	      0.94815984	      0.58027833	      0.05844922	     -0.88673403	     -1.06812521	      0.75135789	      0.10934411	     -0.19394593	     -1.51810944	      1.58550169	     -1.25458560	      3.03432616	     -0.13393788	     -4.46004955	     -1.40544138	     -2.48060808	     -0.36929876	     -0.09276995	      0.06680905	      0.01383729	      0.08534044	      0.95123206	      0.09512950	     -0.06484847	      0.10203360	     -0.05142878	      0.05116388	     -0.05205612	      0.05089077	      0.07563777	      0.07419705	     -0.01921265	      0.07759675	     -0.01207830	      0.06803484	      0.10948138	      0.12258878	     -0.01291835	      0.05104934	      0.28994573	      0.06022096	      0.45541603	      0.03458433	      0.04625707	      0.08858163	      0.23696513	     19.61124044
      0.80400000	     -0.49222763	      0.94974558	      0.57902155	      0.06149908	     -0.88686050	     -1.07260645	      0.74994535	      0.10677275	     -0.19431602	     -1.52704514	      1.58599368	     -1.25898048	      3.06529361	     -0.11900638	     -4.50241326	     -1.41965857	     -2.66296178	     -0.37199355	     -0.09289870	      0.06676522	      0.01428390	      0.08550236	      0.95369616	      0.09502074	     -0.06497722	      0.10218822	     -0.05155753	      0.05112445	     -0.05218487	      0.05085333	      0.07559562	      0.07429324	     -0.01934140	      0.07758660	     -0.01220705	      0.06803444	      0.10948138	      0.12259149	     -0.01304710	      0.05105307	      0.28931141	      0.06020678	      0.45513737	      0.03457390	      0.04658072	      0.08859145	      0.23696513	     19.63410476
      0.80500000	     -0.49375912	      0.95133183	      0.57776036	      0.06457965	     -0.88697203	     -1.07712999	      0.74851854	      0.10401715	     -0.19468828	     -1.53594286	      1.58650261	     -1.26339860	      3.09575377	     -0.10406382	     -4.54463131	     -1.43399602	     -2.84835999	     -0.37226179	     -0.09302745	      0.06672149	      0.01468776	      0.08566611	      0.95603150	      0.09491126	     -0.06510597	      0.10234391	     -0.05168628	      0.05108504	     -0.05231362	      0.05081615	      0.07556647	      0.07439876	     -0.01947015	      0.07757642	     -0.01233580	      0.06803403	      0.10948138	      0.12259401	     -0.01317585	      0.05105691	      0.28867362	      0.06019248	      0.45485191	      0.03456346	      0.04690834	      0.08860126	      0.23696513	     19.65743359
      0.80600000	     -0.49529950	      0.95291860	      0.57649475	      0.06769039	     -0.88706864	     -1.08169557	      0.74707732	      0.10107657	     -0.19506169	     -1.54479337	      1.58703288	     -1.26784010	      3.12563535	     -0.08916098	     -4.58642459	     -1.44844700	     -3.03215388	     -0.37606975	     -0.09315620	      0.06667787	      0.01505623	      0.08583162	      0.95824525	      0.09480106	     -0.06523472	      0.10250065	     -0.05181503	      0.05104564	     -0.05244237	      0.05077922	      0.07555147	      0.07451347	     -0.01959890	      0.07756619	     -0.01246455	      0.06803362	      0.10948138	      0.12259632	     -0.01330460	      0.05106085	      0.28803227	      0.06017806	      0.45455942	      0.03455300	      0.04724034	      0.08861107	      0.23696513	     19.68123553
      0.80700000	     -0.49684870	      0.95450590	      0.57522467	      0.07083071	     -0.88715034	     -1.08630262	      0.74562160	      0.09795489	     -0.19543763	     -1.55360003	      1.58758263	     -1.27230443	      3.15490161	     -0.07424459	     -4.62754454	     -1.46302100	     -3.20984365	     -0.37625245	     -0.09328495	      0.06663434	      0.01539532	      0.08599880	      0.96034413	      0.09469014	     -0.06536347	      0.10265842	     -0.05194378	      0.05100627	     -0.05257112	      0.05074254	      0.07555359	      0.07463722	     -0.01972765	      0.07755591	     -0.01259330	      0.06803321	      0.10948138	      0.12259844	     -0.01343335	      0.05106490	      0.28738748	      0.06016351	      0.45426025	      0.03454254	      0.04757564	      0.08862087	      0.23696513	     19.70551922
      0.80800000	     -0.49840668	      0.95609377	      0.57395013	      0.07399997	     -0.88721714	     -1.09095034	      0.74415124	      0.09466031	     -0.19581454	     -1.56235099	      1.58815756	     -1.27679188	      3.18347753	     -0.05938822	     -4.66772101	     -1.47770592	     -3.37723735	     -0.38171869	     -0.09341370	      0.06659093	      0.01570990	      0.08616758	      0.96233443	      0.09457850	     -0.06549222	      0.10281718	     -0.05207253	      0.05096691	     -0.05269987	      0.05070608	      0.07571531	      0.07476922	     -0.01985640	      0.07754558	     -0.01272205	      0.06803281	      0.10948138	      0.12260036	     -0.01356210	      0.05106905	      0.28673916	      0.06014883	      0.45395417	      0.03453206	      0.04791474	      0.08863066	      0.23696513	     19.73029354
      0.80900000	     -0.49997339	      0.95768222	      0.57267108	      0.07719744	     -0.88726907	     -1.09563768	      0.74266614	      0.09120521	     -0.19619471	     -1.57105411	      1.58875347	     -1.28130185	      3.21133946	     -0.04450185	     -4.70674180	     -1.49252187	     -3.53023734	     -0.38058147	     -0.09354245	      0.06654761	      0.01601579	      0.08633788	      0.96422209	      0.09446614	     -0.06562097	      0.10297689	     -0.05220128	      0.05092757	     -0.05282862	      0.05066981	      0.07602264	      0.07490839	     -0.01998515	      0.07753521	     -0.01285080	      0.06803240	      0.10948138	      0.12260209	     -0.01369085	      0.05107332	      0.28608735	      0.06013403	      0.45364134	      0.03452156	      0.04825714	      0.08864046	      0.23696513	     19.75556736
      0.81000000	     -0.50154877	      0.95927128	      0.57138752	      0.08042238	     -0.88730615	     -1.10036337	      0.74116616	      0.08760590	     -0.19657647	     -1.57969678	      1.58937629	     -1.28583497	      3.23841004	     -0.02966488	     -4.74437341	     -1.50745346	     -3.66507557	     -0.38237966	     -0.09367120	      0.06650440	      0.01635884	      0.08650947	      0.96601268	      0.09435305	     -0.06574972	      0.10313749	     -0.05233003	      0.05088825	     -0.05295737	      0.05063373	      0.07646100	      0.07505383	     -0.02011390	      0.07752477	     -0.01297955	      0.06803200	      0.10948138	      0.12260361	     -0.01381960	      0.05107770	      0.28543196	      0.06011909	      0.45332141	      0.03451106	      0.04860363	      0.08865026	      0.23696513	     19.78134988
      0.81100000	     -0.50313276	      0.96086098	      0.57009941	      0.08367398	     -0.88732841	     -1.10512591	      0.73965119	      0.08388218	     -0.19695961	     -1.58827374	      1.59002823	     -1.29039147	      3.26463674	     -0.01489425	     -4.78042251	     -1.52249705	     -3.77856828	     -0.38874373	     -0.09379995	      0.06646129	      0.01674227	      0.08668218	      0.96771142	      0.09423924	     -0.06587847	      0.10329893	     -0.05245878	      0.05084895	     -0.05308612	      0.05059781	      0.07701408	      0.07520474	     -0.02024265	      0.07751428	     -0.01310830	      0.06803159	      0.10948138	      0.12260494	     -0.01394835	      0.05108219	      0.28477300	      0.06010402	      0.45299446	      0.03450054	      0.04895387	      0.08866008	      0.23696513	     19.80765041
      0.81200000	     -0.50472530	      0.96245135	      0.56880673	      0.08695139	     -0.88733590	     -1.10992365	      0.73812111	      0.08005670	     -0.19734656	     -1.59679297	      1.59070492	     -1.29497071	      3.29001091	     -0.00009703	     -4.81475114	     -1.53768211	     -3.86826095	     -0.38739713	     -0.09392870	      0.06641829	      0.01715676	      0.08685592	      0.96932326	      0.09412470	     -0.06600722	      0.10346114	     -0.05258753	      0.05080967	     -0.05321487	      0.05056203	      0.07766298	      0.07536032	     -0.02037140	      0.07750372	     -0.01323705	      0.06803119	      0.10948138	      0.12260608	     -0.01407710	      0.05108681	      0.28411049	      0.06008882	      0.45266059	      0.03449001	      0.04930749	      0.08866990	      0.23696513	     19.83447823
      0.81300000	     -0.50632632	      0.96404240	      0.56750946	      0.09025370	     -0.88732862	     -1.11475478	      0.73657578	      0.07615416	     -0.19773529	     -1.60524089	      1.59141283	     -1.29957312	      3.31447616	      0.01463614	     -4.84720727	     -1.55298670	     -3.93248053	     -0.38963480	     -0.09405745	      0.06637539	      0.01759155	      0.08703068	      0.97085284	      0.09400944	     -0.06613597	      0.10362405	     -0.05271628	      0.05077040	     -0.05334362	      0.05052637	      0.07838720	      0.07551978	     -0.02050015	      0.07749309	     -0.01336580	      0.06803078	      0.10948138	      0.12260701	     -0.01420585	      0.05109155	      0.28344436	      0.06007348	      0.45231951	      0.03447946	      0.04966517	      0.08867973	      0.23696513	     19.86184318
      0.81400000	     -0.50793576	      0.96563418	      0.56620757	      0.09358003	     -0.88730664	     -1.11961741	      0.73501509	      0.07220054	     -0.19812602	     -1.61361589	      1.59215257	     -1.30419833	      3.33801913	      0.02930945	     -4.87769445	     -1.56841451	     -3.97033946	     -0.39490435	     -0.09418620	      0.06633259	      0.01803758	      0.08720646	      0.97230453	      0.09389344	     -0.06626472	      0.10378759	     -0.05284503	      0.05073116	     -0.05347237	      0.05049081	      0.07916922	      0.07568227	     -0.02062890	      0.07748240	     -0.01349455	      0.06803038	      0.10948138	      0.12260776	     -0.01433460	      0.05109641	      0.28277470	      0.06005800	      0.45197158	      0.03446890	      0.05002588	      0.08868959	      0.23696513	     19.88975522
      0.81500000	     -0.50955354	      0.96722672	      0.56490105	      0.09692945	     -0.88726998	     -1.12450951	      0.73343890	      0.06822233	     -0.19852044	     -1.62192410	      1.59292101	     -1.30884531	      3.36065769	      0.04398758	     -4.90616159	     -1.58399239	     -3.98167490	     -0.39510213	     -0.09431495	      0.06628989	      0.01848795	      0.08738324	      0.97368247	      0.09377672	     -0.06639347	      0.10395167	     -0.05297378	      0.05069194	     -0.05360112	      0.05045535	      0.08000257	      0.07584688	     -0.02075765	      0.07747163	     -0.01362330	      0.06802997	      0.10948138	      0.12260830	     -0.01446335	      0.05110140	      0.28210146	      0.06004239	      0.45161660	      0.03445832	      0.05039009	      0.08869947	      0.23696513	     19.91822442
      0.81600000	     -0.51117958	      0.96882004	      0.56358988	      0.10030104	     -0.88721868	     -1.12942904	      0.73184706	      0.06424589	     -0.19891690	     -1.63015632	      1.59372276	     -1.31351391	      3.38237700	      0.05860183	     -4.93255417	     -1.59969944	     -3.96691553	     -0.39937259	     -0.09444370	      0.06624730	      0.01893773	      0.08756102	      0.97499054	      0.09365927	     -0.06652222	      0.10411622	     -0.05310253	      0.05065273	     -0.05372987	      0.05041996	      0.08089350	      0.07601256	     -0.02088640	      0.07746078	     -0.01375205	      0.06802957	      0.10948138	      0.12260866	     -0.01459210	      0.05110652	      0.28142461	      0.06002663	      0.45125447	      0.03444772	      0.05075806	      0.08870938	      0.23696513	     19.94726150
      0.81700000	     -0.51281383	      0.97041417	      0.56227402	      0.10369391	     -0.88715277	     -1.13437393	      0.73023944	      0.06029691	     -0.19931695	     -1.63831916	      1.59455459	     -1.31820299	      3.40321094	      0.07321282	     -4.95687565	     -1.61556264	     -3.92693078	     -0.40039438	     -0.09457245	      0.06620480	      0.01938351	      0.08773977	      0.97623241	      0.09354109	     -0.06665097	      0.10428114	     -0.05323128	      0.05061354	     -0.05385862	      0.05038463	      0.08184905	      0.07617815	     -0.02101515	      0.07744985	     -0.01388080	      0.06802916	      0.10948138	      0.12260882	     -0.01472085	      0.05111177	      0.28074416	      0.06001073	      0.45088524	      0.03443710	      0.05112951	      0.08871932	      0.23696513	     19.97687719
      0.81800000	     -0.51445620	      0.97200916	      0.56095346	      0.10710717	     -0.88707227	     -1.13934210	      0.72861589	      0.05640004	     -0.19971891	     -1.64640444	      1.59542068	     -1.32291235	      3.42315766	      0.08775324	     -4.97912232	     -1.63155657	     -3.86290021	     -0.40734292	     -0.09470120	      0.06616241	      0.01982301	      0.08791946	      0.97741156	      0.09342219	     -0.06677972	      0.10444637	     -0.05336003	      0.05057437	     -0.05398737	      0.05034934	      0.08287484	      0.07634246	     -0.02114390	      0.07743884	     -0.01400955	      0.06802876	      0.10948138	      0.12260878	     -0.01484960	      0.05111715	      0.28006005	      0.05999467	      0.45050874	      0.03442646	      0.05150488	      0.08872930	      0.23696513	     20.00708292
      0.81900000	     -0.51610662	      0.97360502	      0.55962819	      0.11053996	     -0.88697722	     -1.14433150	      0.72697626	      0.05257865	     -0.20012547	     -1.65442464	      1.59631489	     -1.32764060	      3.44227355	      0.10232780	     -4.99935208	     -1.64772964	     -3.77623846	     -0.40729170	     -0.09482995	      0.06612013	      0.02025481	      0.08810005	      0.97853124	      0.09330256	     -0.06690847	      0.10461182	     -0.05348878	      0.05053522	     -0.05411612	      0.05031409	      0.08397425	      0.07650432	     -0.02127265	      0.07742774	     -0.01413830	      0.06802835	      0.10948138	      0.12260855	     -0.01497835	      0.05112268	      0.27937233	      0.05997847	      0.45012509	      0.03441579	      0.05188377	      0.08873932	      0.23696513	     20.03788991
      0.82000000	     -0.51776502	      0.97520180	      0.55829818	      0.11399144	     -0.88686763	     -1.14934014	      0.72532038	      0.04885458	     -0.20053438	     -1.66236972	      1.59724234	     -1.33238784	      3.46055632	      0.11684878	     -5.01759442	     -1.66404409	     -3.66853325	     -0.41211532	     -0.09495870	      0.06607794	      0.02067858	      0.08828151	      0.97959457	      0.09318222	     -0.06703722	      0.10477740	     -0.05361753	      0.05049609	     -0.05424487	      0.05027887	      0.08514820	      0.07666260	     -0.02140140	      0.07741655	     -0.01426705	      0.06802795	      0.10948138	      0.12260813	     -0.01510710	      0.05112834	      0.27868090	      0.05996212	      0.44973396	      0.03440510	      0.05226697	      0.08874939	      0.23696513	     20.06931033
      0.82100000	     -0.51943134	      0.97679951	      0.55696341	      0.11746081	     -0.88674351	     -1.15436606	      0.72364811	      0.04524801	     -0.20094741	     -1.67024823	      1.59819884	     -1.33715305	      3.47805482	      0.13138388	     -5.03392979	     -1.68053377	     -3.54152929	     -0.41365488	     -0.09508745	      0.06603586	      0.02109657	      0.08846378	      0.98060445	      0.09306116	     -0.06716597	      0.10494305	     -0.05374628	      0.05045698	     -0.05437362	      0.05024367	      0.08639594	      0.07681630	     -0.02153015	      0.07740526	     -0.01439580	      0.06802755	      0.10948138	      0.12260752	     -0.01523585	      0.05113415	      0.27798576	      0.05994561	      0.44933538	      0.03439439	      0.05265430	      0.08875950	      0.23696513	     20.10135615
      0.82200000	     -0.52110549	      0.97839820	      0.55562386	      0.12094730	     -0.88660487	     -1.15940739	      0.72195926	      0.04177732	     -0.20136247	     -1.67805138	      1.59918884	     -1.34193643	      3.49477235	      0.14585292	     -5.04841458	     -1.69715802	     -3.39710823	     -0.42287108	     -0.09521620	      0.06599387	      0.02151284	      0.08864679	      0.98156365	      0.09293939	     -0.06729472	      0.10510868	     -0.05387503	      0.05041788	     -0.05450237	      0.05020848	      0.08771537	      0.07696446	     -0.02165890	      0.07739388	     -0.01452455	      0.06802715	      0.10948138	      0.12260671	     -0.01536460	      0.05114011	      0.27728693	      0.05992893	      0.44892940	      0.03438365	      0.05304553	      0.08876967	      0.23696513	     20.13404020
      0.82300000	     -0.52278743	      0.97999790	      0.55427953	      0.12445014	     -0.88645173	     -1.16446232	      0.72025369	      0.03845892	     -0.20178335	     -1.68579686	      1.60020361	     -1.34673648	      3.51078382	      0.16039971	     -5.06116525	     -1.71399479	     -3.23729498	     -0.42169493	     -0.09534495	      0.06595199	      0.02193119	      0.08883049	      0.98247478	      0.09281691	     -0.06742347	      0.10527423	     -0.05400378	      0.05037881	     -0.05463112	      0.05017331	      0.08910338	      0.07710629	     -0.02178765	      0.07738239	     -0.01465330	      0.06802674	      0.10948138	      0.12260571	     -0.01549335	      0.05114622	      0.27658428	      0.05991210	      0.44851561	      0.03437288	      0.05344162	      0.08877990	      0.23696513	     20.16737472
      0.82400000	     -0.52447707	      0.98159862	      0.55293038	      0.12796863	     -0.88628408	     -1.16952916	      0.71853122	      0.03530715	     -0.20220707	     -1.69347209	      1.60124942	     -1.35155373	      3.52608365	      0.17491054	     -5.07224357	     -1.73098318	     -3.06424103	     -0.42543620	     -0.09547370	      0.06591021	      0.02235425	      0.08901480	      0.98334031	      0.09269373	     -0.06755222	      0.10543963	     -0.05413253	      0.05033975	     -0.05475987	      0.05013814	      0.09055593	      0.07724107	     -0.02191640	      0.07737079	     -0.01478205	      0.06802634	      0.10948138	      0.12260452	     -0.01562210	      0.05115249	      0.27587782	      0.05989510	      0.44809402	      0.03436208	      0.05384240	      0.08879018	      0.23696513	     20.20137335
      0.82500000	     -0.52617435	      0.98320041	      0.55157642	      0.13150208	     -0.88610191	     -1.17460629	      0.71679167	      0.03233409	     -0.20263451	     -1.70108192	      1.60232390	     -1.35638763	      3.54071354	      0.18941913	     -5.08174888	     -1.74814157	     -2.88023913	     -0.43029299	     -0.09560245	      0.06586853	      0.02278339	      0.08919967	      0.98416258	      0.09256986	     -0.06768097	      0.10560480	     -0.05426128	      0.05030072	     -0.05488862	      0.05010297	      0.09206821	      0.07736822	     -0.02204515	      0.07735909	     -0.01491080	      0.06802594	      0.10948138	      0.12260314	     -0.01575085	      0.05115891	      0.27516754	      0.05987794	      0.44766461	      0.03435124	      0.05424780	      0.08880052	      0.23696513	     20.23604941
      0.82600000	     -0.52787921	      0.98480328	      0.55021760	      0.13504984	     -0.88590523	     -1.17969217	      0.71503487	      0.02954951	     -0.20306735	     -1.70863442	      1.60342305	     -1.36123737	      3.55472444	      0.20398652	     -5.08978776	     -1.76550847	     -2.68772737	     -0.42887955	     -0.09573120	      0.06582695	      0.02321896	      0.08938504	      0.98494381	      0.09244531	     -0.06780972	      0.10576971	     -0.05439003	      0.05026170	     -0.05501737	      0.05006780	      0.09363456	      0.07748728	     -0.02217390	      0.07734727	     -0.01503955	      0.06802554	      0.10948138	      0.12260157	     -0.01587960	      0.05116550	      0.27445333	      0.05986060	      0.44722702	      0.03434037	      0.05465859	      0.08881093	      0.23696513	     20.27141639
      0.82700000	     -0.52959159	      0.98640726	      0.54885393	      0.13861131	     -0.88569401	     -1.18478538	      0.71326064	      0.02696062	     -0.20350205	     -1.71611547	      1.60455393	     -1.36610372	      3.56810866	      0.21848315	     -5.09642375	     -1.78300135	     -2.48927620	     -0.43869423	     -0.09585995	      0.06578547	      0.02366059	      0.08957088	      0.98568608	      0.09232008	     -0.06793847	      0.10593427	     -0.05451878	      0.05022270	     -0.05514612	      0.05003264	      0.09524843	      0.07759793	     -0.02230265	      0.07733533	     -0.01516830	      0.06802513	      0.10948138	      0.12259980	     -0.01600835	      0.05117225	      0.27373518	      0.05984308	      0.44678124	      0.03432946	      0.05507461	      0.08882141	      0.23696513	     20.30748908
      0.82800000	     -0.53131142	      0.98801239	      0.54748539	      0.14218588	     -0.88546825	     -1.18988459	      0.71146880	      0.02457202	     -0.20394337	     -1.72354652	      1.60570591	     -1.37098494	      3.58095443	      0.23308307	     -5.10178744	     -1.80073320	     -2.28762531	     -0.43761612	     -0.09598870	      0.06574409	      0.02410752	      0.08975715	      0.98639138	      0.09219417	     -0.06806722	      0.10609845	     -0.05464753	      0.05018372	     -0.05527487	      0.04999748	      0.09690237	      0.07769999	     -0.02243140	      0.07732327	     -0.01529705	      0.06802473	      0.10948138	      0.12259784	     -0.01613710	      0.05117917	      0.27301301	      0.05982539	      0.44632697	      0.03431852	      0.05549642	      0.08883195	      0.23696513	     20.34428099
      0.82900000	     -0.53303865	      0.98961869	      0.54611196	      0.14577302	     -0.88522790	     -1.19498854	      0.70965916	      0.02238549	     -0.20438691	     -1.73091020	      1.60688766	     -1.37588205	      3.59324718	      0.24762706	     -5.10593286	     -1.81859616	     -2.08563121	     -0.44711049	     -0.09611745	      0.06570282	      0.02455875	      0.08994382	      0.98706158	      0.09206761	     -0.06819597	      0.10626220	     -0.05477628	      0.05014476	     -0.05540362	      0.04996231	      0.09858809	      0.07779340	     -0.02256015	      0.07731108	     -0.01542580	      0.06802433	      0.10948138	      0.12259569	     -0.01626585	      0.05118626	      0.27228683	      0.05980751	      0.44586425	      0.03430753	      0.05592372	      0.08884257	      0.23696513	     20.38180782
      0.83000000	     -0.53477322	      0.99122618	      0.54473362	      0.14937221	     -0.88497298	     -1.20009608	      0.70783154	      0.02039987	     -0.20483654	     -1.73822424	      1.60809046	     -1.38079354	      3.60506682	      0.26225574	     -5.10897776	     -1.83668689	     -1.88630764	     -0.44942793	     -0.09624620	      0.06566164	      0.02501322	      0.09013086	      0.98769847	      0.09194038	     -0.06832472	      0.10642546	     -0.05490503	      0.05010581	     -0.05553237	      0.04992715	      0.10029663	      0.07787825	     -0.02268890	      0.07729877	     -0.01555455	      0.06802393	      0.10948138	      0.12259334	     -0.01639460	      0.05119353	      0.27155648	      0.05978944	      0.44539263	      0.03429650	      0.05635748	      0.08885326	      0.23696513	     20.42008386
      0.83100000	     -0.53651508	      0.99283488	      0.54335037	      0.15298299	     -0.88470341	     -1.20520615	      0.70598575	      0.01861095	     -0.20528973	     -1.74547956	      1.60931887	     -1.38571981	      3.61642261	      0.27687909	     -5.11098566	     -1.85493981	     -1.69275650	     -0.45706484	     -0.09637495	      0.06562056	      0.02546992	      0.09031826	      0.98830374	      0.09181252	     -0.06845347	      0.10658821	     -0.05503378	      0.05006689	     -0.05566112	      0.04989199	      0.10201859	      0.07795480	     -0.02281765	      0.07728632	     -0.01568330	      0.06802353	      0.10948138	      0.12259081	     -0.01652335	      0.05120099	      0.27082197	      0.05977119	      0.44491208	      0.03428542	      0.05679747	      0.08886402	      0.23696513	     20.45912517
      0.83200000	     -0.53826417	      0.99444482	      0.54196218	      0.15660492	     -0.88441920	     -1.21031774	      0.70412159	      0.01701137	     -0.20574961	     -1.75269045	      1.61056590	     -1.39065955	      3.62738642	      0.29160732	     -5.11205994	     -1.87343783	     -1.50816664	     -0.45623221	     -0.09650370	      0.06557959	      0.02592808	      0.09050599	      0.98887897	      0.09168401	     -0.06858222	      0.10675039	     -0.05516253	      0.05002798	     -0.05578987	      0.04985682	      0.10374435	      0.07802339	     -0.02294640	      0.07727374	     -0.01581205	      0.06802313	      0.10948138	      0.12258808	     -0.01665210	      0.05120862	      0.27008320	      0.05975273	      0.44442228	      0.03427430	      0.05724427	      0.08887485	      0.23696513	     20.49894681
      0.83300000	     -0.54002044	      0.99605602	      0.54056904	      0.16023762	     -0.88412026	     -1.21542996	      0.70223886	      0.01559057	     -0.20621203	     -1.75984216	      1.61183895	     -1.39561363	      3.63795269	      0.30629970	     -5.11224545	     -1.89206838	     -1.33571351	     -0.46620457	     -0.09663245	      0.06553871	      0.02638731	      0.09069403	      0.98942569	      0.09155488	     -0.06871097	      0.10691199	     -0.05529128	      0.04998909	     -0.05591862	      0.04982166	      0.10546424	      0.07808452	     -0.02307515	      0.07726101	     -0.01594080	      0.06802273	      0.10948138	      0.12258515	     -0.01678085	      0.05121645	      0.26934017	      0.05973408	      0.44392330	      0.03426312	      0.05769740	      0.08888577	      0.23696513	     20.53956607
      0.83400000	     -0.54178383	      0.99766851	      0.53917095	      0.16388071	     -0.88380659	     -1.22054196	      0.70033737	      0.01433485	     -0.20668354	     -1.76693712	      1.61313702	     -1.40058141	      3.64816045	      0.32098801	     -5.11161391	     -1.91100517	     -1.17851267	     -0.48227743	     -0.09676120	      0.06549793	      0.02684771	      0.09088236	      0.98994532	      0.09142513	     -0.06883972	      0.10707295	     -0.05542003	      0.04995023	     -0.05604737	      0.04978650	      0.10716876	      0.07813876	     -0.02320390	      0.07724814	     -0.01606955	      0.06802233	      0.10948138	      0.12258204	     -0.01690960	      0.05122447	      0.26859271	      0.05971522	      0.44341452	      0.03425189	      0.05815817	      0.08889677	      0.23696513	     20.58099889
      0.83500000	     -0.54355427	      0.99928232	      0.53776787	      0.16753378	     -0.88347839	     -1.22565290	      0.69841648	      0.01322749	     -0.20719239	     -1.77391583	      1.61449018	     -1.40556573	      3.65788020	      0.33534532	     -5.11011569	     -1.93111873	     -1.03945336	     -0.54456456	     -0.09688995	      0.06545743	      0.02730972	      0.09107095	      0.99043924	      0.09129476	     -0.06896847	      0.10723326	     -0.05554878	      0.04991138	     -0.05617612	      0.04975133	      0.10884872	      0.07818677	     -0.02333265	      0.07723513	     -0.01619830	      0.06802193	      0.10948138	      0.12257872	     -0.01703835	      0.05123268	      0.26784079	      0.05969614	      0.44289592	      0.03424059	      0.05862631	      0.08890793	      0.23696513	     20.62328170
      0.83600000	     -0.54533161	      1.00089752	      0.53635981	      0.17119626	     -0.88313604	     -1.23076190	      0.69647412	      0.01224908	     -0.20779228	     -1.78071868	      1.61592552	     -1.41056970	      3.66696827	      0.34930721	     -5.10773344	     -1.95428609	     -0.92096157	     -0.66464697	     -0.09701870	      0.06542000	      0.02777401	      0.09125977	      0.99090872	      0.09116379	     -0.06909722	      0.10739289	     -0.05567753	      0.04987254	     -0.05630487	      0.04971617	      0.11049538	      0.07822923	     -0.02346140	      0.07722195	     -0.01632705	      0.06802153	      0.10948138	      0.12257522	     -0.01716710	      0.05124111	      0.26708435	      0.05967677	      0.44236730	      0.03422913	      0.05910193	      0.08891961	      0.23696513	     20.66651459
      0.83700000	     -0.54711563	      1.00251420	      0.53494673	      0.17486745	     -0.88277985	     -1.23586809	      0.69450614	      0.01137814	     -0.20853691	     -1.78729225	      1.61746122	     -1.41559810	      3.67527498	      0.36308503	     -5.10451977	     -1.98273503	     -0.82472190	     -0.82896929	     -0.09714745	      0.06539263	      0.02824128	      0.09144879	      0.99135500	      0.09103222	     -0.06922597	      0.10755180	     -0.05580628	      0.04983373	     -0.05643362	      0.04968101	      0.11210062	      0.07826683	     -0.02359015	      0.07720861	     -0.01645580	      0.06802113	      0.10948138	      0.12257152	     -0.01729585	      0.05124975	      0.26632326	      0.05965699	      0.44182818	      0.03421738	      0.05958590	      0.08893242	      0.23696513	     20.71089632
      0.83800000	     -0.54890611	      1.00413247	      0.53352860	      0.17854655	     -0.88240975	     -1.24097071	      0.69250634	      0.01059186	     -0.20945097	     -1.79364137	      1.61908600	     -1.42065385	      3.68279979	      0.37722595	     -5.10062853	     -2.01808119	     -0.75180323	     -0.99578191	     -0.09727620	      0.06538159	      0.02871225	      0.09163795	      0.99177924	      0.09090007	     -0.06935472	      0.10770998	     -0.05593503	      0.04979494	     -0.05656237	      0.04964584	      0.11365698	      0.07830025	     -0.02371890	      0.07719509	     -0.01658455	      0.06802073	      0.10948138	      0.12256763	     -0.01742460	      0.05125864	      0.26555755	      0.05963663	      0.44127879	      0.03420512	      0.06007730	      0.08894716	      0.23696513	     20.75672508
      0.83900000	     -0.55070286	      1.00575239	      0.53210541	      0.18223284	     -0.88202508	     -1.24606919	      0.69046757	      0.00986658	     -0.21051634	     -1.79982260	      1.62076646	     -1.42573795	      3.68968665	      0.39230082	     -5.09625581	     -2.06058262	     -0.70274537	     -1.12759659	     -0.09740495	      0.06538927	      0.02918745	      0.09182721	      0.99218254	      0.09076735	     -0.06948347	      0.10786739	     -0.05606378	      0.04975616	     -0.05669112	      0.04961068	      0.11515783	      0.07833013	     -0.02384765	      0.07718136	     -0.01671330	      0.06802033	      0.10948138	      0.12256354	     -0.01755335	      0.05126781	      0.26478702	      0.05961552	      0.44071846	      0.03419216	      0.06057748	      0.08896460	      0.23696513	     20.80435736
      0.84000000	     -0.55250572	      1.00737401	      0.53067712	      0.18592576	     -0.88162473	     -1.25116312	      0.68838307	      0.00917843	     -0.21169115	     -1.80589773	      1.62246978	     -1.43085188	      3.69609689	      0.40859751	     -5.09156217	     -2.10935503	     -0.67744956	     -1.21526602	     -0.09753370	      0.06541544	      0.02966732	      0.09201654	      0.99256594	      0.09063406	     -0.06961222	      0.10802402	     -0.05619253	      0.04971741	     -0.05681987	      0.04957552	      0.11659743	      0.07835710	     -0.02397640	      0.07716740	     -0.01684205	      0.06801993	      0.10948138	      0.12255926	     -0.01768210	      0.05127730	      0.26401173	      0.05959354	      0.44014736	      0.03417836	      0.06108555	      0.08898525	      0.23696513	     20.85415128
      0.84100000	     -0.55431463	      1.00899733	      0.52924369	      0.18962491	     -0.88120747	     -1.25625224	      0.68624722	      0.00850402	     -0.21293558	     -1.81191377	      1.62417241	     -1.43599801	      3.70214915	      0.42613476	     -5.08665372	     -2.16306371	     -0.67508450	     -1.26922617	     -0.09766245	      0.06545863	      0.03015212	      0.09220589	      0.99293043	      0.09050023	     -0.06974097	      0.10817986	     -0.05632128	      0.04967867	     -0.05694862	      0.04954035	      0.11797106	      0.07838172	     -0.02410515	      0.07715316	     -0.01697080	      0.06801953	      0.10948138	      0.12255479	     -0.01781085	      0.05128714	      0.26323149	      0.05957057	      0.43956498	      0.03416364	      0.06160250	      0.08900934	      0.23696513	     20.90642927
      0.84200000	     -0.55612954	      1.01062235	      0.52780511	      0.19332997	     -0.88077209	     -1.26133638	      0.68405573	      0.00782114	     -0.21422320	     -1.81790420	      1.62585842	     -1.44117901	      3.70791852	      0.44480312	     -5.08159816	     -2.22041960	     -0.69407396	     -1.30382419	     -0.09779120	      0.06551639	      0.03064202	      0.09239524	      0.99327697	      0.09036586	     -0.06986972	      0.10833489	     -0.05645003	      0.04963995	     -0.05707737	      0.04950519	      0.11927500	      0.07840456	     -0.02423390	      0.07713861	     -0.01709955	      0.06801913	      0.10948138	      0.12255010	     -0.01793960	      0.05129738	      0.26244630	      0.05954658	      0.43897128	      0.03414796	      0.06212798	      0.08903685	      0.23696513	     20.96146624
      0.84300000	     -0.55795044	      1.01224904	      0.52636132	      0.19704067	     -0.88031753	     -1.26641540	      0.68180552	      0.00710950	     -0.21554045	     -1.82389339	      1.62751654	     -1.44639737	      3.71344649	      0.46446539	     -5.07644156	     -2.28036865	     -0.73215648	     -1.32988009	     -0.09791995	      0.06558600	      0.03113705	      0.09258457	      0.99360643	      0.09023097	     -0.06999847	      0.10848912	     -0.05657878	      0.04960125	     -0.05720612	      0.04947003	      0.12050667	      0.07842618	     -0.02436265	      0.07712371	     -0.01722830	      0.06801873	      0.10948138	      0.12254521	     -0.01806835	      0.05130804	      0.26165598	      0.05952152	      0.43836570	      0.03413131	      0.06266306	      0.08906759	      0.23696513	     21.01949272
      0.84400000	     -0.55977734	      1.01387737	      0.52491230	      0.20075679	     -0.87984287	     -1.27148924	      0.67949440	      0.00635140	     -0.21688225	     -1.82989966	      1.62913836	     -1.45165536	      3.71874946	      0.48500028	     -5.07121786	     -2.34210933	     -0.78650762	     -1.35366002	     -0.09804870	      0.06566503	      0.03163724	      0.09277386	      0.99391968	      0.09009557	     -0.07012722	      0.10864255	     -0.05670753	      0.04956257	     -0.05733487	      0.04943486	      0.12166459	      0.07844710	     -0.02449140	      0.07710844	     -0.01735705	      0.06801834	      0.10948138	      0.12254009	     -0.01819710	      0.05131914	      0.26086057	      0.05949535	      0.43774842	      0.03411369	      0.06320675	      0.08910129	      0.23696513	     21.08070270
      0.84500000	     -0.56161025	      1.01550730	      0.52345800	      0.20447809	     -0.87934727	     -1.27655783	      0.67712090	      0.00553213	     -0.21824803	     -1.83593698	      1.63071733	     -1.45695496	      3.72382528	      0.50631372	     -5.06595309	     -2.40505062	     -0.85390595	     -1.37813330	     -0.09817745	      0.06575145	      0.03214255	      0.09296310	      0.99421751	      0.08995966	     -0.07025597	      0.10879516	     -0.05683628	      0.04952391	     -0.05746362	      0.04939970	      0.12274839	      0.07846787	     -0.02462015	      0.07709276	     -0.01748580	      0.06801794	      0.10948138	      0.12253474	     -0.01832585	      0.05133073	      0.26005977	      0.05946805	      0.43711849	      0.03409510	      0.06376112	      0.08913766	      0.23696513	     21.14526165
      0.84600000	     -0.56344922	      1.01713879	      0.52199838	      0.20820436	     -0.87883000	     -1.28162114	      0.67468405	      0.00464038	     -0.21963913	     -1.84201601	      1.63224829	     -1.46229793	      3.72865861	      0.52833742	     -5.06066724	     -2.46876350	     -0.93092312	     -1.40439535	     -0.09830620	      0.06584372	      0.03265297	      0.09315228	      0.99450070	      0.08982326	     -0.07038472	      0.10894696	     -0.05696503	      0.04948526	     -0.05759237	      0.04936454	      0.12375874	      0.07848900	     -0.02474890	      0.07707665	     -0.01761455	      0.06801754	      0.10948138	      0.12252914	     -0.01845460	      0.05134281	      0.25925194	      0.05943958	      0.43646992	      0.03407555	      0.06434044	      0.08917637	      0.23696513	     21.21331310
      0.84700000	     -0.56529430	      1.01877178	      0.52053339	      0.21193532	     -0.87829038	     -1.28667916	      0.67218322	      0.00366823	     -0.22105749	     -1.84814489	      1.63372709	     -1.46768577	      3.73322605	      0.55102497	     -5.05537513	     -2.53294421	     -1.01412059	     -1.43262616	     -0.09843495	      0.06594064	      0.03316846	      0.09334138	      0.99476996	      0.08968638	     -0.07051347	      0.10909795	     -0.05709378	      0.04944664	     -0.05772112	      0.04932937	      0.12469728	      0.07851101	     -0.02487765	      0.07706006	     -0.01774330	      0.06801714	      0.10948138	      0.12252330	     -0.01858335	      0.05135541	      0.25843286	      0.05940991	      0.43578764	      0.03405503	      0.06498014	      0.08921704	      0.23696513	     21.28498400
      0.84800000	     -0.56714553	      1.02040622	      0.51906299	      0.21567071	     -0.87772774	     -1.29173189	      0.66961807	      0.00261117	     -0.22250497	     -1.85433000	      1.63515039	     -1.47311972	      3.73750096	      0.57434916	     -5.05008711	     -2.59739135	     -1.10023781	     -1.46258721	     -0.09856370	      0.06604132	      0.03368896	      0.09353038	      0.99502598	      0.08954903	     -0.07064222	      0.10924812	     -0.05722253	      0.04940803	     -0.05784987	      0.04929421	      0.12556645	      0.07853441	     -0.02500640	      0.07704300	     -0.01787205	      0.06801675	      0.10948138	      0.12251719	     -0.01871210	      0.05136854	      0.25759596	      0.05937899	      0.43504824	      0.03403355	      0.06573268	      0.08925919	      0.23696513	     21.36038923
      0.84900000	     -0.56900298	      1.02204206	      0.51758713	      0.21941022	     -0.87714147	     -1.29677934	      0.66698839	      0.00146776	     -0.22398311	     -1.86057662	      1.63651530	     -1.47860066	      3.74145808	      0.59830078	     -5.04480974	     -2.66199149	     -1.18635923	     -1.49384134	     -0.09869245	      0.06614510	      0.03421444	      0.09371927	      0.99526943	      0.08941122	     -0.07077097	      0.10939749	     -0.05735128	      0.04936944	     -0.05797862	      0.04925905	      0.12636941	      0.07855968	     -0.02513515	      0.07702542	     -0.01800080	      0.06801635	      0.10948138	      0.12251081	     -0.01884085	      0.05138223	      0.25673385	      0.05934679	      0.43422602	      0.03401111	      0.06665105	      0.08930218	      0.23696513	     21.43963582
      0.85000000	     -0.57086671	      1.02367923	      0.51610577	      0.22315351	     -0.87653093	     -1.30182151	      0.66429405	      0.00023927	     -0.22549293	     -1.86688949	      1.63781922	     -1.48412915	      3.74507741	      0.62288693	     -5.03954620	     -2.72670565	     -1.27004917	     -1.52586612	     -0.09882120	      0.06625149	      0.03474499	      0.09390802	      0.99550093	      0.08927295	     -0.07089972	      0.10954605	     -0.05748003	      0.04933087	     -0.05810737	      0.04922389	      0.12710984	      0.07858731	     -0.02526390	      0.07700731	     -0.01812955	      0.06801595	      0.10948138	      0.12250414	     -0.01896960	      0.05139649	      0.25584048	      0.05931326	      0.43330084	      0.03398771	      0.06776932	      0.08934533	      0.23696513	     21.52282712
      0.85100000	     -0.57273678	      1.02531768	      0.51461886	      0.22690026	     -0.87589548	     -1.30685843	      0.66153494	     -0.00107090	     -0.22703494	     -1.87327328	      1.63905964	     -1.48970535	      3.74834715	      0.64812775	     -5.03429661	     -2.79155198	     -1.34944544	     -1.55814753	     -0.09894995	      0.06636011	      0.03528082	      0.09409663	      0.99572106	      0.08913425	     -0.07102847	      0.10969380	     -0.05760878	      0.04929232	     -0.05823612	      0.04918872	      0.12779184	      0.07861775	     -0.02539265	      0.07698866	     -0.01825830	      0.06801556	      0.10948138	      0.12249719	     -0.01909835	      0.05141135	      0.25491217	      0.05927835	      0.43226187	      0.03396335	      0.06909568	      0.08938805	      0.23696513	     21.61006648
      0.85200000	     -0.57461328	      1.02695733	      0.51312635	      0.23065009	     -0.87523444	     -1.31189011	      0.65871089	     -0.00245777	     -0.22860918	     -1.87973275	      1.64023403	     -1.49532912	      3.75126549	      0.67405174	     -5.02905809	     -2.85658553	     -1.42330433	     -1.59026041	     -0.09907870	      0.06647071	      0.03582228	      0.09428507	      0.99593038	      0.08899511	     -0.07115722	      0.10984074	     -0.05773753	      0.04925379	     -0.05836487	      0.04915356	      0.12841984	      0.07865140	     -0.02552140	      0.07696945	     -0.01838705	      0.06801516	      0.10948138	      0.12248993	     -0.01922710	      0.05142681	      0.25394734	      0.05924203	      0.43110636	      0.03393804	      0.07061833	      0.08942994	      0.23696513	     21.70146025
      0.85300000	     -0.57649628	      1.02859812	      0.51162819	      0.23440267	     -0.87454713	     -1.31691655	      0.65582168	     -0.00391544	     -0.23021532	     -1.88627292	      1.64133981	     -1.50099999	      3.75384128	      0.70069094	     -5.02382471	     -2.92187913	     -1.49099236	     -1.62191372	     -0.09920745	      0.06658307	      0.03636979	      0.09447331	      0.99612944	      0.08885555	     -0.07128597	      0.10998687	     -0.05786628	      0.04921528	     -0.05849362	      0.04911840	      0.12899852	      0.07868863	     -0.02565015	      0.07694966	     -0.01851580	      0.06801476	      0.10948138	      0.12248236	     -0.01935585	      0.05144290	      0.25294574	      0.05920424	      0.42983660	      0.03391178	      0.07231525	      0.08947076	      0.23696513	     21.79711984
      0.85400000	     -0.57838585	      1.03023999	      0.51012433	      0.23815767	     -0.87383281	     -1.32193776	      0.65286702	     -0.00543766	     -0.23185282	     -1.89289904	      1.64237435	     -1.50671727	      3.75609348	      0.72807699	     -5.01858760	     -2.98750876	     -1.55242443	     -1.65295410	     -0.09933620	      0.06669704	      0.03692375	      0.09466134	      0.99631873	      0.08871559	     -0.07141472	      0.11013220	     -0.05799503	      0.04917678	     -0.05862237	      0.04908324	      0.12953273	      0.07872971	     -0.02577890	      0.07692928	     -0.01864455	      0.06801437	      0.10948138	      0.12247446	     -0.01948460	      0.05145965	      0.25190779	      0.05916493	      0.42845722	      0.03388456	      0.07416179	      0.08951045	      0.23696513	     21.89716275
      0.85500000	     -0.58028210	      1.03188285	      0.50861474	      0.24191476	     -0.87309072	     -1.32695372	      0.64984653	     -0.00701832	     -0.23352103	     -1.89961655	      1.64333491	     -1.51248011	      3.75804974	      0.75623841	     -5.01333512	     -3.05354356	     -1.60795559	     -1.68334561	     -0.09946495	      0.06681251	      0.03748454	      0.09484913	      0.99649874	      0.08857522	     -0.07154347	      0.11027673	     -0.05812378	      0.04913831	     -0.05875112	      0.04904808	      0.13002750	      0.07877482	     -0.02590765	      0.07690830	     -0.01877330	      0.06801397	      0.10948138	      0.12246624	     -0.01961335	      0.05147706	      0.25083411	      0.05912404	      0.42697351	      0.03385639	      0.07613487	      0.08954907	      0.23696513	     22.00171289
      0.85600000	     -0.58218512	      1.03352663	      0.50709936	      0.24567368	     -0.87232007	     -1.33196442	      0.64675977	     -0.00865183	     -0.23521933	     -1.90643101	      1.64421875	     -1.51828753	      3.75974409	      0.78519860	     -5.00805342	     -3.12003944	     -1.65824168	     -1.71314582	     -0.09959370	      0.06692938	      0.03805252	      0.09503666	      0.99666993	      0.08843446	     -0.07167222	      0.11042045	     -0.05825253	      0.04909985	     -0.05887987	      0.04901292	      0.13048797	      0.07882402	     -0.02603640	      0.07688670	     -0.01890205	      0.06801358	      0.10948138	      0.12245767	     -0.01974210	      0.05149517	      0.24972530	      0.05908151	      0.42539061	      0.03382726	      0.07821466	      0.08958674	      0.23696513	     22.11090032
      0.85700000	     -0.58409500	      1.03517126	      0.50557815	      0.24943417	     -0.87152005	     -1.33696982	      0.64360628	     -0.01033333	     -0.23694717	     -1.91334796	      1.64502309	     -1.52413856	      3.76121430	      0.81497515	     -5.00272715	     -3.18703713	     -1.70409073	     -1.74246511	     -0.09972245	      0.06704760	      0.03862798	      0.09522391	      0.99683272	      0.08829332	     -0.07180097	      0.11056337	     -0.05838128	      0.04906141	     -0.05900862	      0.04897776	      0.13091941	      0.07887725	     -0.02616515	      0.07686446	     -0.01903080	      0.06801318	      0.10948138	      0.12244874	     -0.01987085	      0.05151399	      0.24858189	      0.05903730	      0.42371318	      0.03379717	      0.08038484	      0.08962361	      0.23696513	     22.22486053
      0.85800000	     -0.58601185	      1.03681665	      0.50405106	      0.25319605	     -0.87068984	     -1.34196986	      0.64038552	     -0.01205880	     -0.23870415	     -1.92037285	      1.64574518	     -1.53003224	      3.76249930	      0.84557980	     -4.99734035	     -3.25456253	     -1.74632745	     -1.77143403	     -0.09985120	      0.06716709	      0.03921114	      0.09541087	      0.99698754	      0.08815182	     -0.07192972	      0.11070548	     -0.05851003	      0.04902299	     -0.05913737	      0.04894260	      0.13132713	      0.07893434	     -0.02629390	      0.07684159	     -0.01915955	      0.06801279	      0.10948138	      0.12243945	     -0.01999960	      0.05153355	      0.24740430	      0.05899134	      0.42194533	      0.03376610	      0.08263212	      0.08965988	      0.23696513	     22.34373373
      0.85900000	     -0.58793578	      1.03846272	      0.50251807	      0.25695912	     -0.86982862	     -1.34696447	      0.63709698	     -0.01382503	     -0.24048999	     -1.92751090	      1.64638229	     -1.53596772	      3.76363698	      0.87701813	     -4.99187731	     -3.32262608	     -1.78568838	     -1.80019897	     -0.09997995	      0.06728783	      0.03980219	      0.09559753	      0.99713478	      0.08800995	     -0.07205847	      0.11084679	     -0.05863878	      0.04898459	     -0.05926612	      0.04890744	      0.13171653	      0.07899506	     -0.02642265	      0.07681805	     -0.01928830	      0.06801239	      0.10948138	      0.12242979	     -0.02012835	      0.05155388	      0.24619285	      0.05894358	      0.42009064	      0.03373406	      0.08494551	      0.08969570	      0.23696513	     22.46766384
      0.86000000	     -0.58986691	      1.04010938	      0.50097912	      0.26072328	     -0.86893553	     -1.35195358	      0.63374009	     -0.01562942	     -0.24230455	     -1.93476704	      1.64693179	     -1.54194427	      3.76466253	      0.90928926	     -4.98632339	     -3.39122232	     -1.82275590	     -1.82892046	     -0.10010870	      0.06740977	      0.04040126	      0.09578387	      0.99727480	      0.08786774	     -0.07218722	      0.11098730	     -0.05876753	      0.04894621	     -0.05939487	      0.04887228	      0.13209302	      0.07905912	     -0.02655140	      0.07679385	     -0.01941705	      0.06801200	      0.10948138	      0.12241973	     -0.02025710	      0.05157501	      0.24494777	      0.05889395	      0.41815224	      0.03370103	      0.08731560	      0.08973127	      0.23696513	     22.59679750
      0.86100000	     -0.59180536	      1.04175655	      0.49943417	      0.26448842	     -0.86800976	     -1.35693708	      0.63031436	     -0.01746991	     -0.24414787	     -1.94214585	      1.64739114	     -1.54796134	      3.76560751	      0.94238658	     -4.98066562	     -3.46033225	     -1.85793072	     -1.85775266	     -0.10023745	      0.06753289	      0.04100846	      0.09596988	      0.99740797	      0.08772518	     -0.07231597	      0.11112699	     -0.05889628	      0.04890784	     -0.05952362	      0.04883712	      0.13246201	      0.07912624	     -0.02668015	      0.07676896	     -0.01954580	      0.06801161	      0.10948138	      0.12240927	     -0.02038585	      0.05159694	      0.24366925	      0.05884241	      0.41613288	      0.03366700	      0.08973405	      0.08976673	      0.23696513	     22.73128286
      0.86200000	     -0.59375125	      1.04340414	      0.49788318	      0.26825448	     -0.86705049	     -1.36191487	      0.62681927	     -0.01934473	     -0.24602015	     -1.94965153	      1.64775790	     -1.55401849	      3.76649952	      0.97629840	     -4.97489319	     -3.52992555	     -1.89143574	     -1.88683368	     -0.10036620	      0.06765716	      0.04162386	      0.09615557	      0.99753462	      0.08758229	     -0.07244472	      0.11126587	     -0.05902503	      0.04886950	     -0.05965237	      0.04880196	      0.13282887	      0.07919609	     -0.02680890	      0.07674337	     -0.01967455	      0.06801121	      0.10948138	      0.12239840	     -0.02051460	      0.05161973	      0.24235744	      0.05878888	      0.41403505	      0.03363197	      0.09219339	      0.08980225	      0.23696513	     22.87126858
      0.86300000	     -0.59570471	      1.04505204	      0.49632612	      0.27202141	     -0.86605690	     -1.36688683	      0.62325436	     -0.02125225	     -0.24792167	     -1.95728796	      1.64802972	     -1.56011542	      3.76736226	      1.01100854	     -4.96899772	     -3.59996221	     -1.92334128	     -1.91628333	     -0.10049495	      0.06778258	      0.04224759	      0.09634092	      0.99765507	      0.08743908	     -0.07257347	      0.11140394	     -0.05915378	      0.04883117	     -0.05978112	      0.04876680	      0.13319889	      0.07926838	     -0.02693765	      0.07671707	     -0.01980330	      0.06801082	      0.10948138	      0.12238710	     -0.02064335	      0.05164339	      0.24101250	      0.05873331	      0.41186104	      0.03359593	      0.09468695	      0.08983798	      0.23696513	     23.01690280
      0.86400000	     -0.59766587	      1.04670016	      0.49476294	      0.27578920	     -0.86502821	     -1.37185283	      0.61961921	     -0.02319086	     -0.24985288	     -1.96505865	      1.64820436	     -1.56625198	      3.76821590	      1.04649685	     -4.96297337	     -3.67039392	     -1.95360199	     -1.94620380	     -0.10062370	      0.06790913	      0.04287976	      0.09652593	      0.99776962	      0.08729555	     -0.07270222	      0.11154120	     -0.05928253	      0.04879286	     -0.05990987	      0.04873164	      0.13357720	      0.07934285	     -0.02706640	      0.07669005	     -0.01993205	      0.06801042	      0.10948138	      0.12237536	     -0.02077210	      0.05166795	      0.23963460	      0.05867565	      0.40961303	      0.03355886	      0.09720893	      0.08987407	      0.23696513	     23.16833221
      0.86500000	     -0.59963487	      1.04834841	      0.49319360	      0.27955785	     -0.86396365	     -1.37681273	      0.61591346	     -0.02515887	     -0.25181427	     -1.97296681	      1.64827971	     -1.57242807	      3.76907750	      1.08273961	     -4.95681692	     -3.74116509	     -1.98209714	     -1.97668085	     -0.10075245	      0.06803680	      0.04352058	      0.09671059	      0.99787857	      0.08715172	     -0.07283097	      0.11167764	     -0.05941128	      0.04875457	     -0.06003862	      0.04869649	      0.13396866	      0.07941923	     -0.02719515	      0.07666230	     -0.02006080	      0.06801003	      0.10948138	      0.12236317	     -0.02090085	      0.05169345	      0.23822392	      0.05861584	      0.40729311	      0.03352075	      0.09975442	      0.08991064	      0.23696513	     23.32570111
      0.86600000	     -0.60161185	      1.04999669	      0.49161807	      0.28332736	     -0.86286249	     -1.38176642	      0.61213679	     -0.02715442	     -0.25380645	     -1.98101532	      1.64825372	     -1.57864373	      3.76996152	      1.11970995	     -4.95052761	     -3.81221378	     -2.00866877	     -2.00778438	     -0.10088120	      0.06816559	      0.04417026	      0.09689492	      0.99798219	      0.08700757	     -0.07295972	      0.11181325	     -0.05954003	      0.04871630	     -0.06016737	      0.04866133	      0.13437773	      0.07949728	     -0.02732390	      0.07663379	     -0.02018955	      0.06800964	      0.10948138	      0.12235051	     -0.02102960	      0.05171990	      0.23678072	      0.05855382	      0.40490334	      0.03348160	      0.10231940	      0.08994783	      0.23696513	     23.48915049
      0.86700000	     -0.60359695	      1.05164489	      0.49003630	      0.28709778	     -0.86172400	     -1.38671374	      0.60828896	     -0.02917551	     -0.25583007	     -1.98920679	      1.64812449	     -1.58489900	      3.77088030	      1.15737816	     -4.94410706	     -3.88347255	     -2.03315432	     -2.03956814	     -0.10100995	      0.06829548	      0.04482906	      0.09707889	      0.99808075	      0.08686313	     -0.07308847	      0.11194804	     -0.05966878	      0.04867805	     -0.06029612	      0.04862618	      0.13480836	      0.07957677	     -0.02745265	      0.07660452	     -0.02031830	      0.06800924	      0.10948138	      0.12233737	     -0.02115835	      0.05174735	      0.23530532	      0.05848954	      0.40244571	      0.03344138	      0.10490066	      0.08998574	      0.23696513	     23.65881713
      0.86800000	     -0.60559031	      1.05329290	      0.48844825	      0.29086914	     -0.86054751	     -1.39165459	      0.60436980	     -0.03121998	     -0.25788583	     -1.99754357	      1.64789020	     -1.59119402	      3.77184443	      1.19571205	     -4.93755903	     -3.95486925	     -2.05541206	     -2.07206840	     -0.10113870	      0.06842648	      0.04549727	      0.09726252	      0.99817448	      0.08671840	     -0.07321722	      0.11208201	     -0.05979753	      0.04863981	     -0.06042487	      0.04859102	      0.13526387	      0.07965750	     -0.02758140	      0.07657448	     -0.02044705	      0.06800885	      0.10948138	      0.12232375	     -0.02128710	      0.05177581	      0.23379812	      0.05842294	      0.39992220	      0.03340010	      0.10749574	      0.09002448	      0.23696513	     23.83483274
      0.86900000	     -0.60759208	      1.05494063	      0.48685390	      0.29464149	     -0.85933237	     -1.39658882	      0.60037920	     -0.03328556	     -0.25997446	     -2.00602770	      1.64754915	     -1.59752892	      3.77286309	      1.23467720	     -4.93088920	     -4.02632773	     -2.07533927	     -2.10530175	     -0.10126745	      0.06855859	      0.04617523	      0.09744580	      0.99826363	      0.08657338	     -0.07334597	      0.11221514	     -0.05992628	      0.04860160	     -0.06055362	      0.04855587	      0.13574686	      0.07973928	     -0.02771015	      0.07654365	     -0.02057580	      0.06800846	      0.10948138	      0.12230961	     -0.02141585	      0.05180533	      0.23225960	      0.05835399	      0.39733474	      0.03335772	      0.11010283	      0.09006415	      0.23696513	     24.01732307
      0.87000000	     -0.60960242	      1.05658796	      0.48525318	      0.29841489	     -0.85807796	     -1.40151633	      0.59631715	     -0.03536987	     -0.26209668	     -2.01466104	      1.64709973	     -1.60390388	      3.77394428	      1.27423723	     -4.92410493	     -4.09776861	     -2.09288350	     -2.13926215	     -0.10139620	      0.06869180	      0.04686324	      0.09762874	      0.99834841	      0.08642807	     -0.07347472	      0.11234744	     -0.06005503	      0.04856340	     -0.06068237	      0.04852072	      0.13625923	      0.07982191	     -0.02783890	      0.07651202	     -0.02070455	      0.06800807	      0.10948138	      0.12229496	     -0.02154460	      0.05183593	      0.23069030	      0.05828262	      0.39468529	      0.03331424	      0.11272051	      0.09010482	      0.23696513	     24.20640716
      0.87100000	     -0.61162146	      1.05823479	      0.48364608	      0.30218940	     -0.85678371	     -1.40643700	      0.59218370	     -0.03747053	     -0.26425322	     -2.02344515	      1.64654046	     -1.61031907	      3.77509502	      1.31435406	     -4.91721499	     -4.16910988	     -2.10804785	     -2.17391773	     -0.10152495	      0.06882612	      0.04756165	      0.09781132	      0.99842906	      0.08628248	     -0.07360347	      0.11247891	     -0.06018378	      0.04852523	     -0.06081112	      0.04848557	      0.13680217	      0.07990522	     -0.02796765	      0.07647958	     -0.02083330	      0.06800768	      0.10948138	      0.12227978	     -0.02167335	      0.05186764	      0.22909084	      0.05820880	      0.39197583	      0.03326964	      0.11534768	      0.09014657	      0.23696513	     24.40219647
      0.87200000	     -0.61364936	      1.05988101	      0.48203253	      0.30596510	     -0.85544908	     -1.41135073	      0.58797899	     -0.03958519	     -0.26644473	     -2.03238137	      1.64586995	     -1.61677467	      3.77632146	      1.35498808	     -4.91022928	     -4.24026751	     -2.12089114	     -2.20920726	     -0.10165370	      0.06896155	      0.04827078	      0.09799356	      0.99850576	      0.08613661	     -0.07373222	      0.11260954	     -0.06031253	      0.04848707	     -0.06093987	      0.04845042	      0.13737623	      0.07998907	     -0.02809640	      0.07644633	     -0.02096205	      0.06800728	      0.10948138	      0.12226405	     -0.02180210	      0.05190049	      0.22746186	      0.05813247	      0.38920836	      0.03322391	      0.11798352	      0.09018946	      0.23696513	     24.60479420
      0.87300000	     -0.61568628	      1.06152649	      0.48041251	      0.30974208	     -0.85407352	     -1.41625743	      0.58370317	     -0.04171159	     -0.26867148	     -2.04149610	      1.64508123	     -1.62326525	      3.77767810	      1.39627207	     -4.90316544	     -4.31147016	     -2.13156347	     -2.24377807	     -0.10178245	      0.06909808	      0.04899094	      0.09817545	      0.99857871	      0.08599047	     -0.07386097	      0.11273933	     -0.06044128	      0.04844893	     -0.06106862	      0.04841527	      0.13798141	      0.08007330	     -0.02822515	      0.07641224	     -0.02109080	      0.06800689	      0.22071289	      0.12218154	     -0.02193085	      0.05193452	      0.22274811	      0.05805459	      0.37887811	      0.03317812	      0.12062747	      0.09023353	      0.23696513	     24.81430274
      0.87400000	     -0.61773244	      1.06317112	      0.47878600	      0.31352057	     -0.85265610	     -1.42115705	      0.57935566	     -0.04384769	     -0.27093040	     -2.05088550	      1.64415106	     -1.62977027	      3.77935576	      1.43881314	     -4.89606269	     -4.38380878	     -2.14036796	     -2.27284906	     -0.10191120	      0.06923573	      0.04972242	      0.09835700	      0.99864810	      0.08584405	     -0.07398972	      0.11286828	     -0.06057003	      0.04841080	     -0.06119737	      0.04838013	      0.13861726	      0.08015779	     -0.02835390	      0.07637731	     -0.02121955	      0.06800650	      0.30317687	      0.12202275	     -0.02205960	      0.05196975	      0.21817004	      0.05797600	      0.36896205	      0.03313318	      0.12327918	      0.09027881	      0.23696513	     25.03089563
      0.87500000	     -0.61978816	      1.06481474	      0.47715297	      0.31730094	     -0.85119537	     -1.42604955	      0.57493498	     -0.04599179	     -0.27321448	     -2.06060707	      1.64306435	     -1.63627850	      3.78147082	      1.48293287	     -4.88895359	     -4.45784772	     -2.14757981	     -2.29391592	     -0.10203995	      0.06937449	      0.05046550	      0.09853822	      0.99871410	      0.08569735	     -0.07411847	      0.11299639	     -0.06069878	      0.04837270	     -0.06132612	      0.04834498	      0.13928297	      0.08024241	     -0.02848265	      0.07634154	     -0.02134830	      0.06800611	      0.36916947	      0.12183504	     -0.02218835	      0.05200622	      0.21372223	      0.05789656	      0.35943649	      0.03308887	      0.12593854	      0.09032527	      0.23696513	     25.25484035
      0.87600000	     -0.62185377	      1.06645720	      0.47551344	      0.32108367	     -0.84968969	     -1.43093496	      0.57043937	     -0.04814241	     -0.27551545	     -2.07068419	      1.64181366	     -1.64278657	      3.78407266	      1.52869442	     -4.88186229	     -4.53364834	     -2.15344262	     -2.30667208	     -0.10216870	      0.06951438	      0.05122047	      0.09871912	      0.99877687	      0.08555038	     -0.07424722	      0.11312366	     -0.06082753	      0.04833461	     -0.06145487	      0.04830984	      0.13997743	      0.08032708	     -0.02861140	      0.07630491	     -0.02147705	      0.06800572	      0.42419591	      0.12163759	     -0.02231710	      0.05204399	      0.20939953	      0.05781611	      0.35027951	      0.03304500	      0.12860557	      0.09037283	      0.23696513	     25.48644081
      0.87700000	     -0.62392965	      1.06809832	      0.47386740	      0.32486926	     -0.84813745	     -1.43581329	      0.56586715	     -0.05029831	     -0.27782529	     -2.08112809	      1.64039464	     -1.64929374	      3.78718561	      1.57605625	     -4.87480854	     -4.61104274	     -2.15819377	     -2.31181959	     -0.10229745	      0.06965542	      0.05198758	      0.09889974	      0.99883657	      0.08540313	     -0.07437597	      0.11325010	     -0.06095628	      0.04829655	     -0.06158362	      0.04827470	      0.14069929	      0.08041172	     -0.02874015	      0.07626740	     -0.02160580	      0.06800533	      0.47128397	      0.12143914	     -0.02244585	      0.05208310	      0.20519705	      0.05773455	      0.34147080	      0.03300140	      0.13128045	      0.09042132	      0.23696513	     25.72600272
      0.87800000	     -0.62601616	      1.06973793	      0.47221485	      0.32865822	     -0.84653707	     -1.44068459	      0.56121684	     -0.05245850	     -0.28013690	     -2.09194655	      1.63880412	     -1.65579980	      3.79082566	      1.62493864	     -4.86780917	     -4.68976408	     -2.16206977	     -2.31040061	     -0.10242620	      0.06979763	      0.05276711	      0.09908008	      0.99889336	      0.08525560	     -0.07450472	      0.11337570	     -0.06108503	      0.04825850	     -0.06171237	      0.04823956	      0.14144707	      0.08049626	     -0.02886890	      0.07622902	     -0.02173455	      0.06800494	      0.51230844	      0.12124448	     -0.02257460	      0.05212360	      0.20111016	      0.05765177	      0.33299152	      0.03295798	      0.13396341	      0.09047057	      0.23696513	     25.97381679
      0.87900000	     -0.62811367	      1.07137587	      0.47055580	      0.33245109	     -0.84488710	     -1.44554893	      0.55648729	     -0.05462223	     -0.28244426	     -2.10314444	      1.63704001	     -1.66230493	      3.79500161	      1.67523606	     -4.86087811	     -4.76948645	     -2.16529920	     -2.30347166	     -0.10255495	      0.06994102	      0.05355933	      0.09926018	      0.99894738	      0.08510777	     -0.07463347	      0.11350047	     -0.06121378	      0.04822047	     -0.06184112	      0.04820442	      0.14221915	      0.08058064	     -0.02899765	      0.07618973	     -0.02186330	      0.06800455	      0.54852448	      0.12105637	     -0.02270335	      0.05216555	      0.19713447	      0.05756769	      0.32482414	      0.03291462	      0.13665478	      0.09052037	      0.23696513	     26.23014936
      0.88000000	     -0.63022257	      1.07301195	      0.46889024	      0.33624840	     -0.84318617	     -1.45040638	      0.55167766	     -0.05678896	     -0.28474232	     -2.11472167	      1.63510170	     -1.66881006	      3.79971137	      1.72681199	     -4.85402597	     -4.84983248	     -2.16809231	     -2.29195781	     -0.10268370	      0.07008563	      0.05436450	      0.09944006	      0.99899875	      0.08495965	     -0.07476222	      0.11362440	     -0.06134253	      0.04818246	     -0.06196987	      0.04816929	      0.14301383	      0.08066484	     -0.02912640	      0.07614954	     -0.02199205	      0.06800416	      0.58082055	      0.12087609	     -0.02283210	      0.05220899	      0.19326579	      0.05748224	      0.31695237	      0.03287125	      0.13935487	      0.09057048	      0.23696513	     26.49523427
      0.88100000	     -0.63234324	      1.07464601	      0.46721818	      0.34005069	     -0.84143310	     -1.45525701	      0.54678755	     -0.05895833	     -0.28702689	     -2.12667292	      1.63299007	     -1.67531694	      3.80494150	      1.77950272	     -4.84726006	     -4.93039029	     -2.17063437	     -2.27657479	     -0.10281245	      0.07023147	      0.05518291	      0.09961975	      0.99904762	      0.08481123	     -0.07489097	      0.11374751	     -0.06147128	      0.04814447	     -0.06209862	      0.04813416	      0.14382937	      0.08074883	     -0.02925515	      0.07610844	     -0.02212080	      0.06800377	      0.60985234	      0.12070393	     -0.02296085	      0.05225397	      0.18950016	      0.05739538	      0.30936103	      0.03282784	      0.14206399	      0.09062072	      0.23696513	     26.76926539
      0.88200000	     -0.63447604	      1.07627787	      0.46553961	      0.34385845	     -0.83962686	     -1.46010093	      0.54181695	     -0.06113019	     -0.28929434	     -2.13898893	      1.63070724	     -1.68182780	      3.81066988	      1.83312940	     -4.84058465	     -5.01073912	     -2.17308300	     -2.25778703	     -0.10294120	      0.07037859	      0.05601483	      0.09979926	      0.99909410	      0.08466248	     -0.07501972	      0.11386980	     -0.06160003	      0.04810650	     -0.06222737	      0.04809903	      0.14466398	      0.08083259	     -0.02938390	      0.07606641	     -0.02224955	      0.06800338	      0.63611980	      0.12053962	     -0.02308960	      0.05230053	      0.18583379	      0.05730706	      0.30203597	      0.03278433	      0.14478238	      0.09067088	      0.23696513	     27.05239127
      0.88300000	     -0.63662133	      1.07790737	      0.46385452	      0.34767218	     -0.83776659	     -1.46493821	      0.53676628	     -0.06330451	     -0.29154140	     -2.15165807	      1.62825616	     -1.68834505	      3.81686870	      1.88750955	     -4.83400148	     -5.09047103	     -2.17556706	     -2.23579440	     -0.10306995	      0.07052699	      0.05686054	      0.09997863	      0.99913831	      0.08451342	     -0.07514847	      0.11399126	     -0.06172878	      0.04806854	     -0.06235612	      0.04806390	      0.14551591	      0.08091613	     -0.02951265	      0.07602344	     -0.02237830	      0.06800299	      0.66001418	      0.12038267	     -0.02321835	      0.05234872	      0.18226308	      0.05721724	      0.29496395	      0.03274071	      0.14751022	      0.09072078	      0.23696513	     27.34471231
      0.88400000	     -0.63877947	      1.07953433	      0.46216291	      0.35149234	     -0.83585164	     -1.46976896	      0.53163635	     -0.06548137	     -0.29376485	     -2.16466732	      1.62564041	     -1.69487102	      3.82350654	      1.94246424	     -4.82750998	     -5.16920243	     -2.17818637	     -2.21055945	     -0.10319870	      0.07067671	      0.05772032	      0.10015787	      0.99918036	      0.08436401	     -0.07527722	      0.11411191	     -0.06185753	      0.04803061	     -0.06248487	      0.04802878	      0.14638340	      0.08099945	     -0.02964140	      0.07597955	     -0.02250705	      0.06800260	      0.68184829	      0.12023249	     -0.02334710	      0.05239858	      0.17878461	      0.05712591	      0.28813260	      0.03269697	      0.15025683	      0.09077026	      0.23696513	     27.64628004
      0.88500000	     -0.64095078	      1.08115860	      0.46046478	      0.35531933	     -0.83388153	     -1.47459326	      0.52642833	     -0.06766095	     -0.29596136	     -2.17800292	      1.62286404	     -1.70140786	      3.83054974	      1.99782173	     -4.82110756	     -5.24657878	     -2.18101190	     -2.18184613	     -0.10332745	      0.07082777	      0.05859452	      0.10033701	      0.99922036	      0.08421426	     -0.07540597	      0.11423174	     -0.06198628	      0.04799269	     -0.06261362	      0.04799366	      0.14726474	      0.08108256	     -0.02977015	      0.07593472	     -0.02263580	      0.06800221	      0.70187674	      0.12008850	     -0.02347585	      0.05245014	      0.17539510	      0.05703304	      0.28153037	      0.03265311	      0.15303667	      0.09081915	      0.23696513	     27.95709751
      0.88600000	     -0.64313558	      1.08278001	      0.45876009	      0.35915356	     -0.83185592	     -1.47941121	      0.52114375	     -0.06984348	     -0.29812726	     -2.19165074	      1.61993147	     -1.70795751	      3.83796303	      2.05341888	     -4.81478972	     -5.32227479	     -2.18408649	     -2.14926527	     -0.10345620	      0.07098020	      0.05948357	      0.10051607	      0.99925840	      0.08406415	     -0.07553472	      0.11435076	     -0.06211503	      0.04795479	     -0.06274237	      0.04795855	      0.14815829	      0.08116548	     -0.02989890	      0.07588897	     -0.02276455	      0.06800182	      0.72030992	      0.11995015	     -0.02360460	      0.05250343	      0.17209146	      0.05693864	      0.27514639	      0.03260915	      0.15585733	      0.09086724	      0.23696513	     28.27712028
      0.88700000	     -0.64533418	      1.08439841	      0.45704886	      0.36299537	     -0.82977466	     -1.48422287	      0.51578444	     -0.07202922	     -0.30025844	     -2.20559637	      1.61684748	     -1.71452164	      3.84570993	      2.10910073	     -4.80855016	     -5.39599032	     -2.18742601	     -2.11233932	     -0.10358495	      0.07113402	      0.06038791	      0.10069506	      0.99929459	      0.08391366	     -0.07566347	      0.11446898	     -0.06224378	      0.04791691	     -0.06287112	      0.04792344	      0.14906247	      0.08124823	     -0.03002765	      0.07584229	     -0.02289330	      0.06800143	      0.73732392	      0.11981695	     -0.02373335	      0.05255848	      0.16887069	      0.05684272	      0.26897051	      0.03256511	      0.15872050	      0.09091437	      0.23696513	     28.60625757
      0.88800000	     -0.64754686	      1.08601365	      0.45533105	      0.36684508	     -0.82763774	     -1.48902833	      0.51035252	     -0.07421842	     -0.30235033	     -2.21982515	      1.61361720	     -1.72110168	      3.85375272	      2.16471914	     -4.80238075	     -5.46744404	     -2.19102182	     -2.07057634	     -0.10371370	      0.07128925	      0.06130799	      0.10087399	      0.99932901	      0.08376278	     -0.07579222	      0.11458639	     -0.06237253	      0.04787905	     -0.06299987	      0.04788833	      0.14997581	      0.08133084	     -0.03015640	      0.07579469	     -0.02302205	      0.06800105	      0.75306782	      0.11968844	     -0.02386210	      0.05261531	      0.16572997	      0.05674530	      0.26299316	      0.03252103	      0.16162328	      0.09096039	      0.23696513	     28.94437306
      0.88900000	     -0.64977392	      1.08762560	      0.45360665	      0.37070296	     -0.82544529	     -1.49382765	      0.50485040	     -0.07641134	     -0.30439784	     -2.23432213	      1.61024614	     -1.72769884	      3.86205250	      2.22013120	     -4.79627153	     -5.53636685	     -2.19484383	     -2.02354142	     -0.10384245	      0.07144590	      0.06224422	      0.10105288	      0.99936175	      0.08361150	     -0.07592097	      0.11470300	     -0.06250128	      0.04784121	     -0.06312862	      0.04785323	      0.15089692	      0.08141335	     -0.03028515	      0.07574620	     -0.02315080	      0.06800066	      0.76766907	      0.11956423	     -0.02399085	      0.05267394	      0.16266658	      0.05664641	      0.25720537	      0.03247698	      0.16455959	      0.09100517	      0.23696513	     29.29128520
      0.89000000	     -0.65201559	      1.08923410	      0.45187564	      0.37456925	     -0.82319759	     -1.49862089	      0.49928072	     -0.07860817	     -0.30639555	     -2.24907204	      1.60674024	     -1.73431415	      3.87056901	      2.27519790	     -4.79021065	     -5.60249642	     -2.19884383	     -1.97091840	     -0.10397120	      0.07160400	      0.06319698	      0.10123175	      0.99939289	      0.08345980	     -0.07604972	      0.11481881	     -0.06263003	      0.04780338	     -0.06325737	      0.04781813	      0.15182455	      0.08149576	     -0.03041390	      0.07569683	     -0.02327955	      0.06800027	      0.78123755	      0.11944397	     -0.02411960	      0.05273439	      0.15967793	      0.05654611	      0.25159870	      0.03243302	      0.16752122	      0.09104862	      0.23696513	     29.64676702
      0.89100000	     -0.65427214	      1.09083903	      0.45013801	      0.37844416	     -0.82089506	     -1.50340808	      0.49364642	     -0.08080906	     -0.30833776	     -2.26405920	      1.60310584	     -1.74094842	      3.87926064	      2.32978333	     -4.78418434	     -5.66557361	     -2.20295902	     -1.91255737	     -0.10409995	      0.07176356	      0.06416661	      0.10141059	      0.99942251	      0.08330768	     -0.07617847	      0.11493383	     -0.06275878	      0.04776558	     -0.06338612	      0.04778304	      0.15275754	      0.08157812	     -0.03054265	      0.07564660	     -0.02340830	      0.06799988	      0.79386877	      0.11932733	     -0.02424835	      0.05279667	      0.15676154	      0.05644447	      0.24616519	      0.03238924	      0.17049888	      0.09109065	      0.23696513	     30.01054553
      0.89200000	     -0.65654379	      1.09244027	      0.44839374	      0.38232782	     -0.81853823	     -1.50818926	      0.48795068	     -0.08301410	     -0.31021876	     -2.27926751	      1.59934974	     -1.74760228	      3.88808440	      2.38375458	     -4.77817690	     -5.72534111	     -2.20711560	     -1.84850520	     -0.10422870	      0.07192459	      0.06515340	      0.10158942	      0.99945069	      0.08315512	     -0.07630722	      0.11504806	     -0.06288753	      0.04772779	     -0.06351487	      0.04774795	      0.15369487	      0.08166045	     -0.03067140	      0.07559553	     -0.02353705	      0.06799949	      0.80564626	      0.11921403	     -0.02437710	      0.05286079	      0.15391505	      0.05634156	      0.24089735	      0.03234575	      0.17348278	      0.09113120	      0.23696513	     30.38230104
      0.89300000	     -0.65883074	      1.09403770	      0.44664280	      0.38622036	     -0.81612780	     -1.51296444	      0.48219693	     -0.08522328	     -0.31203296	     -2.29468047	      1.59547918	     -1.75427616	      3.89699601	      2.43698227	     -4.77217076	     -5.78154445	     -2.21123217	     -1.77901707	     -0.10435745	      0.07208709	      0.06615761	      0.10176824	      0.99947749	      0.08300211	     -0.07643597	      0.11516149	     -0.06301628	      0.04769002	     -0.06364362	      0.04771287	      0.15463562	      0.08174277	     -0.03080015	      0.07554365	     -0.02366580	      0.06799911	      0.81664358	      0.11910381	     -0.02450585	      0.05292675	      0.15113619	      0.05623751	      0.23578810	      0.03230266	      0.17646320	      0.09117021	      0.23696513	     30.76166669
      0.89400000	     -0.66113321	      1.09563120	      0.44488518	      0.39012183	     -0.81366456	     -1.51773360	      0.47638886	     -0.08743652	     -0.31377514	     -2.31028121	      1.59150184	     -1.76097030	      3.90595003	      2.48934170	     -4.76614655	     -5.83393522	     -2.21522294	     -1.70454739	     -0.10448620	      0.07225109	      0.06717945	      0.10194705	      0.99950298	      0.08284864	     -0.07656472	      0.11527413	     -0.06314503	      0.04765227	     -0.06377237	      0.04767780	      0.15557900	      0.08182511	     -0.03092890	      0.07549100	     -0.02379455	      0.06799872	      0.82692583	      0.11899645	     -0.02463460	      0.05299455	      0.14842278	      0.05613241	      0.23083078	      0.03226010	      0.17943071	      0.09120765	      0.23696513	     31.14822837
      0.89500000	     -0.66345136	      1.09722067	      0.44312085	      0.39403225	     -0.81114944	     -1.52249672	      0.47053041	     -0.08965366	     -0.31544061	     -2.32605257	      1.58742575	     -1.76768474	      3.91490017	      2.54071449	     -4.76008325	     -5.88227622	     -2.21900063	     -1.62571889	     -0.10461495	      0.07241658	      0.06821906	      0.10212586	      0.99952723	      0.08269469	     -0.07669347	      0.11538599	     -0.06327378	      0.04761454	     -0.06390112	      0.04764273	      0.15652434	      0.08190747	     -0.03105765	      0.07543760	     -0.02392330	      0.06799833	      0.83655094	      0.11889174	     -0.02476335	      0.05306417	      0.14577274	      0.05602642	      0.22601908	      0.03221820	      0.18237631	      0.09124347	      0.23696513	     31.54152555
      0.89600000	     -0.66578537	      1.09880602	      0.44134980	      0.39795161	     -0.80858350	     -1.52725375	      0.46462574	     -0.09187443	     -0.31702537	     -2.34197721	      1.58325930	     -1.77441929	      3.92379958	      2.59099041	     -4.75395840	     -5.92634819	     -2.22247899	     -1.54326947	     -0.10474370	      0.07258356	      0.06927657	      0.10230467	      0.99955030	      0.08254026	     -0.07682222	      0.11549705	     -0.06340253	      0.04757683	     -0.06402987	      0.04760767	      0.15747107	      0.08198987	     -0.03118640	      0.07538350	     -0.02405205	      0.06799795	      0.84557067	      0.11878949	     -0.02489210	      0.05313561	      0.14318408	      0.05591967	      0.22134702	      0.03217712	      0.18529146	      0.09127765	      0.23696513	     31.94105312
      0.89700000	     -0.66813536	      1.10038716	      0.43957201	      0.40187982	     -0.80596786	     -1.53200461	      0.45867920	     -0.09409849	     -0.31852620	     -2.35803775	      1.57901113	     -1.78117354	      3.93260118	      2.64006941	     -4.74774830	     -5.96595755	     -2.22557484	     -1.45797673	     -0.10487245	      0.07275205	      0.07035208	      0.10248347	      0.99957224	      0.08238533	     -0.07695097	      0.11560733	     -0.06353128	      0.04753913	     -0.06415862	      0.04757262	      0.15841872	      0.08207233	     -0.03131515	      0.07532874	     -0.02418080	      0.06799756	      0.85403148	      0.11868952	     -0.02502085	      0.05320884	      0.14065489	      0.05581232	      0.21680898	      0.03213698	      0.18816799	      0.09131017	      0.23696513	     32.34626450
      0.89800000	     -0.67050148	      1.10196401	      0.43778745	      0.40581676	     -0.80330379	     -1.53674921	      0.45269536	     -0.09632542	     -0.31994062	     -2.37421683	      1.57469009	     -1.78794684	      3.94125803	      2.68786335	     -4.74142831	     -6.00094466	     -2.22820973	     -1.37056107	     -0.10500120	      0.07292202	      0.07144565	      0.10266225	      0.99959310	      0.08222991	     -0.07707972	      0.11571682	     -0.06366003	      0.04750146	     -0.06428737	      0.04753758	      0.15936693	      0.08215483	     -0.03144390	      0.07527336	     -0.02430955	      0.06799718	      0.86197523	      0.11859169	     -0.02514960	      0.05328384	      0.13818333	      0.05570454	      0.21239961	      0.03209795	      0.19099803	      0.09134100	      0.23696513	     32.75657625
      0.89900000	     -0.67288383	      1.10353652	      0.43599611	      0.40976227	     -0.80059259	     -1.54148742	      0.44667890	     -0.09855473	     -0.32126680	     -2.39049730	      1.57030517	     -1.79473834	      3.94972358	      2.73429731	     -4.73497300	     -6.03119216	     -2.23031112	     -1.28156698	     -0.10512995	      0.07309348	      0.07255734	      0.10284101	      0.99961295	      0.08207398	     -0.07720847	      0.11582553	     -0.06378878	      0.04746380	     -0.06441612	      0.04750254	      0.16031542	      0.08223739	     -0.03157265	      0.07521741	     -0.02443830	      0.06799679	      0.86943975	      0.11849585	     -0.02527835	      0.05336058	      0.13576763	      0.05559650	      0.20811383	      0.03206014	      0.19377399	      0.09137016	      0.23696513	     33.17137410
      0.90000000	     -0.67528250	      1.10510461	      0.43419797	      0.41371613	     -0.79783567	     -1.54621910	      0.44063458	     -0.10078585	     -0.32250332	     -2.40686215	      1.56586547	     -1.80154699	      3.95795184	      2.77931016	     -4.72835636	     -6.05663316	     -2.23181308	     -1.19121797	     -0.10525870	      0.07326642	      0.07368722	      0.10301973	      0.99963184	      0.08191754	     -0.07733722	      0.11593344	     -0.06391753	      0.04742616	     -0.06454487	      0.04746751	      0.16126399	      0.08231998	     -0.03170140	      0.07516092	     -0.02456705	      0.06799640	      0.87645937	      0.11840185	     -0.02540710	      0.05343902	      0.13340612	      0.05548838	      0.20394685	      0.03202369	      0.19648854	      0.09139764	      0.23696513	     33.59002038
      0.90100000	     -0.67769758	      1.10666823	      0.43239301	      0.41767808	     -0.79503446	     -1.55094407	      0.43456724	     -0.10301814	     -0.32364871	     -2.42329457	      1.56138022	     -1.80837154	      3.96589725	      2.82285430	     -4.72155192	     -6.07726010	     -2.23265666	     -1.09922471	     -0.10538745	      0.07344084	      0.07483531	      0.10319841	      0.99964980	      0.08176059	     -0.07746597	      0.11604057	     -0.06404628	      0.04738854	     -0.06467362	      0.04743250	      0.16221250	      0.08240262	     -0.03183015	      0.07510396	     -0.02469580	      0.06799602	      0.88306530	      0.11830959	     -0.02553585	      0.05351912	      0.13109716	      0.05538034	      0.19989410	      0.03198873	      0.19913455	      0.09142345	      0.23696513	     34.01186302
      0.90200000	     -0.68012911	      1.10822735	      0.43058122	      0.42164782	     -0.79219046	     -1.55566213	      0.42848165	     -0.10525092	     -0.32470087	     -2.43977768	      1.55685881	     -1.81521064	      3.97351419	      2.86489448	     -4.71453259	     -6.09313854	     -2.23278963	     -1.00446768	     -0.10551620	      0.07361671	      0.07600164	      0.10337703	      0.99966688	      0.08160312	     -0.07759472	      0.11614690	     -0.06417503	      0.04735094	     -0.06480237	      0.04739749	      0.16316087	      0.08248527	     -0.03195890	      0.07504657	     -0.02482455	      0.06799563	      0.88928602	      0.11821894	     -0.02566460	      0.05360084	      0.12883919	      0.05527258	      0.19595127	      0.03195536	      0.20170516	      0.09144759	      0.23696513	     34.43624611
      0.90300000	     -0.68257714	      1.10978194	      0.42876258	      0.42562499	     -0.78930518	     -1.56037306	      0.42238249	     -0.10748347	     -0.32565586	     -2.45629404	      1.55231114	     -1.82206290	      3.98075561	      2.90540756	     -4.70726995	     -6.10444978	     -2.23216592	     -0.90413837	     -0.10564495	      0.07379402	      0.07718620	      0.10355557	      0.99968313	      0.08144513	     -0.07772347	      0.11625245	     -0.06430378	      0.04731336	     -0.06493112	      0.04736249	      0.16410908	      0.08256793	     -0.03208765	      0.07498879	     -0.02495330	      0.06799525	      0.89514757	      0.11812979	     -0.02579335	      0.05368412	      0.12663072	      0.05516527	      0.19211422	      0.03192370	      0.20419382	      0.09147007	      0.23696513	     34.86252397
      0.90400000	     -0.68504170	      1.11133197	      0.42693709	      0.42960919	     -0.78638015	     -1.56507658	      0.41627410	     -0.10971499	     -0.32650447	     -2.47282407	      1.54774838	     -1.82892691	      3.98756874	      2.94439114	     -4.69973168	     -6.11167744	     -2.23074415	     -0.79032462	     -0.10577370	      0.07397276	      0.07838900	      0.10373402	      0.99969859	      0.08128662	     -0.07785222	      0.11635721	     -0.06443253	      0.04727580	     -0.06505987	      0.04732750	      0.16505714	      0.08265056	     -0.03221640	      0.07493067	     -0.02508205	      0.06799486	      0.90067381	      0.11804205	     -0.02592210	      0.05376891	      0.12447030	      0.05505862	      0.18837905	      0.03189385	      0.20659437	      0.09149087	      0.23696513	     35.29009274
      0.90500000	     -0.68752279	      1.11287744	      0.42510473	      0.43359996	     -0.78341694	     -1.56977242	      0.41016053	     -0.11194467	     -0.32723226	     -2.48934668	      1.54318204	     -1.83580233	      3.99389790	      2.98174888	     -4.69188728	     -6.11472711	     -2.22848384	     -0.66393349	     -0.10590245	      0.07415291	      0.07961000	      0.10391234	      0.99971329	      0.08112759	     -0.07798097	      0.11646118	     -0.06456128	      0.04723825	     -0.06518862	      0.04729252	      0.16600509	      0.08273316	     -0.03234515	      0.07487227	     -0.02521080	      0.06799448	      0.90588668	      0.11795562	     -0.02605085	      0.05385517	      0.12235655	      0.05495288	      0.18474203	      0.03186597	      0.20890112	      0.09150996	      0.23696513	     35.71838790
      0.90600000	     -0.69002039	      1.11441834	      0.42326548	      0.43759680	     -0.78041725	     -1.57446024	      0.40404625	     -0.11417167	     -0.32783137	     -2.50584025	      1.53862379	     -1.84268917	      3.99968655	      3.01732066	     -4.68370711	     -6.11297652	     -2.22534821	     -0.53460893	     -0.10603120	      0.07433443	      0.08084917	      0.10409052	      0.99972728	      0.08096806	     -0.07810972	      0.11656435	     -0.06469003	      0.04720073	     -0.06531737	      0.04725756	      0.16695298	      0.08281568	     -0.03247390	      0.07481361	     -0.02533955	      0.06799409	      0.91080635	      0.11787040	     -0.02617960	      0.05394284	      0.12028812	      0.05484830	      0.18119962	      0.03184021	      0.21110898	      0.09152725	      0.23696513	     36.14678122
      0.90700000	     -0.69253445	      1.11595469	      0.42141934	      0.44159914	     -0.77738294	     -1.57913971	      0.39793636	     -0.11639507	     -0.32830372	     -2.52228372	      1.53408548	     -1.84958686	      4.00487916	      3.05097638	     -4.67515999	     -6.10587257	     -2.22130858	     -0.41192217	     -0.10615995	      0.07451731	      0.08210643	      0.10426853	      0.99974058	      0.08080801	     -0.07823847	      0.11666672	     -0.06481878	      0.04716322	     -0.06544612	      0.04722260	      0.16790088	      0.08289810	     -0.03260265	      0.07475475	     -0.02546830	      0.06799371	      0.91545144	      0.11778632	     -0.02630835	      0.05403186	      0.11826373	      0.05474515	      0.17774844	      0.03181671	      0.21321354	      0.09154267	      0.23696513	     36.57455997
      0.90800000	     -0.69506493	      1.11748652	      0.41956630	      0.44560635	     -0.77431596	     -1.58381043	      0.39183642	     -0.11861398	     -0.32866019	     -2.53865867	      1.52957811	     -1.85649396	      4.00942673	      3.08264599	     -4.66621604	     -6.09304832	     -2.21634691	     -0.30405096	     -0.10628870	      0.07470152	      0.08338173	      0.10444634	      0.99975323	      0.08064747	     -0.07836722	      0.11676829	     -0.06494753	      0.04712573	     -0.06557487	      0.04718766	      0.16884886	      0.08298039	     -0.03273140	      0.07469572	     -0.02559705	      0.06799333	      0.91983915	      0.11770330	     -0.02643710	      0.05412214	      0.11628215	      0.05464368	      0.17438527	      0.03179560	      0.21521117	      0.09155620	      0.23696513	     37.00094757
      0.90900000	     -0.69761174	      1.11901386	      0.41770635	      0.44961776	     -0.77121831	     -1.58847200	      0.38575221	     -0.12082745	     -0.32891876	     -2.55495106	      1.52511088	     -1.86340803	      4.01329143	      3.11233758	     -4.65684939	     -6.07439605	     -2.21045700	     -0.21686880	     -0.10641745	      0.07488701	      0.08467498	      0.10462392	      0.99976527	      0.08048643	     -0.07849597	      0.11686905	     -0.06507628	      0.04708826	     -0.06570362	      0.04715273	      0.16979699	      0.08306252	     -0.03286015	      0.07463657	     -0.02572580	      0.06799294	      0.92398539	      0.11762126	     -0.02656585	      0.05421361	      0.11434217	      0.05454406	      0.17110705	      0.03177692	      0.21709906	      0.09156784	      0.23696513	     37.42513755
      0.91000000	     -0.70017480	      1.12053676	      0.41583949	      0.45363269	     -0.76809192	     -1.59312398	      0.37968951	     -0.12303458	     -0.32910187	     -2.57115234	      1.52069056	     -1.87032575	      4.01644976	      3.14014333	     -4.64704041	     -6.05009904	     -2.20364443	     -0.15339527	     -0.10654620	      0.07507377	      0.08598611	      0.10480124	      0.99977672	      0.08032492	     -0.07862472	      0.11696901	     -0.06520503	      0.04705081	     -0.06583237	      0.04711781	      0.17074531	      0.08314445	     -0.03298890	      0.07457732	     -0.02585455	      0.06799256	      0.92790491	      0.11754012	     -0.02669460	      0.05430617	      0.11244266	      0.05444641	      0.16791082	      0.03176066	      0.21887523	      0.09157765	      0.23696513	     37.84633483
      0.91100000	     -0.70275402	      1.12205526	      0.41396570	      0.45765042	     -0.76493860	     -1.59776593	      0.37365375	     -0.12523444	     -0.32923350	     -2.58725987	      1.51632108	     -1.87724302	      4.01889387	      3.16623378	     -4.63677718	     -6.02062189	     -2.19592526	     -0.11364488	     -0.10667495	      0.07526174	      0.08731503	      0.10497826	      0.99978761	      0.08016294	     -0.07875347	      0.11706815	     -0.06533378	      0.04701337	     -0.06596112	      0.04708290	      0.17169387	      0.08322614	     -0.03311765	      0.07451800	     -0.02598330	      0.06799218	      0.93161141	      0.11745983	     -0.02682335	      0.05439971	      0.11058249	      0.05435077	      0.16479381	      0.03174678	      0.22053844	      0.09158573	      0.23696513	     38.26379794
      0.91200000	     -0.70534929	      1.12356942	      0.41208500	      0.46167025	     -0.76175995	     -1.60239738	      0.36764977	     -0.12742614	     -0.32933619	     -2.60327662	      1.51200351	     -1.88415527	      4.02063098	      3.19084186	     -4.62605609	     -5.98666374	     -2.18732364	     -0.09486332	     -0.10680370	      0.07545089	      0.08866167	      0.10515496	      0.99979797	      0.08000051	     -0.07888222	      0.11716647	     -0.06546253	      0.04697596	     -0.06608987	      0.04704801	      0.17264268	      0.08330756	     -0.03324640	      0.07445865	     -0.02611205	      0.06799179	      0.93511760	      0.11738032	     -0.02695210	      0.05449415	      0.10876061	      0.05425711	      0.16175333	      0.03173515	      0.22208805	      0.09159224	      0.23696513	     38.67687628
      0.91300000	     -0.70796054	      1.12507928	      0.41019740	      0.46569146	     -0.75855732	     -1.60701789	      0.36168163	     -0.12960880	     -0.32942859	     -2.61921018	      1.50773641	     -1.89105782	      4.02168108	      3.21423965	     -4.61488139	     -5.94908313	     -2.17786884	     -0.09209495	     -0.10693245	      0.07564117	      0.09002594	      0.10533129	      0.99980783	      0.07983765	     -0.07901097	      0.11726397	     -0.06559128	      0.04693856	     -0.06621862	      0.04701312	      0.17359175	      0.08338868	     -0.03337515	      0.07439929	     -0.02624080	      0.06799141	      0.93843533	      0.11730154	     -0.02708085	      0.05458940	      0.10697597	      0.05416532	      0.15878683	      0.03172563	      0.22352371	      0.09159736	      0.23696513	     39.08503726
      0.91400000	     -0.71058769	      1.12658491	      0.40830289	      0.46971339	     -0.75533178	     -1.61162700	      0.35575250	     -0.13178160	     -0.32952361	     -2.63507129	      1.50351644	     -1.89794617	      4.02207315	      3.23671115	     -4.60326391	     -5.90880631	     -2.16759188	     -0.09898693	     -0.10706120	      0.07583255	      0.09140778	      0.10550722	      0.99981720	      0.07967437	     -0.07913972	      0.11736065	     -0.06572003	      0.04690119	     -0.06634737	      0.04697825	      0.17454104	      0.08346946	     -0.03350390	      0.07433995	     -0.02636955	      0.06799103	      0.94157564	      0.11722342	     -0.02720960	      0.05468537	      0.10522759	      0.05407528	      0.15589187	      0.03171803	      0.22484484	      0.09160128	      0.23696513	     39.48788065
      0.91500000	     -0.71323066	      1.12808633	      0.40640151	      0.47373540	     -0.75208411	     -1.61622428	      0.34986462	     -0.13394373	     -0.32962750	     -2.65087207	      1.49933911	     -1.90481636	      4.02184064	      3.25852510	     -4.59121908	     -5.86673204	     -2.15652246	     -0.10870963	     -0.10718995	      0.07602497	      0.09280711	      0.10568273	      0.99982612	      0.07951069	     -0.07926847	      0.11745649	     -0.06584878	      0.04686383	     -0.06647612	      0.04694340	      0.17549049	      0.08354986	     -0.03363265	      0.07428063	     -0.02649830	      0.06799064	      0.94454882	      0.11714591	     -0.02733835	      0.05478199	      0.10351451	      0.05398683	      0.15306610	      0.03171217	      0.22604949	      0.09160421	      0.23696513	     39.88513883
      0.91600000	     -0.71588942	      1.12958360	      0.40449327	      0.47775687	     -0.74881487	     -1.62080930	      0.34401937	     -0.13609439	     -0.32973982	     -2.66662421	      1.49519973	     -1.91166520	      4.02101668	      3.27991131	     -4.57876464	     -5.82364577	     -2.14468644	     -0.11486537	     -0.10731870	      0.07621839	      0.09422387	      0.10585777	      0.99983460	      0.07934664	     -0.07939722	      0.11755150	     -0.06597753	      0.04682649	     -0.06660487	      0.04690856	      0.17644003	      0.08362986	     -0.03376140	      0.07422135	     -0.02662705	      0.06799026	      0.94736448	      0.11706897	     -0.02746710	      0.05487921	      0.10183578	      0.05389982	      0.15030729	      0.03170788	      0.22713331	      0.09160634	      0.23696513	     40.27666420
      0.91700000	     -0.71856390	      1.13107674	      0.40257819	      0.48177724	     -0.74552437	     -1.62538168	      0.33821746	     -0.13823285	     -0.32985429	     -2.68233740	      1.49109414	     -1.91849038	      4.01962984	      3.30104347	     -4.56591826	     -5.78015393	     -2.13210411	     -0.11226670	     -0.10744745	      0.07641277	      0.09565797	      0.10603233	      0.99984267	      0.07918223	     -0.07952597	      0.11764567	     -0.06610628	      0.04678917	     -0.06673362	      0.04687373	      0.17738955	      0.08370942	     -0.03389015	      0.07416214	     -0.02675580	      0.06798988	      0.95003159	      0.11699254	     -0.02759585	      0.05497699	      0.10019053	      0.05381412	      0.14761330	      0.03170499	      0.22809149	      0.09160783	      0.23696513	     40.66240639
      0.91800000	     -0.72125408	      1.13256579	      0.40065629	      0.48579595	     -0.74221283	     -1.62994101	      0.33245907	     -0.14035836	     -0.32996027	     -2.69801814	      1.48701948	     -1.92529052	      4.01770090	      3.32203035	     -4.55269551	     -5.73664543	     -2.11878961	     -0.09749119	     -0.10757620	      0.07660807	      0.09710931	      0.10620638	      0.99985034	      0.07901748	     -0.07965472	      0.11773900	     -0.06623503	      0.04675187	     -0.06686237	      0.04683891	      0.17833889	      0.08378850	     -0.03401890	      0.07410299	     -0.02688455	      0.06798950	      0.95255858	      0.11691657	     -0.02772460	      0.05507528	      0.09857788	      0.05372965	      0.14498207	      0.03170340	      0.22892097	      0.09160883	      0.23696513	     41.04238302
      0.91900000	     -0.72395993	      1.13405079	      0.39872761	      0.48981247	     -0.73888035	     -1.63448695	      0.32674412	     -0.14247019	     -0.33004473	     -2.71366912	      1.48297449	     -1.93206506	      4.01524101	      3.34291575	     -4.53910829	     -5.69328366	     -2.10475128	     -0.06915697	     -0.10770495	      0.07680423	      0.09857781	      0.10637988	      0.99985764	      0.07885242	     -0.07978347	      0.11783148	     -0.06636378	      0.04671458	     -0.06699112	      0.04680411	      0.17928790	      0.08386710	     -0.03414765	      0.07404393	     -0.02701330	      0.06798912	      0.95495330	      0.11684103	     -0.02785335	      0.05517406	      0.09699699	      0.05364637	      0.14241162	      0.03170303	      0.22962215	      0.09160943	      0.23696513	     41.41664840
      0.92000000	     -0.72668141	      1.13553175	      0.39679217	      0.49382626	     -0.73552704	     -1.63901911	      0.32107247	     -0.14456762	     -0.33009426	     -2.72928924	      1.47895976	     -1.93881413	      4.01225143	      3.36368670	     -4.52516408	     -5.65002737	     -2.08999298	     -0.02790610	     -0.10783370	      0.07700122	      0.10006335	      0.10655282	      0.99986458	      0.07868707	     -0.07991222	      0.11792312	     -0.06649253	      0.04667732	     -0.06711987	      0.04676933	      0.18023639	      0.08394516	     -0.03427640	      0.07398495	     -0.02714205	      0.06798873	      0.95722314	      0.11676586	     -0.02798210	      0.05527330	      0.09544705	      0.05356428	      0.13990008	      0.03170386	      0.23019983	      0.09160968	      0.23696513	     41.78526420
      0.92100000	     -0.72941849	      1.13700872	      0.39484999	      0.49783679	     -0.73215303	     -1.64353716	      0.31544410	     -0.14664993	     -0.33009701	     -2.74487407	      1.47497753	     -1.94553825	      4.00872468	      3.38428794	     -4.51086585	     -5.60667547	     -2.07451598	      0.02387812	     -0.10796245	      0.07719899	      0.10156583	      0.10672517	      0.99987119	      0.07852144	     -0.08004097	      0.11801392	     -0.06662128	      0.04664007	     -0.06724862	      0.04673455	      0.18118414	      0.08402267	     -0.03440515	      0.07392608	     -0.02727080	      0.06798835	      0.95937501	      0.11669102	     -0.02811085	      0.05537297	      0.09392729	      0.05348342	      0.13744562	      0.03170590	      0.23066351	      0.09160958	      0.23696513	     42.14827543
      0.92200000	     -0.73217114	      1.13848172	      0.39290110	      0.50184352	     -0.72875854	     -1.64804073	      0.30985925	     -0.14871641	     -0.33004420	     -2.76041686	      1.47103131	     -1.95223813	      4.00464697	      3.40464049	     -4.49621270	     -5.56292807	     -2.05832125	      0.08256128	     -0.10809120	      0.07739750	      0.10308516	      0.10689691	      0.99987747	      0.07835558	     -0.08016972	      0.11810387	     -0.06675003	      0.04660285	     -0.06737737	      0.04669980	      0.18213091	      0.08409961	     -0.03453390	      0.07386731	     -0.02739955	      0.06798797	      0.96141541	      0.11661648	     -0.02823960	      0.05547306	      0.09243695	      0.05340388	      0.13504652	      0.03170921	      0.23102689	      0.09160912	      0.23696513	     42.50569433
      0.92300000	     -0.73493931	      1.13995080	      0.39094553	      0.50584590	     -0.72534386	     -1.65252946	      0.30431849	     -0.15076634	     -0.32993102	     -2.77590978	      1.46712537	     -1.95891436	      4.00000131	      3.42466113	     -4.48120103	     -5.51845398	     -2.04141158	      0.14387128	     -0.10821995	      0.07759670	      0.10462126	      0.10706801	      0.99988345	      0.07818948	     -0.08029847	      0.11819297	     -0.06687878	      0.04656564	     -0.06750612	      0.04666505	      0.18307644	      0.08417593	     -0.03466265	      0.07380866	     -0.02752830	      0.06798759	      0.96335043	      0.11654218	     -0.02836835	      0.05557352	      0.09097529	      0.05332576	      0.13270110	      0.03171388	      0.23130692	      0.09160824	      0.23696513	     42.85749306
      0.92400000	     -0.73772294	      1.14141599	      0.38898328	      0.50984333	     -0.72190936	     -1.65700301	      0.29882269	     -0.15279900	     -0.32975701	     -2.79134519	      1.46326410	     -1.96556727	      3.99477097	      3.44428044	     -4.46582600	     -5.47295533	     -2.02379351	      0.20354383	     -0.10834870	      0.07779655	      0.10617408	      0.10723844	      0.99988913	      0.07802319	     -0.08042722	      0.11828122	     -0.06700753	      0.04652845	     -0.06763487	      0.04663032	      0.18402047	      0.08425163	     -0.03479140	      0.07375013	     -0.02765705	      0.06798721	      0.96518580	      0.11646810	     -0.02849710	      0.05567431	      0.08954160	      0.05324916	      0.13040775	      0.03172001	      0.23152229	      0.09160686	      0.23696513	     43.20360523
      0.92500000	     -0.74052198	      1.14287734	      0.38701440	      0.51383524	     -0.71845545	     -1.66146099	      0.29337299	     -0.15481369	     -0.32952572	     -2.80671689	      1.45945141	     -1.97219673	      3.98894269	      3.46345693	     -4.45008318	     -5.42622094	     -2.00547861	      0.25791268	     -0.10847745	      0.07799701	      0.10774358	      0.10740818	      0.99989454	      0.07785673	     -0.08055597	      0.11836862	     -0.06713628	      0.04649128	     -0.06776362	      0.04659561	      0.18496269	      0.08432667	     -0.03492015	      0.07369175	     -0.02778580	      0.06798683	      0.96692693	      0.11639420	     -0.02862585	      0.05577540	      0.08813519	      0.05317417	      0.12816494	      0.03172771	      0.23169178	      0.09160491	      0.23696513	     43.54393490
      0.92600000	     -0.74333635	      1.14433491	      0.38503890	      0.51782102	     -0.71498259	     -1.66590305	      0.28797069	     -0.15680973	     -0.32924384	     -2.82202104	      1.45569018	     -1.97880210	      3.98250923	      3.48218574	     -4.43396997	     -5.37816231	     -1.98648398	      0.30436943	     -0.10860620	      0.07819802	      0.10932978	      0.10757721	      0.99989968	      0.07769011	     -0.08068472	      0.11845517	     -0.06726503	      0.04645413	     -0.06789237	      0.04656091	      0.18590281	      0.08440104	     -0.03504890	      0.07363353	     -0.02791455	      0.06798645	      0.96857887	      0.11632044	     -0.02875460	      0.05587672	      0.08675541	      0.05310087	      0.12597117	      0.03173707	      0.23183262	      0.09160232	      0.23696513	     43.87837092
      0.92700000	     -0.74616600	      1.14578874	      0.38305680	      0.52180006	     -0.71149122	     -1.67032881	      0.28261709	     -0.15878644	     -0.32892006	     -2.83725672	      1.45198196	     -1.98538228	      3.97547097	      3.50050119	     -4.41748666	     -5.32882822	     -1.96683213	      0.34163776	     -0.10873495	      0.07839954	      0.11093268	      0.10774548	      0.99990458	      0.07752337	     -0.08081347	      0.11854086	     -0.06739378	      0.04641700	     -0.06802112	      0.04652622	      0.18684052	      0.08447470	     -0.03517765	      0.07357548	     -0.02804330	      0.06798607	      0.97014642	      0.11624679	     -0.02888335	      0.05597824	      0.08540161	      0.05302930	      0.12382504	      0.03174819	      0.23195912	      0.09159903	      0.23696513	     44.20680387
      0.92800000	     -0.74901084	      1.14723889	      0.38106814	      0.52577176	     -0.70798170	     -1.67473790	      0.27731340	     -0.16074319	     -0.32856361	     -2.85242601	      1.44832679	     -1.99193579	      3.96783631	      3.51847300	     -4.40063708	     -5.27839734	     -1.94655000	      0.36983246	     -0.10886370	      0.07860153	      0.11255234	      0.10791297	      0.99990923	      0.07735652	     -0.08094222	      0.11862570	     -0.06752253	      0.04637988	     -0.06814987	      0.04649155	      0.18777551	      0.08454764	     -0.03530640	      0.07351765	     -0.02817205	      0.06798569	      0.97163406	      0.11617322	     -0.02901210	      0.05607989	      0.08407316	      0.05295947	      0.12172515	      0.03176112	      0.23208176	      0.09159501	      0.23696513	     44.52914270
      0.92900000	     -0.75187083	      1.14868541	      0.37907294	      0.52973553	     -0.70445435	     -1.67912996	      0.27206057	     -0.16267934	     -0.32818299	     -2.86753365	      1.44472335	     -1.99846091	      3.95962083	      3.53619725	     -4.38342858	     -5.22715094	     -1.92566752	      0.39030513	     -0.10899245	      0.07880393	      0.11418881	      0.10807966	      0.99991366	      0.07718960	     -0.08107097	      0.11870968	     -0.06765128	      0.04634279	     -0.06827862	      0.04645689	      0.18870746	      0.08461983	     -0.03543515	      0.07346005	     -0.02830080	      0.06798531	      0.97304604	      0.11609969	     -0.02914085	      0.05618163	      0.08276946	      0.05289136	      0.11967020	      0.03177586	      0.23220671	      0.09159021	      0.23696513	     44.84532850
      0.93000000	     -0.75474589	      1.15012835	      0.37707123	      0.53369081	     -0.70090936	     -1.68350464	      0.26685926	     -0.16459433	     -0.32778483	     -2.88258626	      1.44116919	     -2.00495587	      3.95084544	      3.55378376	     -4.36587147	     -5.17543143	     -1.90421585	      0.40531399	     -0.10912120	      0.07900671	      0.11584213	      0.10824552	      0.99991787	      0.07702264	     -0.08119972	      0.11879281	     -0.06778003	      0.04630571	     -0.06840737	      0.04642225	      0.18963606	      0.08469126	     -0.03556390	      0.07340274	     -0.02842955	      0.06798493	      0.97438636	      0.11602618	     -0.02926960	      0.05628341	      0.08148992	      0.05282494	      0.11765891	      0.03179235	      0.23233604	      0.09158466	      0.23696513	     45.15534335
      0.93100000	     -0.75763599	      1.15156776	      0.37506304	      0.53763705	     -0.69734680	     -1.68786160	      0.26170975	     -0.16648760	     -0.32737327	     -2.89759140	      1.43766123	     -2.01141904	      3.94153391	      3.57134226	     -4.34797805	     -5.12359454	     -1.88222553	      0.41758667	     -0.10924995	      0.07920980	      0.11751235	      0.10841052	      0.99992187	      0.07685565	     -0.08132847	      0.11887507	     -0.06790878	      0.04626865	     -0.06853612	      0.04638763	      0.19056099	      0.08476190	     -0.03569265	      0.07334578	     -0.02855830	      0.06798455	      0.97565880	      0.11595266	     -0.02939835	      0.05638519	      0.08023398	      0.05276014	      0.11569006	      0.03181052	      0.23246833	      0.09157834	      0.23696513	     45.45921328
      0.93200000	     -0.76054106	      1.15300369	      0.37304840	      0.54157371	     -0.69376665	     -1.69220049	      0.25661200	     -0.16835861	     -0.32694966	     -2.91255652	      1.43419623	     -2.01784907	      3.93171014	      3.58896985	     -4.32976144	     -5.07196431	     -1.85972507	      0.42986140	     -0.10937870	      0.07941318	      0.11919949	      0.10857464	      0.99992569	      0.07668867	     -0.08145722	      0.11895648	     -0.06803753	      0.04623161	     -0.06866487	      0.04635301	      0.19148194	      0.08483174	     -0.03582140	      0.07328923	     -0.02868705	      0.06798417	      0.97686690	      0.11587910	     -0.02952710	      0.05648693	      0.07900108	      0.05269692	      0.11376246	      0.03183021	      0.23259966	      0.09157128	      0.23696513	     45.75700550
      0.93300000	     -0.76346109	      1.15443617	      0.37102735	      0.54550030	     -0.69016881	     -1.69652101	      0.25156567	     -0.17020688	     -0.32651276	     -2.92748812	      1.43077123	     -2.02424500	      3.92139588	      3.60674180	     -4.31123437	     -5.02079801	     -1.83673991	      0.44448745	     -0.10950745	      0.07961679	      0.12090356	      0.10873784	      0.99992931	      0.07652172	     -0.08158597	      0.11903703	     -0.06816628	      0.04619459	     -0.06879362	      0.04631842	      0.19239860	      0.08490076	     -0.03595015	      0.07323319	     -0.02881580	      0.06798379	      0.97801404	      0.11580548	     -0.02965585	      0.05658862	      0.07779069	      0.05263522	      0.11187498	      0.03185128	      0.23272480	      0.09156350	      0.23696513	     46.04882092
      0.93400000	     -0.76639603	      1.15586524	      0.36899992	      0.54941635	     -0.68655310	     -1.70082286	      0.24657019	     -0.17203194	     -0.32605933	     -2.94239110	      1.42738390	     -2.03060626	      3.91060898	      3.62470671	     -4.29240819	     -4.97026564	     -1.81329210	      0.46314119	     -0.10963620	      0.07982059	      0.12262453	      0.10890012	      0.99993276	      0.07635482	     -0.08171472	      0.11911672	     -0.06829503	      0.04615759	     -0.06892237	      0.04628384	      0.19331065	      0.08496894	     -0.03607890	      0.07317777	     -0.02894455	      0.06798342	      0.97910339	      0.11573177	     -0.02978460	      0.05669022	      0.07660229	      0.05257500	      0.11002652	      0.03187362	      0.23283847	      0.09155501	      0.23696513	     46.33478382
      0.93500000	     -0.76934586	      1.15729095	      0.36696615	      0.55332137	     -0.68291932	     -1.70510573	      0.24162490	     -0.17383332	     -0.32558484	     -2.95726851	      1.42403274	     -2.03693267	      3.89936257	      3.64288623	     -4.27329224	     -4.92044490	     -1.78940054	      0.48668362	     -0.10976495	      0.08002453	      0.12436238	      0.10906144	      0.99993604	      0.07618801	     -0.08184347	      0.11919555	     -0.06842378	      0.04612061	     -0.06905112	      0.04624927	      0.19421780	      0.08503627	     -0.03620765	      0.07312309	     -0.02907330	      0.06798304	      0.98013794	      0.11565794	     -0.02991335	      0.05679172	      0.07543537	      0.05251624	      0.10821603	      0.03189711	      0.23293645	      0.09154582	      0.23696513	     46.61503060
      0.93600000	     -0.77231056	      1.15871332	      0.36492607	      0.55721492	     -0.67926726	     -1.70936935	      0.23672907	     -0.17561060	     -0.32508431	     -2.97212153	      1.42071713	     -2.04322435	      3.88766497	      3.66127844	     -4.25389349	     -4.87132968	     -1.76508171	      0.51515570	     -0.10989370	      0.08022859	      0.12611705	      0.10922179	      0.99993916	      0.07602131	     -0.08197222	      0.11927352	     -0.06855253	      0.04608365	     -0.06917987	      0.04621472	      0.19511974	      0.08510274	     -0.03633640	      0.07306930	     -0.02920205	      0.06798266	      0.98112055	      0.11558397	     -0.03004210	      0.05689310	      0.07428946	      0.05245893	      0.10644249	      0.03192169	      0.23301641	      0.09153593	      0.23696513	     46.88969915
      0.93700000	     -0.77529010	      1.16013239	      0.36287972	      0.56109655	     -0.67559670	     -1.71361343	      0.23188203	     -0.17736335	     -0.32455310	     -2.98694976	      1.41743725	     -2.04948162	      3.87552037	      3.67986391	     -4.23421667	     -4.82284855	     -1.74035066	      0.54788777	     -0.11002245	      0.08043271	      0.12788848	      0.10938115	      0.99994212	      0.07585475	     -0.08210097	      0.11935064	     -0.06868128	      0.04604670	     -0.06930862	      0.04618019	      0.19601618	      0.08516832	     -0.03646515	      0.07301655	     -0.02933080	      0.06798228	      0.98205387	      0.11550983	     -0.03017085	      0.05699436	      0.07316406	      0.05240308	      0.10470490	      0.03194735	      0.23307842	      0.09152532	      0.23696513	     47.15892046
      0.93800000	     -0.77828445	      1.16154821	      0.36082712	      0.56496581	     -0.67190748	     -1.71783769	      0.22708320	     -0.17909117	     -0.32398751	     -3.00175169	      1.41419388	     -2.05570491	      3.86292996	      3.69861306	     -4.21426452	     -4.77488879	     -1.71522212	      0.58368768	     -0.11015120	      0.08063686	      0.12967662	      0.10953950	      0.99994495	      0.07568834	     -0.08222972	      0.11942690	     -0.06881003	      0.04600978	     -0.06943737	      0.04614567	      0.19690682	      0.08523302	     -0.03659390	      0.07296503	     -0.02945955	      0.06798190	      0.98294046	      0.11543549	     -0.03029960	      0.05709547	      0.07205873	      0.05234871	      0.10300232	      0.03197409	      0.23312504	      0.09151398	      0.23696513	     47.42281291
      0.93900000	     -0.78129359	      1.16296079	      0.35876832	      0.56882226	     -0.66819943	     -1.72204187	      0.22233212	     -0.18079366	     -0.32338520	     -3.01652521	      1.41098817	     -2.06189461	      3.84989331	      3.71749344	     -4.19403834	     -4.72732160	     -1.68971153	      0.62106820	     -0.11027995	      0.08084100	      0.13148143	      0.10969682	      0.99994763	      0.07552213	     -0.08235847	      0.11950231	     -0.06893878	      0.04597287	     -0.06956612	      0.04611116	      0.19779139	      0.08529681	     -0.03672265	      0.07291491	     -0.02958830	      0.06798153	      0.98378272	      0.11536094	     -0.03042835	      0.05719643	      0.07097301	      0.05229586	      0.10133383	      0.03200195	      0.23316100	      0.09150187	      0.23696513	     47.68147955
      0.94000000	     -0.78431749	      1.16437020	      0.35670334	      0.57266545	     -0.66447246	     -1.72622568	      0.21762847	     -0.18247047	     -0.32274537	     -3.03126819	      1.40782136	     -2.06805104	      3.83640974	      3.73647616	     -4.17353860	     -4.68002503	     -1.66383587	      0.65847681	     -0.11040870	      0.08104509	      0.13330286	      0.10985308	      0.99995019	      0.07535612	     -0.08248722	      0.11957686	     -0.06906753	      0.04593598	     -0.06969487	      0.04607667	      0.19866960	      0.08535969	     -0.03685140	      0.07286636	     -0.02971705	      0.06798115	      0.98458290	      0.11528616	     -0.03055710	      0.05729721	      0.06990647	      0.05224455	      0.09969854	      0.03203096	      0.23319248	      0.09148895	      0.23696513	     47.93500826
      0.94100000	     -0.78735612	      1.16577645	      0.35463223	      0.57649493	     -0.66072645	     -1.73038885	      0.21297202	     -0.18412122	     -0.32206872	     -3.04597886	      1.40469461	     -2.07417439	      3.82247957	      3.75554058	     -4.15276548	     -4.63290177	     -1.63761413	      0.69449687	     -0.11053745	      0.08124909	      0.13514091	      0.11000828	      0.99995262	      0.07519035	     -0.08261597	      0.11965056	     -0.06919628	      0.04589912	     -0.06982362	      0.04604220	      0.19954118	      0.08542164	     -0.03698015	      0.07281957	     -0.02984580	      0.06798077	      0.98534316	      0.11521110	     -0.03068585	      0.05739780	      0.06885869	      0.05219481	      0.09809560	      0.03206114	      0.23322618	      0.09147518	      0.23696513	     48.18347399
      0.94200000	     -0.79040944	      1.16717960	      0.35255500	      0.58031026	     -0.65696135	     -1.73453112	      0.20836263	     -0.18574559	     -0.32135722	     -3.06065621	      1.40160873	     -2.08026464	      3.80810503	      3.77467699	     -4.13171945	     -4.58589050	     -1.61106762	      0.72799901	     -0.11066620	      0.08145297	      0.13699558	      0.11016239	      0.99995493	      0.07502485	     -0.08274472	      0.11972342	     -0.06932503	      0.04586227	     -0.06995237	      0.04600774	      0.20040586	      0.08548266	     -0.03710890	      0.07277468	     -0.02997455	      0.06798040	      0.98606553	      0.11513577	     -0.03081460	      0.05749817	      0.06782926	      0.05214667	      0.09652417	      0.03209252	      0.23326838	      0.09146052	      0.23696513	     48.42694254
      0.94300000	     -0.79347742	      1.16857968	      0.35047171	      0.58411100	     -0.65317708	     -1.73865220	      0.20380021	     -0.18734326	     -0.32061381	     -3.07530014	      1.39856415	     -2.08632165	      3.79329074	      3.79388733	     -4.11040157	     -4.53897033	     -1.58421980	      0.75823188	     -0.11079495	      0.08165668	      0.13886688	      0.11031540	      0.99995713	      0.07485963	     -0.08287347	      0.11979542	     -0.06945378	      0.04582544	     -0.07008112	      0.04597330	      0.20126338	      0.08554274	     -0.03723765	      0.07273185	     -0.03010330	      0.06798002	      0.98675195	      0.11506012	     -0.03094335	      0.05759831	      0.06681777	      0.05210015	      0.09498346	      0.03212508	      0.23332409	      0.09144493	      0.23696513	     48.66547493
      0.94400000	     -0.79656003	      1.16997674	      0.34838237	      0.58789670	     -0.64937355	     -1.74275183	      0.19928465	     -0.18891394	     -0.31984197	     -3.08991151	      1.39556079	     -2.09234512	      3.77804392	      3.81318418	     -4.08881372	     -4.49215913	     -1.55709607	      0.78485139	     -0.11092370	      0.08186019	      0.14075484	      0.11046728	      0.99995922	      0.07469472	     -0.08300222	      0.11986657	     -0.06958253	      0.04578863	     -0.07020987	      0.04593887	      0.20211350	      0.08560188	     -0.03736640	      0.07269118	     -0.03023205	      0.06797964	      0.98740422	      0.11498414	     -0.03107210	      0.05769818	      0.06582384	      0.05205524	      0.09347269	      0.03215879	      0.23339655	      0.09142840	      0.23696513	     48.89913176
      0.94500000	     -0.79965723	      1.17137082	      0.34628703	      0.59166693	     -0.64555068	     -1.74682973	      0.19481577	     -0.19045736	     -0.31904872	     -3.10447099	      1.39261015	     -2.09833601	      3.76231560	      3.83254702	     -4.06692546	     -4.44578583	     -1.52969881	      0.79318613	     -0.11105245	      0.08206347	      0.14265950	      0.11061803	      0.99996121	      0.07453015	     -0.08313097	      0.11993688	     -0.06971128	      0.04575183	     -0.07033862	      0.04590446	      0.20295596	      0.08566005	     -0.03749515	      0.07265279	     -0.03036080	      0.06797927	      0.98802410	      0.11490782	     -0.03120085	      0.05779778	      0.06484709	      0.05201193	      0.09199111	      0.03219358	      0.23348701	      0.09141089	      0.23696513	     49.12798357
      0.94600000	     -0.80276892	      1.17276200	      0.34418571	      0.59542108	     -0.64170848	     -1.75088553	      0.19039239	     -0.19197321	     -0.31828661	     -3.11887989	      1.38976901	     -2.10430049	      3.74583598	      3.85183161	     -4.04458179	     -4.40147543	     -1.50194376	      0.71085485	     -0.11118120	      0.08226646	      0.14458088	      0.11076761	      0.99996310	      0.07436594	     -0.08325972	      0.12000635	     -0.06984003	      0.04571506	     -0.07046737	      0.04587006	      0.20379054	      0.08571727	     -0.03762390	      0.07261675	     -0.03048955	      0.06797889	      0.98861320	      0.11483111	     -0.03132960	      0.05789708	      0.06388716	      0.05197015	      0.09053800	      0.03222917	      0.23359485	      0.09139246	      0.23696513	     49.35219881
      0.94700000	     -0.80589492	      1.17415041	      0.34207843	      0.59915830	     -0.63784702	     -1.75491871	      0.18601145	     -0.19346112	     -0.31767399	     -3.13308100	      1.38707080	     -2.11024220	      3.72845047	      3.87111592	     -4.02169314	     -4.36131822	     -1.47380733	      0.48873344	     -0.11130995	      0.08246914	      0.14651899	      0.11091600	      0.99996490	      0.07420213	     -0.08338847	      0.12007497	     -0.06996878	      0.04567831	     -0.07059612	      0.04583568	      0.20461701	      0.08577351	     -0.03775265	      0.07258312	     -0.03061830	      0.06797851	      0.98917309	      0.11475402	     -0.03145835	      0.05799611	      0.06294368	      0.05192953	      0.08911265	      0.03226458	      0.23371799	      0.09137336	      0.23696513	     49.57213172
      0.94800000	     -0.80903501	      1.17553619	      0.33996523	      0.60287767	     -0.63396613	     -1.75892873	      0.18166738	     -0.19492071	     -0.31736228	     -3.14706854	      1.38451995	     -2.11616131	      3.71014754	      3.89079342	     -3.99824942	     -4.32831611	     -1.44533207	      0.10831847	     -0.11143870	      0.08267144	      0.14847384	      0.11106318	      0.99996661	      0.07403872	     -0.08351722	      0.12014275	     -0.07009753	      0.04564157	     -0.07072487	      0.04580132	      0.20543516	      0.08582879	     -0.03788140	      0.07255191	     -0.03074705	      0.06797814	      0.98970523	      0.11467651	     -0.03158710	      0.05809493	      0.06201631	      0.05188933	      0.08771438	      0.03229793	      0.23385328	      0.09135416	      0.23696513	     49.78837785
      0.94900000	     -0.81218899	      1.17691949	      0.33784612	      0.60657832	     -0.63006509	     -1.76291505	      0.17735117	     -0.19635170	     -0.31750755	     -3.16088170	      1.38209455	     -2.12205580	      3.69104255	      3.91150539	     -3.97431459	     -4.30626427	     -1.41660854	     -0.42213955	     -0.11156745	      0.08287332	      0.15044543	      0.11120910	      0.99996824	      0.07387577	     -0.08364597	      0.12020967	     -0.07022628	      0.04560486	     -0.07085362	      0.04576697	      0.20624479	      0.08588308	     -0.03801015	      0.07252311	     -0.03087580	      0.06797776	      0.99021103	      0.11459858	     -0.03171585	      0.05819366	      0.06110471	      0.05184833	      0.08634254	      0.03232669	      0.23399712	      0.09133579	      0.23696513	     50.00185884
      0.95000000	     -0.81535674	      1.17830041	      0.33572113	      0.61025956	     -0.62614253	     -1.76687724	      0.17304994	     -0.19775389	     -0.31824993	     -3.17459057	      1.37975277	     -2.12792408	      3.67134152	      3.93394805	     -3.95001298	     -4.29883778	     -1.38774660	     -1.08467240	     -0.11169620	      0.08307472	      0.15243372	      0.11135373	      0.99996979	      0.07371329	     -0.08377472	      0.12027575	     -0.07035503	      0.04556816	     -0.07098237	      0.04573263	      0.20704569	      0.08593638	     -0.03813890	      0.07249667	     -0.03100455	      0.06797739	      0.99069180	      0.11452018	     -0.03184460	      0.05829252	      0.06020855	      0.05180488	      0.08499648	      0.03234846	      0.23414591	      0.09131949	      0.23696513	     50.21385926
      0.95100000	     -0.81853817	      1.17967900	      0.33359028	      0.61392089	     -0.62219644	     -1.77081501	      0.16874785	     -0.19912718	     -0.31972250	     -3.18830125	      1.37743025	     -2.13376394	      3.65135461	      3.95890117	     -3.92553422	     -4.30960863	     -1.35887901	     -1.84511827	     -0.11182495	      0.08327559	      0.15443869	      0.11149705	      0.99997126	      0.07355133	     -0.08390347	      0.12034098	     -0.07048378	      0.04553148	     -0.07111112	      0.04569832	      0.20783767	      0.08598869	     -0.03826765	      0.07247247	     -0.03113330	      0.06797701	      0.99114880	      0.11444131	     -0.03197335	      0.05839182	      0.05932751	      0.05175683	      0.08367559	      0.03236179	      0.23429642	      0.09130675	      0.23696513	     50.42594580
      0.95200000	     -0.82173350	      1.18105518	      0.33145363	      0.61756262	     -0.61822247	     -1.77472848	      0.16441689	     -0.20047185	     -0.32174816	     -3.20243970	      1.37488973	     -2.13953752	      3.63226543	      3.98997031	     -3.90149939	     -4.35856143	     -1.33053202	     -2.12387491	     -0.11195370	      0.08347588	      0.15646027	      0.11163906	      0.99997266	      0.07338990	     -0.08403222	      0.12040536	     -0.07061253	      0.04549482	     -0.07123987	      0.04566401	      0.20862057	      0.08604001	     -0.03839640	      0.07245035	     -0.03126205	      0.06797664	      0.99158322	      0.11436194	     -0.03210210	      0.05849199	      0.05846127	      0.05170180	      0.08237927	      0.03236649	      0.23444609	      0.09129910	      0.23696513	     50.64088944
      0.95300000	     -0.82494314	      1.18242873	      0.32931121	      0.62118560	     -0.61421528	     -1.77861814	      0.16002080	     -0.20178831	     -0.32386240	     -3.21685178	      1.37218531	     -2.14529511	      3.61371318	      4.02465685	     -3.87786462	     -4.43695137	     -1.30235941	     -2.08778412	     -0.11208245	      0.08367558	      0.15849842	      0.11177976	      0.99997400	      0.07322903	     -0.08416097	      0.12046892	     -0.07074128	      0.04545819	     -0.07136862	      0.04562973	      0.20939421	      0.08609033	     -0.03852515	      0.07243004	     -0.03139080	      0.06797626	      0.99199619	      0.11428202	     -0.03223085	      0.05859376	      0.05760955	      0.05163881	      0.08110694	      0.03236333	      0.23459308	      0.09129704	      0.23696513	     50.86235074
      0.95400000	     -0.82816722	      1.18379953	      0.32716302	      0.62479003	     -0.61017301	     -1.78248428	      0.15553753	     -0.20307649	     -0.32590040	     -3.23130419	      1.36941895	     -2.15108988	      3.59511002	      4.05977241	     -3.85444939	     -4.53160865	     -1.27393886	     -1.98560017	     -0.11221120	      0.08387468	      0.16055307	      0.11191920	      0.99997526	      0.07306875	     -0.08428972	      0.12053165	     -0.07087003	      0.04542157	     -0.07149737	      0.04559546	      0.21015843	      0.08613968	     -0.03865390	      0.07241119	     -0.03151955	      0.06797589	      0.99238878	      0.11420154	     -0.03235960	      0.05869785	      0.05677202	      0.05156810	      0.07985804	      0.03235321	      0.23473634	      0.09130031	      0.23696513	     51.09268538
      0.95500000	     -0.83140573	      1.18516756	      0.32500901	      0.62837573	     -0.60609618	     -1.78632710	      0.15095446	     -0.20433603	     -0.32783064	     -3.24569611	      1.36662961	     -2.15695049	      3.57621381	      4.09356525	     -3.83120301	     -4.63569548	     -1.24507762	     -1.87337390	     -0.11233995	      0.08407317	      0.16262418	      0.11205738	      0.99997647	      0.07290906	     -0.08441847	      0.12059358	     -0.07099878	      0.04538497	     -0.07162612	      0.04556120	      0.21091307	      0.08618804	     -0.03878265	      0.07239344	     -0.03164830	      0.06797551	      0.99276201	      0.11412045	     -0.03248835	      0.05880473	      0.05594842	      0.05149034	      0.07863202	      0.03233704	      0.23487541	      0.09130849	      0.23696513	     51.33338982
      0.95600000	     -0.83465857	      1.18653279	      0.32284909	      0.63194232	     -0.60198673	     -1.79014674	      0.14626465	     -0.20556646	     -0.32964629	     -3.25997275	      1.36383571	     -2.16289551	      3.55690047	      4.12482757	     -3.80811156	     -4.74431948	     -1.21568240	     -1.75697388	     -0.11246870	      0.08427103	      0.16471167	      0.11219431	      0.99997762	      0.07275000	     -0.08454722	      0.12065471	     -0.07112753	      0.04534839	     -0.07175487	      0.04552696	      0.21165799	      0.08623542	     -0.03891140	      0.07237642	     -0.03177705	      0.06797514	      0.99311685	      0.11403871	     -0.03261710	      0.05891473	      0.05513845	      0.05140629	      0.07742834	      0.03231566	      0.23501109	      0.09132122	      0.23696513	     51.58543739
      0.95700000	     -0.83792562	      1.18789523	      0.32068319	      0.63548936	     -0.59784769	     -1.79394337	      0.14146578	     -0.20676721	     -0.33134418	     -3.27409508	      1.36105024	     -2.16893815	      3.53708358	      4.15259735	     -3.78516367	     -4.85311178	     -1.18571082	     -1.63859055	     -0.11259745	      0.08446825	      0.16681539	      0.11232998	      0.99997871	      0.07259158	     -0.08467597	      0.12071505	     -0.07125628	      0.04531182	     -0.07188362	      0.04549274	      0.21239306	      0.08628182	     -0.03904015	      0.07235981	     -0.03190580	      0.06797477	      0.99345420	      0.11395630	     -0.03274585	      0.05902805	      0.05434185	      0.05131677	      0.07624650	      0.03228996	      0.23515434	      0.09133815	      0.23696513	     51.84934317
      0.95800000	     -0.84120670	      1.18925490	      0.31851118	      0.63901630	     -0.59368295	     -1.79771711	      0.13655968	     -0.20793769	     -0.33292402	     -3.28803548	      1.35828311	     -2.17508688	      3.51670266	      4.17612919	     -3.76234552	     -4.95817748	     -1.15516023	     -1.52158104	     -0.11272620	      0.08466480	      0.16893505	      0.11246441	      0.99997975	      0.07243383	     -0.08480472	      0.12077461	     -0.07138503	      0.04527528	     -0.07201237	      0.04545853	      0.21311815	      0.08632723	     -0.03916890	      0.07234329	     -0.03203455	      0.06797439	      0.99377494	      0.11387319	     -0.03287460	      0.05914478	      0.05355834	      0.05122258	      0.07508600	      0.03226082	      0.23533601	      0.09135891	      0.23696513	     52.12517355
      0.95900000	     -0.84450163	      1.19061181	      0.31633298	      0.64252256	     -0.58949702	     -1.80146810	      0.13155178	     -0.20907734	     -0.33438899	     -3.30177702	      1.35554131	     -2.18134565	      3.49572148	      4.19489815	     -3.73964061	     -5.05622242	     -1.12406162	     -1.40948447	     -0.11285495	      0.08486063	      0.17107029	      0.11259757	      0.99998074	      0.07227676	     -0.08493347	      0.12083340	     -0.07151378	      0.04523876	     -0.07214112	      0.04542434	      0.21383313	      0.08637165	     -0.03929765	      0.07232661	     -0.03216330	      0.06797402	      0.99407989	      0.11378936	     -0.03300335	      0.05926490	      0.05278767	      0.05112449	      0.07394635	      0.03222915	      0.23560656	      0.09138301	      0.23696513	     52.41256802
      0.96000000	     -0.84781019	      1.19196599	      0.31414845	      0.64600754	     -0.58529485	     -1.80519642	      0.12645046	     -0.21018565	     -0.33574563	     -3.31531256	      1.35282927	     -2.18771429	      3.47412594	      4.20859391	     -3.71702998	     -5.14463150	     -1.09247356	     -1.30540072	     -0.11298370	      0.08505571	      0.17322078	      0.11272947	      0.99998168	      0.07212040	     -0.08506222	      0.12089143	     -0.07164253	      0.04520226	     -0.07226987	      0.04539016	      0.21453789	      0.08641507	     -0.03942640	      0.07230957	     -0.03229205	      0.06797365	      0.99436984	      0.11370482	     -0.03313210	      0.05938832	      0.05202958	      0.05102319	      0.07282708	      0.03219579	      0.23603095	      0.09140982	      0.23696513	     52.71078238
      0.96100000	     -0.85113218	      1.19331748	      0.31195751	      0.64947061	     -0.58108157	     -1.80890218	      0.12126637	     -0.21126215	     -0.33700322	     -3.32864370	      1.35014906	     -2.19418903	      3.45192163	      4.21710506	     -3.69449271	     -5.22149291	     -1.06047618	     -1.21172391	     -0.11311245	      0.08525000	      0.17538628	      0.11286009	      0.99998257	      0.07196477	     -0.08519097	      0.12094870	     -0.07177128	      0.04516577	     -0.07239862	      0.04535600	      0.21523232	      0.08645748	     -0.03955515	      0.07229200	     -0.03242080	      0.06797327	      0.99464554	      0.11361955	     -0.03326085	      0.05951487	      0.05128382	      0.05091930	      0.07172774	      0.03216145	      0.23668351	      0.09143857	      0.23696513	     53.01874986
      0.96200000	     -0.85446741	      1.19466630	      0.30976004	      0.65291119	     -0.57686235	     -1.81258543	      0.11601174	     -0.21230650	     -0.33817303	     -3.34177947	      1.34750073	     -2.20076304	      3.42913117	      4.22049611	     -3.67200671	     -5.28557707	     -1.02816548	     -1.13003599	     -0.11324120	      0.08544346	      0.17756669	      0.11298943	      0.99998342	      0.07180990	     -0.08531972	      0.12100523	     -0.07190003	      0.04512931	     -0.07252737	      0.04532185	      0.21591630	      0.08649888	     -0.03968390	      0.07227380	     -0.03254955	      0.06797290	      0.99490768	      0.11353355	     -0.03338960	      0.05964432	      0.05055015	      0.05081335	      0.07064788	      0.03212674	      0.23764985	      0.09146837	      0.23696513	     53.33515455
      0.96300000	     -0.85781568	      1.19601249	      0.30755595	      0.65632869	     -0.57264221	     -1.81624620	      0.11069969	     -0.21331842	     -0.33926748	     -3.35473516	      1.34488247	     -2.20742717	      3.40579146	      4.21897926	     -3.64954962	     -5.33627755	     -0.99564823	     -1.06112698	     -0.11336995	      0.08563604	      0.17976243	      0.11311748	      0.99998423	      0.07165583	     -0.08544847	      0.12106102	     -0.07202878	      0.04509286	     -0.07265612	      0.04528772	      0.21658976	      0.08653926	     -0.03981265	      0.07225492	     -0.03267830	      0.06797253	      0.99515694	      0.11344685	     -0.03351835	      0.05977641	      0.04982834	      0.05070580	      0.06958707	      0.03209214	      0.23896370	      0.09149835	      0.23696513	     53.65851043
      0.96400000	     -0.86117683	      1.19735607	      0.30534516	      0.65972260	     -0.56842592	     -1.81988453	      0.10534367	     -0.21429776	     -0.34029947	     -3.36753079	      1.34229098	     -2.21417056	      3.38195054	      4.21288189	     -3.62709946	     -5.37352165	     -0.96303708	     -1.00509582	     -0.11349870	      0.08582770	      0.18197424	      0.11324422	      0.99998500	      0.07150257	     -0.08557722	      0.12111608	     -0.07215753	      0.04505644	     -0.07278487	      0.04525361	      0.21725260	      0.08657862	     -0.03994140	      0.07223532	     -0.03280705	      0.06797216	      0.99539396	      0.11335946	     -0.03364710	      0.05991084	      0.04911815	      0.05059705	      0.06854489	      0.03205797	      0.24055808	      0.09152778	      0.23696513	     53.98723912
      0.96500000	     -0.86455070	      1.19869708	      0.30312759	      0.66309244	     -0.56421784	     -1.82350040	      0.09995701	     -0.21524450	     -0.34128168	     -3.38018962	      1.33972191	     -2.22098131	      3.35766398	      4.20261264	     -3.60463498	     -5.39766221	     -0.93044613	     -0.96149943	     -0.11362745	      0.08601839	      0.18420263	      0.11336964	      0.99998573	      0.07135016	     -0.08570597	      0.12117042	     -0.07228628	      0.04502003	     -0.07291362	      0.04521951	      0.21790477	      0.08661694	     -0.04007015	      0.07221503	     -0.03293580	      0.06797178	      0.99561934	      0.11327140	     -0.03377585	      0.06004730	      0.04841936	      0.05048740	      0.06752093	      0.03202445	      0.24234511	      0.09155620	      0.23696513	     54.31973999
      0.96600000	     -0.86793717	      1.20003552	      0.30090318	      0.66643780	     -0.56002193	     -1.82709379	      0.09455249	     -0.21615870	     -0.34222615	     -3.39273669	      1.33717022	     -2.22784704	      3.33299159	      4.18863025	     -3.58213587	     -5.40937000	     -0.89798740	     -0.92948836	     -0.11375620	      0.08620807	      0.18644780	      0.11349375	      0.99998642	      0.07119862	     -0.08583472	      0.12122404	     -0.07241503	      0.04498365	     -0.07304237	      0.04518543	      0.21854621	      0.08665424	     -0.04019890	      0.07219409	     -0.03306455	      0.06797141	      0.99583365	      0.11318271	     -0.03390460	      0.06018546	      0.04773176	      0.05037712	      0.06651480	      0.03199172	      0.24424736	      0.09158341	      0.23696513	     54.65444877
      0.96700000	     -0.87133614	      1.20137142	      0.29867188	      0.66975832	     -0.55584166	     -1.83066465	      0.08914211	     -0.21704055	     -0.34314392	     -3.40519768	      1.33463051	     -2.23475535	      3.30799483	      4.17141756	     -3.55958296	     -5.40953705	     -0.86576817	     -0.90791717	     -0.11388495	      0.08639672	      0.18870976	      0.11361653	      0.99998709	      0.07104800	     -0.08596347	      0.12127694	     -0.07254378	      0.04494728	     -0.07317112	      0.04515137	      0.21917687	      0.08669050	     -0.04032765	      0.07217257	     -0.03319330	      0.06797104	      0.99603745	      0.11309342	     -0.03403335	      0.06032502	      0.04705513	      0.05026645	      0.06552612	      0.03195981	      0.24620152	      0.09160934	      0.23696513	     54.98988325
      0.96800000	     -0.87474754	      1.20270479	      0.29643366	      0.67305370	     -0.55168001	     -1.83421293	      0.08373691	     -0.21789035	     -0.34404478	     -3.41759805	      1.33209729	     -2.24169420	      3.28273471	      4.15146083	     -3.53695828	     -5.39919437	     -0.83388920	     -0.89544314	     -0.11401370	      0.08658428	      0.19098839	      0.11373799	      0.99998772	      0.07089831	     -0.08609222	      0.12132914	     -0.07267253	      0.04491093	     -0.07329987	      0.04511732	      0.21979672	      0.08672575	     -0.04045640	      0.07215057	     -0.03332205	      0.06797067	      0.99623126	      0.11300356	     -0.03416210	      0.06046569	      0.04638925	      0.05015558	      0.06455450	      0.03192871	      0.24815729	      0.09163407	      0.23696513	     55.32467619
      0.96900000	     -0.87817133	      1.20403562	      0.29418849	      0.67632372	     -0.54753949	     -1.83773854	      0.07834685	     -0.21870848	     -0.34493709	     -3.42996232	      1.32956515	     -2.24865212	      3.25727023	      4.12923385	     -3.51424522	     -5.37944443	     -0.80244345	     -0.89061008	     -0.11414245	      0.08677074	      0.19328348	      0.11385812	      0.99998832	      0.07074958	     -0.08622097	      0.12138064	     -0.07280128	      0.04487461	     -0.07342862	      0.04508328	      0.22040570	      0.08675997	     -0.04058515	      0.07212818	     -0.03345080	      0.06797030	      0.99641556	      0.11291318	     -0.03429085	      0.06060717	      0.04573393	      0.05004468	      0.06359959	      0.03189834	      0.25007616	      0.09165772	      0.23696513	     55.65759660
      0.97000000	     -0.88160746	      1.20536391	      0.29193635	      0.67956820	     -0.54342214	     -1.84124139	      0.07298078	     -0.21949541	     -0.34582777	     -3.44231359	      1.32702893	     -2.25561842	      3.23165716	      4.10518637	     -3.49142840	     -5.35140768	     -0.77151537	     -0.89191870	     -0.11427120	      0.08695606	      0.19559474	      0.11397694	      0.99998889	      0.07060186	     -0.08634972	      0.12143145	     -0.07293003	      0.04483830	     -0.07355737	      0.04504926	      0.22100378	      0.08679318	     -0.04071390	      0.07210552	     -0.03357955	      0.06796993	      0.99659082	      0.11282232	     -0.03441960	      0.06074920	      0.04508897	      0.04993392	      0.06266103	      0.03186863	      0.25193012	      0.09168047	      0.23696513	     55.98756094
      0.97100000	     -0.88505596	      1.20668967	      0.28967725	      0.68278700	     -0.53932958	     -1.84472136	      0.06764643	     -0.22025170	     -0.34672221	     -3.45467315	      1.32448384	     -2.26258330	      3.20594710	      4.07973599	     -3.46849368	     -5.31618178	     -0.74118047	     -0.89788412	     -0.11439995	      0.08714023	      0.19792185	      0.11409445	      0.99998943	      0.07045516	     -0.08647847	      0.12148157	     -0.07305878	      0.04480201	     -0.07368612	      0.04501526	      0.22159089	      0.08682539	     -0.04084265	      0.07208270	     -0.03370830	      0.06796955	      0.99675749	      0.11273101	     -0.03454835	      0.06089155	      0.04445417	      0.04982343	      0.06173847	      0.03183945	      0.25370006	      0.09170250	      0.23696513	     56.31363614
      0.97200000	     -0.88851682	      1.20801288	      0.28741119	      0.68598007	     -0.53526301	     -1.84817833	      0.06235045	     -0.22097799	     -0.34762436	     -3.46706023	      1.32192556	     -2.26953790	      3.18018676	      4.05326302	     -3.44542791	     -5.27481200	     -0.71150519	     -0.90708255	     -0.11452870	      0.08732321	      0.20026445	      0.11421066	      0.99998994	      0.07030952	     -0.08660722	      0.12153100	     -0.07318753	      0.04476574	     -0.07381487	      0.04498127	      0.22216698	      0.08685661	     -0.04097140	      0.07205985	     -0.03383705	      0.06796918	      0.99691600	      0.11263931	     -0.03467710	      0.06103399	      0.04382934	      0.04971336	      0.06083158	      0.03181068	      0.25537416	      0.09172401	      0.23696513	     56.63503625
      0.97300000	     -0.89199009	      1.20933352	      0.28513818	      0.68914737	     -0.53122328	     -1.85161217	      0.05709852	     -0.22167495	     -0.34853678	     -3.47949180	      1.31935034	     -2.27647438	      3.15441752	      4.02610772	     -3.42221878	     -5.22827086	     -0.68254693	     -0.91818959	     -0.11465745	      0.08750500	      0.20262218	      0.11432557	      0.99999043	      0.07016496	     -0.08673597	      0.12157975	     -0.07331628	      0.04472950	     -0.07394362	      0.04494730	      0.22273200	      0.08688686	     -0.04110015	      0.07203708	     -0.03396580	      0.06796881	      0.99706674	      0.11254725	     -0.03480585	      0.06117634	      0.04321430	      0.04960383	      0.05994004	      0.03178221	      0.25694629	      0.09174517	      0.23696513	     56.95111446
      0.97400000	     -0.89547582	      1.21065157	      0.28285825	      0.69228892	     -0.52721092	     -1.85502272	      0.05189533	     -0.22234334	     -0.34946077	     -3.49198251	      1.31675505	     -2.28338581	      3.12867509	      3.99856946	     -3.39885460	     -5.17744552	     -0.65435431	     -0.93001251	     -0.11478620	      0.08768559	      0.20499473	      0.11443921	      0.99999090	      0.07002151	     -0.08686472	      0.12162782	     -0.07344503	      0.04469327	     -0.07407237	      0.04491335	      0.22328587	      0.08691615	     -0.04122890	      0.07201452	     -0.03409455	      0.06796844	      0.99721010	      0.11245488	     -0.03493460	      0.06131841	      0.04260886	      0.04949498	      0.05906352	      0.03175391	      0.25841471	      0.09176616	      0.23696513	     57.26135202
      0.97500000	     -0.89897408	      1.21196702	      0.28057142	      0.69540474	     -0.52322618	     -1.85840982	      0.04674478	     -0.22298393	     -0.35039651	     -3.50454466	      1.31413721	     -2.29026623	      3.10298940	      3.97090732	     -3.37532412	     -5.12313127	     -0.62696742	     -0.94151770	     -0.11491495	      0.08786495	      0.20738190	      0.11455157	      0.99999134	      0.06987920	     -0.08699347	      0.12167523	     -0.07357378	      0.04465706	     -0.07420112	      0.04487941	      0.22382855	      0.08694449	     -0.04135765	      0.07199228	     -0.03422330	      0.06796807	      0.99734643	      0.11236223	     -0.03506335	      0.06146006	      0.04201285	      0.04938692	      0.05820171	      0.03172569	      0.25978104	      0.09178713	      0.23696513	     57.56534534
      0.97600000	     -0.90248494	      1.21327984	      0.27827773	      0.69849492	     -0.51926908	     -1.86177330	      0.04164999	     -0.22359755	     -0.35134325	     -3.51718824	      1.31149502	     -2.29711057	      3.07738462	      3.94334182	     -3.35161634	     -5.06602974	     -0.60041831	     -0.95185366	     -0.11504370	      0.08804309	      0.20978358	      0.11466268	      0.99999177	      0.06973804	     -0.08712222	      0.12172196	     -0.07370253	      0.04462087	     -0.07432987	      0.04484548	      0.22435997	      0.08697191	     -0.04148640	      0.07197049	     -0.03435205	      0.06796770	      0.99747609	      0.11226934	     -0.03519210	      0.06160116	      0.04142610	      0.04927974	      0.05735432	      0.03169747	      0.26104954	      0.09180822	      0.23696513	     57.86279223
      0.97700000	     -0.90600849	      1.21459000	      0.27597721	      0.70155955	     -0.51533941	     -1.86511299	      0.03661344	     -0.22418506	     -0.35229947	     -3.52992102	      1.30882734	     -2.30391455	      3.05187937	      3.91605749	     -3.32772039	     -5.00675074	     -0.57473144	     -0.96036798	     -0.11517245	      0.08822000	      0.21219973	      0.11477254	      0.99999217	      0.06959807	     -0.08725097	      0.12176804	     -0.07383128	      0.04458471	     -0.07445862	      0.04481158	      0.22488007	      0.08699842	     -0.04161515	      0.07194924	     -0.03448080	      0.06796733	      0.99759941	      0.11217625	     -0.03532085	      0.06174158	      0.04084843	      0.04917353	      0.05652104	      0.03166916	      0.26222648	      0.09182955	      0.23696513	     58.15347816
      0.97800000	     -0.90954482	      1.21589748	      0.27366992	      0.70459872	     -0.51143680	     -1.86842868	      0.03163696	     -0.22474731	     -0.35326120	     -3.54275665	      1.30612961	     -2.31067332	      3.02650838	      3.88930400	     -3.30363416	     -4.94646310	     -0.54993590	     -0.95071976	     -0.11530120	      0.08839568	      0.21463038	      0.11488117	      0.99999255	      0.06945930	     -0.08737972	      0.12181345	     -0.07396003	      0.04454856	     -0.07458737	      0.04477768	      0.22538881	      0.08702405	     -0.04174390	      0.07192864	     -0.03460955	      0.06796696	      0.99771669	      0.11208299	     -0.03544960	      0.06188124	      0.04027969	      0.04906833	      0.05570160	      0.03164074	      0.26331954	      0.09185119	      0.23696513	     58.43727172
      0.97900000	     -0.91309405	      1.21720224	      0.27135589	      0.70761265	     -0.50756037	     -1.87172021	      0.02671905	     -0.22528525	     -0.35415473	     -3.55573738	      1.30338166	     -2.31737789	      3.00138501	      3.86376583	     -3.27939196	     -4.89010514	     -0.52609618	     -0.81386012	     -0.11542995	      0.08857012	      0.21707559	      0.11498856	      0.99999291	      0.06932174	     -0.08750847	      0.12185822	     -0.07408878	      0.04451243	     -0.07471612	      0.04474381	      0.22588615	      0.08704881	     -0.04187265	      0.07190880	     -0.03473830	      0.06796659	      0.99782823	      0.11198959	     -0.03557835	      0.06202008	      0.03971971	      0.04896418	      0.05489571	      0.03161233	      0.26433727	      0.09187315	      0.23696513	     58.71442431
      0.98000000	     -0.91665632	      1.21850424	      0.26903517	      0.71060153	     -0.50370897	     -1.87498739	      0.02185551	     -0.22579980	     -0.35485007	     -3.56881127	      1.30061109	     -2.32403607	      2.97636830	      3.83910812	     -3.25492723	     -4.83737170	     -0.50313228	     -0.56246925	     -0.11555870	      0.08874333	      0.21953541	      0.11509475	      0.99999326	      0.06918542	     -0.08763722	      0.12190233	     -0.07421753	      0.04447632	     -0.07484487	      0.04470995	      0.22637206	      0.08707273	     -0.04200140	      0.07188977	     -0.03486705	      0.06796622	      0.99793431	      0.11189608	     -0.03570710	      0.06215813	      0.03916832	      0.04886108	      0.05410310	      0.03158467	      0.26528859	      0.09189499	      0.23696513	     58.98548215
      0.98100000	     -0.92023168	      1.21980347	      0.26670782	      0.71356534	     -0.49988211	     -1.87822995	      0.01704409	     -0.22629176	     -0.35526322	     -3.58189081	      1.29786496	     -2.33066095	      2.95121812	      3.81457684	     -3.23012872	     -4.78527668	     -0.48091689	     -0.26170826	     -0.11568745	      0.08891531	      0.22200989	      0.11519972	      0.99999359	      0.06905035	     -0.08776597	      0.12194580	     -0.07434628	      0.04444024	     -0.07497362	      0.04467610	      0.22684654	      0.08709583	     -0.04213015	      0.07187162	     -0.03499580	      0.06796586	      0.99803520	      0.11180249	     -0.03583585	      0.06229544	      0.03862538	      0.04875904	      0.05332351	      0.03155899	      0.26618240	      0.09191599	      0.23696513	     59.25076127
      0.98200000	     -0.92382008	      1.22109999	      0.26437386	      0.71650385	     -0.49608001	     -1.88144750	      0.01228586	     -0.22676185	     -0.35537974	     -3.59489711	      1.29518745	     -2.33726303	      2.92571432	      3.78948287	     -3.20488701	     -4.73052985	     -0.45934627	      0.02146040	     -0.11581620	      0.08908606	      0.22449903	      0.11530350	      0.99999390	      0.06891654	     -0.08789472	      0.12198862	     -0.07447503	      0.04440417	     -0.07510237	      0.04464228	      0.22730958	      0.08711813	     -0.04225890	      0.07185439	     -0.03512455	      0.06796549	      0.99813116	      0.11170883	     -0.03596460	      0.06243201	      0.03809074	      0.04865803	      0.05255667	      0.03153658	      0.26702723	      0.09193536	      0.23696513	     59.51020833
      0.98300000	     -0.92742143	      1.22239388	      0.26203330	      0.71941661	     -0.49230346	     -1.88463955	      0.00758464	     -0.22721066	     -0.35524040	     -3.60778307	      1.29260765	     -2.34384642	      2.89972050	      3.76346379	     -3.17912195	     -4.67101380	     -0.43837405	      0.24542793	     -0.11594495	      0.08925556	      0.22700284	      0.11540606	      0.99999420	      0.06878401	     -0.08802347	      0.12203081	     -0.07460378	      0.04436813	     -0.07523112	      0.04460846	      0.22776119	      0.08713964	     -0.04238765	      0.07183812	     -0.03525330	      0.06796512	      0.99822243	      0.11161513	     -0.03609335	      0.06256777	      0.03756425	      0.04855805	      0.05180234	      0.03151841	      0.26783100	      0.09195249	      0.23696513	     59.76347552
      0.98400000	     -0.93103560	      1.22368524	      0.25968617	      0.72230311	     -0.48855340	     -1.88780555	      0.00294568	     -0.22763880	     -0.35491414	     -3.62053471	      1.29013803	     -2.35040928	      2.87318949	      3.73649714	     -3.15278821	     -4.60601341	     -0.41800846	      0.39436610	     -0.11607370	      0.08942381	      0.22952125	      0.11550741	      0.99999448	      0.06865276	     -0.08815222	      0.12207235	     -0.07473253	      0.04433210	     -0.07535987	      0.04457467	      0.22820141	      0.08716040	     -0.04251640	      0.07182286	     -0.03538205	      0.06796475	      0.99830923	      0.11152141	     -0.03622210	      0.06270257	      0.03704576	      0.04845909	      0.05106027	      0.03150495	      0.26860082	      0.09196705	      0.23696513	     60.01008073
      0.98500000	     -0.93466246	      1.22497419	      0.25733249	      0.72516282	     -0.48483070	     -1.89094493	     -0.00162567	     -0.22804689	     -0.35447623	     -3.63316388	      1.28777743	     -2.35694566	      2.84614519	      3.70881320	     -3.12587114	     -4.53591203	     -0.39829545	      0.47002269	     -0.11620245	      0.08959077	      0.23205420	      0.11560753	      0.99999475	      0.06852280	     -0.08828097	      0.12211325	     -0.07486128	      0.04429610	     -0.07548862	      0.04454089	      0.22863028	      0.08718042	     -0.04264515	      0.07180868	     -0.03551080	      0.06796438	      0.99839179	      0.11142770	     -0.03635085	      0.06283625	      0.03653513	      0.04836115	      0.05033022	      0.03149627	      0.26934287	      0.09197896	      0.23696513	     60.24955007
      0.98600000	     -0.93830190	      1.22626083	      0.25497229	      0.72799525	     -0.48113589	     -1.89405711	     -0.00612481	     -0.22843563	     -0.35399468	     -3.64569958	      1.28551496	     -2.36344745	      2.81865993	      3.68079374	     -3.09837984	     -4.46180239	     -0.37930020	      0.48411252	     -0.11633120	      0.08975642	      0.23460157	      0.11570641	      0.99999501	      0.06839415	     -0.08840972	      0.12215351	     -0.07499003	      0.04426011	     -0.07561737	      0.04450712	      0.22904787	      0.08719972	     -0.04277390	      0.07179567	     -0.03563955	      0.06796401	      0.99847031	      0.11133402	     -0.03647960	      0.06296863	      0.03603222	      0.04826424	      0.04961195	      0.03149206	      0.27006237	      0.09198833	      0.23696513	     60.48151382
      0.98700000	     -0.94195384	      1.22754525	      0.25260561	      0.73080002	     -0.47746908	     -1.89714151	     -0.01054842	     -0.22880575	     -0.35352315	     -3.65817980	      1.28333393	     -2.36990597	      2.79083297	      3.65288276	     -3.07033971	     -4.38513900	     -0.36109124	      0.45280091	     -0.11645995	      0.08992074	      0.23716323	      0.11580402	      0.99999525	      0.06826681	     -0.08853847	      0.12219312	     -0.07511878	      0.04422415	     -0.07574612	      0.04447337	      0.22945425	      0.08721831	     -0.04290265	      0.07178390	     -0.03576830	      0.06796365	      0.99854500	      0.11124039	     -0.03660835	      0.06309956	      0.03553691	      0.04816841	      0.04890525	      0.03149180	      0.27076356	      0.09199537	      0.23696513	     60.70575679
      0.98800000	     -0.94561825	      1.22882752	      0.25023250	      0.73357684	     -0.47382994	     -1.90019761	     -0.01489475	     -0.22915809	     -0.35309855	     -3.67064476	      1.28121519	     -2.37631319	      2.76277213	      3.62551654	     -3.04178533	     -4.30746191	     -0.34372859	      0.39298541	     -0.11658870	      0.09008370	      0.23973905	      0.11590037	      0.99999548	      0.06814080	     -0.08866722	      0.12223210	     -0.07524753	      0.04418821	     -0.07587487	      0.04443964	      0.22984953	      0.08723622	     -0.04303140	      0.07177346	     -0.03589705	      0.06796328	      0.99861603	      0.11114684	     -0.03673710	      0.06322891	      0.03504904	      0.04807371	      0.04820987	      0.03149479	      0.27144975	      0.09200038	      0.23696513	     60.92223195
      0.98900000	     -0.94929514	      1.23010769	      0.24785301	      0.73632552	     -0.47021774	     -1.90322492	     -0.01916349	     -0.22949351	     -0.35274154	     -3.68313188	      1.27913986	     -2.38266254	      2.73457973	      3.59907517	     -3.01275433	     -4.23019949	     -0.32725612	      0.31997610	     -0.11671745	      0.09024527	      0.24232888	      0.11599544	      0.99999570	      0.06801612	     -0.08879597	      0.12227044	     -0.07537628	      0.04415228	     -0.07600362	      0.04440592	      0.23023380	      0.08725347	     -0.04316015	      0.07176442	     -0.03602580	      0.06796291	      0.99868360	      0.11105338	     -0.03686585	      0.06335661	      0.03456850	      0.04798022	      0.04752561	      0.03150028	      0.27212308	      0.09200366	      0.23696513	     61.13104823
      0.99000000	     -0.95298453	      1.23138581	      0.24546720	      0.73904598	     -0.46663138	     -1.90622297	     -0.02335568	     -0.22981291	     -0.35245881	     -3.69567230	      1.27709130	     -2.38894932	      2.70634273	      3.57385389	     -2.98328257	     -4.15454235	     -0.31169798	      0.24618229	     -0.11684620	      0.09040543	      0.24493264	      0.11608922	      0.99999591	      0.06789277	     -0.08892472	      0.12230813	     -0.07550503	      0.04411638	     -0.07613237	      0.04437222	      0.23060720	      0.08727006	     -0.04328890	      0.07175686	     -0.03615455	      0.06796254	      0.99874786	      0.11096004	     -0.03699460	      0.06348262	      0.03409516	      0.04788799	      0.04685226	      0.03150753	      0.27277344	      0.09200553	      0.23696513	     61.33244266
      0.99100000	     -0.95668651	      1.23266188	      0.24307513	      0.74173821	     -0.46306956	     -1.90919135	     -0.02747341	     -0.23011721	     -0.35224642	     -3.70828895	      1.27505636	     -2.39517086	      2.67812689	      3.55005050	     -2.95340062	     -4.08137470	     -0.29705811	      0.18049469	     -0.11697495	      0.09056417	      0.24755024	      0.11618173	      0.99999611	      0.06777075	     -0.08905347	      0.12234519	     -0.07563378	      0.04408050	     -0.07626112	      0.04433853	      0.23096985	      0.08728603	     -0.04341765	      0.07175084	     -0.03628330	      0.06796218	      0.99880898	      0.11086682	     -0.03712335	      0.06360695	      0.03362890	      0.04779704	      0.04618960	      0.03151588	      0.27337264	      0.09200628	      0.23696513	     61.52674512
      0.99200000	     -0.96040114	      1.23393592	      0.24067688	      0.74440226	     -0.45953078	     -1.91212965	     -0.03151945	     -0.23040733	     -0.35209331	     -3.72099600	      1.27302595	     -2.40132637	      2.64997459	      3.52776670	     -2.92313168	     -4.01125664	     -0.28332226	      0.12821341	     -0.11710370	      0.09072147	      0.25018148	      0.11627296	      0.99999630	      0.06765008	     -0.08918222	      0.12238162	     -0.07576253	      0.04404464	     -0.07638987	      0.04430487	      0.23132191	      0.08730140	     -0.04354640	      0.07174641	     -0.03641205	      0.06796181	      0.99886712	      0.11077375	     -0.03725210	      0.06372962	      0.03316958	      0.04770739	      0.04553744	      0.03152474	      0.27388572	      0.09200619	      0.23696513	     61.71434184
      0.99300000	     -0.96412853	      1.23520793	      0.23827250	      0.74703819	     -0.45601351	     -1.91503749	     -0.03549703	     -0.23068415	     -0.35198480	     -3.73379941	      1.27099501	     -2.40741668	      2.62190596	      3.50702013	     -2.89249087	     -3.94444807	     -0.27046180	      0.09140162	     -0.11723245	      0.09087733	      0.25282597	      0.11636291	      0.99999648	      0.06753074	     -0.08931097	      0.12241742	     -0.07589128	      0.04400881	     -0.07651862	      0.04427121	      0.23166353	      0.08731618	     -0.04367515	      0.07174359	     -0.03654080	      0.06796144	      0.99892241	      0.11068082	     -0.03738085	      0.06385069	      0.03271710	      0.04761904	      0.04489558	      0.03153371	      0.27428295	      0.09200550	      0.23696513	     61.89564238
      0.99400000	     -0.96786877	      1.23647791	      0.23586206	      0.74964610	     -0.45251624	     -1.91791451	     -0.03940946	     -0.23094853	     -0.35190551	     -3.74669838	      1.26896197	     -2.41344377	      2.59392236	      3.48776303	     -2.86148581	     -3.88096106	     -0.25843838	      0.06952372	     -0.11736120	      0.09103175	      0.25548318	      0.11645159	      0.99999665	      0.06741273	     -0.08943972	      0.12245258	     -0.07602003	      0.04397299	     -0.07664737	      0.04423757	      0.23199488	      0.08733039	     -0.04380390	      0.07174241	     -0.03666955	      0.06796108	      0.99897501	      0.11058805	     -0.03750960	      0.06397021	      0.03227134	      0.04753200	      0.04426382	      0.03154252	      0.27454742	      0.09200442	      0.23696513	     62.07105299
      0.99500000	     -0.97162196	      1.23774586	      0.23344563	      0.75222606	     -0.44903752	     -1.92076034	     -0.04326000	     -0.23120129	     -0.35184155	     -3.75968717	      1.26692795	     -2.41941043	      2.56601115	      3.46990317	     -2.83011782	     -3.82062647	     -0.24720858	      0.06022358	     -0.11748995	      0.09118471	      0.25815246	      0.11653902	      0.99999682	      0.06729605	     -0.08956847	      0.12248713	     -0.07614878	      0.04393719	     -0.07677612	      0.04420395	      0.23231614	      0.08734406	     -0.04393265	      0.07174288	     -0.03679830	      0.06796071	      0.99902504	      0.11049544	     -0.03763835	      0.06408826	      0.03183217	      0.04744625	      0.04364197	      0.03155107	      0.27467742	      0.09200312	      0.23696513	     62.24095758
      0.99600000	     -0.97538817	      1.23901177	      0.23102326	      0.75477814	     -0.44557601	     -1.92357462	     -0.04705167	     -0.23144320	     -0.35178199	     -3.77275698	      1.26489587	     -2.42531978	      2.53815076	      3.45332404	     -2.79838368	     -3.76316284	     -0.23672806	      0.06011705	     -0.11761870	      0.09133622	      0.26083309	      0.11662519	      0.99999697	      0.06718069	     -0.08969722	      0.12252105	     -0.07627753	      0.04390142	     -0.07690487	      0.04417035	      0.23262748	      0.08735720	     -0.04406140	      0.07174499	     -0.03692705	      0.06796034	      0.99907262	      0.11040299	     -0.03776710	      0.06420492	      0.03139950	      0.04736181	      0.04302986	      0.03155932	      0.27468507	      0.09200170	      0.23696513	     62.40570617
      0.99700000	     -0.97916749	      1.24027565	      0.22859501	      0.75730237	     -0.44213048	     -1.92635698	     -0.05078717	     -0.23167498	     -0.35171949	     -3.78589772	      1.26286958	     -2.43117501	      2.51031549	      3.43790210	     -2.76627738	     -3.70823958	     -0.22695468	      0.06550896	     -0.11774745	      0.09148627	      0.26352439	      0.11671013	      0.99999712	      0.06706664	     -0.08982597	      0.12255436	     -0.07640628	      0.04386567	     -0.07703362	      0.04413676	      0.23292909	      0.08736983	     -0.04419015	      0.07174874	     -0.03705580	      0.06795998	      0.99911788	      0.11031069	     -0.03789585	      0.06432023	      0.03097320	      0.04727869	      0.04242730	      0.03156733	      0.27466505	      0.09200022	      0.23696513	     62.56560993
      0.99800000	     -0.98295999	      1.24153751	      0.22616093	      0.75979877	     -0.43869986	     -1.92910705	     -0.05446888	     -0.23189733	     -0.35165029	     -3.79909939	      1.26085308	     -2.43697912	      2.48247947	      3.42352008	     -2.73379184	     -3.65552948	     -0.21785064	      0.07297748	     -0.11787620	      0.09163486	      0.26622574	      0.11679384	      0.99999726	      0.06695390	     -0.08995472	      0.12258705	     -0.07653503	      0.04382994	     -0.07716237	      0.04410318	      0.23322115	      0.08738199	     -0.04431890	      0.07175411	     -0.03718455	      0.06795961	      0.99916093	      0.11021855	     -0.03802460	      0.06443427	      0.03055318	      0.04719693	      0.04183412	      0.03157515	      0.27462789	      0.09199870	      0.23696513	     62.72094153
      0.99900000	     -0.98676571	      1.24279736	      0.22372107	      0.76226732	     -0.43528313	     -1.93182444	     -0.05809887	     -0.23211089	     -0.35157378	     -3.81235307	      1.25885002	     -2.44273474	      2.45461943	      3.41007498	     -2.70092014	     -3.60474278	     -0.20938347	      0.07973893	     -0.11800495	      0.09178200	      0.26893661	      0.11687633	      0.99999739	      0.06684246	     -0.09008347	      0.12261913	     -0.07666378	      0.04379423	     -0.07729112	      0.04406962	      0.23350384	      0.08739367	     -0.04444765	      0.07176109	     -0.03731330	      0.06795925	      0.99920187	      0.11012657	     -0.03815335	      0.06454709	      0.03013933	      0.04711654	      0.04125013	      0.03158286	      0.27457884	      0.09199712	      0.23696513	     62.87193900
      1.00000000	     -0.99058471	      1.24405522	      0.22127547	      0.76470799	     -0.43187942	     -1.93450876	     -0.06167893	     -0.23231630	     -0.35149172	     -3.82565142	      1.25686335	     -2.44844418	      2.42671621	      3.39748159	     -2.66765642	     -3.55564545	     -0.20152601	      0.08382319	     -0.11813370	      0.09192766	      0.27165654	      0.11695761	      0.99999752	      0.06673231	     -0.09021222	      0.12265061	     -0.07679253	      0.04375854	     -0.07741987	      0.04403608	      0.23377737	      0.08740491	     -0.04457640	      0.07176967	     -0.03744205	      0.06795888	      0.99924082	      0.11003473	     -0.03828210	      0.06465871	      0.02973154	      0.04703755	      0.04067519	      0.03159050	      0.27452325	      0.09199548	      0.23696513	     63.01881144
