[2024-11-04 17:03:11.844] [info] Processing subject subject01...
[2024-11-04 17:03:11.844] [info] Step 1: Loading generic model
[2024-11-04 17:03:11.857] [info] Loaded model coupled_human-prosthesis_model from file e:\OneDrive\Jin Wei\PKU\Human-prosthesis interaction\model\coupled_human-prosthesis_model.osim
[2024-11-04 17:03:11.943] [info] Loading marker set from 'assets/gait2354_Scale_MarkerSet.xml'.
[2024-11-04 17:03:11.966] [info] Updated markers in model coupled_human-prosthesis_model
[2024-11-04 17:03:11.966] [info] Step 2: Scaling generic model
[2024-11-04 17:03:11.984] [info] Loaded marker file assets/subject01_static.trc (49 markers, 300 frames)
[2024-11-04 17:03:11.984] [info] Measurement 'torso'
[2024-11-04 17:03:11.984] [info] 	pair 0 (V.Sacral, Top.Head): model = 0.701084, experimental = 0.756975
[2024-11-04 17:03:11.984] [info] 	overall scale factor = 1.07972
[2024-11-04 17:03:11.984] [info] Measurement 'pelvis'
[2024-11-04 17:03:11.984] [info] 	pair 0 (R.ASIS, L.ASIS): model = 0.256, experimental = 0.262292
[2024-11-04 17:03:11.984] [info] 	overall scale factor = 1.02458
[2024-11-04 17:03:11.984] [info] Measurement 'thigh'
[2024-11-04 17:03:11.984] [info] 	pair 0 (R.ASIS, R.Knee.Lat): model = 0.508288, experimental = 0.538738
[2024-11-04 17:03:11.984] [info] 	pair 1 (L.ASIS, L.Knee.Lat): model = 0.508288, experimental = 0.549642
[2024-11-04 17:03:11.984] [info] 	overall scale factor = 1.07063
[2024-11-04 17:03:11.984] [info] Measurement 'shank'
[2024-11-04 17:03:11.984] [info] 	pair 0 (R.Knee.Lat, R.Ankle.Lat): model = 0.402042, experimental = 0.458672
[2024-11-04 17:03:11.984] [info] 	pair 1 (L.Knee.Lat, L.Ankle.Lat): model = 0.402042, experimental = 0.436842
[2024-11-04 17:03:11.984] [info] 	overall scale factor = 1.11371
[2024-11-04 17:03:11.984] [info] Measurement 'foot'
[2024-11-04 17:03:11.984] [info] 	pair 0 (R.Heel, R.Toe.Tip): model = 0.280401, experimental = 0.291576
[2024-11-04 17:03:11.984] [info] 	pair 1 (L.Heel, L.Toe.Tip): model = 0.280401, experimental = 0.284416
[2024-11-04 17:03:11.984] [info] 	overall scale factor = 1.02708
[2024-11-04 17:03:11.998] [info] Wrote model file 'model/coupled_human-prosthesis_model_scaledOnly.osim' from model.
[2024-11-04 17:03:11.999] [info] Wrote scale file 'assets/coupled_human-prosthesis_model_scaleSet_applied.xml' for model subject01.
[2024-11-04 17:03:11.999] [info] Step 3: Placing markers on model
[2024-11-04 17:03:12.028] [info] Loaded marker file assets/subject01_static.trc (49 markers, 300 frames)
[2024-11-04 17:03:12.028] [info] Averaged frames from time 1.0 to 1.01 in assets/subject01_static.trc (frames 61 to 62)
[2024-11-04 17:03:12.028] [info] Deleted 0 unused markers from model subject01.
[2024-11-04 17:03:12.033] [info] Frame at (t = 1.0):	 total squared error = 0.0459741, marker error: RMS = 0.034334, max = 0.102897 (Top.Head)
[2024-11-04 17:03:12.033] [info] Moved markers in model subject01 to match locations in marker file 'assets/subject01_static.trc'.
[2024-11-04 17:03:12.038] [info] Wrote model file 'model/coupled_human-prosthesis_model_scaledFinal.osim' from model subject01.
[2024-11-04 17:03:12.107] [info] Loaded model subject01 from file model\coupled_human-prosthesis_model_scaledFinal.osim
[2024-11-04 17:03:12.573] [info] Storage: read data file = assets\subject01_static_output.mot (nr=1 nc=61)
[2024-11-04 17:06:05.831] [info] Processing subject subject01...
[2024-11-04 17:06:05.831] [info] Step 1: Loading generic model
[2024-11-04 17:06:05.838] [info] Loaded model coupled_human-prosthesis_model from file e:\OneDrive\Jin Wei\PKU\Human-prosthesis interaction\model\coupled_human-prosthesis_model.osim
[2024-11-04 17:06:05.842] [info] Loading marker set from 'assets/gait2354_Scale_MarkerSet.xml'.
[2024-11-04 17:06:05.862] [info] Updated markers in model coupled_human-prosthesis_model
[2024-11-04 17:06:05.862] [info] Step 2: Scaling generic model
[2024-11-04 17:06:05.876] [info] Loaded marker file assets/subject01_static.trc (49 markers, 300 frames)
[2024-11-04 17:06:05.876] [info] Measurement 'torso'
[2024-11-04 17:06:05.876] [info] 	pair 0 (V.Sacral, Top.Head): model = 0.701084, experimental = 0.756975
[2024-11-04 17:06:05.876] [info] 	overall scale factor = 1.07972
[2024-11-04 17:06:05.876] [info] Measurement 'pelvis'
[2024-11-04 17:06:05.876] [info] 	pair 0 (R.ASIS, L.ASIS): model = 0.256, experimental = 0.262292
[2024-11-04 17:06:05.876] [info] 	overall scale factor = 1.02458
[2024-11-04 17:06:05.876] [info] Measurement 'thigh'
[2024-11-04 17:06:05.876] [info] 	pair 0 (R.ASIS, R.Knee.Lat): model = 0.508288, experimental = 0.538738
[2024-11-04 17:06:05.876] [info] 	pair 1 (L.ASIS, L.Knee.Lat): model = 0.508288, experimental = 0.549642
[2024-11-04 17:06:05.876] [info] 	overall scale factor = 1.07063
[2024-11-04 17:06:05.876] [info] Measurement 'shank'
[2024-11-04 17:06:05.876] [info] 	pair 0 (R.Knee.Lat, R.Ankle.Lat): model = 0.402042, experimental = 0.458672
[2024-11-04 17:06:05.876] [info] 	pair 1 (L.Knee.Lat, L.Ankle.Lat): model = 0.402042, experimental = 0.436842
[2024-11-04 17:06:05.876] [info] 	overall scale factor = 1.11371
[2024-11-04 17:06:05.876] [info] Measurement 'foot'
[2024-11-04 17:06:05.876] [info] 	pair 0 (R.Heel, R.Toe.Tip): model = 0.280401, experimental = 0.291576
[2024-11-04 17:06:05.876] [info] 	pair 1 (L.Heel, L.Toe.Tip): model = 0.280401, experimental = 0.284416
[2024-11-04 17:06:05.876] [info] 	overall scale factor = 1.02708
[2024-11-04 17:06:05.890] [info] Wrote model file 'model/coupled_human-prosthesis_model_scaledOnly.osim' from model.
[2024-11-04 17:06:05.891] [info] Wrote scale file 'assets/coupled_human-prosthesis_model_scaleSet_applied.xml' for model subject01.
[2024-11-04 17:06:05.891] [info] Step 3: Placing markers on model
[2024-11-04 17:06:05.921] [info] Loaded marker file assets/subject01_static.trc (49 markers, 300 frames)
[2024-11-04 17:06:05.921] [info] Averaged frames from time 1.0 to 1.01 in assets/subject01_static.trc (frames 61 to 62)
[2024-11-04 17:06:05.921] [info] Deleted 0 unused markers from model subject01.
[2024-11-04 17:06:05.925] [info] Frame at (t = 1.0):	 total squared error = 0.0459741, marker error: RMS = 0.034334, max = 0.102897 (Top.Head)
[2024-11-04 17:06:05.925] [info] Moved markers in model subject01 to match locations in marker file 'assets/subject01_static.trc'.
[2024-11-04 17:06:05.930] [info] Wrote model file 'model/coupled_human-prosthesis_model_scaledFinal.osim' from model subject01.
[2024-11-04 17:06:05.946] [info] Loaded model subject01 from file model\coupled_human-prosthesis_model_scaledFinal.osim
[2024-11-04 17:06:06.298] [info] Storage: read data file = assets\subject01_static_output.mot (nr=1 nc=61)
[2024-11-04 17:06:29.477] [info] Processing subject subject01...
[2024-11-04 17:06:29.477] [info] Step 1: Loading generic model
[2024-11-04 17:06:29.485] [info] Loaded model coupled_human-prosthesis_model from file e:\OneDrive\Jin Wei\PKU\Human-prosthesis interaction\model\coupled_human-prosthesis_model.osim
[2024-11-04 17:06:29.489] [info] Loading marker set from 'assets/gait2354_Scale_MarkerSet.xml'.
[2024-11-04 17:06:29.509] [info] Updated markers in model coupled_human-prosthesis_model
[2024-11-04 17:06:29.509] [info] Step 2: Scaling generic model
[2024-11-04 17:06:29.523] [info] Loaded marker file assets/subject01_static.trc (49 markers, 300 frames)
[2024-11-04 17:06:29.523] [info] Measurement 'torso'
[2024-11-04 17:06:29.523] [info] 	pair 0 (V.Sacral, Top.Head): model = 0.701084, experimental = 0.756975
[2024-11-04 17:06:29.523] [info] 	overall scale factor = 1.07972
[2024-11-04 17:06:29.523] [info] Measurement 'pelvis'
[2024-11-04 17:06:29.523] [info] 	pair 0 (R.ASIS, L.ASIS): model = 0.256, experimental = 0.262292
[2024-11-04 17:06:29.523] [info] 	overall scale factor = 1.02458
[2024-11-04 17:06:29.523] [info] Measurement 'thigh'
[2024-11-04 17:06:29.523] [info] 	pair 0 (R.ASIS, R.Knee.Lat): model = 0.508288, experimental = 0.538738
[2024-11-04 17:06:29.523] [info] 	pair 1 (L.ASIS, L.Knee.Lat): model = 0.508288, experimental = 0.549642
[2024-11-04 17:06:29.523] [info] 	overall scale factor = 1.07063
[2024-11-04 17:06:29.523] [info] Measurement 'shank'
[2024-11-04 17:06:29.523] [info] 	pair 0 (R.Knee.Lat, R.Ankle.Lat): model = 0.402042, experimental = 0.458672
[2024-11-04 17:06:29.523] [info] 	pair 1 (L.Knee.Lat, L.Ankle.Lat): model = 0.402042, experimental = 0.436842
[2024-11-04 17:06:29.523] [info] 	overall scale factor = 1.11371
[2024-11-04 17:06:29.523] [info] Measurement 'foot'
[2024-11-04 17:06:29.523] [info] 	pair 0 (R.Heel, R.Toe.Tip): model = 0.280401, experimental = 0.291576
[2024-11-04 17:06:29.523] [info] 	pair 1 (L.Heel, L.Toe.Tip): model = 0.280401, experimental = 0.284416
[2024-11-04 17:06:29.523] [info] 	overall scale factor = 1.02708
[2024-11-04 17:06:29.536] [info] Wrote model file 'model/coupled_human-prosthesis_model_scaledOnly.osim' from model.
[2024-11-04 17:06:29.537] [info] Wrote scale file 'assets/coupled_human-prosthesis_model_scaleSet_applied.xml' for model subject01.
[2024-11-04 17:06:29.537] [info] Step 3: Placing markers on model
[2024-11-04 17:06:29.561] [info] Loaded marker file assets/subject01_static.trc (49 markers, 300 frames)
[2024-11-04 17:06:29.561] [info] Averaged frames from time 1.0 to 1.01 in assets/subject01_static.trc (frames 61 to 62)
[2024-11-04 17:06:29.561] [info] Deleted 0 unused markers from model subject01.
[2024-11-04 17:06:29.566] [info] Frame at (t = 1.0):	 total squared error = 0.0459741, marker error: RMS = 0.034334, max = 0.102897 (Top.Head)
[2024-11-04 17:06:29.566] [info] Moved markers in model subject01 to match locations in marker file 'assets/subject01_static.trc'.
[2024-11-04 17:06:29.571] [info] Wrote model file 'model/coupled_human-prosthesis_model_scaledFinal.osim' from model subject01.
[2024-11-04 17:06:29.586] [info] Loaded model subject01 from file model\coupled_human-prosthesis_model_scaledFinal.osim
[2024-11-04 17:06:29.979] [info] Storage: read data file = assets\subject01_static_output.mot (nr=1 nc=61)
[2024-11-04 17:15:23.825] [info] Processing subject subject01...
[2024-11-04 17:15:23.826] [info] Step 1: Loading generic model
[2024-11-04 17:15:23.833] [info] Loaded model coupled_human-prosthesis_model from file e:\OneDrive\Jin Wei\PKU\Human-prosthesis interaction\model\coupled_human-prosthesis_model.osim
[2024-11-04 17:15:23.838] [info] Loading marker set from 'assets/gait2354_Scale_MarkerSet.xml'.
[2024-11-04 17:15:23.862] [info] Updated markers in model coupled_human-prosthesis_model
[2024-11-04 17:15:23.862] [info] Step 2: Scaling generic model
[2024-11-04 17:15:23.877] [info] Loaded marker file assets/subject01_static.trc (49 markers, 300 frames)
[2024-11-04 17:15:23.877] [info] Measurement 'torso'
[2024-11-04 17:15:23.877] [info] 	pair 0 (V.Sacral, Top.Head): model = 0.701084, experimental = 0.756975
[2024-11-04 17:15:23.877] [info] 	overall scale factor = 1.07972
[2024-11-04 17:15:23.877] [info] Measurement 'pelvis'
[2024-11-04 17:15:23.877] [info] 	pair 0 (R.ASIS, L.ASIS): model = 0.256, experimental = 0.262292
[2024-11-04 17:15:23.878] [info] 	overall scale factor = 1.02458
[2024-11-04 17:15:23.878] [info] Measurement 'thigh'
[2024-11-04 17:15:23.878] [info] 	pair 0 (R.ASIS, R.Knee.Lat): model = 0.508288, experimental = 0.538738
[2024-11-04 17:15:23.878] [info] 	pair 1 (L.ASIS, L.Knee.Lat): model = 0.508288, experimental = 0.549642
[2024-11-04 17:15:23.878] [info] 	overall scale factor = 1.07063
[2024-11-04 17:15:23.878] [info] Measurement 'shank'
[2024-11-04 17:15:23.878] [info] 	pair 0 (R.Knee.Lat, R.Ankle.Lat): model = 0.402042, experimental = 0.458672
[2024-11-04 17:15:23.878] [info] 	pair 1 (L.Knee.Lat, L.Ankle.Lat): model = 0.402042, experimental = 0.436842
[2024-11-04 17:15:23.878] [info] 	overall scale factor = 1.11371
[2024-11-04 17:15:23.878] [info] Measurement 'foot'
[2024-11-04 17:15:23.878] [info] 	pair 0 (R.Heel, R.Toe.Tip): model = 0.280401, experimental = 0.291576
[2024-11-04 17:15:23.878] [info] 	pair 1 (L.Heel, L.Toe.Tip): model = 0.280401, experimental = 0.284416
[2024-11-04 17:15:23.878] [info] 	overall scale factor = 1.02708
[2024-11-04 17:15:23.892] [info] Wrote model file 'model/coupled_human-prosthesis_model_scaledOnly.osim' from model.
[2024-11-04 17:15:23.892] [info] Wrote scale file 'assets/coupled_human-prosthesis_model_scaleSet_applied.xml' for model subject01.
[2024-11-04 17:15:23.892] [info] Step 3: Placing markers on model
[2024-11-04 17:15:23.915] [info] Loaded marker file assets/subject01_static.trc (49 markers, 300 frames)
[2024-11-04 17:15:23.915] [info] Averaged frames from time 1.0 to 1.01 in assets/subject01_static.trc (frames 61 to 62)
[2024-11-04 17:15:23.915] [info] Deleted 0 unused markers from model subject01.
[2024-11-04 17:15:23.919] [info] Frame at (t = 1.0):	 total squared error = 0.0459741, marker error: RMS = 0.034334, max = 0.102897 (Top.Head)
[2024-11-04 17:15:23.919] [info] Moved markers in model subject01 to match locations in marker file 'assets/subject01_static.trc'.
[2024-11-04 17:15:23.924] [info] Wrote model file 'model/coupled_human-prosthesis_model_scaledFinal.osim' from model subject01.
[2024-11-04 17:15:43.857] [info] Processing subject subject01...
[2024-11-04 17:15:43.858] [info] Step 1: Loading generic model
[2024-11-04 17:15:43.864] [info] Loaded model coupled_human-prosthesis_model from file e:\OneDrive\Jin Wei\PKU\Human-prosthesis interaction\model\coupled_human-prosthesis_model.osim
[2024-11-04 17:15:43.868] [info] Loading marker set from 'assets/gait2354_Scale_MarkerSet.xml'.
[2024-11-04 17:15:43.887] [info] Updated markers in model coupled_human-prosthesis_model
[2024-11-04 17:15:43.887] [info] Step 2: Scaling generic model
[2024-11-04 17:15:43.901] [info] Loaded marker file assets/subject01_static.trc (49 markers, 300 frames)
[2024-11-04 17:15:43.901] [info] Measurement 'torso'
[2024-11-04 17:15:43.901] [info] 	pair 0 (V.Sacral, Top.Head): model = 0.701084, experimental = 0.756975
[2024-11-04 17:15:43.901] [info] 	overall scale factor = 1.07972
[2024-11-04 17:15:43.901] [info] Measurement 'pelvis'
[2024-11-04 17:15:43.902] [info] 	pair 0 (R.ASIS, L.ASIS): model = 0.256, experimental = 0.262292
[2024-11-04 17:15:43.902] [info] 	overall scale factor = 1.02458
[2024-11-04 17:15:43.902] [info] Measurement 'thigh'
[2024-11-04 17:15:43.902] [info] 	pair 0 (R.ASIS, R.Knee.Lat): model = 0.508288, experimental = 0.538738
[2024-11-04 17:15:43.902] [info] 	pair 1 (L.ASIS, L.Knee.Lat): model = 0.508288, experimental = 0.549642
[2024-11-04 17:15:43.902] [info] 	overall scale factor = 1.07063
[2024-11-04 17:15:43.902] [info] Measurement 'shank'
[2024-11-04 17:15:43.902] [info] 	pair 0 (R.Knee.Lat, R.Ankle.Lat): model = 0.402042, experimental = 0.458672
[2024-11-04 17:15:43.902] [info] 	pair 1 (L.Knee.Lat, L.Ankle.Lat): model = 0.402042, experimental = 0.436842
[2024-11-04 17:15:43.902] [info] 	overall scale factor = 1.11371
[2024-11-04 17:15:43.902] [info] Measurement 'foot'
[2024-11-04 17:15:43.902] [info] 	pair 0 (R.Heel, R.Toe.Tip): model = 0.280401, experimental = 0.291576
[2024-11-04 17:15:43.902] [info] 	pair 1 (L.Heel, L.Toe.Tip): model = 0.280401, experimental = 0.284416
[2024-11-04 17:15:43.902] [info] 	overall scale factor = 1.02708
[2024-11-04 17:15:43.917] [info] Wrote model file 'model/coupled_human-prosthesis_model_scaledOnly.osim' from model.
[2024-11-04 17:15:43.917] [info] Wrote scale file 'assets/coupled_human-prosthesis_model_scaleSet_applied.xml' for model subject01.
[2024-11-04 17:15:43.917] [info] Step 3: Placing markers on model
[2024-11-04 17:15:43.940] [info] Loaded marker file assets/subject01_static.trc (49 markers, 300 frames)
[2024-11-04 17:15:43.941] [info] Averaged frames from time 1.0 to 1.01 in assets/subject01_static.trc (frames 61 to 62)
[2024-11-04 17:15:43.941] [info] Deleted 0 unused markers from model subject01.
[2024-11-04 17:15:43.945] [info] Frame at (t = 1.0):	 total squared error = 0.0459741, marker error: RMS = 0.034334, max = 0.102897 (Top.Head)
[2024-11-04 17:15:43.946] [info] Moved markers in model subject01 to match locations in marker file 'assets/subject01_static.trc'.
[2024-11-04 17:15:43.951] [info] Wrote model file 'model/coupled_human-prosthesis_model_scaledFinal.osim' from model subject01.
[2024-11-04 17:18:54.910] [info] AbstractTool subject01_walk1_RRA loading model model/coupled_human-prosthesis_model_scaledFinal.osim
[2024-11-04 17:18:54.917] [info] Loaded model subject01 from file model/coupled_human-prosthesis_model_scaledFinal.osim
[2024-11-04 17:18:54.921] [info] Adding force object set from assets/model_RRA_Actuators.xml
[2024-11-04 17:18:54.949] [info] Running tool subject01_walk1_RRA.
[2024-11-04 17:18:54.958] [info] ExternalLoads 'Ex2' was renamed and is being reset to 'externalloads'.
[2024-11-04 17:18:54.968] [info] 	taskSet size = 16.
[2024-11-04 17:18:54.982] [info] Storage: read data file = subject01_walk1_grf.mot (nr=1501 nc=19)
[2024-11-04 17:18:54.995] [info] ExternalForce::right Data source being set to subject01_walk1_grf.mot
[2024-11-04 17:18:54.995] [info] ExternalForce::left Data source being set to subject01_walk1_grf.mot
[2024-11-04 17:18:54.997] [warning] A desired points file was not specified.
[2024-11-04 17:18:54.997] [info] Loading desired kinematics from file 'assets/subject01_walk1_ik.mot'...
[2024-11-04 17:18:55.003] [info] Storage: read data file = assets/subject01_walk1_ik.mot (nr=73 nc=17)
[2024-11-04 17:18:55.004] [info] Low-pass filtering desired kinematics with a cutoff frequency of 6.0...
[2024-11-04 17:18:55.034] [cout] [info] MODEL: subject01

numStates = 32
numCoordinates = 16
numSpeeds = 16
numActuators = 16
numBodies = 8
numConstraints = 0
numProbes = 0

ANALYSES (total: 0)

BODIES (total: 8)
body[0] = pelvis. mass: 11.4718
              moments of inertia:  ~[0.105119,0.0890645,0.0592059]
              products of inertia: ~[0,0,0]
body[1] = femur_r. mass: 9.06036
              moments of inertia:  ~[0.171667,0.0450001,0.181026]
              products of inertia: ~[0,0,0]
body[2] = tibia_r. mass: 3.61142
              moments of inertia:  ~[0.0479735,0.00485446,0.0486398]
              products of inertia: ~[0,0,0]
body[3] = calcn_r. mass: 1.21761
              moments of inertia:  ~[0.00143859,0.00400751,0.00421302]
              products of inertia: ~[0,0,0]
body[4] = femur_l. mass: 9.06036
              moments of inertia:  ~[0.171667,0.0450001,0.181026]
              products of inertia: ~[0,0,0]
body[5] = tibia_l. mass: 3.61142
              moments of inertia:  ~[0.0479735,0.00485446,0.0486398]
              products of inertia: ~[0,0,0]
body[6] = calcn_l. mass: 1.21761
              moments of inertia:  ~[0.00143859,0.00400751,0.00421302]
              products of inertia: ~[0,0,0]
body[7] = torso. mass: 33.3494
              moments of inertia:  ~[1.67442,0.857934,1.62548]
              products of inertia: ~[0,0,0]

JOINTS (total: 8)
joint[0] = ground_pelvis. parent: ground_offset, child: pelvis_offset
joint[1] = hip_r. parent: pelvis_offset, child: femur_r_offset
joint[2] = hip_l. parent: pelvis_offset, child: femur_l_offset
joint[3] = knee_r. parent: femur_r_offset, child: tibia_r_offset
joint[4] = knee_l. parent: femur_l_offset, child: tibia_l_offset
joint[5] = ankle_r. parent: tibia_r_offset, child: calcn_r_offset
joint[6] = ankle_l. parent: tibia_l_offset, child: calcn_l_offset
joint[7] = back. parent: pelvis_offset, child: torso_offset

ACTUATORS (total: 16)
actuator[0] = FX
actuator[1] = FY
actuator[2] = FZ
actuator[3] = MX
actuator[4] = MY
actuator[5] = MZ
actuator[6] = hip_flexion_r
actuator[7] = hip_adduction_r
actuator[8] = hip_rotation_r
actuator[9] = knee_flexion_r
actuator[10] = ankle_dorsiflexion_r
actuator[11] = hip_flexion_l
actuator[12] = hip_adduction_l
actuator[13] = hip_rotation_l
actuator[14] = knee_flexion_l
actuator[15] = ankle_dorsiflexion_l

STATES (total: 32)
y[0] = /jointset/ground_pelvis/pelvis_list/value
y[1] = /jointset/ground_pelvis/pelvis_list/speed
y[2] = /jointset/ground_pelvis/pelvis_rotation/value
y[3] = /jointset/ground_pelvis/pelvis_rotation/speed
y[4] = /jointset/ground_pelvis/pelvis_tilt/value
y[5] = /jointset/ground_pelvis/pelvis_tilt/speed
y[6] = /jointset/ground_pelvis/pelvis_tx/value
y[7] = /jointset/ground_pelvis/pelvis_tx/speed
y[8] = /jointset/ground_pelvis/pelvis_ty/value
y[9] = /jointset/ground_pelvis/pelvis_ty/speed
y[10] = /jointset/ground_pelvis/pelvis_tz/value
y[11] = /jointset/ground_pelvis/pelvis_tz/speed
y[12] = /jointset/hip_r/hip_adduction_r/value
y[13] = /jointset/hip_r/hip_adduction_r/speed
y[14] = /jointset/hip_r/hip_rotation_r/value
y[15] = /jointset/hip_r/hip_rotation_r/speed
y[16] = /jointset/hip_r/hip_flexion_r/value
y[17] = /jointset/hip_r/hip_flexion_r/speed
y[18] = /jointset/hip_l/hip_adduction_l/value
y[19] = /jointset/hip_l/hip_adduction_l/speed
y[20] = /jointset/hip_l/hip_rotation_l/value
y[21] = /jointset/hip_l/hip_rotation_l/speed
y[22] = /jointset/hip_l/hip_flexion_l/value
y[23] = /jointset/hip_l/hip_flexion_l/speed
y[24] = /jointset/knee_r/knee_flexion_r/value
y[25] = /jointset/knee_r/knee_flexion_r/speed
y[26] = /jointset/knee_l/knee_flexion_l/value
y[27] = /jointset/knee_l/knee_flexion_l/speed
y[28] = /jointset/ankle_r/ankle_dorsiflexion_r/value
y[29] = /jointset/ankle_r/ankle_dorsiflexion_r/speed
y[30] = /jointset/ankle_l/ankle_dorsiflexion_l/value
y[31] = /jointset/ankle_l/ankle_dorsiflexion_l/speed

[2024-11-04 17:18:55.065] [info] Requested COM adjustment time range 0.4 to 1.6, clamped to nearest available data times: 0.392 to 1.592.
[2024-11-04 17:18:55.065] [info] Computing average residuals between 0.392 and 1.592...
[2024-11-04 17:18:55.070] [info] Storage: read data file = subject01_walk1_grf.mot (nr=1501 nc=19)
[2024-11-04 17:18:55.081] [info] ExternalForce::right Data source being set to subject01_walk1_grf.mot
[2024-11-04 17:18:55.082] [info] ExternalForce::left Data source being set to subject01_walk1_grf.mot
[2024-11-04 17:18:55.084] [info] Storage: read data file = subject01_walk1_grf.mot (nr=1501 nc=19)
[2024-11-04 17:18:55.096] [info] ExternalForce::right Data source being set to subject01_walk1_grf.mot
[2024-11-04 17:18:55.096] [info] ExternalForce::left Data source being set to subject01_walk1_grf.mot
[2024-11-04 17:18:55.253] [info] Storage: read data file = subject01_walk1_grf.mot (nr=1501 nc=19)
[2024-11-04 17:18:55.266] [info] ExternalForce::right Data source being set to subject01_walk1_grf.mot
[2024-11-04 17:18:55.266] [info] ExternalForce::left Data source being set to subject01_walk1_grf.mot
[2024-11-04 17:18:55.267] [info] Computing average residuals between 0.392 and 1.592...
[2024-11-04 17:18:55.271] [info] Storage: read data file = subject01_walk1_grf.mot (nr=1501 nc=19)
[2024-11-04 17:18:55.284] [info] ExternalForce::right Data source being set to subject01_walk1_grf.mot
[2024-11-04 17:18:55.284] [info] ExternalForce::left Data source being set to subject01_walk1_grf.mot
[2024-11-04 17:18:55.286] [info] Storage: read data file = subject01_walk1_grf.mot (nr=1501 nc=19)
[2024-11-04 17:18:55.299] [info] ExternalForce::right Data source being set to subject01_walk1_grf.mot
[2024-11-04 17:18:55.299] [info] ExternalForce::left Data source being set to subject01_walk1_grf.mot
[2024-11-04 17:18:55.452] [info] Constructing function set for tracking desired kinematics...
[2024-11-04 17:18:55.510] [warning] No Actuation analysis found in analysis set, adding one...
[2024-11-04 17:18:55.511] [warning] No Kinematics analysis found in analysis set, adding one...
[2024-11-04 17:18:55.523] [warning] Using DEPRECATED Control Constraints file 'assets/model_RRA_ControlConstraints.xml' in RRA, generally unnecessary. Support will be dropped in the future.

[2024-11-04 17:18:55.523] [info] Using the generalized coordinates specified in 'assets/subject01_walk1_ik.mot' to set the initial configuration.
[2024-11-04 17:18:55.536] [info] Using IPOPT optimizer algorithm.
[2024-11-04 17:18:55.536] [info] Setting optimizer print level to 0.
[2024-11-04 17:18:55.536] [info] Setting optimizer convergence tolerance to 1.0e-05.
[2024-11-04 17:18:55.536] [info] Setting optimizer maximum iterations to 2000.
[2024-11-04 17:18:55.536] [info] Setting cmc controller to not use verbose printing.

[2024-11-04 17:18:55.536] [info] CMC::computeControls, t = 0.4
[2024-11-04 17:18:55.656] [info] --------------------------------------------
[2024-11-04 17:18:55.656] [info] Using CMC to track the specified kinematics:
[2024-11-04 17:18:55.656] [info] --------------------------------------------
[2024-11-04 17:18:55.656] [info]  -- Integrating from 0.4 to 1.6
[2024-11-04 17:18:55.656] [info]  -- Start time = Mon Nov  4 17:18:55 2024
[2024-11-04 17:18:55.656] [info] --------------------------------------------
[2024-11-04 17:18:55.656] [info] 
[2024-11-04 17:18:55.657] [info] CMC::computeControls, t = 0.4
[2024-11-04 17:18:55.660] [info] CMC::computeControls, t = 0.401000
[2024-11-04 17:18:55.664] [info] CMC::computeControls, t = 0.402000
[2024-11-04 17:18:55.667] [info] CMC::computeControls, t = 0.403000
[2024-11-04 17:18:55.671] [info] CMC::computeControls, t = 0.404000
[2024-11-04 17:18:55.675] [info] CMC::computeControls, t = 0.405000
[2024-11-04 17:18:55.678] [info] CMC::computeControls, t = 0.406000
[2024-11-04 17:18:55.682] [info] CMC::computeControls, t = 0.407000
[2024-11-04 17:18:55.685] [info] CMC::computeControls, t = 0.408000
[2024-11-04 17:18:55.689] [info] CMC::computeControls, t = 0.409000
[2024-11-04 17:18:55.692] [info] CMC::computeControls, t = 0.41
[2024-11-04 17:18:55.696] [info] CMC::computeControls, t = 0.411
[2024-11-04 17:18:55.700] [info] CMC::computeControls, t = 0.412
[2024-11-04 17:18:55.703] [info] CMC::computeControls, t = 0.413
[2024-11-04 17:18:55.707] [info] CMC::computeControls, t = 0.414
[2024-11-04 17:18:55.711] [info] CMC::computeControls, t = 0.415
[2024-11-04 17:18:55.714] [info] CMC::computeControls, t = 0.416
[2024-11-04 17:18:55.718] [info] CMC::computeControls, t = 0.417
[2024-11-04 17:18:55.723] [info] CMC::computeControls, t = 0.418
[2024-11-04 17:18:55.727] [info] CMC::computeControls, t = 0.419
[2024-11-04 17:18:55.730] [info] CMC::computeControls, t = 0.42
[2024-11-04 17:18:55.734] [info] CMC::computeControls, t = 0.421
[2024-11-04 17:18:55.737] [info] CMC::computeControls, t = 0.422
[2024-11-04 17:18:55.741] [info] CMC::computeControls, t = 0.423
[2024-11-04 17:18:55.745] [info] CMC::computeControls, t = 0.424
[2024-11-04 17:18:55.748] [info] CMC::computeControls, t = 0.425
[2024-11-04 17:18:55.752] [info] CMC::computeControls, t = 0.426
[2024-11-04 17:18:55.755] [info] CMC::computeControls, t = 0.427
[2024-11-04 17:18:55.759] [info] CMC::computeControls, t = 0.428
[2024-11-04 17:18:55.762] [info] CMC::computeControls, t = 0.429
[2024-11-04 17:18:55.766] [info] CMC::computeControls, t = 0.43
[2024-11-04 17:18:55.770] [info] CMC::computeControls, t = 0.431
[2024-11-04 17:18:55.773] [info] CMC::computeControls, t = 0.432
[2024-11-04 17:18:55.777] [info] CMC::computeControls, t = 0.433
[2024-11-04 17:18:55.780] [info] CMC::computeControls, t = 0.434
[2024-11-04 17:18:55.784] [info] CMC::computeControls, t = 0.435
[2024-11-04 17:18:55.788] [info] CMC::computeControls, t = 0.436
[2024-11-04 17:18:55.791] [info] CMC::computeControls, t = 0.437
[2024-11-04 17:18:55.795] [info] CMC::computeControls, t = 0.438
[2024-11-04 17:18:55.799] [info] CMC::computeControls, t = 0.439
[2024-11-04 17:18:55.802] [info] CMC::computeControls, t = 0.44
[2024-11-04 17:18:55.806] [info] CMC::computeControls, t = 0.441
[2024-11-04 17:18:55.809] [info] CMC::computeControls, t = 0.442
[2024-11-04 17:18:55.813] [info] CMC::computeControls, t = 0.443
[2024-11-04 17:18:55.817] [info] CMC::computeControls, t = 0.444
[2024-11-04 17:18:55.820] [info] CMC::computeControls, t = 0.445
[2024-11-04 17:18:55.824] [info] CMC::computeControls, t = 0.446
[2024-11-04 17:18:55.827] [info] CMC::computeControls, t = 0.447
[2024-11-04 17:18:55.832] [info] CMC::computeControls, t = 0.448
[2024-11-04 17:18:55.835] [info] CMC::computeControls, t = 0.449
[2024-11-04 17:18:55.839] [info] CMC::computeControls, t = 0.45
[2024-11-04 17:18:55.842] [info] CMC::computeControls, t = 0.451
[2024-11-04 17:18:55.846] [info] CMC::computeControls, t = 0.452
[2024-11-04 17:18:55.849] [info] CMC::computeControls, t = 0.453
[2024-11-04 17:18:55.853] [info] CMC::computeControls, t = 0.454
[2024-11-04 17:18:55.856] [info] CMC::computeControls, t = 0.455
[2024-11-04 17:18:55.860] [info] CMC::computeControls, t = 0.456
[2024-11-04 17:18:55.864] [info] CMC::computeControls, t = 0.457
[2024-11-04 17:18:55.867] [info] CMC::computeControls, t = 0.458
[2024-11-04 17:18:55.871] [info] CMC::computeControls, t = 0.459
[2024-11-04 17:18:55.875] [info] CMC::computeControls, t = 0.46
[2024-11-04 17:18:55.878] [info] CMC::computeControls, t = 0.461
[2024-11-04 17:18:55.882] [info] CMC::computeControls, t = 0.462
[2024-11-04 17:18:55.885] [info] CMC::computeControls, t = 0.463
[2024-11-04 17:18:55.889] [info] CMC::computeControls, t = 0.464
[2024-11-04 17:18:55.893] [info] CMC::computeControls, t = 0.465
[2024-11-04 17:18:55.897] [info] CMC::computeControls, t = 0.466
[2024-11-04 17:18:55.901] [info] CMC::computeControls, t = 0.467
[2024-11-04 17:18:55.904] [info] CMC::computeControls, t = 0.468
[2024-11-04 17:18:55.908] [info] CMC::computeControls, t = 0.469
[2024-11-04 17:18:55.912] [info] CMC::computeControls, t = 0.47
[2024-11-04 17:18:55.915] [info] CMC::computeControls, t = 0.471
[2024-11-04 17:18:55.919] [info] CMC::computeControls, t = 0.472
[2024-11-04 17:18:55.922] [info] CMC::computeControls, t = 0.473
[2024-11-04 17:18:55.926] [info] CMC::computeControls, t = 0.474
[2024-11-04 17:18:55.930] [info] CMC::computeControls, t = 0.475
[2024-11-04 17:18:55.933] [info] CMC::computeControls, t = 0.476
[2024-11-04 17:18:55.937] [info] CMC::computeControls, t = 0.477
[2024-11-04 17:18:55.940] [info] CMC::computeControls, t = 0.478
[2024-11-04 17:18:55.944] [info] CMC::computeControls, t = 0.479
[2024-11-04 17:18:55.947] [info] CMC::computeControls, t = 0.48
[2024-11-04 17:18:55.951] [info] CMC::computeControls, t = 0.481
[2024-11-04 17:18:55.955] [info] CMC::computeControls, t = 0.482
[2024-11-04 17:18:55.959] [info] CMC::computeControls, t = 0.483
[2024-11-04 17:18:55.962] [info] CMC::computeControls, t = 0.484
[2024-11-04 17:18:55.966] [info] CMC::computeControls, t = 0.485
[2024-11-04 17:18:55.970] [info] CMC::computeControls, t = 0.486
[2024-11-04 17:18:55.973] [info] CMC::computeControls, t = 0.487
[2024-11-04 17:18:55.977] [info] CMC::computeControls, t = 0.488
[2024-11-04 17:18:55.980] [info] CMC::computeControls, t = 0.489
[2024-11-04 17:18:55.984] [info] CMC::computeControls, t = 0.49
[2024-11-04 17:18:55.988] [info] CMC::computeControls, t = 0.491
[2024-11-04 17:18:55.991] [info] CMC::computeControls, t = 0.492
[2024-11-04 17:18:55.995] [info] CMC::computeControls, t = 0.493
[2024-11-04 17:18:55.998] [info] CMC::computeControls, t = 0.494
[2024-11-04 17:18:56.002] [info] CMC::computeControls, t = 0.495
[2024-11-04 17:18:56.005] [info] CMC::computeControls, t = 0.496
[2024-11-04 17:18:56.009] [info] CMC::computeControls, t = 0.497
[2024-11-04 17:18:56.012] [info] CMC::computeControls, t = 0.498
[2024-11-04 17:18:56.016] [info] CMC::computeControls, t = 0.499
[2024-11-04 17:18:56.020] [info] CMC::computeControls, t = 0.5
[2024-11-04 17:18:56.023] [info] CMC::computeControls, t = 0.501000
[2024-11-04 17:18:56.027] [info] CMC::computeControls, t = 0.502000
[2024-11-04 17:18:56.031] [info] CMC::computeControls, t = 0.503000
[2024-11-04 17:18:56.035] [info] CMC::computeControls, t = 0.504000
[2024-11-04 17:18:56.038] [info] CMC::computeControls, t = 0.505000
[2024-11-04 17:18:56.042] [info] CMC::computeControls, t = 0.506000
[2024-11-04 17:18:56.046] [info] CMC::computeControls, t = 0.507000
[2024-11-04 17:18:56.052] [info] CMC::computeControls, t = 0.508000
[2024-11-04 17:18:56.058] [info] CMC::computeControls, t = 0.509000
[2024-11-04 17:18:56.064] [info] CMC::computeControls, t = 0.51
[2024-11-04 17:18:56.068] [info] CMC::computeControls, t = 0.511
[2024-11-04 17:18:56.072] [info] CMC::computeControls, t = 0.512
[2024-11-04 17:18:56.076] [info] CMC::computeControls, t = 0.513
[2024-11-04 17:18:56.081] [info] CMC::computeControls, t = 0.514
[2024-11-04 17:18:56.085] [info] CMC::computeControls, t = 0.515
[2024-11-04 17:18:56.089] [info] CMC::computeControls, t = 0.516
[2024-11-04 17:18:56.093] [info] CMC::computeControls, t = 0.517
[2024-11-04 17:18:56.097] [info] CMC::computeControls, t = 0.518
[2024-11-04 17:18:56.101] [info] CMC::computeControls, t = 0.519
[2024-11-04 17:18:56.104] [info] CMC::computeControls, t = 0.52
[2024-11-04 17:18:56.108] [info] CMC::computeControls, t = 0.521
[2024-11-04 17:18:56.112] [info] CMC::computeControls, t = 0.522
[2024-11-04 17:18:56.115] [info] CMC::computeControls, t = 0.523
[2024-11-04 17:18:56.119] [info] CMC::computeControls, t = 0.524
[2024-11-04 17:18:56.122] [info] CMC::computeControls, t = 0.525
[2024-11-04 17:18:56.126] [info] CMC::computeControls, t = 0.526
[2024-11-04 17:18:56.129] [info] CMC::computeControls, t = 0.527
[2024-11-04 17:18:56.133] [info] CMC::computeControls, t = 0.528
[2024-11-04 17:18:56.137] [info] CMC::computeControls, t = 0.529
[2024-11-04 17:18:56.141] [info] CMC::computeControls, t = 0.53
[2024-11-04 17:18:56.144] [info] CMC::computeControls, t = 0.531
[2024-11-04 17:18:56.148] [info] CMC::computeControls, t = 0.532
[2024-11-04 17:18:56.151] [info] CMC::computeControls, t = 0.533
[2024-11-04 17:18:56.155] [info] CMC::computeControls, t = 0.534
[2024-11-04 17:18:56.159] [info] CMC::computeControls, t = 0.535
[2024-11-04 17:18:56.162] [info] CMC::computeControls, t = 0.536
[2024-11-04 17:18:56.166] [info] CMC::computeControls, t = 0.537
[2024-11-04 17:18:56.170] [info] CMC::computeControls, t = 0.538
[2024-11-04 17:18:56.176] [info] CMC::computeControls, t = 0.539
[2024-11-04 17:18:56.180] [info] CMC::computeControls, t = 0.54
[2024-11-04 17:18:56.186] [info] CMC::computeControls, t = 0.541
[2024-11-04 17:18:56.191] [info] CMC::computeControls, t = 0.542
[2024-11-04 17:18:56.195] [info] CMC::computeControls, t = 0.543
[2024-11-04 17:18:56.199] [info] CMC::computeControls, t = 0.544
[2024-11-04 17:18:56.203] [info] CMC::computeControls, t = 0.545
[2024-11-04 17:18:56.207] [info] CMC::computeControls, t = 0.546
[2024-11-04 17:18:56.210] [info] CMC::computeControls, t = 0.547
[2024-11-04 17:18:56.214] [info] CMC::computeControls, t = 0.548
[2024-11-04 17:18:56.218] [info] CMC::computeControls, t = 0.549
[2024-11-04 17:18:56.224] [info] CMC::computeControls, t = 0.55
[2024-11-04 17:18:56.230] [info] CMC::computeControls, t = 0.551
[2024-11-04 17:18:56.234] [info] CMC::computeControls, t = 0.552
[2024-11-04 17:18:56.238] [info] CMC::computeControls, t = 0.553
[2024-11-04 17:18:56.241] [info] CMC::computeControls, t = 0.554
[2024-11-04 17:18:56.245] [info] CMC::computeControls, t = 0.555
[2024-11-04 17:18:56.248] [info] CMC::computeControls, t = 0.556
[2024-11-04 17:18:56.252] [info] CMC::computeControls, t = 0.557
[2024-11-04 17:18:56.255] [info] CMC::computeControls, t = 0.558
[2024-11-04 17:18:56.259] [info] CMC::computeControls, t = 0.559
[2024-11-04 17:18:56.263] [info] CMC::computeControls, t = 0.56
[2024-11-04 17:18:56.267] [info] CMC::computeControls, t = 0.561
[2024-11-04 17:18:56.270] [info] CMC::computeControls, t = 0.562
[2024-11-04 17:18:56.274] [info] CMC::computeControls, t = 0.563
[2024-11-04 17:18:56.277] [info] CMC::computeControls, t = 0.564
[2024-11-04 17:18:56.281] [info] CMC::computeControls, t = 0.565
[2024-11-04 17:18:56.285] [info] CMC::computeControls, t = 0.566
[2024-11-04 17:18:56.288] [info] CMC::computeControls, t = 0.567
[2024-11-04 17:18:56.292] [info] CMC::computeControls, t = 0.568
[2024-11-04 17:18:56.295] [info] CMC::computeControls, t = 0.569
[2024-11-04 17:18:56.299] [info] CMC::computeControls, t = 0.57
[2024-11-04 17:18:56.304] [info] CMC::computeControls, t = 0.571
[2024-11-04 17:18:56.307] [info] CMC::computeControls, t = 0.572
[2024-11-04 17:18:56.311] [info] CMC::computeControls, t = 0.573
[2024-11-04 17:18:56.315] [info] CMC::computeControls, t = 0.574
[2024-11-04 17:18:56.318] [info] CMC::computeControls, t = 0.575
[2024-11-04 17:18:56.322] [info] CMC::computeControls, t = 0.576
[2024-11-04 17:18:56.326] [info] CMC::computeControls, t = 0.577
[2024-11-04 17:18:56.330] [info] CMC::computeControls, t = 0.578
[2024-11-04 17:18:56.333] [info] CMC::computeControls, t = 0.579
[2024-11-04 17:18:56.337] [info] CMC::computeControls, t = 0.58
[2024-11-04 17:18:56.341] [info] CMC::computeControls, t = 0.581
[2024-11-04 17:18:56.345] [info] CMC::computeControls, t = 0.582
[2024-11-04 17:18:56.348] [info] CMC::computeControls, t = 0.583
[2024-11-04 17:18:56.352] [info] CMC::computeControls, t = 0.584
[2024-11-04 17:18:56.355] [info] CMC::computeControls, t = 0.585
[2024-11-04 17:18:56.360] [info] CMC::computeControls, t = 0.586
[2024-11-04 17:18:56.363] [info] CMC::computeControls, t = 0.587
[2024-11-04 17:18:56.367] [info] CMC::computeControls, t = 0.588
[2024-11-04 17:18:56.370] [info] CMC::computeControls, t = 0.589
[2024-11-04 17:18:56.375] [info] CMC::computeControls, t = 0.59
[2024-11-04 17:18:56.378] [info] CMC::computeControls, t = 0.591
[2024-11-04 17:18:56.382] [info] CMC::computeControls, t = 0.592
[2024-11-04 17:18:56.385] [info] CMC::computeControls, t = 0.593
[2024-11-04 17:18:56.389] [info] CMC::computeControls, t = 0.594
[2024-11-04 17:18:56.393] [info] CMC::computeControls, t = 0.595
[2024-11-04 17:18:56.397] [info] CMC::computeControls, t = 0.596
[2024-11-04 17:18:56.401] [info] CMC::computeControls, t = 0.597
[2024-11-04 17:18:56.404] [info] CMC::computeControls, t = 0.598
[2024-11-04 17:18:56.408] [info] CMC::computeControls, t = 0.599
[2024-11-04 17:18:56.412] [info] CMC::computeControls, t = 0.6
[2024-11-04 17:18:56.415] [info] CMC::computeControls, t = 0.601000
[2024-11-04 17:18:56.419] [info] CMC::computeControls, t = 0.602000
[2024-11-04 17:18:56.422] [info] CMC::computeControls, t = 0.603000
[2024-11-04 17:18:56.426] [info] CMC::computeControls, t = 0.604000
[2024-11-04 17:18:56.430] [info] CMC::computeControls, t = 0.605000
[2024-11-04 17:18:56.433] [info] CMC::computeControls, t = 0.606000
[2024-11-04 17:18:56.437] [info] CMC::computeControls, t = 0.607000
[2024-11-04 17:18:56.440] [info] CMC::computeControls, t = 0.608000
[2024-11-04 17:18:56.444] [info] CMC::computeControls, t = 0.609000
[2024-11-04 17:18:56.447] [info] CMC::computeControls, t = 0.61
[2024-11-04 17:18:56.451] [info] CMC::computeControls, t = 0.611
[2024-11-04 17:18:56.455] [info] CMC::computeControls, t = 0.612
[2024-11-04 17:18:56.458] [info] CMC::computeControls, t = 0.613
[2024-11-04 17:18:56.462] [info] CMC::computeControls, t = 0.614
[2024-11-04 17:18:56.466] [info] CMC::computeControls, t = 0.615
[2024-11-04 17:18:56.469] [info] CMC::computeControls, t = 0.616
[2024-11-04 17:18:56.473] [info] CMC::computeControls, t = 0.617
[2024-11-04 17:18:56.476] [info] CMC::computeControls, t = 0.618
[2024-11-04 17:18:56.480] [info] CMC::computeControls, t = 0.619
[2024-11-04 17:18:56.484] [info] CMC::computeControls, t = 0.62
[2024-11-04 17:18:56.488] [info] CMC::computeControls, t = 0.621
[2024-11-04 17:18:56.491] [info] CMC::computeControls, t = 0.622
[2024-11-04 17:18:56.495] [info] CMC::computeControls, t = 0.623
[2024-11-04 17:18:56.501] [info] CMC::computeControls, t = 0.624
[2024-11-04 17:18:56.507] [info] CMC::computeControls, t = 0.625
[2024-11-04 17:18:56.511] [info] CMC::computeControls, t = 0.626
[2024-11-04 17:18:56.514] [info] CMC::computeControls, t = 0.627
[2024-11-04 17:18:56.518] [info] CMC::computeControls, t = 0.628
[2024-11-04 17:18:56.522] [info] CMC::computeControls, t = 0.629
[2024-11-04 17:18:56.525] [info] CMC::computeControls, t = 0.63
[2024-11-04 17:18:56.529] [info] CMC::computeControls, t = 0.631
[2024-11-04 17:18:56.533] [info] CMC::computeControls, t = 0.632
[2024-11-04 17:18:56.536] [info] CMC::computeControls, t = 0.633
[2024-11-04 17:18:56.540] [info] CMC::computeControls, t = 0.634
[2024-11-04 17:18:56.544] [info] CMC::computeControls, t = 0.635
[2024-11-04 17:18:56.547] [info] CMC::computeControls, t = 0.636
[2024-11-04 17:18:56.551] [info] CMC::computeControls, t = 0.637
[2024-11-04 17:18:56.554] [info] CMC::computeControls, t = 0.638
[2024-11-04 17:18:56.558] [info] CMC::computeControls, t = 0.639
[2024-11-04 17:18:56.562] [info] CMC::computeControls, t = 0.64
[2024-11-04 17:18:56.565] [info] CMC::computeControls, t = 0.641
[2024-11-04 17:18:56.569] [info] CMC::computeControls, t = 0.642
[2024-11-04 17:18:56.572] [info] CMC::computeControls, t = 0.643
[2024-11-04 17:18:56.576] [info] CMC::computeControls, t = 0.644
[2024-11-04 17:18:56.580] [info] CMC::computeControls, t = 0.645
[2024-11-04 17:18:56.583] [info] CMC::computeControls, t = 0.646
[2024-11-04 17:18:56.587] [info] CMC::computeControls, t = 0.647
[2024-11-04 17:18:56.591] [info] CMC::computeControls, t = 0.648
[2024-11-04 17:18:56.595] [info] CMC::computeControls, t = 0.649
[2024-11-04 17:18:56.598] [info] CMC::computeControls, t = 0.65
[2024-11-04 17:18:56.602] [info] CMC::computeControls, t = 0.651
[2024-11-04 17:18:56.606] [info] CMC::computeControls, t = 0.652
[2024-11-04 17:18:56.610] [info] CMC::computeControls, t = 0.653
[2024-11-04 17:18:56.613] [info] CMC::computeControls, t = 0.654
[2024-11-04 17:18:56.617] [info] CMC::computeControls, t = 0.655
[2024-11-04 17:18:56.621] [info] CMC::computeControls, t = 0.656
[2024-11-04 17:18:56.624] [info] CMC::computeControls, t = 0.657
[2024-11-04 17:18:56.628] [info] CMC::computeControls, t = 0.658
[2024-11-04 17:18:56.632] [info] CMC::computeControls, t = 0.659
[2024-11-04 17:18:56.636] [info] CMC::computeControls, t = 0.66
[2024-11-04 17:18:56.639] [info] CMC::computeControls, t = 0.661
[2024-11-04 17:18:56.643] [info] CMC::computeControls, t = 0.662
[2024-11-04 17:18:56.646] [info] CMC::computeControls, t = 0.663
[2024-11-04 17:18:56.650] [info] CMC::computeControls, t = 0.664
[2024-11-04 17:18:56.654] [info] CMC::computeControls, t = 0.665
[2024-11-04 17:18:56.658] [info] CMC::computeControls, t = 0.666
[2024-11-04 17:18:56.662] [info] CMC::computeControls, t = 0.667
[2024-11-04 17:18:56.665] [info] CMC::computeControls, t = 0.668
[2024-11-04 17:18:56.669] [info] CMC::computeControls, t = 0.669
[2024-11-04 17:18:56.673] [info] CMC::computeControls, t = 0.67
[2024-11-04 17:18:56.677] [info] CMC::computeControls, t = 0.671
[2024-11-04 17:18:56.680] [info] CMC::computeControls, t = 0.672
[2024-11-04 17:18:56.684] [info] CMC::computeControls, t = 0.673
[2024-11-04 17:18:56.688] [info] CMC::computeControls, t = 0.674
[2024-11-04 17:18:56.691] [info] CMC::computeControls, t = 0.675
[2024-11-04 17:18:56.695] [info] CMC::computeControls, t = 0.676
[2024-11-04 17:18:56.699] [info] CMC::computeControls, t = 0.677
[2024-11-04 17:18:56.704] [info] CMC::computeControls, t = 0.678
[2024-11-04 17:18:56.709] [info] CMC::computeControls, t = 0.679
[2024-11-04 17:18:56.714] [info] CMC::computeControls, t = 0.68
[2024-11-04 17:18:56.718] [info] CMC::computeControls, t = 0.681
[2024-11-04 17:18:56.722] [info] CMC::computeControls, t = 0.682
[2024-11-04 17:18:56.726] [info] CMC::computeControls, t = 0.683
[2024-11-04 17:18:56.729] [info] CMC::computeControls, t = 0.684
[2024-11-04 17:18:56.733] [info] CMC::computeControls, t = 0.685
[2024-11-04 17:18:56.737] [info] CMC::computeControls, t = 0.686
[2024-11-04 17:18:56.741] [info] CMC::computeControls, t = 0.687
[2024-11-04 17:18:56.744] [info] CMC::computeControls, t = 0.688
[2024-11-04 17:18:56.748] [info] CMC::computeControls, t = 0.689
[2024-11-04 17:18:56.752] [info] CMC::computeControls, t = 0.69
[2024-11-04 17:18:56.756] [info] CMC::computeControls, t = 0.691
[2024-11-04 17:18:56.759] [info] CMC::computeControls, t = 0.692
[2024-11-04 17:18:56.763] [info] CMC::computeControls, t = 0.693
[2024-11-04 17:18:56.766] [info] CMC::computeControls, t = 0.694
[2024-11-04 17:18:56.770] [info] CMC::computeControls, t = 0.695
[2024-11-04 17:18:56.774] [info] CMC::computeControls, t = 0.696
[2024-11-04 17:18:56.777] [info] CMC::computeControls, t = 0.697
[2024-11-04 17:18:56.781] [info] CMC::computeControls, t = 0.698
[2024-11-04 17:18:56.785] [info] CMC::computeControls, t = 0.699
[2024-11-04 17:18:56.788] [info] CMC::computeControls, t = 0.7
[2024-11-04 17:18:56.792] [info] CMC::computeControls, t = 0.701000
[2024-11-04 17:18:56.796] [info] CMC::computeControls, t = 0.702000
[2024-11-04 17:18:56.800] [info] CMC::computeControls, t = 0.703000
[2024-11-04 17:18:56.803] [info] CMC::computeControls, t = 0.704000
[2024-11-04 17:18:56.807] [info] CMC::computeControls, t = 0.705000
[2024-11-04 17:18:56.812] [info] CMC::computeControls, t = 0.706000
[2024-11-04 17:18:56.817] [info] CMC::computeControls, t = 0.707000
[2024-11-04 17:18:56.821] [info] CMC::computeControls, t = 0.708000
[2024-11-04 17:18:56.825] [info] CMC::computeControls, t = 0.709000
[2024-11-04 17:18:56.829] [info] CMC::computeControls, t = 0.71
[2024-11-04 17:18:56.832] [info] CMC::computeControls, t = 0.711
[2024-11-04 17:18:56.836] [info] CMC::computeControls, t = 0.712
[2024-11-04 17:18:56.840] [info] CMC::computeControls, t = 0.713
[2024-11-04 17:18:56.846] [info] CMC::computeControls, t = 0.714
[2024-11-04 17:18:56.851] [info] CMC::computeControls, t = 0.715
[2024-11-04 17:18:56.857] [info] CMC::computeControls, t = 0.716
[2024-11-04 17:18:56.861] [info] CMC::computeControls, t = 0.717
[2024-11-04 17:18:56.865] [info] CMC::computeControls, t = 0.718
[2024-11-04 17:18:56.869] [info] CMC::computeControls, t = 0.719
[2024-11-04 17:18:56.872] [info] CMC::computeControls, t = 0.72
[2024-11-04 17:18:56.876] [info] CMC::computeControls, t = 0.721
[2024-11-04 17:18:56.880] [info] CMC::computeControls, t = 0.722
[2024-11-04 17:18:56.883] [info] CMC::computeControls, t = 0.723
[2024-11-04 17:18:56.887] [info] CMC::computeControls, t = 0.724
[2024-11-04 17:18:56.892] [info] CMC::computeControls, t = 0.725
[2024-11-04 17:18:56.895] [info] CMC::computeControls, t = 0.726
[2024-11-04 17:18:56.899] [info] CMC::computeControls, t = 0.727
[2024-11-04 17:18:56.903] [info] CMC::computeControls, t = 0.728
[2024-11-04 17:18:56.907] [info] CMC::computeControls, t = 0.729
[2024-11-04 17:18:56.911] [info] CMC::computeControls, t = 0.73
[2024-11-04 17:18:56.914] [info] CMC::computeControls, t = 0.731
[2024-11-04 17:18:56.918] [info] CMC::computeControls, t = 0.732
[2024-11-04 17:18:56.922] [info] CMC::computeControls, t = 0.733
[2024-11-04 17:18:56.926] [info] CMC::computeControls, t = 0.734
[2024-11-04 17:18:56.930] [info] CMC::computeControls, t = 0.735
[2024-11-04 17:18:56.934] [info] CMC::computeControls, t = 0.736
[2024-11-04 17:18:56.937] [info] CMC::computeControls, t = 0.737
[2024-11-04 17:18:56.941] [info] CMC::computeControls, t = 0.738
[2024-11-04 17:18:56.945] [info] CMC::computeControls, t = 0.739
[2024-11-04 17:18:56.949] [info] CMC::computeControls, t = 0.74
[2024-11-04 17:18:56.953] [info] CMC::computeControls, t = 0.741
[2024-11-04 17:18:56.957] [info] CMC::computeControls, t = 0.742
[2024-11-04 17:18:56.960] [info] CMC::computeControls, t = 0.743
[2024-11-04 17:18:56.964] [info] CMC::computeControls, t = 0.744
[2024-11-04 17:18:56.968] [info] CMC::computeControls, t = 0.745
[2024-11-04 17:18:56.972] [info] CMC::computeControls, t = 0.746
[2024-11-04 17:18:56.976] [info] CMC::computeControls, t = 0.747
[2024-11-04 17:18:56.979] [info] CMC::computeControls, t = 0.748
[2024-11-04 17:18:56.983] [info] CMC::computeControls, t = 0.749
[2024-11-04 17:18:56.987] [info] CMC::computeControls, t = 0.75
[2024-11-04 17:18:56.991] [info] CMC::computeControls, t = 0.751
[2024-11-04 17:18:56.994] [info] CMC::computeControls, t = 0.752
[2024-11-04 17:18:56.998] [info] CMC::computeControls, t = 0.753
[2024-11-04 17:18:57.002] [info] CMC::computeControls, t = 0.754
[2024-11-04 17:18:57.006] [info] CMC::computeControls, t = 0.755
[2024-11-04 17:18:57.010] [info] CMC::computeControls, t = 0.756
[2024-11-04 17:18:57.013] [info] CMC::computeControls, t = 0.757
[2024-11-04 17:18:57.017] [info] CMC::computeControls, t = 0.758
[2024-11-04 17:18:57.021] [info] CMC::computeControls, t = 0.759
[2024-11-04 17:18:57.024] [info] CMC::computeControls, t = 0.76
[2024-11-04 17:18:57.028] [info] CMC::computeControls, t = 0.761
[2024-11-04 17:18:57.032] [info] CMC::computeControls, t = 0.762
[2024-11-04 17:18:57.036] [info] CMC::computeControls, t = 0.763
[2024-11-04 17:18:57.040] [info] CMC::computeControls, t = 0.764
[2024-11-04 17:18:57.043] [info] CMC::computeControls, t = 0.765
[2024-11-04 17:18:57.047] [info] CMC::computeControls, t = 0.766
[2024-11-04 17:18:57.051] [info] CMC::computeControls, t = 0.767
[2024-11-04 17:18:57.054] [info] CMC::computeControls, t = 0.768
[2024-11-04 17:18:57.058] [info] CMC::computeControls, t = 0.769
[2024-11-04 17:18:57.062] [info] CMC::computeControls, t = 0.77
[2024-11-04 17:18:57.066] [info] CMC::computeControls, t = 0.771
[2024-11-04 17:18:57.069] [info] CMC::computeControls, t = 0.772
[2024-11-04 17:18:57.073] [info] CMC::computeControls, t = 0.773
[2024-11-04 17:18:57.077] [info] CMC::computeControls, t = 0.774
[2024-11-04 17:18:57.081] [info] CMC::computeControls, t = 0.775
[2024-11-04 17:18:57.085] [info] CMC::computeControls, t = 0.776
[2024-11-04 17:18:57.089] [info] CMC::computeControls, t = 0.777
[2024-11-04 17:18:57.093] [info] CMC::computeControls, t = 0.778
[2024-11-04 17:18:57.097] [info] CMC::computeControls, t = 0.779
[2024-11-04 17:18:57.101] [info] CMC::computeControls, t = 0.78
[2024-11-04 17:18:57.105] [info] CMC::computeControls, t = 0.781
[2024-11-04 17:18:57.109] [info] CMC::computeControls, t = 0.782
[2024-11-04 17:18:57.113] [info] CMC::computeControls, t = 0.783
[2024-11-04 17:18:57.117] [info] CMC::computeControls, t = 0.784
[2024-11-04 17:18:57.120] [info] CMC::computeControls, t = 0.785
[2024-11-04 17:18:57.124] [info] CMC::computeControls, t = 0.786
[2024-11-04 17:18:57.128] [info] CMC::computeControls, t = 0.787
[2024-11-04 17:18:57.132] [info] CMC::computeControls, t = 0.788
[2024-11-04 17:18:57.136] [info] CMC::computeControls, t = 0.789
[2024-11-04 17:18:57.140] [info] CMC::computeControls, t = 0.79
[2024-11-04 17:18:57.144] [info] CMC::computeControls, t = 0.791
[2024-11-04 17:18:57.147] [info] CMC::computeControls, t = 0.792
[2024-11-04 17:18:57.151] [info] CMC::computeControls, t = 0.793
[2024-11-04 17:18:57.155] [info] CMC::computeControls, t = 0.794
[2024-11-04 17:18:57.159] [info] CMC::computeControls, t = 0.795
[2024-11-04 17:18:57.163] [info] CMC::computeControls, t = 0.796
[2024-11-04 17:18:57.166] [info] CMC::computeControls, t = 0.797
[2024-11-04 17:18:57.170] [info] CMC::computeControls, t = 0.798
[2024-11-04 17:18:57.174] [info] CMC::computeControls, t = 0.799
[2024-11-04 17:18:57.178] [info] CMC::computeControls, t = 0.8
[2024-11-04 17:18:57.181] [info] CMC::computeControls, t = 0.801000
[2024-11-04 17:18:57.185] [info] CMC::computeControls, t = 0.802000
[2024-11-04 17:18:57.188] [info] CMC::computeControls, t = 0.803000
[2024-11-04 17:18:57.192] [info] CMC::computeControls, t = 0.804000
[2024-11-04 17:18:57.196] [info] CMC::computeControls, t = 0.805000
[2024-11-04 17:18:57.199] [info] CMC::computeControls, t = 0.806000
[2024-11-04 17:18:57.203] [info] CMC::computeControls, t = 0.807000
[2024-11-04 17:18:57.207] [info] CMC::computeControls, t = 0.808000
[2024-11-04 17:18:57.211] [info] CMC::computeControls, t = 0.809000
[2024-11-04 17:18:57.215] [info] CMC::computeControls, t = 0.81
[2024-11-04 17:18:57.218] [info] CMC::computeControls, t = 0.811
[2024-11-04 17:18:57.222] [info] CMC::computeControls, t = 0.812
[2024-11-04 17:18:57.226] [info] CMC::computeControls, t = 0.813
[2024-11-04 17:18:57.230] [info] CMC::computeControls, t = 0.814
[2024-11-04 17:18:57.233] [info] CMC::computeControls, t = 0.815
[2024-11-04 17:18:57.237] [info] CMC::computeControls, t = 0.816
[2024-11-04 17:18:57.241] [info] CMC::computeControls, t = 0.817
[2024-11-04 17:18:57.244] [info] CMC::computeControls, t = 0.818
[2024-11-04 17:18:57.248] [info] CMC::computeControls, t = 0.819
[2024-11-04 17:18:57.253] [info] CMC::computeControls, t = 0.82
[2024-11-04 17:18:57.256] [info] CMC::computeControls, t = 0.821
[2024-11-04 17:18:57.260] [info] CMC::computeControls, t = 0.822
[2024-11-04 17:18:57.263] [info] CMC::computeControls, t = 0.823
[2024-11-04 17:18:57.267] [info] CMC::computeControls, t = 0.824
[2024-11-04 17:18:57.270] [info] CMC::computeControls, t = 0.825
[2024-11-04 17:18:57.273] [info] CMC::computeControls, t = 0.826
[2024-11-04 17:18:57.277] [info] CMC::computeControls, t = 0.827
[2024-11-04 17:18:57.281] [info] CMC::computeControls, t = 0.828
[2024-11-04 17:18:57.284] [info] CMC::computeControls, t = 0.829
[2024-11-04 17:18:57.288] [info] CMC::computeControls, t = 0.83
[2024-11-04 17:18:57.291] [info] CMC::computeControls, t = 0.831
[2024-11-04 17:18:57.295] [info] CMC::computeControls, t = 0.832
[2024-11-04 17:18:57.298] [info] CMC::computeControls, t = 0.833
[2024-11-04 17:18:57.302] [info] CMC::computeControls, t = 0.834
[2024-11-04 17:18:57.306] [info] CMC::computeControls, t = 0.835
[2024-11-04 17:18:57.310] [info] CMC::computeControls, t = 0.836
[2024-11-04 17:18:57.313] [info] CMC::computeControls, t = 0.837
[2024-11-04 17:18:57.317] [info] CMC::computeControls, t = 0.838
[2024-11-04 17:18:57.321] [info] CMC::computeControls, t = 0.839
[2024-11-04 17:18:57.324] [info] CMC::computeControls, t = 0.84
[2024-11-04 17:18:57.328] [info] CMC::computeControls, t = 0.841
[2024-11-04 17:18:57.332] [info] CMC::computeControls, t = 0.842
[2024-11-04 17:18:57.335] [info] CMC::computeControls, t = 0.843
[2024-11-04 17:18:57.339] [info] CMC::computeControls, t = 0.844
[2024-11-04 17:18:57.343] [info] CMC::computeControls, t = 0.845
[2024-11-04 17:18:57.346] [info] CMC::computeControls, t = 0.846
[2024-11-04 17:18:57.350] [info] CMC::computeControls, t = 0.847
[2024-11-04 17:18:57.354] [info] CMC::computeControls, t = 0.848
[2024-11-04 17:18:57.357] [info] CMC::computeControls, t = 0.849
[2024-11-04 17:18:57.361] [info] CMC::computeControls, t = 0.85
[2024-11-04 17:18:57.365] [info] CMC::computeControls, t = 0.851
[2024-11-04 17:18:57.369] [info] CMC::computeControls, t = 0.852
[2024-11-04 17:18:57.372] [info] CMC::computeControls, t = 0.853
[2024-11-04 17:18:57.376] [info] CMC::computeControls, t = 0.854
[2024-11-04 17:18:57.379] [info] CMC::computeControls, t = 0.855
[2024-11-04 17:18:57.383] [info] CMC::computeControls, t = 0.856
[2024-11-04 17:18:57.387] [info] CMC::computeControls, t = 0.857
[2024-11-04 17:18:57.391] [info] CMC::computeControls, t = 0.858
[2024-11-04 17:18:57.394] [info] CMC::computeControls, t = 0.859
[2024-11-04 17:18:57.398] [info] CMC::computeControls, t = 0.86
[2024-11-04 17:18:57.402] [info] CMC::computeControls, t = 0.861
[2024-11-04 17:18:57.405] [info] CMC::computeControls, t = 0.862
[2024-11-04 17:18:57.409] [info] CMC::computeControls, t = 0.863
[2024-11-04 17:18:57.413] [info] CMC::computeControls, t = 0.864
[2024-11-04 17:18:57.416] [info] CMC::computeControls, t = 0.865
[2024-11-04 17:18:57.420] [info] CMC::computeControls, t = 0.866
[2024-11-04 17:18:57.424] [info] CMC::computeControls, t = 0.867
[2024-11-04 17:18:57.428] [info] CMC::computeControls, t = 0.868
[2024-11-04 17:18:57.431] [info] CMC::computeControls, t = 0.869
[2024-11-04 17:18:57.435] [info] CMC::computeControls, t = 0.87
[2024-11-04 17:18:57.439] [info] CMC::computeControls, t = 0.871
[2024-11-04 17:18:57.443] [info] CMC::computeControls, t = 0.872
[2024-11-04 17:18:57.446] [info] CMC::computeControls, t = 0.873
[2024-11-04 17:18:57.450] [info] CMC::computeControls, t = 0.874
[2024-11-04 17:18:57.453] [info] CMC::computeControls, t = 0.875
[2024-11-04 17:18:57.457] [info] CMC::computeControls, t = 0.876
[2024-11-04 17:18:57.461] [info] CMC::computeControls, t = 0.877
[2024-11-04 17:18:57.465] [info] CMC::computeControls, t = 0.878
[2024-11-04 17:18:57.469] [info] CMC::computeControls, t = 0.879
[2024-11-04 17:18:57.473] [info] CMC::computeControls, t = 0.88
[2024-11-04 17:18:57.477] [info] CMC::computeControls, t = 0.881
[2024-11-04 17:18:57.481] [info] CMC::computeControls, t = 0.882
[2024-11-04 17:18:57.485] [info] CMC::computeControls, t = 0.883
[2024-11-04 17:18:57.489] [info] CMC::computeControls, t = 0.884
[2024-11-04 17:18:57.493] [info] CMC::computeControls, t = 0.885
[2024-11-04 17:18:57.499] [info] CMC::computeControls, t = 0.886
[2024-11-04 17:18:57.505] [info] CMC::computeControls, t = 0.887
[2024-11-04 17:18:57.511] [info] CMC::computeControls, t = 0.888
[2024-11-04 17:18:57.518] [info] CMC::computeControls, t = 0.889
[2024-11-04 17:18:57.523] [info] CMC::computeControls, t = 0.89
[2024-11-04 17:18:57.528] [info] CMC::computeControls, t = 0.891
[2024-11-04 17:18:57.532] [info] CMC::computeControls, t = 0.892
[2024-11-04 17:18:57.536] [info] CMC::computeControls, t = 0.893
[2024-11-04 17:18:57.540] [info] CMC::computeControls, t = 0.894
[2024-11-04 17:18:57.545] [info] CMC::computeControls, t = 0.895
[2024-11-04 17:18:57.549] [info] CMC::computeControls, t = 0.896
[2024-11-04 17:18:57.553] [info] CMC::computeControls, t = 0.897
[2024-11-04 17:18:57.557] [info] CMC::computeControls, t = 0.898
[2024-11-04 17:18:57.561] [info] CMC::computeControls, t = 0.899
[2024-11-04 17:18:57.564] [info] CMC::computeControls, t = 0.9
[2024-11-04 17:18:57.568] [info] CMC::computeControls, t = 0.901000
[2024-11-04 17:18:57.572] [info] CMC::computeControls, t = 0.902000
[2024-11-04 17:18:57.576] [info] CMC::computeControls, t = 0.903000
[2024-11-04 17:18:57.580] [info] CMC::computeControls, t = 0.904000
[2024-11-04 17:18:57.584] [info] CMC::computeControls, t = 0.905000
[2024-11-04 17:18:57.588] [info] CMC::computeControls, t = 0.906000
[2024-11-04 17:18:57.592] [info] CMC::computeControls, t = 0.907000
[2024-11-04 17:18:57.596] [info] CMC::computeControls, t = 0.908000
[2024-11-04 17:18:57.600] [info] CMC::computeControls, t = 0.909000
[2024-11-04 17:18:57.603] [info] CMC::computeControls, t = 0.91
[2024-11-04 17:18:57.607] [info] CMC::computeControls, t = 0.911
[2024-11-04 17:18:57.611] [info] CMC::computeControls, t = 0.912
[2024-11-04 17:18:57.615] [info] CMC::computeControls, t = 0.913
[2024-11-04 17:18:57.619] [info] CMC::computeControls, t = 0.914
[2024-11-04 17:18:57.624] [info] CMC::computeControls, t = 0.915
[2024-11-04 17:18:57.628] [info] CMC::computeControls, t = 0.916
[2024-11-04 17:18:57.632] [info] CMC::computeControls, t = 0.917
[2024-11-04 17:18:57.636] [info] CMC::computeControls, t = 0.918
[2024-11-04 17:18:57.640] [info] CMC::computeControls, t = 0.919
[2024-11-04 17:18:57.644] [info] CMC::computeControls, t = 0.92
[2024-11-04 17:18:57.648] [info] CMC::computeControls, t = 0.921
[2024-11-04 17:18:57.652] [info] CMC::computeControls, t = 0.922
[2024-11-04 17:18:57.656] [info] CMC::computeControls, t = 0.923
[2024-11-04 17:18:57.659] [info] CMC::computeControls, t = 0.924
[2024-11-04 17:18:57.663] [info] CMC::computeControls, t = 0.925
[2024-11-04 17:18:57.667] [info] CMC::computeControls, t = 0.926
[2024-11-04 17:18:57.671] [info] CMC::computeControls, t = 0.927
[2024-11-04 17:18:57.675] [info] CMC::computeControls, t = 0.928
[2024-11-04 17:18:57.679] [info] CMC::computeControls, t = 0.929
[2024-11-04 17:18:57.683] [info] CMC::computeControls, t = 0.93
[2024-11-04 17:18:57.687] [info] CMC::computeControls, t = 0.931
[2024-11-04 17:18:57.691] [info] CMC::computeControls, t = 0.932
[2024-11-04 17:18:57.695] [info] CMC::computeControls, t = 0.933
[2024-11-04 17:18:57.699] [info] CMC::computeControls, t = 0.934
[2024-11-04 17:18:57.703] [info] CMC::computeControls, t = 0.935
[2024-11-04 17:18:57.706] [info] CMC::computeControls, t = 0.936
[2024-11-04 17:18:57.710] [info] CMC::computeControls, t = 0.937
[2024-11-04 17:18:57.714] [info] CMC::computeControls, t = 0.938
[2024-11-04 17:18:57.718] [info] CMC::computeControls, t = 0.939
[2024-11-04 17:18:57.722] [info] CMC::computeControls, t = 0.94
[2024-11-04 17:18:57.726] [info] CMC::computeControls, t = 0.941
[2024-11-04 17:18:57.730] [info] CMC::computeControls, t = 0.942
[2024-11-04 17:18:57.735] [info] CMC::computeControls, t = 0.943
[2024-11-04 17:18:57.739] [info] CMC::computeControls, t = 0.944
[2024-11-04 17:18:57.744] [info] CMC::computeControls, t = 0.945
[2024-11-04 17:18:57.748] [info] CMC::computeControls, t = 0.946
[2024-11-04 17:18:57.752] [info] CMC::computeControls, t = 0.947
[2024-11-04 17:18:57.755] [info] CMC::computeControls, t = 0.948
[2024-11-04 17:18:57.759] [info] CMC::computeControls, t = 0.949
[2024-11-04 17:18:57.763] [info] CMC::computeControls, t = 0.95
[2024-11-04 17:18:57.767] [info] CMC::computeControls, t = 0.951
[2024-11-04 17:18:57.771] [info] CMC::computeControls, t = 0.952
[2024-11-04 17:18:57.775] [info] CMC::computeControls, t = 0.953
[2024-11-04 17:18:57.779] [info] CMC::computeControls, t = 0.954
[2024-11-04 17:18:57.783] [info] CMC::computeControls, t = 0.955
[2024-11-04 17:18:57.787] [info] CMC::computeControls, t = 0.956
[2024-11-04 17:18:57.791] [info] CMC::computeControls, t = 0.957
[2024-11-04 17:18:57.795] [info] CMC::computeControls, t = 0.958
[2024-11-04 17:18:57.799] [info] CMC::computeControls, t = 0.959
[2024-11-04 17:18:57.802] [info] CMC::computeControls, t = 0.96
[2024-11-04 17:18:57.806] [info] CMC::computeControls, t = 0.961
[2024-11-04 17:18:57.810] [info] CMC::computeControls, t = 0.962
[2024-11-04 17:18:57.814] [info] CMC::computeControls, t = 0.963
[2024-11-04 17:18:57.818] [info] CMC::computeControls, t = 0.964
[2024-11-04 17:18:57.822] [info] CMC::computeControls, t = 0.965
[2024-11-04 17:18:57.826] [info] CMC::computeControls, t = 0.966
[2024-11-04 17:18:57.830] [info] CMC::computeControls, t = 0.967
[2024-11-04 17:18:57.835] [info] CMC::computeControls, t = 0.968
[2024-11-04 17:18:57.839] [info] CMC::computeControls, t = 0.969
[2024-11-04 17:18:57.843] [info] CMC::computeControls, t = 0.97
[2024-11-04 17:18:57.847] [info] CMC::computeControls, t = 0.971
[2024-11-04 17:18:57.851] [info] CMC::computeControls, t = 0.972
[2024-11-04 17:18:57.855] [info] CMC::computeControls, t = 0.973
[2024-11-04 17:18:57.859] [info] CMC::computeControls, t = 0.974
[2024-11-04 17:18:57.863] [info] CMC::computeControls, t = 0.975
[2024-11-04 17:18:57.867] [info] CMC::computeControls, t = 0.976
[2024-11-04 17:18:57.871] [info] CMC::computeControls, t = 0.977
[2024-11-04 17:18:57.875] [info] CMC::computeControls, t = 0.978
[2024-11-04 17:18:57.879] [info] CMC::computeControls, t = 0.979
[2024-11-04 17:18:57.883] [info] CMC::computeControls, t = 0.98
[2024-11-04 17:18:57.887] [info] CMC::computeControls, t = 0.981
[2024-11-04 17:18:57.891] [info] CMC::computeControls, t = 0.982
[2024-11-04 17:18:57.895] [info] CMC::computeControls, t = 0.983
[2024-11-04 17:18:57.899] [info] CMC::computeControls, t = 0.984
[2024-11-04 17:18:57.903] [info] CMC::computeControls, t = 0.985
[2024-11-04 17:18:57.907] [info] CMC::computeControls, t = 0.986
[2024-11-04 17:18:57.911] [info] CMC::computeControls, t = 0.987
[2024-11-04 17:18:57.915] [info] CMC::computeControls, t = 0.988
[2024-11-04 17:18:57.919] [info] CMC::computeControls, t = 0.989
[2024-11-04 17:18:57.923] [info] CMC::computeControls, t = 0.99
[2024-11-04 17:18:57.926] [info] CMC::computeControls, t = 0.991
[2024-11-04 17:18:57.930] [info] CMC::computeControls, t = 0.992
[2024-11-04 17:18:57.935] [info] CMC::computeControls, t = 0.993
[2024-11-04 17:18:57.939] [info] CMC::computeControls, t = 0.994
[2024-11-04 17:18:57.942] [info] CMC::computeControls, t = 0.995
[2024-11-04 17:18:57.947] [info] CMC::computeControls, t = 0.996
[2024-11-04 17:18:57.951] [info] CMC::computeControls, t = 0.997
[2024-11-04 17:18:57.955] [info] CMC::computeControls, t = 0.998
[2024-11-04 17:18:57.959] [info] CMC::computeControls, t = 0.999
[2024-11-04 17:18:57.963] [info] CMC::computeControls, t = 1.0
[2024-11-04 17:18:57.967] [info] CMC::computeControls, t = 1.00100
[2024-11-04 17:18:57.970] [info] CMC::computeControls, t = 1.00200
[2024-11-04 17:18:57.975] [info] CMC::computeControls, t = 1.00300
[2024-11-04 17:18:57.978] [info] CMC::computeControls, t = 1.00400
[2024-11-04 17:18:57.982] [info] CMC::computeControls, t = 1.00500
[2024-11-04 17:18:57.986] [info] CMC::computeControls, t = 1.00600
[2024-11-04 17:18:57.990] [info] CMC::computeControls, t = 1.00700
[2024-11-04 17:18:57.994] [info] CMC::computeControls, t = 1.00800
[2024-11-04 17:18:57.998] [info] CMC::computeControls, t = 1.00900
[2024-11-04 17:18:58.002] [info] CMC::computeControls, t = 1.01
[2024-11-04 17:18:58.006] [info] CMC::computeControls, t = 1.011
[2024-11-04 17:18:58.010] [info] CMC::computeControls, t = 1.012
[2024-11-04 17:18:58.014] [info] CMC::computeControls, t = 1.013
[2024-11-04 17:18:58.018] [info] CMC::computeControls, t = 1.014
[2024-11-04 17:18:58.022] [info] CMC::computeControls, t = 1.015
[2024-11-04 17:18:58.026] [info] CMC::computeControls, t = 1.016
[2024-11-04 17:18:58.030] [info] CMC::computeControls, t = 1.017
[2024-11-04 17:18:58.034] [info] CMC::computeControls, t = 1.018
[2024-11-04 17:18:58.038] [info] CMC::computeControls, t = 1.019
[2024-11-04 17:18:58.042] [info] CMC::computeControls, t = 1.02
[2024-11-04 17:18:58.046] [info] CMC::computeControls, t = 1.021
[2024-11-04 17:18:58.050] [info] CMC::computeControls, t = 1.022
[2024-11-04 17:18:58.055] [info] CMC::computeControls, t = 1.023
[2024-11-04 17:18:58.061] [info] CMC::computeControls, t = 1.024
[2024-11-04 17:18:58.067] [info] CMC::computeControls, t = 1.025
[2024-11-04 17:18:58.071] [info] CMC::computeControls, t = 1.026
[2024-11-04 17:18:58.075] [info] CMC::computeControls, t = 1.027
[2024-11-04 17:18:58.079] [info] CMC::computeControls, t = 1.028
[2024-11-04 17:18:58.084] [info] CMC::computeControls, t = 1.029
[2024-11-04 17:18:58.091] [info] CMC::computeControls, t = 1.03
[2024-11-04 17:18:58.096] [info] CMC::computeControls, t = 1.031
[2024-11-04 17:18:58.101] [info] CMC::computeControls, t = 1.032
[2024-11-04 17:18:58.105] [info] CMC::computeControls, t = 1.033
[2024-11-04 17:18:58.109] [info] CMC::computeControls, t = 1.034
[2024-11-04 17:18:58.114] [info] CMC::computeControls, t = 1.035
[2024-11-04 17:18:58.118] [info] CMC::computeControls, t = 1.036
[2024-11-04 17:18:58.122] [info] CMC::computeControls, t = 1.037
[2024-11-04 17:18:58.126] [info] CMC::computeControls, t = 1.038
[2024-11-04 17:18:58.131] [info] CMC::computeControls, t = 1.039
[2024-11-04 17:18:58.134] [info] CMC::computeControls, t = 1.04
[2024-11-04 17:18:58.140] [info] CMC::computeControls, t = 1.041
[2024-11-04 17:18:58.146] [info] CMC::computeControls, t = 1.042
[2024-11-04 17:18:58.152] [info] CMC::computeControls, t = 1.043
[2024-11-04 17:18:58.159] [info] CMC::computeControls, t = 1.044
[2024-11-04 17:18:58.165] [info] CMC::computeControls, t = 1.045
[2024-11-04 17:18:58.171] [info] CMC::computeControls, t = 1.046
[2024-11-04 17:18:58.177] [info] CMC::computeControls, t = 1.047
[2024-11-04 17:18:58.183] [info] CMC::computeControls, t = 1.048
[2024-11-04 17:18:58.188] [info] CMC::computeControls, t = 1.049
[2024-11-04 17:18:58.194] [info] CMC::computeControls, t = 1.05
[2024-11-04 17:18:58.198] [info] CMC::computeControls, t = 1.051
[2024-11-04 17:18:58.202] [info] CMC::computeControls, t = 1.052
[2024-11-04 17:18:58.207] [info] CMC::computeControls, t = 1.053
[2024-11-04 17:18:58.211] [info] CMC::computeControls, t = 1.054
[2024-11-04 17:18:58.214] [info] CMC::computeControls, t = 1.055
[2024-11-04 17:18:58.218] [info] CMC::computeControls, t = 1.056
[2024-11-04 17:18:58.222] [info] CMC::computeControls, t = 1.057
[2024-11-04 17:18:58.226] [info] CMC::computeControls, t = 1.058
[2024-11-04 17:18:58.229] [info] CMC::computeControls, t = 1.059
[2024-11-04 17:18:58.233] [info] CMC::computeControls, t = 1.06
[2024-11-04 17:18:58.237] [info] CMC::computeControls, t = 1.061
[2024-11-04 17:18:58.241] [info] CMC::computeControls, t = 1.062
[2024-11-04 17:18:58.244] [info] CMC::computeControls, t = 1.063
[2024-11-04 17:18:58.248] [info] CMC::computeControls, t = 1.064
[2024-11-04 17:18:58.252] [info] CMC::computeControls, t = 1.065
[2024-11-04 17:18:58.256] [info] CMC::computeControls, t = 1.066
[2024-11-04 17:18:58.260] [info] CMC::computeControls, t = 1.067
[2024-11-04 17:18:58.264] [info] CMC::computeControls, t = 1.068
[2024-11-04 17:18:58.267] [info] CMC::computeControls, t = 1.069
[2024-11-04 17:18:58.272] [info] CMC::computeControls, t = 1.07
[2024-11-04 17:18:58.275] [info] CMC::computeControls, t = 1.071
[2024-11-04 17:18:58.279] [info] CMC::computeControls, t = 1.072
[2024-11-04 17:18:58.283] [info] CMC::computeControls, t = 1.073
[2024-11-04 17:18:58.287] [info] CMC::computeControls, t = 1.074
[2024-11-04 17:18:58.291] [info] CMC::computeControls, t = 1.075
[2024-11-04 17:18:58.294] [info] CMC::computeControls, t = 1.076
[2024-11-04 17:18:58.298] [info] CMC::computeControls, t = 1.077
[2024-11-04 17:18:58.302] [info] CMC::computeControls, t = 1.078
[2024-11-04 17:18:58.306] [info] CMC::computeControls, t = 1.079
[2024-11-04 17:18:58.309] [info] CMC::computeControls, t = 1.08
[2024-11-04 17:18:58.313] [info] CMC::computeControls, t = 1.081
[2024-11-04 17:18:58.317] [info] CMC::computeControls, t = 1.082
[2024-11-04 17:18:58.321] [info] CMC::computeControls, t = 1.083
[2024-11-04 17:18:58.325] [info] CMC::computeControls, t = 1.084
[2024-11-04 17:18:58.329] [info] CMC::computeControls, t = 1.085
[2024-11-04 17:18:58.332] [info] CMC::computeControls, t = 1.086
[2024-11-04 17:18:58.336] [info] CMC::computeControls, t = 1.087
[2024-11-04 17:18:58.340] [info] CMC::computeControls, t = 1.088
[2024-11-04 17:18:58.343] [info] CMC::computeControls, t = 1.089
[2024-11-04 17:18:58.347] [info] CMC::computeControls, t = 1.09
[2024-11-04 17:18:58.351] [info] CMC::computeControls, t = 1.091
[2024-11-04 17:18:58.355] [info] CMC::computeControls, t = 1.092
[2024-11-04 17:18:58.358] [info] CMC::computeControls, t = 1.093
[2024-11-04 17:18:58.362] [info] CMC::computeControls, t = 1.094
[2024-11-04 17:18:58.366] [info] CMC::computeControls, t = 1.095
[2024-11-04 17:18:58.370] [info] CMC::computeControls, t = 1.096
[2024-11-04 17:18:58.374] [info] CMC::computeControls, t = 1.097
[2024-11-04 17:18:58.377] [info] CMC::computeControls, t = 1.098
[2024-11-04 17:18:58.381] [info] CMC::computeControls, t = 1.099
[2024-11-04 17:18:58.385] [info] CMC::computeControls, t = 1.1
[2024-11-04 17:18:58.388] [info] CMC::computeControls, t = 1.10100
[2024-11-04 17:18:58.392] [info] CMC::computeControls, t = 1.10200
[2024-11-04 17:18:58.396] [info] CMC::computeControls, t = 1.10300
[2024-11-04 17:18:58.400] [info] CMC::computeControls, t = 1.10400
[2024-11-04 17:18:58.404] [info] CMC::computeControls, t = 1.10500
[2024-11-04 17:18:58.408] [info] CMC::computeControls, t = 1.10600
[2024-11-04 17:18:58.413] [info] CMC::computeControls, t = 1.10700
[2024-11-04 17:18:58.417] [info] CMC::computeControls, t = 1.10800
[2024-11-04 17:18:58.420] [info] CMC::computeControls, t = 1.10900
[2024-11-04 17:18:58.424] [info] CMC::computeControls, t = 1.11
[2024-11-04 17:18:58.428] [info] CMC::computeControls, t = 1.111
[2024-11-04 17:18:58.431] [info] CMC::computeControls, t = 1.112
[2024-11-04 17:18:58.435] [info] CMC::computeControls, t = 1.113
[2024-11-04 17:18:58.439] [info] CMC::computeControls, t = 1.114
[2024-11-04 17:18:58.443] [info] CMC::computeControls, t = 1.115
[2024-11-04 17:18:58.447] [info] CMC::computeControls, t = 1.116
[2024-11-04 17:18:58.451] [info] CMC::computeControls, t = 1.117
[2024-11-04 17:18:58.454] [info] CMC::computeControls, t = 1.118
[2024-11-04 17:18:58.459] [info] CMC::computeControls, t = 1.119
[2024-11-04 17:18:58.462] [info] CMC::computeControls, t = 1.12
[2024-11-04 17:18:58.466] [info] CMC::computeControls, t = 1.121
[2024-11-04 17:18:58.470] [info] CMC::computeControls, t = 1.122
[2024-11-04 17:18:58.474] [info] CMC::computeControls, t = 1.123
[2024-11-04 17:18:58.478] [info] CMC::computeControls, t = 1.124
[2024-11-04 17:18:58.482] [info] CMC::computeControls, t = 1.125
[2024-11-04 17:18:58.485] [info] CMC::computeControls, t = 1.126
[2024-11-04 17:18:58.490] [info] CMC::computeControls, t = 1.127
[2024-11-04 17:18:58.493] [info] CMC::computeControls, t = 1.128
[2024-11-04 17:18:58.497] [info] CMC::computeControls, t = 1.129
[2024-11-04 17:18:58.501] [info] CMC::computeControls, t = 1.13
[2024-11-04 17:18:58.505] [info] CMC::computeControls, t = 1.131
[2024-11-04 17:18:58.509] [info] CMC::computeControls, t = 1.132
[2024-11-04 17:18:58.513] [info] CMC::computeControls, t = 1.133
[2024-11-04 17:18:58.516] [info] CMC::computeControls, t = 1.134
[2024-11-04 17:18:58.520] [info] CMC::computeControls, t = 1.135
[2024-11-04 17:18:58.524] [info] CMC::computeControls, t = 1.136
[2024-11-04 17:18:58.528] [info] CMC::computeControls, t = 1.137
[2024-11-04 17:18:58.532] [info] CMC::computeControls, t = 1.138
[2024-11-04 17:18:58.536] [info] CMC::computeControls, t = 1.139
[2024-11-04 17:18:58.540] [info] CMC::computeControls, t = 1.14
[2024-11-04 17:18:58.544] [info] CMC::computeControls, t = 1.141
[2024-11-04 17:18:58.548] [info] CMC::computeControls, t = 1.142
[2024-11-04 17:18:58.552] [info] CMC::computeControls, t = 1.143
[2024-11-04 17:18:58.555] [info] CMC::computeControls, t = 1.144
[2024-11-04 17:18:58.559] [info] CMC::computeControls, t = 1.145
[2024-11-04 17:18:58.563] [info] CMC::computeControls, t = 1.146
[2024-11-04 17:18:58.567] [info] CMC::computeControls, t = 1.147
[2024-11-04 17:18:58.571] [info] CMC::computeControls, t = 1.148
[2024-11-04 17:18:58.574] [info] CMC::computeControls, t = 1.149
[2024-11-04 17:18:58.578] [info] CMC::computeControls, t = 1.15
[2024-11-04 17:18:58.582] [info] CMC::computeControls, t = 1.151
[2024-11-04 17:18:58.586] [info] CMC::computeControls, t = 1.152
[2024-11-04 17:18:58.590] [info] CMC::computeControls, t = 1.153
[2024-11-04 17:18:58.594] [info] CMC::computeControls, t = 1.154
[2024-11-04 17:18:58.598] [info] CMC::computeControls, t = 1.155
[2024-11-04 17:18:58.602] [info] CMC::computeControls, t = 1.156
[2024-11-04 17:18:58.605] [info] CMC::computeControls, t = 1.157
[2024-11-04 17:18:58.609] [info] CMC::computeControls, t = 1.158
[2024-11-04 17:18:58.613] [info] CMC::computeControls, t = 1.159
[2024-11-04 17:18:58.617] [info] CMC::computeControls, t = 1.16
[2024-11-04 17:18:58.621] [info] CMC::computeControls, t = 1.161
[2024-11-04 17:18:58.624] [info] CMC::computeControls, t = 1.162
[2024-11-04 17:18:58.628] [info] CMC::computeControls, t = 1.163
[2024-11-04 17:18:58.633] [info] CMC::computeControls, t = 1.164
[2024-11-04 17:18:58.637] [info] CMC::computeControls, t = 1.165
[2024-11-04 17:18:58.641] [info] CMC::computeControls, t = 1.166
[2024-11-04 17:18:58.646] [info] CMC::computeControls, t = 1.167
[2024-11-04 17:18:58.649] [info] CMC::computeControls, t = 1.168
[2024-11-04 17:18:58.653] [info] CMC::computeControls, t = 1.169
[2024-11-04 17:18:58.657] [info] CMC::computeControls, t = 1.17
[2024-11-04 17:18:58.661] [info] CMC::computeControls, t = 1.171
[2024-11-04 17:18:58.665] [info] CMC::computeControls, t = 1.172
[2024-11-04 17:18:58.669] [info] CMC::computeControls, t = 1.173
[2024-11-04 17:18:58.673] [info] CMC::computeControls, t = 1.174
[2024-11-04 17:18:58.677] [info] CMC::computeControls, t = 1.175
[2024-11-04 17:18:58.682] [info] CMC::computeControls, t = 1.176
[2024-11-04 17:18:58.688] [info] CMC::computeControls, t = 1.177
[2024-11-04 17:18:58.693] [info] CMC::computeControls, t = 1.178
[2024-11-04 17:18:58.697] [info] CMC::computeControls, t = 1.179
[2024-11-04 17:18:58.701] [info] CMC::computeControls, t = 1.18
[2024-11-04 17:18:58.706] [info] CMC::computeControls, t = 1.181
[2024-11-04 17:18:58.711] [info] CMC::computeControls, t = 1.182
[2024-11-04 17:18:58.715] [info] CMC::computeControls, t = 1.183
[2024-11-04 17:18:58.719] [info] CMC::computeControls, t = 1.184
[2024-11-04 17:18:58.724] [info] CMC::computeControls, t = 1.185
[2024-11-04 17:18:58.728] [info] CMC::computeControls, t = 1.186
[2024-11-04 17:18:58.732] [info] CMC::computeControls, t = 1.187
[2024-11-04 17:18:58.736] [info] CMC::computeControls, t = 1.188
[2024-11-04 17:18:58.741] [info] CMC::computeControls, t = 1.189
[2024-11-04 17:18:58.745] [info] CMC::computeControls, t = 1.19
[2024-11-04 17:18:58.749] [info] CMC::computeControls, t = 1.191
[2024-11-04 17:18:58.753] [info] CMC::computeControls, t = 1.192
[2024-11-04 17:18:58.757] [info] CMC::computeControls, t = 1.193
[2024-11-04 17:18:58.761] [info] CMC::computeControls, t = 1.194
[2024-11-04 17:18:58.765] [info] CMC::computeControls, t = 1.195
[2024-11-04 17:18:58.769] [info] CMC::computeControls, t = 1.196
[2024-11-04 17:18:58.773] [info] CMC::computeControls, t = 1.197
[2024-11-04 17:18:58.777] [info] CMC::computeControls, t = 1.198
[2024-11-04 17:18:58.781] [info] CMC::computeControls, t = 1.199
[2024-11-04 17:18:58.785] [info] CMC::computeControls, t = 1.2
[2024-11-04 17:18:58.789] [info] CMC::computeControls, t = 1.20100
[2024-11-04 17:18:58.793] [info] CMC::computeControls, t = 1.20200
[2024-11-04 17:18:58.797] [info] CMC::computeControls, t = 1.20300
[2024-11-04 17:18:58.802] [info] CMC::computeControls, t = 1.20400
[2024-11-04 17:18:58.806] [info] CMC::computeControls, t = 1.20500
[2024-11-04 17:18:58.810] [info] CMC::computeControls, t = 1.20600
[2024-11-04 17:18:58.813] [info] CMC::computeControls, t = 1.20700
[2024-11-04 17:18:58.817] [info] CMC::computeControls, t = 1.20800
[2024-11-04 17:18:58.821] [info] CMC::computeControls, t = 1.20900
[2024-11-04 17:18:58.825] [info] CMC::computeControls, t = 1.21
[2024-11-04 17:18:58.829] [info] CMC::computeControls, t = 1.211
[2024-11-04 17:18:58.833] [info] CMC::computeControls, t = 1.212
[2024-11-04 17:18:58.837] [info] CMC::computeControls, t = 1.213
[2024-11-04 17:18:58.842] [info] CMC::computeControls, t = 1.214
[2024-11-04 17:18:58.846] [info] CMC::computeControls, t = 1.215
[2024-11-04 17:18:58.849] [info] CMC::computeControls, t = 1.216
[2024-11-04 17:18:58.853] [info] CMC::computeControls, t = 1.217
[2024-11-04 17:18:58.858] [info] CMC::computeControls, t = 1.218
[2024-11-04 17:18:58.862] [info] CMC::computeControls, t = 1.219
[2024-11-04 17:18:58.866] [info] CMC::computeControls, t = 1.22
[2024-11-04 17:18:58.870] [info] CMC::computeControls, t = 1.221
[2024-11-04 17:18:58.874] [info] CMC::computeControls, t = 1.222
[2024-11-04 17:18:58.878] [info] CMC::computeControls, t = 1.223
[2024-11-04 17:18:58.882] [info] CMC::computeControls, t = 1.224
[2024-11-04 17:18:58.885] [info] CMC::computeControls, t = 1.225
[2024-11-04 17:18:58.890] [info] CMC::computeControls, t = 1.226
[2024-11-04 17:18:58.893] [info] CMC::computeControls, t = 1.227
[2024-11-04 17:18:58.897] [info] CMC::computeControls, t = 1.228
[2024-11-04 17:18:58.901] [info] CMC::computeControls, t = 1.229
[2024-11-04 17:18:58.905] [info] CMC::computeControls, t = 1.23
[2024-11-04 17:18:58.909] [info] CMC::computeControls, t = 1.231
[2024-11-04 17:18:58.913] [info] CMC::computeControls, t = 1.232
[2024-11-04 17:18:58.917] [info] CMC::computeControls, t = 1.233
[2024-11-04 17:18:58.921] [info] CMC::computeControls, t = 1.234
[2024-11-04 17:18:58.925] [info] CMC::computeControls, t = 1.235
[2024-11-04 17:18:58.929] [info] CMC::computeControls, t = 1.236
[2024-11-04 17:18:58.933] [info] CMC::computeControls, t = 1.237
[2024-11-04 17:18:58.937] [info] CMC::computeControls, t = 1.238
[2024-11-04 17:18:58.941] [info] CMC::computeControls, t = 1.239
[2024-11-04 17:18:58.944] [info] CMC::computeControls, t = 1.24
[2024-11-04 17:18:58.948] [info] CMC::computeControls, t = 1.241
[2024-11-04 17:18:58.952] [info] CMC::computeControls, t = 1.242
[2024-11-04 17:18:58.956] [info] CMC::computeControls, t = 1.243
[2024-11-04 17:18:58.960] [info] CMC::computeControls, t = 1.244
[2024-11-04 17:18:58.964] [info] CMC::computeControls, t = 1.245
[2024-11-04 17:18:58.968] [info] CMC::computeControls, t = 1.246
[2024-11-04 17:18:58.972] [info] CMC::computeControls, t = 1.247
[2024-11-04 17:18:58.976] [info] CMC::computeControls, t = 1.248
[2024-11-04 17:18:58.979] [info] CMC::computeControls, t = 1.249
[2024-11-04 17:18:58.983] [info] CMC::computeControls, t = 1.25
[2024-11-04 17:18:58.987] [info] CMC::computeControls, t = 1.251
[2024-11-04 17:18:58.991] [info] CMC::computeControls, t = 1.252
[2024-11-04 17:18:58.995] [info] CMC::computeControls, t = 1.253
[2024-11-04 17:18:58.999] [info] CMC::computeControls, t = 1.254
[2024-11-04 17:18:59.003] [info] CMC::computeControls, t = 1.255
[2024-11-04 17:18:59.007] [info] CMC::computeControls, t = 1.256
[2024-11-04 17:18:59.011] [info] CMC::computeControls, t = 1.257
[2024-11-04 17:18:59.015] [info] CMC::computeControls, t = 1.258
[2024-11-04 17:18:59.019] [info] CMC::computeControls, t = 1.259
[2024-11-04 17:18:59.023] [info] CMC::computeControls, t = 1.26
[2024-11-04 17:18:59.027] [info] CMC::computeControls, t = 1.261
[2024-11-04 17:18:59.031] [info] CMC::computeControls, t = 1.262
[2024-11-04 17:18:59.035] [info] CMC::computeControls, t = 1.263
[2024-11-04 17:18:59.039] [info] CMC::computeControls, t = 1.264
[2024-11-04 17:18:59.043] [info] CMC::computeControls, t = 1.265
[2024-11-04 17:18:59.047] [info] CMC::computeControls, t = 1.266
[2024-11-04 17:18:59.051] [info] CMC::computeControls, t = 1.267
[2024-11-04 17:18:59.055] [info] CMC::computeControls, t = 1.268
[2024-11-04 17:18:59.059] [info] CMC::computeControls, t = 1.269
[2024-11-04 17:18:59.063] [info] CMC::computeControls, t = 1.27
[2024-11-04 17:18:59.067] [info] CMC::computeControls, t = 1.271
[2024-11-04 17:18:59.071] [info] CMC::computeControls, t = 1.272
[2024-11-04 17:18:59.075] [info] CMC::computeControls, t = 1.273
[2024-11-04 17:18:59.079] [info] CMC::computeControls, t = 1.274
[2024-11-04 17:18:59.083] [info] CMC::computeControls, t = 1.275
[2024-11-04 17:18:59.087] [info] CMC::computeControls, t = 1.276
[2024-11-04 17:18:59.090] [info] CMC::computeControls, t = 1.277
[2024-11-04 17:18:59.094] [info] CMC::computeControls, t = 1.278
[2024-11-04 17:18:59.098] [info] CMC::computeControls, t = 1.279
[2024-11-04 17:18:59.102] [info] CMC::computeControls, t = 1.28
[2024-11-04 17:18:59.106] [info] CMC::computeControls, t = 1.281
[2024-11-04 17:18:59.110] [info] CMC::computeControls, t = 1.282
[2024-11-04 17:18:59.115] [info] CMC::computeControls, t = 1.283
[2024-11-04 17:18:59.119] [info] CMC::computeControls, t = 1.284
[2024-11-04 17:18:59.123] [info] CMC::computeControls, t = 1.285
[2024-11-04 17:18:59.127] [info] CMC::computeControls, t = 1.286
[2024-11-04 17:18:59.131] [info] CMC::computeControls, t = 1.287
[2024-11-04 17:18:59.135] [info] CMC::computeControls, t = 1.288
[2024-11-04 17:18:59.139] [info] CMC::computeControls, t = 1.289
[2024-11-04 17:18:59.143] [info] CMC::computeControls, t = 1.29
[2024-11-04 17:18:59.147] [info] CMC::computeControls, t = 1.291
[2024-11-04 17:18:59.151] [info] CMC::computeControls, t = 1.292
[2024-11-04 17:18:59.154] [info] CMC::computeControls, t = 1.293
[2024-11-04 17:18:59.158] [info] CMC::computeControls, t = 1.294
[2024-11-04 17:18:59.162] [info] CMC::computeControls, t = 1.295
[2024-11-04 17:18:59.167] [info] CMC::computeControls, t = 1.296
[2024-11-04 17:18:59.171] [info] CMC::computeControls, t = 1.297
[2024-11-04 17:18:59.175] [info] CMC::computeControls, t = 1.298
[2024-11-04 17:18:59.179] [info] CMC::computeControls, t = 1.299
[2024-11-04 17:18:59.183] [info] CMC::computeControls, t = 1.3
[2024-11-04 17:18:59.187] [info] CMC::computeControls, t = 1.30100
[2024-11-04 17:18:59.191] [info] CMC::computeControls, t = 1.30200
[2024-11-04 17:18:59.195] [info] CMC::computeControls, t = 1.30300
[2024-11-04 17:18:59.199] [info] CMC::computeControls, t = 1.30400
[2024-11-04 17:18:59.204] [info] CMC::computeControls, t = 1.30500
[2024-11-04 17:18:59.208] [info] CMC::computeControls, t = 1.30600
[2024-11-04 17:18:59.212] [info] CMC::computeControls, t = 1.30700
[2024-11-04 17:18:59.215] [info] CMC::computeControls, t = 1.30800
[2024-11-04 17:18:59.220] [info] CMC::computeControls, t = 1.30900
[2024-11-04 17:18:59.224] [info] CMC::computeControls, t = 1.31
[2024-11-04 17:18:59.228] [info] CMC::computeControls, t = 1.311
[2024-11-04 17:18:59.232] [info] CMC::computeControls, t = 1.312
[2024-11-04 17:18:59.236] [info] CMC::computeControls, t = 1.313
[2024-11-04 17:18:59.240] [info] CMC::computeControls, t = 1.314
[2024-11-04 17:18:59.244] [info] CMC::computeControls, t = 1.315
[2024-11-04 17:18:59.248] [info] CMC::computeControls, t = 1.316
[2024-11-04 17:18:59.252] [info] CMC::computeControls, t = 1.317
[2024-11-04 17:18:59.257] [info] CMC::computeControls, t = 1.318
[2024-11-04 17:18:59.261] [info] CMC::computeControls, t = 1.319
[2024-11-04 17:18:59.266] [info] CMC::computeControls, t = 1.32
[2024-11-04 17:18:59.270] [info] CMC::computeControls, t = 1.321
[2024-11-04 17:18:59.273] [info] CMC::computeControls, t = 1.322
[2024-11-04 17:18:59.277] [info] CMC::computeControls, t = 1.323
[2024-11-04 17:18:59.281] [info] CMC::computeControls, t = 1.324
[2024-11-04 17:18:59.285] [info] CMC::computeControls, t = 1.325
[2024-11-04 17:18:59.289] [info] CMC::computeControls, t = 1.326
[2024-11-04 17:18:59.293] [info] CMC::computeControls, t = 1.327
[2024-11-04 17:18:59.297] [info] CMC::computeControls, t = 1.328
[2024-11-04 17:18:59.301] [info] CMC::computeControls, t = 1.329
[2024-11-04 17:18:59.304] [info] CMC::computeControls, t = 1.33
[2024-11-04 17:18:59.308] [info] CMC::computeControls, t = 1.331
[2024-11-04 17:18:59.312] [info] CMC::computeControls, t = 1.332
[2024-11-04 17:18:59.316] [info] CMC::computeControls, t = 1.333
[2024-11-04 17:18:59.320] [info] CMC::computeControls, t = 1.334
[2024-11-04 17:18:59.324] [info] CMC::computeControls, t = 1.335
[2024-11-04 17:18:59.328] [info] CMC::computeControls, t = 1.336
[2024-11-04 17:18:59.332] [info] CMC::computeControls, t = 1.337
[2024-11-04 17:18:59.336] [info] CMC::computeControls, t = 1.338
[2024-11-04 17:18:59.340] [info] CMC::computeControls, t = 1.339
[2024-11-04 17:18:59.344] [info] CMC::computeControls, t = 1.34
[2024-11-04 17:18:59.348] [info] CMC::computeControls, t = 1.341
[2024-11-04 17:18:59.352] [info] CMC::computeControls, t = 1.342
[2024-11-04 17:18:59.356] [info] CMC::computeControls, t = 1.343
[2024-11-04 17:18:59.360] [info] CMC::computeControls, t = 1.344
[2024-11-04 17:18:59.364] [info] CMC::computeControls, t = 1.345
[2024-11-04 17:18:59.368] [info] CMC::computeControls, t = 1.346
[2024-11-04 17:18:59.372] [info] CMC::computeControls, t = 1.347
[2024-11-04 17:18:59.376] [info] CMC::computeControls, t = 1.348
[2024-11-04 17:18:59.380] [info] CMC::computeControls, t = 1.349
[2024-11-04 17:18:59.384] [info] CMC::computeControls, t = 1.35
[2024-11-04 17:18:59.388] [info] CMC::computeControls, t = 1.351
[2024-11-04 17:18:59.392] [info] CMC::computeControls, t = 1.352
[2024-11-04 17:18:59.396] [info] CMC::computeControls, t = 1.353
[2024-11-04 17:18:59.400] [info] CMC::computeControls, t = 1.354
[2024-11-04 17:18:59.404] [info] CMC::computeControls, t = 1.355
[2024-11-04 17:18:59.408] [info] CMC::computeControls, t = 1.356
[2024-11-04 17:18:59.412] [info] CMC::computeControls, t = 1.357
[2024-11-04 17:18:59.415] [info] CMC::computeControls, t = 1.358
[2024-11-04 17:18:59.419] [info] CMC::computeControls, t = 1.359
[2024-11-04 17:18:59.424] [info] CMC::computeControls, t = 1.36
[2024-11-04 17:18:59.428] [info] CMC::computeControls, t = 1.361
[2024-11-04 17:18:59.431] [info] CMC::computeControls, t = 1.362
[2024-11-04 17:18:59.435] [info] CMC::computeControls, t = 1.363
[2024-11-04 17:18:59.440] [info] CMC::computeControls, t = 1.364
[2024-11-04 17:18:59.443] [info] CMC::computeControls, t = 1.365
[2024-11-04 17:18:59.447] [info] CMC::computeControls, t = 1.366
[2024-11-04 17:18:59.451] [info] CMC::computeControls, t = 1.367
[2024-11-04 17:18:59.455] [info] CMC::computeControls, t = 1.368
[2024-11-04 17:18:59.459] [info] CMC::computeControls, t = 1.369
[2024-11-04 17:18:59.463] [info] CMC::computeControls, t = 1.37
[2024-11-04 17:18:59.467] [info] CMC::computeControls, t = 1.371
[2024-11-04 17:18:59.471] [info] CMC::computeControls, t = 1.372
[2024-11-04 17:18:59.475] [info] CMC::computeControls, t = 1.373
[2024-11-04 17:18:59.479] [info] CMC::computeControls, t = 1.374
[2024-11-04 17:18:59.483] [info] CMC::computeControls, t = 1.375
[2024-11-04 17:18:59.487] [info] CMC::computeControls, t = 1.376
[2024-11-04 17:18:59.491] [info] CMC::computeControls, t = 1.377
[2024-11-04 17:18:59.495] [info] CMC::computeControls, t = 1.378
[2024-11-04 17:18:59.499] [info] CMC::computeControls, t = 1.379
[2024-11-04 17:18:59.503] [info] CMC::computeControls, t = 1.38
[2024-11-04 17:18:59.506] [info] CMC::computeControls, t = 1.381
[2024-11-04 17:18:59.510] [info] CMC::computeControls, t = 1.382
[2024-11-04 17:18:59.514] [info] CMC::computeControls, t = 1.383
[2024-11-04 17:18:59.518] [info] CMC::computeControls, t = 1.384
[2024-11-04 17:18:59.522] [info] CMC::computeControls, t = 1.385
[2024-11-04 17:18:59.526] [info] CMC::computeControls, t = 1.386
[2024-11-04 17:18:59.530] [info] CMC::computeControls, t = 1.387
[2024-11-04 17:18:59.534] [info] CMC::computeControls, t = 1.388
[2024-11-04 17:18:59.538] [info] CMC::computeControls, t = 1.389
[2024-11-04 17:18:59.542] [info] CMC::computeControls, t = 1.39
[2024-11-04 17:18:59.546] [info] CMC::computeControls, t = 1.391
[2024-11-04 17:18:59.551] [info] CMC::computeControls, t = 1.392
[2024-11-04 17:18:59.555] [info] CMC::computeControls, t = 1.393
[2024-11-04 17:18:59.559] [info] CMC::computeControls, t = 1.394
[2024-11-04 17:18:59.563] [info] CMC::computeControls, t = 1.395
[2024-11-04 17:18:59.567] [info] CMC::computeControls, t = 1.396
[2024-11-04 17:18:59.571] [info] CMC::computeControls, t = 1.397
[2024-11-04 17:18:59.575] [info] CMC::computeControls, t = 1.398
[2024-11-04 17:18:59.579] [info] CMC::computeControls, t = 1.399
[2024-11-04 17:18:59.583] [info] CMC::computeControls, t = 1.4
[2024-11-04 17:18:59.588] [info] CMC::computeControls, t = 1.40100
[2024-11-04 17:18:59.592] [info] CMC::computeControls, t = 1.40200
[2024-11-04 17:18:59.596] [info] CMC::computeControls, t = 1.40300
[2024-11-04 17:18:59.600] [info] CMC::computeControls, t = 1.40400
[2024-11-04 17:18:59.604] [info] CMC::computeControls, t = 1.40500
[2024-11-04 17:18:59.608] [info] CMC::computeControls, t = 1.40600
[2024-11-04 17:18:59.612] [info] CMC::computeControls, t = 1.40700
[2024-11-04 17:18:59.616] [info] CMC::computeControls, t = 1.40800
[2024-11-04 17:18:59.620] [info] CMC::computeControls, t = 1.40900
[2024-11-04 17:18:59.624] [info] CMC::computeControls, t = 1.41
[2024-11-04 17:18:59.628] [info] CMC::computeControls, t = 1.411
[2024-11-04 17:18:59.632] [info] CMC::computeControls, t = 1.412
[2024-11-04 17:18:59.636] [info] CMC::computeControls, t = 1.413
[2024-11-04 17:18:59.639] [info] CMC::computeControls, t = 1.414
[2024-11-04 17:18:59.643] [info] CMC::computeControls, t = 1.415
[2024-11-04 17:18:59.647] [info] CMC::computeControls, t = 1.416
[2024-11-04 17:18:59.651] [info] CMC::computeControls, t = 1.417
[2024-11-04 17:18:59.655] [info] CMC::computeControls, t = 1.418
[2024-11-04 17:18:59.659] [info] CMC::computeControls, t = 1.419
[2024-11-04 17:18:59.663] [info] CMC::computeControls, t = 1.42
[2024-11-04 17:18:59.667] [info] CMC::computeControls, t = 1.421
[2024-11-04 17:18:59.671] [info] CMC::computeControls, t = 1.422
[2024-11-04 17:18:59.676] [info] CMC::computeControls, t = 1.423
[2024-11-04 17:18:59.680] [info] CMC::computeControls, t = 1.424
[2024-11-04 17:18:59.684] [info] CMC::computeControls, t = 1.425
[2024-11-04 17:18:59.688] [info] CMC::computeControls, t = 1.426
[2024-11-04 17:18:59.693] [info] CMC::computeControls, t = 1.427
[2024-11-04 17:18:59.697] [info] CMC::computeControls, t = 1.428
[2024-11-04 17:18:59.701] [info] CMC::computeControls, t = 1.429
[2024-11-04 17:18:59.705] [info] CMC::computeControls, t = 1.43
[2024-11-04 17:18:59.709] [info] CMC::computeControls, t = 1.431
[2024-11-04 17:18:59.713] [info] CMC::computeControls, t = 1.432
[2024-11-04 17:18:59.717] [info] CMC::computeControls, t = 1.433
[2024-11-04 17:18:59.721] [info] CMC::computeControls, t = 1.434
[2024-11-04 17:18:59.725] [info] CMC::computeControls, t = 1.435
[2024-11-04 17:18:59.729] [info] CMC::computeControls, t = 1.436
[2024-11-04 17:18:59.733] [info] CMC::computeControls, t = 1.437
[2024-11-04 17:18:59.737] [info] CMC::computeControls, t = 1.438
[2024-11-04 17:18:59.741] [info] CMC::computeControls, t = 1.439
[2024-11-04 17:18:59.745] [info] CMC::computeControls, t = 1.44
[2024-11-04 17:18:59.749] [info] CMC::computeControls, t = 1.441
[2024-11-04 17:18:59.753] [info] CMC::computeControls, t = 1.442
[2024-11-04 17:18:59.757] [info] CMC::computeControls, t = 1.443
[2024-11-04 17:18:59.761] [info] CMC::computeControls, t = 1.444
[2024-11-04 17:18:59.764] [info] CMC::computeControls, t = 1.445
[2024-11-04 17:18:59.768] [info] CMC::computeControls, t = 1.446
[2024-11-04 17:18:59.773] [info] CMC::computeControls, t = 1.447
[2024-11-04 17:18:59.777] [info] CMC::computeControls, t = 1.448
[2024-11-04 17:18:59.781] [info] CMC::computeControls, t = 1.449
[2024-11-04 17:18:59.785] [info] CMC::computeControls, t = 1.45
[2024-11-04 17:18:59.789] [info] CMC::computeControls, t = 1.451
[2024-11-04 17:18:59.793] [info] CMC::computeControls, t = 1.452
[2024-11-04 17:18:59.797] [info] CMC::computeControls, t = 1.453
[2024-11-04 17:18:59.801] [info] CMC::computeControls, t = 1.454
[2024-11-04 17:18:59.805] [info] CMC::computeControls, t = 1.455
[2024-11-04 17:18:59.809] [info] CMC::computeControls, t = 1.456
[2024-11-04 17:18:59.813] [info] CMC::computeControls, t = 1.457
[2024-11-04 17:18:59.817] [info] CMC::computeControls, t = 1.458
[2024-11-04 17:18:59.821] [info] CMC::computeControls, t = 1.459
[2024-11-04 17:18:59.825] [info] CMC::computeControls, t = 1.46
[2024-11-04 17:18:59.829] [info] CMC::computeControls, t = 1.461
[2024-11-04 17:18:59.833] [info] CMC::computeControls, t = 1.462
[2024-11-04 17:18:59.837] [info] CMC::computeControls, t = 1.463
[2024-11-04 17:18:59.842] [info] CMC::computeControls, t = 1.464
[2024-11-04 17:18:59.846] [info] CMC::computeControls, t = 1.465
[2024-11-04 17:18:59.850] [info] CMC::computeControls, t = 1.466
[2024-11-04 17:18:59.854] [info] CMC::computeControls, t = 1.467
[2024-11-04 17:18:59.859] [info] CMC::computeControls, t = 1.468
[2024-11-04 17:18:59.863] [info] CMC::computeControls, t = 1.469
[2024-11-04 17:18:59.867] [info] CMC::computeControls, t = 1.47
[2024-11-04 17:18:59.871] [info] CMC::computeControls, t = 1.471
[2024-11-04 17:18:59.875] [info] CMC::computeControls, t = 1.472
[2024-11-04 17:18:59.879] [info] CMC::computeControls, t = 1.473
[2024-11-04 17:18:59.883] [info] CMC::computeControls, t = 1.474
[2024-11-04 17:18:59.887] [info] CMC::computeControls, t = 1.475
[2024-11-04 17:18:59.891] [info] CMC::computeControls, t = 1.476
[2024-11-04 17:18:59.895] [info] CMC::computeControls, t = 1.477
[2024-11-04 17:18:59.899] [info] CMC::computeControls, t = 1.478
[2024-11-04 17:18:59.903] [info] CMC::computeControls, t = 1.479
[2024-11-04 17:18:59.908] [info] CMC::computeControls, t = 1.48
[2024-11-04 17:18:59.912] [info] CMC::computeControls, t = 1.481
[2024-11-04 17:18:59.915] [info] CMC::computeControls, t = 1.482
[2024-11-04 17:18:59.919] [info] CMC::computeControls, t = 1.483
[2024-11-04 17:18:59.923] [info] CMC::computeControls, t = 1.484
[2024-11-04 17:18:59.927] [info] CMC::computeControls, t = 1.485
[2024-11-04 17:18:59.931] [info] CMC::computeControls, t = 1.486
[2024-11-04 17:18:59.935] [info] CMC::computeControls, t = 1.487
[2024-11-04 17:18:59.939] [info] CMC::computeControls, t = 1.488
[2024-11-04 17:18:59.943] [info] CMC::computeControls, t = 1.489
[2024-11-04 17:18:59.947] [info] CMC::computeControls, t = 1.49
[2024-11-04 17:18:59.951] [info] CMC::computeControls, t = 1.491
[2024-11-04 17:18:59.955] [info] CMC::computeControls, t = 1.492
[2024-11-04 17:18:59.959] [info] CMC::computeControls, t = 1.493
[2024-11-04 17:18:59.963] [info] CMC::computeControls, t = 1.494
[2024-11-04 17:18:59.967] [info] CMC::computeControls, t = 1.495
[2024-11-04 17:18:59.971] [info] CMC::computeControls, t = 1.496
[2024-11-04 17:18:59.975] [info] CMC::computeControls, t = 1.497
[2024-11-04 17:18:59.979] [info] CMC::computeControls, t = 1.498
[2024-11-04 17:18:59.983] [info] CMC::computeControls, t = 1.499
[2024-11-04 17:18:59.987] [info] CMC::computeControls, t = 1.5
[2024-11-04 17:18:59.991] [info] CMC::computeControls, t = 1.50100
[2024-11-04 17:18:59.995] [info] CMC::computeControls, t = 1.50200
[2024-11-04 17:18:59.999] [info] CMC::computeControls, t = 1.50300
[2024-11-04 17:19:00.004] [info] CMC::computeControls, t = 1.50400
[2024-11-04 17:19:00.008] [info] CMC::computeControls, t = 1.50500
[2024-11-04 17:19:00.012] [info] CMC::computeControls, t = 1.50600
[2024-11-04 17:19:00.016] [info] CMC::computeControls, t = 1.50700
[2024-11-04 17:19:00.020] [info] CMC::computeControls, t = 1.50800
[2024-11-04 17:19:00.024] [info] CMC::computeControls, t = 1.50900
[2024-11-04 17:19:00.028] [info] CMC::computeControls, t = 1.51
[2024-11-04 17:19:00.032] [info] CMC::computeControls, t = 1.511
[2024-11-04 17:19:00.036] [info] CMC::computeControls, t = 1.512
[2024-11-04 17:19:00.040] [info] CMC::computeControls, t = 1.513
[2024-11-04 17:19:00.044] [info] CMC::computeControls, t = 1.514
[2024-11-04 17:19:00.048] [info] CMC::computeControls, t = 1.515
[2024-11-04 17:19:00.052] [info] CMC::computeControls, t = 1.516
[2024-11-04 17:19:00.056] [info] CMC::computeControls, t = 1.517
[2024-11-04 17:19:00.060] [info] CMC::computeControls, t = 1.518
[2024-11-04 17:19:00.064] [info] CMC::computeControls, t = 1.519
[2024-11-04 17:19:00.068] [info] CMC::computeControls, t = 1.52
[2024-11-04 17:19:00.072] [info] CMC::computeControls, t = 1.521
[2024-11-04 17:19:00.076] [info] CMC::computeControls, t = 1.522
[2024-11-04 17:19:00.080] [info] CMC::computeControls, t = 1.523
[2024-11-04 17:19:00.084] [info] CMC::computeControls, t = 1.524
[2024-11-04 17:19:00.088] [info] CMC::computeControls, t = 1.525
[2024-11-04 17:19:00.092] [info] CMC::computeControls, t = 1.526
[2024-11-04 17:19:00.096] [info] CMC::computeControls, t = 1.527
[2024-11-04 17:19:00.100] [info] CMC::computeControls, t = 1.528
[2024-11-04 17:19:00.104] [info] CMC::computeControls, t = 1.529
[2024-11-04 17:19:00.108] [info] CMC::computeControls, t = 1.53
[2024-11-04 17:19:00.113] [info] CMC::computeControls, t = 1.531
[2024-11-04 17:19:00.120] [info] CMC::computeControls, t = 1.532
[2024-11-04 17:19:00.126] [info] CMC::computeControls, t = 1.533
[2024-11-04 17:19:00.133] [info] CMC::computeControls, t = 1.534
[2024-11-04 17:19:00.139] [info] CMC::computeControls, t = 1.535
[2024-11-04 17:19:00.145] [info] CMC::computeControls, t = 1.536
[2024-11-04 17:19:00.149] [info] CMC::computeControls, t = 1.537
[2024-11-04 17:19:00.153] [info] CMC::computeControls, t = 1.538
[2024-11-04 17:19:00.158] [info] CMC::computeControls, t = 1.539
[2024-11-04 17:19:00.162] [info] CMC::computeControls, t = 1.54
[2024-11-04 17:19:00.167] [info] CMC::computeControls, t = 1.541
[2024-11-04 17:19:00.171] [info] CMC::computeControls, t = 1.542
[2024-11-04 17:19:00.175] [info] CMC::computeControls, t = 1.543
[2024-11-04 17:19:00.179] [info] CMC::computeControls, t = 1.544
[2024-11-04 17:19:00.183] [info] CMC::computeControls, t = 1.545
[2024-11-04 17:19:00.187] [info] CMC::computeControls, t = 1.546
[2024-11-04 17:19:00.191] [info] CMC::computeControls, t = 1.547
[2024-11-04 17:19:00.195] [info] CMC::computeControls, t = 1.548
[2024-11-04 17:19:00.199] [info] CMC::computeControls, t = 1.549
[2024-11-04 17:19:00.203] [info] CMC::computeControls, t = 1.55
[2024-11-04 17:19:00.207] [info] CMC::computeControls, t = 1.551
[2024-11-04 17:19:00.211] [info] CMC::computeControls, t = 1.552
[2024-11-04 17:19:00.215] [info] CMC::computeControls, t = 1.553
[2024-11-04 17:19:00.219] [info] CMC::computeControls, t = 1.554
[2024-11-04 17:19:00.223] [info] CMC::computeControls, t = 1.555
[2024-11-04 17:19:00.227] [info] CMC::computeControls, t = 1.556
[2024-11-04 17:19:00.231] [info] CMC::computeControls, t = 1.557
[2024-11-04 17:19:00.235] [info] CMC::computeControls, t = 1.558
[2024-11-04 17:19:00.239] [info] CMC::computeControls, t = 1.559
[2024-11-04 17:19:00.243] [info] CMC::computeControls, t = 1.56
[2024-11-04 17:19:00.247] [info] CMC::computeControls, t = 1.561
[2024-11-04 17:19:00.251] [info] CMC::computeControls, t = 1.562
[2024-11-04 17:19:00.255] [info] CMC::computeControls, t = 1.563
[2024-11-04 17:19:00.259] [info] CMC::computeControls, t = 1.564
[2024-11-04 17:19:00.263] [info] CMC::computeControls, t = 1.565
[2024-11-04 17:19:00.268] [info] CMC::computeControls, t = 1.566
[2024-11-04 17:19:00.272] [info] CMC::computeControls, t = 1.567
[2024-11-04 17:19:00.276] [info] CMC::computeControls, t = 1.568
[2024-11-04 17:19:00.279] [info] CMC::computeControls, t = 1.569
[2024-11-04 17:19:00.284] [info] CMC::computeControls, t = 1.57
[2024-11-04 17:19:00.288] [info] CMC::computeControls, t = 1.571
[2024-11-04 17:19:00.292] [info] CMC::computeControls, t = 1.572
[2024-11-04 17:19:00.296] [info] CMC::computeControls, t = 1.573
[2024-11-04 17:19:00.300] [info] CMC::computeControls, t = 1.574
[2024-11-04 17:19:00.304] [info] CMC::computeControls, t = 1.575
[2024-11-04 17:19:00.308] [info] CMC::computeControls, t = 1.576
[2024-11-04 17:19:00.311] [info] CMC::computeControls, t = 1.577
[2024-11-04 17:19:00.316] [info] CMC::computeControls, t = 1.578
[2024-11-04 17:19:00.320] [info] CMC::computeControls, t = 1.579
[2024-11-04 17:19:00.323] [info] CMC::computeControls, t = 1.58
[2024-11-04 17:19:00.327] [info] CMC::computeControls, t = 1.581
[2024-11-04 17:19:00.331] [info] CMC::computeControls, t = 1.582
[2024-11-04 17:19:00.335] [info] CMC::computeControls, t = 1.583
[2024-11-04 17:19:00.339] [info] CMC::computeControls, t = 1.584
[2024-11-04 17:19:00.343] [info] CMC::computeControls, t = 1.585
[2024-11-04 17:19:00.347] [info] CMC::computeControls, t = 1.586
[2024-11-04 17:19:00.351] [info] CMC::computeControls, t = 1.587
[2024-11-04 17:19:00.355] [info] CMC::computeControls, t = 1.588
[2024-11-04 17:19:00.359] [info] CMC::computeControls, t = 1.589
[2024-11-04 17:19:00.363] [info] CMC::computeControls, t = 1.59
[2024-11-04 17:19:00.367] [info] CMC::computeControls, t = 1.591
[2024-11-04 17:19:00.371] [info] CMC::computeControls, t = 1.592
[2024-11-04 17:19:00.375] [info] CMC::computeControls, t = 1.593
[2024-11-04 17:19:00.379] [info] CMC::computeControls, t = 1.594
[2024-11-04 17:19:00.383] [info] CMC::computeControls, t = 1.595
[2024-11-04 17:19:00.387] [info] CMC::computeControls, t = 1.596
[2024-11-04 17:19:00.391] [info] CMC::computeControls, t = 1.597
[2024-11-04 17:19:00.395] [info] CMC::computeControls, t = 1.598
[2024-11-04 17:19:00.399] [info] CMC::computeControls, t = 1.599
[2024-11-04 17:19:00.403] [info] -------------------------------------------
[2024-11-04 17:19:00.403] [info] Finished tracking the specified kinematics:
[2024-11-04 17:19:00.403] [info] -------------------------------------------
[2024-11-04 17:19:00.403] [info]  -- Start time = Mon Nov  4 17:18:55 2024
[2024-11-04 17:19:00.403] [info]  -- Finish time = Mon Nov  4 17:19:00 2024
[2024-11-04 17:19:00.404] [info]  -- Elapsed time = 5.0 seconds.
[2024-11-04 17:19:00.404] [info] -------------------------------------------
[2024-11-04 17:19:00.404] [info] 
[2024-11-04 17:19:00.404] [info] Printing results of investigation subject01_walk1_RRA to assets/ResultsRRA
[2024-11-04 17:19:00.673] [info] 

************************************************************
*      Summary of Mass Adjustments to Reduce Residuals     *
************************************************************
* Body adjusted: torso
* Mass Center (COM) adjustment: dx =-0.0872022, dz =-0.0282508
* New COM location: ~[0.0548106,0.34551,0.0282508]
************************************************************
* Recommended mass adjustments:                             
*  Total mass change: -0.282966
*  pelvis: orig mass = 11.4718, new mass = 11.4271
*  femur_r: orig mass = 9.06036, new mass = 9.02505
*  tibia_r: orig mass = 3.61142, new mass = 3.59735
*  calcn_r: orig mass = 1.21761, new mass = 1.21286
*  femur_l: orig mass = 9.06036, new mass = 9.02505
*  tibia_l: orig mass = 3.61142, new mass = 3.59735
*  calcn_l: orig mass = 1.21761, new mass = 1.21286
*  torso: orig mass = 33.3494, new mass = 33.2194
************************************************************
* Note: Edit the model to make recommended adjustments to  *
*       mass properties.                                   *
************************************************************

* Average residuals before adjusting torso COM:
*  FX=-0.986915 FY=2.77495 FZ=-2.73965
*  MX=9.23932 MY=-2.89052 MZ=-28.5191
************************************************************
* Average residuals after adjusting torso COM:
*  FX=-0.70314 FY=3.13236 FZ=-3.53754
*  MX=-0.879991 MY=-2.5631 MZ=-0.0895591
************************************************************


[2024-11-04 17:19:00.673] [info] 
************************************************************
*                   Final Average Residuals                *
************************************************************
* After torso COM and Kinematics adjustments:
*  FX=-1.84286 FY=0.321575 FZ=-2.11719
*  MX=-4.18834 MY=-2.51854 MZ=2.39722
************************************************************


