Coordinates
version=1
nRows=1201
nColumns=17
inDegrees=yes

Units are S.I. units (second, meters, Newtons, ...)
If the header above contains a line with 'inDegrees', this indicates whether rotational values are in degrees (yes) or radians (no).

endheader
time	pelvis_list	pelvis_rotation	pelvis_tilt	pelvis_tx	pelvis_ty	pelvis_tz	hip_adduction_r	hip_rotation_r	hip_flexion_r	hip_adduction_l	hip_rotation_l	hip_flexion_l	knee_flexion_r	knee_flexion_l	ankle_dorsiflexion_r	ankle_dorsiflexion_l
      0.40000000000000002220	     -1.92113168375186837977	     -1.16442744858118651941	     -2.40255490088326606468	      0.60227935735849913446	      1.03530493763295972087	     -0.02128861031575359636	      0.64474143036973896592	     -7.15182362737883448034	     28.15347350739420306809	     -1.14970733162694904728	      1.78667033007795383881	      2.72509901599610548928	    -53.97527924456565528999	     -9.88389135379267003145	     -0.47133067319825588948	      6.03003969017047936063
      0.40100000000000002309	     -1.91239134504767460676	     -1.16346609575663362257	     -2.41009050998627971651	      0.60210498191083872133	      1.03525382265333099063	     -0.02134540982962177674	      0.65502532787888789745	     -7.16830753149209609631	     28.19848056199013441869	     -1.16106446013467023981	      1.78987577568430511477	      2.64972666841355541933	    -53.70799693155422005475	     -9.83788821422209558420	     -0.47062714319742859903	      6.05040359583116593711
      0.40200000000000002398	     -1.90339068204887862379	     -1.16245040199126603575	     -2.41753763912269059588	      0.60193134083823973679	      1.03520155563557336720	     -0.02140279810080350162	      0.66512004190320894725	     -7.18609409223735529082	     28.24218045568195734063	     -1.17267391456991942889	      1.79307243873144184221	      2.57422913720161794515	    -53.43829080548062648859	     -9.79192484493700376902	     -0.47010563650279640902	      6.07087114602376765049
      0.40300000000000002487	     -1.89413043261969149533	     -1.16137251376416839044	     -2.42489433826723521648	      0.60175844974171122104	      1.03514813634935354258	     -0.02146076701461590436	      0.67503440207436504750	     -7.20517140750527218529	     28.28457002637585304683	     -1.18453275995920259689	      1.79625322594819625266	      2.49860037877779861404	    -53.16616733409371420294	     -9.74599649899875863923	     -0.46976971992080063245	      6.09144753007711958759
      0.40400000000000002576	     -1.88461132905341122168	     -1.16022472071939208860	     -2.43215873426879536368	      0.60158632398633626881	      1.03509356457778323168	     -0.02151930766678398360	      0.68477701484834574419	     -7.22552637826026789014	     28.32564647341273555980	     -1.19663797578215658213	      1.79941126410557150628	      2.42283454030208789121	    -52.89163331426254899270	     -9.70009834516478974820	     -0.46962322023924224501	      6.11212107526193015872
      0.40500000000000002665	     -1.87483416459148433120	     -1.15899948190372636958	     -2.43932902192528855423	      0.60141497840877600201	      1.03503783954615546925	     -0.02157841064173888004	      0.69435622008009301176	     -7.24714470340197536302	     28.36540742388891089831	     -1.20898654943259464822	      1.80253962147094126678	      2.34692578932702122785	    -52.61469600698812598694	     -9.65422566191139530645	     -0.46967006162935837077	      6.13289740776178149417
      0.40600000000000002753	     -1.86479979262491069036	     -1.15768943262996404364	     -2.44640346497375515966	      0.60124442724932369853	      1.03498095992205496607	     -0.02163806602733955864	      0.70378007694642030767	     -7.27001089239496067762	     28.40385093725817000632	     -1.22157548366970059028	      1.80563132704879114598	      2.27086832091369217324	    -52.33536315335186372977	     -9.60837385177270419945	     -0.46991423780003754862	      6.15379964148877789398
      0.40700000000000002842	     -1.85450910176870764623	     -1.15628737660961156131	     -2.45338040267146118012	      0.60107468431541577480	      1.03492292414182762705	     -0.02169826352415905879	      0.71305632647045313899	     -7.29410831442819596049	     28.44097547990908481097	     -1.23440182271408271930	      1.80867955249680911756	      2.19465643821377875966	    -52.05364292285707250585	     -9.56253835752752578969	     -0.47035988172537990248	      6.17485033591557197497
      0.40800000000000002931	     -1.84396299314753076004	     -1.15478627940994837964	     -2.46025825537907172347	      0.60090576315160459941	      1.03486373072574266985	     -0.02175899253598342561	      0.72219235849592267051	     -7.31941924441459601525	     28.47677989942220833086	     -1.24746267056886361857	      1.81167771456069015557	      2.11828462466691336274	    -51.76954386532385399278	     -9.51671457850047453064	     -0.47101132925013905473	      6.19605480006541320392
      0.40900000000000003020	     -1.83316238051529523112	     -1.15317927541003251157	     -2.46703552481032284405	      0.60073767697751745409	      1.03480337827299906373	     -0.02182024217633271937	      0.73119520152698325166	     -7.34592487696170959310	     28.51126342706444916075	     -1.26075519266739433100	      1.81461945944144731335	      2.04174754611677711225	    -51.48307492801964002638	     -9.47089788195547832572	     -0.47187309048509679110	      6.21740182903471438891
      0.41000000000000003109	     -1.82210823223950812988	     -1.15145969935313119414	     -2.47371078589274784321	      0.60057043840458534945	      1.03474186487326269557	     -0.02188200110511400592	      0.74007155805616220423	     -7.37360527850159908070	     28.54442572737940153615	     -1.27427658415809386128	      1.81749843767396690453	      1.96503991737819605490	    -51.19424559883842107411	     -9.42508380245715038370	     -0.47294964393890359666	      6.23889707031302975793
      0.41100000000000003197	     -1.81080157085440696108	     -1.14962109161057135509	     -2.48028268756272529671	      0.60040405937375196377	      1.03467918809946901604	     -0.02194425754471691914	      0.74882779403589072587	     -7.40243940464381111610	     28.57626690106115674439	     -1.28802407433204413323	      1.82030832474126302856	      1.88815650921666100537	    -50.90306592239817007339	     -9.37926805010931552431	     -0.47424540798291564547	      6.26056308353721213678
      0.41200000000000003286	     -1.79924344942561709182	     -1.14765718967509089410	     -2.48674995837081258543	      0.60023855132747494512	      1.03461534533367705002	     -0.02200699937909575757	      0.75746990673332581512	     -7.43240515279305213880	     28.60678745696854718972	     -1.30199494623252465253	      1.82304296694348022534	      1.81109222357957544425	    -50.60954644886154341066	     -9.33344641697924615187	     -0.47576480988677827266	      6.28242166780699484718
      0.41300000000000003375	     -1.78743493002491993238	     -1.14556192090407948925	     -2.49311141132873226312	      0.60007392538026405049	      1.03455033408515140181	     -0.02207021423633164642	      0.76600349605017203913	     -7.46347941234301170965	     28.63598828372158422439	     -1.31618655287229024964	      1.82569644529422658863	      1.73384216185798023524	    -50.31369818791041836903	     -9.28761471254793313790	     -0.47751234791043101202	      6.30447799139233566734
      0.41400000000000003464	     -1.77537708432060026276	     -1.14332940769470181586	     -2.49936594402209477650	      0.59991019226198305514	      1.03448415197746124150	     -0.02213388949917699869	      0.77443375738697517452	     -7.49563808425614919173	     28.66387065101308451176	     -1.33059631883854745382	      1.82826306028348928301	      1.65640162776472732453	    -50.01553262618365636172	     -9.24176878150453617877	     -0.47949256328353034862	      6.32672139659526155953
      0.41500000000000003553	     -1.76307103456180769285	     -1.14095399536625996539	     -2.50551253137990315167	      0.59974736204480305624	      1.03441679614389858699	     -0.02219801216213190126	      0.78276551812868178093	     -7.52885604128523144851	     28.69043626083471565380	     -1.34522171045562544123	      1.83073718141670949144	      1.57876600361748931078	    -49.71506186708522534445	     -9.19590467941253564277	     -0.48170983888131296835	      6.34915731937780680738
      0.41600000000000003642	     -1.75051795367680540494	     -1.13843025584492774094	     -2.51155022612319633879	      0.59958544409200498215	      1.03434826320897421681	     -0.02226256884930015792	      0.79100323091186852675	     -7.56310715002542899299	     28.71568724996832244756	     -1.36006023770751149904	      1.83311325998123941794	      1.50093075775945350436	    -49.41229864645519143096	     -9.15001867622179254624	     -0.48416837155827785466	      6.37180735769832207183
      0.41700000000000003730	     -1.73771904294986101469	     -1.13575297868846036842	     -2.51747816344956110157	      0.59942444723405685636	      1.03427854961757814678	     -0.02232754590271315495	      0.79915094629908656199	     -7.59836432657092508691	     28.73962615972277134802	     -1.37510946999993732831	      1.83538592679307055455	      1.42289151461980933888	    -49.10725628274293796949	     -9.10410717006974579135	     -0.48687224029911263523	      6.39469236305629262773
      0.41800000000000003819	     -1.72467551099816440718	     -1.13291716306678824644	     -2.52329556522456499579	      0.59926437993897374579	      1.03420765196317177015	     -0.02239292946132350262	      0.80721228712835402241	     -7.63459959134299293027	     28.76225590471768711609	     -1.39036705312742103757	      1.83755004705375157847	      1.34464412027345381340	    -48.79994863191058129814	     -9.05816664606982868690	     -0.48982546907558016658	      6.41781713963778521759
      0.41900000000000003908	     -1.71138857440650871133	     -1.12991802141585995223	     -2.52900173977473441411	      0.59910525026634986467	      1.03413556696746544716	     -0.02245870547591962210	      0.81519044436161836042	     -7.67178409362173230335	     28.78357977410652424055	     -1.40583071065885345519	      1.83960071406622582835	      1.26618464721061974032	    -48.49039010389263637535	     -9.01219369634075917475	     -0.49303200085429427224	      6.44117117494196467220
      0.42000000000000003997	     -1.69785949808428937580	     -1.12675100438283815052	     -2.53459607504883743800	      0.59894706561363264541	      1.03406229085416878632	     -0.02252485957812856709	      0.82308821664291142994	     -7.70988807724029800994	     28.80360148658931862542	     -1.42149821122322150835	      1.84153313393309536750	      1.18750927932597671877	    -48.17859579831380045789	     -8.96618515493145018525	     -0.49649550019574978377	      6.46475930373094875847
      0.42100000000000004086	     -1.68408959574361927203	     -1.12341180330777690166	     -2.54007803857636149658	      0.59878983267654806166	      1.03398781932143002393	     -0.02259137709773123559	      0.83090800748960624844	     -7.74888090627364078955	     28.82232519347354937622	     -1.43736736807225740087	      1.84334262739469889603	      1.10861432036194917927	    -47.86458151936135152482	     -8.92013810011303220904	     -0.50021932696631887794	      6.48860190825629334910
      0.42200000000000004174	     -1.67008020845186400116	     -1.11989634092233480978	     -2.54544718131467107014	      0.59863355762616354827	      1.03391214788057839158	     -0.02265824314254954661	      0.83865180162765240457	     -7.78873112366010911245	     28.83975544610534669232	     -1.45343605396628849924	      1.84502469654483158834	      1.02949625970731073465	    -47.54836372708906822027	     -8.87404978837588664931	     -0.50420660485744039914	      6.51271881520273066002
      0.42300000000000004263	     -1.65583268317112741741	     -1.11620076262169298786	     -2.55070314115949825506	      0.59847824628197709984	      1.03383527220341053798	     -0.02272544267939899734	      0.84632114067298014337	     -7.82940651126019115935	     28.85589716172537677608	     -1.46970222140823314483	      1.84657509282715781573	      0.95015183610101550116	    -47.22995949130577031383	     -8.82791762966539117485	     -0.50846028815294852521	      6.53711410391654457186
      0.42400000000000004352	     -1.64134837306089664821	     -1.11232143890967538624	     -2.55584564225958832395	      0.59832390407760260853	      1.03375718809961725242	     -0.02279296055217159764	      0.85391712184094181737	     -7.87087411859461028030	     28.87075562516812965441	     -1.48616390360799255355	      1.84798981961745778513	      0.87057804445389419534	    -46.90938650603047221921	     -8.78173920469027180502	     -0.51298313913685023024	      6.56177666421758321036
      0.42500000000000004441	     -1.62662867812465017359	     -1.10825498814983403051	     -2.56087448828448138727	      0.59817053582132118095	      1.03367789086672345888	     -0.02286078134983745430	      0.86144044294757970981	     -7.91310023074217028238	     28.88433654875134592999	     -1.50281917471541448528	      1.84926500816997774201	      0.79077202729620199584	    -46.58666322244135216124	     -8.73551236190841784435	     -0.51777753213738952898	      6.58671028663715762974
      0.42600000000000004530	     -1.61167504584004728230	     -1.10399827810538808670	     -2.56578956185632689468	      0.59801814566368083348	      1.03359737525849770812	     -0.02292888942159965540	      0.86889140348748827858	     -7.95605039681421200015	     28.89664607599107526426	     -1.51966614732667615328	      1.85039691336920775200	      0.71073108412171071002	    -46.26180886266564584730	     -8.68923522220807420524	     -0.52284542932315680730	      6.61193404309328158774
      0.42700000000000004619	     -1.59648894979916411430	     -1.09954841632053934575	     -2.57059082761735702150	      0.59786673727570360803	      1.03351563584073047330	     -0.02299726895361713444	      0.87626988309003228661	     -7.99968949205081614195	     28.90769074653437087363	     -1.53670298919687975392	      1.85138197807183546573	      0.63045273401253665302	    -45.93484337094900382681	     -8.64290613552357989136	     -0.52818845203707631697	      6.63746668956080387858
      0.42800000000000004707	     -1.58107186702557145352	     -1.09490274080256422273	     -2.57527833493065783088	      0.59771631403026115326	      1.03343266736650019055	     -0.02306590405600011592	      0.88357531715044024256	     -8.04398178344753134184	     28.91747745922451429124	     -1.55392794854524418646	      1.85221691637803376196	      0.54993477762929732222	    -45.60578736456825765799	     -8.59652365867347789674	     -0.53380795430474581309	      6.66331116631910891357
      0.42900000000000004796	     -1.56542527778781104253	     -1.09005882146821631018	     -2.57985221664929520458	      0.59756687897571680868	      1.03334846475681185751	     -0.02313477878227444828	      0.89080669848043214643	     -8.08889096182725708672	     28.92601347413073753501	     -1.57133935433089044764	      1.85289871897969860015	      0.46917530510261695742	    -45.27466214584239878604	     -8.55008656641864561720	     -0.53970500446632907465	      6.68945497855350890148
      0.43000000000000004885	     -1.54955070767482872007	     -1.08501448104916486948	     -2.58431268257627166918	      0.59741843459411370088	      1.03326302242255585462	     -0.02320387698548024777	      0.89796263006631615866	     -8.13438010891949225822	     28.93330647681514022906	     -1.58893556608990471624	      1.85342450348951803818	      0.38817259109340856993	    -44.94148983488487658633	     -8.50359392964734794873	     -0.54588018744878352706	      6.71590052080952748526
      0.43100000000000004974	     -1.53344972824157177449	     -1.07976779559402680242	     -2.58866001847927185153	      0.59727098276902357288	      1.03317633423330157427	     -0.02327318233115842697	      0.90504132992569408245	     -8.18041172814299599736	     28.93936458188428417770	     -1.60671496972897154265	      1.85379150838481665531	      0.30692510422256735758	    -44.60629338207287730711	     -8.45704512455002266336	     -0.55233358357382067449	      6.74266558213868805183
      0.43200000000000005063	     -1.51712393504036047176	     -1.07431708419491611650	     -2.59289458841819442370	      0.59712452496892387543	      1.03308839389823248212	     -0.02334267837663609249	      0.91204061037251160649	     -8.22694781098672756059	     28.94419629520418268953	     -1.62467599807151730218	      1.85399716899908639789	      0.22543156740921269088	    -44.26909651717980409558	     -8.41043980382133682383	     -0.55906484584402527105	      6.76976776803834745522
      0.43300000000000005151	     -1.50057492374444989558	     -1.06866089894742732902	     -2.59701683650346293319	      0.59697906244322440639	      1.03299919537414042203	     -0.02341234866450893695	      0.91895785363499749021	     -8.27394990766720006548	     28.94781047465590972934	     -1.64281716086339146798	      1.85403920971734659240	      0.14369101721774463210	    -43.92992369625323334503	     -8.36377786186502802934	     -0.56607328170019866054	      6.79720856278392382421
      0.43400000000000005240	     -1.48380428984375800638	     -1.06279802512923682301	     -2.60102728522436921210	      0.59683459619776946248	      1.03290873285039586094	     -0.02348217674151770532	      0.92579001710892494525	     -8.32137916159031654217	     28.95021633165585228653	     -1.66113704340066958842	      1.85391564789454021955	      0.06170281088270392067	    -43.58880011138392518433	     -8.31705943835524585950	     -0.57335783927038996843	      6.82497362129584228541
      0.43500000000000005329	     -1.46681367305201471041	     -1.05672749979814128984	     -2.60492652956860881730	      0.59669112673030944016	      1.03281700003635501517	     -0.02355214599809826725	      0.93253369510771932926	     -8.36919627419543132874	     28.95142349760195443764	     -1.67963424467279143215	      1.85362462200711997085	     -0.02053347714044190947	    -43.24575182535694040098	     -8.27028500398917820746	     -0.58091690634350723332	      6.85306377304516711746
      0.43600000000000005418	     -1.44960475808915512097	     -1.05044861079811013838	     -2.60871523581397690705	      0.59654865399267664738	      1.03272399013073745699	     -0.02362223968030889576	      0.93918512738812487406	     -8.41736153787091367917	     28.95144202602295635529	     -1.69830737187374047892	      1.85316438430667984605	     -0.10301804714436328669	    -42.90080578263289368124	     -8.22345537346853916461	     -0.58874829325165034533	      6.88149555746926999689
      0.43700000000000005507	     -1.43217925184119110327	     -1.04396088543146725591	     -2.61239414306425299372	      0.59640717758605055199	      1.03262969623256983809	     -0.02369244097543720534	      0.94574017866418358391	     -8.46583490689822504294	     28.95028235225995061342	     -1.71715506564786135613	      1.85253338750379348276	     -0.18575081628570078163	    -42.55398975485956469811	     -8.17657167628832581840	     -0.59684931850870892589	      6.91028531991517791511
      0.43800000000000005596	     -1.41453885883184815597	     -1.03726407947677934374	     -2.61596406396319691723	      0.59626669697689960170	      1.03253411178303733386	     -0.02376273310938952291	      0.95219431523096109693	     -8.51457607175927932985	     28.94795525244600398196	     -1.73617603258093655683	      1.85173038296364134148	     -0.26873136304700118160	    -42.20533228333624720108	     -8.12963529970302722916	     -0.60521689930615962805	      6.93943294054534742799
      0.43900000000000005684	     -1.39668528128319646697	     -1.03035817572918486640	     -2.61942588274644183599	      0.59612721146889058321	      1.03243723055123703958	     -0.02383309936369712098	      0.95854261426282894032	     -8.56354449514341453664	     28.94447184343937706785	     -1.75536904140224825355	      1.85075442312929960842	     -0.35195892298492020833	    -41.85486268687977684522	     -8.08264788629577601853	     -0.61384754263421437148	      6.96892213572864172022
      0.44000000000000005773	     -1.37862026605994758555	     -1.02324339965361077454	     -2.62278055053605729796	      0.59598871990006574428	      1.03233904587743952064	     -0.02390352290106969105	      0.96477983376099329949	     -8.61269937497084647759	     28.93984364898881267436	     -1.77473285170224848173	      1.84960467324577915171	     -0.43543249178680565326	    -41.50261119931828091012	     -8.03561144830035622988	     -0.62273714115217337906	      6.99875215004423889553
      0.44100000000000005862	     -1.36034560579901242505	     -1.01592021650991837234	     -2.62602908404680235321	      0.59585122059679218598	      1.03223955063902561591	     -0.02397398677721989529	      0.97090042446467117454	     -8.66199967924455727086	     28.93408259955510075656	     -1.79426620772675460280	      1.84828040017553663077	     -0.51915082007364321548	    -41.14860897878537571160	     -7.98852838164575196345	     -0.63188096100730350990	      7.02893824791869015201
      0.44200000000000005951	     -1.34186311537865021748	     -1.00838931874769688335	     -2.62917256620620642948	      0.59571471158790334499	      1.03213873769307995509	     -0.02404447403270432160	      0.97689850999250682495	     -8.71140422083942134179	     28.92720098997487454540	     -1.81396786742661952907	      1.84678106385852380811	     -0.60311235876955970880	    -40.79288804867069018201	     -7.94140142186894593124	     -0.64127373701218048918	      7.05949539007626380993
      0.44300000000000006040	     -1.32317460738543224430	     -1.00065161389193502117	     -2.63221214578677020768	      0.59557919084357346939	      1.03203660035099886727	     -0.02411496779094991424	      0.98276786569949614591	     -8.76087173387329976038	     28.91921143709483743578	     -1.83383663447654199352	      1.84510642966466487103	     -0.68731520816132496421	    -40.43548123578603536998	     -7.89423356321337887920	     -0.65090977173606068273	      7.09042184500857697316
      0.44400000000000006128	     -1.30428189293600671483	     -0.99270822116148105252	     -2.63514903533792876900	      0.59544465624073661392	      1.03193313235897266011	     -0.02418545127258647440	      0.98850193187596024913	     -8.81036091073146998554	     28.91012687738741604448	     -1.85387135192999252808	      1.84325657214266658279	     -0.77175711751903264268	    -40.07642217654873917354	     -7.84702805309905304654	     -0.66078293164718715502	      7.12169955518527952876
      0.44500000000000006217	     -1.28518683088639362744	     -0.98456048375202009915	     -2.63798450801892370166	      0.59531110521533803226	      1.03182832708751281992	     -0.02425590761164593892	      0.99409388960877287378	     -8.85983036466509688012	     28.89996063133774129028	     -1.87407082644036626640	      1.84123166188527043197	     -0.85643558771204519875	    -39.71574545703113301442	     -7.79978854346272321152	     -0.67088644105897687897	      7.15332621063567941633
      0.44600000000000006306	     -1.26589132953255845138	     -0.97620996407009930085	     -2.64071989630300985041	      0.59517853470850634601	      1.03172217748875838517	     -0.02432631986648532002	      0.99953667539880985959	     -8.90923866607214343105	     28.88872640087845766743	     -1.89443382237125113043	      1.83903194402895486803	     -0.94134786953137661314	    -39.35348662045954171163	     -7.75251910283788792100	     -0.68121287508439753999	      7.18531569817192306004
      0.44700000000000006395	     -1.24639732274126902034	     -0.96765843013836660980	     -2.64335659162270397715	      0.59504694140383418421	      1.03161467657020233801	     -0.02439667111486193071	      1.00482296244104052363	     -8.95854441935218659410	     28.87643822582624153483	     -1.91495909305046585480	      1.83665783157339057574	     -1.02649091303281458920	    -38.98968210355936037104	     -7.70522414948635869791	     -0.69175426408693396763	      7.21768151512543632009
      0.44800000000000006484	     -1.22670674562546011543	     -0.95890784264900597034	     -2.64589604302681147274	      0.59491632198933619424	      1.03150581790041173669	     -0.02446694455055859266	      1.00994514207035468445	     -9.00770633947152354892	     28.86311044024844818523	     -1.93564540922824868119	      1.83411005848825903186	     -1.11186132091543665723	    -38.62436917042899153785	     -7.65790835167921368765	     -0.70250220161086429638	      7.25042034208005503615
      0.44900000000000006573	     -1.20682153611580877950	     -0.94996035010051871339	     -2.64833975515523478705	      0.59478667311570387888	      1.03139559557924576083	     -0.02453712349433836981	      1.01489533961444822197	     -9.05668328900321384367	     28.84875766788377760008	     -1.95649155086805892623	      1.83138969059232237235	     -1.19745535159192084684	    -38.25758591692080301527	     -7.61057662203034457349	     -0.71344784603698363501	      7.28351244638501071904
      0.45000000000000006661	     -1.18674368592781087628	     -0.94081829826505480874	     -2.65068928677553605766	      0.59465799100449368009	      1.03128400336800463144	     -0.02460719120325549278	      1.01966549294304331674	     -9.10543424085066277485	     28.83339488556010010711	     -1.97749623424520093451	      1.82849784935922343720	     -1.28326902021403066456	    -37.88937141265124353140	     -7.56323430202395385891	     -0.72458171342570021345	      7.31695391779220383199
      0.45100000000000006750	     -1.16647524287124992881	     -0.93148422425694943350	     -2.65294624956440650010	      0.59453027138823832942	      1.03117103463551718079	     -0.02467713087824711243	      1.02424736861867238247	     -9.15391831445965209468	     28.81703741927877970852	     -1.99865810742644178788	      1.82543567842701048853	     -1.36929809989347717192	    -37.51976570656761111877	     -7.51588716997759131999	     -0.73589367570049335487	      7.35075713760072968483
      0.45200000000000006839	     -1.14601828685570383826	     -0.92196084272276435101	     -2.65511230686249311006	      0.59440350977129519094	      1.03105668286211593632	     -0.02474692575862693505	      1.02863254452708319242	     -9.20209485212944855448	     28.79970090004394123184	     -2.01997578098789576373	      1.82220445647374584830	     -1.45553807506742582945	    -37.14880975891159664570	     -7.46854135117395134813	     -0.74737307412948983387	      7.38493411503720409428
      0.45300000000000006928	     -1.12537490548540253243	     -0.91225103267612461799	     -2.65718917156364131671	      0.59427770171247995545	      1.03094094217562526339	     -0.02481655921728987899	      1.03281239320232454126	     -9.24992349421592052749	     28.78140121865081724195	     -2.04144785114285776118	      1.81880581458919854398	     -1.54198409817941173294	    -36.77654537055232708553	     -7.42120320788861409511	     -0.75900883711929001407	      7.41947989534344731766
      0.45400000000000007017	     -1.10454719617445418223	     -0.90235783185090745473	     -2.65917860424243102102	      0.59415284277681168490	      1.03082380731069789270	     -0.02488601476705408835	      1.03677809886080440904	     -9.29736421510017230219	     28.76215451983967597016	     -2.06307289087174616782	      1.81524175408216659200	     -1.62863099477518957769	    -36.40301518521587809119	     -7.37387933541450824038	     -0.77078948780055833723	      7.45437293371420217625
      0.45500000000000007105	     -1.08353731875853309674	     -0.89228444419828811807	     -2.66108241334791761901	      0.59402892810501795040	      1.03070527268065448290	     -0.02495527586076312296	      1.04052073669713296411	     -9.34437728538053491434	     28.74197726758771764821	     -2.08484938609956360622	      1.81151426136206383788	     -1.71547336151766205425	    -36.02826283311060251435	     -7.32657676724456052852	     -0.78270293497207299449	      7.48960759115796737007
      0.45600000000000007194	     -1.06234749840854370007	     -0.88203423350016996185	     -2.66290245410343517918	      0.59390595234949372649	      1.03058533231419269249	     -0.02502432589272748573	      1.04403128990727633862	     -9.39092330637209826705	     28.72088624130392631173	     -2.10677573226873393608	      1.80762527064396771870	     -1.80250556896703351129	    -35.65233293426498306644	     -7.27930297776009727073	     -0.79473647646006295719	      7.52519468109585076832
      0.45700000000000007283	     -1.04098000150655822793	     -0.87161070995468814537	     -2.66464062653582889340	      0.59378390995609653391	      1.03046398038943576303	     -0.02509314829018922596	      1.04730063359184910610	     -9.43696328384757698871	     28.69889849095376277432	     -2.12885026105422747733	      1.80357682900466653741	     -1.88972171854708892447	    -35.27527102610297760066	     -7.23206577491639635014	     -0.80687692196098648179	      7.56114474515135537303
      0.45800000000000007372	     -1.01943711063554731666	     -0.86101751737432064004	     -2.66629887280370470037	      0.59366279546347944240	      1.03034121179973992000	     -0.02516172660804573066	      1.05031951842777204753	     -9.48245870120764244859	     28.67603128980366733458	     -2.15107125980904267948	      1.79937137012370884648	     -1.97711560154660093147	    -34.89712348805543484787	     -7.18487318877177738585	     -0.81911072181545363513	      7.59745108030268134769
      0.45900000000000007461	     -0.99772112697794423930	     -0.85025842740939738817	     -2.66787917551904385505	      0.59354260344950471318	      1.03021702210537879907	     -0.02523004452959901750	      1.05307858786399988205	     -9.52737155333177021532	     28.65230212868011960836	     -2.17343696363138283445	      1.79501172948296461307	     -2.06468070458538344170	    -34.51793754128876656750	     -7.13773346957264021029	     -0.83142398058094779678	      7.63409004309123595533
      0.46000000000000007550	     -0.97583442484226778912	     -0.83933734580454810725	     -2.66938355944469885017	      0.59342332806914999122	      1.03009140655365527550	     -0.02529808565349518992	      1.05556845864712633976	     -9.57166430623094477426	     28.62772878664157971684	     -2.19594550090731077674	      1.79050064474136250148	     -2.15241030337116256987	    -34.13776139366712669698	     -7.09065529783217662896	     -0.84380224408258064361	      7.67105413961865334471
      0.46100000000000007638	     -0.95377945498902194643	     -0.82825830604405170643	     -2.67081409050686868767	      0.59330496298802903876	      1.02996436001126712156	     -0.02536583348847048711	      1.05777973860422536134	     -9.61529992848800674210	     28.60232932849941889231	     -2.21859488978224783651	      1.78584072605386268151	     -2.24029746557046882671	    -33.75664424033760724342	     -7.04364778178331985004	     -0.85623050772279474252	      7.70835266037197364142
      0.46200000000000007727	     -0.93155871998230277420	     -0.81702545663064596315	     -2.67217287321732266392	      0.59318750168132128309	      1.02983587752874639065	     -0.02543327154232202791	      1.05970301092311558477	     -9.65824196170089521729	     28.57612205841718733268	     -2.24138305969215156921	      1.78103468933013542319	     -2.32833501082047567010	    -33.37463618648806829015	     -6.99672034114187635367	     -0.86869334922194729742	      7.74599473548327122074
      0.46300000000000007816	     -0.90917474804154152501	     -0.80564304892933558122	     -2.67346204748055038536	      0.59307093774615760040	      1.02970595493403949128	     -0.02550038341747466047	      1.06132881639615317404	     -9.70045459156245470922	     28.54912547001310230144	     -2.26430787139724243318	      1.77608565248143257520	     -2.41651547188421256251	    -32.99178816706321271113	     -6.94988260041844707615	     -0.88117506831358449748	      7.78397183340676601659
      0.46400000000000007905	     -0.88663009535873449352	     -0.79411543141277007862	     -2.67468378694402630913	      0.59295526484519478494	      1.02957458878093466303	     -0.02556715280780661251	      1.06264767035640339543	     -9.74190267877295923427	     28.52135824151205767407	     -2.28736711100403011798	      1.77099713790626855925	     -2.50483109961383032527	    -32.60815194318982435107	     -6.90314438799820351278	     -0.89365970561750751600	      7.82225801488099570236
      0.46500000000000007994	     -0.86392740263872436213	     -0.78244705467387465347	     -2.67584030186309496102	      0.59284047622145363832	      1.02944177532765857030	     -0.02563356327303232748	      1.06365014629600485030	     -9.78255171401685430510	     28.49283931379603984624	     -2.31055843895838330937	      1.76577250128379015237	     -2.59327395192679377445	    -32.22378024710029364996	     -6.85651593715945661955	     -0.90613082398786881644	      7.86084395386008161211
      0.46600000000000008082	     -0.84106939824935866845	     -0.77064246495939936477	     -2.67693383800552275886	      0.59272656463250261716	      1.02930751047078294924	     -0.02569959823114792083	      1.06432689406300751145	     -9.82236784582580213510	     28.46358788905486747467	     -2.33387938528788874137	      1.76041491846131203935	     -2.68183589610393990910	    -31.83872677846536802804	     -6.81000787905476467898	     -0.91857152185587243043	      7.89973758499487743734
      0.46700000000000008171	     -0.81805887225652440531	     -0.75870629194853866917	     -2.67796667334380078529	      0.59261352266420885826	      1.02917179033973105184	     -0.02576524104893461800	      1.06466862245188020886	     -9.86131794819411489073	     28.43362338118256005259	     -2.35732736835086464922	      1.75492767471075938879	     -2.77050857178114995349	    -31.45304612104741792677	     -6.76363112576089875461	     -0.93096457661927800586	      7.93894667964729094933
      0.46800000000000008260	     -0.79489864890540518072	     -0.74664323722152636797	     -2.67894111416460667385	      0.59250134305392210265	      1.02903461191234057992	     -0.02583047513870904283	      1.06466607843206961803	     -9.89936968923693072497	     28.40296536283369732701	     -2.38089972088732393374	      1.74931443359803839854	     -2.85928335533416744241	    -31.06679365755658750459	     -6.71739677079475505650	     -0.94329259343753124600	      7.97846095690355472385
      0.46900000000000008349	     -0.77159158846648845387	     -0.73445806837496685482	     -2.67985949319993332907	      0.59239001863460116759	      1.02889597296235235646	     -0.02589528395528875940	      1.06431006376814574210	     -9.93649155832315322812	     28.37163356145967796351	     -2.40459368635737869013	      1.74357921995748244015	     -2.94815136454171167202	    -30.68002556186009499584	     -6.67131608738577153161	     -0.95553802808366561372	      8.01825237931184986451
      0.47000000000000008438	     -0.74814064517663059206	     -0.72215562238188790722	     -2.68072417338502955175	      0.59227954183547359968	      1.02875587100862664336	     -0.02595965076595971657	      1.06359152338223750256	     -9.97265281530843594737	     28.33964794420004906783	     -2.42840636214685634542	      1.73772585751843089419	     -3.03710354246313229964	    -30.29279894120644556210	     -6.62540071215422976536	     -0.96768296292238842327	      8.05831002860765366336
      0.47100000000000008527	     -0.72454886955892217060	     -0.70974079879028140194	     -2.68153754646533615258	      0.59216990461993301853	      1.02861430325280034381	     -0.02602355864718951944	      1.06250156369129067357	    -10.00782351454379792699	     28.30702871670139941784	     -2.45233469284514971065	      1.73175797569679001953	     -3.12613065936370038145	    -29.90517182704127918669	     -6.57966263503917492272	     -0.97970912499620887992	      8.09864067552608624112
      0.47200000000000008615	     -0.70081938063323789834	     -0.69721854791270598817	     -2.68230202881232937528	      0.59206109881236612669	      1.02847126719906567516	     -0.02608699057955135917	      1.06103143170446267973	    -10.04197456985826519826	     28.27379626934779466296	     -2.47637549087730324260	      1.72567931690012055235	     -3.21522327916425787464	    -29.51720308512109269827	     -6.53411408748557320791	     -0.99159803919111544346	      8.13925081372816627834
      0.47300000000000008704	     -0.67695533711594790827	     -0.68459385993209576071	     -2.68302005666123921657	      0.59195311643136505619	      1.02832676128448041730	     -0.02614992954480938742	      1.05917249030790538988	    -10.07507781995385975904	     28.23997112157019273582	     -2.50052547350699017059	      1.71949393279407947155	     -3.30437172833577319508	    -29.12895232598305028660	     -6.48876744869074251199	     -1.00333118314863978249	      8.18012869792146979364
      0.47400000000000008793	     -0.65295993845910682563	     -0.67187175870945969880	     -2.68369408386025032343	      0.59184594963768843989	      1.02818078482522534678	     -0.02621235852792256488	      1.05691623459493144743	    -10.10710605101975723130	     28.20557391817881054408	     -2.52478126131747471206	      1.71320614851960195679	     -3.39356610106919598380	    -28.74047989225196886309	     -6.44363524119960384695	     -1.01489001273483259169	      8.22124475819429534340
      0.47500000000000008882	     -0.62883648312613782405	     -0.65905730300157339130	     -2.68432658639303900472	      0.59173959022748556791	      1.02803333694607235138	     -0.02627426029431179783	      1.05425438552803907299	    -10.13803294044841507571	     28.17062551846249718324	     -2.54913930615640715871	      1.70682009829486558417	     -3.48279633813371480855	    -28.35184699514224249128	     -6.39873029612734534055	     -1.02625573479925957798	      8.26258688062203283664
      0.47600000000000008971	     -0.60458836960804607230	     -0.64615557917750465755	     -2.68492006060071775053	      0.59163402957564459328	      1.02788441652039930219	     -0.02633561739633145590	      1.05117890786806489345	    -10.16783307696381122298	     28.13514699399813423497	     -2.57359588325460775238	      1.70033974457864434093	     -3.57205222924142029584	    -27.96311569921400419503	     -6.35406574208527441527	     -1.03740932889478454371	      8.30416084807994181460
      0.47700000000000009059	     -0.58021906678756618447	     -0.63317168990150363150	     -2.68547701803412008914	      0.59152925897452124371	      1.02773402280839709633	     -0.02639641227276258786	      1.04768198454299565903	    -10.19648202266956715789	     28.09915957097414462851	     -2.59814712007718284781	      1.69376914859741822816	     -3.66132338353641983986	    -27.57434882668225029079	     -6.30965490127081540805	     -1.04833170725928970235	      8.34597201034980429313
      0.47800000000000009148	     -0.55573208429815734721	     -0.62011074398208931857	     -2.68599997973604409651	      0.59142526997809541367	      1.02758215609617953312	     -0.02645662734398301214	      1.04375598809036973513	    -10.22395637378702559772	     28.06268457271919913865	     -2.62278904530185341670	      1.68711258095556115855	     -3.75059920394253776266	    -27.18560986433364234927	     -6.26551119571902859207	     -1.05900387218312141968	      8.38800757512684569406
      0.47900000000000009237	     -0.53113097276637943889	     -0.60697784987503189402	     -2.68649147366467078157	      0.59132205435497675605	      1.02742881763882287771	     -0.02651624502139421705	      1.03939349681061332653	    -10.25023377810727609472	     28.02574341571452620769	     -2.64751758815533078106	      1.68037447773109627214	     -3.83986889372498874096	    -26.79696294615092710956	     -6.22164813874077982092	     -1.06940694251221302125	      8.43023715953123442546
      0.48000000000000009326	     -0.50641938155911248032	     -0.59377811458711848847	     -2.68695404017528005625	      0.59121960357449310219	      1.02727400857560446923	     -0.02657524750038285297	      1.03458739276963984643	    -10.27529287450169626084	     27.98835769973961973278	     -2.67232848687824464662	      1.67355912242183113570	     -3.92912153036985323240	    -26.40847298259090791817	     -6.17807948953794738856	     -1.07952192615667508235	      8.47264787517995721089
      0.48100000000000009415	     -0.48160105873813569000	     -0.58051663608693104823	     -2.68739023005517196907	      0.59111790875362391073	      1.02711772986853233647	     -0.02663361677633759722	      1.02933087884461360595	    -10.29911330874631048005	     27.95054920415772414799	     -2.69721728116695702582	      1.66667066453959322736	     -4.01834606916578884750	    -26.02020564031809612970	     -6.13481924340859752220	     -1.08932974462034293239	      8.51524465671476349371
      0.48200000000000009504	     -0.45667982039097265723	     -0.56719849285355816715	     -2.68780259855710612626	      0.59101696100625122909	      1.02695998295199975026	     -0.02669133474436759246	      1.02361744846640978501	    -10.32167579108799415621	     27.91233982800838120397	     -2.72217935304331160040	      1.65971331341965910866	     -4.10753131795015669070	    -25.63222724287390974496	     -6.09188153420202738175	     -1.09881139682065609442	      8.55803190436946970010
      0.48300000000000009592	     -0.43165952086606312887	     -0.55382873475600113977	     -2.68819369883523640041	      0.59091675179987546151	      1.02680077037869121881	     -0.02674838329003231124	      1.01744085406591344700	    -10.34296215048620837251	     27.87375153212793321700	     -2.74720998429126206375	      1.65269138388105019111	     -4.19666591699054070119	    -25.24460467518923678654	     -6.04928053261930198659	     -1.10794811718991148553	      8.60099619565528072940
      0.48400000000000009681	     -0.40654405261019699314	     -0.54041237645677631107	     -2.68856607930234536852	      0.59081727291146657333	      1.02664009575765313720	     -0.02680474430476653680	      1.01079512282349504027	    -10.36295534635186754713	     27.83480633441316243193	     -2.77230435511185779873	      1.64560925761256648947	     -4.28573834757261185047	    -24.85740536253952726042	     -6.00703043310348672179	     -1.11672140280073772800	      8.64410692306003269891
      0.48500000000000009770	     -0.38133740310098135362	     -0.52695439411006372854	     -2.68892229046842912155	      0.59071851589878654476	      1.02647796265549118289	     -0.02686039949486842063	      1.00367465676771594474	    -10.38163940565398490889	     27.79552639850423645385	     -2.79745743664561175024	      1.63847120041556038039	     -4.37473700107523111313	    -24.47069739301588597868	     -5.96514561250421593286	     -1.12511278750864507359	      8.68735074082834834996
      0.48600000000000009859	     -0.35604365436904394926	     -0.51345971773732346222	     -2.68926488306788824545	      0.59062047204598677741	      1.02631437452898710561	     -0.02691533040231369744	      0.99607424852059867071	    -10.39899943392819103849	     27.75593402860804914667	     -2.82266398493836989658	      1.63128137181798416044	     -4.46365018454238970946	    -24.08454949394418065367	     -5.92364062268049007542	     -1.13310386748035329951	      8.73073185540809681982
      0.48700000000000009948	     -0.33066695225080650067	     -0.49993322198411488388	     -2.68959640142249156725	      0.59052313272302237035	      1.02614933538220731712	     -0.02696951849993311015	      0.98798904742424709102	    -10.41502166645052795957	     27.71605160935401457323	     -2.84791859293433402556	      1.62404393778924305280	     -4.55246609984233341351	    -23.69903093093834556271	     -5.88253009297820472767	     -1.14067646535282141151	      8.77425396081163455619
      0.48800000000000010036	     -0.30521147678680687898	     -0.48637971826415438148	     -2.68991937611925102658	      0.59042648975726219618	      1.02598285042362502573	     -0.02702294527788618242	      0.97941452548449459137	    -10.42969351486825146935	     27.67590154839009741750	     -2.87321575202767309776	      1.61676308270953428270	     -4.64117282850459744736	    -23.31421141046975620270	     -5.84182861403983721971	     -1.14781278826096300172	      8.81790331644637781494
      0.48900000000000010125	     -0.27968144199241673498	     -0.47280394828202215729	     -2.69023632154124525684	      0.59033053538758906154	      1.02581492599911450192	     -0.02707559226150406742	      0.97034649198561395700	    -10.44300357317399985391	     27.63550627055255048958	     -2.89854984972330820270	      1.60944298267088425902	     -4.72975834268408945604	    -22.93016105611580002233	     -5.80155072119166259625	     -1.15449545491961358401	      8.86164938668292201385
      0.49000000000000010214	     -0.25408115239305162358	     -0.45921057875386278591	     -2.69054974446708561331	      0.59023526170794982093	      1.02564556847209487067	     -0.02712744082820775157	      0.96078119364733671759	    -10.45494155370766087287	     27.59488830400904646467	     -2.92391505348341196324	      1.60208771231774727006	     -4.81821056998889041267	    -22.54695052602274429887	     -5.76171107207461741240	     -1.16070727044982868748	      8.90547858170517869780
      0.49100000000000010303	     -0.22841500271327166982	     -0.44560419400641759768	     -2.69086214252017841275	      0.59014066060581527040	      1.02547478414694537285	     -0.02717847222706769317	      0.95071532863637198130	    -10.46549829298631451024	     27.55407027395600039199	     -2.94930530711890659390	      1.59470124150224479287	     -4.90651740156289850603	    -22.16465098745911532774	     -5.72232444109100324425	     -1.16643125100369093872	      8.94939457559280704402
      0.49200000000000010392	     -0.20268744756012901931	     -0.43198928820534165940	     -2.69117599695549802874	      0.59004672413292891253	      1.02530257993522622151	     -0.02722866766777148548	      0.94014600999872699472	    -10.47466579511790563117	     27.51307484351075061113	     -2.97471439055897901582	      1.58728748611661973911	     -4.99466667560844079787	    -21.78333401528519530643	     -5.68340561365554464146	     -1.17165078601320393759	      8.99340064634150060385
      0.49300000000000010481	     -0.17690297191749645989	     -0.41837025897150698084	     -2.69149376465491085852	      0.58995344489330492355	      1.02512896403125863820	     -0.02727800840456018686	      0.92907072933894274680	    -10.48243727022234494939	     27.47192465682708828467	     -3.00013598114384683058	      1.57985031852129753638	     -5.08264616632778576388	    -21.40307149266214992167	     -5.64496925422723982990	     -1.17634979592142152605	      9.03748296388826055647
      0.49400000000000010569	     -0.15106609101233139936	     -0.40475140129854320081	     -2.69181787599277555501	      0.58986081599029260847	      1.02495394583916610287	     -0.02732647575267068210	      0.91748736947257258922	    -10.48880713480539306204	     27.43064233191270773204	     -3.02556365060502674424	      1.57239355478858322535	     -5.17044359720946289372	    -21.02393558534470230370	     -5.60702988876584029754	     -1.18051275820867229704	      9.08161117508088366890
      0.49500000000000010658	     -0.12518140702731392344	     -0.39113690068796425070	     -2.69215074545157007080	      0.58976883043020178476	      1.02477753481899647170	     -0.02737405090324660992	      0.90539430307951096477	    -10.49377094750005312562	     27.38925054459408059415	     -3.05099074883569754135	      1.56492089354879304608	     -5.25804670206320778902	    -20.64599885614290641911	     -5.56960210957373558216	     -1.18412447998654402070	      9.12577163386289491598
      0.49600000000000010747	     -0.09925360903854174577	     -0.37753082636107293535	     -2.69249477044799956360	      0.58967748105023543026	      1.02459974039827517167	     -0.02742071493829984288	      0.89279040418063704276	    -10.49732540958110149631	     27.34777202126496931101	     -3.07641040339165083850	      1.55743589993883824185	     -5.34544323550817779278	    -20.26933423810506340601	     -5.53270056967836065809	     -1.18717012049111758643	      9.16996777687442765625
      0.49700000000000010836	     -0.07328744278100975118	     -0.36393712535417144238	     -2.69285232349500924798	      0.58958676090344519505	      1.02442057265281016853	     -0.02746644891645850725	      0.87967500879027193950	    -10.49946839986162494540	     27.30622948058292465134	     -3.10181558293670533999	      1.54994202533442093639	     -5.43262096048044185181	    -19.89401493206910842559	     -5.49633986275648833697	     -1.18963535133004394417	      9.21420279692731369892
      0.49800000000000010925	     -0.04728768058337221025	     -0.35035961799830439567	     -2.69322574353307908623	      0.58949666366344666280	      1.02424004300707882642	     -0.02751123395881496098	      0.86604787557849394197	    -10.50019900467113664888	     27.26464557600112925684	     -3.12719915536474468709	      1.54244264267381270272	     -5.51956764014632472737	    -19.52011430521834611795	     -5.46053438174099348146	     -1.19150651452530897956	      9.25846299948581474837
      0.49900000000000011013	     -0.02125912100990473910	     -0.33680199272861027771	     -2.69361733413962722850	      0.58940718356161436731	      1.02405816415274819597	     -0.02755505126317749770	      0.85190919525297847947	    -10.49951751276308442584	     27.22304288695162810541	     -3.15255388513357104330	      1.53494104642198325728	     -5.60627105272839898475	    -19.14770586355826154090	     -5.42529830395947687549	     -1.19277064699274881754	      9.30271831877099231178
      0.50000000000000011102	      0.00479335395658088848	     -0.32326779826284324226	     -2.69402937615160942286	      0.58931831474630458345	      1.02387494884591623290	     -0.02759788191041074104	      0.83725968655620930381	    -10.49742535104425833481	     27.18144400217973455369	     -3.17787232460424595715	      1.52744037001557741995	     -5.69271904865177003074	    -18.77686336443133185981	     -5.39064581923943020314	     -1.19341524811396482164	      9.34695529668690383573
      0.50100000000000011191	      0.03086477903333078449	     -0.30976043795518293233	     -2.69446412680550428931	      0.58923005120077098784	      1.02369040980371983629	     -0.02763970687519786903	      0.82210060441028520728	    -10.49392507962607545835	     27.13987151189027713372	     -3.20314681660913525008	      1.51994356197715529966	     -5.77889956259853043719	    -18.40766078826064244822	     -5.35659112188215136285	     -1.19342829928165805597	      9.39117752839955954869
      0.50200000000000011280	      0.05695013646691150094	     -0.29628316620920119862	     -2.69492381124806490433	      0.58914238714469924219	      1.02350456040500836785	     -0.02768050711366453961	      0.80643369734545589100	    -10.48902041788604755368	     27.09834794921270884061	     -3.22836955737959829804	      1.51245340819951978872	     -5.86480060442540551691	    -18.04017223475407405431	     -5.32314827619526997893	     -1.19279842235514155213	      9.43538853755055484385
      0.50300000000000011369	      0.08304438736007621613	     -0.28283908622754327933	     -2.69541061329082154430	      0.58905531745442052394	      1.02331741541938026074	     -0.02772026365506269699	      0.79026116417714942219	    -10.48271626604742223776	     27.05689573059248331788	     -3.25353265105657118994	      1.50497260185837289370	     -5.95041025280233437655	    -17.67447181937372491234	     -5.29033107854554973670	     -1.19151503815934045605	      9.47957506546145900472
      0.50400000000000011458	      0.10914247260361352454	     -0.26943114620605651544	     -2.69592667392278428906	      0.58896883759104534661	      1.02312899091342224267	     -0.02775895761480753551	      0.77358565929036193776	    -10.47501869462749546358	     27.01553714566894015547	     -3.27862810855322273085	      1.49750375124483769973	     -6.03571667019120816633	    -17.31063364405813587155	     -5.25815304835118091376	     -1.18956838850252877293	      9.52370751175478069683
      0.50500000000000011546	      0.13523925497183117428	     -0.25606213118183479560	     -2.69647410573436019376	      0.58888294292024023768	      1.02293930298558222169	     -0.02779656999035242174	      0.75641038608853428116	    -10.46593487984265458124	     26.97429444300316703220	     -3.30364774963594554080	      1.49004924773415958761	     -6.12070815565575365724	    -16.94873190810828234021	     -5.22662766214067353587	     -1.18694929575826546575	      9.56777291834604248777
      0.50600000000000011635	      0.16132951964712094473	     -0.24273465900025606445	     -2.69705499227229683612	      0.58879762862399931400	      1.02274836764545429268	     -0.02783308167036454422	      0.73873910137707832213	    -10.45547309302117966467	     26.93318982245017423338	     -3.32858320843576560577	      1.48261123655848625624	     -6.20537315700041425259	    -16.58884087829689946147	     -5.19576834179380675494	     -1.18364917862723961761	      9.61177550227857402376
      0.50700000000000011724	      0.18740800630314993769	     -0.22945117940768017251	     -2.69767137895275155302	      0.58871289011939831326	      1.02255620153827142538	     -0.02786847352873565720	      0.72057606883156610778	    -10.44364271784321296366	     26.89224537498268574609	     -3.35342599406237829029	      1.47519166002203316879	     -6.28970026421860417543	    -16.23103478361851870204	     -5.16558831374292548588	     -1.17966020895291201498	      9.65571960768172132816
      0.50800000000000011813	      0.21346944226931865995	     -0.21621397439322351253	     -2.69832526334059830120	      0.58862872349273809292	      1.02236282270307810016	     -0.02790272652507308840	      0.70192601075637539587	    -10.43045426365888062037	     26.85148301927962677382	     -3.37816754092364579520	      1.46779237372343951407	     -6.37367820386248062903	    -15.87538770990156500318	     -5.13610048823429909959	     -1.17497547055103046532	      9.69959274654678615946
      0.50900000000000011902	      0.23950854429354456743	     -0.20302515612668722844	     -2.69901859386075848590	      0.58854512542268488939	      1.02216825046389492293	     -0.02793582171875178335	      0.68279410894940584242	    -10.41591934945390462985	     26.81092449123618237650	     -3.40279920930954338232	      1.46041516141378036053	     -6.45729585249284632198	    -15.52197356870805577955	     -5.10731745713209761561	     -1.16958897759538138494	      9.74336594782926646019
      0.51000000000000011990	      0.26551995959997387597	     -0.18988665888684944094	     -2.69975328569667816225	      0.58846209247144520837	      1.02197250409605699950	     -0.02796774005531918461	      0.66318609654018023658	    -10.40005063863960543813	     26.77059143612430602843	     -3.42731219982289170289	      1.45306153062084342231	     -6.54054228428817463481	    -15.17086620649217287848	     -5.07925171015435861221	     -1.16349542313629794599	      9.78702705969288899723
      0.51100000000000012079	      0.29149826696463437825	     -0.17680023677536271798	     -2.70053122022936120672	      0.58837962099551244233	      1.02177560268934852772	     -0.02799846237651736416	      0.64310825861642140211	    -10.38286182304154614542	     26.73050540231854199646	     -3.45169756196820554095	      1.44573267639843394683	     -6.62340678152046002936	    -14.82213937293835037678	     -5.05191561982255610275	     -1.15669019007783058228	      9.83058140490265763844
      0.51200000000000012168	      0.31743801038886260146	     -0.16376746539311182183	     -2.70135423540704922019	      0.58829770758076382897	      1.02157756589890946763	     -0.02802796952290447299	      0.62256738119054488845	    -10.36436763195760057954	     26.69068777791733637628	     -3.47594625172983917594	      1.43842955580527487314	     -6.70587882964771253569	    -14.47586661440415234381	     -5.02532130755315531445	     -1.14916950656359451166	      9.87403467746473140210
      0.51300000000000012257	      0.34333373436058511885	     -0.15078974462009211988	     -2.70222411551457986079	      0.58821634949037737705	      1.02137841473127943814	     -0.02805624244471921491	      0.60157069752779812610	    -10.34458383785267621136	     26.65115972189565596295	     -3.50004917539054227760	      1.43115306837426037312	     -6.78794811214769566732	    -14.13212116664976214508	     -4.99948054837491184799	     -1.14093060563967441112	      9.91737544969212159174
      0.51400000000000012346	      0.36917998640138272037	     -0.13786829811808931634	     -2.70314258987000410883	      0.58813554458834071959	      1.02117817142208489045	     -0.02808326221852994187	      0.58012588482145155400	    -10.32352723538846817064	     26.61194215431534715322	     -3.52399719099896113761	      1.42390407889892300908	     -6.86960452113018416043	    -13.79097592166760577470	     -4.97440477358191124324	     -1.13197173940351514254	      9.96057539928488111514
      0.51500000000000012434	      0.39497125649461545249	     -0.12500416516731882588	     -2.70411134987822920905	      0.58805529061180261685	      1.02097685803867288534	     -0.02810900982466315104	      0.55824115583967071075	    -10.30121557603242088419	     26.57305585894331301233	     -3.54778103808725608914	      1.41668310823998222503	     -6.95083819876855724118	    -13.45250353516590280378	     -4.95010524949576691256	     -1.12229191366978997557	     10.00362340588638687677
      0.51600000000000012523	      0.42070197860326147277	     -0.11219819981372755602	     -2.70513204839096443877	      0.58797558508446401415	      1.02077449633272321350	     -0.02813346615902972969	      0.53592525612962960135	    -10.27766754738090249077	     26.53452147916505765579	     -3.57139134870343344375	      1.40949029152530580511	     -7.03163954473277552637	    -13.11677639302790332465	     -4.92659306098744753655	     -1.11189089354364778472	     10.04652635853226172458
      0.51700000000000012612	      0.44636656605688079802	     -0.09945107474586649399	     -2.70620628951640540549	      0.58789642576662726192	      1.02057110851884913494	     -0.02815661214479819527	      0.51318740810910568051	    -10.25290277507499681064	     26.49635944981158175437	     -3.59481869969848100155	      1.40232550216041862434	     -7.11199921228137377227	    -12.78386650350302033985	     -4.90387899701764951033	     -1.10076935771478634507	     10.08929177908157726051
      0.51800000000000012701	      0.47195944909654935495	     -0.08676328626620670448	     -2.70733561772473541041	      0.58781781111827491326	      1.02036671808807466455	     -0.02817842885469402231	      0.49003725127586422738	    -10.22694182186407374502	     26.45858992176839663557	     -3.61805364899037140702	      1.39518860517883691585	     -7.19190810367383193125	    -12.45384538787865835729	     -4.88197348152760746132	     -1.08892905914813131751	     10.13190946851336171619
      0.51900000000000012790	      0.49747507809176960691	     -0.07413515510318341439	     -2.70852151633228066530	      0.58773974022646913173	      1.02016134967880400808	     -0.02819889753068936106	      0.46648483491002173951	    -10.19980616249366178749	     26.42123275383255176507	     -3.64108673786312353471	      1.38807948438768424815	     -7.27135737708419416236	    -12.12678404514863217400	     -4.86088657769902177108	     -1.07637283397687411046	     10.17435160542349237289
      0.52000000000000012879	      0.52290786060498606336	     -0.06156681781674690213	     -2.70976542561731603698	      0.58766221206154956036	      1.01995502762801404373	     -0.02821799935038912452	      0.44254071132837574654	    -10.17151811873468325587	     26.38430762872894419502	     -3.66390843803994226136	      1.38099760412600436332	     -7.35033848105742126933	    -11.80275305849202105435	     -4.84062812123728658520	     -1.06310431904887670029	     10.21660824892031271816
      0.52100000000000012967	      0.54825216330765103034	     -0.04905822707831829915	     -2.71106874198634706374	      0.58758522539389812511	      1.01974777582251374675	     -0.02823571544075736614	      0.41821592986081695953	    -10.14210083492236513791	     26.34783405132980149688	     -3.68650916437621978261	      1.37394196589973693889	     -7.42884315807563488931	    -11.48182255982473520817	     -4.82120770543477039638	     -1.04912795156389870854	     10.25868825704116638065
      0.52200000000000013056	      0.57350234932814547761	     -0.03660915747163131367	     -2.71243280710829459679	      0.58750877925872246887	      1.01953961850740704165	     -0.02825202699941805479	      0.39352197530825483440	    -10.11157827379496687570	     26.31183127431700086163	     -3.70887931987334962258	      1.36691129889418383492	     -7.50686344108027370225	    -11.16406212043020573788	     -4.80263459368142342498	     -1.03444912297969127124	     10.30060127509286260761
      0.52300000000000013145	      0.59865281799169667298	     -0.02421921248033667706	     -2.71385889618327924566	      0.58743287343612959894	      1.01933058112592478395	     -0.02826691542778133823	      0.36847070165592898938	    -10.07997520958547177372	     26.27631821643759835183	     -3.73100932440837684823	      1.35990438352373033126	     -7.58439164980090296808	    -10.84954063976077698328	     -4.78491766954871522444	     -1.01907433961818627566	     10.34233841064839154456
      0.52400000000000013234	      0.62369800849804291065	     -0.01188782636550107102	     -2.71534821612637067290	      0.58735750838251299388	      1.01912069019147066840	     -0.02828036235279032112	      0.34307432123531761414	    -10.04731719946800261312	     26.24131345652066471530	     -3.75288961803008058737	      1.35292007750578258118	     -7.66142039389836160268	    -10.53832630831317906939	     -4.76806543937082150109	     -1.00301122494505801086	     10.38387228177287546771
      0.52500000000000013323	      0.64863233419260946100	      0.00038574526661278697	     -2.71690192488693726958	      0.58728268446617093446	      1.01890997180245546083	     -0.02829234937994145119	      0.31734550114617771088	    -10.01363051998579756230	     26.20683536303205940499	     -3.77451062580786267375	      1.34595674200029047363	     -7.73794260028662517215	    -10.23048671395911135562	     -4.75208612673745278698	     -0.98626821854261670364	     10.42519430635790200768
      0.52600000000000013411	      0.67345018492049013581	      0.01260242426050497445	     -2.71852113040551124357	      0.58720840188574707774	      1.01869845150082860563	     -0.02830285810854537773	      0.29129735412668888994	     -9.97894213969620302862	     26.17290209377033249893	     -3.79586277119573445304	      1.33901220279166177640	     -7.81395151292662237807	     -9.92608880493217782259	     -4.73698766202118193291	     -0.96885456993572216522	     10.46631559399656552500
      0.52700000000000013500	      0.69814596649506543979	      0.02476330227395734732	     -2.72020687894825519137	      0.58713466115084944619	      1.01848615511201767703	     -0.02831187026269333176	      0.26494337072603174610	     -9.94327970975513686369	     26.13953151499905303012	     -3.81693651243044662635	      1.33208401738328618968	     -7.88944068931833530911	     -9.62519877898881404121	     -4.72277762160202474462	     -0.95078049281325494047	     10.50724795208395434543
      0.52800000000000013589	      0.72271414197189964845	      0.03686963187653493484	     -2.72196014258579310763	      0.58706146357882338371	      1.01827310960685402108	     -0.02831936783187338422	      0.23829734713747929842	     -9.90667155135075105932	     26.10674111559648125080	     -3.83772236562249124958	      1.32516984847220098409	     -7.96440399778826524368	     -9.32788197204436109189	     -4.70946318655673934472	     -0.93205732265387886137	     10.54798390090230952865
      0.52900000000000013678	      0.74714923540871436280	      0.04892282375261461369	     -2.72378181726277235342	      0.58698881122661505927	      1.01805934297837774594	     -0.02832533309270130265	      0.21137337174926404404	     -9.86914662434731582152	     26.07454800349441015328	     -3.85821090940752675635	      1.31826748220107758947	     -8.03883561739114860245	     -9.03420282089784443258	     -4.69705114221601061075	     -0.91269751132824761264	     10.58849682973688643983
      0.53000000000000013767	      0.77144576362077532661	      0.06092445719876676130	     -2.72567274361735689681	      0.58691670609922752533	      1.01784488273350515186	     -0.02832974834907860465	      0.18418592554250629023	     -9.83073446647667026355	     26.04296904549313751431	     -3.87839276459940984765	      1.31137414264322682556	     -8.11273005871927388455	     -8.74422497024470146698	     -4.68554795172965654615	     -0.89271431046587468305	     10.62877980551682810528
      0.53100000000000013856	      0.79559823898185011437	      0.07287627803729299081	     -2.72763370588911824299	      0.58684515006711357454	      1.01762975576164427238	     -0.02833259594887172286	      0.15674987032331419434	     -9.79146516383551102081	     26.01202086728223505929	     -3.89825860645690402961	      1.30448646672599699592	     -8.18608216071473826503	     -8.45801123543544974837	     -4.67495975193332480302	     -0.87212176035218458292	     10.66884625303031697285
      0.53200000000000013944	      0.81960121074793912399	      0.08478018909385459656	     -2.72966541945919694001	      0.58677414536357541675	      1.01741398920397307926	     -0.02833385842329887508	      0.12908037484027581887	     -9.75136933664330740612	     25.98171976757767964727	     -3.91779919201474902124	      1.29760084551252274920	     -8.25888708658753856184	     -8.17562349148968614543	     -4.66529231198345151199	     -0.85093484388865281431	     10.70870991825505846862
      0.53300000000000014033	      0.84344930665253625701	      0.09663823953557083846	     -2.73176851784820318159	      0.58670369509492581450	      1.01719761133009667375	     -0.02833351862918903272	      0.10119283848292724703	     -9.71047812126288967249	     25.95208163213419894078	     -3.93700538214241513302	      1.29071380703660065770	     -8.33114032139219240491	     -7.89712256459241945805	     -4.65655099148028295275	     -0.82916963652767960991	     10.74836496386309114826
      0.53400000000000014122	      0.86713723633747386010	      0.10845262128585353434	     -2.73394355100389541136	      0.58663380316836011286	      1.01698065141692106650	     -0.02833155976893381514	      0.07310287645301193071	     -9.66882313670914683712	     25.92312193230116434961	     -3.95586814818937071436	      1.28382201922338134992	     -8.40283766967184142516	     -7.62256819684558184491	     -4.64874073803054521647	     -0.80684329228755402585	     10.78778640283173473335
      0.53500000000000014211	      0.89065972182955344127	      0.12022568057806520825	     -2.73619100771614087719	      0.58656447347147988580	      1.01676313822490893557	     -0.02832796512399725700	      0.04482642360034824747	     -9.62643642800976984120	     25.89485586843425579673	     -3.97437855832783881738	      1.27692155471790980137	     -8.47397527160044639061	     -7.35201915356877577779	     -4.64186615990381579167	     -0.78397371869850207560	     10.82696935275264316090
      0.53600000000000014300	      0.91401150075681980578	      0.13195991500392220686	     -2.73851131467240671569	      0.58649570978688059242	      1.01654509987215391220	     -0.02832271807364635310	      0.01637972064681331510	     -9.58335043514604834058	     25.86729836882232902440	     -3.99252778723461254629	      1.27000788511421691673	     -8.54454959821158865907	     -7.08553318741493054489	     -4.63593152876076342039	     -0.76057956133817583577	     10.86592936085177640848
      0.53700000000000014388	      0.93718736872538543903	      0.14365796214943221676	     -2.74090482335372298550	      0.58642751630553546782	      1.01632656472637972200	     -0.02831580223956992742	     -0.01222076461493127111	     -9.53959797420242061605	     25.84046400189672709757	     -4.01030713697969520837	      1.26307627036874903226	     -8.61455744616579188744	     -6.82316692943525460180	     -4.63094074769907226852	     -0.73668035442417656444	     10.90468173121506900713
      0.53800000000000014477	      0.96018221986373863963	      0.15532258746501953484	     -2.74337179698305222431	      0.58635989814518418850	      1.01610756228723841943	     -0.02830720162378861857	     -0.04095841553925778922	     -9.49521221441959895060	     25.81436689438645615269	     -4.02770806356778443558	      1.25612210729401896359	     -8.68399593451386664356	     -6.56497578654573654688	     -4.62689730317159408912	     -0.71229665778307826862	     10.94322260492059406545
      0.53900000000000014566	      0.98299104963959660353	      0.16695668003277649993	     -2.74591240935465963346	      0.58629286127115665117	      1.01588812305893250176	     -0.02829690062664945091	     -0.06981648174078781965	     -9.45022664324469552355	     25.78902073109751924562	     -4.04472218559284879547	      1.24914091559033635370	     -8.75286250127205001093	     -6.31101391019396285031	     -4.62380426289927015659	     -0.68745003402135462789	     10.98152975582819657063
      0.54000000000000014655	      1.00560888589834851459	      0.17856326490150720154	     -2.74852676862547795622	      0.58622641165214872672	      1.01566827701340800516	     -0.02828488378385685120	     -0.09877797361526602371	     -9.40467501484167733850	     25.76443889385043917173	     -4.06134126590179089789	      1.24212763448759000440	     -8.82115491748742819311	     -6.06133430249549309821	     -4.62166436324310403450	     -0.66216272473914350449	     11.01960071404134389184
      0.54100000000000014744	      1.02803079237648709032	      0.19014549929926036209	     -2.75121491671065498963	      0.58616055517162302113	      1.01544805346088451437	     -0.02827113578797816121	     -0.12782567751826623415	     -9.35859131802496868602	     25.74063445830751106769	     -4.07755721887094857436	      1.23507663206608708784	     -8.88887128222235745056	     -5.81598878327297263979	     -4.62048001825569976120	     -0.63645763097896224103	     11.05745270901433841004
      0.54200000000000014833	      1.05025191096579462169	      0.20170665963305003943	     -2.75397681585219222811	      0.58609529815383953899	      1.01522748195524270542	     -0.02825564163379313404	     -0.15694223766752779525	     -9.31200975321861612599	     25.71762010826628142013	     -4.09336213105039004034	      1.22798209583890849395	     -8.95601001538188690176	     -5.57502788582698904918	     -4.62025328818049363377	     -0.61035845588281700813	     11.09510216411596239539
      0.54300000000000014921	      1.07226750012794558309	      0.21325012826388384246	     -2.75681233592987640080	      0.58603064788508307803	      1.01500659317301633600	     -0.02823838674805577778	     -0.18611023404588977748	     -9.26496470542845962370	     25.69540806126635956730	     -4.10874829396962315542	      1.22083832758553811892	     -9.02256985250133070053	     -5.33850076257380479205	     -4.62098582290283754759	     -0.58388982510860010233	     11.13254748608353317252
      0.54400000000000015010	      1.09407293708752462180	      0.22477938874694936011	     -2.75972125403650636599	      0.58596661252684578702	      1.01478541877086381184	     -0.02821935700694752983	     -0.21531219717661270741	     -9.21749070883248933228	     25.67401006836582766368	     -4.12370821335974557797	      1.21363972053679058938	     -9.08854984125119003124	     -5.10645515862761900650	     -4.62267886235115454951	     -0.55707725610193603583	     11.16977017285459439222
      0.54500000000000015099	      1.11566365139260592620	      0.23629803848501843011	     -2.76270327917931668438	      0.58590320025820408212	      1.01456398983882700726	     -0.02819853848677570524	     -0.24453050388304400919	     -9.16962240134766126687	     25.65343754160709721646	     -4.13823457921772863699	      1.20638014253816394650	     -9.15394935568546408433	     -4.87893751485545745794	     -4.62533334691942688011	     -0.52994684498361632752	     11.20677028157465393576
      0.54600000000000015188	      1.13703512853399901772	      0.24780978420539434559	     -2.76575805218188985890	      0.58584041918420393102	      1.01434233675872098601	     -0.02817591748827879064	     -0.27374739332661834901	     -9.12139449255110257297	     25.63370154856364990792	     -4.15232027174578632867	      1.19905295144366497162	     -9.21876809180912815123	     -4.65599293904782918219	     -4.62894993106069563282	     -0.50252524271971232839	     11.24356613179835662208
      0.54700000000000015277	      1.15818295085847089432	      0.25931842772542784692	     -2.76888513236631617076	      0.58577827786865344084	      1.01412049011165761314	     -0.02815148067829858006	     -0.30294504968907565168	     -9.07284173755222234092	     25.61481273256421431483	     -4.16595838665257467426	      1.19165134781257453511	     -9.28300605776149367898	     -4.43766510886548282144	     -4.63352894577037144330	     -0.47483978505039059481	     11.28017493230204415511
      0.54800000000000015365	      1.17910283362483592207	      0.27082785194437591914	     -2.77208398544975276323	      0.58571678585496433911	      1.01389848154919293144	     -0.02812521521241911557	     -0.33210567870268831170	     -9.02399890750488609115	     25.59678124671422949632	     -4.17914227279906214108	      1.18416862162424751936	     -9.34666356558326860693	     -4.22399618619895989013	     -4.63907033500512078206	     -0.44691859639110126379	     11.31659743809681017979
      0.54900000000000015454	      1.19979062682612602764	      0.28234201562872462965	     -2.77535398390821219650	      0.58565595357311817093	      1.01367634363209324633	     -0.02809710875383309922	     -0.36121152223072400256	     -8.97490075508412488148	     25.57961675251702970968	     -4.19186554051759241446	      1.17659813078710140388	     -9.40974122795175205169	     -4.01502679583330657209	     -4.64557366042667396755	     -0.41879055341511478572	     11.35281916534348845005
      0.55000000000000015543	      1.22024225228358029760	      0.29386496598428879512	     -2.77869443217284350922	      0.58559579147778817454	      1.01345410827875470616	     -0.02806714924098888467	     -0.39024475747892173327	     -8.92558197565756294978	     25.56332853288070339204	     -4.20412201949295205594	      1.16893278208536144369	     -9.47223997371435544324	     -3.81079612472008344426	     -4.65303823532229898774	     -0.39048498792606983754	     11.38884244991861116603
      0.55100000000000015632	      1.24045370705067958816	      0.30540083354718561282	     -2.78210456717430876239	      0.58553630995334260412	      1.01323180660784872842	     -0.02803532491290709749	     -0.41918751332215986594	     -8.87607717629295933648	     25.54792548529998796880	     -4.21590576483861312340	      1.16116504194245462322	     -9.53416104392509566878	     -3.61134189828940455058	     -4.66146314082755530706	     -0.36203165842245116357	     11.42468615777546503409
      0.55200000000000015721	      1.26042110210171998119	      0.31695381714353931812	     -2.78558354555556286769	      0.58547751984715756812	      1.01300946983849748939	     -0.02800162444473797835	     -0.44802195170984321360	     -8.82642084792999881415	     25.53341605045655171580	     -4.22721108891304186983	      1.15328723311882352931	     -9.59550597879831812520	     -3.41670029231808269898	     -4.67084718006871568718	     -0.33346086455055462539	     11.46036812453753839236
      0.55300000000000015810	      1.28014069660481188961	      0.32852816921580690890	     -2.78913043213313516233	      0.58541943298979226551	      1.01278713015338817094	     -0.02796603706846349791	     -0.47673034297287786298	     -8.77664733502473204396	     25.51980815327212681609	     -4.23803259864583203864	      1.14529176375580465930	     -9.65627660568585000078	     -3.22690585521753048326	     -4.68118881184488344616	     -0.30480353810629862155	     11.49589120279978260442
      0.55400000000000015898	      1.29960889967767312392	      0.34012819015464446082	     -2.79274420095916964257	      0.58536206209791086241	      1.01256482052252838599	     -0.02792855259410636712	     -0.50529508069403827886	     -8.72679080309218058176	     25.50710919997365166978	     -4.24836520135916284602	      1.13717111744430998677	     -9.71647503544743962323	     -3.04199149151591896612	     -4.69248616079734581774	     -0.27609120344930643265	     11.53124432386265141304
      0.55500000000000015987	      1.31882221058175019834	      0.35175824064883837172	     -2.79642376087463340184	      0.58530541991173634653	      1.01234257315489561968	     -0.02788916118797703583	     -0.53369858477495479843	     -8.67688520670390239786	     25.49532617889808960854	     -4.25820405685922498407	      1.12891739567331339522	     -9.77610367890874520924	     -2.86198855856020673016	     -4.70473716851110612680	     -0.24735569555351699655	     11.56643151904341415559
      0.55600000000000016076	      1.33777722159437240101	      0.36342273613516479225	     -2.80016795675880514338	      0.58524951909602129785	      1.01212041932924301513	     -0.02784785339603361443	     -0.56192331772691328506	     -8.62696426065955890294	     25.48446565395921936670	     -4.26754458537957948039	      1.12052231452865225236	     -9.83516524241394307637	     -2.68692684860044517237	     -4.71793961087881363881	     -0.21862912694089037258	     11.60147187705392646251
      0.55700000000000016165	      1.35647065436383207349	      0.37512613122985560832	     -2.80397555746920223996	      0.58519437277020391885	      1.01189839028168360180	     -0.02780462027475776726	     -0.58995186387316067567	     -8.57706141185517267900	     25.47453370168901898296	     -4.27638250422162524700	      1.11197745348182164271	     -9.89366271129380336902	     -2.51683450997275803829	     -4.73209104566265637004	     -0.18994398747417146067	     11.63638387367931592564
      0.55800000000000016254	      1.37489939342648392895	      0.38687290430708504152	     -2.80784524459107975858	      0.58513999503041747019	      1.01167651806221514654	     -0.02775945351687276325	     -0.61776700414843233045	     -8.52720980913999326845	     25.46553585616416270909	     -4.28471385660523829131	      1.10327451102323359500	     -9.95159933385705919306	     -2.35173797558643915551	     -4.74718874869959073237	     -0.16133322835180888277	     11.67117190280944072356
      0.55900000000000016342	      1.39306048804685955744	      0.39866755134147091599	     -2.81177561395519637344	      0.58508640085055418911	      1.01145483535273772446	     -0.02771234547352002808	     -0.64535173146222635232	     -8.47744227357433111081	     25.45747710487876602770	     -4.29253501361885803078	      1.09440531249788963741	    -10.00897861638563846043	     -2.19166195067698899024	     -4.76322972945207911977	     -0.13283022146656889295	     11.70582697743381395128
      0.56000000000000016431	      1.41095109386580075395	      0.41051459820905039644	     -2.81576520163179688794	      0.58503360521668368310	      1.01123337393290180231	     -0.02766328892890106833	     -0.67268915607259727185	     -8.42779127310097564418	     25.45036198365119872733	     -4.29984263340060302028	      1.08536134150004026644	    -10.06580433931613427490	     -2.03662950957240029837	     -4.78021088920264780597	     -0.10446848638158770517	     11.74035403342119643355
      0.56100000000000016520	      1.42856847488448646111	      0.42241859480459842402	     -2.81981248575462339900	      0.58498162302358447384	      1.01101216450763886634	     -0.02761227711747427094	     -0.69976252110597092493	     -8.37828889627264850049	     25.44419457222636538063	     -4.30663367110609751620	      1.07613372156133468849	    -10.12208055123576500023	     -1.88666208366714194256	     -4.79812903813306856904	     -0.07628165214194777832	     11.77477231270455781953
      0.56200000000000016609	      1.44591003794582340092	      0.43438409899238683565	     -2.82391587500871388272	      0.58493046960190242523	      1.01079123757895072977	     -0.02755930385393633511	     -0.72655527900898431160	     -8.32896682438485314037	     25.43897843763755872715	     -4.31290541332179788725	      1.06671345363621905555	    -10.17781154926458775378	     -1.74177939095221545607	     -4.81698084004131565905	     -0.04830354543231366038	     11.80910108396410684861
      0.56300000000000016698	      1.46297336665975152847	      0.44641566016298545039	     -2.82807369712589196098	      0.58488016124722830291	      1.01057062429786026492	     -0.02750436367042288777	     -0.75305116653676129612	     -8.27985630175974840483	     25.43471657884456860188	     -4.31865549206503374080	      1.05709173002488654447	    -10.23300185925038796597	     -1.60199936839675727285	     -4.83676275684032841440	     -0.02056827380871139102	     11.84334553808876400183
      0.56400000000000016787	      1.47975622327515088372	      0.45851781253891787937	     -2.83228420050832685462	      0.58483071512144402249	      1.01035035628859981571	     -0.02744745183647519238	     -0.77923422026428901255	     -8.23098810879477937874	     25.43141142237401908233	     -4.32388188305290732671	      1.04725995691416873257	    -10.28765622824192504936	     -1.46733816335236078032	     -4.85747106869163136622	      0.00688981493430085995	     11.87749701439454064200
      0.56500000000000016875	      1.49625648937527455651	      0.47069508792882047699	     -2.83654558099606690647	      0.58478214837666731007	      1.01013046413807305868	     -0.02738856411280958872	     -0.80508868105038056129	     -8.18239254307729169113	     25.42906492005989704808	     -4.32858288435568994146	      1.03720920667546678828	    -10.34177963921190723795	     -1.33781023404576160374	     -4.87910202668744208410	      0.03403640640781593202	     11.91156052256435593506
      0.56600000000000016964	      1.51247216674544948667	      0.48295200959541306762	     -2.84085598404445605070	      0.58473447804756295554	      1.00991097723000811115	     -0.02732769675913905572	     -0.83059900798622166018	     -8.13409939577654128584	     25.42767854827738105428	     -4.33275712689810710287	      1.02693019178363864619	    -10.39537730250715164004	     -1.21342834319576686752	     -4.90165186883042114374	      0.06083726248134145587	     11.94555560900577617645
      0.56700000000000017053	      1.52840141097709114604	      0.49529307555635315730	     -2.84521349333465956022	      0.58468772157960613445	      1.00969192459995249500	     -0.02726484666934844703	     -0.85574995237709938767	     -8.08613792428660538292	     25.42725325380129319797	     -4.33640359797747088066	      1.01641353466613493239	    -10.44845463364181092913	     -1.09420349393543125949	     -4.92511676756241634223	      0.08725813892665311433	     11.97950250365551738696
      0.56800000000000017142	      1.54404256683089635693	      0.50772274080052892664	     -2.84961611847240403605	      0.58464189737142224779	      1.00947333578345577187	     -0.02720001152527786251	     -0.88052663357889082718	     -8.03853682297138050217	     25.42778939421726747128	     -4.33952163866255702374	      1.00565014611134384559	    -10.50101722985937868771	     -0.98014486399709555009	     -4.94949278731576214341	      0.11326469698746731429	     12.01340637565196622916
      0.56900000000000017231	      1.55939416995842994318	      0.52024541007736924136	     -2.85406179644581436960	      0.58459702467760343847	      1.00925524065663063666	     -0.02713318981138356997	     -0.90491455398951481381	     -7.99132419902324286909	     25.42928673460569655163	     -4.34211093976364193026	      0.99463125345127689769	    -10.55307085909074160668	     -0.87125980043728912250	     -4.97477590774724465206	      0.13882254340373878509	     12.04725710718884812422
      0.57000000000000017319	      1.57445488422721791011	      0.53286545182053324243	     -2.85854841968664974416	      0.58455312271166082194	      1.00903766795419858049	     -0.02706438053303380012	     -0.92889949878200239741	     -7.94452755997477400030	     25.43174455665104716218	     -4.34417154538070349190	      0.98334774359202492544	    -10.60462147289888434898	     -0.76755392778709574664	     -5.00096215877195415800	      0.16389751437845540005	     12.08105902790523877854
      0.57100000000000017408	      1.58922350145343349581	      0.54558719182905912604	     -2.86307383837528828252	      0.58451021053454088605	      1.00882064511905111814	     -0.02699358321382564277	     -0.95246754778468400993	     -7.89817379284065701484	     25.43516166216743101813	     -4.34570386285230636503	      0.97179013520598045428	    -10.65567519474938329438	     -0.66903114691996434793	     -5.02804763591427406055	      0.18845572189214992997	     12.11483219046957415799
      0.57200000000000017497	      1.60369897536704741903	      0.55841489563520885220	     -2.86763584863731413321	      0.58446830759044077208	      1.00860419914165766464	     -0.02692079804268681514	     -0.97560514800578623795	     -7.85228913743424428162	     25.43953631704578555173	     -4.34670867088917667331	      0.95994890375492092360	    -10.70623829539117011223	     -0.57569357502316131914	     -5.05602845737934192272	      0.21246347029493756198	     12.14859780028754343562
      0.57300000000000017586	      1.61788045894419418858	      0.57135274923849110884	     -2.87223217905147842899	      0.58442743426758991809	      1.00838835740208221381	     -0.02684602604645774937	     -0.99829919020893675974	     -7.80689915766184405754	     25.44486618480567230449	     -4.34718709983286277776	      0.94781492022995639246	    -10.75631716603291110346	     -0.48754148016370341123	     -5.08490073564445221876	      0.23588715852215866309	     12.18236019158177541044
      0.57400000000000017675	      1.63176730566016070512	      0.58440485164942423957	     -2.87686049183943737262	      0.58438761180194376266	      1.00817314753260478533	     -0.02676926909691492926	     -1.02053702244093735807	     -7.76202872049458214576	     25.45114832554198969206	     -4.34714062601493189675	      0.93537947900673490409	    -10.80591830351624871298	     -0.40457327943101600853	     -5.11466060142553047285	      0.25869331930500055750	     12.21610629193938279968
      0.57500000000000017764	      1.64535900172851645706	      0.59757523094614284354	     -2.88151841281934206762	      0.58434886134775021471	      1.00795859596656578461	     -0.02669052958591613262	     -1.04230634239167829769	     -7.71770199049756033816	     25.45837932239186685024	     -4.34657110188450346300	      0.92263352789317287783	    -10.85504832241275074978	     -0.32678565822551008946	     -5.14530431424867629175	      0.28084892027661534364	     12.24983909644778279358
      0.57600000000000017852	      1.65865516478997632177	      0.61086783819217704838	     -2.88620353373966231914	      0.58431120386210533280	      1.00774472780906632075	     -0.02660981041334301023	     -1.06359520709982158237	     -7.67394241242220509491	     25.46655528918390132276	     -4.34548076469680033540	      0.90956764263050116082	    -10.90371394030158569421	     -0.25417357410652868799	     -5.17682827783787047338	      0.30232141183340105473	     12.28357919646266260827
      0.57700000000000017941	      1.67165557922430507709	      0.62428652905016701613	     -2.89091339964905502669	      0.58427466065465560874	      1.00753156766216300788	     -0.02652711515163939243	     -1.08439210499168203761	     -7.63077268599139557637	     25.47567180888059468202	     -4.34387222737409661732	      0.89617241313735285235	    -10.95192195085940234378	     -0.18673019877837707114	     -5.20922901074805366761	      0.32307863641976686253	     12.31734850819434790026
      0.57800000000000018030	      1.68436023540392176834	      0.63783504356023323911	     -2.89564549412752114677	      0.58423925396913733987	      1.00731914045641479660	     -0.02644244823677527681	     -1.10468603250157104689	     -7.58821473874875351839	     25.48572385935607442775	     -4.34174844164819351278	      0.88243893359928071707	    -10.99967919407968608425	     -0.12444685255163223658	     -5.24250312970371368237	      0.34308871903303267414	     12.35114978060444812513
      0.57900000000000018119	      1.69676933008753061394	      0.65151699923635741918	     -2.90039724033273893511	      0.58420500688516840970	      1.00710747133714462187	     -0.02635581496659756412	     -1.12446650540754156111	     -7.54628970933387765996	     25.49670581532947011283	     -4.33911269129131138556	      0.86835882599656555314	    -11.04699253842888673205	     -0.06731300646675278387	     -5.27664737198592614931	      0.36232010536203929085	     12.38496595680423695285
      0.58000000000000018208	      1.70888319282967349189	      0.66533591038518624661	     -2.90516603336799716928	      0.58417194234646241391	      1.00689658424455941166	     -0.02626722113284013158	     -1.14372344308357054565	     -7.50501795032469765090	     25.50861159440996672743	     -4.33596864898436784586	      0.85392336682185154828	    -11.09386889442684420715	     -0.01531641527559839296	     -5.31165868069563895659	      0.38074188307367823336	     12.41879817343902026039
      0.58100000000000018296	      1.72070228376890432820	      0.67929518291222146242	     -2.90994924262107534929	      0.58414008304063336219	      1.00668650180809615691	     -0.02617667300185577695	     -1.16244717618567494632	     -7.46441901548642672282	     25.52143466774111146833	     -4.33232038322797308183	      0.83912346617263866566	    -11.14031519799864256015	      0.03155687393556972503	     -5.34753422057331206929	      0.39832382742830962918	     12.45266732169271683972
      0.58200000000000018385	      1.73222723079029194970	      0.69339809559226495139	     -2.91474419801242667916	      0.58410945196705188476	      1.00647724615880251875	     -0.02608417749846056455	     -1.18062851862509776701	     -7.42451163716110240642	     25.53516799061022979345	     -4.32817233135774426245	      0.82395011161473896699	    -11.18633838133935043402	      0.07332257930359760423	     -5.38427136274033735219	      0.41503629698350952282	     12.48659541778543236035
      0.58300000000000018474	      1.74345887000036503522	      0.70764777973606052264	     -2.91954817413576961371	      0.58408007303617770489	      1.00626883974353731332	     -0.02598974241079964401	     -1.19825884298165030728	     -7.38531370190397495890	     25.54980392139216860414	     -4.32352924640875446727	      0.80839489805839259695	    -11.23194534070881900334	      0.10999824913601090326	     -5.42186767615405607046	      0.43085011959998831266	     12.52058299762432724833
      0.58400000000000018563	      1.75439824484059125886	      0.72204721363231172404	     -2.92435839139881936788	      0.58405197096473371321	      1.00606130523207903948	     -0.02589337637915808954	     -1.21533008899608874209	     -7.34684223948770132040	     25.56533422655415321856	     -4.31839618966376281861	      0.79245004456259793280	    -11.27714291707335902970	      0.14160325495094999715	     -5.46032094708364734714	      0.44573662564682586806	     12.55460861568096575525
      0.58500000000000018652	      1.76504652707820319790	      0.73659924569421353358	     -2.92917205100649891136	      0.58402517025748246215	      1.00585466412996415997	     -0.02579508849148821545	     -1.23183464036534817687	     -7.30911343581108852163	     25.58175024430518362806	     -4.31277861290766040270	      0.77610743559251127444	    -11.32193791408131744447	      0.16815864420929407808	     -5.49962924270106956470	      0.45966795966571027954	     12.58867117666753188132
      0.58600000000000018741	      1.77540501390750149469	      0.75130659081388195819	     -2.93398633713727807759	      0.58399969508343230196	      1.00564893669445609703	     -0.02569488825946625657	     -1.24776533179423032571	     -7.27214262437769765057	     25.59904289627795392903	     -4.30668236415940253181	      0.75935860243061614749	    -11.36633708128652386904	      0.18968712673019866299	     -5.53979092680812801319	      0.47261717552611898219	     12.62279130358086298713
      0.58700000000000018829	      1.78547516691304242187	      0.76617181195055883425	     -2.93879840181605445082	      0.58397556986306309312	      1.00544414273277848970	     -0.02559278581975255040	     -1.26311552187879594378	     -7.23594426564491577381	     25.61720260938180970811	     -4.30011364435584297894	      0.74219521210321948157	    -11.41034708327044633336	      0.20621313196806109747	     -5.58080465597316344173	      0.48455818056727373300	     12.65699020751874925850
      0.58800000000000018918	      1.79525865211384383358	      0.78119729983254448946	     -2.94360534945844465327	      0.58395281986713232225	      1.00524030239514883256	     -0.02548879214255032888	     -1.27787915842930721588	     -7.20053193725853724061	     25.63621923244911826600	     -4.29307893592758382795	      0.72460963681902057498	    -11.45397446343680236680	      0.21776287382946768467	     -5.62266937845481784564	      0.49546526272668578450	     12.69126576999703104320
      0.58900000000000019007	      1.80475733762271794980	      0.79638526973624657046	     -2.94840423780854621327	      0.58393147110797138932	      1.00503743608913365115	     -0.02538291901115977828	     -1.29205078726017830171	     -7.16591832452321852998	     25.65608204356282584513	     -4.28558499474970044929	      0.70659496538011434819	    -11.49722562537095349455	      0.22436433692588467204	     -5.66538434943685675904	      0.50531330209146296806	     12.72559238661594882558
      0.59000000000000019096	      1.81397321240572773071	      0.81173779135918300298	     -2.95319211127148362195	      0.58391154931514965831	      1.00483556310457888827	     -0.02527517860313288622	     -1.30562545134164187388	     -7.13211520268342535900	     25.67677991735217091218	     -4.27763896204347737751	      0.68814396024443325039	    -11.54010686709432143005	      0.22604710754260526340	     -5.70894916970181753868	      0.51407946827776707099	     12.75996651632332934412
      0.59100000000000019185	      1.82290838003246014054	      0.82725678020795456735	     -2.95796601105883860683	      0.58389307973054016543	      1.00463470161154644344	     -0.02516558344814972051	     -1.31859864328338272088	     -7.09913351461922648156	     25.69830134974703028661	     -4.26924836295377740925	      0.66924904950335484255	    -11.58262435065330464568	      0.22284237197906539563	     -5.75336381631610915832	      0.52174054172931638718	     12.79440768344466228257
      0.59200000000000019273	      1.83156509497868302816	      0.84294397216482852553	     -2.96272296775578158901	      0.58387608765130816213	      1.00443486947849436319	     -0.02505414661526077225	     -1.33096631508756213513	     -7.06698344954083523817	     25.72063439807048013108	     -4.26042104162939772038	      0.64990286793241158758	    -11.62478404265557863084	      0.21478299489070251660	     -5.79862866286456668519	      0.52826958545405533485	     12.82893524913591498660
      0.59300000000000019362	      1.83994582014754115562	      0.85880094584336374997	     -2.96745993504196370338	      0.58386059947748270016	      1.00423608465798408496	     -0.02494088202637660678	     -1.34272528647503519572	     -7.03567390967176375938	     25.74376649679751238864	     -4.25116510624953747310	      0.63009881228324016167	    -11.66659178553196163364	      0.20190346818558857489	     -5.84474438482273850326	      0.53365359011673130230	     12.86354426731175593090
      0.59400000000000019451	      1.84805321456659021884	      0.87482909872370162585	     -2.97217382012579545147	      0.58384664223209326028	      1.00403836542040303392	     -0.02482580439362613162	     -1.35387306685077635215	     -7.00521277688994903343	     25.76768448568246228092	     -4.24148889760423486450	      0.60983105935444259504	    -11.70805325650752060085	      0.18423993954477285717	     -5.89171203416058197888	      0.53788436588784360737	     12.89820572104250473444
      0.59500000000000019540	      1.85588997529002597275	      0.89102951675432728873	     -2.97686171590288006783	      0.58383424087842672456	      1.00384173030273182725	     -0.02470892833886331741	     -1.36440638389343638082	     -6.97560899000815659576	     25.79237521870103222454	     -4.23140101526707379520	      0.58909360608922478608	    -11.74917354154948867517	      0.16183047183076851305	     -5.93953344432837315736	      0.54088913442433395051	     12.93291320970218016839
      0.59600000000000019629	      1.86345897553228168064	      0.90740329835773181344	     -2.98152049849957911931	      0.58382342214036453409	      1.00364619480527417217	     -0.02459026913859916133	     -1.37432392250208401663	     -6.94686843115742469479	     25.81782490022582265965	     -4.22091058132578211826	      0.56787999981054826382	    -11.78995786433284997941	      0.13471420838680731036	     -5.98821043023783605719	      0.54267086527403662899	     12.96768433100500494959
      0.59700000000000019718	      1.87076350016689940681	      0.92395192846584683899	     -2.98614634642595699887	      0.58381421817149925513	      1.00345177000301521986	     -0.02446984423075151266	     -1.38362973201110728283	     -6.91898876285370878492	     25.84401766164574709705	     -4.21002736817294209715	      0.54618354780503330925	    -11.83041295172424334226	      0.10293031812653762047	     -6.03774392866208842179	      0.54348204079699014013	     13.00253714819731243324
      0.59800000000000019806	      1.87780674592582186300	      0.94067599115945466082	     -2.99073632106264275521	      0.58380665048496116487	      1.00325847718902871897	     -0.02434767062902420953	     -1.39232248153774818000	     -6.89197559908237344928	     25.87093777746150635721	     -4.19876059555092595588	      0.52399891799657360991	    -11.87054445679380876300	      0.06652102349362129519	     -6.08813725829594964978	      0.54328181879343917515	     13.03746359671985288742
      0.59900000000000019895	      1.88459167730911136829	      0.95757489174660725961	     -2.99528869679708442675	      0.58380072752045131246	      1.00306634948888828696	     -0.02422376394605790448	     -1.40039312544029304064	     -6.86584611219031071272	     25.89857064085262194908	     -4.18711879221796312578	      0.50132239112204812770	    -11.91035595062101037911	      0.02553227910760945407	     -6.13939674542719249217	      0.54161521022225100896	     13.07242964752733627165
      0.60000000000000019984	      1.89112174366041418949	      0.97464881697828253948	     -2.99980056449519327799	      0.58379646942983265401	      1.00287540902603189430	     -0.02409814200865135689	     -1.40784145387353243351	     -6.84060415345841299484	     25.92689964710286787408	     -4.17511171161366956284	      0.47814921439646362877	    -11.94985259036893765483	     -0.01999080376429888603	     -6.19152675071430280695	      0.53843506912311711599	     13.10742658537845528599
      0.60100000000000020073	      1.89740074640222289304	      0.99189849015938846843	     -3.00426811964318796200	      0.58379390640386852329	      1.00268566792522695330	     -0.02397082398029700898	     -1.41467386249373960894	     -6.81624376304837742424	     25.95590713923952463915	     -4.16275020370513626489	      0.45447385396869460772	    -11.98904012925887840879	     -0.07000315786930431938	     -6.24453019954345478482	      0.53398937787296707480	     13.14247085263187919679
      0.60200000000000020162	      1.90343235392277110307	      1.00932390922391168608	     -3.00868820513054213706	      0.58379306335264713468	      1.00249714230548270244	     -0.02384182785139766711	     -1.42089247553030340043	     -6.79276557930391078344	     25.98557669650140411477	     -4.15004501285971283409	      0.43029160901360935521	    -12.02792232659722593269	     -0.12445682108495516316	     -6.29841175776940076503	      0.52828942234599651773	     13.17757664284017415923
      0.60300000000000020250	      1.90922032101926153480	      1.02692469345090620081	     -3.01305786586180035513	      0.58379396329115373909	      1.00230985110685200112	     -0.02371117186915694050	     -1.42649850507251696463	     -6.77017168167614258323	     26.01589178319865069966	     -4.13700689378047492539	      0.40559876699823371737	    -12.06650221464111893965	     -0.18330194356272802580	     -6.35317705700792778600	      0.52127374093671219324	     13.21273334104669494593
      0.60400000000000020339	      1.91476861880758808532	      1.04470039593466323957	     -3.01737396338176511179	      0.58379663097097278524	      1.00212381301714570370	     -0.02357887526458295538	     -1.43149504687845752215	     -6.74846135983981820772	     26.04683508140416137167	     -4.12364686871022989578	      0.38039230519430639044	    -12.10478279730343409426	     -0.24648755864721247355	     -6.40883192815236224504	      0.51294281291171428538	     13.24790698566964231020
      0.60500000000000020428	      1.92008128914937792331	      1.06265039257054838551	     -3.02163338405373194107	      0.58380109052789874724	      1.00193904625995933166	     -0.02344495745563715886	     -1.43588562187782864399	     -6.72763319539632931310	     26.07838908637352659525	     -4.10997625163798918635	      0.35466901163563030464	    -12.14276668494904143358	     -0.31396142254400977167	     -6.46538269811348520477	      0.50329652760238985376	     13.28308613871224430625
      0.60600000000000020517	      1.92516243258325370213	      1.08077386038749323482	     -3.02583306914700722601	      0.58380736505967312233	      1.00175556882756255916	     -0.02330943799890793089	     -1.43967398275665070528	     -6.70768534971458141314	     26.11053615091678636873	     -4.09600660787837433929	      0.32842554012394609142	    -12.18045605421744781438	     -0.38567003659467846699	     -6.52283625151970447575	      0.49232514946339256401	     13.31828244772317404454
      0.60700000000000020606	      1.93001625982069313636	      1.09906979486620848263	     -3.02996995766728494104	      0.58381547753124352074	      1.00157339902769049189	     -0.02317233689166222493	     -1.44286451483678646035	     -6.68861503354243591701	     26.14325831950365852663	     -4.08174968975576124564	      0.30165895018016314344	    -12.21785268988145389812	     -0.46155870088941974849	     -6.58119997913607956974	      0.48002425326641368075	     13.35350671603141492483
      0.60800000000000020695	      1.93464711795245847270	      1.11753698129949397000	     -3.03404098715754022564	      0.58382545115704664873	      1.00139255647291403051	     -0.02303367473906247839	     -1.44546219856747182320	     -6.67041863561854597720	     26.17653729587454236594	     -4.06721737808276362358	      0.27436711427883681003	    -12.25495788042165834497	     -0.54157132245548422755	     -6.64048184941872410292	      0.46639066661370165434	     13.38874519756729952746
      0.60900000000000020783	      1.93905948164532704325	      1.13617398867140728669	     -3.03804310437261992917	      0.58383730922978960276	      1.00121306211672389530	     -0.02289347272020473070	     -1.44747254123001800608	     -6.65309182304583313083	     26.21035448144893109657	     -4.05242167703063405071	      0.24654867456455903385	    -12.29177237958163892984	     -0.62565040575881103457	     -6.70069042918556156962	      0.45142018669930311647	     13.42396012823224893395
      0.61000000000000020872	      1.94325788257244558288	      1.15497921343373333158	     -3.04197328561840985017	      0.58385107438392536139	      1.00103493672941201709	     -0.02275175222966548810	     -1.44890152059729304668	     -6.63662947910481992864	     26.24469112792578684434	     -4.03737480582717100930	      0.21820219242331664877	    -12.32829651712421004106	     -0.71373742014171348558	     -6.76183478229023826600	      0.43511128969704165881	     13.45913601017736205279
      0.61100000000000020961	      1.94724690480067508247	      1.17395088120744084392	     -3.04582853837176470435	      0.58386676852939811688	      1.00085820079626230950	     -0.02260853485469905416	     -1.44975558341273136342	     -6.62102570932183454033	     26.27952835698201283776	     -4.02208917797333320721	      0.18932619265031136457	    -12.36453019106880546474	     -0.80577289186659517561	     -6.82392447176299477007	      0.41746519610136845202	     13.49428063887700623980
      0.61200000000000021050	      1.95103121548105096217	      1.19308702581701697731	     -3.04960589244609492354	      0.58388441330283569197	      1.00068287549293222227	     -0.02246384257080031102	     -1.45004167293273811268	     -6.60627388065964638031	     26.31484711225983019744	     -4.00657732405549804611	      0.15991965902324653537	    -12.40047278758494364581	     -0.90169632326401594202	     -6.88696961770575200035	      0.39848420480719987102	     13.52940152388697647723
      0.61300000000000021139	      1.95461559234732007440	      1.21238546562613591639	     -3.05330239374688616749	      0.58390403047989725138	      1.00050898382659614327	     -0.02231769794227897799	     -1.44976724736212947420	     -6.59236665266024601806	     26.35062811372309354851	     -3.99085186128866942212	      0.12998234242813000439	    -12.43612306962142355360	     -1.00144587555579045457	     -6.95098095682279204510	      0.37817072298311460443	     13.56448059731843791553
      0.61400000000000021227	      1.95800491729102765781	      1.23184380379250790760	     -3.05691510759893381177	      0.58392564188763662614	      1.00033655061019843835	     -0.02217012409570722278	     -1.44894026888476790127	     -6.57929598857686048774	     26.38685187889391414728	     -3.97492549319671528707	      0.09951471315865902112	    -12.47147915485252944734	     -1.10495835734007008533	     -7.01596984059895767416	      0.35652753976760559462	     13.59947433058407106898
      0.61500000000000021316	      1.96120410696756719560	      1.25145947378024868790	     -3.06044114018431478996	      0.58394926869191943197	      1.00016560070319382447	     -0.02202114432654515494	     -1.44756913560417110887	     -6.56705312954150954852	     26.42349886889941146251	     -3.95881105249946951830	      0.06851729425062189072	    -12.50653867041813960270	     -1.21216981695199121916	     -7.08194811581874361650	      0.33355983743914485729	     13.63436206837224062838
      0.61600000000000021405	      1.96421810726911472145	      1.27122974252358167391	     -3.06387764040085386341	      0.58397493132870814669	      0.99999615885184667263	     -0.02187078205683538890	     -1.44566266309778113097	     -6.55562862927238754196	     26.46054950361677526871	     -3.94252148112781908296	      0.03699069031284608206	    -12.54129875583394237992	     -1.32301565953509059348	     -7.14892813303023988425	      0.30927513744061135847	     13.66914755646768853126
      0.61700000000000021494	      1.96705192147707030870	      1.29115169060132384260	     -3.06722178989466209842	      0.58400264993829431592	      0.99982825081816906199	     -0.02171906103496998308	     -1.44323009910176569548	     -6.54501241033102942879	     26.49798412614909182139	     -3.92606978233679448920	      0.00493597101714442384	    -12.57575595926635259048	     -1.43743047324170070134	     -7.21692281511188227228	      0.28368230045840986397	     13.70383487774123487668
      0.61800000000000021583	      1.96971063599059537097	      1.31122218491620445846	     -3.07047079822899737778	      0.58403244474944060460	      0.99966190478949057407	     -0.02156600554901258807	     -1.44028117202488714632	     -6.53519373676036696708	     26.53578296739781094971	     -3.90946900192675350638	     -0.02764504940076936354	    -12.60990608557730574546	     -1.55534752446799040548	     -7.28594570069356617381	      0.25679036328219040364	     13.73840047052564194985
      0.61900000000000021672	      1.97219941358773920292	      1.33143787915542732847	     -3.07362190672794222124	      0.58406433598548834762	      0.99949715132459071576	     -0.02141164038117084056	     -1.43682608971979175472	     -6.52616120979656955114	     26.57392615902512744697	     -3.89273222231933013759	     -0.06074983939669937466	    -12.64374418189278870273	     -1.67669873679544800815	     -7.35601093197646704880	      0.22860871340711261257	     13.77279286192295337798
      0.62000000000000021760	      1.97452342556538606999	      1.35179526793917781369	     -3.07667240636327266046	      0.58409834318515618801	      0.99933402117624126060	     -0.02125599036308785383	     -1.43287543761448477042	     -6.51790282275179677640	     26.61239385820871916621	     -3.87587257383128980237	     -0.09437571506617332961	    -12.67726476929090217993	     -1.80141560533136968481	     -7.42713313906605154813	      0.19914907452718291769	     13.80698524600824583786
      0.62100000000000021849	      1.97668784578484557635	      1.37229069206872522635	     -3.07961963919176051618	      0.58413448512681687141	      0.99917254504089070277	     -0.02109908030902041959	     -1.42844014008286013251	     -6.51040602850684013703	     26.65116624984608861837	     -3.85890322026501841890	     -0.12851984194000204420	    -12.71046186190818794159	     -1.92942932805704892019	     -7.49932745905410946818	      0.16842551995361795814	     13.84097724767197590268
      0.62200000000000021938	      1.97869787661103280207	      1.39292031724092990608	     -3.08246098843599591888	      0.58417278023162944045	      0.99901275492211649709	     -0.02094093522130592924	     -1.42353147467159435458	     -6.50365779016175604710	     26.69022352226286542987	     -3.84183733820437867124	     -0.16317893943073516483	    -12.74332882882669615299	     -2.06067047886295551251	     -7.57260960662469706506	      0.13645364780840840702	     13.87476895980775104533
      0.62300000000000022027	      1.98055877234428812095	      1.41368010139992361651	     -3.08519387658215693548	      0.58421324689136355790	      0.99885468585261361074	     -0.02078158050864319442	     -1.41816119943377771939	     -6.49764442501744809988	     26.72954584469081851239	     -3.82468809062608849914	     -0.19834894996891219709	    -12.77585819788180643286	     -2.19506831131685542502	     -7.64699587670437086473	      0.10324901549724715966	     13.90833030481216070484
      0.62400000000000022116	      1.98227583211645441708	      1.43456579546572537964	     -3.08781577041614019308	      0.58425590334719801344	      0.99869837576464537410	     -0.02062104191418427310	     -1.41234156662026033580	     -6.49235157838055787494	     26.76911336801773089178	     -3.80746861177422424305	     -0.23402503861098436500	    -12.80804165637005098688	     -2.33255074540130413752	     -7.72250312020844287275	      0.06882725565269684487	     13.94160078070931874095
      0.62500000000000022204	      1.98385433428986091009	      1.45557300952809653971	     -3.09032419353852683130	      0.58430076704960820511	      0.99854386275454243282	     -0.02045934502032556099	     -1.40608510709376477443	     -6.48776448029385832683	     26.80890631785415223476	     -3.79019201912332848181	     -0.27020219414714774508	    -12.83987037864616276295	     -2.47304564266591153654	     -7.79914867562922609068	      0.03320646795458881417	     13.97454705758042337038
      0.62600000000000022293	      1.98529953098192901706	      1.47669721982377044611	     -3.09271672757251092634	      0.58434785457200488779	      0.99839118471639665131	     -0.02029651516332132977	     -1.39940456956845604708	     -6.48386804276293915450	     26.84890497627742789177	     -3.77287140338456516986	     -0.30687525774596741135	    -12.87133506429294627083	     -2.61648093147357840849	     -7.87695040136943358533	     -0.00359267331725588368	     14.00716446385421498633
      0.62700000000000022382	      1.98661667213261661225	      1.49793374357223885163	     -3.09499100366555524033	      0.58439718196214684998	      0.99824038099079093200	     -0.02013257764305198191	     -1.39231297548661148156	     -6.48064683978875688553	     26.88908966628578411928	     -3.75551981825380654101	     -0.34403864048280369259	    -12.90242575944022540568	     -2.76278408695208188561	     -7.95592672796941258184	     -0.04154774933568261552	     14.03944817337276873559
      0.62800000000000022471	      1.98781102501891582257	      1.51927769948137192380	     -3.09714470683356379865	      0.58444876495490682977	      0.99809149438479993766	     -0.01996755792904480672	     -1.38482386311366534315	     -6.47808477891367839874	     26.92944075224856703699	     -3.73815023474223107058	     -0.38168589963950827482	    -12.93313161967113700257	     -2.91188129770461490153	     -8.03609659987454705288	     -0.08063692449693192488	     14.07136131541779455745
      0.62900000000000022560	      1.98888786692191721350	      1.54072400879654192174	     -3.09917558318779695625	      0.58450261880959153427	      0.99794457091102428681	     -0.01980148156629304643	     -1.37695131103966827979	     -6.47616505997897817792	     26.96993862831082822140	     -3.72077551712368359560	     -0.41980972274478078887	    -12.96344093218809234713	     -3.06369748453692958279	     -8.11747944081970018715	     -0.12083892364459743185	     14.10283526723246794177
      0.63000000000000022649	      1.98985242493395242391	      1.56226747630179052528	     -3.10108144294452747758	      0.58455875777824928274	      0.99779965642907098022	     -0.01963437366658922489	     -1.36870952950238500279	     -6.47487073193059714526	     27.01056376199083430834	     -3.70340846179980553998	     -0.45840267015663832550	    -12.99334154429786281071	     -3.21815788116582091050	     -8.20009517489685180180	     -0.16212961859869406966	     14.13383071757326625573
      0.63100000000000022737	      1.99070987213429395624	      1.58390279862867822125	     -3.10286016146336418586	      0.58461719502229791967	      0.99765679615124003288	     -0.01946625882314861194	     -1.36011278197400020673	     -6.47418480364185899845	     27.05129665130058214118	     -3.68606178633009928802	     -0.49745721427007022486	    -13.02282091922971574149	     -3.37518812797896838873	     -8.28396427045974981240	     -0.20448179563903084999	     14.16433836849311767025
      0.63200000000000022826	      1.99146534922183948702	      1.60562453303222318901	     -3.10450967485599926832	      0.58467794286987051500	      0.99751603657993082042	     -0.01929716131667962020	     -1.35117552806731455739	     -6.47409008595405577324	     27.09211781988911837971	     -3.66874811050839477744	     -0.53696539711581281473	    -13.05186591637147586198	     -3.53471356344936671334	     -8.36910775028434272826	     -0.24786626884779641711	     14.19434753149732131305
      0.63300000000000022915	      1.99212397779854710755	      1.62742705056846603817	     -3.10602799442599453172	      0.58474101283939783347	      0.99737742773997839496	     -0.01912710528784240110	     -1.34191279408704478016	     -6.47456869308918925299	     27.13300785523750491279	     -3.65147989081816159995	     -0.57691832544549381812	    -13.08046252560786548713	     -3.69665836349243726033	     -8.45554706174124426354	     -0.29225538473494805380	     14.22381533145607512836
      0.63400000000000023004	      1.99269085327871642299	      1.64930453789369058093	     -3.10741321639025036561	      0.58480641544605038717	      0.99724102274279424751	     -0.01895611463832308843	     -1.33234019242623724644	     -6.47560200181709344491	     27.17394738886965299685	     -3.63426938955369305262	     -0.61730615976584557458	    -13.10859591299741744308	     -3.86094561379586664884	     -8.54330403525823101063	     -0.33762312878928518733	     14.25266792426920581249
      0.63500000000000023093	      1.99317099516337203902	      1.67125109451791531434	     -3.10866350915432398949	      0.58487415991638791457	      0.99710687387098884127	     -0.01878421257528355148	     -1.32247327538841252803	     -6.47717153772708531534	     27.21491706900047802264	     -3.61712874893987867964	     -0.65811902135581690221	    -13.13625093302112567528	     -4.02749903336704218049	     -8.63240102323994307199	     -0.38393993636914286460	     14.28086137931412125113
      0.63600000000000023181	      1.99356934571916499799	      1.69326074220921518609	     -3.10977711402828616016	      0.58494425413909378886	      0.99697503197163017674	     -0.01861142155061458123	     -1.31232745013745599749	     -6.47925907361410402530	     27.25589749610855250239	     -3.60006997213459056795	     -0.69934702179621466289	    -13.16341219504849568978	     -4.19624301501369423306	     -8.72286094883891394147	     -0.43117228642651211912	     14.30838143141014739967
      0.63700000000000023270	      1.99389078751836179570	      1.71532738641292481496	     -3.11075234861953831000	      0.58501670476743994342	      0.99684554862111052209	     -0.01843776344953774321	     -1.30191824483279772195	     -6.48184629073141049815	     27.29686923743931714625	     -3.58310488291092976709	     -0.74097982535034701002	    -13.19006381008604122940	     -4.36710179256009034532	     -8.81470725338160576712	     -0.47928444817805765377	     14.33521118462858190412
      0.63800000000000023359	      1.99414014874424339041	      1.73744476243540968419	     -3.11158763445195551967	      0.58509151698798356200	      0.99671847842697935960	     -0.01826325971487714403	     -1.29126177491492377669	     -6.48491417110992873774	     27.33781291782984368410	     -3.56624505137577640923	     -0.78300612167443850442	    -13.21618911492032033550	     -4.53999869173098780095	     -8.90796369897623918632	     -0.52824366787608378893	     14.36130349996975219540
      0.63900000000000023448	      1.99432219717102743317	      1.75960643854493636873	     -3.11228150823921545509	      0.58516869433584117743	      0.99659387841500601812	     -0.01808793126890586439	     -1.28037474032207598817	     -6.48844297693853278020	     27.37870919960450422082	     -3.54950175975372861359	     -0.82541363860047445300	    -13.24177073626166212250	     -4.71485626449735839572	     -9.00265432464655113165	     -0.57802045360417575459	     14.38658307012750192655
      0.64000000000000023537	      1.99444160568767347996	      1.78180592954045224907	     -3.11283258633734849496	      0.58524823882873766578	      0.99647180377747213154	     -0.01791179817885255043	     -1.26927356434431692911	     -6.49241339275930862129	     27.41953866577797427340	     -3.53288609876773840313	     -0.86819014247984915844	    -13.26679114803872039374	     -4.89159791349109518421	     -9.09880370668496674114	     -0.62858066859511152469	     14.41100303831577278402
      0.64100000000000023626	      1.99450295351678441591	      1.80403670715628883237	     -3.11323956455385264519	      0.58533015099081364685	      0.99635230720753154010	     -0.01773487963946118393	     -1.25797431669862169734	     -6.49680658448194403576	     27.46028174529986642938	     -3.51640893691724176762	     -0.91132344693731670571	    -13.29123273704987973076	     -5.07014786948149609458	     -9.19643700214709092222	     -0.67988490261517753321	     14.43454416873395373955
      0.64200000000000023714	      1.99451073761642172499	      1.82629215377778053586	     -3.11350123287340307954	      0.58541442973567414665	      0.99623544116888396172	     -0.01755719412969346596	     -1.24649310605448704337	     -6.50160368848213021664	     27.50091876076252361827	     -3.50008085977987093429	     -0.95480090307520726345	    -13.31507753164436813620	     -5.25043035172191974169	     -9.29557982319892417422	     -0.73189132008881696567	     14.45718414136011098492
      0.64300000000000023803	      1.99446937017328496111	      1.84856550236278227572	     -3.11361651693397201157	      0.58550107185126565312	      0.99612126010173940305	     -0.01737875948931183467	     -1.23484657664995811643	     -6.50678519961120827020	     27.54143007966850476009	     -3.48391210081530600107	     -0.99860891333057633101	    -13.33830693410070900029	     -5.43236905472360120939	     -9.39625799205450817908	     -0.78456303952475570096	     14.47887362756830675892
      0.64400000000000023892	      1.99438317456088953783	      1.87084984118565489375	     -3.11358448863325865119	      0.58559007188200007388	      0.99600981969011559425	     -0.01719959288265720393	     -1.22305186966987933239	     -6.51233098647460106889	     27.58179610339211151881	     -3.46791250686659680014	     -1.04273297198407655095	    -13.36090179110285802722	     -5.61588733308165544145	     -9.49849749849200186702	     -0.83786861717278682260	     14.49953864428898242522
      0.64500000000000023981	      1.99425636774045478283	      1.89313824256460683237	     -3.11340430260771583448	      0.58568142282237001250	      0.99590117261760124912	     -0.01701971061832707743	     -1.21112564308291337234	     -6.51822152239252705641	     27.62199705436835373007	     -3.45209163508636196482	     -1.08715864538410178497	    -13.38284294697456466849	     -5.80090947383088462175	     -9.60232485461300910856	     -0.89177037636715761337	     14.51913077153393061280
      0.64600000000000024070	      1.99409306303518518710	      1.91542377397872010114	     -3.11307519475268001941	      0.58577511623994926726	      0.99579536793157674701	     -0.01683912817613576404	     -1.19908401502686934315	     -6.52443789288867925791	     27.66201290875731189089	     -3.43645871469659880404	     -1.13187156786740139580	    -13.40411129601751127893	     -5.98736062029631632697	     -9.70776712376064132570	     -0.94622358645242499176	     14.53762654410097709956
      0.64700000000000024158	      1.99389727416265771787	      1.93769944428637197475	     -3.11259651089859490369	      0.58587114189015676580	      0.99569245325841504446	     -0.01665786032411872841	     -1.18694304384053772594	     -6.53096118480193688072	     27.70182349251861708694	     -3.42102257951390997803	     -1.17685692640803774012	    -13.42468751200969556692	     -6.17516606729848405166	     -9.81485172832883456806	     -1.00118103700178529003	     14.55500028177571536503
      0.64800000000000024247	      1.99367290739385283338	      1.95995813851411826434	     -3.11196775964661576097	      0.58596948694481965081	      0.99559247676410622674	     -0.01647592116534897164	     -1.17471918161009902803	     -6.53777197176760527242	     27.74140868812715154945	     -3.40579160583773665749	     -1.22209902991564134389	    -13.44455180093729040891	     -6.36425104889633885819	     -9.92360618351438183993	     -1.05660284941419546634	     14.57120213153053533972
      0.64900000000000024336	      1.99342375993205611628	      1.98219262430606124603	     -3.11118861963669113280	      0.58607013599389978786	      0.99549548641181551112	     -0.01629332414815384822	     -1.16242919954541878980	     -6.54485036658125274300	     27.78074843998220799790	     -3.39077367865991119444	     -1.26758136207014571184	    -13.46368396240242581996	     -6.55454094337897696931	    -10.03405805591561339440	     -1.11245707866028631372	     14.58615984170413604204
      0.65000000000000024425	      1.99315351594830558746	      2.00439569338125433973	     -3.11025884811531616592	      0.58617307232974158460	      0.99540152611318566400	     -0.01611008201443528756	     -1.15008922583297312769	     -6.55217714796953654144	     27.81982245740439907422	     -3.37597628355651124821	     -1.31328747973290749229	    -13.48206389715667441465	     -6.74596201635675996044	    -10.14623536661801672665	     -1.16870353739045462760	     14.59982406257645415337
      0.65100000000000024514	      1.99286574922865611370	      2.02656017276703437346	     -3.10917827829641479909	      0.58627827816600164290	      0.99531063522650498054	     -0.01592620685097946923	     -1.13771471511456989667	     -6.55973372448849190164	     27.85861017254741156535	     -3.36140647142554538362	     -1.35920101526082381937	    -13.49967163747437837173	     -6.93844131753905291049	    -10.26016660162629712261	     -1.22529292057477801059	     14.61216883583202807984
      0.65200000000000024603	      1.99256392048464037181	      2.04867886421229794536	     -3.10794686219226390378	      0.58638573397551418953	      0.99522285055714554414	     -0.01574171017189974695	     -1.12532094773924606912	     -6.56750153119504709309	     27.89709089337410929943	     -3.34707079637674009831	     -1.40530520981793483060	    -13.51648709356541111504	     -7.13190622969953214039	    -10.37588047419046866082	     -1.28217368620472482732	     14.62316811908616998039
      0.65300000000000024691	      1.99225136838178196186	      2.07074447555035856539	     -3.10656472925960613907	      0.58649541754503553559	      0.99513820796800167567	     -0.01555660296556934247	     -1.11292338585850281163	     -6.57546167260465974636	     27.93524404637627611692	     -3.33297524786756182991	     -1.45158249644128223288	    -13.53248982877245687462	     -7.32628454002054585459	    -10.49340565906927658091	     -1.33930400426712337136	     14.63277230963021402488
      0.65400000000000024780	      1.99193130997564749052	      2.09274962845341994111	     -3.10503218851370288434	      0.58660730411647532545	      0.99505674175838854101	     -0.01537089573435419972	     -1.10053757828099607607	     -6.58359499650227775192	     27.97304920036344810796	     -3.31912521863275777889	     -1.49801454408988465872	    -13.54765909919906619052	     -7.52150462521257701098	    -10.61277074811001064347	     -1.39665239826455711558	     14.64090871985479047623
      0.65500000000000024869	      1.99160684281167643661	      2.11468700858874569803	     -3.10334961642242257440	      0.58672136814192210608	      0.99497848154144563626	     -0.01518459849201342360	     -1.08817834554687098425	     -6.59188297110739185314	     28.01048571490752081559	     -3.30552561346976814249	     -1.54458310879703564211	    -13.56197429727234471386	     -7.71749562535128141860	    -10.73400465809091564040	     -1.45417725157439536865	     14.64752706828574346787
      0.65600000000000024958	      1.99128094608811867516	      2.13654937731715266480	     -3.10151745252373345352	      0.58683758357127135952	      0.99490345195625684571	     -0.01499772080727270612	     -1.07585976582272224711	     -6.60030764465386088347	     28.04753273078631536919	     -3.29218082581083049121	     -1.59127005237204088850	    -13.57541496157428007052	     -7.91418735301839415541	    -10.85713662478182683913	     -1.51182549677615885031	     14.65260154942756720686
      0.65700000000000025047	      1.99095647399814068557	      2.15832950569169179644	     -3.09953625350019645879	      0.58695592295908671776	      0.99483167432438313060	     -0.01481027187120853225	     -1.06359562149241471118	     -6.60885114743139912008	     28.08416937427494630697	     -3.27909467741182325540	     -1.63805691906020656212	    -13.58796054760846061527	     -8.11151014903283495983	    -10.98219594701352086474	     -1.56954202113354601700	     14.65610892021470235136
      0.65800000000000025135	      1.99063614925618947993	      2.18002010132566903522	     -3.09740675503147233627	      0.58707635642560074274	      0.99476316787853613643	     -0.01462226057303753386	     -1.05139966236454052151	     -6.61749544585393945084	     28.12037501587482424270	     -3.26627033094713903338	     -1.68492448425644014698	    -13.59959020932195450371	     -8.30939512912119404575	    -11.10921173624271851565	     -1.62728473097252757107	     14.65799977366679840429
      0.65900000000000025224	      1.99032256550411279505	      2.20161382064471400355	     -3.09512986412413182435	      0.58719885194041454568	      0.99469794934787481022	     -0.01443369554274723417	     -1.03928548878579452008	     -6.62622246807486714459	     28.15612929837362798935	     -3.25371026493200776741	     -1.73185278784432461485	    -13.61028282287838742093	     -8.50777433447728270721	    -11.23821285407445280669	     -1.68502313670396164369	     14.65819757183727212180
      0.66000000000000025313	      1.99001818692616727624	      2.22310342487749768026	     -3.09270653629836944631	      0.58732337732794159812	      0.99463603073243467279	     -0.01424458509827834264	     -1.02726594430031203942	     -6.63501471367550266223	     28.19141176147524774365	     -3.24141642964361453849	     -1.77882201456122590599	    -13.62001738486398139116	     -8.70658045717824613519	    -11.36922830016754382143	     -1.74271353871125578294	     14.65665102220842896941
      0.66100000000000025402	      1.98972534558516422898	      2.24448178490720717804	     -3.09013777853164928189	      0.58744990051404077924	      0.99457741930175680434	     -0.01405493724380333861	     -1.01535315237456358339	     -6.64385514438983726393	     28.22620187693618731828	     -3.22939023658642510028	     -1.82581251432504609866	    -13.62877299130987474030	     -8.90574675250820746442	    -11.50228721842088397409	     -1.80030105348920899111	     14.65333750823575620359
      0.66200000000000025491	      1.98944623576861090442	      2.26574181463696167071	     -3.08742470550478032010	      0.58757838851104482458	      0.99452211881915097980	     -0.01386475975475465368	     -1.00355884222681801532	     -6.65272688324183203434	     28.26047927818454041926	     -3.21763248630189480082	     -1.87280438016472361440	    -13.63652863573918239126	     -9.10520718335739509541	    -11.63741863801548603874	     -1.85772976165762604417	     14.64823907173583705799
      0.66300000000000025580	      1.98918291479670839017	      2.28687640298829153451	     -3.08456859043891729044	      0.58770880644009260152	      0.99447013034539699650	     -0.01367406031548648766	     -0.99189449624516246029	     -6.66161312059817056763	     28.29422399048680603073	     -3.20614326212634903612	     -1.91977696876245329527	    -13.64326300577394590618	     -9.30489675674506067082	    -11.77465120805660525605	     -1.91495598839892422482	     14.64130620900849777399
      0.66400000000000025668	      1.98893730378594635333	      2.30787842062752490691	     -3.08157086072552210965	      0.58784111781760106652	      0.99442145212028698609	     -0.01348284652429473408	     -0.98037129243245368926	     -6.67049714020506367973	     28.32741647606892243516	     -3.19492191658927993103	     -1.96670892612936065724	    -13.64895447527716143554	     -9.50475157554988747677	    -11.91401313108568160715	     -1.97194983274209589830	     14.63245599484049819239
      0.66500000000000025757	      1.98871117799404473203	      2.32874087574514732069	     -3.07843297885898348198	      0.58797528653239050644	      0.99437607824172902227	     -0.01329112571014286030	     -0.96899970484750919120	     -6.67936271253951741045	     28.36003726457415297091	     -3.18396728539396134394	     -2.01357912656175219723	    -13.65358149085133021572	     -9.70470831472729678069	    -12.05553255225386166671	     -2.02866828557059397653	     14.62163660206044291101
      0.66600000000000025846	      1.98850616389733314548	      2.34945692308651565838	     -3.07515643964069917971	      0.58811127708910171386	      0.99433399886778484067	     -0.01309890488545431553	     -0.95778951012998247982	     -6.68819408706833673506	     28.39206698859186772665	     -3.17327768648557961839	     -2.06036668454704763320	    -13.65712256133347857201	     -9.90470420994132538794	    -12.19923756908020529011	     -2.08505464195164691432	     14.60883128969249078466
      0.66700000000000025935	      1.98832373683639440642	      2.37001979185329902933	     -3.07174283089146582526	      0.58824905351777156959	      0.99429520102853552466	     -0.01290619087226168790	     -0.94675002847167932796	     -6.69697577622160800104	     28.42348663025717314667	     -3.16285082269968453872	     -2.10705048912599446354	    -13.65955605337040879022	    -10.10467735402973232794	    -12.34515598881956144339	     -2.14105249378913686797	     14.59402870936178331362
      0.66800000000000026024	      1.98816522841123188847	      2.39042272009089451501	     -3.06819387651839647901	      0.58838857846862446799	      0.99425966905251306205	     -0.01271299050793454899	     -0.93589022591712323074	     -6.70569247430384951514	     28.45427771951360895741	     -3.15268367237525470870	     -2.15360875151194175459	    -13.66085998452127370228	    -10.30456698448088737052	    -12.49331502859015685658	     -2.19661885855247573929	     14.57717945042546148215
      0.66900000000000026112	      1.98803182703693748223	      2.41065896455850925406	     -3.06451142706045320807	      0.58852981350101907232	      0.99422738466228743892	     -0.01251931060820083048	     -0.92521866789953766119	     -6.71432909629560903397	     28.48442236076056133243	     -3.14277249342004472155	     -2.20001905292535848702	    -13.66101202481614329542	    -10.50431349208807318973	    -12.64374122065212802113	     -2.25172380076279043948	     14.55819426476276845506
      0.67000000000000026201	      1.98792455716932292553	      2.43072195003929891755	     -3.06069735616109817045	      0.58867272081861576893	      0.99419832642527350419	     -0.01232515762518772602	     -0.91474327400743160599	     -6.72287105296045783831	     28.51390288507203862878	     -3.13311307147303796938	     -2.24625927362756661054	    -13.65998990516484212776	    -10.70385786554340512566	    -12.79646086203944932436	     -2.30632425979087241075	     14.53702218160191605989
      0.67100000000000026290	      1.98784427627243598380	      2.45060527648832549019	     -3.05675355962854133907	      0.58881726343629148257	      0.99417247011849363414	     -0.01213053755790236866	     -0.90447132719294465186	     -6.73130425913026808615	     28.54270187971880545774	     -3.12370071800143511709	     -2.29230756895022258490	    -13.65777141387957982488	    -10.90314171322847336398	    -12.95150005405349347143	     -2.36036408738875769231	     14.51365401314007996803
      0.67200000000000026379	      1.98779167925074551349	      2.47030264880554328855	     -3.05268200931988920033	      0.58896340413906156375	      0.99414978912700890934	     -0.01193545614700251487	     -0.89440962610412733103	     -6.73961500216208619918	     28.57080241513440554968	     -3.11453015054251514115	     -2.33814187576379595157	    -13.65433419129555936422	    -11.10210760934195128868	    -13.10888444313998846269	     -2.41378818327742417083	     14.48808521508869340266
      0.67300000000000026468	      1.98776731095806802330	      2.48980781535542305960	     -3.04848478809737999384	      0.58911110464709670609	      0.99413025452277647975	     -0.01173991914767190566	     -0.88456456429824215082	     -6.74778984693047956256	     28.59818821261017163238	     -3.10559540947084755658	     -2.38373958819034381662	    -13.64965552319900510270	    -11.30069928871614415300	    -13.26863885408804044630	     -2.46655433554887348890	     14.46026759630204949758
      0.67400000000000026557	      1.98777156594605730611	      2.50911457737144738545	     -3.04416408139100580499	      0.58926032583254794872	      0.99411383530681929344	     -0.01154393225470671386	     -0.87494210535109118165	     -6.75581565837102182570	     28.62484365301587274644	     -3.09688987976061325114	     -2.42907763906026685774	    -13.64371236174691048859	    -11.49886162570396130889	    -13.43078717736488769674	     -2.51863252441012086535	     14.43010854474596982300
      0.67500000000000026645	      1.98780466009309564335	      2.52821692930001340471	     -3.03972209162090267753	      0.58941102916735610417	      0.99410049841987857544	     -0.01134750062905455145	     -0.86554761756169518172	     -6.76367985597094634187	     28.65075344029978765548	     -3.08840651780764696710	     -2.47413326126033439323	    -13.63648177696486918364	    -11.69654019794078791961	    -13.59535294242564340550	     -2.56998057137638280523	     14.39756001103792826257
      0.67600000000000026734	      1.98786662925643953237	      2.54710906473240106251	     -3.03516103813726978444	      0.58956317683080061709	      0.99409020917836454778	     -0.01115062878936484703	     -0.85638588392449510600	     -6.77137042412573997296	     28.67590260793391365723	     -3.08013784375438914864	     -2.51888392938330074600	    -13.62794096780225849841	    -11.89368132169032143963	    -13.76235938741643849426	     -2.62054439129228589067	     14.36262083224460539554
      0.67700000000000026823	      1.98795734034244664379	      2.56578530940209104116	     -3.03048320228840273316	      0.58971673075110564444	      0.99408293131347902349	     -0.01095332088363094522	     -0.84746120565467075725	     -6.77887579525131567237	     28.70027671709882355344	     -3.07207582344919272188	     -2.56330691834709289978	    -13.61806705006683948511	    -12.09023234594989482105	    -13.93182914864729937676	     -2.67027141376999344047	     14.32529284732166807714
      0.67800000000000026912	      1.98807650615669539995	      2.58424006317432874980	     -3.02569095772139950995	      0.58987165178604050730	      0.99407862674684488447	     -0.01075558102068266408	     -0.83877745913135481892	     -6.78618475457034886489	     28.72386201250595050283	     -3.06421182912694556322	     -2.60737916534906233323	    -13.60683685665313191748	    -12.28614177222203629469	    -14.10378381375952372423	     -2.71912101945241069245	     14.28553098048619318661
      0.67900000000000027001	      1.98822368498059254271	      2.60246780814428424478	     -3.02078676465842654864	      0.59002789986054549054	      0.99407725589313478132	     -0.01055741317676763859	     -0.83033807811009419098	     -6.79328646116202161664	     28.74664541459146960278	     -3.05653667101579440413	     -2.65107737240616581076	    -13.59422698497320070032	    -12.48135923506815281314	    -14.27824380198508613660	     -2.76706371106140869287	     14.24324383163683371833
      0.68000000000000027089	      1.98839825044426121714	      2.62046323910079470565	     -3.01577309878211252681	      0.59018543522948985203	      0.99407877803956845586	     -0.01035882064371307018	     -0.82214593619848297390	     -6.80017068717212502804	     28.76861417425369893408	     -3.04904075309182687192	     -2.69437846222326138346	    -13.58021428248018835916	    -12.67583521100179133612	    -14.45522910108479663904	     -2.81405931462139413668	     14.19838835763299300652
      0.68100000000000027178	      1.98859939277354369480	      2.63822126870299999979	     -3.01065245113884394357	      0.59034421857176322401	      0.99408315178235961973	     -0.01015980592393815607	     -0.81420336143513694083	     -6.80682781187224517083	     28.78975585272220527600	     -3.04171406498304630617	     -2.73725951476465745316	    -13.56477587095009162965	    -12.86952104314438649624	    -14.63475935680592776578	     -2.86005719556088200406	     14.15097098309028211816
      0.68200000000000027267	      1.98882613447855738364	      2.65573696437256989711	     -3.00542736518791153699	      0.59050421009669895600	      0.99409033477295172254	     -0.00996037107363923618	     -0.80651221431269060069	     -6.81324869560994095252	     28.81005849741701752009	     -3.03454609817886566958	     -2.77969747873133954386	    -13.54788893133735072638	    -13.06236914485659639240	    -14.81685348010886649206	     -2.90500826540468271020	     14.10099956282068234259
      0.68300000000000027356	      1.98907734488262999406	      2.67300549148754607032	     -3.00010046720960588118	      0.59066536866692875840	      0.99410028325328325671	     -0.00976051808076061449	     -0.79907390435481473467	     -6.81942462670227556032	     28.82951081223631106809	     -3.02752583861757651462	     -2.82166917901333214047	    -13.52953051338671919268	    -13.25433310550719134824	    -15.00152913427963596860	     -2.94887456696651462096	     14.04843418726332870961
      0.68400000000000027445	      1.98935174022471517041	      2.69002211928737189339	     -2.99467446358891642433	      0.59082765189320907151	      0.99411295236807395437	     -0.00956024877055764236	     -0.79188936908149976102	     -6.82534734975929424650	     28.84810214281607088083	     -3.02064179579541480791	     -2.86315140671892320867	    -13.50967760214134472108	    -13.44536769278141008499	    -15.18880262114155321740	     -2.99162858768476391802	     13.99318883635996080272
      0.68500000000000027534	      1.98964785725285131512	      2.70678234364989744876	     -2.98915207540110205997	      0.59099101741477877425	      0.99412829678067060613	     -0.00935956422299939750	     -0.78495901709242732469	     -6.83100923232176437949	     28.86582209979788515852	     -3.01388208643582045099	     -2.90412107504949323911	    -13.48830761191799076926	    -13.63542862925288545739	    -15.37868977188260899425	     -3.03323350997938145923	     13.93522694769025171979
      0.68600000000000027622	      1.98996405674297749400	      2.72328189211591986663	     -2.98353603709405401645	      0.59115542303720558515	      0.99414627107788422489	     -0.00915846467995389858	     -0.77828275088689313765	     -6.83640323517867631864	     28.88266052105405989892	     -3.00723443548637359157	     -2.94455518408501992766	    -13.46539841637613221792	    -13.82447258994323391335	    -15.57120603935124591999	     -3.07364315364044227152	     13.87456187582062128172
      0.68700000000000027711	      1.99029854075762591137	      2.73951666410053418232	     -2.97782912885980044493	      0.59132082584526346469	      0.99416682929892763454	     -0.00895694994397400711	     -0.77186001973868134662	     -6.84152279655862560759	     28.89860764417390726067	     -3.00068613869531031213	     -2.98443071824484507104	    -13.44092813700713762159	    -14.01245733914808866416	    -15.76636601502428547406	     -3.11281255166325498962	     13.81120766610877481639
      0.68800000000000027800	      1.99064936544115211881	      2.75548267258929246992	     -2.97203421134998935216	      0.59148718120692245215	      0.99418992431856145764	     -0.00875501979204450047	     -0.76568977512175617761	     -6.84636186362875864830	     28.91365431462460833245	     -2.99422405503370869795	     -3.02372469009279232210	    -13.41487495517869810158	    -14.19934188991217993703	    -15.96418288704846233372	     -3.15070762175480156841	     13.74513111331159187500
      0.68900000000000027889	      1.99101444199129251622	      2.77117604779535398052	     -2.96615422475640411193	      0.59165444288436497278	      0.99421550816490622537	     -0.00855267388557064134	     -0.75977044480779754032	     -6.85091492966668091924	     28.92779197643687894015	     -2.98783462560225032689	     -3.06241419028903294475	    -13.38721718053485076894	    -14.38508653060138620106	    -16.16466834053311174557	     -3.18730481963270984025	     13.67625378676334513273
      0.69000000000000027978	      1.99139151651571300050	      2.78659315738627233472	     -2.96019211850865815450	      0.59182256454118442601	      0.99424353278801269607	     -0.00834991117572758332	     -0.75409997522311078555	     -6.85517705221959161577	     28.94101224467474153812	     -2.98150393198942165185	     -3.10047639048682910357	    -13.35793373252653815086	    -14.56965254371272244782	    -16.36783354294694348141	     -3.22257198951753620619	     13.60454622733226592857
      0.69100000000000028066	      1.99177817464283024584	      2.80173061213291108018	     -2.95415084769118152508	      0.59199149996573352528	      0.99427395043662603058	     -0.00814672981549493733	     -0.74867586174377143138	     -6.85914380989890037910	     28.95330686464039970929	     -2.97521771403939094824	     -3.13788855575173908363	    -13.32700416696296485952	    -14.75300217319739992661	    -16.57368922727066262723	     -3.25646794133650629988	     13.53002847730870428222
      0.69200000000000028155	      1.99217185781903238784	      2.81658520778873988633	     -2.94803340517936129928	      0.59216120211815292951	      0.99430671305535567317	     -0.00794312759563946605	     -0.74349515781176167550	     -6.86281124615556237245	     28.96466790422068982025	     -2.96896136405440769224	     -3.17462807429566407080	    -13.29440847025414917937	    -14.93509875696782707166	    -16.78224514201276562630	     -3.28895225976932881196	     13.45272149289221097490
      0.69300000000000028244	      1.99256987418977526971	      2.83115386321310547046	     -2.94184286302658115630	      0.59233162198746569516	      0.99434177162224279822	     -0.00773910238488913736	     -0.73855436826603970690	     -6.86617598627201086714	     28.97508801265318467699	     -2.96271988357207138876	     -3.21067241598418329218	    -13.26012685853170758321	    -15.11590697984061115733	    -16.99350951717627822291	     -3.31999587910861393425	     13.37259948682628696304
      0.69400000000000028333	      1.99296940029004598927	      2.84543362225655727116	     -2.93558237150218603873	      0.59250270876934707509	      0.99437907649498480378	     -0.00753465203650237076	     -0.73384942706791089773	     -6.86923527274644651897	     28.98456042550816746939	     -2.95647789215421097353	     -3.24599913516065763375	    -13.22413983116465807655	    -15.29539291195794170619	    -17.20748897621791329016	     -3.34958109369836254388	     13.28959172081930972809
      0.69500000000000028422	      1.99336746688573240860	      2.85942177690146559499	     -2.92925507558422459908	      0.59267441172712331809	      0.99441857825829127471	     -0.00732977377462337622	     -0.72937586281217958728	     -6.87198680930006045031	     28.99307847322471687335	     -2.95021973037835305576	     -3.28058593683935217911	    -13.18642864011434490124	    -15.47352356710157117448	    -17.42418954277351517135	     -3.37768138499382253315	     13.20367589732312652018
      0.69600000000000028511	      1.99376096354449083847	      2.87311587372332688517	     -2.92286410884339487026	      0.59284668050718847265	      0.99446022808908729473	     -0.00712446409632443243	     -0.72512883034698272233	     -6.87442872636073243342	     29.00063554891769257438	     -2.94392949366995138050	     -3.31441072795561542108	    -13.14697530670052572077	    -15.65026684905090981204	    -17.64361671564688549552	     -3.40426071250217221476	     13.11487919469912988291
      0.69700000000000028599	      1.99414665273733704431	      2.88651365502154577669	     -2.91641262945496615444	      0.59301946406167049819	      0.99450397711419258329	     -0.00691871922989745463	     -0.72110305765536186762	     -6.87655962313871249592	     29.00722533951397252849	     -2.93759102191393139947	     -3.34745165916063891487	    -13.10576241483652282227	    -15.82559174379770539076	    -17.86577489332943002864	     -3.42928352747557863012	     13.02323046109907345169
      0.69800000000000028688	      1.99452117946568696638	      2.89961299232914226920	     -2.90990386872812001329	      0.59319270936524370885	      0.99454977581092884886	     -0.00671253559471437188	     -0.71729270609940620762	     -6.87837871418357416076	     29.01284213588316873711	     -2.93118780724439798036	     -3.37968694354105814170	    -13.06277288053332341633	    -15.99946866518430610427	    -18.09066686266637091762	     -3.45272660647339391105	     12.92871144341408218281
      0.69900000000000028777	      1.99488107334636821655	      2.91241188720974353288	     -2.90334112871475502615	      0.59336636167684231324	      0.99459757439876750329	     -0.00650590969260781988	     -0.71369136445643144295	     -6.87988584540346614915	     29.01748085267029253487	     -2.92470300122700566092	     -3.41109483349370590233	    -13.01798998408055041409	    -16.17186948791901457412	    -18.31829371141486717534	     -3.47457928152561956736	     12.83125815769079558493
      0.70000000000000028866	      1.99522273876651823343	      2.92490860120711460013	     -2.89672768180262574234	      0.59354036675853072413	      0.99464732366160546473	     -0.00629883746172060256	     -0.71029231218099919687	     -6.88108123290254081184	     29.02113646368452037905	     -2.91811960802215608624	     -3.44165390032155515954	    -12.97139785118481825066	    -16.34276691016797400380	    -18.54865581385188377794	     -3.49482119885309394647	     12.73085551947227145320
      0.70100000000000028955	      1.99554245897700144319	      2.93710166287735807700	     -2.89006676260851147475	      0.59371467125473398330	      0.99469897530432149768	     -0.00609131415854651838	     -0.70708854524415110099	     -6.88196545375930845978	     29.02380397963871772049	     -2.91142052239911031108	     -3.47134308791951617934	    -12.92298145928073438427	    -16.51213439195079502042	    -18.78175291044324168865	     -3.51342148214407812290	     12.62753878836700316413
      0.70200000000000029043	      1.99583640797404560097	      2.94898980591077419788	     -2.88336161049798356260	      0.59388922146520717327	      0.99475248136227290008	     -0.00588333482942492419	     -0.70407266571933990740	     -6.88253957111982739292	     29.02547872656194272167	     -2.90458847868174752094	     -3.50014164940516447899	    -12.87272641554164565036	    -16.67994644049732855251	    -19.01758354091217384507	     -3.53034972070926178489	     12.52134546697022621231
      0.70300000000000029132	      1.99610065982840723109	      2.96057189749352867025	     -2.87661552495197359036	      0.59406396194502830710	      0.99480779375663952457	     -0.00567489478692303692	     -0.70123675175877686616	     -6.88280523388528298057	     29.02615670313547013848	     -2.89760593370918861922	     -3.52802888227911903840	    -12.82061868758098377441	    -16.84617902295294555870	    -19.25614454047489232380	     -3.54558896386646615895	     12.41226483926918966461
      0.70400000000000029221	      1.99633119113348600493	      2.97184693801583765804	     -2.86983186176580451487	      0.59423883582698489025	      0.99486486471714929980	     -0.00546598948123550206	     -0.69857237407298533594	     -6.88276466346471860192	     29.02583460866471298800	     -2.89045508483919011411	     -3.55498411812260473042	    -12.76664462094899121780	    -17.01080958433010792419	    -19.49743094157733835914	     -3.55913598839223954684	     12.30023921075735593433
      0.70500000000000029310	      1.99652387394805241883	      2.98281419901067179623	     -2.86301391649439107567	      0.59441378730575189504	      0.99492364743306171970	     -0.00525661381794767513	     -0.69607088917818804585	     -6.88242041455535513705	     29.02450919404525464529	     -2.88311813460726584779	     -3.58098719071413906789	    -12.71079146476455790093	    -17.17381624249883742550	    -19.74143695205413706617	     -3.57097675485589194366	     12.18526118743953290391
      0.70600000000000029399	      1.99667447990635338329	      2.99347322960884465459	     -2.85616491586056087115	      0.59458876203197263965	      0.99498409637781937143	     -0.00504676202233618563	     -0.69372345506678001481	     -6.88177539260757242801	     29.02217724177326374502	     -2.87557731879649836060	     -3.60601845697944645153	    -12.65304737106981036732	    -17.33517772851848093296	    -19.98815605627236990927	     -3.58108561242247525058	     12.06737504025984009104
      0.70700000000000029488	      1.99677869069354008147	      3.00382378946348005400	     -2.84928806823500968548	      0.59476370574012893400	      0.99504616685242963658	     -0.00483642812154806180	     -0.69152089369548441766	     -6.88083299838964013162	     29.01883589305113630985	     -2.86781480914172171026	     -3.63005860116415712824	    -12.59340114266658261499	    -17.49487376273636840551	    -20.23758046397637855307	     -3.58943760938439870856	     11.94662720650709353265
      0.70800000000000029576	      1.99683210775306263507	      3.01386577160767732408	     -2.84238662546293596733	      0.59493856275582757132	      0.99510981475650461814	     -0.00462560643783656994	     -0.68945360548881995388	     -6.87959712307149118260	     29.01448304891986396115	     -2.85981261538890141338	     -3.65308840161106251898	    -12.53184192755648140860	    -17.65288550877532003369	    -20.48970058047490638842	     -3.59602219290131008833	     11.82301485134783014530
      0.70900000000000029665	      1.99683025546585768417	      3.02359920065774456788	     -2.83546387869176763630	      0.59511327633353316990	      0.99517499699393985324	     -0.00441429144758350052	     -0.68751160362361707357	     -6.87807210822392800509	     29.00911739556824642250	     -2.85155261938741277916	     -3.67508875786898947524	    -12.46835923645051735775	    -17.80919557810567610545	    -20.74450489389093732484	     -3.60084334690642471344	     11.69648747246502473729
      0.71000000000000029754	      1.99676857638862514932	      3.03302437804260849319	     -2.82852302884916850800	      0.59528779128206577020	      0.99524167179148159690	     -0.00420247707540924529	     -0.68568476032793457264	     -6.87626264880561954840	     29.00273765647594359507	     -2.84301683984521114112	     -3.69604117982608704196	    -12.40294353487416145754	    -17.96378711008100381719	    -21.00198100477075868753	     -3.60389328925713980922	     11.56704629289249908197
      0.71100000000000029843	      1.99664243642975991477	      3.04214188686005915230	     -2.82156717911071996951	      0.59546205432974586014	      0.99530979895116511447	     -0.00399015655427388104	     -0.68396281324933516643	     -6.87417382429098378083	     28.99534256333320314525	     -2.83418744385636367511	     -3.71592776688465331603	    -12.33558624060714237203	    -18.11664371559225727992	    -21.26211575909454154498	     -3.60515183133520400460	     11.43474499248236142535
      0.71200000000000029932	      1.99644713493290204553	      3.05095251849621096341	     -2.81459939349266585751	      0.59563601263228616034	      0.99537933959291546859	     -0.00377732292110011377	     -0.68233524233136222392	     -6.87181118473769192434	     28.98693123034333396504	     -2.82504663295701252679	     -3.73473095372279750848	    -12.26627943394250763731	    -18.26774991933880798456	    -21.52489469086842177603	     -3.60459986522502484618	     11.29963864775987403277
      0.71300000000000030020	      1.99617791466448357696	      3.05945719014380523859	     -2.80762276471413985135	      0.59580961220388140021	      0.99545025616770310695	     -0.00356396952777377060	     -0.68079123762963389410	     -6.86918063120653865639	     28.97750359954014598429	     -2.81557659708156693412	     -3.75243339664831054847	    -12.19501552870170435483	    -18.41709164871151926945	    -21.79030143343964809333	     -3.60223322218884867141	     11.16173301940267137411
      0.71400000000000030109	      1.99582996619896468893	      3.06765694115977005652	     -2.80064041076979863831	      0.59598279823109889808	      0.99552251278429515491	     -0.00335008990229689052	     -0.67931973834487724417	     -6.86628836302992784368	     28.96706045422521924593	     -2.80575955863229609122	     -3.76901803264537837990	    -12.12178730319285691053	    -18.56465623465272329895	    -22.05831759865796826148	     -3.59806259342355616582	     11.02098689470336445595
      0.71500000000000030198	      1.99539842615753948429	      3.07555308397729154635	     -2.79365533575757618578	      0.59615551775067898710	      0.99559607506916814046	     -0.00313567704026440500	     -0.67790958616869645414	     -6.86314097808245282550	     28.95560255970080021370	     -2.79557796374278444418	     -3.78446841177818349422	    -12.04658855624880153812	    -18.71043140938397897344	    -22.32892392671086767564	     -3.59208640928838107698	     10.87741114282888688081
      0.71600000000000030287	      1.99487838433028974450	      3.08314720672527320389	     -2.78667042429974998186	      0.59632771996826627880	      0.99567091031029941739	     -0.00292072327607757927	     -0.67654952997959849625	     -6.85974549389791388165	     28.94313061786828455979	     -2.78501448132027773497	     -3.79876865375014904913	    -11.96941410513242765035	    -18.85440524658600836005	    -22.60210044822274966236	     -3.58429035872908663407	     10.73106850780954246716
      0.71700000000000030376	      1.99426489386425487282	      3.09044109349285722743	     -2.77968850750299090180	      0.59649935467843162584	      0.99574698744080247792	     -0.00270522079528352864	     -0.67522815041512085354	     -6.85610931797328770898	     28.92964568854231899309	     -2.77405191432146835950	     -3.81190324549100756357	    -11.89025946143921785847	    -18.99656664628848901089	    -22.87782588318667365002	     -3.57466154508523192845	     10.58202200086362942955
      0.71800000000000030465	      1.99355298069256958726	      3.09743663707429472964	     -2.77271243650023757610	      0.59667037062629002531	      0.99582427729159572749	     -0.00248916216161362142	     -0.67393385530108873560	     -6.85224006587950285052	     28.91514968373939353796	     -2.76267320887152134645	     -3.82385705686223964506	    -11.80912049534452634703	    -19.13690587946369703332	    -23.15607698150802917780	     -3.56320215923961924886	     10.43028681380581446092
      0.71900000000000030553	      1.99273764924876628513	      3.10413583367791057199	     -2.76574508019862808084	      0.59684071578539410474	      0.99590275279249795837	     -0.00227254019137625596	     -0.67265490802956595662	     -6.84814551802459714480	     28.89964536641583237042	     -2.75086149583474481872	     -3.83461540468330275289	    -11.72599348446168043836	    -19.27541459626785069759	    -23.43682840759511165629	     -3.54992920245592324946	     10.27583344015601163335
      0.72000000000000030642	      1.99181388466559172734	      3.11054093846927415257	     -2.75878917806471468666	      0.59701034007143971571	      0.99598238832496133188	     -0.00205534725761370154	     -0.67137950357773112930	     -6.84383386672548166274	     28.88313537390825658235	     -2.73860017677245215495	     -3.84416415337616967918	    -11.64087580707025892934	    -19.41208472594756173635	    -23.72005404589988231123	     -3.53484733633431646993	     10.11868311325885549934
      0.72100000000000030731	      1.99077666179809753544	      3.11665446625464515051	     -2.75184733641228573831	      0.59717919562796739630	      0.99606315974517967149	     -0.00183757517862760157	     -0.67009578067219555120	     -6.83931370938839133800	     28.86562215847910906064	     -2.72587292206816300677	     -3.85248968311136907872	    -11.55376593858548694982	    -19.54690840549404384774	    -24.00572717781636455925	     -3.51794853064806467557	      9.95890670516906517662
      0.72200000000000030820	      1.98962095510627667849	      3.12247910651934912352	     -2.74492210064386021884	      0.59734723518435550726	      0.99614504462478681290	     -0.00161921574617408782	     -0.66879179681884115549	     -6.83459390712693437564	     28.84710845960650615893	     -2.71266363540393262710	     -3.85957881390447843373	    -11.46466310508688657421	    -19.67987850646159841972	    -24.29381980838195431716	     -3.49922639023122616919	      9.79657427307550676687
      0.72300000000000030909	      1.98834174590459356047	      3.12801763316055048136	     -2.73801603340733823444	      0.59751441035679142555	      0.99622802271772059601	     -0.00140026126027209411	     -0.66745550808982634372	     -6.82968342015263907285	     28.82759784976259354039	     -2.69895648903855667200	     -3.86541887718905474713	    -11.37356695665313566224	    -19.81098926819776906427	    -24.58430194509810462478	     -3.47868944640397836920	      9.63171103562196861958
      0.72400000000000030997	      1.98693402881149028261	      3.13327289851482504446	     -2.73113171286381017921	      0.59768067191040130659	      0.99631207602163984749	     -0.00118070441600793934	     -0.66607477895569267012	     -6.82459128980105145246	     28.80709472166912732405	     -2.68473595166382272836	     -3.86999775461569184287	    -11.28047762827538313957	    -19.94023631761552195485	    -24.87714149989047385247	     -3.45636071880672401946	      9.46430101305386628496
      0.72500000000000031086	      1.98539281866054806436	      3.13824799239387175476	     -2.72427157799700081497	      0.59784597254675608813	      0.99639718766731488753	     -0.00096053762235519637	     -0.66463744705753413644	     -6.81932691103156773949	     28.78560320266881333851	     -2.66998679871639144068	     -3.87330382119679850206	    -11.18539642903601638579	    -20.06761541910938362321	    -25.17230573882838839950	     -3.43225107305095500365	      9.29437597951991101297
      0.72600000000000031175	      1.98371316056045632337	      3.14294624121437671249	     -2.71743792626242841592	      0.59801026718552829919	      0.99648334183853537471	     -0.00073975290156935258	     -0.66313134849777111146	     -6.81389999634058352029	     28.76312709231788744546	     -2.65469412108180868870	     -3.87532594964575105578	    -11.08832583117465553357	    -20.19312239053126489807	    -25.46976145847441230785	     -3.40635898210436094402	      9.12201375559944871441
      0.72700000000000031264	      1.98189013848681505614	      3.14737111921294365757	     -2.71063299108513922064	      0.59817351127615370210	      0.99657052425723069433	     -0.00051834242678869226	     -0.66154431502978516821	     -6.80832038408163242593	     28.73967039060697103992	     -2.63884333935797599224	     -3.87605355064670975551	    -10.98926911593315303151	    -20.31675369706789524571	    -25.76947423789878399703	     -3.37868466623134144911	      8.94729055535437467483
      0.72800000000000031353	      1.97991887843585323559	      3.15152615736593855189	     -2.70385902271566624933	      0.59833565906031938031	      0.99665872282016887418	     -0.00029629904818177918	     -0.65986410196259093208	     -6.80259795052416116334	     28.71523788973178525907	     -2.62242022315066236615	     -3.87547659649962517037	    -10.88823006828274486679	    -20.43850719095855339447	    -26.07140767195870978412	     -3.34924286722303721220	      8.77024180126863939222
      0.72900000000000031442	      1.97779455461169639818	      3.15541493762222513553	     -2.69711828587943269753	      0.59849666385480604358	      0.99674792753846341853	     -0.00007361617977142185	     -0.65807838340884960981	     -6.79674261757887343549	     28.68983515561468067290	     -2.60541090282320331184	     -3.87358562168380249346	    -10.78521303796918218154	    -20.55838213583112406013	    -26.37552329596240952014	     -3.31806227367405437434	      8.59086590069200539688
      0.73000000000000031530	      1.97551240188804988485	      3.15904125329264351407	     -2.69041289890854118383	      0.59865648094989776240	      0.99683812908221181015	      0.00014971287031310726	     -0.65617488394139633634	     -6.79076453209756802920	     28.66346735728559735890	     -2.58780187547971074480	     -3.87037167556363881360	    -10.68022358243860558957	    -20.67637776117508963125	    -26.68178214312463936153	     -3.28515974740144889310	      8.40920486594708016526
      0.73100000000000031619	      1.97306772547532527362	      3.16240910687372700494	     -2.68374483232426364054	      0.59881506791030625347	      0.99692931863330114250	      0.00037369500446286265	     -0.65414141635991418511	     -6.78467401330498187662	     28.63613921475920420789	     -2.56958002656465733793	     -3.86582635855423983884	    -10.57326844288306588737	    -20.79249317380571326908	    -26.99014491037040386345	     -3.25054019440249852835	      8.22534237105095655807
      0.73200000000000031708	      1.97045590661862424220	      3.16552261920769950621	     -2.67711599031872937715	      0.59897238285457432561	      0.99702148857211125854	      0.00059833680306935959	     -0.65196585854871469401	     -6.77848138911064790335	     28.60785558243377124654	     -2.55073266002875387315	     -3.85994189095118533928	    -10.46435519686131954131	    -20.90672805013654311779	    -27.30057115284904512009	     -3.21421027552537585947	      8.03936004661468395227
      0.73300000000000031797	      1.96767240049466218821	      3.16838593990268879708	     -2.67052829167515604070	      0.59912838271837154380	      0.99711463322568638645	      0.00082364402477668646	     -0.64963601872729392905	     -6.77219699868558855371	     28.57862207074160920683	     -2.53124747815982820143	     -3.85271103595786978957	    -10.35349198391485714410	    -21.01908346747372746677	    -27.61301848264249159115	     -3.17619056359597440320	      7.85130330858505587344
      0.73400000000000031886	      1.96471274139841711737	      3.17100324235481734192	     -2.66398366593608937336	      0.59928302358546792217	      0.99720874872086562313	      0.00104962173338877239	     -0.64713962867583563199	     -6.76583121423242861425	     28.54844502531710404014	     -2.51111258611293575171	     -3.84412707597448211061	    -10.24068755646380424196	    -21.12956191879665368560	    -27.92744251558859147622	     -3.13651486580431804185	      7.66118491774235366165
      0.73500000000000031974	      1.96157256121883483146	      3.17337888248350186160	     -2.65748388964703430304	      0.59943626368112867819	      0.99730383133650057914	      0.00127627495606336822	     -0.64446458889068636289	     -6.75939447059525377881	     28.51733030647079658593	     -2.49031655254353401219	     -3.83418390268783904062	    -10.12595184562543337847	    -21.23816567443462943743	    -28.24379850363794020041	     -3.09520557771680193682	      7.46905651279209070736
      0.73600000000000032063	      1.95824759731083930525	      3.17551739538151212017	     -2.65103058586631945559	      0.59958806369276784753	      0.99739987732598733849	      0.00150360880574992319	     -0.64159901175355060765	     -6.75289721453258451334	     28.48528325535336946928	     -2.46884843612558579906	     -3.82287605756117443434	    -10.00929592394218659024	    -21.34489670376316539091	    -28.56204148743393034238	     -3.05227365144730855562	      7.27500677133718376410
      0.73700000000000032152	      1.95473369384113726532	      3.17742340439672332764	     -2.64462530789476835125	      0.59973838503825016577	      0.99749688373661538066	      0.00173162797186107828	     -0.63853114506117913951	     -6.74634982227018031864	     28.45230932149599922809	     -2.44669779408259602249	     -3.81019873655132945700	     -9.89073167816675002939	    -21.44975747899501072880	    -28.88212545525840369010	     -3.00773170695941427510	      7.07912221455810541926
      0.73800000000000032241	      1.95102679507552956295	      3.17910153500895908962	     -2.63826961742272603217	      0.59988718818126673948	      0.99759484920181429324	      0.00196033625644578911	     -0.63524919299760995717	     -6.73976266324036465960	     28.41841468975445650358	     -2.42385463272711110250	     -3.79614764197827714298	     -9.77027157224507369904	    -21.55275184721925185727	    -29.20400250859121982216	     -2.96160552349261374516	      6.88145776040982859456
      0.73900000000000032330	      1.94712294943649699697	      3.18055641093829466470	     -2.63196507917675237564	      0.60003443301028425161	      0.99769377374474554898	      0.00218973672172343651	     -0.63174131995558990837	     -6.73314611980699773142	     28.38360625530280145767	     -2.40030941532577468678	     -3.78071895936060231591	     -9.64792868327943686779	    -21.65388502077975729776	    -29.52762282954074635200	     -2.91393331581177550405	      6.68203975384442028229
      0.74000000000000032419	      1.94301833327022399622	      3.18179280810512077338	     -2.62571309961747489936	      0.60018008183660909172	      0.99779365708613787511	      0.00241983232904797096	     -0.62799600088898077654	     -6.72651048859450284567	     28.34789039180743586144	     -2.37605318399900689030	     -3.76390958923119267610	     -9.52371717699071318464	    -21.75316181583257346688	    -29.85293637695946245003	     -2.86474237105746842857	      6.48092850652287122415
      0.74100000000000032507	      1.93870925639274882535	      3.18281565011155542777	     -2.61951492768846749826	      0.60032409970843614300	      0.99789449846127908916	      0.00265062607476202481	     -0.62400206035371241775	     -6.71986594749742671695	     28.31127293581633352915	     -2.35107758589215265488	     -3.74571717216010702245	     -9.39765226913769247119	    -21.85058660086840731651	    -30.17989302089504377591	     -2.81404906499910101303	      6.27821715312247441432
      0.74200000000000032596	      1.93419215838658442586	      3.18362991947062656806	     -2.61337173850731918634	      0.60046645270262832828	      0.99799629748944795882	      0.00288212052263693824	     -0.61974853437005950063	     -6.71322256207774614722	     28.27375983678589221881	     -2.32537484186606402403	     -3.72613999412401541989	     -9.26974992890718851868	    -21.94616419061268075552	    -30.50844168192061545142	     -2.76187125624895379872	      6.07399697256955040103
      0.74300000000000032685	      1.92946359928731392408	      3.18424057702204121867	     -2.60728470639435805367	      0.60060710634648717399	      0.99809905494644113322	      0.00311431738271615317	     -0.61522448363998294418	     -6.70659035709886541810	     28.23535776042916367601	     -2.29893769263261704694	     -3.70517683717873769211	     -9.14002667186680639588	    -22.03990068369070343124	    -30.83852947278006340071	     -2.70823919079651664887	      5.86833135479988143857
      0.74400000000000032774	      1.92452026335955239666	      3.18465255893142140664	     -2.60125499867275777888	      0.60074602601348359165	      0.99820277254480738183	      0.00334721766237288006	     -0.61041901557307365334	     -6.69997932308771471099	     28.19607405519538545491	     -2.27175942364653238315	     -3.68282698494187776816	     -9.00849958996685273860	    -22.13180342178075576953	    -31.17010167475398318970	     -2.65319482024007902154	      5.66125856529399484884
      0.74500000000000032863	      1.91935898601991072887	      3.18487092295178264578	     -2.59528362284975111507	      0.60088317978198713121	      0.99830745131888543042	      0.00358082226616711092	     -0.60532168186632839824	     -6.69339926816379193752	     28.15591554680417729628	     -2.24383400810296151917	     -3.65909049731633073677	     -8.87518674880386271298	    -22.22187923166721645885	    -31.50310349655473984853	     -2.59676968404395580592	      5.45284657886929746695
      0.74600000000000032951	      1.91397675656183197113	      3.18490084369550796595	     -2.58937142884719184721	      0.60101853870727484086	      0.99841309146041645750	      0.00381513214570433287	     -0.59992250281789250010	     -6.68685980390983392141	     28.11488853118405728537	     -2.21515611393941913576	     -3.63396819805800230796	     -8.74010715190047271506	    -22.31013440648878187744	    -31.83748020307531945150	     -2.53898484350215625227	      5.24319232493417253238
      0.74700000000000033040	      1.90837071032137783888	      3.18474752782448744526	     -2.58351918983875661340	      0.60115207518384550234	      0.99851969315217847800	      0.00405014787483992493	     -0.59421178992384104944	     -6.68037040416538907550	     28.07299941969591117186	     -2.18572105159602658730	     -3.60746152756685933838	     -8.60328048839840953121	    -22.39657563270479911921	    -32.17317622636023344285	     -2.47986247333261600190	      5.03239162969107134415
      0.74800000000000033129	      1.90253812054657167607	      3.18441614003652251341	     -2.57772766933888064500	      0.60128376150828199975	      0.99862725726219281341	      0.00428586925547712414	     -0.58817998839906227015	     -6.67394044846410938732	     28.03025529824599360040	     -2.15552475361469042525	     -3.57957246825409347579	     -8.46472694429954763962	    -22.48121072708042333943	    -32.51013429556242328999	     -2.41943659942475797209	      4.82051519224306357359
      0.74900000000000033218	      1.89647640230531977501	      3.18391180130858808539	     -2.57199761549876182443	      0.60141357024637775996	      0.99873578513290506287	      0.00452229546492272354	     -0.58181771131532522556	     -6.66757921443747392232	     27.98666388000392757363	     -2.12456380330218896901	     -3.55030356805941194054	     -8.32446722238579717157	    -22.56404856613105280871	    -32.84829543536714879792	     -2.35775261665102142672	      4.60761038829958291529
      0.75000000000000033307	      1.89018313853271502367	      3.18323972506681185379	     -2.56632962067142944562	      0.60154147681563330252	      0.99884527713732529364	      0.00475942559907351244	     -0.57511610911228905341	     -6.66129575544931107345	     27.94223235712425790211	     -2.09283553801400312722	     -3.51965813336240218590	     -8.18252289716300396094	    -22.64509746845466509058	    -33.18760076925825330818	     -2.29484584292564042229	      4.39375102464401923186
      0.75100000000000033396	      1.88365608105184545451	      3.18240521223848338295	     -2.56072412473056365556	      0.60166745968647106224	      0.99895573255081726582	      0.00499725880795997418	     -0.56806687817878076530	     -6.65509889580300217915	     27.89696739368394062808	     -2.06033804318185209681	     -3.48764019900344157676	     -8.03891639640650090826	    -22.72436520585744901268	    -33.52799163395152959311	     -2.23074118433252133187	      4.17903742882350748289
      0.75200000000000033484	      1.87689314052151745571	      3.18141357188846329862	     -2.55518149094858237902	      0.60179149886364424749	      0.99906715028689929703	      0.00523579391922576222	     -0.56066208030644548721	     -6.64899728998280448167	     27.85087573925002146780	     -2.02707010396771680760	     -3.45425439800017786141	     -7.89367078511083697379	    -22.80185988690606535556	    -33.86940866829920793180	     -2.16546407980766675294	      3.96356980749997633851
      0.75300000000000033573	      1.86989238231651500044	      3.18027005403985363330	     -2.54970206837779977960	      0.60191357459843253253	      0.99917952947337829173	      0.00547502906657410925	     -0.55289403176445861554	     -6.64299943689114869017	     27.80396473478425534154	     -1.99303122919743214148	     -3.41950597405459300049	     -7.74680956891605099202	    -22.87759055748497516447	    -34.21179096732847568774	     -2.09905182803263201663	      3.74742415952126162182
      0.75400000000000033662	      1.86265203153625780175	      3.17897984816562262367	     -2.54428618772901549150	      0.60203366768582222690	      0.99929286928078009389	      0.00571496180786878853	     -0.54475533971350909024	     -6.63711366812101744017	     27.75624225465521277556	     -1.95822167970364402478	     -3.38340081361011879579	     -7.59835670789506512079	    -22.95156711451658892997	    -34.55507610073340174495	     -2.03155344558363326612	      3.53065323542068032481
      0.75500000000000033751	      1.85517049318631777055	      3.17754820723291642182	     -2.53893403317824750687	      0.60215176170179707249	      0.99940716772688809044	      0.00595558960711436471	     -0.53623918853662433381	     -6.63134807404807435915	     27.70771563608934329181	     -1.92264248558608974449	     -3.34594548914358380642	     -7.44833697452165299779	    -23.02379892407896733175	    -34.89920191303600205401	     -1.96300767792435704173	      3.31333459624522141951
      0.75600000000000033840	      1.84744635241395038783	      3.17598044227053266653	     -2.53364564598838315490	      0.60226784312869507954	      0.99952242161148119326	      0.00619690994080814191	     -0.52733933533967936036	     -6.62571049479111984226	     27.65839166792058989586	     -1.88629543078145545110	     -3.30714723346182504216	     -7.29677595201716400197	    -23.09429484986092617760	    -35.24410662210097910929	     -1.89344226842473695172	      3.09557143117746180749
      0.75700000000000033928	      1.83947836557808352964	      3.17428184878597541285	     -2.52842099497674466235	      0.60238189998608382414	      0.99963862711812456752	      0.00643891995998768958	     -0.51804995933579700562	     -6.62020855279415521011	     27.60827715640642665562	     -1.84918303907165371136	     -3.26701388697236039249	     -7.14369983523306739670	    -23.16306403039399341992	    -35.58972790135275232615	     -1.82288480244298400912	      2.87746764568386437233
      0.75800000000000034017	      1.83126546108242704847	      3.17245764592422974104	     -2.52326003664328535336	      0.60249392067555751495	      0.99975578025076938804	      0.00668161614340090967	     -0.50836559474959941429	     -6.61484966217089542795	     27.55737938191612457217	     -1.81130863026579258523	     -3.22555394827673014291	     -6.98913520304115643000	    -23.23011634534530145402	    -35.93600209747675933158	     -1.75137546047952885608	      2.65910220937853347678
      0.75900000000000034106	      1.82280674516615071035	      3.17051297433427681227	     -2.51816271294024707217	      0.60260389419308713066	      0.99987387673549577016	      0.00692499437962312316	     -0.49828115850785503760	     -6.60964102135910813729	     27.50570603919208778620	     -1.77267633634904586692	     -3.18277659219537900626	     -6.83310902312340662235	    -23.29546232894288593229	    -36.28286426810902298712	     -1.67896725048468176134	      2.44052940112367400260
      0.76000000000000034195	      1.81410151302986033528	      3.16845300657158768232	     -2.51312883132496489580	      0.60271181204280732668	      0.99999291113272692488	      0.00716905038771886022	     -0.48779213850844449496	     -6.60458956044716316569	     27.45326425501624711956	     -1.73329103294539899061	     -3.13869160546725334271	     -6.67564905278629172614	    -23.35911205234765475325	    -36.63024990636333200200	     -1.60570193314562015274	      2.22182843212426694990
      0.76100000000000034284	      1.80514924922703290378	      3.16628294077282923524	     -2.50815806773458538359	      0.60281766830580507666	      1.00011287686101835170	      0.00741377978730547310	     -0.47689458190512712399	     -6.59970192133713595695	     27.40006057589942045638	     -1.69315832084967210491	     -3.09330938141673383868	     -6.51678384314295655599	    -23.42107515381308502356	    -36.97809502296929906606	     -1.53160888707221753968	      2.00310464317168390735
      0.76200000000000034373	      1.79594962242987943313	      3.16400793296878912741	     -2.50325003299414516889	      0.60292145842476929651	      1.00023376665507535144	      0.00765917779378134499	     -0.46558498928068492440	     -6.59498446994364151408	     27.34610148245214844565	     -1.65228455405809926404	     -3.04664094230464366220	     -6.35654252652378648492	    -23.48136147821274732905	    -37.32633525423159426282	     -1.45671667870953491786	      1.78446423005833731956
      0.76300000000000034461	      1.78650248968881864009	      3.16163304134200062734	     -2.49840433317938037661	      0.60302317815306660798	      1.00035557285931187010	      0.00790523891001287775	     -0.45386027625608199587	     -6.59044332806645183354	     27.29139380908931045155	     -1.61067690469153568245	     -2.99869796076430450427	     -6.19495455100873826382	    -23.53998144096805944514	    -37.67490517353672885292	     -1.38106788020497806002	      1.56598688180492051636
      0.76400000000000034550	      1.77680790189544701718	      3.15916322256437087646	     -2.49362056868598136461	      0.60312282369739056431	      1.00047828742765720911	      0.00815195697926340834	     -0.44171778730121502576	     -6.58608437300869109521	     27.23594469457384548150	     -1.56834336179786237864	     -2.94949275385022291474	     -6.03204967435780314844	    -23.59694595322905996682	    -38.02373834228624360776	     -1.30471957968236007552	      1.34772581632487842285
      0.76500000000000034639	      1.76686610590284765010	      3.15660342848319697140	     -2.48889821690985701963	      0.60322039339936650570	      1.00060190137139759514	      0.00839932554518555211	     -0.42915540570312971091	     -6.58191316075846799549	     27.17976068776224352064	     -1.52529261234713997553	     -2.89903821636859992950	     -5.86785841949589048738	    -23.65226553241442886133	    -38.37276888866738033812	     -1.22771583849559884349	      1.12976036935683299411
      0.76600000000000034728	      1.75667754555698230057	      3.15395859899157482431	     -2.48423663400915284427	      0.60331588778024280995	      1.00072640488228836730	      0.00864733788961268533	     -0.41617154094720404389	     -6.57793489615452742214	     27.12284774130429809702	     -1.48153402245112153501	     -2.84734783255660239831	     -5.70241206636490982618	    -23.70595032184463235581	    -38.72193157630550786052	     -1.15008628898357212478	      0.91219691411277636917
      0.76700000000000034817	      1.74624286070287260131	      3.15123360052412726517	     -2.47963511967219840670	      0.60340930845973661523	      1.00085178765402815770	      0.00889598676372647598	     -0.40276506450211541077	     -6.57415444861519926434	     27.06521168100680796442	     -1.43707769251430073076	     -2.79443571772082588467	     -5.53574240156490393616	    -23.75801059860762265430	    -39.07116097424792400261	     -1.07185930211017299563	      0.69514174767128888988
      0.76800000000000034905	      1.73556289175327727037	      3.14843317407315481660	     -2.47509297885714030230	      0.60350065718703693740	      1.00097803904581694745	      0.00914526413637084361	     -0.38893528208781108502	     -6.57057642412816633737	     27.00685860192636056354	     -1.39193451479460317266	     -2.74031657877795886691	     -5.36788143411531493143	    -23.80845707712778036580	    -39.42039087310247680307	     -0.99307903660491958497	      0.47867366222726365210
      0.76900000000000034994	      1.72463868360179706229	      3.14556193018460072963	     -2.47060952099103925406	      0.60358993594856846787	      1.00110514818144746840	      0.00939516123054585234	     -0.37468193477854083717	     -6.56720517043786333744	     26.94779483792885343973	     -1.34611615834852993423	     -2.68500569299779190402	     -5.19886138081803039768	    -23.85730085056534832688	    -39.76955434157664370787	     -0.91380602053584103484	      0.26284447464146232232
      0.77000000000000035083	      1.71347148191733178457	      3.14262443503451338600	     -2.46618394116476702393	      0.60367714852344733778	      1.00123310370690865589	      0.00964566881870143090	     -0.36000526790475578798	     -6.56404463996786446955	     26.88802614484041697551	     -1.29963493808750407688	     -2.62851891848534391372	     -5.02871514919215822914	    -23.90455265774288307057	    -40.11858511445507247117	     -0.83408545234631203957	      0.04773293402322455192
      0.77100000000000035172	      1.70206273480300995793	      3.13962520366824771045	     -2.46181532090819299441	      0.60376230053086921146	      1.00136189399271868794	      0.00989677723787966979	     -0.34490601978648993686	     -6.56109836146246916400	     26.82755770632380176721	     -1.25250379577757797733	     -2.57087270881544283085	     -4.85747630224585069669	    -23.95022288936997156839	    -40.46741765140387059319	     -0.75394580606058880790	     -0.16655532359617114535
      0.77200000000000035261	      1.69041409453394719797	      3.13656864479211749952	     -2.45750269355938577576	      0.60384539845237350519	      1.00149150733569891614	      0.01014847616561703920	     -0.32938538209168460869	     -6.55836948995169422005	     26.76639457046311321164	     -1.20473636201544453961	     -2.51208411888010552104	     -4.68517876840178359998	    -23.99432199880977378825	    -40.81598639682069062928	     -0.67341423488903517924	     -0.37991664586802531556
      0.77300000000000035350	      1.67852741896148272005	      3.13345901127513037920	     -2.45324510624636582534	      0.60392644874457934723	      1.00162193201806148934	      0.01040075443983004208	     -0.31344497492341338862	     -6.55586090552493949701	     26.70454202876758742491	     -1.15634700218104380376	     -2.45217071911208428503	     -4.51185657876727042037	    -24.03686077359307304846	    -41.16422529157137688571	     -0.59253533776551581269	     -0.59227388045048534604
      0.77400000000000035438	      1.66640477305666112606	      3.13030039461369469223	     -2.44904161812224785422	      0.60400545794771043351	      1.00175315647506280037	      0.01065360008992892980	     -0.29708684148225855681	     -6.55357521593341996180	     26.64200560509448578728	     -1.10735079439722605699	     -2.39115057488139326480	     -4.33754385038204226532	    -24.07785028949506056506	    -41.51206782978343312607	     -0.51137153399590629110	     -0.80357477225142925903
      0.77500000000000035527	      1.65404842445189936839	      3.12709680537357348484	     -2.44489118037658714755	      0.60408243417231055616	      1.00188516927445769866	      0.01090700055725143947	     -0.28031350269452509627	     -6.55151456821388578078	     26.57879030157139865764	     -1.05776340908263977170	     -2.32904234417537558954	     -4.16227523691516498872	    -24.11730127162581638345	    -41.85944824787464568772	     -0.42996767528994928043	     -1.01374127973390537605
      0.77600000000000035616	      1.64146084521729829220	      3.12385216796344744594	     -2.44079263694221859637	      0.60415738715736777564	      1.00201795934665138788	      0.01116094269744883662	     -0.26312794562793850872	     -6.54968063395009991723	     26.51490061714109458535	     -1.00760108765339273518	     -2.26586527877323540281	     -3.98608586377368423470	    -24.15522409318561258829	    -42.20630157511999414055	     -0.34834992470723286084	     -1.22267095977149953256
      0.77700000000000035705	      1.62864471336092386800	      3.12057027076773474406	     -2.43674479098138041522	      0.60423032737504867029	      1.00215151608873198619	      0.01141541261171380786	     -0.24553359196649277019	     -6.54807470178105077707	     26.45034096137088752698	     -0.95688069621617688476	     -2.20163917116359231230	     -3.80901102455758433507	    -24.19162912813659715994	    -42.55256299433344224781	     -0.26654341853537982798	     -1.43026563700005637791
      0.77800000000000035794	      1.61560290889767754763	      3.11725471778088802921	     -2.43274646444965902958	      0.60430126524511040831	      1.00228582935477428251	      0.01167039554081686706	     -0.22753427896544775599	     -6.54669776995614949300	     26.38511601577471665792	     -0.90561976676224442695	     -2.13638427280121945273	     -3.63108598258523418423	    -24.22652699732294578894	    -42.89816743226918305254	     -0.18459180992782414643	     -1.63644994230383633571
      0.77900000000000035882	      1.60233851303310914638	      3.11390892362359927859	     -2.42879649510569617377	      0.60437021126058021459	      1.00242088963759878872	      0.01192587589383711441	     -0.20913425349821243571	     -6.54555053979482703852	     26.31923073456109918311	     -0.85383647407311380473	     -2.07012128748026169589	     -3.45234595935747012874	    -24.25992852909467600853	    -43.24304961629437826787	     -0.10255724480908827434	     -1.84116850273381560399
      0.78000000000000035971	      1.58885480752439356422	      3.11053619401106518083	     -2.42489361997703900542	      0.60443717738657065652	      1.00255668813697407238	      0.01218183738425713744	     -0.19033821629014158194	     -6.54463322558189908307	     26.25268963887070228225	     -0.80154952417546121435	     -2.00287149282192977751	     -3.27282648651776320037	    -24.29184418852246096776	    -43.58714508259561171144	     -0.02048272860239419915	     -2.04434419304197945166
      0.78100000000000036060	      1.57515527585252312903	      3.10713972288368722730	     -2.42103647698729185223	      0.60450217711750076077	      1.00269321695226620861	      0.01243826302575828935	     -0.17115130700861178048	     -6.54394555779919784300	     26.18549684163793145331	     -0.74877812916135511045	     -1.93465672126765042549	     -3.09256332335912631493	    -24.32228407741480324944	    -43.93039021669328292319	      0.06160859361022738567	     -2.24588068727496992238
      0.78200000000000036149	      1.56124360155957853102	      3.10372254590624674364	     -2.41722367080377242843	      0.60456522466589845966	      1.00283046911623596742	      0.01269513502416080852	     -0.15157907449867652483	     -6.54348689690504681238	     26.11765644223019577908	     -0.69554204992113921602	     -1.86549927205805565755	     -2.91159218470319203220	    -24.35125825172483970960	    -44.27272171088578289755	      0.14369415154351031227	     -2.44568771904758008873
      0.78300000000000036238	      1.54712365887852087987	      3.10028749219226940070	     -2.41345382730178270592	      0.60462633430390333444	      1.00296843855780148935	      0.01295243473421272412	     -0.13162747048284295648	     -6.54325629013431608882	     26.04917286649979502045	     -0.64186163999983392170	     -1.79542187934707908603	     -2.72994863000745624504	    -24.37877693410115753636	    -44.61407622116200855089	      0.22573256528824889311	     -2.64369190731215519818
      0.78400000000000036326	      1.53279951025912430929	      3.09683718067077196068	     -2.40972558999127306478	      0.60468552049609880505	      1.00310712024047421487	      0.01321014268245873820	     -0.11130284477907942398	     -6.54325245560555490698	     25.98005086824010589908	     -0.58775782289791467239	     -1.72444772013063896132	     -2.54766806088357267157	    -24.40485047725321265943	    -44.95439042716026989410	      0.30766409200970162852	     -2.83983316625131054778
      0.78500000000000036415	      1.51827541168015089923	      3.09337410465170181695	     -2.40603751303765367453	      0.60474279913507489326	      1.00324651018126265178	      0.01346823862096869356	     -0.09061196709639840474	     -6.54347364598545944148	     25.91029485927208497742	     -0.53325197615483699298	     -1.65260047514833607885	     -2.36478593302300321710	    -24.42948886785232076591	    -45.29360188341628656872	      0.38944874730616169112	     -3.03403623597629046316
      0.78600000000000036504	      1.50355581277984184929	      3.08990063105018109013	     -2.40238806428730411469	      0.60479818757475367619	      1.00338660555503489391	      0.01372670151875462347	     -0.06956200660879657827	     -6.54391766825790544004	     25.83990893107993613853	     -0.47836590503331322122	     -1.57990430033774154062	     -2.18133767681887702494	    -24.45270173448086126200	    -45.63164904826306411678	      0.47106665658669533148	     -3.22621374144871975176
      0.78700000000000036593	      1.48864535067718328776	      3.08641895461514970123	     -2.39877568741135238639	      0.60485170392305331877	      1.00352740469321322081	      0.01398550950878869881	     -0.04816050681065810884	     -6.54458198737875473938	     25.76889722928062198548	     -0.42312188243265697052	     -1.50638375739372065709	     -1.99735849839423473817	    -24.47449863299880234990	    -45.96847082983999399630	      0.55249811458661901575	     -3.41628498801885838176
      0.78800000000000036682	      1.47354883623443422280	      3.08293104973921749945	     -2.39519884978159547373	      0.60490336652686593766	      1.00366890705697509034	      0.01424463989104013048	     -0.02641539747181304368	     -6.54546372507933504892	     25.69726426950301245711	     -0.36754268986993970936	     -1.43206383080371524308	     -1.81288334843899878734	    -24.49488921244470773786	    -46.30400630407183371062	      0.63370497778204037953	     -3.60417945098043102092
      0.78900000000000036771	      1.45827125061958051688	      3.07943866885813299916	     -2.39165603938336923662	      0.60495319408430026087	      1.00381111329552763500	      0.01450406914689867863	     -0.00433498972838904529	     -6.54655963685420605458	     25.62501493009967035164	     -0.31165159140224352186	     -1.35696993593678771894	     -1.62794692706039723085	    -24.51388318073224326099	    -46.63819477989337514146	      0.71463141778927008474	     -3.78983320981147731032
      0.79000000000000036859	      1.44281775643957344002	      3.07594343230111588738	     -2.38814567174254133164	      0.60500120663209489003	      1.00395402512257536642	      0.01476377292425667953	      0.01807203972060385244	     -6.54786607579051782579	     25.55215381041640299031	     -0.25547221343123427406	     -1.28112789005717253588	     -1.44258375952414485965	    -24.53148990578958077435	    -46.97097651163368681182	      0.79524110770602796094	     -3.97317478503036314308
      0.79100000000000036948	      1.42719369666829187793	      3.07244682908105870567	     -2.38466609409015140031	      0.60504742553448620512	      1.00409764531805700827	      0.01502372602695753456	      0.04079667401580838043	     -6.54937902430823282174	     25.47868524123395417291	     -0.19902852155521283395	     -1.20456389142031228268	     -1.25682813886447752871	    -24.54771843235791450866	    -47.30229271660417822432	      0.87551737503962223652	     -4.15412788349211847816
      0.79200000000000037037	      1.41140458404892776834	      3.06895017044164575282	     -2.38121564097226734447	      0.60509187290500843215	      1.00424197772888645908	      0.01528390240508226659	      0.06382956922703289515	     -6.55109415764189950693	     25.40461363617027146233	     -0.14234486142679206311	     -1.12730450210317778570	     -1.07071401777303254477	    -24.56257772403701977737	    -47.63208520178213944973	      0.95544354634763517531	     -4.33262222859496759497
      0.79300000000000037126	      1.39545608423210287796	      3.06545454304669062751	     -2.37779267599511223708	      0.60513457123127323278	      1.00438702727826156824	      0.01554427519091168899	      0.08716102488647824165	     -6.55300677677445264635	     25.32994378535537549624	     -0.08544598066698490257	     -1.04937667067104456464	     -0.88427502338030272711	    -24.57607677890097974682	    -47.96029614010099351162	      1.03498518922477367177	     -4.50859190219220362650
      0.79400000000000037215	      1.37935401165491833275	      3.06196080990246999320	     -2.37439559016541767988	      0.60517554343738555467	      1.00453279994087329996	      0.01580481670925957052	      0.11078099146024780741	     -6.55511178365755942110	     25.25468083624995685454	     -0.02835699597157451818	     -0.97080772497828815570	     -0.69754446363592148561	    -24.58822460083485594851	    -48.28686813885283868331	      1.11409096026419085490	     -4.68197258751307909819
      0.79500000000000037303	      1.36310434511554423587	      3.05846970368119341899	     -2.37102272303052252767	      0.60521481357950113189	      1.00467930245769698772	      0.01606549841638480608	      0.13467912879669696746	     -6.55740377123940376691	     25.17882967661994797481	      0.02889671025847427924	     -0.89162530115047256007	     -0.51055531207840476604	    -24.59902991022761753470	    -48.61174482464556945160	      1.19272828123556196012	     -4.85269913548539477688
      0.79600000000000037392	      1.34671322537101834094	      3.05498182860703337838	     -2.36767236705658890017	      0.60525240678490888069	      1.00482654225961409722	      0.01632629089458320290	      0.15884483210222491434	     -6.55987705843513424497	     25.10239493090646334394	      0.08628950757737498256	     -0.81185734083548610762	     -0.32334018078284942899	    -24.60850116380343166611	    -48.93487085154223592554	      1.27088353649832042080	     -5.02070737326322813487
      0.79700000000000037481	      1.33018694084166155811	      3.05149761361666893578	     -2.36434281546276059416	      0.60528834881843229798	      1.00497452749830795682	      0.01658716387589280819	      0.18326722634317435534	     -6.56252568968293381602	     25.02538128719382726217	      0.14379548385571747082	     -0.73153211432136011627	     -0.13593128955241803868	    -24.61664674043476708221	    -49.25619160057887313542	      1.34854327805401896789	     -5.18593760360068056769
      0.79800000000000037570	      1.31353190868308145056	      3.04801726839811015779	     -2.36103240009727599613	      0.60532266582120797249	      1.00512326709918053957	      0.01684808630278844185	      0.20793512868643709846	     -6.56534331733624565430	     24.94779377688705324090	      0.20138845673489158550	     -0.65067819718178676602	      0.05163951630719551544	    -24.62347502075913752151	    -49.57565301173631411302	      1.42567683837382563894	     -5.34833079090594498695
      0.79900000000000037659	      1.29675466994259980247	      3.04454078664192806514	     -2.35773949162164786486	      0.60535538430803326193	      1.00527277068106313251	      0.01710902634443730100	      0.23283706029887218936	     -6.56832318413894089559	     24.86963774778419633549	      0.25904201202823867733	     -0.56932444258427317152	      0.23934076478168886393	    -24.62899436924226037604	    -49.89320165037463539193	      1.50223705117528028019	     -5.50782705698645447256
      0.80000000000000037748	      1.27986190779163178100	      3.04106803921198975971	     -2.35446243085325068733	      0.60538653159738653464	      1.00542304815848493327	      0.01736995131513098187	      0.25796133367099588485	     -6.57145832741486923823	     24.79091826862437741852	      0.31672956193879930886	     -0.48749995403750195910	      0.42714139885784208062	    -24.63321293617070750770	    -50.20878517133449037146	      1.57819489962469328148	     -5.66437007707951867275
      0.80100000000000037836	      1.26286044370018335492	      3.03759877647835985215	     -2.35119953250944258016	      0.60541613571167163244	      1.00557410963545490468	      0.01763082768386170507	      0.28329607387508060068	     -6.57474161026426262566	     24.71164011570601815038	      0.37442435788204947444	     -0.40523409841838475831	      0.61501077803812198574	    -24.63613867407033097834	    -50.52235232032479217423	      1.65353990084004065508	     -5.81790777083624632837
      0.80200000000000037925	      1.24575722033017788348	      3.03413258214440961780	     -2.34794912657335119732	      0.60544422507965467428	      1.00572596547706183401	      0.01789162112570241714	      0.30882919581127005193	     -6.57816565529323415973	     24.63180808016454648168	      0.43209947842994300693	     -0.32255652374732973753	      0.80291866855833726735	    -24.63777947016479430431	    -50.83385269860191613134	      1.72826208297784766899	     -5.96839084850744772126
      0.80300000000000038014	      1.22855928129020131045	      3.03066883290759214731	     -2.34470959481823992832	      0.60547082835567356263	      1.00587862639229097539	      0.01815229660323169208	      0.33454836972301960074	     -6.58172269986311597734	     24.55142724176698720839	      0.48972787693642871876	     -0.23949706140105123109	      0.99083525351362855549	    -24.63814321233772375308	    -51.14323664575753980444	      1.80233439883005508442	     -6.11576931513617871872
      0.80400000000000038103	      1.21127376552361987194	      3.02720670323277785130	     -2.34147937246962412061	      0.60549597436032154274	      1.00603210333730763715	      0.01841281839791998609	      0.36044103622138640164	     -6.58540459128927491150	     24.47050294180556662127	      0.54728241972850910635	     -0.15608568629117544613	      1.17873114197894368615	    -24.63723778326940205829	    -51.45045529683529395015	      1.87571323888535346214	     -6.25999224873087367627
      0.80500000000000038192	      1.19390792699606884675	      3.02374525484557610255	     -2.33825688423526800719	      0.60551969232375524310	      1.00618640709421391932	      0.01867315002678308911	      0.38649449848909966931	     -6.58920306956166434986	     24.38904020900786306925	      0.60473588148663015573	     -0.07235260663036795215	      1.36657738910106574259	    -24.63507091345345756395	    -51.75546092631767436387	      1.94837300039954164355	     -6.40101435307668786834
      0.80600000000000038280	      1.17646912847036411165	      3.02028343791668518747	     -2.33504054634999835827	      0.60554201176884148161	      1.00634154818196241976	      0.01893325428201185490	      0.41269593640074747620	     -6.59310978884884324458	     24.30704374380609422701	      0.66206095914073681552	      0.01167173696730728488	      1.55434546829796760292	    -24.63165019257690957488	    -52.05820695983867096857	      2.02030666442168049812	     -6.53879477898602257113
      0.80700000000000038369	      1.15896482143793710939	      3.01682004560174243935	     -2.33182880341675380365	      0.60556296233129836004	      1.00649753694108112789	      0.01919309330954354492	      0.43903237668845240815	     -6.59711619807508142799	     24.22451821305258334860	      0.71923029612881550499	      0.09595672577410707671	      1.74200724377809534893	    -24.62698316803066944658	    -52.35864781430779402172	      2.09150805278687723643	     -6.67329256494162059710
      0.80800000000000038458	      1.14140253079560038962	      3.01335368420393567845	     -2.32862016941221794397	      0.60558257361302803012	      1.00665438363885750839	      0.01945262866909880720	      0.46549066621515550191	     -6.60121340664371647478	     24.14146852775885676579	      0.77621654118821048485	      0.18047162074886499705	      1.92953512704140717204	    -24.62107740721746651502	    -52.65673872251022658020	      2.16195365836980135654	     -6.80447129358878566308
      0.80900000000000038547	      1.12378984548759541795	      3.00988277533403536523	     -2.32541322804011496572	      0.60560087506710547078	      1.00681209843230279333	      0.01971182142367989762	      0.49205748742006261143	     -6.60539219006447098081	     24.05789981580692682428	      0.83299238121298291304	      0.26518564522097448632	      2.11690203569872403833	    -24.61394050517584375370	    -52.95243582098915879897	      2.23160302178785174831	     -6.93229643229321634834
      0.81000000000000038636	      1.10613441926048272634	      3.00640561124862903952	     -2.32220655132510911400	      0.60561789626552986476	      1.00697069086177237729	      0.01997063217251162856	      0.51871945088654469735	     -6.60964326215475406201	     23.97381685099355408397	      0.88953052645435659596	      0.35006814146550241373	      2.30408094851493672195	    -24.60557997503941152218	    -53.24569679320941872902	      2.30043414947847235652	     -7.05671516051104408263
      0.81100000000000038725	      1.08844400271616614795	      3.00292040798962434067	     -2.31899873318751881257	      0.60563366674548102520	      1.00713016978723080008	      0.02022902077671230592	      0.54546308423304790125	     -6.61395735599854095454	     23.88922410531808537826	      0.94580366843048990777	      0.43508788130685854822	      2.49104572752729414020	    -24.59600319817967317704	    -53.53648010005956336954	      2.36844394041280903451	     -7.17770460194670523180
      0.81200000000000038813	      1.07072645972533520009	      2.99942533200140859506	     -2.31578846930636172985	      0.60564821536949065006	      1.00729054420104735534	      0.02048694639424573222	      0.57227475228390800588	     -6.61832516772848666875	     23.80412606319940138633	      1.00178442669197376169	      0.52021237307553214180	      2.67777205064183698724	    -24.58521746299766874699	    -53.82474386205386451820	      2.43562989866462054067	     -7.29532645994669071143
      0.81300000000000038902	      1.05298950935251456329	      2.99591811405134533786	     -2.31257437242023344837	      0.60566157126247399667	      1.00745182231202057288	      0.02074436922790388188	      0.59914080784124512657	     -6.62273677012896655469	     23.71852715031258185263	      1.05744584912054762071	      0.60541253656866989008	      2.86423211333350291596	    -24.57323036339980504295	    -54.11045102449907773234	      2.50197295091162175140	     -7.40940702274151608009
      0.81400000000000038991	      1.03524078864123891819	      2.99239606661714097058	     -2.30935497759990537858	      0.60567376586487875478	      1.00761400803832912310	      0.02100124883306902362	      0.62604774063775614490	     -6.62718165866327613145	     23.63243198781470866265	      1.11276159126871898586	      0.69066212395074655372	      3.05039565997811346065	    -24.56004968099435359363	    -54.39356893598542797008	      2.56743758753718243071	     -7.51957897957010334977
      0.81500000000000039080	      1.01748850434554882760	      2.98885704342659197508	     -2.30612923313403150871	      0.60568483261748329305	      1.00777709961296690899	      0.02125753842133133037	      0.65298199175774584990	     -6.63165018241509418573	     23.54584598620237656519	      1.16770507489325114925	      0.77592591106967068182	      3.23624407834795002614	    -24.54568237484512849278	    -54.67405530300346327977	      2.63200428251869578133	     -7.62610943597367629820
      0.81600000000000039169	      0.99974105891095310650	      2.98529902364703669804	     -2.30289624993845398748	      0.60569480465722280726	      1.00794109425738298569	      0.02151318954257346039	      0.67992986669962907076	     -6.63613300439563413846	     23.45877449722363650153	      1.22224957650720211788	      0.86116546493445378374	      3.42176277432433151304	    -24.53013514371001946301	    -54.95186506093183709254	      2.69567200293283537604	     -7.72947898394851851123
      0.81700000000000039257	      0.98200631392812920417	      2.98171914472725196887	     -2.29965475605962010874	      0.60570371277026624490	      1.00810599375795661992	      0.02176815998487350093	      0.70687754570572358670	     -6.64061979561332815791	     23.37122156831173924729	      1.27636869692583987401	      0.94635174895101470405	      3.60692540881771783745	    -24.51341552726320216493	    -55.22696664819415701686	      2.75844375654067253123	     -7.82947991595259562558
      0.81800000000000039346	      0.96429202240112421585	      2.97811434728700108465	     -2.29640354865629348069	      0.60571158423912330182	      1.00827180433323593256	      0.02202241011962694645	      0.73381095484018132868	     -6.64510002550395384446	     23.28319102053419342724	      1.33003600757988871273	      1.03145705768819517800	      3.79170447229780149812	    -24.49553133587071229726	    -55.49933136864235905250	      2.82030492064908422378	     -7.92582770317320406406
      0.81900000000000039435	      0.94660615304883832799	      2.97448178628294579440	     -2.29314174544147331147	      0.60571844444163536192	      1.00843853253998894104	      0.02227589884133818199	      0.76071587931223605406	     -6.64956347225166322090	     23.19468726714490003360	      1.38322509411396343815	      1.11644951496569722060	      3.97607856296527728546	    -24.47649016774631292037	    -55.76892555729656208996	      2.88122189782725479645	     -8.01856676268376844519
      0.82000000000000039524	      0.92895667843621043680	      2.97081849723319590950	     -2.28986846358204942931	      0.60572431878747368117	      1.00860618327819029361	      0.02252858472417932148	      0.78757816577687611570	     -6.65399990784767148000	     23.10571449731764914759	      1.43590985070571841575	      1.20129750317314876185	      4.16002653397778843214	    -24.45629956643140445749	    -56.03571687950232416142	      2.94118060869024811055	     -8.10772529463515034820
      0.82100000000000039613	      0.91135153045485839396	      2.96712135377478558595	     -2.28658279306252154583	      0.60572923234631637079	      1.00877476049710179673	      0.02278042660041455086	      0.81438370627963563297	     -6.65839904311404140458	     23.01627658172564494521	      1.48806447129253260897	      1.28597030244381316244	      4.34352666602022718934	    -24.43496709107657238746	    -56.29967536065210254037	      3.00018709669822580821	     -8.19326869267196578051
      0.82200000000000039702	      0.89379864200425562792	      2.96338713552231514115	     -2.28328389868108594385	      0.60573320946390907249	      1.00894426744728549217	      0.02303138325109198997	      0.84111840025098616458	     -6.66275054976153224828	     22.92637744424895629436	      1.53966342409142820102	      1.37043700251740507845	      4.52655821955533355094	    -24.41250034072609054192	    -56.56077173002072555619	      3.05824802860206057531	     -8.27518711696286146662
      0.82300000000000039790	      0.87630592472399349013	      2.95961248111940156136	     -2.27997104040163733885	      0.60573627388617379275	      1.00911470639827416385	      0.02328141349054636822	      0.86776818344503348079	     -6.66704402553871577908	     22.83602127293655570384	      1.59068149355085841634	      1.45466674953375485480	      4.70910123908272293392	    -24.38890701038055652816	    -56.81897768645644219987	      3.11535218723864737456	     -8.35348019371228645014
      0.82400000000000039879	      0.85888125387808289535	      2.95579387856771891308	     -2.27664356220635655248	      0.60573844873367610475	      1.00928607866139663507	      0.02353047628779490058	      0.89431904837764364391	     -6.67126901054641407995	     22.74521249270913969553	      1.64109380416548167325	      1.53862893816830648142	      4.89113632684165189346	    -24.36419489357526302342	    -57.07426616086504367331	      3.17147115557494263527	     -8.42814361651371690698
      0.82500000000000039968	      0.84153247978683620723	      2.95192773940377950481	     -2.27330083328624255046	      0.60573975661856460651	      1.00945838465638382253	      0.02377853070854763287	      0.92075705580485467383	     -6.67541509297302226855	     22.65395533488480950268	      1.69087583264211938072	      1.62229308272123828871	      5.07264465785718154933	    -24.33837177348901192886	    -57.32661118530423749462	      3.22659593978334902076	     -8.49917550101083563163
      0.82600000000000040057	      0.82426742159939581089	      2.94801040275151970960	     -2.26994224959718904344	      0.60574021958455670500	      1.00963162398254535645	      0.02402553594842479420	      0.94706834244754845020	     -6.67947190329747986226	     22.56225385549538486885	      1.74000342931132401247	      1.70562882390010739364	      5.25360800697364904721	    -24.31144544577463761925	    -57.57598786966183013192	      3.28073721393489226017	     -8.56657726320011647658
      0.82700000000000040146	      0.80709385188887217133	      2.94403810369736174124	     -2.26656726825877052889	      0.60573985906566729653	      1.00980579533201120235	      0.02427145142403012990	      0.97323912818046809381	     -6.68342906031528283251	     22.47011217818442574412	      1.78845284146839378359	      1.78860600177653816800	      5.43400877796376491347	    -24.28342380844151549013	    -57.82237243276779992129	      3.33390618020647888642	     -8.63035203565584119190
      0.82800000000000040234	      0.79001948491349704984	      2.94000695107326670552	     -2.26317543642208862664	      0.60573869589515849654	      1.00998089627628040432	      0.02451623684394452912	      0.99925574115095372463	     -6.68727619755999569406	     22.37753468164815018326	      1.83620073440432451939	      1.87119469447367547943	      5.61383005011668689832	    -24.25431485582795332334	    -58.06574219173800344151	      3.38609649402586265765	     -8.69050502847566797016
      0.82900000000000040323	      0.77305197114441692730	      2.93591293478326909039	     -2.25976638908896587665	      0.60573675026654560938	      1.01015692329905082403	      0.02475985224188037223	      1.02510463392804718197	     -6.69100299395460762497	     22.28452598958572039578	      1.88322421042945586933	      1.95336522923796862550	      5.79305558397563480355	    -24.22412666092867894463	    -58.30607554858706009782	      3.43728498753471045646	     -8.74704376317027865184
      0.83000000000000040412	      0.75619890283828072874	      2.93175198724594476829	     -2.25633979127663142350	      0.60573404183164802905	      1.01033387202630375867	      0.02500225794343426816	      1.05077237825941383065	     -6.69459919270494374643	     22.19109058357303609910	      1.92950082464927175074	      2.03508814737400500761	      5.97166973464091910273	    -24.19286735634223362013	    -58.54335198650726823644	      3.48746753694893163456	     -8.79997776203487447333
      0.83100000000000040501	      0.73946780748813922823	      2.92751998773921684460	     -2.25289533868426117280	      0.60573058963443249247	      1.01051173734083743483	      0.02524341460336012796	      1.07624567431970885600	     -6.69805459942684677799	     22.09723281856904009146	      1.97500860419641433019	      2.11633422209386257151	      6.14965745733177016064	    -24.16054516495515258612	    -58.77755206274796506705	      3.53665925625452448600	     -8.84931851306405015123
      0.83200000000000040590	      0.72286613517412035002	      2.92321273712271478828	     -2.24943278959346404378	      0.60572641209569100251	      1.01069051317444746907	      0.02548328328127978659	      1.10151137030249524074	     -6.70135907672946817826	     22.00295713919771145584	      2.01972606980806634880	      2.19707450373873225402	      6.32700435279701700608	    -24.12716845016562672299	    -59.00865739959063205333	      3.58487570650880016387	     -8.89507957226680900931
      0.83300000000000040679	      0.70640124830300943248	      2.91882593969082870800	     -2.24595198950147034722	      0.60572152706188764348	      1.01087019216501383667	      0.02572182550519010527	      1.12655649078293773613	     -6.70450258877075544461	     21.90826823488464469847	      2.06363225588211207651	      2.27728035712256504652	      6.50369669714518661152	    -24.09274565210845509000	    -59.23665067304177256347	      3.63211525215844588388	     -8.93727660879342522549
      0.83400000000000040767	      0.69008041637808970048	      2.91435521126918839485	     -2.24245286841766366948	      0.60571595176592396559	      1.01105076572025254222	      0.02595900329988423683	      1.15136825009834442568	     -6.70747522451131228394	     21.81317102690029940959	      2.10670672778901035826	      2.35692347498535514916	      6.67972143860866562903	    -24.05728526697560809566	    -59.46151560157959181652	      3.67835977302445549242	     -8.97592737030801757214
      0.83500000000000040856	      0.67391082001972835158	      2.90979613545749993264	     -2.23893538970316274828	      0.60570970285834369040	      1.01123222444777294271	      0.02619477915528993853	      1.17593403707481414244	     -6.71026716579082904701	     21.71767033483880027234	      2.14892959659035698294	      2.43597584772037434320	      6.85506612203503440384	    -24.02079593416131331196	    -59.68323694139759538757	      3.72360965781389996465	     -9.01105150754834127724
      0.83600000000000040945	      0.65789954497036917669	      2.90514426905454570260	     -2.23539955025374581510	      0.60570279634018553416	      1.01141455830052140463	      0.02642911605714436812	      1.20024142536474331955	     -6.71286869236524896820	     21.62177088903048627344	      2.19028153593846885983	      2.51440977956562061735	      7.02971888942657585631	    -23.98328646845426703749	    -59.90180047529446483168	      3.76788406581484913715	     -9.04267054844131124014
      0.83700000000000041034	      0.64205357123082851256	      2.90039512112692854373	     -2.23184540816300902577	      0.60569524758560278066	      1.01159775624454240095	      0.02666197755432170302	      1.22427819976446250472	     -6.71527021087782305386	     21.52547751396491904075	      2.23074380140178929466	      2.59219792866416076649	      7.20366851262947438528	    -23.94476585444953897763	    -60.11719299826136619913	      3.81120267404467982786	     -9.07080795136967665826
      0.83800000000000041123	      0.62637976400246597741	      2.89554413825850787134	     -2.22827310420572333172	      0.60568707142135957966	      1.01178180579595511368	      0.02689332781741544942	      1.24803238419570350359	     -6.71746230023573076551	     21.42879525730189271826	      2.27029824945531188973	      2.66931334042974777176	      7.37690441355769976894	    -23.90524313116575783056	    -60.32940230095294253942	      3.85356811514995811763	     -9.09548914183114121101
      0.83900000000000041211	      0.61088486872749037104	      2.89058671309461745480	     -2.22468285911836938240	      0.60567828208304719251	      1.01196669311968623362	      0.02712313166322256192	      1.27149225229502005341	     -6.71943572686537660132	     21.33172937704655680591	      2.30892735250678660108	      2.74572946028734454771	      7.54941665739020439929	    -23.86472737302429791839	    -60.53841715551207869339	      3.89496657023468273451	     -9.11674147588938232900
      0.84000000000000041300	      0.59557551399767716394	      2.88551823566445841962	     -2.22107492804041495305	      0.60566889318615668714	      1.01215240365943537348	      0.02735135452488179214	      1.29464630784010270581	     -6.72118139442654705107	     21.23428505672013244521	      2.34661421010297033263	      2.82142010840631751734	      7.72119588469759765559	    -23.82322788053973994238	    -60.74422731148226262121	      3.93540233720184273736	     -9.13459406883842461866
      0.84100000000000041389	      0.58045820606103459838	      2.88033409968220288633	     -2.21744959998759805231	      0.60565891766061097368	      1.01233892231663102912	      0.02757796247841174525	      1.31748329404863118164	     -6.72269035287052574290	     21.13646741408502194304	      2.38334256245539410912	      2.89635949444874629677	      7.89223330757733965157	    -23.78075420834068154363	    -60.94682348125711257580	      3.97489823615598680817	     -9.14907776096350566775
      0.84200000000000041478	      0.56553931946253643837	      2.87502968542833814425	     -2.21380722160694753953	      0.60564836781075070959	      1.01252623299855160077	      0.02780292230352763433	      1.33999222127363393220	     -6.72395384138367280258	     21.03828165371404779194	      2.41909680743427779603	      2.97052225282821158459	      8.06252073196255558685	    -23.73731609871857628491	    -61.14619732036337040881	      4.01347774539926938075	     -9.16022515588337071790
      0.84300000000000041567	      0.55082508889051140510	      2.86960034712484501895	     -2.21014821652262360985	      0.60563725541706892042	      1.01271431804559308709	      0.02802620153881774795	      1.36216239457660814871	     -6.72496333113044819640	     20.93973317841423309460	      2.45386201820817984043	      3.04388347337401787840	      8.23205057025680986271	    -23.69292332980402804310	    -61.34234140647857458362	      4.05114711936962024197	     -9.16807064597387721960
      0.84400000000000041656	      0.53632160444183507586	      2.86404142142928463954	     -2.20647308266919051079	      0.60562559168858254299	      1.01290315836985667097	      0.02824776850435430087	      1.38398342185024691986	     -6.72571053644098082458	     20.84082757937138197235	      2.48762395491507737333	      3.11641871360342115338	      8.40081583229783745992	    -23.64758570150278060851	    -61.53524922238240435490	      4.08789582628913272799	     -9.17265036990990445531
      0.84500000000000041744	      0.52203481393380124498	      2.85834827495127496988	     -2.20278235056464488650	      0.60561338719263624331	      1.01309273427854251715	      0.02846759227377153659	      1.40544519032703396633	     -6.72618736109118309230	     20.74157039032580485127	      2.52036907010205579738	      3.18810397660207955894	      8.56881006474038464660	    -23.60131330666667537344	    -61.72491515140261952865	      4.12373138728411792187	     -9.17400204481369563325
      0.84600000000000041833	      0.50797051787123148614	      2.85251631106616176936	     -2.19907658199438404978	      0.60560065179511557432	      1.01328302568748918056	      0.02868564269850579912	      1.42653787321894065521	     -6.72638590650756373890	     20.64196709394080286870	      2.55208451825017856862	      3.25891572454553468674	      8.73602734453801588188	    -23.55411655182366459371	    -61.91133445955232872393	      4.15867992062635138950	     -9.17216492469488109407
      0.84700000000000041922	      0.49413436130801186019	      2.84654095543719121153	     -2.19535639075863242553	      0.60558739475134537589	      1.01347401155893157565	      0.02890189046365625528	      1.44725195662211403302	     -6.72629851489641694684	     20.54202325006629337167	      2.58275817068483215522	      3.32883091044967160954	      8.90246229308490910626	    -23.50600603854007530913	    -62.09450327149296100515	      4.19276829982851584333	     -9.16717982602893854960
      0.84800000000000042011	      0.48053182663525983997	      2.84041764427102716439	     -2.19162246077596867266	      0.60557362482224474931	      1.01366566923380241327	      0.02911630713912485152	      1.46757826766493026938	     -6.72591781447851921882	     20.44174459700704105103	      2.61237863109605727985	      3.39782700695180439610	      9.06811008321989220349	    -23.45699239027518601119	    -62.27441854584758829105	      4.22600570482718129739	     -9.15908914500592530317
      0.84900000000000042100	      0.46716822928495294054	      2.83414183223163407277	     -2.18787554347200785543	      0.60555935022593665451	      1.01385797461208837511	      0.02932886520037984376	      1.48750798021044738917	     -6.72523672976179121008	     20.34113704634875929855	      2.64093524298711113119	      3.46588201820058072755	      9.23296642971859427007	    -23.40708624369527157683	    -62.45107805567761261045	      4.25838395196400565368	     -9.14793681009027181972
      0.85000000000000042188	      0.45404871993628542759	      2.82770903705907450387	     -2.18411641830574065892	      0.60554457854654875071	      1.01405090315131340972	      0.02953953800204654756	      1.50703258531822603672	     -6.72424841968768927103	     20.24020646542980372828	      2.66841808870008900811	      3.53297445963802925206	      9.39702753610807484108	    -23.35629857155027622184	    -62.62448038348485113147	      4.28991318211329630827	     -9.13376811450552317240
      0.85100000000000042277	      0.44117828017505200666	      2.82111484610993512590	     -2.18034589095688957627	      0.60552931668103371354	      1.01424443011183518237	      0.02974829979913143005	      1.52614389550541518226	     -6.72294628546011985293	     20.13895868398835631297	      2.69481799456960002814	      3.59908337063888073004	      9.56029008732690677164	    -23.30464069806188120992	    -62.79462490083867010071	      4.32062243388995970150	     -9.11662966883643655081
      0.85200000000000042366	      0.42856171563892819787	      2.81435490292640588805	     -2.17656481228612097567	      0.60551357095048807810	      1.01443852989838312340	      0.02995512579710416304	      1.54483407199565925261	     -6.72132401624971187459	     20.03739960690750976369	      2.72012654343523863076	      3.66418834391990122512	      9.72275125804194750856	    -23.25212414540638405924	    -62.96151174122987015380	      4.35054140464900651608	     -9.09656941756604453531
      0.85300000000000042455	      0.41620364986172925237	      2.80742489556344532176	     -2.17277409554980094342	      0.60549734722780734764	      1.01463317531568542051	      0.03015999219885576871	      1.56309565167952424503	     -6.71937563165233608942	     19.93553530794260097991	      2.74433608759992209158	      3.72826955298769258107	      9.88440871572099410969	    -23.19876044358103683862	    -63.12514177258974967799	      4.37968154610733595433	     -9.07363664973019545812
      0.85400000000000042544	      0.40410852069942615472	      2.80032056347959157350	     -2.16897471379503192779	      0.60548065089185965082	      1.01482833778813663628	      0.03036287622238994025	      1.58092154962648479000	     -6.71709548789046451134	     19.83337202870276527733	      2.76743975184002266587	      3.79130776370407884812	     10.04526061177747209285	    -23.14456112391676256834	    -63.28551657597718360648	      4.40803641260992584705	     -9.04788194717422022961
      0.85500000000000042633	      0.39228058299882706539	      2.79303773937092092439	     -2.16516766207890354323	      0.60546348672491012710	      1.01502398850371644556	      0.03056375607206301623	      1.59830502489876025152	     -6.71447821044778514477	     19.73091598324461060088	      2.78943142612093497590	      3.85328431525272074865	     10.20530553529733097662	    -23.08953807859609241859	    -63.44263844076326108734	      4.43561824889593925292	     -9.01935701667987821395
      0.85600000000000042721	      0.38072390525134630623	      2.78557235467924613204	     -2.16135395554543263685	      0.60544585886424917565	      1.01522009868458384929	      0.03076261095434823858	      1.61523968335935008689	     -6.71151870372031478240	     19.62817336642724086460	      2.81030576634231321620	      3.91418113214063279059	     10.36454250561698486877	    -23.03370357360086373433	    -63.59651034266906322046	      4.46245848176056103540	     -8.98811463837604840421
      0.85700000000000042810	      0.36944236411679337584	      2.77792042605165345748	     -2.15753464738195166461	      0.60542777092604727063	      1.01541663885184529903	      0.03095942112128217960	      1.63171950531163068021	     -6.70821220017430608351	     19.52515045664219428545	      2.83005820404965113823	      3.97398075204953160622	     10.52297097652568602655	    -22.97707007179571192523	    -63.74713591444204752179	      4.48858893296344518831	     -8.95420867593913705207
      0.85800000000000042899	      0.35843963935151573752	      2.77007804327057005622	     -2.15371084520078071023	      0.60540922614319336859	      1.01561357802770113601	      0.03115416791388213660	      1.64773886753324005916	     -6.70455428613945603189	     19.42185370195397808857	      2.84868495656948228500	      4.03266635236886283877	     10.68059083667403186269	    -22.91965002456902311678	    -63.89451941645280186322	      4.51402277230705450961	     -8.91769408140724806344
      0.85900000000000042988	      0.34771921121378801534	      2.76204137470557187228	     -2.14988370854045474090	      0.60539022732157909967	      1.01581088398824248564	      0.03134683377489822648	      1.66329254202802956364	     -6.70054090015080827669	     19.31828972161475377334	      2.86618302565526184011	      4.09022176148701444021	     10.83740240133343846196	    -22.86145586549591612879	    -64.03866571453465894592	      4.53875497896273660814	     -8.87862683989703782572
      0.86000000000000043077	      0.33728436419543783575	      2.75380670596179699672	     -2.14605441302431598771	      0.60537077672482841884	      1.01600852451253786946	      0.03153740221183196080	      1.67837566263180248960	     -6.69616827829755223433	     19.21446512970290143585	      2.88255018415872088511	      4.14663144044074805095	     10.99340637114410057507	    -22.80250040448311210639	    -64.17958027634828965802	      4.56279943501086115987	     -8.83706380245313560806
      0.86100000000000043165	      0.32713818488990875633	      2.74537044385788275846	     -2.14222414866154808877	      0.60535087602694392928	      1.01620646766873101718	      0.03172585780511940484	      1.69298372684441611469	     -6.69143296790199748614	     19.11038654475802900379	      2.89778497240737520357	      4.20188049428503429539	     11.14860382420792817015	    -22.74279683993079714810	    -64.31726914878122158825	      4.58618924641044323209	     -8.79306263181211988922
      0.86200000000000043254	      0.31728355780859968105	      2.73672910234505151195	     -2.13839413702070846313	      0.60533052644425422439	      1.01640468102625702862	      0.03191218624582558422	      1.70711262134424601733	     -6.68633187312838916938	     19.00606068424535166628	      2.91188670474905464403	      4.25595469863035980040	     11.30299621726190117954	    -22.68235856159580166036	    -64.45173892709013330204	      4.60895751380354568028	     -8.74668180803278083602
      0.86300000000000043343	      0.30772316113790249004	      2.72787929023970576736	     -2.13456564646510527083	      0.60530972888267431387	      1.01660313083230002817	      0.03209637437792819958	      1.72075863524919769887	     -6.68086224626583380370	     18.90149444133842493443	      2.92485547705064208301	      4.30884052521275240366	     11.45658538408375370921	    -22.62119892235844531569	    -64.58299672430311488824	      4.63111860505613481820	     -8.69798062800999005617
      0.86400000000000043432	      0.29845946509753074061	      2.71881771544830908027	     -2.13073998968922140307	      0.60528848389402667429	      1.01680178228863682399	      0.03227841020549225559	      1.73391845526272736500	     -6.67502167667071155677	     18.79669488628944407083	      2.93669216144488487430	      4.36052515233912263426	     11.60937352667606603518	    -22.55933123181366539711	    -64.71105014897023011144	      4.65266879388602472289	     -8.64701914804167692807
      0.86500000000000043521	      0.28949473710827794415	      2.70954122041665357301	     -2.12691849020318013430	      0.60526679154304008357	      1.01700060085682864042	      0.03245828284214086895	      1.74658914009290811009	     -6.66880808019935233943	     18.69166910716760909850	      2.94739838714853785717	      4.41099644599533835532	     11.76136317598907687909	    -22.49676918726524377234	    -64.83590730325863660255	      4.67362312439112503881	     -8.59385802036497103984
      0.86600000000000043610	      0.28083104072412362617	      2.70004678498665207087	     -2.12310248077634566854	      0.60524465135855998188	      1.01719955254761185159	      0.03263598251179051363	      1.75876812159832884852	     -6.66221971893412057142	     18.58642421837079083957	      2.95697653296892637442	      4.46024296973866452021	     11.91255718215246339753	    -22.43352688482403678449	    -64.95757676031044525189	      4.69401550878487938689	     -8.53855843827854776862
      0.86700000000000043698	      0.27247023225294492166	      2.69033151240862578035	     -2.11929331939546639063	      0.60522206247258247824	      1.01739860310910334995	      0.03281150058402360764	      1.77045322463115462064	     -6.65525522917240497378	     18.48096744555380155361	      2.96542973096985074122	      4.50825400931340425359	     12.06295871304974731686	    -22.36961860069900254189	    -65.07606753218840367481	      4.71387937779112764503	     -8.48118213874848692058
      0.86800000000000043787	      0.26441395686670643439	      2.68039261767969039241	     -2.11549240277615169248	      0.60519902377630530044	      1.01759771720968617004	      0.03298482961814017816	      1.78164266830686845999	     -6.64791356184499271365	     18.37530619124424546840	      2.97276187162867255864	      4.55501959649407250907	     12.21257125102194862620	    -22.30505854469387472250	    -65.19138903853811939371	      4.73322977864295602046	     -8.42179139776818530549
      0.86900000000000043876	      0.25666364771612476536	      2.67022743111953309025	     -2.11170116373217187089	      0.60517553387498734807	      1.01779685872752789777	      0.03315596336506224096	      1.79233505801151138392	     -6.64019396327033195604	     18.26944803358042435093	      2.97897759509435777758	      4.60053051766078269225	     12.36139858206980868260	    -22.23986085493715236794	    -65.30355108472903680195	      4.75206421122350697317	     -8.36044897279140641899
      0.87000000000000043965	      0.24922053276739278282	      2.65983343075343015016	     -2.10792104031849403256	      0.60515159093430737069	      1.01799599205514912370	      0.03332489669972673457	      1.80252937433892257424	     -6.63209604442789046885	     18.16340058261742029799	      2.98408226621795247269	      4.64477829298073530140	     12.50944475571501790512	    -22.17404006455214826588	    -65.41256386178650927832	      4.77039835238140152995	     -8.29721794652877875365
      0.87100000000000044054	      0.24208563449729084138	      2.64920824468621241010	     -2.10415347412673892080	      0.60512719263076741871	      1.01819508237778477699	      0.03349162561618528045	      1.81222497285244843468	     -6.62361980226444302389	     18.05717148469486232898	      2.98808196391566172068	      4.68775518398455481872	     12.65671407235547718528	    -22.10761110843381871405	    -65.51843792416400447109	      4.78826595066505422693	     -8.23216167312495805675
      0.87200000000000044142	      0.23525976670643528044	      2.63834963803212119160	     -2.10039992440577183430	      0.60510233629842402614	      1.01839409486804877147	      0.03365614726527655504	      1.82142159373642731346	     -6.61476560675973868086	     17.95076849550909514619	      2.99098348246908907200	      4.72945421571569468711	     12.80321107977135142164	    -22.04058908023302976176	    -65.62118415691534778489	      4.80569984506619007902	     -8.16534377864886629084
      0.87300000000000044231	      0.22874353083679083154	      2.62725550228530835284	     -2.09666187961100014547	      0.60507701908944766522	      1.01859299390783286654	      0.03381846000062058155	      1.83011935119380386716	     -6.60553409727489171388	     17.84419953608199094219	      2.99279433332886757313	      4.76986919776733842014	     12.94894056840221985283	    -21.97298897980299514643	    -65.72081374383230922831	      4.82271524153927888534	     -8.09682815430355340425
      0.87400000000000044320	      0.22253731576635440992	      2.61592385867330490257	     -2.09294085446618938207	      0.60505123792765092006	      1.01879174337598277233	      0.03397856337518066067	      1.83831872373552496214	     -6.59592616352180005634	     17.73747268813535526988	      2.99352273293281179178	      4.80899472998548560554	     13.09390755781207893449	    -21.90482571234439035379	    -65.81733814616944755471	      4.83931069665155089154	     -8.02667890087623803197
      0.87500000000000044409	      0.21664130617167870474	      2.60435288796930608513	     -2.08923836159058406992	      0.60502498934151682786	      1.01899030789034217293	      0.03413645805741703787	      1.84602056010069137670	     -6.58594310117607495414	     17.63059606209040452995	      2.99317757359168901132	      4.84682617901140933014	     13.23811725440297415446	    -21.83611457359998908601	    -65.91076910432315116850	      4.85550193236184135515	     -7.95496018196499665720
      0.87600000000000044498	      0.21105548269546484108	      2.59254093297424548226	     -2.08555590928047962507	      0.60499826941843093397	      1.01918865305992834003	      0.03429214582287668650	      1.85322607642989201082	     -6.57558662370693713939	     17.52357779533996051669	      2.99176841069258214745	      4.88335968298632838724	     13.38157503600956133027	    -21.76687124797305017410	    -66.00111861629474674373	      4.87132159654487129075	     -7.88173617252381841780
      0.87700000000000044587	      0.20577961855560158999	      2.58048648685721060403	     -2.08189501344185723397	      0.60497107395809146535	      1.01938674471613266448	      0.03444562959701534532	      1.85993685266306707504	     -6.56485879297595875670	     17.41642611330696510663	      2.98930546155467746772	      4.91859217076785615319	     13.52428644713537941868	    -21.69711154560025079263	    -66.08839890454162002698	      4.88680112186273341024	     -7.80707105827982861257
      0.87800000000000044675	      0.20081327644326513182	      2.56818818341390242566	     -2.07825720740323394153	      0.60494339863053459005	      1.01958454820242372385	      0.03459691349884458367	      1.86615481441710695520	     -6.55376190889930754224	     17.30914938045335560446	      2.98579960160292579019	      4.95252137889241783597	     13.66625719322877152706	    -21.62685116364427173608	    -66.17262238365778159732	      4.90195534884330008651	     -7.73102902926073909384
      0.87900000000000044764	      0.19615580915718930366	      2.55564480021276363431	     -2.07464403875589109560	      0.60491523893088394725	      1.01978202864422407004	      0.03474600283049119470	      1.87188222365546597104	     -6.54229850209879693068	     17.20175609357423596180	      2.98126234890471586425	      4.98514585389574715890	     13.80749312507424519936	    -21.55610569248748120685	    -66.25380163989035509076	      4.91678358142130988995	     -7.65367422789964901852
      0.88000000000000044853	      0.19180636889834210002	      2.54285528633446089586	     -2.07105704308557569959	      0.60488659001513922497	      1.01997915206919165243	      0.03489290398307499930	      1.87712169725405142451	     -6.53047152811367492831	     17.09425475575392994187	      2.97570583510687880491	      5.01646492715847092114	     13.94800019563065340833	    -21.48489108617625120701	    -66.33194943505148444274	      4.93130102252747892777	     -7.57507061158410621715
      0.88100000000000044942	      0.18776390795515277010	      2.52981876482815692952	     -2.06749774140879338802	      0.60485744666208962617	      1.02017588562017724740	      0.03503762442474420147	      1.88187620179007319976	     -6.51828436253182097460	     16.98665386988006531510	      2.96914279147868054309	      5.04647871691380434100	     14.08778444354336123467	    -21.41322365125988369527	    -66.40707868629093013624	      4.94553845423931903724	     -7.49528190439804919976
      0.88200000000000045031	      0.18402717538670498865	      2.51653452192928295261	     -2.06396765046126162702	      0.60482780342660080741	      1.02037219684976521172	      0.03518017274622618762	      1.88614903849666504243	     -6.50574069175736013904	     16.87896199230424088000	      2.96158654400815590790	      5.07518814427647058096	     14.22685198846125942396	    -21.34111978090559347265	    -66.47920243341567925199	      4.95952524063073774130	     -7.41437159685461555370
      0.88300000000000045119	      0.18059471518096384401	      2.50300199751546204041	     -2.06046829143655996219	      0.60479765478836378101	      1.02056805309717102404	      0.03532055869615201293	      1.88994382171113262103	     -6.49284443739207706159	     16.77118778385165143163	      2.95305100171326806446	      5.10259494533834523367	     14.36520902531917087686	    -21.26859574561077792509	    -66.54833380664408082339	      4.97327536936538194823	     -7.33240294143619220080
      0.88400000000000045208	      0.17746486801279096057	      2.48922078768318622011	     -2.05700118694233280436	      0.60476699511176545965	      1.02076342172485112769	      0.03545879316156731742	      1.89326447111808082724	     -6.47959976398129633424	     16.66334000306475360276	      2.94355063870605215826	      5.12870167027237666701	     14.50286180855140116819	    -21.19566770527627852516	    -66.61448600750028958828	      4.98678852005811101833	     -7.24943890519933020755
      0.88500000000000045297	      0.17463578067415730377	      2.47519067066072828709	     -2.05356783662264996693	      0.60473581849998203630	      1.02095827107159653480	      0.03559488807159894019	      1.89611523708367735175	     -6.46601123852452452923	     16.55542738192512786100	      2.93310047065957091306	      5.15351165848258929714	     14.63981661085935392919	    -21.12235213285137547246	    -66.67767231589763810007	      5.00007884850687478462	     -7.16554204094505564626
      0.88600000000000045386	      0.17210540756311445976	      2.46091160891707261271	     -2.05016971454398033714	      0.60470411876725738143	      1.02115257061824515894	      0.03572885637977452761	      1.89850069441716517993	     -6.45208380857479646409	     16.44745861688519639188	      2.92171604046876298710	      5.17702903810609438295	     14.77607970765117073597	    -21.04866579588096442421	    -66.73790607191332924231	      5.01317467669960414867	     -7.08077444279941214944
      0.88700000000000045475	      0.16987150814721813097	      2.44638373860945268490	     -2.04680827846842650075	      0.60467188958560480483	      1.02134629036519619660	      0.03586071210576727980	      1.90042572000160259194	     -6.43782269136013152178	     16.33944242003485669557	      2.90941340754285393544	      5.19925873810703276234	     14.91165737341729169430	    -20.97462550692943139552	    -66.79520064424455938479	      5.02610288087242551569	     -6.99519774766951130118
      0.88800000000000045564	      0.16793164683668879156	      2.43160735944375616668	     -2.04348497828140640564	      0.60463912462013880145	      1.02153940030557044416	      0.03599047035742709844	      1.90189547081273246931	     -6.42323336329667515798	     16.23138757472695203887	      2.89620912715538869620	      5.22020649523841928641	     15.04655587718144005294	    -20.90024795122467082820	    -66.84956939843293355352	      5.03887617597055115226	     -6.90887313482890341731
      0.88900000000000045652	      0.16628319601486393764	      2.41658293633558374225	     -2.04020125338818480998	      0.60460581749708619537	      1.02173187061883830040	      0.03611814730072999274	      1.90291537828861945236	     -6.40832157887638231841	     16.12330293056890795356	      2.88212023129560801493	      5.23987885035674771927	     15.18078146844191778086	    -20.82554970128893145898	    -66.90102567969321967212	      5.05149410603040305290	     -6.82186128386913193111
      0.89000000000000045741	      0.16492334497461683118	      2.40131112393539281058	     -2.03695850985145243683	      0.60457196168573545947	      1.02192367243524095954	      0.03624376006804266165	      1.90349117534360434689	     -6.39309342762387267101	     16.01519727653538538448	      2.86716421507456109552	      5.25828312547839615831	     15.31434034011149236676	    -20.75054757291165685729	    -66.94958282438523156088	      5.06396930929125144161	     -6.73422225306121546851
      0.89100000000000045830	      0.16384910256510853976	      2.38579276805987960941	     -2.03375811804146700013	      0.60453755048052282284	      1.02211477795516891831	      0.03636732673168980440	      1.90362889054532091748	     -6.37755530189973374178	     15.90707933171136012618	      2.85135902213728931187	      5.27542742077971027470	     15.44723861535770303988	    -20.67525860332242970685	    -66.99525414441029624868	      5.07632730672693277540	     -6.64601543944572448197
      0.89200000000000045919	      0.16305729619030503996	      2.37002889465333854702	     -2.03060142158120493505	      0.60450257713602639775	      1.02230515992062964692	      0.03648886633401950824	      1.90333482264447817478	     -6.36171382769458659823	     15.79895779867331384594	      2.83472302624668204274	      5.29132062198962671573	     15.57948234564613798625	    -20.59969983338564958331	    -67.03805289718644644381	      5.08859231052401828066	     -6.55729958376003541076
      0.89300000000000046008	      0.16254457330340366106	      2.35402069839267413798	     -2.02748974611803056689	      0.60446703498788745268	      1.02249479118207831085	      0.03660839889500589611	      1.90261551933447470297	     -6.34557592143993787204	     15.69084142623606403788	      2.81727500274172637518	      5.30597240288880378500	     15.71107750833967031667	    -20.52388816925003212077	    -67.07799225477002380558	      5.10077540245344884795	     -6.46813277588598101175
      0.89400000000000046096	      0.16230740559549555746	      2.33776954317341134626	     -2.02442439737740409456	      0.60443091742859345050	      1.02268364484712304119	      0.03672594537250023494	      1.90147777351232538656	     -6.32914880945978364224	     15.58273900658858757140	      2.79903410949339725988	      5.31939321947670951118	     15.84202999539733625056	    -20.44784039536283870575	    -67.11508528913790883053	      5.11287536709011103397	     -6.37857241877855241086
      0.89500000000000046185	      0.16234209731943247124	      2.32127698566752194154	     -2.02140663935453268607	      0.60439421781609614648	      1.02287169486303675114	      0.03684152757880606449	      1.89992864880812439843	     -6.31243995436467209004	     15.47465924190167996244	      2.78001988404027766677	      5.33159428921377109845	     15.97234558082848820959	    -20.37157346023722936934	    -67.14934498901187964748	      5.12490292626361299000	     -6.28867511244800070358
      0.89600000000000046274	      0.16264478929904643834	      2.30454477576304528341	     -2.01843769237619463652	      0.60435692946122254732	      1.02305891609859123115	      0.03695516814422695334	      1.89797547544104583395	     -6.29545702776969662295	     15.36661073567704249854	      2.76025222822498728092	      5.34258758539722311554	     16.10202991002234185203	    -20.29510445628057269118	    -67.18078424705470297340	      5.13688069223147625308	     -6.19849661922255812385
      0.89700000000000046363	      0.16321145981671852931	      2.28757484438165903384	     -2.01551874213652926215	      0.60431904574904338201	      1.02324528390928048971	      0.03706689053051626798	      1.89562582526000511507	     -6.27820791455050031260	     15.25860205117191448210	      2.73975138178181909510	      5.35238583965886149940	     16.23108849941906584036	    -20.21845044068683350247	    -67.20941583112244188669	      5.14883022257368949681	     -6.10809187392297037178
      0.89800000000000046452	      0.16403792682468396058	      2.27036929032935663741	     -2.01265094911631470254	      0.60428056024840692828	      1.02343077378591673643	      0.03717671902959802238	      1.89288748972767617573	     -6.26070079736751061716	     15.15064178130474381589	      2.71853788976295707158	      5.36100254195148639980	     16.35952673696207781973	    -20.14162831827871613655	    -67.23525235434392754996	      5.16076063765746351208	     -6.01751499669601308540
      0.89900000000000046541	      0.16511985282333566105	      2.25293037937646722924	     -2.00983544728663909851	      0.60424146669191480807	      1.02361536146495746280	      0.03728467871897114122	      1.88976847674540215927	     -6.24294416097055204773	     15.04273854686625000454	      2.69663258468051925121	      5.36845193337820436597	     16.48734987347542357838	    -20.06465484902791729382	    -67.25830626300871983858	      5.17266924907196035122	     -5.92681926340882547777
      0.90000000000000046629	      0.16645275328417863392	      2.23526056708458753519	     -2.00707332285128403626	      0.60420175889940019864	      1.02379902336036732180	      0.03739079538510841488	      1.88627703497795384813	     -6.22494663110020063357	     14.93490085377025167190	      2.67405659012256879947	      5.37474898583181026623	     16.61456299280843751376	    -19.98754688080252961413	    -67.27858985913788103517	      5.18456452699943870499	     -5.83605699383687870352
      0.90100000000000046718	      0.16803200192913639310	      2.21736249790841144502	     -2.00436561279049874074	      0.60416143076338868489	      1.02398173662226876779	      0.03749509547925758413	      1.88242165111883630324	     -6.20671696601956845996	     14.82713708476769021161	      2.65083130365757302371	      5.37990939374005883167	     16.74117100295265103682	    -19.91032133429300898797	    -67.29611529049235230104	      5.19646624830441794529	     -5.74527952273616548950
      0.90200000000000046807	      0.16985283314908913854	      2.19923899128438371520	     -2.00171331430405663454	      0.60412047635799148715	      1.02416347878589242271	      0.03759760611546541370	      1.87821102613257995273	     -6.18826412720057117411	     14.71945556400553734022	      2.62697836450218913384	      5.38394957269799601107	     16.86717863757776214584	    -19.83299505745688406932	    -67.31089452289263874718	      5.20839343839918900159	     -5.65453721691420252426
      0.90300000000000046896	      0.17191034370632291006	      2.18089302635722415147	     -1.99911739508467767301	      0.60407889004054515780	      1.02434422748411080306	      0.03769835506905429290	      1.87365405050661482100	     -6.16959732961236273496	     14.61186463308359151370	      2.60251962192280439368	      5.38688665949957723456	     16.99259045997088080071	    -19.75558471473394206441	    -67.32293931150752541726	      5.22035296898399447940	     -5.56387949660383984707
      0.90400000000000046985	      0.17419949778799417861	      2.16232773941675704421	     -1.99657879269945803813	      0.60403666642867803738	      1.02452396053163941048	      0.03779737073353064275	      1.86875980010435882583	     -6.15072602079043395662	     14.50437264902930856181	      2.57747711849471317080	      5.38873850421449596126	     17.11741085645305204821	    -19.67810678807436630677	    -67.33226119160300982003	      5.23233997348311685727	     -5.47335481270651325048
      0.90500000000000047073	      0.17671513688029488742	      2.14354644599709720509	     -1.99409839355041662579	      0.60399380032150629116	      1.02470265625190148917	      0.03789468204510123422	      1.86353756068354203812	     -6.13165973125909680164	     14.39698783109866653263	      2.55187309189957556299	      5.38952364681411300040	     17.24164400660542639798	    -19.60057778385541027433	    -67.33887150692343936953	      5.24436040216386878399	     -5.38301053820428787589
      0.90600000000000047162	      0.17945198596030295657	      2.12455263837043339947	     -1.99167703192407108403	      0.60395028667636185826	      1.02488029352770371183	      0.03799031843594088270	      1.85799682431671131511	     -6.11240808781502931168	     14.28971825180127197541	      2.52572995506972031166	      5.38926130644511047763	     17.36529387551617986674	    -19.52301422217290394201	    -67.34278140261642420228	      5.25643138588618885620	     -5.29289294544528932107
      0.90700000000000047251	      0.18240465647255524329	      2.10534996954323760932	     -1.98931550004218449246	      0.60390612070856841687	      1.02505685151599790217	      0.03808430982379627100	      1.85214726503877802344	     -6.09298090199511666043	     14.18257190678689383390	      2.49907026203521365204	      5.38797137824952443452	     17.48836421774264948681	    -19.44543250994641070406	    -67.34400179871974501111	      5.26856964034446217937	     -5.20304723127658519388
      0.90800000000000047340	      0.18556764646125026297	      2.08594223549151402963	     -1.98701455949618477348	      0.60386129798535359559	      1.02523230940495824193	      0.03817668661856384038	      1.84599871216098199156	     -6.07338813823635526035	     14.07555679725008701553	      2.47191668167211409113	      5.38567443573875159757	     17.61085858494699252219	    -19.36784883080359165319	    -67.34254336286866760020	      5.28077957439725498290	     -5.11351754828189797308
      0.90900000000000047429	      0.18893534539410714035	      2.06633337083249868371	     -1.98477494132937404281	      0.60381581439272247191	      1.02540664648613355503	      0.03826747968650411752	      1.83956114434078021880	     -6.05363987100711842260	     13.96868092713730646892	      2.44429198099555700097	      5.38239172217073846838	     17.73278032065693565755	    -19.29027914254436382180	    -67.33841650403411449588	      5.29305350259688367487	     -5.02434698924723388558
      0.91000000000000047518	      0.19250204685998265064	      2.04652747057852124613	     -1.98259732463340765385	      0.60376966604415127637	      1.02557984242279620624	      0.03835672026881055408	      1.83284471260256576208	     -6.03374624650772162227	     13.86195213769303435924	      2.41621901628203472612	      5.37814512001166633581	     17.85413252875248346641	    -19.21273937580960478044	    -67.33163140657435974390	      5.30539471347344893104	     -4.93557748034960219741
      0.91100000000000047606	      0.19626195503522086971	      2.02652878615882059421	     -1.98048233605785761746	      0.60372284924515517979	      1.02575187730563688326	      0.03844443993883760180	      1.82585973355546049568	     -6.01371751114371200231	     13.75537809753219775644	      2.38772071018269960163	      5.37295713783351569504	     17.97491806676170611468	    -19.13524542527893856914	    -67.32219802601574087930	      5.31781798134689331903	     -4.84724976511552707592
      0.91200000000000047695	      0.20020918682732039007	      2.00634170750552565110	     -1.97843056066588807163	      0.60367536058591031445	      1.02592273141406042924	      0.03853067059348221773	      1.81861666394024146243	     -5.99356405792052626680	     13.64896637787195565750	      2.35882002093852083391	      5.36685090744811166275	     18.09513955280118224778	    -19.05781302941576527132	    -67.31012606375692541860	      5.33033787860236074607	     -4.75940343893274953047
      0.91300000000000047784	      0.20433776987748564213	      1.98597074348894531148	     -1.97644255437410176768	      0.60362719702725864401	      1.02609238500100863334	      0.03861544447197597790	      1.81112607475701969939	     -5.97329629545634244181	     13.54272453988231639244	      2.32953992423875178019	      5.35985018897200227173	     18.21479937624112821482	    -18.98045766224473496209	    -67.29542494142764041953	      5.34295621878371296276	     -4.67207699020512201571
      0.91400000000000047873	      0.20864164685474542726	      1.96542051662492545105	     -1.97451884439746172539	      0.60357835585546582013	      1.02626081836601090735	      0.03869879413018813274	      1.80339864332310173545	     -5.95292459582214394942	     13.43666013042201967664	      2.29990339557825373973	      5.35197936038852439822	     18.33389969340742098325	    -18.90319453035020202947	    -67.27810379751836933337	      5.35566216917338966397	     -4.58530779179665515244
      0.91500000000000047962	      0.21311469151968026603	      1.94469578532113862579	     -1.97265990692247639160	      0.60352883457883854668	      1.02642801210372192067	      0.03878075234853413378	      1.79544517108886059198	     -5.93245942746886800734	     13.33078050478660436795	      2.26993338546918321796	      5.34326337652043203974	     18.45244239451766787852	    -18.82603876773865536620	    -67.25817152641891993881	      5.36845638633004007545	     -4.49913199551247178221
      0.91600000000000048050	      0.21775071470140006102	      1.92380143920145552094	     -1.97086616683293835983	      0.60347863088220754513	      1.02659394717277607789	      0.03886135209813341290	      1.78727657230651826303	     -5.91191138497512191918	     13.22509281607374020950	      2.23965279458923083311	      5.33372775331401349774	     18.57042909846141753860	    -18.74900542570423667144	    -67.23563677676531824545	      5.38135156561841032641	     -4.41358452309444704298
      0.91700000000000048139	      0.22254346440365291304	      1.90274248005635304715	     -1.96913800932177118774	      0.60342774271310684053	      1.02675860468655066882	      0.03894062654266209483	      1.77890384869401341206	     -5.89129114674997200751	     13.11960409504675162395	      2.20908445085335447544	      5.32339856649330300797	     18.68786116265205876630	    -18.67210935336195021250	    -67.21050792745698743147	      5.39436024749702092151	     -4.32869911078519997716
      0.91800000000000048228	      0.22748662181540740823	      1.88152400158654087292	     -1.96747579291343055452	      0.60337616835850915731	      1.02692196571437821540	      0.03901860906852079591	      1.77033806878837429721	     -5.87060927058749104646	     13.01432134029613152393	      2.17825109974161756909	      5.31230245795648325924	     18.80473969533566958034	    -18.59536509967229633844	    -67.18279306386087057490	      5.40748169239186360358	     -4.24450835968278639143
      0.91900000000000048317	      0.23257380501426000441	      1.86015118406421797737	     -1.96587984983916164161	      0.60332390639089261697	      1.02708401136364924078	      0.03909533326836284184	      1.76159035863544555234	     -5.84987615036016972425	     12.90925151247721736070	      2.14717538523794670979	      5.30046662214670316615	     18.92106555240032861320	    -18.51878691286228573176	    -67.15249997704566453649	      5.42070201379191640711	     -4.16104373386387482725
      0.92000000000000048406	      0.23779858799048364526	      1.83862931761954850884	     -1.96435046249306721755	      0.60327095556379428665	      1.02724472303111946658	      0.03917083283705993790	      1.75267190941389694459	     -5.82910230989865496554	     12.80440134818510600212	      2.11587980921713914029	      5.28791875367625330284	     19.03683930520264055986	    -18.44238892181099842560	    -67.11963620680776898553	      5.43401944770910638738	     -4.07833545696371757572
      0.92100000000000048495	      0.24315450552723436028	      1.81696379762455739737	     -1.96288786308529483726	      0.60321731476330087141	      1.02740408248672476788	      0.03924514154888847361	      1.74359396181367443113	     -5.80829841504925248330	     12.69977734959562098993	      2.08438670674002990424	      5.27468702897594443613	     19.15206123790744641155	    -18.36618512117842882958	    -67.08420904218542091257	      5.44744482487819503547	     -3.99641251054819779398
      0.92200000000000048583	      0.24863505064915639164	      1.79516010538366854732	     -1.96149224578722547463	      0.60316298308707949616	      1.02756207168237856386	      0.03931829327487086634	      1.73436778368632071867	     -5.78747512768542016204	     12.59538586771638968287	      2.05271823338064285380	      5.26080010662006003486	     19.26673135964249183871	    -18.29018925416558971619	    -67.04622549895167082923	      5.46098870741545017182	     -3.91530268866728903276
      0.92300000000000048672	      0.25423366958163018392	      1.77322378831698523882	     -1.96016377976176681130	      0.60310795990957977164	      1.02771867256514215505	      0.03939032201746090617	      1.72500465904280320117	     -5.76664289755099979118	     12.49123319264671039264	      2.02089636151800444708	      5.24628713216707076583	     19.38084941656260440368	    -18.21441473797768750842	    -67.00569229780710145405	      5.47464804514675318359	     -3.83503265604032295144
      0.92400000000000048761	      0.25994376506250155279	      1.75116045534213249368	     -1.95890260907039759353	      0.60305224482707187050	      1.02787386717093753852	      0.03946126189858632088	      1.71551587854034859326	     -5.74581194603084366435	     12.38732554689140918924	      1.98894286012054100077	      5.23117772013941362275	     19.49441489043320530072	    -18.13887466756586164252	    -66.96261586582883751362	      5.48840644032276614439	     -3.75562795250096037591
      0.92500000000000048850	      0.26575871681322077444	      1.72897580125084737723	     -1.95770882804597379234	      0.60299583757010666307	      1.02802763788347406582	      0.03953114704837825538	      1.70591273237887031122	     -5.72499262507341288853	     12.28366889538560080553	      1.95687924457619377705	      5.21550189286128329513	     19.60742697153630942353	    -18.06358196206707589226	    -66.91700238245169884976	      5.50226012389939267422	     -3.67711289349145964422
      0.92600000000000048939	      0.27167188516524948261	      1.70667560247998828515	     -1.95658248078642338363	      0.60293873796016428379	      1.02817996752878193512	      0.03960001159115662805	      1.69620649275664381328	     -5.70419540104206213016	     12.18026893724199055669	      1.92472675443607044166	      5.19929005981927616631	     19.71988455965439968054	    -17.98854934478541522935	    -66.86885778171327388009	      5.51621823450010229095	     -3.59951057585488554125
      0.92700000000000049027	      0.27767660630695534252	      1.68426569787944635515	     -1.95552357374241791987	      0.60288094597752961423	      1.02833083919730938760	      0.03966788967595492876	      1.68640839854177393420	     -5.68343064351912108378	     12.07713119150906777577	      1.89250634993287669694	      5.18257301882047105579	     19.83178627718854514228	    -17.91378923927913291436	    -66.81818773135704248034	      5.53028937727104086264	     -3.52284294120858199051
      0.92800000000000049116	      0.28376618752969501314	      1.66175196975247807529	     -1.95453208838262049163	      0.60282246181279020014	      1.02848023607079608333	      0.03973481550707187726	      1.67652965500647321839	     -5.66270848505353008306	     11.97426108453212734162	      1.86023871045576028038	      5.16538195694721835594	     19.94313047945125916272	    -17.83931372774738832732	    -66.76499761335836069520	      5.54446863082745711182	     -3.44713083925861241141
      0.92900000000000049205	      0.28993391058293060958	      1.63914033972269801431	     -1.95360798071835284340	      0.60276328581868210410	      1.02862814152367776366	      0.03980082333088628965	      1.66658142477253856661	     -5.64203883592751598286	     11.87166394387901924290	      1.82794421433153120304	      5.14774842868473747615	     20.05391525607699421130	    -17.76513455859502954581	    -66.70929252732405245752	      5.55873803142461309079	     -3.37239403744387988837
      0.93000000000000049294	      0.29617305179070813059	      1.61643679289824215850	     -1.95275115664917442437	      0.60270341845348318621	      1.02877453937715657162	      0.03986594732539320424	      1.65657480539238322059	     -5.62143167802451859671	     11.76934481262546761116	      1.79564288847343833666	      5.12970429181876941271	     20.16413841321758937397	    -17.69126323892962560080	    -66.65107733835061765149	      5.57309235524275070617	     -3.29865112762500922727
      0.93100000000000049383	      0.30247688484476548121	      1.59364737344205265046	     -1.95196147165952127445	      0.60264286024771240857	      1.02891941399443598293	      0.03993022158996856891	      1.64652081318676324351	     -5.60089702311654047406	     11.66730844548243517522	      1.76335439026137574814	      5.11128168576962860215	     20.27379747882846316998	    -17.61771101223094149191	    -66.59035668076559488782	      5.58753914566737908132	     -3.22591953833574818233
      0.93200000000000049472	      0.30883867514350732408	      1.57077816517806634344	     -1.95123874386809803561	      0.60258161185618130951	      1.02906275011718983947	      0.03999368018164744382	      1.63643037754853359900	     -5.58044470745001941481	     11.56555939587080317210	      1.73109800967622606827	      5.09251303237594399320	     20.38288971532148963206	    -17.54448878132959421805	    -66.52713493915739206841	      5.60208509452075453794	     -3.15421560424679903178
      0.93300000000000049560	      0.31525167643076490442	      1.54783527331650394565	     -1.95058276622446680193	      0.60251967409531925757	      1.02920453271337675183	      0.04005635713519823532	      1.62631434866629476232	     -5.56008436336312250603	     11.46410209829552684369	      1.69889266661821625171	      5.07343103186851607234	     20.49141212761470143278	    -17.47160710159966612309	    -66.46141623163131839647	      5.61672397275106494163	     -3.08355463158523512845
      0.93400000000000049649	      0.32170913452278931954	      1.52482482020701448633	     -1.94999330601125642204	      0.60245704790738019430	      1.02934474707792800174	      0.04011828644460627841	      1.61618348930615396419	     -5.53982545521800595623	     11.36294086451381168956	      1.66675689250823144683	      5.05406863856313837147	     20.59936146825940639360	    -17.39907619025256835243	    -66.39320441506146153188	      5.63143734653545990909	     -3.01395091181462770891
      0.93500000000000049738	      0.32820430549463947001	      1.50175296780070066660	     -1.94947008150221368084	      0.60239373433977594363	      1.02948337905734410569	      0.04017950196153724507	      1.60604844195791507389	     -5.51967740248764382471	     11.26207970989622353386	      1.63470878889139581425	      5.03445899981550137881	     20.70673423124191714351	    -17.32690595763589769263	    -66.32250313394852980764	      5.64621908917779613546	     -2.94541763692415381470
      0.93600000000000049827	      0.33473045822569447161	      1.47862591252869890468	     -1.94901276218429475584	      0.60232973452359350741	      1.02962041513349755739	      0.04024003738369271582	      1.59591971696501655487	     -5.49964952421376196412	     11.16152235456015873183	      1.60276601442741783998	      5.01463543420496993264	     20.81352666147155971998	    -17.25510598560018848957	    -66.24931582574048150036	      5.66107520544965048259	     -2.87796691671042692562
      0.93700000000000049916	      0.34128086922124162284	      1.45544986570877732390	     -1.94862098207345035839	      0.60226504970832483998	      1.02975584228089256378	      0.04029992628819137335	      1.58580769597610737875	     -5.47975090791349295216	     11.06127230926396265431	      1.57094578845180610216	      4.99463143021644384589	     20.91973476593117453604	    -17.18368548504411918998	    -66.17364570428503611765	      5.67601064557478274253	     -2.81160985103526650519
      0.93800000000000050004	      0.34784882101650987929	      1.43223103549479824359	     -1.94829435163101183370	      0.60219968128526424334	      1.02988964784706649169	      0.04035920213922986749	      1.57572264268279660371	     -5.45999049661552415813	     10.96133295295906329159	      1.53926488544380557499	      4.97448063739887924584	     21.02535431987091740780	    -17.11265332175513620427	    -66.09549574588987752577	      5.69101846013203616081	     -2.74635659570123724649
      0.93900000000000050093	      0.35442760633674580406	      1.40897562188044900289	     -1.94803245773581390488	      0.60213363076455250766	      1.03002181964255701274	      0.04041789826333017088	      1.56567469576500095663	     -5.44037712928679262347	     10.86170753245965059364	      1.50773962029825181475	      4.95421684126874328769	     21.13038087581878343713	    -17.04201802614762684129	    -66.01486869639599319726	      5.70608065953070742182	     -2.68221637952009617223
      0.94000000000000050182	      0.36101054353739642222	      1.38568983652253763239	     -1.94783484262190786929	      0.60206689978606797720	      1.03015234610502148804	      0.04047604776285500944	      1.55567383390729663262	     -5.42091944989091434337	     10.76239900412725702950	      1.47638582173415677801	      4.93387390927570912424	     21.23480976860773949966	    -16.97178776536735611558	    -65.93176712079970513969	      5.72119068738093350390	     -2.61919742910454056428
      0.94100000000000050271	      0.36759097943558849408	      1.36237989666431147384	     -1.94770100483743457964	      0.60199949010712505704	      1.03028121636037672815	      0.04053368349962819389	      1.54572986964569669688	     -5.40162585746516032970	     10.66341003918696550556	      1.44521882422770930887	      4.91348576908998069257	     21.33863612806778675690	    -16.90197032571463964246	    -65.84619341028823669149	      5.73635313452863027095	     -2.55730698978277537492
      0.94200000000000050360	      0.37416228558616176914	      1.33905200548223057844	     -1.94763041254492819121	      0.60193140362112551589	      1.03040842011120403754	      0.04059083811857763791	      1.53585245865132113963	     -5.38250449398797670142	     10.56474310654348336413	      1.41425346954427433310	      4.89308640362150715220	     21.44185488808647477299	    -16.83257310737889511643	    -65.75814976815506440744	      5.75157149313525906109	     -2.49655139822829941210
      0.94300000000000050449	      0.38071785784132133879	      1.31571233410685883847	     -1.94762251523310636614	      0.60186264237056230630	      1.03053394756309968372	      0.04064754404724444520	      1.52605110824302725447	     -5.36356340108549822787	     10.46640054664694119424	      1.38350409921700578941	      4.87270983872942764492	     21.54446079186119078486	    -16.76360317436037661309	    -65.66763819811096425383	      5.76683856684619300381	     -2.43693614838437921932
      0.94400000000000050537	      0.38725112061266836472	      1.29236701595965852718	     -1.94767674422177594629	      0.60179320853471929276	      1.03065778949552355748	      0.04070383346770757582	      1.51633517169557907600	     -5.34481054509573461075	     10.36838457403241342547	      1.35298454492890662948	      4.85239011843681655733	     21.64644840381414070407	    -16.69506726239495719710	    -65.57466051274012386330	      5.78213736183654258838	     -2.37846591147787878029
      0.94500000000000050626	      0.39375553978839666902	      1.26902216429007785869	     -1.94779249387902853030	      0.60172310446057142297	      1.03077993733635797646	      0.04075973824569294884	      1.50671381958733485718	     -5.32625355798725053091	     10.27069713176944354416	      1.32270811712028257823	      4.83216125802590390492	     21.74781212223164317265	    -16.62697170365450816121	    -65.47921838360960578029	      5.79746121298132965904	     -2.32114446943406127488
      0.94600000000000050715	      0.40022462599041619402	      1.24568386572580269700	     -1.94796912298241076122	      0.60165233265525197570	      1.03090038319383814347	      0.04081528990946283603	      1.49719603911585674716	     -5.30789971202300048247	     10.17333989811212902055	      1.29268760103779789539	      4.81205722193212181992	     21.84854619303886380521	    -16.55932241512975267028	    -65.38131334959588514266	      5.81281349711659700574	     -2.26497473809580140980
      0.94700000000000050804	      0.40665193232326179995	      1.22235816126057073028	     -1.94820596740859208751	      0.60158089579415763293	      1.03101911978938876047	      0.04087051966233159334	      1.48779064465141730444	     -5.28975602426539648349	     10.07631436478776620902	      1.26293525518890370485	      4.79211191447865836324	     21.94864471650445381101	    -16.49212492594170598181	    -65.28094680442467279136	      5.82819661880024053602	     -2.20995883883952437543
      0.94800000000000050893	      0.41303105384174421122	      1.19905102865302337634	     -1.94850235145174055518	      0.60150879673007762172	      1.03113614044306212136	      0.04092545838166054134	      1.47850627974463511016	     -5.27182940660996823823	      9.97962190875378851729	      1.23346280428138865837	      4.77235916612169930318	     22.04810165234766827780	    -16.42538443916640034104	    -65.17811998580786791990	      5.84360345778337020306	     -2.15609816502176832032
      0.94900000000000050981	      0.41935563141573267698	      1.17576837660252664364	     -1.94885758862594271612	      0.60143603848665727618	      1.03125143912071837171	      0.04098013659239184425	      1.46935141257726331609	     -5.25412666183027265987	      9.88326379586296255297	      1.20428143502979412283	      4.75283270945020941411	     22.14691083272287741579	    -16.35910583630109726982	    -65.07283398448525701951	      5.85901818160501797195	     -2.10339340449958278612
      0.95000000000000051070	      0.42561936324467875004	      1.15251606094889758047	     -1.94927096460560145275	      0.60136262429226305937	      1.03136501039796502077	      0.04103458440750058778	      1.46033432007026608979	     -5.23665417626255713657	      9.78724104200659006381	      1.17540179562811974989	      4.73356613658301839109	     22.24506597729070378477	    -16.29329357390692578633	    -64.96508979487767021510	      5.87443420030704999135	     -2.05184447914824730219
      0.95100000000000051159	      0.43181600835854211384	      1.12929987849707913483	     -1.94974173858847965590	      0.60128855757147536831	      1.03147684946174256204	      0.04108883150525387273	      1.45146309054638500413	     -5.21941792476293731085	      9.69155441817393104031	      1.14683399480012582217	      4.71459287623188139094	     22.34256070611425215588	    -16.22795167729290355396	    -64.85488832419505911275	      5.88985398064729270828	     -2.00145056917922170570
      0.95200000000000051248	      0.43793938506751728390	      1.10612554913365479514	     -1.95026915499198727488	      0.60121384194966465131	      1.03158695210015416421	      0.04114290713500335511	      1.44274563049157000805	     -5.20242363595403123355	      9.59620452435979132133	      1.11858759839955457238	      4.69594618109904970993	     22.43938854461557141917	    -16.16308378904631837258	    -64.74223038049473188948	      5.90527929287627539878	     -1.95221018340868046614
      0.95300000000000051337	      0.44398336912466163096	      1.08299869873284571042	     -1.95085245435151577453	      0.60113848126286850704	      1.03169531475630726902	      0.04119684012357764658	      1.43418965901216588499	     -5.18567687248160691382	      9.50119186201108156808	      1.09067162530610239912	      4.67765911473014828204	     22.53554292904659206442	    -16.09869323531904683477	    -64.62711666100905461008	      5.92070330110103260068	     -1.90412122734929467605
      0.95400000000000051426	      0.44994189681021073968	      1.05992485363181798697	     -1.95149087417939637312	      0.60106247955013647477	      1.03180193455074586950	      0.04125065885532067100	      1.42580270437978029463	     -5.16918300037420053172	      9.40651683724065179604	      1.06309454788676682746	      4.65976452829013521040	     22.63101721866340554357	    -16.03478302772902708284	    -64.50954776103068866178	      5.93611121693275922695	     -1.85718102775199422894
      0.95500000000000051514	      0.45580897650154406087	      1.03690945670312228977	     -1.95218363272905204298	      0.60098584107541386246	      1.03190680912395160718	      0.04130439121722793983	      1.41759210239967825551	     -5.15294696187759893036	      9.31217962071069038643	      1.03586429613541364247	      4.64229501818520073897	     22.72580470873266733633	    -15.97135574725553119890	    -64.38952422571985323430	      5.95149667886385369542	     -1.81138627433536170130
      0.95600000000000051603	      0.46157869199137102623	      1.01395786191061776371	     -1.95292993008436210900	      0.60090857031310207503	      1.03200993661119455602	      0.04135806457938438763	      1.40956499990748551632	     -5.13697330312029887267	      9.21818014966282639477	      1.00898825896319488393	      4.62528290227317562255	     22.81989864135292478409	    -15.90841354153393005788	    -64.26704655939175836465	      5.96686167591894012219	     -1.76673304442892198374
      0.95700000000000051692	      0.46724520041911649093	      0.99107531763937062319	     -1.95372895887367925560	      0.60083067195439676667	      1.03211131569941083619	      0.04141170580218424269	      1.40172835483569824255	     -5.12126632401777381887	      9.12451820001433766549	      0.98247328151702761900	      4.60876020602964242556	     22.91329220966848012608	    -15.84595818423966662181	    -64.14211521279787575622	      5.98220776180187296944	     -1.72321687273505008697
      0.95800000000000051781	      0.47280272852923843629	      0.96826695033427234716	     -1.95457991466656033630	      0.60075215092097578040	      1.03221094575250060821	      0.04146534125413013638	      1.39408892440818998892	     -5.10583006231158531563	      9.03119346088724128663	      0.95632566526764195558	      4.59275865108704284268	     23.00597856384325368140	    -15.78399114225522126276	    -64.01473056975393660650	      5.99752854524870748776	     -1.68083282113721299567
      0.95900000000000051870	      0.47824557487052771210	      0.94553775966188713387	     -1.95548199671773992314	      0.60067301235070280629	      1.03230882681058688810	      0.04151899680056869713	      1.38665326271356881271	     -5.09066824983888377432	      8.93820553610031787173	      0.93055117181753677080	      4.57730963248892486206	     23.09795082139769561991	    -15.72251357662881865451	    -63.88489295581452154238	      6.01281020999288795537	     -1.63957550409992691698
      0.96000000000000051958	      0.48356812239555646560	      0.92289263523587694582	     -1.95643439204709035373	      0.60059326159771109221	      1.03240495931230968907	      0.04157269774823612457	      1.37942773109573280088	     -5.07578424594348387444	      8.84555379800663565959	      0.90515502707126349602	      4.56244417387169765021	     23.18920207615958872793	    -15.66152622323793153214	    -63.75260269226062348480	      6.02804685302108911316	     -1.59943902925596082021
      0.96100000000000052047	      0.48876484115567209177	      0.90033635207282569635	     -1.95743627633073224992	      0.60051290420872438514	      1.03249934404847043545	      0.04162646883259683850	      1.37241850116707397866	     -5.06118107279622808647	      8.75323738685408869742	      0.88014192465750085148	      4.54819290356799932340	     23.27972540711821380910	    -15.60102939231392049635	    -63.61786010573070626606	      6.04324046262057379408	     -1.56041702160552042677
      0.96200000000000052136	      0.49383028469583795106	      0.87787355502511776884	     -1.95848682399026552403	      0.60043194593310666995	      1.03259198228976734057	      0.04168033423375885893	      1.36563154830011201923	     -5.04686149046046228506	      8.66125528399764199605	      0.85551602628356904212	      4.53458604191692860041	     23.36951388308754573586	    -15.54102303217197089680	    -63.48066551448835070914	      6.05839275616642680689	     -1.52250269324928799719
      0.96300000000000052225	      0.49875908455555628684	      0.85550874343271221534	     -1.95958521811090169429	      0.60035039274055412850	      1.03268287597933561273	      0.04173431760510440403	      1.35907263539619216353	     -5.03282790091607168392	      8.56960638845126965180	      0.83128096542184859441	      4.52165339153193279742	     23.45856056915493326187	    -15.48150679846535737738	    -63.34101921382075062184	      6.07349802354989964925	     -1.48568891367079047860
      0.96400000000000052314	      0.50354595172484284404	      0.83324626728199924219	     -1.96073065106227173438	      0.60026825079774503990	      1.03277202771034626316	      0.04178844206983193393	      1.35274731158728744873	     -5.01908230932494081600	      8.47828951623058735265	      0.80743985339983026517	      4.50942431488681894081	     23.54685853519828953040	    -15.42248005637141439195	    -63.19892148517484997683	      6.08854358077900759127	     -1.44996823441873967653
      0.96500000000000052403	      0.50818569036622307511	      0.81109034492640741387	     -1.96192230882220397525	      0.60018552644528444517	      1.03285944033771515116	      0.04184273016280037200	      1.34666093225369176700	     -5.00562642565662052618	      8.38730324791178105670	      0.78399528289481756893	      4.49792768698766565194	     23.63440086141400442443	    -15.36394176039301839864	    -63.05437265307536165437	      6.10352430559636172092	     -1.41533282667267901189
      0.96600000000000052491	      0.51267319957985801882	      0.78904505963425419779	     -1.96315937175331001185	      0.60010222616639741222	      1.03294511691501855744	      0.04189720382608690119	      1.34081866170820096507	     -4.99246168723123595612	      8.29664592633533359844	      0.76094933431933375889	      4.48719187234626382121	     23.72118064615288446362	    -15.30589045350201082840	    -62.90737309546656064185	      6.11844262376420200411	     -1.38177450403140489321
      0.96700000000000052580	      0.51700346781107009431	      0.76711434523710286815	     -1.96444102427246392040	      0.60001835660161895181	      1.03302906088925539052	      0.04195188443747092238	      1.33522546159783117581	     -4.97958923216732074479	      8.20631573187197282948	      0.73830358035945142792	      4.47724471471234863884	     23.80719101152431704804	    -15.24832433138372067560	    -62.75792322927166821955	      6.13330078551364810124	     -1.34928479169662329795
      0.96800000000000052669	      0.52117156636714134788	      0.74530197210714743683	     -1.96576646429608703492	      0.59993392456794625289	      1.03311127635062782737	      0.04200679284483353065	      1.32988607227021571333	     -4.96700978740326881677	      8.11631076009035545837	      0.71605909120754973607	      4.46811352782396742356	     23.89242510939973840323	    -15.19124132209239519398	    -62.60602349526423182624	      6.14809409621006430768	     -1.31785499563210151130
      0.96900000000000052758	      0.52517265042542204956	      0.72361154458473642137	     -1.96713490372025168185	      0.59984893702845032415	      1.03319176798971223974	      0.04206194936669978984	      1.32480501328355648738	     -4.95472365432788652839	      8.02662901942965945068	      0.69421644275270044666	      4.45982507325428922940	     23.97687612863348149972	    -15.13463909218989122962	    -62.45167436813657246830	      6.16281134577563527444	     -1.28747622516192250508
      0.97000000000000052847	      0.52900197302465079563	      0.70204651985818256055	     -1.96854555301450973026	      0.59976340105581771311	      1.03327054061423706521	      0.04211737373360884690	      1.31998661168548836464	     -4.94273089573952262299	      7.93726827511737820231	      0.67277572309488509195	      4.45240551311303001114	     24.06053730004833113298	    -15.07851491563816992425	    -62.29487641642839435008	      6.17744856482210025206	     -1.25813932680870177450
      0.97100000000000052935	      0.53265488588336507014	      0.68061020583673370599	     -1.96999762187024840543	      0.59967732379916305341	      1.03334759907237372367	      0.04217308508970551983	      1.31543500577668615037	     -4.93103133145478356170	      7.84822604640804488696	      0.65173654311398088179	      4.44588038865553958345	     24.14340190447251899286	    -15.02286567039443809790	    -62.13563031382077639364	      6.19200901626499078390	     -1.22983490469302170212
      0.97200000000000053024	      0.53612683217791323731	      0.65930574823096566028	     -1.97149032852348682354	      0.59959071250192197411	      1.03342294850398919159	      0.04222910203178972810	      1.31115413032846173103	     -4.91962443762553469639	      7.75949968311889826111	      0.63109804443484851522	      4.44027461208861673470	     24.22546327856011316726	    -14.96768790638733470644	    -61.97393682453970598090	      6.20649588615085079368	     -1.20255338807173606241
      0.97300000000000053113	      0.53941333994919526962	      0.63813611797418889893	     -1.97302290883003217381	      0.59950357451823754751	      1.03349659463386300828	      0.04228544264373795131	      1.30714769683689624458	     -4.90850929551581938171	      7.67108644359953917302	      0.61085890409437249016	      4.43561245645488533285	     24.30671481883531725998	    -14.91297794671299570268	    -61.80979678818563627374	      6.22090587362691938011	     -1.17628509829609106951
      0.97400000000000053202	      0.54251002296945027847	      0.61710410996939624173	     -1.97459461659332213834	      0.59941591728105481085	      1.03356854370945150379	      0.04234212449648224602	      1.30341919663929628470	     -4.89768460965953167374	      7.58298349211280875437	      0.59101734552403228928	      4.43191753419801770519	     24.38714998842133141466	    -14.85873189903933244693	    -61.64321113065248880503	      6.23522958626888890166	     -1.15102026852966643489
      0.97500000000000053291	      0.54541259393374796893	      0.59621236307312097669	     -1.97620470835709038937	      0.59932774826883539188	      1.03363880194137380819	      0.04239916459232118823	      1.29997193728301829729	     -4.88714884808449934184	      7.49518774258875719596	      0.57157115331134755731	      4.42921275374760003984	     24.46676232521126337360	    -14.80494549535842452315	    -61.47418092638978492914	      6.24946454211381752231	     -1.12674897358209169518
      0.97600000000000053380	      0.54811686475562604315	      0.57546335916360025209	     -1.97785244385800340616	      0.59923907497730988236	      1.03370737541526902525	      0.04245657936748480077	      1.29680904881779746063	     -4.87690021208868085267	      7.40769585680980391373	      0.55251768833746961462	      4.42752030052556477813	     24.54554545079390592832	    -14.75161408590694023246	    -61.30270741013763569072	      6.26361520943175875686	     -1.10346114719692400818
      0.97700000000000053468	      0.55061873879641265450	      0.55485941140086736389	     -1.97953709506748376512	      0.59914990493720021725	      1.03377427038471902954	      0.04251438473502991422	      1.29393346681346677052	     -4.86693653174769824687	      7.32050432124912919818	      0.53385389652981307673	      4.42686163000834120851	     24.62349307446915602782	    -14.69873272057174951044	    -61.12879196198332465428	      6.27768614193773011323	     -1.08114664698528950559
      0.97800000000000053557	      0.55291420484004372149	      0.53440265256356156431	     -1.98125795513576785645	      0.59906024572439897646	      1.03383949359271731794	      0.04257259611539084693	      1.29134791132144033377	     -4.85725532491792399981	      7.23360952566130599450	      0.51557631139341963955	      4.42725745694340666603	     24.70059899350435372867	    -14.64629627939599387787	    -60.95243609149633812194	      6.29167573047221839744	     -1.05979531905733681540
      0.97900000000000053646	      0.55499933813584600983	      0.51409503463724492978	     -1.98301433858141029631	      0.59897010493319358115	      1.03390305219303479944	      0.04263122843193366956	      1.28905489266297057505	     -4.84785383987796691940	      7.14700776242356639045	      0.49768106826703339962	      4.42872773614112613672	     24.77685710002286967324	    -14.59429948823502876110	    -60.77364144841519078000	      6.30557650575107420110	     -1.03939701454720645479
      0.98000000000000053735	      0.55687031224633587456	      0.49393834958636989585	     -1.98480556605490576771	      0.59887949016190233920	      1.03396495313739555932	      0.04269029605940360961	      1.28705675609921654790	     -4.83872903580905155962	      7.06069507314770383744	      0.48016393042310723249	      4.43129162645093188644	     24.85226139558270119778	    -14.54273671307500670480	    -60.59240988607631805962	      6.31938762329026459952	     -1.01994151463434645777
      0.98100000000000053824	      0.55852339947261675501	      0.47393422925125905376	     -1.98663096446939846373	      0.59878840899490937133	      1.03402520308010781314	      0.04274981282184481257	      1.28535569069825061916	     -4.82987753705100608670	      6.97466724891053679869	      0.46302030790862747089	      4.43496747480107256223	     24.92680600133822466091	    -14.49160195204880707820	    -60.40874347277227940367	      6.33311508593106786691	     -1.00141854378292460837
      0.98200000000000053912	      0.55995496367779085123	      0.45408413434819189236	     -1.98848987583657010880	      0.59869686901703689230	      1.03408380869661953305	      0.04280979203204576117	      1.28395370963311017398	     -4.82129559590952716519	      6.88891990653321784066	      0.44624526434494710125	      4.43977280980612576400	     25.00048515816360605868	    -14.44088894002679523965	    -60.22264447604549530979	      6.34676534378951018311	     -0.98381783124014110520
      0.98300000000000054001	      0.56116145474797118897	      0.43438934276515150934	     -1.99038166661078741448	      0.59860487781475646418	      1.03414077702041096174	      0.04287024651929750851	      1.28285262850127601553	     -4.81297927417283410989	      6.80344857073247855084	      0.42983351768401711901	      4.44572433223819807324	     25.07329322168303775697	    -14.39059131281931591673	    -60.03411534454164666386	      6.36033862130906513244	     -0.96712917501889628102
      0.98400000000000054090	      0.56213940983675569907	      0.41485094941058869855	     -1.99230572782229420348	      0.59851244295848216037	      1.03419611535511113409	      0.04293118861980520923	      1.28205407360664280780	     -4.80492449495441587004	      6.71824867801381486743	      0.41377945794590742512	      4.45283789971447685474	     25.14522466989130577986	    -14.34070262543750118311	    -59.84315871720168189540	      6.37382899667528768362	     -0.95134245539530271074
      0.98500000000000054179	      0.56288546425194851963	      0.39546988797752752332	     -1.99426145916012509396	      0.59841957201675033406	      1.03424983063357078805	      0.04299263012653888744	      1.28155953265262767538	     -4.79712680673646829632	      6.63331542480842006881	      0.39807718353612631113	      4.46112849863008520401	     25.21627412641418075623	    -14.29121608977200530433	    -59.64977748803714518999	      6.38723722053647602337	     -0.93644755182870331733
      0.98600000000000054268	      0.56339635249278774420	      0.37624693127784986091	     -1.99624826871445582022	      0.59832627254940473627	      1.03430192932288034235	      0.04305458227964208823	      1.28137036495757161703	     -4.78958133920040918241	      6.54864377069166270218	      0.38272052206774942462	      4.47061023151814485033	     25.28643637195525073480	    -14.24212456721454067576	    -59.45397481640407733039	      6.40057123505506897487	     -0.92243435136872065083
      0.98700000000000054357	      0.56366890218234788623	      0.35718268028063931974	     -1.99826558193172454381	      0.59823255211561277012	      1.03435241775478914406	      0.04311705579924590692	      1.28148777885900355678	     -4.78228288230694698058	      6.46422851556050215294	      0.36770303401780723984	      4.48129631161713071208	     25.35570633886427671655	    -14.19342070519072329660	    -59.25575410949463872612	      6.41383991801129127452	     -0.90929280738889284308
      0.98800000000000054445	      0.56370002829349952211	      0.33827755146311028200	     -2.00031285187966911820	      0.59813841826649472022	      1.03440130246779227186	      0.04318006091552163001	      1.28191281097832776581	     -4.77522615771107084015	      6.38006438883160242881	      0.35301801379189862162	      4.49319905758841375842	     25.42407910023831618673	    -14.14509713130462387198	    -59.05511900003113368030	      6.42704524053266990080	     -0.89701300526364968757
      0.98900000000000054534	      0.56348673439102126004	      0.31953177656647946403	     -2.00238955932680573468	      0.59804387853698992572	      1.03444859012099987794	      0.04324360735626170404	      1.28264633615612289042	     -4.76840586092610596580	      6.29614605929604476131	      0.33865851040232680669	      4.50632988321119221098	     25.49154987863225230171	    -14.09714647092504336001	    -58.85207335306024134525	      6.44018204789875348126	     -0.88558517286423887871
      0.99000000000000054623	      0.56302612372661509088	      0.30094542607010188462	     -2.00449519529094244419	      0.59794894048763547190	      1.03449428685171640474	      0.04330770429262725818	      1.28368911886224235097	     -4.76181623183207136663	      6.21246797990500976283	      0.32461736857778283882	      4.52069927444725649934	     25.55811407872558405074	    -14.04956102894110259172	    -58.64662133369017027462	      6.45325249225200980874	     -0.87499958448656400822
      0.99100000000000054712	      0.56231540094995968726	      0.28251840992534232866	     -2.00662926032995247994	      0.59785361170507467232	      1.03453839819152126900	      0.04337236032296017813	      1.28504182284541768055	     -4.75545103105910182961	      6.12902439416941291483	      0.31088724950691631888	      4.53631677974897762340	     25.62376729969911792750	    -14.00233278662519253999	    -58.43876741599083146639	      6.46626687502568309185	     -0.86524656415359757489
      0.99200000000000054801	      0.56135186672151082821	      0.26425046633490517634	     -2.00879127392050715883	      0.59775789980342541874	      1.03458092939941348476	      0.04343758350085219488	      1.28670498696029977914	     -4.74930374432598156886	      6.04580941691683815264	      0.29746063230352870477	      4.55319100678697807894	     25.68850532352433546635	    -13.95545357325240765078	    -58.22851636242372563856	      6.47923689149862269687	     -0.85631654385138267216
      0.99300000000000054889	      0.56013291048679647588	      0.24614114823102450913	     -2.01098078570378691055	      0.59766181241444726879	      1.03462188580320102460	      0.04350338137453372417	      1.28867900823610082028	     -4.74336787433209217113	      5.96281713203392715883	      0.28432981846347954447	      4.57132962405906528858	     25.75232409861935067852	    -13.90891527503896085705	    -58.01587319615883586721	      6.49216599461203180965	     -0.84820013308385866502
      0.99400000000000054978	      0.55865601124668529120	      0.22818982347291186241	     -2.01319737524607589307	      0.59756535718676428992	      1.03466127272794383707	      0.04356976097583657032	      1.29096415254951768503	     -4.73763695726166478295	      5.88004160703421074885	      0.27148695420892215990	      4.59073935538106514542	     25.81521974965182408823	    -13.86270984710671960727	    -57.80084320555368293526	      6.50504890920278189270	     -0.84088812633465948032
      0.99500000000000055067	      0.55691875035964577556	      0.21039570128619061729	     -2.01544063229885095367	      0.59746854184218589623	      1.03469909487520350666	      0.04363672875474971374	      1.29356059952067181662	     -4.73210404109408599993	      5.79747672788662704590	      0.25892406824796398990	      4.61142595660043586037	     25.87718861819337590191	    -13.81682895766208396537	    -57.58343201752870044174	      6.51788895615743602008	     -0.83437138951456157887
      0.99600000000000055156	      0.55491881352175720377	      0.19275783391633369290	     -2.01771015552083232691	      0.59737137417700658659	      1.03473535626002033361	      0.04370429056094011361	      1.29646844996126930916	     -4.72676169185535144379	      5.71511620739352110832	      0.24663309074594369497	      4.63339420816564295791	     25.93822727517501292027	    -13.77126399115689814323	    -57.36364560533659329167	      6.53069915162778258377	     -0.82864085844878521137
      0.99700000000000055245	      0.55265398489276951199	      0.17527510532114592978	     -2.02000556239357242916	      0.59727386206097787813	      1.03477006054164699655	      0.04377245167349124583	      1.29968770315921111624	     -4.72160228040045026887	      5.63295367190570495097	      0.23460585544801865199	      4.65664791608883366081	     25.99833250315192501034	    -13.72600624696024773641	    -57.14149026366297334789	      6.54349420026389871907	     -0.82368759943322178430
      0.99800000000000055334	      0.55012213746463145547	      0.15794621737261835270	     -2.02232650115070899943	      0.59717601343400883440	      1.03480321136185438036	      0.04384121685419625075	      1.30321824666217245259	     -4.71661822584644596645	      5.55098276721880079521	      0.22283410998515526535	      4.68118992201757233573	     26.05750127536284566077	    -13.68104714428377910451	    -56.91697257486741534649	      6.55627873137308281315	     -0.81950288395670345398
      0.99900000000000055422	      0.54732123306302671306	      0.14076969118883464471	     -2.02467264995176687847	      0.59707783630754474036	      1.03483481229730878148	      0.04391059034166999026	      1.30705986649711225489	     -4.71180198388996718251	      5.46919717510629510571	      0.21130953806802016404	      4.70702210155311107087	     26.11573076573376184228	    -13.63637822572468039084	    -56.69009941168904731512	      6.56904666442894136225	     -0.81607819283952276468
      1.00000000000000044409	      0.54424933820208742929	      0.12374389739484359385	     -2.02704369461646694006	      0.59697933881464460004	      1.03486486627279217210	      0.04398057577016293435	      1.31121227833176057231	     -4.70714556136322936908	      5.38759043273846049971	      0.20002378638268400457	      4.73414533537967496812	     26.17301839440339961129	    -13.59199079318168479347	    -56.46087801882632106754	      6.58180231780084756821	     -0.81340508206780259837
      1.00100000000000033396	      0.54090462580417175698	      0.10686705913189781247	     -2.02943932677397231856	      0.59688052920512923993	      1.03489337552395532782	      0.04405117615437152689	      1.31567513181857287385	     -4.70264054906613093721	      5.30615594163277037865	      0.18896848094862778167	      4.76255950381924009207	     26.22936183896754158695	    -13.54787591764128151794	    -56.22931601978764604155	      6.59456160034564931038	     -0.81147517706615424071
      1.00200000000000022382	      0.53728536757589251405	      0.09013724093822177152	     -2.03185925426127544924	      0.59678141584967969724	      1.03492034192457338371	      0.04412239392786476005	      1.32044799309455318514	     -4.69827841968175263787	      5.22488706213305853510	      0.17813523319163929171	      4.79226349438055532204	     26.28475901160645733512	    -13.50402464902438026684	    -55.99542138636422805575	      6.60734210035267910399	     -0.81028023804487980808
      1.00300000000000011369	      0.53338992173577004507	      0.07355233556259230254	     -2.03430321312453932237	      0.59668200725282005692	      1.03494576732211540637	      0.04419423101013823102	      1.32553034301887917579	     -4.69405068047380868990	      5.14377722485790389584	      0.16751565694001710471	      4.82325522031429265724	     26.33920803460211956804	    -13.46042819947304103323	    -55.75920239894781360590	      6.62014935734846865500	     -0.80981223939959334768
      1.00400000000000000355	      0.52921673224999143947	      0.05711006704231531839	     -2.03677096601361906636	      0.59658231205071088343	      1.03496965351640057840	      0.04426668880766299052	      1.33092158590996723078	     -4.68994884246901033720	      5.06281994575320659635	      0.15710138884393479164	      4.85553162153449413552	     26.39270724914926802285	    -13.41707793814891758188	    -55.52066764832667189467	      6.63297627726019101146	     -0.81006337001423645017
      1.00499999999999989342	      0.52476434833707330530	      0.04080802479195346638	     -2.03926227789454239669	      0.59648233903300862391	      1.03499200170466743032	      0.04433976811711796279	      1.33662106256619805933	     -4.68596407092429867447	      4.98200862843207303854	      0.14688410042043309467	      4.88908862749426464944	     26.44525526186087560632	    -13.37396505077896691205	    -55.27982612682495044965	      6.64582812708920034339	     -0.81102587843336015894
      1.00599999999999978328	      0.52003142553355097277	      0.02464366800474276226	     -2.04177691383640658174	      0.59638209712604928203	      1.03501281246688447979	      0.04441346911787946022	      1.34262805171650390079	     -4.68208723464444087625	      4.90133657251941379229	      0.13685551184987357343	      4.92392115404956776104	     26.49685095336024076573	    -13.33108055567747740611	    -55.03668723440639354294	      6.65872360581766198351	     -0.81269206392861759181
      1.00699999999999967315	      0.51501671559232109487	      0.00861431469576150882	     -2.04431464980602983772	      0.59628159540974334796	      1.03503208609065189272	      0.04448779142323153191	      1.34894176076746363790	     -4.67830915111628886649	      4.82079707643287935781	      0.12700740409771979489	      4.96002311945078044886	     26.54749345163357432398	    -13.28841550707459262526	    -54.79126074180206984465	      6.67168274010059647594	     -0.81505434803474108296
      1.00799999999999956302	      0.50971905212154133835	     -0.00728287052813792520	     -2.04687528424928810722	      0.59618084315414654473	      1.03504982290560221259	      0.04456273415710015895	      1.35556133223052044379	     -4.67462063552745732409	      4.74038355092824925663	      0.11733164154976258309	      4.99738747065100419320	     26.59718210561618079169	    -13.24596114401371060865	    -54.54355674604153847440	      6.68471181794406543730	     -0.81810535665298755870
      1.00899999999999945288	      0.50413734941167642756	     -0.02305087200949981069	     -2.04945863597593325167	      0.59607984980802131147	      1.03506602328139374336	      0.04463829596174103548	      1.36248585023246349124	     -4.67101246360545996339	      4.66008953045969676054	      0.10782018936756891658	      5.03600618666017485481	     26.64591649187202548887	    -13.20370887882739729946	    -54.29358567237957799989	      6.69780305200478842664	     -0.82183791616961410220
      1.00999999999999934275	      0.49827062543204680978	     -0.03869278670908155721	     -2.05206451929311839422	      0.59597862497355325040	      1.03508068708767009269	      0.04471447488971480588	      1.36971433507831852339	     -4.66747520913623059613	      4.57990846231550818857	      0.09846511051633323464	      5.07587023455378094638	     26.69369645873249652368	    -13.16165000921586702987	    -54.04135837462699498701	      6.71096266072854330531	     -0.82624488149889763200
      1.01099999999999923261	      0.49211800219200607653	     -0.05421181921638539708	     -2.05469274195169493424	      0.59587717837433351598	      1.03509381369082076318	      0.04479126840595298170	      1.37724574280529110659	     -4.66399929224230902491	      4.49983371403009790868	      0.08925857740663156736	      5.11696957006863595296	     26.74052213174235603788	    -13.11977573856948176001	    -53.78688614086604502518	      6.72421167837628264152	     -0.83131912482886782811
      1.01199999999999912248	      0.48567869319958717478	     -0.06961129293725511202	     -2.05734311623448506978	      0.59577551989170796087	      1.03510540227866632002	      0.04486867345190372058	      1.38507896540782415862	     -4.66057512552348729429	      4.41985868319401564719	      0.08019289016222094779	      5.15929316317383879209	     26.78639388537984089567	    -13.07807735544905192171	    -53.53018065071779574282	      6.73757192238689306407	     -0.83705361273816047962
      1.01299999999999901235	      0.47895198806289396298	     -0.08489466160256808891	     -2.06001546990602246723	      0.59567365962745677521	      1.03511545219615919144	      0.04494668652561998462	      1.39321284333090722463	     -4.65719309032577388763	      4.33997691047073796966	      0.07126050229393043889	      5.20282903088554959936	     26.83131231627473312074	    -13.03654634588620986335	    -53.27125392759220545713	      6.75105034985281982074	     -0.84344148880221214704
      1.01399999999999890221	      0.47193725136343361859	     -0.10006550418952023240	     -2.06270964404733714304	      0.59557160787978458139	      1.03512396294976283251	      0.04502530369413350331	      1.40164616958078092068	     -4.65384350986779882220	      4.26018208664578246214	      0.06245403453294067625	      5.24756424348771322030	     26.87527824726418401724	    -12.99517438034822980342	    -53.01011834149836943197	      6.76463905638096907325	     -0.85047606578883805373
      1.01499999999999879208	      0.46463394820055214929	     -0.11512748818298472464	     -2.06542546911478197558	      0.59546937506273067697	      1.03513093365771480237	      0.04510452048105467737	      1.41037766988896473563	     -4.65051664847781864864	      4.18046783499910201698	      0.05376626051148366420	      5.29348487775288134571	     26.91829276731304787518	    -12.95395309232187841531	    -52.74678671689233766529	      6.77834515539895132719	     -0.85815064193028234296
      1.01599999999999868194	      0.45704164402025754255	     -0.13008436469731332608	     -2.06816276341163618468	      0.59536697166036167683	      1.03513636304454959003	      0.04518433187695156117	      1.41940600181176268535	     -4.64720274101477226480	      4.10082771764244302659	      0.04519011698269654459	      5.34057602249686436124	     26.96035723409198325839	    -12.91287409941741159969	    -52.48127233835531058048	      6.79219130522770875302	     -0.86645848790190804767
      1.01699999999999857181	      0.44915999028669273407	     -0.14493998004866884277	     -2.07092134420522588911	      0.59526440828673332639	      1.03514024976874474682	      0.04526473241260233621	      1.42872976339486035258	     -4.64389203336030931268	      4.02125534946408080827	      0.03671872653137397968	      5.38882181317249475683	     27.00147324588311192883	    -12.87192914798604093107	    -52.21358890328919244439	      6.80620040222835243071	     -0.87539292754987929612
      1.01799999999999846167	      0.44098870906641896017	     -0.15969828693136989273	     -2.07370103803374217222	      0.59516169577251498701	      1.03514259276272713173	      0.04534571623672825624	      1.43834750871550354212	     -4.64057474749149267979	      3.94174450920723096203	      0.02834542339519301526	      5.43820546973311280681	     27.04164261527186141620	    -12.83111019647799366794	    -51.94375047220530206005	      6.82037997645401983249	     -0.88494741944796329047
      1.01899999999999835154	      0.43252759229280995923	     -0.17436333946356094571	     -2.07650167891238845996	      0.59505884512841356049	      1.03514339123011511745	      0.04542727713024209690	      1.44825775000239675983	     -4.63724107780187910777	      3.86228914301235848328	      0.02006376414883172948	      5.48870930649501875820	     27.08086737068925486938	    -12.79040940575481322128	    -51.67177147270363235521	      6.83472249265238485094	     -0.89511554584497221576
      1.01999999999999824141	      0.42377652860816789060	     -0.18893925746643214225	     -2.07932308635703844146	      0.59495586741336004000	      1.03514264406323297507	      0.04550940839539248384	      1.45845892997382198253	     -4.63388125976094222835	      3.78288314636165656779	      0.01186750743017121745	      5.54031468745405053511	     27.11914979232965450251	    -12.74981897916083006805	    -51.39766681266470271794	      6.84923577430582852799	     -0.90589082214166816165
      1.02099999999999813127	      0.41473550297137873333	     -0.20343022214415706905	     -2.08216506453880256799	      0.59485277367927047454	      1.03514034982451330613	      0.04559210287077570395	      1.46894942173201270563	     -4.63048557397534032987	      3.70352036969957154611	      0.00375062330527462569	      5.59300203737628542910	     27.15649241264671687190	    -12.70933118196139943734	    -51.12145188603102496927	      6.86394330039629441131	     -0.91726668246883646951
      1.02199999999999802114	      0.40540458148963676166	     -0.21784048794349575306	     -2.08502741312479233926	      0.59474957505490833043	      1.03513650708091797803	      0.04567535300784825170	      1.47972754305430287403	     -4.62704432165229917473	      3.62419473361801713907	     -0.00429268227993824004	      5.64675088345501663412	     27.19289798929901991187	    -12.66893845108276650535	    -50.84314252230246466979	      6.87886834568819871549	     -0.92923656199780757525
      1.02299999999999791100	      0.39578389662616880740	     -0.23217439344609605567	     -2.08790993688573056630	      0.59464628285292309151	      1.03513111475020336272	      0.04575915094302829972	      1.49079157217091951004	     -4.62354783484369313840	      3.54490033715280228321	     -0.01226794358027141069	      5.70153989671543826034	     27.22836947953050668048	    -12.62863345907149614789	    -50.56275493575216728459	      6.89401879233043768380	     -0.94179397669482967093
      1.02399999999999780087	      0.38587364697425574622	     -0.24643635660975957147	     -2.09081244430623458541	      0.59454290852496749498	      1.03512417208222418097	      0.04584348851069385694	      1.50213974868498234549	     -4.61998649672802219612	      3.46563145903888480959	     -0.02018042667902254436	      5.75734690573475482722	     27.26291003973308235686	    -12.58840910921383837717	    -50.28030573027409388942	      6.90938763572241221311	     -0.95493250999321566130
      1.02499999999999769074	      0.37567412430239316423	     -0.26063084039511824619	     -2.09373472779440028546	      0.59443946349140441843	      1.03511567803286563816	      0.04592835713568541728	      1.51377024465728782232	     -4.61635077298879092922	      3.38638234419019523713	     -0.02803515117349542063	      5.81414885725605756761	     27.29652305869225159540	    -12.54825842136973790275	    -49.99581201540674868511	      6.92498301862374532334	     -0.96864561958670625241
      1.02599999999999758060	      0.36518571326838800140	     -0.27476234859924064668	     -2.09667656320283946059	      0.59433595908322878199	      1.03510563122869725383	      0.04601374784748692853	      1.52568116581709167789	     -4.61263119360032813887	      3.30714720852374322035	     -0.03583688168322050893	      5.87192183199991646347	     27.32921215683614946101	    -12.50817454745374313063	    -49.70929141208871726576	      6.94082845023902450521	     -0.98292662184240231493
      1.02699999999999747047	      0.35440887630842310418	     -0.28883543726939148177	     -2.09963771989697578491	      0.59423240664842902348	      1.03509403031102809045	      0.04609965135370533429	      1.53787056795664467401	     -4.60881832263246238313	      3.22792035221341722107	     -0.04359010442185112799	      5.93064109047264320651	     27.36098116012332326363	    -12.46815085203235184963	    -49.42076200016519749170	      6.95694705474590424643	     -0.99776877404423258699
      1.02799999999999736033	      0.34334413953358422500	     -0.30285472505798616272	     -2.10261796960620772623	      0.59412881767567760072	      1.03508087429007633595	      0.04618605810610015849	      1.55033647128733265141	     -4.60490285137078902977	      3.14869626564044091666	     -0.05129900609207309337	      5.99028111688803654999	     27.39183407440265938249	    -12.42818096644666958639	    -49.13024226633718427593	      6.97334672518326925683	     -1.01316535352640268997
      1.02899999999999725020	      0.33199209291833153834	     -0.31682488837146971505	     -2.10561708525873259035	      0.59402520374669343095	      1.03506616250956917646	      0.04627295830976570212	      1.56307686088744257624	     -4.60087563587447245794	      3.06946962993512562079	     -0.05896746715871249711	      6.05081563657776655418	     27.42177508361590554387	    -12.38825878821040049615	    -48.83775110905970251451	      6.99002066169344704605	     -1.02910964351350808776
      1.02999999999999714007	      0.32035341709600068105	     -0.33075062796119614195	     -2.10863482297515592023	      0.59392157634260211996	      1.03504989398041957749	      0.04636034181621719735	      1.57608966064978361921	     -4.59672760480278341788	      2.99023510989969443230	     -0.06659908290328227232	      6.11221758269624970694	     27.45080858267491663582	    -12.34837839250827506987	    -48.54330795592192515642	      7.00697679918765814477	     -1.04559473864914065366
      1.03099999999999702993	      0.30842888341987306777	     -0.34463666445526264237	     -2.11167092159658142947	      0.59381794678850374769	      1.03503206733267560935	      0.04644819813239020601	      1.58937273539633339148	     -4.59244972917823712777	      2.91098735830650712231	     -0.07419715631301425363	      6.17445911557715998441	     27.47893917637599159320	    -12.30853404283099017391	    -48.24693276910848283023	      7.02423809843764423988	     -1.06261352851655055396
      1.03199999999999691980	      0.29621933941953182412	     -0.35848774886597123412	     -2.11472511175984578813	      0.59371432637903787111	      1.03501268116994271651	      0.04653651648765335519	      1.60292390639050497114	     -4.58803304329269057149	      2.83172112579528301168	     -0.08176467742466865529	      6.23751167065806910728	     27.50617165354775295327	    -12.26872025195662985197	    -47.94864599146658434847	      7.04182718736164581230	     -1.08015877959401329633
      1.03299999999999680966	      0.28372569505931888312	     -0.37230867228150760218	     -2.11779712406083087117	      0.59361072651544966039	      1.03499173443021863505	      0.04662528589544506080	      1.61674096433811764761	     -4.58346882567679170251	      2.75243136553828904312	     -0.08930430471478556509	      6.30134600491482466111	     27.53251096047518586829	    -12.22893183262148575352	    -47.64846849256613126045	      7.05975151141448087344	     -1.09822321582200932433
      1.03399999999999669953	      0.27094892315200053146	     -0.38610426064648439848	     -2.12088668790246703821	      0.59350715865979375430	      1.03496922633940879876	      0.04671449515760624227	      1.63082166981457876709	     -4.57874864133352676987	      2.67311323438314429879	     -0.09681835983047444583	      6.36593221766331307521	     27.55796219849987238604	    -12.18916389903183628007	    -47.34642157289269448484	      7.07800377046612805287	     -1.11679950482190770700
      1.03499999999999658939	      0.25789008606433594384	     -0.39987934170984207327	     -2.12399351462957231007	      0.59340363412993923919	      1.03494515572024448069	      0.04680413275396123202	      1.64516373039778951437	     -4.57386408927103538247	      2.59376189164624149086	     -0.10430884888822192225	      6.43123972199852467213	     27.58253065897097755510	    -12.14941178680320632566	    -47.04252708226858459284	      7.09659113256286744331	     -1.13588006129972862723
      1.03599999999999647926	      0.24455033622315602848	     -0.41363873997913508385	     -2.12711729682789352225	      0.59330016404926677609	      1.03491952094070849277	      0.04689418684433935974	      1.65976480227744249696	     -4.56880677824766756601	      2.51437250338743334410	     -0.11177745775230450709	      6.49723726647349586472	     27.60622182230951793258	    -12.10967106041694840712	    -46.73680742465139559272	      7.11553567120139884850	     -1.15545703028879298557
      1.03699999999999636913	      0.23093090221141665541	     -0.42738728623696226050	     -2.13025771645964967504	      0.59319675948765648865	      1.03489232027709276984	      0.04698464532846651637	      1.67462250318369498814	     -4.56356843796523481416	      2.43494034928790137329	     -0.11922553463383731009	      6.56389298429502954235	     27.62904133138084716848	    -12.06993756533745454362	    -46.42928550254350739124	      7.13485928014045800438	     -1.17552237021932093342
      1.03799999999999625899	      0.21703307478514416440	     -0.44112982655300786439	     -2.13341445241726335169	      0.59309343161148020407	      1.03486355227782977906	      0.04707549590679646623	      1.68973442655062466855	     -4.55814114618735022333	      2.35546092672603535334	     -0.12665407251206389772	      6.63117444313691617452	     27.65099496366187992180	    -12.03020747322030636894	    -46.11998466058670942402	      7.15456843879779924578	     -1.19606793700803870628
      1.03899999999999614886	      0.20285820726511000212	     -0.45487121667741781117	     -2.13658717926461472203	      0.59299019164200394982	      1.03483321571533393168	      0.04716672608138022110	      1.70509814230222178644	     -4.55251735727805328935	      2.27592995305587697530	     -0.13406370558225763623	      6.69904866892426920089	     27.67208862896451648794	    -11.99047728195900397452	    -45.80892868862913758221	      7.17465450316405117803	     -1.21708547163724434270
      1.03999999999999603872	      0.18840774280395991558	     -0.46861628921126979863	     -2.13977555112533268655	      0.59288705064206947970	      1.03480130889221078050	      0.04725832303811910301	      1.72071117275578422401	     -4.54668953034600420438	      2.19634316870553591983	     -0.14145473420764331784	      6.76748211900511620343	     27.69232840768058068193	    -11.95074374042329168333	    -45.49614194155475388470	      7.19512334752728843767	     -1.23856640004838047808
      1.04099999999999592859	      0.17368321527037930418	     -0.48236984820848238797	     -2.14297920078030390556	      0.59278401946936742917	      1.03476782959568169851	      0.04735027364359313540	      1.73657099216593446833	     -4.54065012595906836168	      2.11669634149662710954	     -0.14882712364877570543	      6.83644070527048253183	     27.71172055015781054976	    -11.91100385539054862249	    -45.18164934337228544337	      7.21599598120564600379	     -1.26050181687020268484
      1.04199999999999581846	      0.15868623563459380299	     -0.49613667809697231670	     -2.14619774712102362457	      0.59268110893032543984	      1.03473277546388553461	      0.04744256450084935461	      1.75267503814107517002	     -4.53439180317789869434	      2.03698537127621914777	     -0.15618048894563441031	      6.90588984514098402911	     27.73027144887781147986	    -11.87125493974608758663	    -44.86547632969463705876	      7.23729343417030168695	     -1.28288257157886387283
      1.04299999999999570832	      0.14341847707075314200	     -0.50992155238705783038	     -2.14943080227587390851	      0.59257832994437720231	      1.03469614434814394244	      0.04753518201396961240	      1.76902073113164171048	     -4.52790762639572186288	      1.95720639412789254585	     -0.16351407654952956894	      6.97579451602718769720	     27.74798760954327647710	    -11.83149464575644849162	    -44.54764878827192831068	      7.25902074255473017672	     -1.30569935845886719861
      1.04399999999999559819	      0.12788167509640524511	     -0.52372922801254651048	     -2.15267797030308694062	      0.59247569350548712208	      1.03465793427215091427	      0.04762811238902126681	      1.78560547563610172439	     -4.52119106823830385622	      1.87735578555817728130	     -0.17082676324938525503	      7.04611928153029865030	     27.76487564915809258537	    -11.79172096131924440954	    -44.22819306084457480210	      7.28116708244900046054	     -1.32894270655268176284
      1.04499999999999548805	      0.11207765628690481707	     -0.53756441290425316382	     -2.15593883171928402120	      0.59237321045493385174	      1.03461814275449581757	      0.04772134150710464345	      1.80242662706332934519	     -4.51423562084287066654	      1.79742996526363740806	     -0.17811708928787983730	      7.11682826257923206725	     27.78094233739575713571	    -11.75193214751885939506	    -43.90713606546854208545	      7.30373657043077972872	     -1.35260277435102094223
      1.04599999999999537792	      0.09600833933531074948	     -0.55143176059114251686	     -2.15921294252238116229	      0.59227089143460576182	      1.03457676677598331416	      0.04781485492016278316	      1.81948148812378596162	     -4.50703481655166360298	      1.71742540100608054310	     -0.18538326132381086064	      7.18788516136357014119	     27.79619459609624598784	    -11.71212674629187233677	    -43.58450530002698286580	      7.32674905354320848971	     -1.37666933488893139526
      1.04699999999999526779	      0.07967572109619409926	     -0.56533587892431014232	     -2.16249984118387494902	      0.59216874705407585022	      1.03453380314327003653	      0.04790863790746711232	      1.83676732229915806727	     -4.49958246070071066214	      1.63733871186701596123	     -0.19262313778723838542	      7.25925331530560757898	     27.81063947029575800229	    -11.67230362194464632353	    -43.26032878230783751405	      7.35022457577630294878	     -1.40113186727773175733
      1.04799999999999515765	      0.06308186030004613032	     -0.57928133880769261399	     -2.16579905545627315888	      0.59206678807133472642	      1.03448924884663373547	      0.04800267554698838673	      1.85428138253396146418	     -4.49187276261230650221	      1.55716677305930240038	     -0.19983420843246124665	      7.33089575689065142683	     27.82428409836360572172	    -11.63246197603684706223	    -42.93463498687776791485	      7.37416628801878815125	     -1.42597965474193122404
      1.04899999999999504752	      0.04622887733198117327	     -0.59327266879047590997	     -2.16911010110950153162	      0.59196502535396910982	      1.03444310103347625329	      0.04809695271972324465	      1.87202091234207590453	     -4.48390031371489872214	      1.47690671911820392559	     -0.20701359674443980952	      7.40277524142389520279	     27.83713571003738351806	    -11.59260133951034710265	    -42.60745284585522085763	      7.39856046194086491852	     -1.45120177778781189737
      1.04999999999999493738	      0.02911898517641377943	     -0.60731432325624434831	     -2.17243246716405780106	      0.59186346962801927862	      1.03439535635825352600	      0.04819145397319728880	      1.88998309547968701416	     -4.47565978963791444301	      1.39655574723401043613	     -0.21415810498809390028	      7.47485421287497420195	     27.84920166990777445903	    -11.55272153489258002423	    -42.27881187518775618628	      7.42340909611036803284	     -1.47678690192484984856
      1.05099999999999482725	      0.01175449040784467061	     -0.62141067736638311292	     -2.17576561501738741100	      0.59176213142682343449	      1.03434601096611133997	      0.04828616352032413100	      1.90816504889258564681	     -4.46714599039031678984	      1.31611112004915997709	     -0.22126422174984503033	      7.54709482829300970508	     27.86048947640678363769	    -11.51282268530098562564	    -41.94874217767660695699	      7.44873079654758463164	     -1.50272326516327070500
      1.05199999999999471711	     -0.00586222176871393878	     -0.63556603595026284204	     -2.17910898515090156735	      0.59166102127266984034	      1.03429506085061695408	      0.04838106530097736890	      1.92656384271640312988	     -4.45835404730345707947	      1.23557026857727492164	     -0.22832810601170547282	      7.61945901596809260781	     27.87100673174240128560	    -11.47290524367289599184	    -41.61727437992834666147	      7.47454439654450464303	     -1.52899877732553601817
      1.05299999999999460698	     -0.02372870533607718962	     -0.64978464242821121211	     -2.18246200360837283583	      0.59156014987613914080	      1.03424250220669988742	      0.04847614306123640415	      1.94517654056039979160	     -4.44927944280945819600	      1.15493089721264796665	     -0.23534556420057897719	      7.69190854047182615005	     27.88076111142400392851	    -11.43296998366428951499	    -41.28443956546881565828	      7.50085076925128646508	     -1.55560112712033937754
      1.05399999999999449685	     -0.04184245402362736510	     -0.66407067390943663732	     -2.18582408088614332797	      0.59145952809273305562	      1.03418833142143484771	      0.04857138036285280069	      1.96400019976602457916	     -4.43991797153854417246	      1.07419098568673487826	     -0.24231205678824116467	      7.76440503104321244621	     27.88976036179187900643	    -11.39301798826597966752	    -40.95026927479874956362	      7.52763282444667058968	     -1.58251777875925325745
      1.05499999999999438671	     -0.06020086773378029860	     -0.67842821039932232896	     -2.18919459818160788700	      0.59135916663701182383	      1.03413254445218139033	      0.04866676043740784247	      1.98303179807427776282	     -4.43026561744453495351	      0.99334858927295277553	     -0.24922275687418946055	      7.83690994042232080830	     27.89801234434337473544	    -11.35305064878595082689	    -40.61479563647456814124	      7.55489017006133778409	     -1.60973575194360529750
      1.05599999999999427658	     -0.07880125186521030889	     -0.69286123044075664801	     -2.19257290684015782034	      0.59125907602331528867	      1.03407513682564178303	      0.04876226619077071722	      2.00226822401443005361	     -4.42031860078786209556	      0.91240184004747437729	     -0.25607256184123067255	      7.90938456971219139291	     27.90552503391124261611	    -11.31306967404472807459	    -40.27805136965719157160	      7.58263998506009073708	     -1.63724161247825783505
      1.05699999999999416644	     -0.09764083380402623080	     -0.70737362049578789147	     -2.19595833490019565204	      0.59115926676374996873	      1.03401610399013788033	      0.04885788027295496355	      2.02170630761526037844	     -4.41007350111398555015	      0.83134905008520054714	     -0.26285607483595929690	      7.98179013137398030153	     27.91230648812607029186	    -11.27307709967353055447	    -39.94006971741826106381	      7.61089955502642645513	     -1.66502158078009587783
      1.05799999999999405631	     -0.11671678208280532318	     -0.72196918430337264638	     -2.19935019327213199247	      0.59105974958637541583	      1.03395544166750164017	      0.04895358516385726194	      2.04134287119710888803	     -4.39952717135458293285	      0.75018881615779431371	     -0.26956757995818519946	      8.05408781823982167225	     27.91836481679240478115	    -11.23307525503451209659	    -39.60088437620347434631	      7.63966717488175017792	     -1.69306164801177128076
      1.05899999999999394618	     -0.13602620716189409156	     -0.73665163884762818736	     -2.20274777497905782653	      0.59096053538372772529	      1.03389314586040770294	      0.04904936318714787913	      2.06117472774604237884	     -4.38867669696683737612	      0.66892001978381432359	     -0.27620105311356585309	      8.12623883173649907974	     27.92370817886051170831	    -11.19306675050385813108	    -39.26052949538171077393	      7.66892222860106453908	     -1.72134757615005717923
      1.05999999999999383604	     -0.15556612537959924047	     -0.75142458515616594728	     -2.20615034286253308693	      0.59086163488600851323	      1.03382921224958246320	      0.04914519635561696159	      2.08119858468801455231	     -4.37751946997849739063	      0.58754162451445235416	     -0.28275023258925369163	      8.19820433422635908016	     27.92834482736279255732	    -11.15305451777897793875	    -38.91903981311274662858	      7.69866175296556232155	     -1.74986467061712058779
      1.06099999999999372591	     -0.17533345874650066443	     -0.76629150503251053372	     -2.20955712954935101777	      0.59076305859285449529	      1.03376363620434208457	      0.04924106638116864526	      2.10141103371274162726	     -4.36605322414290064614	      0.50605267575009393877	     -0.28920863361965987171	      8.26994547451516659464	     27.93228310724370899720	    -11.11304181611358465886	    -38.57645065821021290731	      7.72890121321019929468	     -1.77859777455483625275
      1.06199999999999361577	     -0.19532505316753262514	     -0.78125577122706646449	     -2.21296734389915350505	      0.59066481698875039630	      1.03369641313459603715	      0.04933695475368873179	      2.12180859405487076685	     -4.35427604170263116146	      0.42445240426536101630	     -0.29556952702631195118	      8.34142345535001439316	     27.93553142508731568228	    -11.07303221592679776109	    -38.23279787955797814902	      7.75965593853322577189	     -1.80753138704550919691
      1.06299999999999350564	     -0.21553769842921147171	     -0.79632065749669056487	     -2.21638017695502842486	      0.59056692077728689672	      1.03362753884931235504	      0.04943284282942876640	      2.14238776896210447731	     -4.34218620996831461412	      0.34274032988570046765	     -0.30182591419102255959	      8.41259960432280706755	     27.93809821844910956656	    -11.03302955043312927330	    -37.88811777241659228821	      7.79092148902678527378	     -1.83664978758135832848
      1.06399999999999339551	     -0.23596812900063821039	     -0.81148933579653403925	     -2.21979480171517895570	      0.59046938082026612094	      1.03355700957594320855	      0.04952871184636738200	      2.16314504135287188902	     -4.32978219546709564014	      0.26091625955439934348	     -0.30797054155164238498	      8.48343540144494134836	     27.93999195261996248973	    -10.99303790488778531653	    -37.54244707755267995708	      7.82267390438036347433	     -1.86593703950663192259
      1.06499999999999328537	     -0.25661298617796196586	     -0.82676484919841530807	     -2.22321036264458760101	      0.59037220777240717595	      1.03348482135815800120	      0.04962454276257118047	      2.18407676228090608106	     -4.31706285795118205328	      0.17898008332830719902	     -0.31399597888883284957	      8.55389242758687018409	     27.94122116733052507698	    -10.95306168815132785710	    -37.19582312095877085767	      7.85490764917467920725	     -1.89537675676130090707
      1.06599999999999317524	     -0.27746881839028619821	     -0.84215011008509987889	     -2.22662597631141290222	      0.59027541200628264040	      1.03341097007083959625	      0.04972031626992177294	      2.20517914238238388336	     -4.30402746283406667516	      0.09693177344791728545	     -0.31989463531152217968	      8.62393239090815733050	     27.94179447495420376413	    -10.91310563349152218393	    -36.84828381452108203575	      7.88763616998193572982	     -1.92495210259018967314
      1.06699999999999306510	     -0.29853210098162563657	     -0.85764791138635854129	     -2.23004073779992939563	      0.59017900384391208668	      1.03333545178073871185	      0.04981601288035138880	      2.22644830551395322971	     -4.29067558877778143511	      0.01477148798641128927	     -0.32565873605897988075	      8.69351719751536400338	     27.94172053063578786691	    -10.87317475912375464020	    -36.49986758152746801898	      7.92087237215719852657	     -1.95464591755243399795
      1.06799999999999295497	     -0.31979925631033290223	     -0.87326093742952770604	     -2.23345372645567774583	      0.59008299380279494173	      1.03325826311987634121	      0.04991161301188007382	      2.24788034438519090941	     -4.27700698345927499133	     -0.06750032809717042281	     -0.33128029932401142910	      8.76260902176532141539	     27.94100800188308042493	    -10.83327431632713278020	    -36.15061328118897421291	      7.95460909783720282462	     -1.98444085001913550492
      1.06899999999999284483	     -0.34126665435796216252	     -0.88899176252127154463	     -2.23686400625720605007	      0.58998739252776843944	      1.03317940130874919014	      0.05000709700193597951	      2.26947131363610532517	     -4.26302155909618996077	     -0.14988294658684164773	     -0.33675115322656618000	      8.83117033296078268734	     27.93966556601849049457	    -10.79340978239000214955	    -35.80056020743622013924	      7.98881964108670139524	     -2.01431936247775711379
      1.06999999999999273470	     -0.36293057419367030780	     -0.90484282637927471171	     -2.24027061732894283708	      0.58989221039758832354	      1.03309886353152702299	      0.05010244494288720873	      2.29121711544211192901	     -4.24871965131180662212	     -0.23237555767847348220	     -0.34206301608174727313	      8.89916384361032442030	     27.93770196004225780939	    -10.75358694431922756962	    -35.44974823000416819241	      8.02349605128652854091	     -2.04426349590382505639
      1.07099999999999262457	     -0.38478720470922123109	     -0.92081643373382837670	     -2.24367257718187929072	      0.58979745744763723003	      1.03301664694605599415	      0.05019763669694813496	      2.31311349436388091760	     -4.23410200632527189413	     -0.31497727100147532298	     -0.34720751237599994932	      8.96655253653195316588	     27.93512597985870371531	    -10.71381189285373736197	    -35.09821779347826975481	      8.05864941212762175837	     -2.07425487314645984327
      1.07199999999999251443	     -0.40683266541961765617	     -0.93691476627823677692	     -2.24706888690500283801	      0.58970314361506070977	      1.03293274906292920079	      0.05029265198580357143	      2.33515609607570695516	     -4.21916963611909867637	     -0.39768701321978799923	     -0.35217614946232883577	      9.03329973591466206528	     27.93194645046517976539	    -10.67409096877513441370	    -34.74600983979318158390	      8.09428982342035929776	     -2.10427483507673551699
      1.07299999999999240430	     -0.42906302605551327467	     -0.95313989380390140571	     -2.25045853652563554448	      0.58960927899243598116	      1.03284716814299692977	      0.05038747046968373305	      2.35734051604924887968	     -4.20392372330279417980	     -0.48050343124371069914	     -0.35696029784979016464	      9.09936917410855983235	     27.92817219555281127441	    -10.63443072043495973844	    -34.39316573252028064189	      8.13040764300700224965	     -2.13430457443921373084
      1.07399999999999229416	     -0.45147430690548973065	     -0.96949377369842337782	     -2.25384050577267380788	      0.58951587375726177687	      1.03275990321383992487	      0.05048207175654429585	      2.37966229116631122764	     -4.18836563716731991036	     -0.56342489708009635407	     -0.36155120905033216738	      9.16472501673507089492	     27.92381203601721395557	    -10.59483790113437962077	    -34.03972725521608566623	      8.16697427883886817312	     -2.16432514468090309023
      1.07499999999999218403	     -0.47406244087654192398	     -0.98597822864781603514	     -2.25721375742015384347	      0.58942293776496623714	      1.03267095339702486001	      0.05057643524156683196	      2.40211679607255623736	     -4.17249714075011279846	     -0.64644970346530150618	     -0.36594009214921352502	      9.22933181373274358350	     27.91887484367309468780	    -10.55531954191097554485	    -33.68573675073505313549	      8.20397963142650077373	     -2.19431722637430093314
      1.07599999999999207390	     -0.49682327451387786610	     -1.00259494702608309424	     -2.26057723882011751826	      0.58933048047482927689	      1.03258031790200033306	      0.05067054012150401521	      2.42469924243180257051	     -4.15632035534009869338	     -0.72957606494415561116	     -0.37011812863909598903	      9.29315452594222080052	     27.91336954175197249128	    -10.51588293818448960337	    -33.33123711854325676995	      8.24143214241582811042	     -2.22426113489935994849
      1.07699999999999196376	     -0.51975258910766097831	     -1.01934549479533353988	     -2.26392988757076851769	      0.58923851120502868106	      1.03248799643126165648	      0.05076436548281230976	      2.44740473620288989665	     -4.13983761688270845980	     -0.81280201902992577079	     -0.37407645086928392741	      9.35615859312135533798	     27.90730507450569675143	    -10.47653559375237719564	    -32.97627173586752746814	      8.27933896216845965910	     -2.25413696176713429509
      1.07799999999999185363	     -0.54284611952883787822	     -1.03623132635445047711	     -2.26727063636837700145	      0.58914703938981072273	      1.03239398960986972220	      0.05085789037157511377	      2.47022831522459807019	     -4.12305146798188015822	     -0.89612533449091891224	     -0.37780612648155098565	      9.41830999509060440289	     27.90069037595891998649	    -10.43728520060042086470	    -32.62088438283226565773	      8.31768833478754920918	     -2.28392471007002617611
      1.07899999999999174349	     -0.56609955441694315148	     -1.05325378443431461051	     -2.27059841394482786470	      0.58905607451141073216	      1.03229829898431368917	      0.05095109379899728091	      2.49316494088181128674	     -4.10596469010529130372	     -0.97954351676549988870	     -0.38129817566137225171	      9.47957527469671390463	     27.89353436954491272104	    -10.39813964067171347949	    -32.26511924005403386673	      8.35645056798399821218	     -2.31360430579672815554
      1.07999999999999163336	     -0.58950849980123332106	     -1.07041407963288848215	     -2.27391213988909246524	      0.58896562569320110025	      1.03220092627797765950	      0.05104395459217960646	      2.51620941604556458415	     -4.08858037706181498550	     -1.06305399550794432706	     -0.38454364027579140961	      9.53992149323680038719	     27.88584602640425202935	    -10.35910702325719867645	    -31.90902102370071347082	      8.39561368414458009113	     -2.34315536934851431639
      1.08099999999999152323	     -0.61306848024613924686	     -1.08771329100704150505	     -2.27721072619062692155	      0.58887570163231328646	      1.03210187335965697386	      0.05113645140721590626	      2.53935638839878219386	     -4.07090188463883961845	     -1.14665412593699889143	     -0.38753359720086766327	      9.59931625510628094844	     27.87763436728702259870	    -10.32019566547715250238	    -31.55263498122824117331	      8.43518336582813788027	     -2.37255722666992330261
      1.08199999999999141309	     -0.63677495963892993824	     -1.10515237729324122817	     -2.28049308221401458852	      0.58878631086009580731	      1.03200114268083820157	      0.05122856281127509404	      2.56260039997036415116	     -4.05293273988242930272	     -1.23034109538136116058	     -0.39025914000338896015	      9.65772776990365322547	     27.86890843078673185573	    -10.28141404844049411338	    -31.19600681282169674091	      8.47516393317372163096	     -2.40178905292627531409
      1.08299999999999130296	     -0.66062335949542583258	     -1.12273218707948263528	     -2.28375811900741920724	      0.58869746200052952556	      1.03189873774372498083	      0.05132026734440685301	      2.58593591278269263611	     -4.03467673548268912498	     -1.31411183638438133769	     -0.39271136700683900722	      9.71512490719103638526	     27.85967724029812941922	    -10.24277082663601490253	    -30.83918259762329228124	      8.51554187477400148509	     -2.43083000930815540386
      1.08399999999999119282	     -0.68460905924880433027	     -1.14045345868398273481	     -2.28700475022392479829	      0.58860916370786775520	      1.03179466307528100444	      0.05141154352364368796	      2.60935730217064687508	     -4.01613796935273281719	     -1.39796303200521210286	     -0.39488139695355678471	      9.77147721693549797806	     27.84994980476410830761	    -10.20427483224943365769	    -30.48220879016324857957	      8.55628683900166109311	     -2.45965925690526532321
      1.08499999999999108269	     -0.70872736170938910316	     -1.15831680104178502688	     -2.29023188801015775695	      0.58852142426717879431	      1.03168892339463114105	      0.05150236970895116090	      2.63285880109415026951	     -3.99732073697306411475	     -1.48189129538413677523	     -0.39676042994490579030	      9.82675488891797499491	     27.83973518217485576542	    -10.16593505981011702488	    -30.12513235011346424130	      8.59738515665582880843	     -2.48825573362785190668
      1.08599999999999097255	     -0.73297349417646329162	     -1.17632269417960100277	     -2.29343844439206989705	      0.58843425153369277592	      1.03158152355187016092	      0.05159272411489949223	      2.65643450613001563809	     -3.97822947560853146243	     -1.56589317176771269935	     -0.39833975959804640565	      9.88092877420576876091	     27.82904248286558868131	    -10.12776064293913336201	    -29.76800073674853663874	      8.63883986761189248682	     -2.51659816747212961019
      1.08699999999999086242	     -0.75734262855227374445	     -1.19447149962142185053	     -2.29662333558522036014	      0.58834765319498505409	      1.03147246900138211956	      0.05168258488400107042	      2.68007841519902223482	     -3.95886876219923689035	     -1.64996505128364590043	     -0.39961075843865451196	      9.93397044003098628195	     27.81788083561187718828	    -10.08976083477148755208	    -29.41086183159648825836	      8.68065288612431551485	     -2.54466522068758749242
      1.08799999999999075229	     -0.78182989976840588930	     -1.21276347012896934530	     -2.29978548588669751140	      0.58826163703107636760	      1.03136176631337761478	      0.05177193014469097521	      2.70378444345779467284	     -3.93924350519775368085	     -1.73410308523034784045	     -0.40056486785245815074	      9.98585221915555898420	     27.80625935155149264233	    -10.05194504863851534537	    -29.05376386446759795490	      8.72280920239767354474	     -2.57243563012274512047
      1.08899999999999064215	     -0.80643040644343988443	     -1.23119874977148269224	     -2.30292382853554755684	      0.58817621085863869279	      1.03124942312232481534	      0.05186073801712332704	      2.72754641912657280756	     -3.91935898242206581799	     -1.81830319048720023822	     -0.40119361166153832965	     10.03654722778554031493	     27.79418712581130890271	    -10.01432286262944515443	    -28.69675540777050670727	      8.76527770288713092839	     -2.59988822445060918653
      1.08999999999999053202	     -0.83113917750592192224	     -1.24977735611636364688	     -2.30603730235590509423	      0.58809138213770761894	      1.03113544720104499675	      0.05194898649222681741	      2.75135805171286307313	     -3.89922054311791610459	     -1.90256122343876588054	     -0.40148865102285768991	     10.08602932669697871404	     27.78167330715039895495	     -9.97690394417785419989	    -28.33988550148632512560	      8.80804306288937155500	     -2.62700170353526329947
      1.09099999999999042188	     -0.85595117312377866359	     -1.26849918088454272080	     -2.30912485296639280463	      0.58800715791553381795	      1.03101984637332200201	      0.05203665344201802850	      2.77521293876420527269	     -3.87883355282163400091	     -1.98687298273376700131	     -0.40144179599562052063	     10.13427313877887847582	     27.76872710276859379519	     -9.93969802497948151654	    -27.98320364617987721090	      8.85110604538042800016	     -2.65375465295790746723
      1.09199999999999031175	     -0.88086130423157571467	     -1.28736400000919615216	     -2.31218543659510800126	      0.58792354508984612238	      1.03090262902688145630	      0.05212371668464697155	      2.79910459119087651203	     -3.85820349166564335874	     -2.07123412747636148623	     -0.40104499367471718729	     10.18125409708321349456	     27.75535774156328372442	     -9.90271491188454078269	    -27.62675972626502129970	      8.89446680791230548380	     -2.68012568918693228071
      1.09299999999999020162	     -0.90586445196767162447	     -1.30637148355755128293	     -2.31521802371794738207	      0.58784055067342577683	      1.03078380467230457107	      0.05221015404447318375	      2.82302644319399620443	     -3.83733622895317294521	     -2.15564009403799650144	     -0.40029031751791016580	     10.22694849068601463671	     27.74157443351779761542	     -9.86596455788313519975	    -27.27060393341090360764	      8.93810894579531911575	     -2.70609360749938954172
      1.09399999999999009148	     -0.93095546891781300047	     -1.32552119637416554454	     -2.31822159983408315753	      0.58775818174345639822	      1.03066338387268774390	      0.05229594336166424468	      2.84697185056182933138	     -3.81623805287445438950	     -2.24008609876648767667	     -0.39916997890580674380	     10.27133347997802026441	     27.72738637202775890955	     -9.82945706542566632891	    -26.91478675778018114784	      8.98199998880684979952	     -2.73163740309237157433
      1.09499999999998998135	     -0.95612914549809691067	     -1.34481258149429283577	     -2.32119516258594993374	      0.58767644504658378413	      1.03054137723099303869	      0.05238106237609856802	      2.87093407570306036192	     -3.79491519605870442078	     -2.32456731027667284906	     -0.39767638026364349191	     10.31438705577628844878	     27.71280281154302471691	     -9.79320255027475283782	    -26.55935911060141663143	      9.02612294467684250776	     -2.75673604605882438534
      1.09599999999998987121	     -0.98138021070805880886	     -1.36424496136267991986	     -2.32413772280795649650	      0.58759534694382253850	      1.03041779528727839299	      0.05246548873639861332	      2.89490629311493474773	     -3.77337378908186549253	     -2.40907885235991203743	     -0.39580212670271353037	     10.35608805248278940780	     27.69783307390466120523	     -9.75721111682031505552	    -26.20437231524923404891	      9.07047693448068770294	     -2.78136849672653641008
      1.09699999999998976108	     -1.00670335169971214562	     -1.38381754812221591244	     -2.32704830801373008242	      0.58751489367710285627	      1.03029264907540052398	      0.05254920006044243308	      2.91888160410826191793	     -3.75162006074881482220	     -2.49361572496376471264	     -0.39354001485828515872	     10.39641619085440105152	     27.68248650771379004709	     -9.72149290231643092852	    -25.84987802916630172945	      9.11506104646092829569	     -2.80551385483418824762
      1.09799999999998965095	     -1.03209323503713479298	     -1.40352945412794127833	     -2.32992596579267585710	      0.58743509164309537507	      1.03016595072997585447	      0.05263217400329385509	      2.94285304635979372279	     -3.72966065912929867210	     -2.57817271946193216081	     -0.39088301907494388265	     10.43535212199823014600	     27.66677244243308919636	     -9.68605817241848221499	    -25.49592816266953221316	      9.15985749664267423498	     -2.82915151812331266967
      1.09899999999998954081	     -1.05754450861389881489	     -1.42337969345097148377	     -2.33276976444049122250	      0.58735594734526441751	      1.03003771340807914747	      0.05271438827131882249	      2.96681359442118486314	     -3.70750266472387712824	     -2.66274441935719918817	     -0.38782430149259861096	     10.47287743956703742754	     27.65070019158826042371	     -9.65091732142801284056	    -25.14257486667043650641	      9.20483180905765330238	     -2.85226120684301420738
      1.09999999999998943068	     -1.08305176620916787655	     -1.44336716656311581097	     -2.33557879046669780720	      0.58727746698557325988	      1.02990795020495551348	      0.05279582049980327541	      2.99075615062059485538	     -3.68515299007368657414	     -2.74732537466546444804	     -0.38435726842359274613	     10.50897463301152789938	     27.63427913990829765112	     -9.61608068295691964522	    -24.78987065549705448575	      9.24996543241543456304	     -2.87482272694871099361
      1.10099999999998932054	     -1.10860954826432633880	     -1.46349066246694659021	     -2.33835214953051284681	      0.58719965640697169285	      1.02977667404906703119	      0.05287644826170504603	      3.01467354757605843218	     -3.66261835221073095425	     -2.83191010403217990898	     -0.38047558248380947132	     10.54362709631780958830	     27.61751875092116037536	     -9.58155850831661659583	    -24.43786839543439270983	      9.29525661013299497881	     -2.89681598623668890014
      1.10199999999998921041	     -1.13421236247406764797	     -1.48374886961361940330	     -2.34108896965919255351	      0.58712252136789278012	      1.02964389830545988147	      0.05295624913025032132	      3.03855855656138285070	     -3.63990555985286956542	     -2.91649301509827374446	     -0.37617314949945412916	     10.57681916751641004737	     27.60042852171117999660	     -9.54736104298053334105	    -24.08662122307645958585	      9.34070392278957939425	     -2.91822115110404789462
      1.10299999999998910027	     -1.15985470722159988988	     -1.50414038696182639221	     -2.34378840421530787452	      0.58704606783101409562	      1.02950963742697920722	      0.05303520075779045301	      3.06240390296621711741	     -3.61702182221151780084	     -3.00106831768268778049	     -0.37144409993828869654	     10.60853617124085346290	     27.58301793254585376758	     -9.51349863572915488419	    -23.73618245918320468490	      9.38628831281578612789	     -2.93901881550708665714
      1.10399999999998899014	     -1.18553107412000424681	     -1.52466372631546365213	     -2.34644963230420255940	      0.58697030191521970544	      1.02937390687713681281	      0.05311328089405131792	      3.08620226870322023061	     -3.59397473737396877524	     -3.08563002293036259260	     -0.36628279819821574215	     10.63876442695068114119	     27.56529645140307849260	     -9.47998173384960018950	    -23.38660559343737332938	      9.43197311269676141876	     -2.95919002700835331865
      1.10499999999998888001	     -1.21123590978292061671	     -1.54531729839032894169	     -2.34907185685067609882	      0.58689522946137662185	      1.02923672199172289154	      0.05319046724975997481	      3.10994627632828857244	     -3.57077166098677656336	     -3.17017212154037997252	     -0.36068390573687880707	     10.66749119399395340224	     27.54727363036386478257	     -9.44682065771588774794	    -23.03794440924734132636	      9.47773857514962081439	     -2.97871603413996322018
      1.10599999999998876987	     -1.23696361700100232461	     -1.56609941587044065869	     -2.35165430545372977633	      0.58682085596993138754	      1.02909809788095585326	      0.05326673750738333823	      3.13362848841291352642	     -3.54741970097789227623	     -3.25468858443795605595	     -0.35464239326948665543	     10.69470467605304619951	     27.52895911399495432192	     -9.41402558404361400335	    -22.69025296966593785442	      9.52358277426593247128	     -2.99757830352165166587
      1.10699999999998865974	     -1.26270857728486962657	     -1.58700830486377264528	     -2.35419623319640614056	      0.58674718688929461408	      1.02895805007861662617	      0.05334206939277279930	      3.15724141624517118387	     -3.52392604632892236793	     -3.33917328006482527769	     -0.34815352311568542598	     10.72039405863134220454	     27.51036258981208604268	     -9.38160664737655380918	    -22.34358553110731548941	      9.56950416586114549489	     -3.01575868618387499254
      1.10799999999998854960	     -1.28846517621933576159	     -1.60804211606976377169	     -2.35669692489167381666	      0.58667422792369272599	      1.02881659522904134185	      0.05341644076462567087	      3.18077754511921462210	     -3.50029821225838677634	     -3.42361988678027673316	     -0.34121282554443127522	     10.74454954898563663335	     27.49149373541731833370	     -9.34957405026549004390	    -21.99799645369853706711	      9.61548278732559147386	     -3.03323959326289793736
      1.10899999999998843947	     -1.31422780643841030646	     -1.62919892776610208962	     -2.35915569526417279178	      0.58660198498192106520	      1.02867375101341851362	      0.05348982963584295730	      3.20422933786369013021	     -3.47654400532830987203	     -3.50802189189758095722	     -0.33381610768864744543	     10.76716237950964760728	     27.47236222437342689773	     -9.31793805280123521584	    -21.65354018431541405221	      9.66148036379519759009	     -3.05000402104834611450
      1.10999999999998832934	     -1.33999082665443247642	     -1.65047673356723167970	     -2.36157188804167983420	      0.58653046370726458214	      1.02852953496989840687	      0.05356221402184061647	      3.22758920293077711250	     -3.45267096341378021407	     -3.59237277338654070746	     -0.32595952393796789881	     10.78822474512760898335	     27.45297782909785766492	     -9.28670873378823635846	    -21.31027138330681935940	      9.70747663969101104442	     -3.06603528338105446593
      1.11099999999998821920	     -1.36574856356876739305	     -1.67187344632593526406	     -2.36394487680949705322	      0.58645966940881610885	      1.02838396440362189743	      0.05363357195565614938	      3.25084949199853889823	     -3.42868636895112288698	     -3.67666599930494086834	     -0.31763958717358803385	     10.80772980395127547126	     27.43335042895706976651	     -9.25589598053408657563	    -20.96824490802940843537	      9.75347006378413894367	     -3.08131702974127330563
      1.11199999999998810907	     -1.39149533677557157851	     -1.69338690983026785020	     -2.36627406717895993893	      0.58638960736879075508	      1.02823705707556167788	      0.05370388157294878062	      3.27400251547894782789	     -3.40459756175365546582	     -3.76089494142153490941	     -0.30885314511574435414	     10.82567171281778328762	     27.41348995755711470679	     -9.22550960493059868384	    -20.62751572216654949443	      9.79945915066082662293	     -3.09583342015409002101
      1.11299999999998799893	     -1.41722548508884993446	     -1.71501490959203595210	     -2.36855889803085606360	      0.58632028317139406326	      1.02808883191228850329	      0.05377312120769086462	      3.29704057779707460085	     -3.38041208959408256973	     -3.84505278988140331009	     -0.29959735287325189868	     10.84204566229101907027	     27.39340635024839443190	     -9.19555944058275365194	    -20.28813880518464785041	      9.84542369613020262875	     -3.10956930088606675611
      1.11399999999998788880	     -1.44293336961906026872	     -1.73675517631255393880	     -2.37079884156724718380	      0.58625170264582004975	      1.02793930892942375621	      0.05384126941481585937	      3.31995598129920654884	     -3.35613765821501353059	     -3.92913255428378782597	     -0.28986968141610619520	     10.85684787481135948894	     27.37310955078365637405	     -9.16605532673393952336	    -19.95016913499305033497	      9.89132518238416302836	     -3.12251022593756566437
      1.11499999999998777866	     -1.46861333123199155892	     -1.75860537577309683499	     -2.37299340400394509487	      0.58618387135502680874	      1.02778850801662446912	      0.05390830480901551147	      3.34274097602483832858	     -3.33178172062507060858	     -4.01312724613802984663	     -0.27966799209413750749	     10.87007553790296476848	     27.35260961534125812022	     -9.13700688291251239548	    -19.61366181440565270577	      9.93714374394959953918	     -3.13464218118525428380
      1.11599999999998766853	     -1.49425969327921337459	     -1.78056311339430251017	     -2.37514212652888812016	      0.58611679451999854074	      1.02763644884783778011	      0.05397420608478079029	      3.36538775784913513078	     -3.30735150000094790812	     -4.09702987832893139597	     -0.26899054555733803440	     10.88172680162754879518	     27.33191671887878726466	     -9.10842350642355746970	    -19.27867205291213537066	      9.98287848068284766612	     -3.14595160281498831267
      1.11699999999998755840	     -1.51986678841227096370	     -1.80262594568413225815	     -2.37724458655079873282	      0.58605047734851445362	      1.02748315159864311852	      0.05403895211339333066	      3.38788849451738460772	     -3.28285423536133169620	     -4.18083337686563005775	     -0.25783597244484762756	     10.89180081078260542427	     27.31104110127052919665	     -9.08031448984865363627	    -18.94525507332535241289	     10.02852805939757985243	     -3.15642555603555274857
      1.11799999999998744826	     -1.54542898465596256763	     -1.82479139017776392784	     -2.37930039773396284630	      0.58598492538478996750	      1.02732863766491999691	      0.05410252203844233970	      3.41023536751688016722	     -3.25829723720479957905	     -4.26453050110827014407	     -0.24620324419541644856	     10.90029773261634282733	     27.28999301789287201814	     -9.05268909192937165642	    -18.61346602287094853523	     10.07407290021974866079	     -3.16605190343897779925
      1.11899999999998733813	     -1.57094068821522969692	     -1.84705692908343599434	     -2.38130921004767026616	      0.58592014444492146463	      1.02717292957278405474	      0.05416489529691009136	      3.43242057608505835020	     -3.23368783475972243480	     -4.34811384887745600025	     -0.23409168032297580919	     10.90721875006376606621	     27.26878274560511528080	     -9.02555651720763130186	    -18.28335995627694998689	     10.11947596023366990892	     -3.17481932130014543603
      1.11999999999998722799	     -1.59639630103876051237	     -1.86942000139762987132	     -2.38327071251635391747	      0.58585614006368880169	      1.02701604973172933022	      0.05422605145617366562	      3.45443627388303209358	     -3.20903314377943882363	     -4.43157603563826985038	     -0.22150102149627032277	     10.91256599560142603877	     27.24742068095284608376	     -8.99892573212815705119	    -17.95499195854859664223	     10.16471863419056376188	     -3.18271702548841295410
      1.12099999999998711786	     -1.62179022405352735170	     -1.89187800758616631036	     -2.38518463428386029435	      0.58579291741190886444	      1.02685802033423168034	      0.05428597023626617613	      3.47627457054565391914	     -3.18434008464309270536	     -4.51490969589269131035	     -0.20843143477890813120	     10.91634254581169116705	     27.22591734317981249092	     -8.97280546904447717793	    -17.62841712555515627514	     10.20980073608235549898	     -3.18973478925068709700
      1.12199999999998700773	     -1.64711688467153960502	     -1.91442831999610096894	     -2.38705074462835309390	      0.58573048164687802064	      1.02669886408749921891	      0.05434463161228623995	      3.49792756854640884967	     -3.15961552897535291606	     -4.59810739656692124555	     -0.19488348034557767541	     10.91855244788002465839	     27.20428332134120807950	     -8.94720432907153018220	    -17.30369047026876216933	     10.25472127981772452188	     -3.19586311898560415656
      1.12299999999998689759	     -1.67237076158629860423	     -1.93706829146279257969	     -2.38886885167225582194	      0.58566883828035831705	      1.02653860493017790034	      0.05440201590351331773	      3.51938740470901123558	     -3.13486629963822638345	     -4.68116156446586550999	     -0.18085808229639907529	     10.91920073846670824480	     27.18252922865345055925	     -8.92213082221650211068	    -16.98086683641594873961	     10.29946216453690510662	     -3.20109341124702595494
      1.12399999999998678746	     -1.69754638703654814336	     -1.95979525865635628712	     -2.39063880248248095128	      0.58560799310572864140	      1.02637726792032668577	      0.05445810378979656224	      3.54064625400805121913	     -3.11009913107908309016	     -4.76406449613524340947	     -0.16635653344762832417	     10.91829343277732000672	     27.16066570569521587686	     -8.89759334662981160591	    -16.66000088182631344580	     10.34398920863197623987	     -3.20541796403406609173
      1.12499999999998667732	     -1.72263830592303546219	     -1.98260653599702640904	     -2.39236048796604849898	      0.58554795160694717016	      1.02621487796154875483	      0.05451287615309265838	      3.56169626540604911114	     -3.08532057509823465224	     -4.84680853015587764787	     -0.15138056128398305611	     10.91583746309466818047	     27.13870350785076013267	     -8.87360006299290482445	    -16.34114719482109734372	     10.38828567077891307235	     -3.20882971226576740875
      1.12599999999998656719	     -1.74764107900331033818	     -2.00549941982242518890	     -2.39403384393133622510	      0.58548871887011344484	      1.02605145968482402985	      0.05456631409715703013	      3.58252956822459411867	     -3.06053700494730218651	     -4.92938605183082767525	     -0.13593232887390080399	     10.91184067038415861361	     27.11665350437543153816	     -8.85015890183845499450	    -16.02436027414141861414	     10.43235210003027013670	     -3.21132224294193857617
      1.12699999999998645706	     -1.77254930968489077259	     -2.02847119710650991564	     -2.39565884966921549548	      0.58543029995318096592	      1.02588703818182969130	      0.05461839904637955101	      3.60313831489144087428	     -3.03575467266938403554	     -5.01178941156400448165	     -0.12001440003481679553	     10.90631182286599987208	     27.09452662817410839580	     -8.82727763941963239347	    -15.70969443674963272883	     10.47618821825760981881	     -3.21288996130678272678
      1.12799999999998634692	     -1.79735766727967938294	     -2.05151915243635230013	     -2.39723552535340234115	      0.58537270026840715342	      1.02572163971424834550	      0.05466911282575211833	      3.62351471667159774626	     -3.01097970084449384487	     -5.09401085875136949710	     -0.10362971047279080639	     10.89926062607630186108	     27.07233383307187324363	     -8.80496391242746767603	    -15.39720373364689720574	     10.51977798951388543003	     -3.21352823595388992217
      1.12899999999998623679	     -1.82206088873430882558	     -2.07464057061956763661	     -2.39876393214372551910	      0.58531592550194389002	      1.02555529157975078292	      0.05471843767071572079	      3.64365104798062633407	     -2.98621806233601638780	     -5.17604255535668311694	     -0.08678156880919041249	     10.89069770862411701273	     27.05008609302969446730	     -8.78322520135670181674	    -15.08694193285107054692	     10.56309066259917450736	     -3.21323340577576654908
      1.12999999999998612665	     -1.84665373986151748475	     -2.09783273170552320153	     -2.40024417892335284463	      0.58525998099278409015	      1.02538802082221280898	      0.05476635607494879238	      3.66353959328938838524	     -2.96147554508588317645	     -5.25787673944199873688	     -0.06947371266455634742	     10.88063456670187534314	     27.02779447815350977180	     -8.76206876242743248895	    -14.77896262852653919140	     10.60611161244980849006	     -3.21200252682778719659
      1.13099999999998601652	     -1.87113101802871573121	     -2.12109291413413991734	     -2.40167642317365537252	      0.58520487164034484806	      1.02521985409739668782	      0.05481285080355242922	      3.68317265686681372117	     -2.93675774626325525318	     -5.33950573329801603251	     -0.05171030567914592507	     10.86908355225029154667	     27.00547015032735131967	     -8.74150163466234353393	    -14.47331922049185592982	     10.64884229602025378369	     -3.20983338275008867058
      1.13199999999998590638	     -1.89548757732920236663	     -2.14441840141569128875	     -2.40306086809419161554	      0.58515060228928050812	      1.02505081839969425239	      0.05485790498178715752	      3.70254260350035702132	     -2.91207008568690683958	     -5.42092186846347789952	     -0.03349590296989915505	     10.85605788254122039405	     26.98312431600943384069	     -8.72153068539110165602	    -14.17006482446561221877	     10.69128367004232949000	     -3.20672463758313952553
      1.13299999999998579625	     -1.91971835081289898817	     -2.16780648737796743930	     -2.40439775879836359351	      0.58509717812255479519	      1.02488094176384025857	      0.05490150216739513034	      3.72164188915020144321	     -2.88741780862664931817	     -5.50211742323510399899	     -0.01483542131064812669	     10.84157164280393459421	     26.96076818452309353802	     -8.70216261227892218244	    -13.86925218888534416806	     10.73342200507090815620	     -3.20267597138754123165
      1.13399999999998568612	     -1.94381835195680685580	     -2.19125447784811333563	     -2.40568738228807399437	      0.58504460457607831980	      1.02471025311805830071	      0.05494362635490251945	      3.74046306715538134924	     -2.86280597833298289245	     -5.58308463752054784379	      0.00426586404194260593	     10.82563976922483028886	     26.93841296349540570532	     -8.68340393402616150809	    -13.57093367685729035088	     10.77522970601792273726	     -3.19768808352512623472
      1.13499999999998557598	     -1.96778263756065485701	     -2.21475968636924536170	     -2.40693007551297366575	      0.58499288669758520154	      1.02453878099545026004	      0.05498426182836056719	      3.75899874773093989333	     -2.83823944773254144280	     -5.66381586776618828338	      0.02380227118875996237	     10.80827799793898336134	     26.91606992711684753772	     -8.66526096255495836829	    -13.27516136897460263810	     10.81669421497262106868	     -3.19176244703870226616
      1.13599999999998546585	     -1.99160630978259267643	     -2.23831943639260400047	     -2.40812622591100833347	      0.58494202905314374163	      1.02436655339295534795	      0.05502339316800773650	      3.77724160817231702225	     -2.81372285067735239394	     -5.74430359730087580772	      0.04376771710782549618	     10.78950284951366533903	     26.89375041029314417074	     -8.64773980592922875132	    -12.98198704268203762524	     10.85781827823506517916	     -3.18490131286281563661
      1.13699999999998535571	     -2.01528453966966614175	     -2.26193106624041817554	     -2.40927626726564803050	      0.58489203612297591128	      1.02419359848835589410	      0.05506100532815313975	      3.79518442746410089583	     -2.78926060755363858235	     -5.82454036743987835223	      0.06415575165321679707	     10.76933163050128605676	     26.87146576399500830235	     -8.63084638842242313217	    -12.69146208519816099169	     10.89860474490262731706	     -3.17710784958186165383
      1.13799999999998524558	     -2.03881258940360510223	     -2.28559193306368779730	     -2.41038067491820573451	      0.58484291270244537220	      1.02401994533886431249	      0.05509708370664872373	      3.81282011601882553364	     -2.76485693854420633286	     -5.90451871477547030054	      0.08495959039160849713	     10.74778243097891383684	     26.84922731211382895822	     -8.61458645791007349146	    -12.40363741014161647058	     10.93904217588343463774	     -3.16838627457746957461
      1.13899999999998513545	     -2.06218581393547406577	     -2.30929941396053495239	     -2.41143996550234840370	      0.58479466381576261647	      1.02384562373638110522	      0.05513161414765800628	      3.83014172373050376663	     -2.74051586102956123980	     -5.98423118437152989912	      0.10617212126728928223	     10.72487410520259132340	     26.82704634462177750720	     -8.59896558546723177585	    -12.11856343821354187185	     10.97910529655338329746	     -3.15874185453619604758
      1.13999999999998502531	     -2.08539962435356951431	     -2.33305090247123603220	     -2.41245470581722010195	      0.58474729406472492066	      1.02367066293622532847	      0.05516458279743202686	      3.84714240418281416822	     -2.71624115114012987249	     -6.06367047835064987282	      0.12778585891490018556	     10.70062622217260717150	     26.80493418521712456482	     -8.58398914661281686733	    -11.83629019626303957580	     11.01878350659903915698	     -3.14818065928033252732
      1.14099999999998491518	     -2.10844948948363208885	     -2.35684381025172617896	     -2.41342551294208274015	      0.58470080753786712879	      1.02349509152222983843	      0.05519597610836756568	      3.86381542249966392077	     -2.69203633755173932229	     -6.14282946614728331269	      0.14979295112725773964	     10.67505904659955717761	     26.78290218618133877726	     -8.56966231833563973908	    -11.55686729659024258865	     11.05808148486158515311	     -3.13670955955601593601
      1.14199999999998480504	     -2.13133095857760546110	     -2.38067557085659053939	     -2.41435304910176995463	      0.58465520821460015277	      1.02331893811639473846	      0.05522578091038848197	      3.88015418483098128988	     -2.66790471561027198177	     -6.22170111891820543093	      0.17218521357471905375	     10.64819353460386075483	     26.76096168425922527945	     -8.55599008832373719713	    -11.28034385180463239351	     11.09700458841808057286	     -3.12433635763355921355
      1.14299999999998469491	     -2.15403968440332382883	     -2.40454364281236410150	     -2.41523801608598809310	      0.58461050037266959478	      1.02314223207927801340	      0.05525398448204893453	      3.89615227193278812479	     -2.64384935938130904987	     -6.30027844388357483041	      0.19495416714273527958	     10.62005132796328510381	     26.73912395404098418794	     -8.54297728302766223862	    -11.00676839080716007402	     11.13554357544844464201	     -3.11106991750825523368
      1.14399999999998458478	     -2.17657142528473501741	     -2.42844551055105206672	     -2.41608115462205663704	      0.58456668850515736136	      1.02296500338014340059	      0.05528057455646578217	      3.91180344764418697068	     -2.61987311916244536292	     -6.37855449374263105966	      0.21809104653748995206	     10.59065473231194509651	     26.71740020086928169007	     -8.53062857471052105041	    -10.73618883839521842560	     11.17367474566700202843	     -3.09692016224611776920
      1.14499999999998447464	     -2.19892200770668910792	     -2.45237868192519670174	     -2.41688325368315526376	      0.58452377666699206760	      1.02278728135147134459	      0.05530553917972912820	      3.92710161598786378079	     -2.59597858476331921906	     -6.45652251167135293741	      0.24158675120324588081	     10.56002666662135602849	     26.69580163473711920119	     -8.51894843951534852522	    -10.46865261292698079387	     11.21138951030983932355	     -3.08189781933093076560
      1.14599999999998436451	     -2.22108732786227758282	     -2.47634068978980748099	     -2.41764515014625969158	      0.58448176838956400481	      1.02260909456893167579	      0.05532886671787427824	      3.94204082555567758561	     -2.57216808354767634270	     -6.53417593915164474083	      0.26543185180681083679	     10.52819064110462576878	     26.67433946709950731702	     -8.50794115072996426363	    -10.20420660547244473548	     11.24869518553082592405	     -3.06601441271535390953
      1.14699999999998425437	     -2.24306337455155535565	     -2.50032909504700162628	     -2.41836772289522361490	      0.58444066709185171771	      1.02243047155837540885	      0.05535054592803347745	      3.95661529878339424116	     -2.54844369976207207884	     -6.61150835017577609420	      0.28961662772993640447	     10.49517074929264026650	     26.65302486468143428056	     -8.49761079645322858767	     -9.94289709563922663449	     11.28560005608621885642	     -3.04928238916048144347
      1.14799999999998414424	     -2.26484625327914868009	     -2.52434148908128408451	     -2.41905188652789204795	      0.58440047649517501416	      1.02225144150103863794	      0.05537056603295315016	      3.97081947065031348743	     -2.52480727861081533092	     -6.68851338210867396583	      0.31413110898209584132	     10.46099165966344024525	     26.63186889877668050985	     -8.48796133241255290613	     -9.68476966730365873559	     11.32209709724392965313	     -3.03171524810770920411
      1.14899999999998403410	     -2.28643218861472563574	     -2.54837549474530788984	     -2.41969859028077083352	      0.58436120054674145496	      1.02207203412321501190	      0.05538891673273417526	      3.98464799539707481557	     -2.50126042414928395630	     -6.76518474076688391960	      0.33896508530695851347	     10.42567859126216056609	     26.61088253963152894244	     -8.47899659204017552838	     -9.42986918768392179402	     11.35816400219882815747	     -3.01332753474750303369
      1.14999999999998392397	     -2.30781748537296138579	     -2.57242876505965645251	     -2.42030882763971622040	      0.58432284276667267875	      1.02189227847352004375	      0.05540558806642997131	      3.99809568968836126501	     -2.47780447958667959796	     -6.84151634353282478429	      0.36410805092194037380	     10.38925726145163430658	     26.59007674010165445111	     -8.47072020456591090465	     -9.17823990496518682392	     11.39379446044969235174	     -2.99413457316667797059
      1.15099999999998381384	     -2.32899853032100079275	     -2.59649898478336238483	     -2.42088363553040064602	      0.58428540616887325587	      1.02171220281815622322	      0.05542057042470648759	      4.01115753560669752176	     -2.45444052147256686069	     -6.91750232347799176580	      0.38954921124043773162	     10.35175386155119348075	     26.56946243452145850483	     -8.46313558848214064767	     -8.92992542741088790592	     11.42899894382405712179	     -2.97415245357792645819
      1.15199999999998370370	     -2.34997181587617776088	     -2.62058387268975812034	     -2.42142408769373451705	      0.58424889367953680708	      1.02153183534953795331	      0.05543385462442029094	      4.02382871539195541288	     -2.43116936787820980825	     -6.99313696094788195268	      0.41527752456408761894	     10.31319504663948016798	     26.54905048872461037490	     -8.45624599100094975768	     -8.68496863973895827371	     11.46378886372875172128	     -2.95339815735363186988
      1.15299999999998359357	     -2.37073396466808006267	     -2.64468118318378442311	     -2.42193128758259224043	      0.58421330856131481468	      1.02135120489771891172	      0.05544543198498715769	      4.03610464870947804883	     -2.40799159897370662620	     -7.06841461224910982963	      0.44128174700375055739	     10.27360792429612601495	     26.52885164571897291808	     -8.45005456029223012138	     -8.44341161945134643929	     11.49815962790102830127	     -2.93188968487607137803
      1.15399999999998348343	     -2.39128173178826619605	     -2.66878870710351723261	     -2.42240636675563081326	      0.58417865434364213417	      1.02117034083465618721	      0.05545529434447490219	      4.04798099502414032713	     -2.38490756428225214592	     -7.14332971134696936844	      0.46755044142165541610	     10.23302002795747256414	     26.50887652205150857299	     -8.44456435472618771598	     -8.20529561617386882233	     11.53209075154295071286	     -2.90964604313879515729
      1.15499999999998337330	     -2.41161196451813886199	     -2.69290427131422038798	     -2.42285049484377212892	      0.58414493416632462530	      1.02098927185923016303	      0.05546343392342940881	      4.05945359026921170909	     -2.36191735388237855631	     -7.21787691158160882310	      0.49407191770602698622	     10.19145926462312523597	     26.48913570068554790282	     -8.43977822340724870287	     -7.97066114997519559182	     11.56557861366534645242	     -2.88668696724226858663
      1.15599999999998326317	     -2.43172160408788862185	     -2.71702573994041696182	     -2.42326487826451986152	      0.58411215070471311783	      1.02080802590029762200	      0.05546984334151139340	      4.07051845188962424515	     -2.33902078050864004055	     -7.29205108619938080494	      0.52083424087887031373	     10.14895388936615638897	     26.46963973089900079572	     -8.43569880440724872983	     -7.73954799090957479279	     11.59863705908786180032	     -2.86303290350938333120
      1.15699999999998315303	     -2.45160771008917111047	     -2.74115101558088491984	     -2.42365075275584773706	      0.58408030659716092536	      1.02062663083031890388	      0.05547451569551640344	      4.08117181861912214913	     -2.31621738037695745760	     -7.36584725662526995649	      0.54782527688049997838	     10.10553249328472524837	     26.45039907404929380164	     -8.43232858991524558689	     -7.51199507614362804730	     11.63128056583438585392	     -2.83870513373034816240
      1.15799999999998304290	     -2.47126748454398814658	     -2.76527803982930908688	     -2.42400937531988436291	      0.58404940488080281380	      1.02044511518237568382	      0.05547744463377658058	      4.09141017531680084574	     -2.29350648945273061230	     -7.43926052132468473843	      0.57503273802641230450	     10.06122398888591540356	     26.43142404719766602739	     -8.42967000507747776794	     -7.28804042808335861281	     11.66350727039631784976	     -2.81372589778807569161
      1.15899999999998293276	     -2.49069827348989480953	     -2.78940479354623116492	     -2.42434202210781801767	      0.58401944892578738777	      1.02026350805772136887	      0.05547862437165797939	      4.10123025037477706434	     -2.27088726524404771467	     -7.51228605601525778468	      0.60244419224059386764	     10.01605758219776198814	     26.41272482094455043011	     -8.42772541384133155873	     -7.06772113499095411271	     11.69529930296228492637	     -2.78811837493849656866
      1.15999999999998282263	     -2.50989752586718850580	     -2.81352929692537534478	     -2.42464999897001165508	      0.58399044176669634432	      1.02008183789976292211	      0.05547804955532976284	      4.11062896586221349082	     -2.24835858515474740216	     -7.58491925331281269251	      0.63004700414706771294	      9.97006272364473922210	     26.39431151749607451507	     -8.42649698126787960462	     -6.85107345023241798287	     11.72665608802625136775	     -2.76190639789962011363
      1.16099999999998271250	     -2.52886279498028931911	     -2.83764961002440374571	     -2.42493463975120837617	      0.58396238602788286265	      1.01990013239454491156	      0.05547571527698581806	      4.11960344616740670176	     -2.22591901946680703617	     -7.65715572108448849775	      0.65782834578469606690	      9.92326908261439122327	     26.37619420991692109624	     -8.42598668004152706601	     -6.63813277302973148153	     11.75759467807896818670	     -2.73511443217394933924
      1.16199999999998260236	     -2.54759176294018407916	     -2.86176383266823020080	     -2.42519729783091397834	      0.58393528436175701213	      1.01971841919201100524	      0.05547161715278971228	      4.12815105360489020825	     -2.20356686004372637200	     -7.72899120845672005231	      0.68577524461212946427	      9.87570653324170955045	     26.35838286457531154383	     -8.42619637509906560524	     -6.42893356703687945952	     11.78813232472564997977	     -2.70776769768990988041
      1.16299999999998249223	     -2.56608226343058509755	     -2.88587010364477514202	     -2.42543933700314884305	      0.58390913989798631789	      1.01953672662783212388	      0.05546575139233082125	      4.13626939391273484858	     -2.18130026833241341677	     -7.80042153682939787274	      0.71387462743512664076	      9.82740513632179002457	     26.34088728493415487719	     -8.42712789330611400374	     -6.22350928140058279325	     11.81827010607134909037	     -2.67989228294662140684
      1.16399999999998238209	     -2.58433228224046374066	     -2.90996660013276420287	     -2.42566212896003996491	      0.58388395617682220529	      1.01935508362285176531	      0.05545811480804078986	      4.14395631118140528315	     -2.15911730494387388291	     -7.87144260053635314023	      0.74211333097835407990	      9.77839511149320017580	     26.32371710959904831384	     -8.42878302533930146012	     -6.02189233361719988835	     11.84799351544861067964	     -2.65151511982738252726
      1.16499999999998227196	     -2.60233991610452131127	     -2.93405153787706574064	     -2.42586706470724555729	      0.58385973645772271112	      1.01917351843198855654	      0.05544870467526526181	      4.15120986932022972837	     -2.13701571009488455744	     -7.94205050346688246066	      0.77047804907754180448	      9.72870679419975559199	     26.30688190954663951970	     -8.43116339882868537359	     -5.82411420962551584779	     11.87730513364629914008	     -2.62266369623592732196
      1.16599999999998216182	     -2.62010337347464039581	     -2.95812317082798426071	     -2.42605555258108562811	      0.58383648364007811882	      1.01899205853368379771	      0.05543751874065724894	      4.15802836327913016845	     -2.11499287815592662554	     -8.01224155732192677704	      0.79895534638487097912	      9.67837061124429709480	     26.29039118522435103387	     -8.43427049301250875146	     -5.63020544664296096471	     11.90622474593422452926	     -2.59336603154096945190
      1.16699999999998205169	     -2.63762099815040418349	     -2.98217978974610042897	     -2.42622900878168401562	      0.58381420071380796255	      1.01881073135962219034	      0.05542455529661587110	      4.16441033956567885355	     -2.09304594898205564846	     -8.08201220739246828373	      0.82753170592165059549	      9.62741706409071262840	     26.27425430776512627062	     -8.43810572736695974072	     -5.44019555408991006829	     11.93477198946367678900	     -2.56365079260718919940
      1.16799999999998194156	     -2.65489129044363636467	     -3.00621972018413785577	     -2.42638884730398274314	      0.58379289122215405339	      1.01862956502114898605	      0.05540981324512048167	      4.17035458309669238020	     -2.07117201085501978497	     -8.15135896613795551957	      0.85619357033669885038	      9.57587670792671197262	     26.25848046444739480876	     -8.44267051251295086445	     -5.25411293804725332279	     11.96295088757297442328	     -2.53354739811216012058
      1.16899999999998183142	     -2.67191290661133606932	     -3.03024132115578748170	     -2.42653647732290789207	      0.58377255918909720656	      1.01844858819405570394	      0.05539329209817894090	      4.17586011310236493443	     -2.04936812615190433462	     -8.22027841539478920652	      0.88492735431948510438	      9.52378012519071326381	     26.24307865533188532936	     -8.44796625003458778735	     -5.07198488680650072524	     11.99075059051280689459	     -2.50308598769437340437
      1.16999999999998172129	     -2.68868461825743265692	     -3.05424298548222372673	     -2.42667331581405010255	      0.58375320839760158620	      1.01826782883810085245	      0.05537499183232359040	      4.18092620071896892142	     -2.02763100065506263192	     -8.28876733972760604274	      0.91371940008865859539	      9.47115789013347963987	     26.22805778466641157820	     -8.45399423830384755263	     -4.89383767162213612067	     12.01817660688406164127	     -2.47229713775892223637
      1.17099999999998161115	     -2.70520531217107418342	     -3.07822313875458819510	     -2.42680078556125655709	      0.58373484230281635909	      1.01808731407292607507	      0.05535491288762217632	      4.18555237957206038857	     -2.00595697102746939322	     -8.35682272618096888550	      0.94255599297564296446	      9.41804054592997452744	     26.21342665514446323982	     -8.46075569118220194298	     -4.71969653211870809884	     12.04525084430366987931	     -2.44121183280524878256
      1.17199999999998150102	     -2.72147401253346110650	     -3.10218023694402633694	     -2.42692030486853038695	      0.58371746449559891445	      1.01790707091609688995	      0.05533305623664507011	      4.18973844493806968359	     -1.98434216792137285701	     -8.42444169141493937047	      0.97142340595974030482	      9.36445858565992139688	     26.19919390997744201854	     -8.46825181433388252117	     -4.54958560013315604920	     12.07199492159253928492	     -2.40986157340227746815
      1.17299999999998139089	     -2.73748990074738340894	     -3.12611276345491706508	     -2.42703327682321701175	      0.58370107917701163913	      1.01772712701429113302	      0.05530942344497635083	      4.19348443019614602889	     -1.96278273263422065043	     -8.49162141659388680637	      1.00030793831351383361	      9.31044242972126134816	     26.18536798032987178431	     -8.47648383811699801527	     -4.38352782749468694590	     12.09841552453613999774	     -2.37827847145156745512
      1.17399999999998128075	     -2.75325231400295855622	     -3.15001922728519101469	     -2.42714108686245211288	      0.58368569107691314901	      1.01754751051371727932	      0.05528401666378419954	      4.19679060630277955823	     -1.94127482918556193425	     -8.55835915105086364463	      1.02919592941932935837	      9.25602240142712950899	     26.17195707939318083390	     -8.48545301871247836800	     -4.22154497432790787315	     12.12450514553874114654	     -2.34649521504096680857
      1.17499999999998117062	     -2.76876070530804208047	     -3.17389816377488154231	     -2.42724511671223597276	      0.58367130470127415176	      1.01736824875618347974	      0.05525683847861706521	      4.19965752394892088972	     -1.91981425980582542934	     -8.62465234318059259522	      1.05807372056529613857	      9.20122869869598325465	     26.15896928601779336532	     -8.49516058118548933464	     -4.06365771040949486093	     12.15027171945185102686	     -2.31454478924138351559
      1.17599999999998106048	     -2.78401464238040974308	     -3.19774813318213979585	     -2.42734674256837168471	      0.58365792423784634835	      1.01718936814457339146	      0.05522789190072866644	      4.20208602006746723134	     -1.89839647170784742158	     -8.69049864215262424239	      1.08692767047551952508	      9.14609137280177897367	     26.14641253631628359244	     -8.50560773766905064974	     -3.90988560332929191432	     12.17573872228643239168	     -2.28246044333207276367
      1.17699999999998095035	     -2.79901382832369094444	     -3.22156771758210691559	     -2.42744732423301678992	      0.58364555403156848090	      1.01701089488715679110	      0.05519718043191460671	      4.20407719801236989809	     -1.87701676984688670125	     -8.75589582671230459709	      1.11574419571433858245	      9.09064030773661890805	     26.13429456763830671662	     -8.51679574359152624652	     -3.76024704553616784253	     12.20092938414608063624	     -2.25027579003811917246
      1.17799999999998084022	     -2.81375812061505081729	     -3.24535551724774107285	     -2.42754819399038446193	      0.58363419906780844570	      1.01683285573186310558	      0.05516470812502918125	      4.20563240425676454493	     -1.85567050451323423133	     -8.82084173939560933775	      1.14450980746725994308	      9.03490519723863449997	     26.12262286723695936530	     -8.52872592100922766178	     -3.61475918509722271565	     12.22585251871412559410	     -2.21802489381520606671
      1.17899999999998073008	     -2.82824752911006704892	     -3.26911014858988169252	     -2.42765065449702532874	      0.58362386488276984942	      1.01665527782728060124	      0.05513047957252616843	      4.20675323157103964178	     -1.83435306799670727607	     -8.88533429059018509122	      1.17321112553839235204	      8.97891552259375558265	     26.11140466363765000324	     -8.54139966354384583269	     -3.47343791650850031161	     12.25050313257945866496	     -2.18574223275519408105
      1.17999999999998061995	     -2.84248217638524147688	     -3.29283024561201465019	     -2.42775599391661467408	      0.58361455678669693636	      1.01647818740857709408	      0.05509449975176293479	      4.20744156469276120447	     -1.81305953500707683901	     -8.94937158805499954894	      1.20183484206504398450	      8.92270052985381489918	     26.10064700397634496198	     -8.55481840509188273813	     -3.33629798268597577149	     12.27489085816841196674	     -2.15346242379076358020
      1.18099999999998050981	     -2.85646229577850219172	     -3.31651445837962421948	     -2.42786548434497628790	      0.58360627976469636735	      1.01630160965851557009	      0.05505677401236127450	      4.20769958191256776558	     -1.79178468159205706023	     -9.01295193993050247627	      1.23036773518070674527	      8.86628921014379223209	     26.09035674429531681540	     -8.56898363317923461580	     -3.20335296595624630100	     12.29904025437500258988	     -2.12122018596127492884
      1.18199999999998039968	     -2.87018825074934902375	     -3.34016144940348214121	     -2.42798037061579163876	      0.58359903896148657143	      1.01612556945306353740	      0.05501730813931567099	      4.20752972683457837633	     -1.77052319924484069524	     -9.07607378455685420704	      1.25879670569864909879	      8.80971027853497190563	     26.08054049566989007758	     -8.58389692634111689529	     -3.07461521865358111683	     12.32297587371330394035	     -2.08905043176387339443
      1.18299999999998028954	     -2.88366055367775508955	     -3.36376988950458466476	     -2.42810185892888075188	      0.58359284017103052467	      1.01595009209668951655	      0.05497610841742136406	      4.20693469013377452370	     -1.74926984674425756161	     -9.13873562174442888306	      1.28710881330931004030	      8.75299215188958079636	     26.07120457231328458647	     -8.59955998252410758198	     -2.95009579635689922483	     12.34670793238088926103	     -2.05698835247117672864
      1.18399999999998017941	     -2.89687986361108906763	     -3.38733845574107439447	     -2.42823111499386978807	      0.58358768974252972495	      1.01577520318180170023	      0.05493318162010141920	      4.20591741356666481977	     -1.72801944220198833158	     -9.20093601559940488244	      1.31529128962555086346	      8.69616292883221220222	     26.06235498124018690191	     -8.61597462955001880403	     -2.82980445116908763126	     12.37023267063318954229	     -2.02506937874996983950
      1.18499999999998006928	     -2.90984694618478778594	     -3.41086583380207919447	     -2.42836928008334806961	      0.58358359378970647846	      1.01560092727864836881	      0.05488853485163715240	      4.20448112397196727130	     -1.70676656529268888640	     -9.26267372418073264839	      1.34333149924529959840	      8.63925037088695368936	     26.05399749862453262494	     -8.63314279482897717344	     -2.71374973561427257351	     12.39356055673130185824	     -1.99332890685737496028
      1.18599999999997995914	     -2.92256267098223920797	     -3.43435071654291412813	     -2.42851746961934544800	      0.58358055809090014776	      1.01542728779885860213	      0.05484217553391012440	      4.20262933241369029957	     -1.68550557116800536761	     -9.32394770238400205642	      1.37121695080196936978	      8.58228188452994444901	     26.04613766108492356466	     -8.65106651165533158121	     -2.60193899701897457533	     12.41671688379894256116	     -1.96180225860132217974
      1.18699999999997984901	     -2.93502803011852808623	     -3.45779179994405083676	     -2.42867676178640889972	      0.58357858858024114213	      1.01525430773652813876	      0.05479411147093252166	      4.20036580886053378947	     -1.66423076758439902889	     -9.38475703138090189270	      1.39893533163869476788	      8.52528450100404455725	     26.03878071314303710437	     -8.66974794833386575021	     -2.49437831220250227915	     12.43972728305212527289	     -1.93052476780211113017
      1.18799999999997973887	     -2.94724415737659217740	     -3.48118777855912497898	     -2.42884818591048023961	      0.58357769184207897162	      1.01508201040104784063	      0.05474435091943090359	      4.19769456404102569991	     -1.64293656911077712302	     -9.44510084530952020998	      1.42647454452947841652	      8.46828485605093206345	     26.03193155258127333695	     -8.68918945675625842284	     -2.39107242296814748173	     12.46260252056356243600	     -1.89953186745912505629
      1.18899999999997962874	     -2.95921232582741966510	     -3.50453734359208457505	     -2.42903272069607734096	      0.58357787501717983680	      1.01491041928283176610	      0.05469290257986102882	      4.19461985017903682404	     -1.62161750020480388557	     -9.50497833130226688070	      1.45382271919265071425	      8.41130917230701768972	     26.02559472020237407719	     -8.70939358813178365892	     -2.29202473212021651250	     12.48533855728484809333	     -1.86885905075709479739
      1.18999999999997951861	     -2.97093390647613864175	     -3.52783918640441562786	     -2.42923131100958933359	      0.58357914500695218241	      1.01473955675933202869	      0.05463977543355653943	      4.19114618565464613908	     -1.60026791895460274162	     -9.56438886076885630416	      1.48096816801775332806	      8.35438324373015817059	     26.01977448242390167366	     -8.73036303450237660684	     -2.19723741137942196744	     12.50794579164263176096	     -1.83854159349256418565
      1.19099999999997940847	     -2.98241036502904499628	     -3.55109199725095114886	     -2.42944486654575619866	      0.58358150837587174919	      1.01456944396762427374	      0.05458497872943784274	      4.18727835386184121802	     -1.57888201669435845886	     -9.62333199060161526006	      1.50789939466164368831	      8.29753241998543700220	     26.01447482561698265613	     -8.75210062861521542743	     -2.10671139967725018494	     12.53044997650450298465	     -1.80861451201471012951
      1.19199999999997929834	     -2.99364328021992731621	     -3.57429446089841373890	     -2.42967425032404138463	      0.58358497184631275001	      1.01440010153580817409	      0.05452852205137479619	      4.18302138258966849094	     -1.55745396761561893939	     -9.68180739058198369662	      1.53460512844893437467	      8.24078158856858777881	     26.00969940291741266947	     -8.77460938088530184586	     -2.02044634196684169680	     12.55287753576285147972	     -1.77911264926577494805
      1.19299999999997918820	     -3.00463436370214109772	     -3.59744525169730389180	     -2.42992026673319916341	      0.58358954279818797684	      1.01423155031011935634	      0.05447041539618809047	      4.17838051947100463934	     -1.53597812535887356944	     -9.73981476433952586547	      1.56107436279161437831	      8.18415515741736143696	     26.00545147496318065805	     -8.79789255668065450777	     -1.93844052658948662327	     12.57523884736797548101	     -1.75007076833387564818
      1.19399999999997907807	     -3.01538545753493414381	     -3.62054303190528647960	     -2.43018365972264405173	      0.58359522917896733407	      1.01406381123400213262	      0.05441066916616122545	      4.17336122818902932607	     -1.51444904035780436580	     -9.79735384543070075836	      1.58729636529790330002	      8.12767704030832938145	     26.00173390170784060160	     -8.82195369443246235619	     -1.86069088436639162865	     12.59752803035171631052	     -1.72152351505803857812
      1.19499999999997896794	     -3.02589849062536897506	     -3.64358645645370993194	     -2.43046513035849010009	      0.58360203870536353499	      1.01389690407869892397	      0.05434929399547959450	      4.16796921534446962454	     -1.49286113388764629661	     -9.85442453204746549034	      1.61326062676211323677	      8.07137064472985699126	     25.99854923782273274924	     -8.84679649698495218502	     -1.78719310313579304861	     12.61975451661466074427	     -1.69350513159732951607
      1.19599999999997885780	     -3.03617547497862494410	     -3.66657417195711854419	     -2.43076533552540130501	      0.58360997876898368375	      1.01373084733097118537	      0.05428630073585944543	      4.16221042917534411743	     -1.47120868707322371982	     -9.91102688541730003635	      1.63895686789767136560	      8.01525885932867510064	     25.99589973121468133854	     -8.87242482766897566648	     -1.71794163031480984216	     12.64194422236887760391	     -1.66604941404619388834
      1.19699999999997874767	     -3.04621852430853223836	     -3.68950481200758240163	     -2.43108487627412461762	      0.58361905693389448668	      1.01356565891251615419	      0.05422170052799850370	      4.15609103798551071662	     -1.44948600359280432848	     -9.96716105343852909471	      1.66437507496653269712	      7.95936403935937608622	     25.99378726679459461479	     -8.89884276954795083725	     -1.65292961516833658564	     12.66412391554396954518	     -1.63918980308874395746
      1.19799999999997863753	     -3.05602987483165744464	     -3.71237699182358005245	     -2.43142428545271904738	      0.58362928144233239269	      1.01340135689732524504	      0.05415550488621306835	      4.14961739697921849768	     -1.42768766059817364678	    -10.02282718557075824606	      1.68950554052222390311	      7.90370799280560021316	     25.99221330169226362727	     -8.92605473158471696138	     -1.59214884767022857304	     12.68630263344306108309	     -1.61295948674832034797
      1.19899999999997852740	     -3.06561188248905747145	     -3.73518930677524974016	     -2.43178402583482622390	      0.58364066112887025284	      1.01323795940863936593	      0.05408772569004236669	      4.14279604139789636719	     -1.40580853171309083649	    -10.07802542491332786767	      1.71433887217720548612	      7.84831196914978690415	     25.99117886041288372212	     -8.95406546536367997646	     -1.53558976087910159514	     12.70847131013483632955	     -1.58739136502485256308
      1.19999999999997841726	     -3.07496697656029382983	     -3.75794033839051078161	     -2.43216450870836320419	      0.58365320461557479437	      1.01307548338043251768	      0.05401837499519886870	      4.13563372412717722426	     -1.38384336877569613655	    -10.13275604850017330705	      1.73886593410225476219	      7.79319665080612278274	     25.99068464650006049510	     -8.98287989855248447668	     -1.48324155403241664253	     12.73063758429872649458	     -1.56251775102359524716
      1.20099999999997830713	     -3.08409765545263692132	     -3.78062865348544541177	     -2.43256609264668277604	      0.58366692021950716818	      1.01291394446453009159	      0.05394746501684880707	      4.12813741259232802605	     -1.36178679141645941897	    -10.18701946275001013476	      1.76307785210419676325	      7.73838214375855670824	     25.99073104507366949179	     -9.01250312987531820852	     -1.43509219905045171117	     12.75282710699229404838	     -1.53837032952257657392
      1.20199999999997819700	     -3.09300650595617199201	     -3.80325279891145484612	     -2.43298907162518851521	      0.58368181645355343701	      1.01275335773677732654	      0.05387500820559353032	      4.12031425981884247278	     -1.33963349782523577503	    -10.24081612211624481290	      1.78696605110028627905	      7.68388796645710758781	     25.99131806162430535778	     -9.04294051759645078903	     -1.39112838477375699853	     12.77506635096207610047	     -1.51498025587618800891
      1.20299999999997808686	     -3.10169622486161866703	     -3.82581129553976939661	     -2.43343366224434154432	      0.58369790253824116455	      1.01259373839985422627	      0.05380101733719433454	      4.11217156718820220362	     -1.31737854721949676495	    -10.29414643825472275296	      1.81052229803769515470	      7.62973303938776759026	     25.99244525177950748684	     -9.07419780930238495387	     -1.35133545675321697921	     12.79736214494171875344	     -1.49237826847645460582
      1.20399999999997797673	     -3.11016961578444295355	     -3.84830263676894723801	     -2.43390000190334809815	      0.58371518831750235368	      1.01243510169927963815	      0.05372550550180967693	      4.10371677700287573742	     -1.29501737608043776540	    -10.34701076919682982691	      1.83373870879704248260	      7.57593567700134506993	     25.99411172006207593199	     -9.10628115430957585374	     -1.31569742290175506483	     12.81970129402460401025	     -1.47059465528892729935
      1.20499999999997786659	     -3.11842953977250658681	     -3.87072529561860667613	     -2.43438816873668972818	      0.58373368344045561962	      1.01227746171932886377	      0.05364848589857590389	      4.09495751787801776089	     -1.27254530338019478108	    -10.39940956784925951695	      1.85660768125881214807	      7.52251358233703282252	     25.99631624765771675811	     -9.13919688322489598420	     -1.28419708617822858621	     12.84208897776277069624	     -1.44965894182439813953
      1.20599999999997775646	     -3.12647891080069317837	     -3.89307772374377902835	     -2.43489818051769635332	      0.58375339726846842137	      1.01212083131098573574	      0.05356997181743258091	      4.08590159684700271470	     -1.24995753485696603491	    -10.45134337517275646690	      1.87912189835759790846	      7.46948384055803149550	     25.99905729761438522019	     -9.17295150484798327284	     -1.25681605450291233872	     12.86455000403935144959	     -1.42959985236865327884
      1.20699999999997764633	     -3.13432071593769201456	     -3.91535834537909499531	     -2.43542998243681418913	      0.58377433938045997230	      1.01196522278381917381	      0.05348997672069139703	      4.07655696115521237743	     -1.22724942980415008265	    -10.50281273295963657688	      1.90127436737827770763	      7.41686291107688511204	     26.00233294761314795096	     -9.20755182486179712953	     -1.23353468556393264244	     12.88710966767105148278	     -1.41044541971630965627
      1.20799999999997753619	     -3.14195803738782908354	     -3.93756555049108980526	     -2.43598343405911199611	      0.58379652008855686951	      1.01181064858621350133	      0.05340851433576493390	      4.06693166776693004749	     -1.20441676185406132404	    -10.55381808875976723527	      1.92305846402996793998	      7.36466662029349183882	     26.00614081606078542563	     -9.24300508806029696984	     -1.21433202792514194357	     12.90977186947804611350	     -1.39222310596299636565
      1.20899999999997742606	     -3.14939404880532469733	     -3.95969769309074726138	     -2.43655830774174964048	      0.58381995035139011563	      1.01165712123690165747	      0.05332559864243662656	      4.05703387763818668077	     -1.18145571735150967108	    -10.60435978422261626974	      1.94446793643691751008	      7.31291015630720231400	     26.01047806405020423881	     -9.27931898411158151418	     -1.19918583030801007006	     12.93251892553999660151	     -1.37495977038228711642
      1.20999999999997731592	     -3.15663196342033192110	     -3.98175309921518483236	     -2.43715431007100269412	      0.58384464093833610132	      1.01150465215885354553	      0.05324124365573139339	      4.04687189234597788356	     -1.15836240284055258520	    -10.65443821343599495322	      1.96549682918458334946	      7.26160806631390176591	     26.01534153505482294122	     -9.31650138959166440600	     -1.18807268345860217451	     12.95535305696823513699	     -1.35868134589772160403
      1.21099999999997720579	     -3.16367502943774425717	     -4.00373006560334943060	     -2.43777108101617079328	      0.58387060233385135177	      1.01135325162520417486	      0.05315546340885626136	      4.03645414100344446240	     -1.13513286573378624489	    -10.70405381514563458722	      1.98613948400761697322	      7.21077425231965030150	     26.02072776101734064014	     -9.35456036864346884840	     -1.18096803336738243040	     12.97829743633577415096	     -1.34341280890153358385
      1.21199999999997709565	     -3.17052655109988723581	     -4.02562685267390474309	     -2.43840818139157056166	      0.58389784524694143819	      1.01120292943202017000	      0.05306827204120301289	      4.02578914072084614872	     -1.11176337915814049673	    -10.75320697974115802253	      2.00639058057054775475	      7.16042196582028456220	     26.02663288988946277414	     -9.39350431508117011958	     -1.17784612639129515621	     13.00137518742754494383	     -1.32917830500414324568
      1.21299999999997698552	     -3.17718991054770771854	     -4.04744167699644474823	     -2.43906507971321273587	      0.58392638112740080647	      1.01105369554496404838	      0.05297968389203423778	      4.01488547816875041008	     -1.08825064938905380352	    -10.80189795210996983599	      2.02624517840719109429	      7.11056380557801226416	     26.03305261037650453204	     -9.43334209567117376594	     -1.17867995142144521559	     13.02458676532078740706	     -1.31600124632287429627
      1.21399999999997687539	     -3.18366856356870275846	     -4.06917270940510178434	     -2.43974115115734502268	      0.58395622207228936595	      1.01090556003904730176	      0.05288971348712673270	      4.00375180434487720760	     -1.06459180121145191578	    -10.85012682133691441777	      2.04569871774392764152	      7.06121171373119782544	     26.03998215598018006744	     -9.47408304909935061744	     -1.18344125373118647104	     13.04791006466769687222	     -1.30390429564316234767
      1.21499999999997676525	     -3.18996598635352501816	     -4.09081808349989994866	     -2.44043570079796756644	      0.58398737997127869725	      1.01075853197581477794	      0.05279837531784940807	      3.99239684852565046569	     -1.04078396123135830109	    -10.89789368789237933299	      2.06474694104678535567	      7.01237696715620906218	     26.04741645112095582704	     -9.51573671177762037132	     -1.19210068880378905476	     13.07134391560615149785	     -1.29290915146617901854
      1.21599999999997665512	     -3.19608567112002939226	     -4.11237589499434363915	     -2.44114796252269927734	      0.58401986641709502379	      1.01061261935883917040	      0.05270568382954319425	      3.98082940392979578448	     -1.01682427709386735692	    -10.94519865648384637780	      2.08338588090429333022	      6.96407019257282566826	     26.05535011694272995442	     -9.55831281996886517049	     -1.20462782995353423487	     13.09490890110208560770	     -1.28303629932060503371
      1.21699999999997654498	     -3.20203114781661835053	     -4.13384419497136157418	     -2.44187708580886830845	      0.58405369321998779064	      1.01046782977205573673	      0.05261165351428350595	      3.96905829909161589342	     -0.99271016266577005727	    -10.99204174088295360434	      2.10161188975061419271	      6.91630138444454090063	     26.06377739372907953452	     -9.60182146222161136961	     -1.22099110429324109184	     13.11862504417097596843	     -1.27430488242114603459
      1.21799999999997643485	     -3.20780600456568976142	     -4.15522097769122300548	     -2.44262212710546489092	      0.58408887286838417907	      1.01032417099859817000	      0.05251629899684610164	      3.95709238435209709195	     -0.96843948486703146372	    -11.03842276002005462487	      2.11942174459677179499	      6.86907979528965562110	     26.07269206990264365231	     -9.64627322620663818498	     -1.24115779421240191027	     13.14248894970792846948	     -1.26673426680053369253
      1.21899999999997632472	     -3.21341388383544446228	     -4.17650418204497064778	     -2.44338204675687187262	      0.58412541848178445303	      1.01018165096398671032	      0.05241963504026320164	      3.94494051968367553940	     -0.94401055189959892644	    -11.08434132549761663711	      2.13681260758372237873	      6.82241398946192489916	     26.08208749262528058921	     -9.69167918565910291306	     -1.26509402420192573757	     13.16647418265561597650	     -1.26034327558954162285
      1.21999999999997621458	     -3.21885843155210871203	     -4.19769171877364399847	     -2.44415571796177744091	      0.58416334311232398502	      1.01004027658151063207	      0.05232167634172993353	      3.93261156952259316455	     -0.91942174242575636089	    -11.12979704885579934626	      2.15378169017588971812	      6.77631227067078700799	     26.09195669054977528845	     -9.73805059296560493465	     -1.29276469866754539773	     13.19057574318958181436	     -1.25514422260840308176
      1.22099999999997610445	     -3.22414328529626192932	     -4.21878143201238664517	     -2.44494196181260026179	      0.58420265916462799094	      1.00990005380834468873	      0.05222243741460626948	      3.92011441504698332494	     -0.89467154098145706964	    -11.17478951255983332658	      2.17032676386465395169	      6.73078184105175836294	     26.10229238716684818655	     -9.78539895807083048851	     -1.32413397087779882710	     13.21481066505851842408	     -1.25115424486160997652
      1.22199999999997599431	     -3.22927209421005656509	     -4.23977105502137074922	     -2.44573956679325332786	      0.58424337872628218093	      1.00976098851402373846	      0.05212193275544935861	      3.90745793201865909694	     -0.86975876304987198573	    -11.21931803674238103952	      2.18644676671415671976	      6.68582778884516848450	     26.11308704064844832260	     -9.83373625912980386943	     -1.35916569703703626892	     13.23919496546802321291	     -1.24840881545405046893
      1.22299999999997588418	     -3.23424857762714967890	     -4.26065843905802665859	     -2.44654706248211262221	      0.58428551662061456451	      1.00962308617511498099	      0.05202017734770821716	      3.89465086821111183824	     -0.84468256108405848082	    -11.26338188915369009635	      2.20213854132054853707	      6.64145862011747833975	     26.12433254588274778030	     -9.88307463494715143781	     -1.39782045284398992457	     13.26372118336092320590	     -1.24688749474425897290
      1.22399999999997577405	     -3.23907648280944604480	     -4.28144149251281991297	     -2.44736278752263336500	      0.58432908813961392802	      1.00948635115113072303	      0.05191718565666379737	      3.88170199165960116972	     -0.81944249377476552354	    -11.30698076265119844663	      2.21739741230985520914	      6.59768570416111366228	     26.13601975642859187587	     -9.93342657542852336405	     -1.44005608085661074291	     13.28835881891447812109	     -1.24652185281503369296
      1.22499999999997566391	     -3.24375940077995394972	     -4.30211756182588622721	     -2.44818549836865040348	      0.58437409977563348207	      1.00935078715369042079	      0.05181296938203260039	      3.86862049881096803361	     -0.79403871096344635916	    -11.35011471792788917412	      2.23222568763019602045	      6.55450931222327426440	     26.14813872301675345966	     -9.98480590922971877887	     -1.48583571428893645994	     13.31309802001485032008	     -1.24738163803501489468
      1.22599999999997555378	     -3.24830085188090178505	     -4.32268376515562202655	     -2.44901404741175632296	      0.58442055491397848499	      1.00921639798302975599	      0.05170753937675073159	      3.85541567648491323439	     -0.76847162213709974132	    -11.39278374277294503258	      2.24662820546685626510	      6.51192546710465247628	     26.16067919548656917073	    -10.03722704821833922040	     -1.53512361548460174454	     13.33795096827612702839	     -1.24958681997684561971
      1.22699999999997544364	     -3.25270447905759052531	     -4.34313769042719677316	     -2.44984670882596056174	      0.58446846510363748006	      1.00908318805644658944	      0.05160090894973939912	      3.84209631936935069874	     -0.74274144589179746934	    -11.43498731450943850518	      2.26060298481947619109	      6.46994083139643461067	     26.17363097180191644497	    -10.09070364028959154723	     -1.58787626337366694074	     13.36293002587465039710	     -1.25311206962605159454
      1.22799999999997533351	     -3.25697399750757865533	     -4.36347697657550703809	     -2.45068154938580873292	      0.58451784550916885408	      1.00895116371154847101	      0.05149309291551185802	      3.82867089036235341837	     -0.71684889890636294130	    -11.47672397193936077997	      2.27414736023471597548	      6.42856262112992560276	     26.18698407033479469419	    -10.14524950068340736209	     -1.64404814275298338799	     13.38802349470628705319	     -1.25791260406532812155
      1.22899999999997522337	     -3.26111310584144442615	     -4.38369899847179755881	     -2.45151673025855343369	      0.58456870959119267006	      1.00882033270200022201	      0.05138410587334792806	      3.81514779041824736439	     -0.69079550149154722583	    -11.51799162161541012495	      2.28726217734524617242	      6.38779204452600435360	     26.20072841539044716797	    -10.20087929435159956881	     -1.70359585485328524079	     13.41319543864809382683	     -1.26400834274010964720
      1.22999999999997511324	     -3.26512546279163373697	     -4.40380109936266528337	     -2.45235033564282955965	      0.58462107039195188030	      1.00869070222177703577	      0.05127396217699044939	      3.80153535376310758309	     -0.66458285899944236075	    -11.55878812845545766663	      2.29994835104958683658	      6.34763004208960346375	     26.21485361961651960883	    -10.25760787637319637611	     -1.76647505299969598269	     13.43843153177951066368	     -1.27141266156211418803
      1.23099999999997500311	     -3.26901469431564795087	     -4.42378062969948349092	     -2.45318033887756836720	      0.58467494113500950714	      1.00856227898293671075	      0.05116267616313158878	      3.78784181197714353573	     -0.63821259224527970844	    -11.59911124469144994009	      2.31220638871579975415	      6.30807801904619402933	     26.22934905554907203395	    -10.31545020738168005892	     -1.83264001566816925326	     13.46374006474738571626	     -1.28012333824474744404
      1.23199999999997489297	     -3.27278440379097501634	     -4.44363488203341727711	     -2.45400464575560217639	      0.58473033505155924683	      1.00843507008675969949	      0.05105026214629117265	      3.77407528858446372766	     -0.61168662104239146515	    -11.63895841732739633301	      2.32403730092211757707	      6.26913638606884404680	     26.24420386577072150658	    -10.37442160725278483824	     -1.90204444127264027387	     13.48912864920692200599	     -1.29014167085013875536
      1.23299999999997478284	     -3.27643818693583810386	     -4.46336108952887133938	     -2.45482107964098927866	      0.58478726585674978278	      1.00830908376169747775	      0.05093673449083569588	      3.76024371444084204441	     -0.58500756198164249877	    -11.67832667769188503826	      2.33544246081230477685	      6.23080486042140702097	     26.25940688176366322182	    -10.43453786545906325500	     -1.97464107568662150527	     13.51457965328170729435	     -1.30147044784690346653
      1.23399999999997467270	     -3.27997962782554841610	     -4.48295643693816536768	     -2.45562737473171033287	      0.58484574778873332779	      1.00818432935940749395	      0.05082210761329172821	      3.74635480411333166018	     -0.55817874670017819660	    -11.71721263143558289244	      2.34642345449933609203	      6.19308271341415128575	     26.27494663292024057455	    -10.49581520379088139805	     -2.05038156547360772564	     13.54005043606333380524	     -1.31411102897305664960
      1.23499999999997456257	     -3.28341225450470242109	     -4.50241808023576073339	     -2.45642119935378033801	      0.58490579486079530280	      1.00806081611452658109	      0.05070639575454292253	      3.73241617581928686320	     -0.53120352302196538474	    -11.75561268759308219956	      2.35698209627553945111	      6.15596865284075445146	     26.29081148535044576420	    -10.55827000549859739920	     -2.12921693920216270612	     13.56552053685356007406	     -1.32806238505618012802
      1.23599999999997445244	     -3.28673953463864521041	     -4.52174314886798978108	     -2.45720015844672490246	      0.58496742077404317861	      1.00793855307783752906	      0.05058961294256590635	      3.71843535477640774189	     -0.50408523176615327444	    -11.79352306200477684683	      2.36712044989319725374	      6.11946079765654804561	     26.30698964933355554763	    -10.62191881752309896569	     -2.21109770579247255640	     13.59099290745805355130	     -1.34332126523032724386
      1.23699999999997434230	     -3.28996489251372903340	     -4.54092873905419125435	     -2.45796178375836316121	      0.58503063938032284774	      1.00781754992095518020	      0.05047177309432178405	      3.70441971196525932086	     -0.47682754300582685936	    -11.83093963628823352963	      2.37684085028403657702	      6.08355670390730640662	     26.32346913517128683679	    -10.68677848855812406725	     -2.29597371866328625600	     13.61647016242217134163	     -1.35988301781882281460
      1.23799999999997423217	     -3.29309172168189956409	     -4.55997190190961987355	     -2.45870352714720796783	      0.58509546511433041527	      1.00769781791791723791	      0.05035289010387319908	      3.69037637249820571483	     -0.44943487879493199122	    -11.86785778026355409054	      2.38614587377737885632	      6.04825347278580238708	     26.34023771900676536006	    -10.75286628066381489077	     -2.38379379213976072549	     13.64192818349249769483	     -1.37774299648051234968
      1.23899999999997412203	     -3.29612337901950214203	     -4.57886964448346667211	     -2.45942276352236000037	      0.58516191290831065519	      1.00757936995478325493	      0.05023297779746555697	      3.67631220800145452898	     -0.42191241254369871161	    -11.90427234054655514228	      2.39503832332725652421	      6.01354778694127212191	     26.35728295402969578731	    -10.82019984631900122451	     -2.47450567590697678710	     13.66731613275252854578	     -1.39689654412854169507
      1.23999999999997401190	     -3.29906314455483773429	     -4.59761895663524011724	     -2.46011681046699992592	      0.58522999748721016289	      1.00746221903447996660	      0.05011204969354977196	      3.66223399117845715978	     -0.39426527467240335412	    -11.94017793325568632667	      2.40352124996286065084	      5.97943579301776306778	     26.37459228220254559005	    -10.88879695997285068643	     -2.56805673122959765564	     13.69260661655379429646	     -1.41733667224467296819
      1.24099999999997390177	     -3.30191421773393178896	     -4.61621681493492630466	     -2.46078292982782276255	      0.58529973329399609394	      1.00734637816146643807	      0.04999011895821403595	      3.64814838850950673432	     -0.36649856706148248309	    -11.97556895904581431012	      2.41159795980300062368	      5.94591309878214957507	     26.39215303522655631241	    -10.95867552291874069681	     -2.66439404772615429096	     13.71779708528346120033	     -1.43905375172324268007
      1.24199999999997379163	     -3.30467973238953005577	     -4.63466017498278581854	     -2.46141831767777174989	      0.58537113494387638113	      1.00723186130285458084	      0.04986719850176872526	      3.63406187367865740612	     -0.33861778893829508341	    -12.01043943405159808435	      2.41927201441726591469	      5.91297483806331491962	     26.40995240698147838998	    -11.02985369620957278869	     -2.76346421701016398131	     13.74288475199018400019	     -1.46203631598267214109
      1.24299999999997368150	     -3.30736276632377990126	     -4.65294595430775625999	     -2.46202010035385221443	      0.58544421762638587659	      1.00711868461236297989	      0.04974330105121976126	      3.61998066619140690392	     -0.31062916365764370319	    -12.04478276858841390151	      2.42654719191271572853	      5.88061581285569801025	     26.42797743974719182347	    -11.10234998839651154867	     -2.86521274161352801357	     13.76783830584927237339	     -1.48627360364931915271
      1.24399999999997357136	     -3.30996633559302644301	     -4.67107103189125272280	     -2.46258533889218211854	      0.58551899699938991795	      1.00700686641533732057	      0.04961843909227086485	      3.60591073784302462713	     -0.28253959483405133302	    -12.07859176402384804305	      2.43342747831569461425	      5.84883052455172602890	     26.44621502916785260595	    -11.17618322590250556914	     -2.96958399768246872341	     13.79259791355783271172	     -1.51175577600034660719
      1.24499999999997346123	     -3.31249336016812101491	     -4.68903228267170923971	     -2.46311104517327406072	      0.58559548850073894766	      1.00689642533346312980	      0.04949262463929911954	      3.59185794281222081636	     -0.25435596392965742485	    -12.11185898793532267348	      2.43991712525945603218	      5.81761297754136919025	     26.46465200221197733299	    -11.25137231226272582774	     -3.07652226950968010755	     13.81712889644759378882	     -1.53847015351132077043
      1.24599999999997335109	     -3.31494666137095839176	     -4.70682658233314121787	     -2.46359418313176181670	      0.58567370726540846082	      1.00678738008784485203	      0.04936586918991891365	      3.57782799709167909086	     -0.22608518119714815509	    -12.14457680620336255117	      2.44602063833372707080	      5.78695670070424839082	     26.48327510385154326400	    -11.32793624222480310948	     -3.18597188416834242730	     13.84142305793727700802	     -1.56640054507635761993
      1.24699999999997324096	     -3.31732897442877394667	     -4.72445079725866889930	     -2.46403165907881049890	      0.58575366856252986114	      1.00667975067192139171	      0.04923818381061069449	      3.56382639595134298460	     -0.19773460477626619847	    -12.17673717731318205892	      2.45174274443817941105	      5.75685488272295042833	     26.50207098631720370463	    -11.40589422273416531084	     -3.29787681657698117377	     13.86547173404617083747	     -1.59552834177899516277
      1.24799999999997313083	     -3.31964295365051365039	     -4.74190175852075945784	     -2.46442032399830024403	      0.58583538811833912874	      1.00657355985903462781	      0.04910957917920741322	      3.54985840737987690119	     -0.16931220232135149595	    -12.20833138251024863052	      2.45708839657444277904	      5.72730046581600404920	     26.52102622368970585853	    -11.48526572122950639709	     -3.41217988925942039558	     13.88923616188198373322	     -1.62583713986922484551
      1.24899999999997302069	     -3.32189116742029666440	     -4.75917625954047540660	     -2.46475698047863112095	      0.58591888196809316369	      1.00646883311673063233	      0.04898006552429731014	      3.53592908637523928306	     -0.14082647548991011899	    -12.23935003763829421075	      2.46206277847370014200	      5.69828614944527878095	     26.54012730719300350302	    -11.56607042930121664881	     -3.52882274294406261816	     13.91264772178833197813	     -1.65731325508042659500
      1.24999999999997291056	     -3.32407607277611782948	     -4.77627110471507165812	     -2.46503839038017291685	      0.58600416583328129860	      1.00636559621412446930	      0.04884965244667655027	      3.52204332215000270878	     -0.11228600886262479763	    -12.26978356985855356243	      2.46667131610709366996	      5.66980422671464889817	     26.55936066994126676377	    -11.64832807897395561270	     -3.64774726922842118526	     13.93566461389600519283	     -1.68993885217839712176
      1.25099999999997280042	     -3.32620001487814542784	     -4.79318311538056818222	     -2.46526127598677469166	      0.58609125502850045741	      1.00626387491152202713	      0.04871834888888671583	      3.50820580783414293080	     -0.08369952932749671892	    -12.29962226795823632131	      2.47091963751335930155	      5.64184663854340406886	     26.57871265315707987043	    -11.73205846990058631718	     -3.76889574104235869356	     13.95827285194651246059	     -1.72369093812212370587
      1.25199999999997269029	     -3.32826523622052228291	     -4.80990911423093514543	     -2.46542231392886534991	      0.58618016483821633322	      1.00616369638507885398	      0.04858616319948626250	      3.49442099800903172024	     -0.05507620551829765787	    -12.32885603318351463997	      2.47481354009263476712	      5.61440513255940309989	     26.59816951461701961534	    -11.81728156750241076622	     -3.89221020619481494762	     13.98045743647216099248	     -1.75854362280710008193
      1.25299999999997258016	     -3.33027387585371981160	     -4.82644588750272074407	     -2.46551814758570131403	      0.58627091069450876226	      1.00606509100904872867	      0.04845310313083666526	      3.48069315269703105642	     -0.02642566945792475253	    -12.35747406594832931148	      2.47835908969906970611	      5.58747122406682006357	     26.61771748090430378397	    -11.90401749557063482143	     -4.01763153403725592483	     14.00217246334183762713	     -1.79447548499532283373
      1.25399999999997247002	     -3.33222796568256907079	     -4.84279018120903170797	     -2.46554539700531760715	      0.58636350797995362427	      1.00596809214605698024	      0.04831917579055993589	      3.46702634568560164041	      0.00224205862131335223	    -12.38546489819931473164	      2.48156263521863795773	      5.56103616565003644467	     26.63734273171505151367	    -11.99228649428223292261	     -4.14509941791343194950	     14.02334182436801057747	     -1.83147030038260805185
      1.25499999999997235989	     -3.33412941759391223684	     -4.85893877049209699237	     -2.46550065202951129706	      0.58645797156549095419	      1.00587273316323888572	      0.04818438756208864165	      3.45342441061416627335	      0.03091674737596723788	    -12.41281697331341149493	      2.48443067455847721448	      5.53509096563734459551	     26.65703135016374147881	    -12.08210882790060836101	     -4.27455414762832397457	     14.04391727549365143091	     -1.86950562025747868411
      1.25599999999997224975	     -3.33598002559310824466	     -4.87488846680529963606	     -2.46538047381349612053	      0.58655431571623317666	      1.00577904699374509612	      0.04804874410419220782	      3.43989091048014206109	      0.05958792826854287378	    -12.43951871147370091819	      2.48696978653857003749	      5.50962646791588728235	     26.67676926651955682246	    -12.17350482459365323962	     -4.40593670721765118259	     14.06387897065005887498	     -1.90855155711810375863
      1.25699999999997213962	     -3.33778147040431560910	     -4.89063609315656755427	     -2.46518139651508372268	      0.58665255434528351675	      1.00568706781731909139	      0.04791225038301604594	      3.42642915548214732624	      0.08824477394620661164	    -12.46555821759224791379	      2.48918664993926697093	      5.48463345010935388046	     26.69654229058307848277	    -12.26649493462143958311	     -4.53918795915433115340	     14.08320545608732388132	     -1.94857509832660102944
      1.25799999999997202949	     -3.33953531154242355683	     -4.90617843284011012628	     -2.46489995281822427131	      0.58675270097736065278	      1.00559683304994962327	      0.04777491061613502177	      3.41304225922812420890	      0.11687608971851599915	    -12.49092293884794280245	      2.49108826077186762404	      5.46010240536481195051	     26.71633621094903787707	    -12.36109965945514588270	     -4.67424765593023572308	     14.10184461658525023608	     -1.98955046637750698757
      1.25899999999997191935	     -3.34124298542939701662	     -4.92151222525405707131	     -2.46453268647378820333	      0.58685476851802387266	      1.00550838297475819694	      0.04763672824983536391	      3.39973312585258691243	      0.14547035044454256769	    -12.51559971815571792320	      2.49268194524683828206	      5.43602348821071235108	     26.73613677113358733095	    -12.45733950728162575672	     -4.81105449713922084243	     14.11971486174561718485	     -2.03145990846470914093
      1.25999999999997180922	     -3.34290580807391402018	     -4.93663426107171332546	     -2.46407612497688344178	      0.58695876908542432560	      1.00542175721441928715	      0.04749770601657647001	      3.38650433832036812376	      0.17401576225895407091	    -12.53957545550789909328	      2.49397501207404159729	      5.41238682920773683804	     26.75592952881036978852	    -12.55523501583020085093	     -4.94954806548016179590	     14.13676256397349106919	     -2.07427689063748310616
      1.26099999999997169908	     -3.34452497996104147759	     -4.95154139057837205939	     -2.46352678160662907914	      0.58706471393886616728	      1.00533699418433397632	      0.04735784597201643520	      3.37335814024563385161	      0.20250030744610930666	    -12.56283718023098394667	      2.49497467109851367439	      5.38918261633447404080	     26.77569978244730464212	    -12.65480679749012438151	     -5.08966886654742101115	     14.15296226584545813409	     -2.11796481446154505335
      1.26199999999997158895	     -3.34610158477528374377	     -4.96623048657205146128	     -2.46288116877834362128	      0.58717261353940930491	      1.00525413298440979837	      0.04721714948650819477	      3.36029650354224695974	      0.23091176139181199267	    -12.58537172592795450043	      2.49568815355107354037	      5.36640104598033751415	     26.79543263483649440104	    -12.75607553959310891400	     -5.23135737119294219610	     14.16828668086465015108	     -2.16248398132670782701
      1.26299999999997147881	     -3.34763657388365043488	     -4.98069837934764159115	     -2.46213583797156232436	      0.58728247724424653686	      1.00517321548173743651	      0.04707561713565974054	      3.34732113441540946042	      0.25923750874592144111	    -12.60716537753147292733	      2.49612302244304906651	      5.34403195316793500069	     26.81511314558471426039	    -12.85906188142304173994	     -5.37455314473156331445	     14.18267891320021512058	     -2.20780488447556466625
      1.26399999999997136868	     -3.34913076647645313599	     -4.99494185321720607362	     -2.46128739333842805337	      0.58739431308233358564	      1.00509428579093129663	      0.04693324871018234729	      3.33443343040278739053	      0.28746451617532597922	    -12.62820393880427083388	      2.49628716718168064403	      5.32206476018467533606	     26.83472630637521660901	    -12.96378637221184071393	     -5.51919496896896166760	     14.19605389409737306039	     -2.25390893051168017536
      1.26499999999997125855	     -3.35058486915010078633	     -5.00895776980111229193	     -2.46033243910084964412	      0.58750812802723395567	      1.00501738639534599073	      0.04679004342285716933	      3.32163441294230654677	      0.31557958442214356642	    -12.64847343442864513463	      2.49618825337196836855	      5.30048909373537036060	     26.85425680317765895211	    -13.07026960147667260514	     -5.66522267684012081901	     14.20835389153602257295	     -2.30076602426590604011
      1.26599999999997114841	     -3.35199948283809856520	     -5.02274307711631973206	     -2.45926758160227709737	      0.58762392798277041095	      1.00494255755413774978	      0.04664599997728659936	      3.30892472904338763584	      0.34356946920586767247	    -12.66796017696713683165	      2.49583365282985347733	      5.27929483515506614566	     26.87368893878740649939	    -13.17853223788944738715	     -5.81257712200433651617	     14.21954876118527089091	     -2.34833333954840295377
      1.26699999999997103828	     -3.35337509466394756430	     -5.03629475794306991077	     -2.45808945684270074850	      0.58774171758822824074	      1.00486983931339524112	      0.04650111651502013971	      3.29630472047492073528	      0.37142088586224020208	    -12.68665042544253118706	      2.49523068301289718818	      5.25847188272465970726	     26.89300673560578402999	    -13.28859496568372122738	     -5.96119920667901403988	     14.22960700969192515686	     -2.39656521183469672920
      1.26799999999997092814	     -3.35471205575523034881	     -5.04960975231758268933	     -2.45679478367096937319	      0.58786149962176503792	      1.00479927354300624387	      0.04635539046583808664	      3.28377432563869708915	      0.39912000373461142821	    -12.70453003900604649345	      2.49438693611071871103	      5.23800973852548423793	     26.91219414117676222986	    -13.40047833912448815852	     -6.11102927108049964744	     14.23846864961558544849	     -2.44542901728298689434
      1.26899999999997081801	     -3.35601058322787926258	     -5.06268495594483258770	     -2.45538037605300818456	      0.58798327483910162172	      1.00473090332795900181	      0.04620881858587086444	      3.27133301295278222653	      0.42665236353048774376	    -12.72158454437185248764	      2.49331024199483186621	      5.21789749188573548366	     26.93123501311958634119	    -13.51420274631671247789	     -6.26200727104820309421	     14.24604646708220911933	     -2.49490571926078796849
      1.26999999999997070788	     -3.35727079516382875823	     -5.07551737067909236600	     -2.45384306322280698609	      0.58810704280281000944	      1.00466476904852264340	      0.04606139728859623417	      3.25897987309032366454	      0.45400362155595175295	    -12.73779983085762879114	      2.49200802498523721340	      5.19812460056628022897	     26.95011279302103801570	    -13.62978860287202387269	     -6.41407422771132562644	     14.25227996254245077523	     -2.54496217286976778027
      1.27099999999997059774	     -3.35849271804375337780	     -5.08810411394112094285	     -2.45217969112438005652	      0.58823280195606364451	      1.00460090783464028874	      0.04591312272466296224	      3.24671363860867989715	      0.48115971182422234698	    -12.75316219865905154052	      2.49048726778422002681	      5.17868088674583226805	     26.96881044326536169820	    -13.74725637448936055307	     -6.56717213452432346799	     14.25713611844343908786	     -2.59555006732073589859
      1.27199999999997048761	     -3.35967627144203628831	     -5.10044235216469665772	     -2.45038716487598851046	      0.58836054913454460813	      1.00453935557140550117	      0.04576399068751124677	      3.23453268819343797702	      0.50810664448233688884	    -12.76765801856234006095	      2.48875483478174652774	      5.15955615381033538824	     26.98731059631995066184	    -13.86662646347872396291	     -6.72124312758017161684	     14.26058182809746277542	     -2.64661874525165563554
      1.27299999999997037747	     -3.36082124164200291005	     -5.11252921384601144439	     -2.44846251183714702648	      0.58849027870251058303	      1.00448014875746260977	      0.04561399644874496173	      3.22243482876458076092	      0.53482965821793504446	    -12.78127340209514350988	      2.48681772775792619967	      5.14073987030964474343	     27.00559580424531702647	    -13.98791907775857445984	     -6.87622921887346549852	     14.26255567682395941631	     -2.69813305013606674621
      1.27399999999997026734	     -3.36192728494432380160	     -5.12436179096268507038	     -2.44640289009706224377	      0.58862198250927555421	      1.00442332390843924728	      0.04546313480900712051	      3.21041722634602821884	      0.56131312463109894750	    -12.79399425225162190145	      2.48468301704872862601	      5.12222120668448166469	     27.02364854321810483384	    -14.11115419915133095685	     -7.03207250013856288717	     14.26296860392293552877	     -2.75007360388678279151
      1.27499999999997015721	     -3.36299397325051074858	     -5.13593731215060156359	     -2.44420548372415247229	      0.58875565130828932947	      1.00436891394821925516	      0.04531140048890924810	      3.19847672762789247969	      0.58754191716248405086	    -12.80580691301416962347	      2.48235727404845585298	      5.10398974839830010808	     27.04145082243331188465	    -14.23635177412382368800	     -7.18871599574302511115	     14.26175860547273543943	     -2.80240471784836664426
      1.27599999999997004707	     -3.36402080015663251800	     -5.14725315211306355678	     -2.44186750308387789943	      0.58889127493304671557	      1.00431694780602587258	      0.04515878819016544421	      3.18660988759937024994	      0.61350155695077601692	    -12.81669818959622375587	      2.47984657870680225145	      5.08603543767353105665	     27.05898415241680154963	    -14.36353171588343613507	     -7.34610353498776724734	     14.25889243717300303160	     -2.85507357135540296156
      1.27699999999996993694	     -3.36500715952115703189	     -5.15830675196013199724	     -2.43938624058284769802	      0.58902884151824652648	      1.00426745228046154779	      0.04500529247223005597	      3.17481285805199942018	      0.63917767252108459441	    -12.82665502252153366669	      2.47715684713945583084	      5.06834816257895415248	     27.07622974277637695195	    -14.49271377116124348561	     -7.50417920432694351973	     14.25433862997857303867	     -2.90802561821453453561
      1.27799999999996982680	     -3.36595231857926879826	     -5.16909552669091443278	     -2.43675913894073170596	      0.58916833643350452476	      1.00422045362466194618	      0.04485090760605982968	      3.16308108323123482464	      0.66455493297241452488	    -12.83566417284139227206	      2.47429394436352767528	      5.05091764746875782066	     27.09316877841251525183	    -14.62391743565069468502	     -7.66288741517148430660	     14.24803577920620512032	     -2.96122370793451450410
      1.27899999999996971667	     -3.36685542197275156084	     -5.17961687010055804592	     -2.43398379439093881516	      0.58930974238759503692	      1.00417597707054273570	      0.04469562761676561247	      3.15140925469278476712	      0.68961699362541384328	    -12.84371224361540875236	      2.47126359832225839241	      5.03373353834719239330	     27.10978244841178153024	    -14.75716192062381892924	     -7.82217309251817827231	     14.23989231386623899311	     -3.01464804162274946364
      1.27999999999996960653	     -3.36771554079161328232	     -5.18986834351559966905	     -2.43105783356720817068	      0.58945304136104259563	      1.00413404381842119584	      0.04453944664793924729	      3.13979184682833256659	      0.71434837246436611036	    -12.85078627204553214369	      2.46807106470031412115	      5.01678582426019215035	     27.12605152108463713034	    -14.89246627529644229071	     -7.98198186981989543654	     14.22984591936871368034	     -3.06826084747845717615
      1.28099999999996949640	     -3.36853167590749880134	     -5.19984768456624735222	     -2.42797891290684608734	      0.58959821486892050046	      1.00409467084239767409	      0.04438235897686277492	      3.12822313762669379500	      0.73873452163540398452	    -12.85687371990740679450	      2.46472117081359387569	      5.00006474592743455077	     27.14195635266110073758	    -15.02984937561924994043	     -8.14225996429215648220	     14.21786629751651354070	     -3.12200592008623800666
      1.28199999999996938627	     -3.36930273299852611757	     -5.20955271775840067505	     -2.42474478411785687726	      0.58974524293616148451	      1.00405787249931766070	      0.04422435888572098794	      3.11669697202666240443	      0.76276094505300762183	    -12.86196216507819478636	      2.46121855670300071495	      4.98356049717689231215	     27.15747712732255081391	    -15.16932981022044479857	     -8.30295398222092551066	     14.20392684221472912043	     -3.17582609255854020347
      1.28299999999996927613	     -3.37002749958958336407	     -5.21898126097820824754	     -2.42135336217673957648	      0.58989410292465305208	      1.00402366179414448411	      0.04406544056996654357	      3.10520644630882314274	      0.78641214459382757784	    -12.86603899339773349197	      2.45756762631910863348	      4.96726335835231402882	     27.17259413750841900992	    -15.31092584760446939640	     -8.46401122627547586319	     14.18796724293913413817	     -3.22968253537048877178
      1.28399999999996916600	     -3.37070464908009537197	     -5.22813113254132044716	     -2.41780272400678653000	      0.59004476976934250310	      1.00399205010583414399	      0.04390559815288740814	      3.09374390742221283546	      0.80967165099380378201	    -12.86909138779948946762	      2.45377246941382276546	      4.95116379884580304349	     27.18728783564095508041	    -15.45465539106898944510	     -8.62537982577509509952	     14.16989243595505065798	     -3.28355475756647186003
      1.28499999999996905586	     -3.37133278534684999173	     -5.23700034599892205733	     -2.41409097719905796353	      0.59019721823777548941	      1.00396304492079413428	      0.04374482593980204281	      3.08230159555387217551	      0.83252406014085622576	    -12.87110688130515079308	      2.44983683694034759526	      4.93525248032721464142	     27.20153840461267691353	    -15.60053600586083710766	     -8.78700838172476572652	     14.14964097361962735988	     -3.33740378960098205141
      1.28599999999996894573	     -3.37191044418674268357	     -5.24558712016153094737	     -2.41021625677916206953	      0.59035142325472889091	      1.00393664984730879297	      0.04358311838342656536	      3.07087164489573627435	      0.85495499682297781963	    -12.87207333101953388166	      2.44576419456964355703	      4.91952018223241882566	     27.21532579530081719099	    -15.74858490792527021540	     -8.94884589560284737786	     14.12718857227266333609	     -3.39117093930303070692
      1.28699999999996883560	     -3.37243606810586182831	     -5.25388978284548713305	     -2.40617679663072348006	      0.59050735870318837861	      1.00391286590748762819	      0.04342046997790276197	      3.05944576240158871983	      0.87695002975006308699	    -12.87197861765435291659	      2.44155781482404732330	      4.90395771245653477877	     27.22862999723435706301	    -15.89881889953659843684	     -9.11084189766672203348	     14.10251597941767620625	     -3.44479721004184025190
      1.28799999999996872546	     -3.37290798975172867458	     -5.26190667698109137973	     -2.40197099551355952585	      0.59066499621829593458	      1.00389169250140719569	      0.04325687524208699647	      3.04801499060828184895	      0.89849388827538834157	    -12.87081032636313615569	      2.43722061491694885760	      4.88855620719678896080	     27.24143131065829237514	    -16.05125436437884189900	     -9.27294682567518968597	     14.07556480313846414276	     -3.49824319142674200478
      1.28899999999996861533	     -3.37332443733013986886	     -5.26963617167792008900	     -2.39759740970008339289	      0.59082430552606346463	      1.00387312733890232685	      0.04309232871016167171	      3.03656975908384696439	      0.91957059772751859050	    -12.86855572218742160828	      2.43275510306950026873	      4.87330723180695102315	     27.25371040118972132404	    -16.20590719245119970537	     -9.43511209482071500076	     14.04623611073080802214	     -3.55148759861436857932
      1.28999999999996850519	     -3.37368356927910362231	     -5.27707685542711679716	     -2.39305462285952685875	      0.59098525679717317516	      1.00385716488199783214	      0.04292682502809252315	      3.02510046803760968004	      0.94016521243038875255	    -12.86520230918560692146	      2.42816362320040868283	      4.85820240761347932335	     27.26544787693242355431	    -16.36279274503517200401	     -9.59728944595085131652	     14.01447060175509840008	     -3.60449001918570521852
      1.29099999999996839506	     -3.37398347320033042962	     -5.28422754197339106241	     -2.38834124533725633555	      0.59114782094473916629	      1.00384379654766031642	      0.04276035886640107420	      3.01359746135026984604	      0.96026367578416438331	    -12.86073779415727358355	      2.42344839938906497778	      4.84323335955129063990	     27.27662434736767949062	    -16.52192587299708392834	     -9.75943091921719840798	     13.98025233972809822092	     -3.65719106912050806457
      1.29199999999996828492	     -3.37422214580269619333	     -5.29108717426883234936	     -2.38345598384613444054	      0.59131196836344535051	      1.00383301165905369778	      0.04259292488004321614	      3.00205070660119233139	      0.97985178600577116370	    -12.85514978633882599013	      2.41861146874202681545	      4.82839186792130536929	     27.28722069887712109448	    -16.68332089505041437860	     -9.92148920938374345724	     13.94357075436409409974	     -3.70953163778432992714
      1.29299999999996817479	     -3.37439748525275140523	     -5.29765473456440805222	     -2.37839770103323910888	      0.59147766776978139003	      1.00382479813963532145	      0.04242451778679331292	      2.99044970229566509090	      0.99891485621692044372	    -12.84842546353947412285	      2.41365448050841857608	      4.81367022807756317349	     27.29721834359522603108	    -16.84699156264734654087	    -10.08341798491562890661	     13.90437019998185519398	     -3.76147153307014203705
      1.29399999999996806466	     -3.37450729622181277989	     -5.30392925271451876057	     -2.37316540899033023848	      0.59164488653378932703	      1.00381914263302163270	      0.04225513232750483655	      2.97878356322560300384	      1.01743792031301727441	    -12.84055154572411971969	      2.40857868112287354379	      4.79906129697774197496	     27.30659927297472222563	    -17.01295095657797062927	    -10.24517187449408517352	     13.86254887043159200744	     -3.81298888510811728736
      1.29499999999996795452	     -3.37454931288266024580	     -5.30990999257884777052	     -2.36775814716122745551	      0.59181359291561552727	      1.00381602948160053579	      0.04208476320432830847	      2.96704139068116123923	      1.03540677915147161237	    -12.83151491014191059037	      2.40338529678539103429	      4.78455791651885320448	     27.31534563276861860004	    -17.18121147903015000225	    -10.40670581119528215197	     13.81805108489540856453	     -3.86404323981979436198
      1.29599999999996784439	     -3.37452119880402534591	     -5.31559645690469118051	     -2.36217498181711738070	      0.59198375630998290031	      1.00381544102507835881	      0.04191340497805367410	      2.95521222697368513010	      1.05280781129488421044	    -12.82130256788549438340	      2.39807554994302485341	      4.77015290709483519294	     27.32343976965800536050	    -17.35178491247263110608	    -10.56797506630432437191	     13.77087048844934713543	     -3.91457547480439238541
      1.29699999999996773425	     -3.37442053404427833030	     -5.32098829239501824873	     -2.35641507241393988181	      0.59215534598613617234	      1.00381735826306961457	      0.04174105211273815286	      2.94328482702202309795	      1.06962724140989062782	    -12.80990134462055252129	      2.39265048778043754041	      4.75583937335898632170	     27.33086450241454556931	    -17.52468240877647076559	    -10.72893566115772223668	     13.72100533915378761662	     -3.96452725926309179627
      1.29799999999996762412	     -3.37424481433264666919	     -5.32608520248167938149	     -2.35047772650959529983	      0.59232832997730044955	      1.00382176134646083909	      0.04156769913781909603	      2.93124771932603511715	      1.08585125579196350998	    -12.79729752795354613681	      2.38711081220042808937	      4.74161100699428406102	     27.33760335671155417003	    -17.69991436880800605991	    -10.88954452880593137820	     13.66840380226016193888	     -4.01385887617752867840
      1.29899999999996751399	     -3.37399145668437716594	     -5.33088695368725140611	     -2.34436239458935746782	      0.59250267534972922423	      1.00382862979743747722	      0.04139334059920364572	      2.91908929701212205288	      1.10146622182688047609	    -12.78347686572065988742	      2.38145689140643490589	      4.72746208415806101755	     27.34364059805818669702	    -17.87749031025075652224	    -11.04975945910645762638	     13.61296382844138896928	     -4.06254849903364156916
      1.29999999999996740385	     -3.37365781276224874219	     -5.33539355247674862426	     -2.33806855943369562567	      0.59267835019956793818	      1.00383794179925578405	      0.04121797087597023346	      2.90679789862771542630	      1.11645889898359795822	    -12.76842526560268531455	      2.37568913438225681745	      4.71338688591504872960	     27.34896078350217862862	    -18.05741900237584474098	    -11.20953865801304338845	     13.55463502086004901059	     -4.11055655539398756559
      1.30099999999996729372	     -3.37324117134372825078	     -5.33960524870102215544	     -2.33159573675800357861	      0.59285532381917893652	      1.00384967451238971137	      0.04104158408950684539	      2.89436175990926169987	      1.13081626662852907650	    -12.75212879311061797694	      2.36980798147549132082	      4.69937971918388175396	     27.35354877699026232563	    -18.23970857186744964906	    -11.36884081174196126085	     13.49342072304791351200	     -4.15782561972448938548
      1.30199999999996718358	     -3.37273875333147010736	     -5.34352244405663334703	     -2.32494353614931092977	      0.59303356548428587391	      1.00386380452001322539	      0.04086417424223915545	      2.88176893547559753728	      1.14452524411910183666	    -12.73457332600960789648	      2.36381370662293166518	      4.68543525690501816428	     27.35739000918766805626	    -18.42436644344534357742	    -11.52762541442646337941	     13.42932735341221928138	     -4.20429930957717346018
      1.30299999999996707345	     -3.37214771393391643528	     -5.34714560605383137926	     -2.31811171395082782354	      0.59321304335492130999	      1.00388030817877771383	      0.04068573544058827485	      2.86900746739135659169	      1.15757312275921431244	    -12.71574418970388720140	      2.35770630326509911256	      4.67154873815537907689	     27.36047071771923100414	    -18.61139909431703287623	    -11.68585276997813693356	     13.36230831188007606158	     -4.24993948894948303519
      1.30399999999996696332	     -3.37146514850118572681	     -5.35047527135946587862	     -2.31110017119768107463	      0.59339372464420181430	      1.00389916185866434617	      0.04050626184854525663	      2.85606545253153321084	      1.16994773544368069196	    -12.69562619222952903897	      2.35148550241277076722	      4.65771593430234531752	     27.36277795521529654366	    -18.80081190638651378322	    -11.84348393368789231772	     13.29226516790641987598	     -4.29472561742591008027
      1.30499999999996685318	     -3.37068810192480183829	     -5.35351221507731533933	     -2.30390885174158910331	      0.59357557740371935662	      1.00392034134002883228	      0.04032574744016700907	      2.84293086677576223309	      1.18163696397310591379	    -12.67420440515680368776	      2.34515105184471872590	      4.64393269821644860684	     27.36429908768742080838	    -18.99260953681110919433	    -12.00048056536541984940	     13.21915450296397409602	     -4.33862030529058007033
      1.30599999999996674305	     -3.36981357453099139576	     -5.35625745338585002031	     -2.29653774367093843622	      0.59375857063225279120	      1.00394382208760757358	      0.04014418593687828912	      2.82959153549643760428	      1.19262864677931834656	    -12.65146418256262528246	      2.33870269709731548602	      4.63019498342266810909	     27.36502177150633841052	    -19.18679605997907344772	    -12.15680498875243742418	     13.14298870646272732188	     -4.38156906386029021405
      1.30699999999996663291	     -3.36883852286946838817	     -5.35871215504544373687	     -2.28898693578643142033	      0.59394267310452486530	      1.00396957956164700754	      0.03996157102737562389	      2.81603521100979792280	      1.20291074960741894984	    -12.62739079000036923617	      2.33214002109562734688	      4.61649911664992185223	     27.36493421049960872438	    -19.38337480050845229584	    -12.31242035620999963896	     13.06378154820833437100	     -4.42351852909616916065
      1.30799999999996652278	     -3.36775986011430550349	     -5.36087755456639758478	     -2.28125667169705526049	      0.59412785221846187156	      1.00399758948135398029	      0.03977789662095519707	      2.80224975836136191987	      1.21247186185738553554	    -12.60196903917852750965	      2.32546235987561278336	      4.60284193015546616579	     27.36402542607225996107	    -19.58234795855169352308	    -12.46729056652870681887	     12.98149336805910181170	     -4.46443341418230499329
      1.30899999999996641264	     -3.36657446153405137679	     -5.36275495267253532461	     -2.27334735085865835558	      0.59431407407993752656	      1.00402782802807521989	      0.03959315680494739087	      2.78822318001087543493	      1.22130126822424411870	    -12.57518335659468888821	      2.31866880815885689771	      4.58922072650613088740	     27.36228524597639477633	    -19.78371646462102972919	    -12.62138023629897709554	     12.89603346140425266242	     -4.50429599157212390281
      1.30999999999996630251	     -3.36527917675570620304	     -5.36434588249807475790	     -2.26525942882055009164	      0.59450130523546762529	      1.00406027122216268133	      0.03940734558203209947	      2.77394331995942655666	      1.22938812756289661543	    -12.54701861016349262457	      2.31175841401097548200	      4.57563295847145923290	     27.35970372615274470718	    -19.98748061683623689078	    -12.77465476659109810953	     12.80736691379292047088	     -4.54307236165802219574
      1.31099999999996619238	     -3.36387083848913004402	     -5.36565211208271186649	     -2.25699341842726308727	      0.59468951277763515417	      1.00409489512917837750	      0.03922045683076012812	      2.75939786983674073539	      1.23672149212593285306	    -12.51746013851679073525	      2.30473017170855687397	      4.56207621993632006507	     27.35627109843439441761	    -20.19364023821677278647	    -12.92708036755442080334	     12.71551435279240571674	     -4.58071201330090538306
      1.31199999999996608224	     -3.36234626511124456982	     -5.36667555719965605476	     -2.24854994427444365712	      0.59487866317195703392	      1.00413167610701115073	      0.03903248457840007013	      2.74457454803703981838	      1.24329076963709161951	    -12.48649336397196485393	      2.29758291705780015590	      4.54854841781298091519	     27.35197804293083478910	    -20.40219436930817664688	    -13.07862407086459199945	     12.62049650302998138329	     -4.61716552313540873342
      1.31299999999996597211	     -3.36070225527553967382	     -5.36741819190843560961	     -2.23992980050052281626	      0.59506872098763763379	      1.00417059102335404219	      0.03884342325676360536	      2.72946120446275575233	      1.24908601844651090396	    -12.45410343720051393746	      2.29031521420449246662	      4.53504792784626431512	     27.34681600837424042538	    -20.61314079158507794887	    -13.22925367488788062076	     12.52228237425453727383	     -4.65240165567268881830
      1.31399999999996586197	     -3.35893559241939554383	     -5.36788204707281835226	     -2.23113395322358920581	      0.59525964896083127798	      1.00421161740114128769	      0.03865326765343327087	      2.71404580214221402557	      1.25409790910368634798	    -12.42027532299616865430	      2.28292534051922624272	      4.52157358482052540438	     27.34077719441968667979	    -20.82647589901358031739	    -13.37893776020521308112	     12.42079238255806750146	     -4.68640696377838050779
      1.31499999999996575184	     -3.35704306568627774965	     -5.36806937852111332177	     -2.22216343484322464974	      0.59545140989679257171	      1.00425473273053245116	      0.03846201265948192421	      2.69831618838515518988	      1.25831705184005926412	    -12.38499462059133016112	      2.27541149015207988526	      4.50812437667912035977	     27.33385388757114142777	    -21.04219556446303229791	    -13.52764578517935767366	     12.31600135061021639160	     -4.71915209090754039778
      1.31599999999996564171	     -3.35502147969090902535	     -5.36798266970714976765	     -2.21301934387045262653	      0.59564396683555387302	      1.00429991461226175709	      0.03826965323078472536	      2.68226013831036302903	      1.26173411015547198843	    -12.34824758748492712357	      2.26777179246730664630	      4.49469939764432702134	     27.32603839978705906333	    -21.26029529322313038620	    -13.67534806262934132803	     12.20793772099101914819	     -4.75059121517797322554
      1.31699999999996553157	     -3.35286765430538169497	     -5.36762454349762130335	     -2.20370290037139726635	      0.59583728181489459264	      1.00434714098841859631	      0.03807618467948047092	      2.66586553917597735008	      1.26434029101967926323	    -12.31002074946109203779	      2.26000422992758265295	      4.48129796670360747157	     27.31732337682848310578	    -21.48076978294157513005	    -13.82201570392520650898	     12.09662944243009796708	     -4.78067958884597032920
      1.31799999999996542144	     -3.35057841179242910101	     -5.36699766953711332462	     -2.19421550808886633988	      0.59603131445473045424	      1.00439639033982741623	      0.03788160291712242694	      2.64912035331426531926	      1.26612727766512311867	    -12.27030056258417900494	      2.25210644316149100064	      4.46791989692301338977	     27.30770217663390297957	    -21.70361238036771212023	    -13.96762068568044945494	     11.98205568658391051429	     -4.80939093133643424949
      1.31899999999996531130	     -3.34815058011219468526	     -5.36610476223394705642	     -2.18455875579806146902	      0.59622602207870400992	      1.00444764178038714597	      0.03768590438532764403	      2.63201257564516710730	      1.26708711397186868375	    -12.22907349484976435861	      2.24407570228479258390	      4.45456551912043430264	     27.29716885817133587011	    -21.92881497312635730168	    -14.11213590121151995049	     11.86415013541673602049	     -4.83671704526042489647
      1.31999999999996520117	     -3.34558102515753441608	     -5.36494875406273052931	     -2.17473430000555323360	      0.59642136196710648921	      1.00450087432012513666	      0.03748908581267423185	      2.61453022501532439392	      1.26721205653484236819	    -12.18632679228342574618	      2.23590923293247323400	      4.44123523060888114600	     27.28571743786973513579	    -22.15636901600682406865	    -14.25553508868416408006	     11.74289824328662845687	     -4.86263376836220295729
      1.32099999999996509104	     -3.34286665953804673634	     -5.36353279835547791521	     -2.16474386270997154469	      0.59661729162487764366	      1.00455606696618793272	      0.03729114415128732818	      2.59666141196771960153	      1.26649473036909410162	    -12.14204848493055344250	      2.22760425876522827338	      4.42792942364662778232	     27.27334183978917536706	    -22.38626567192619987168	    -14.39779276827541032446	     11.61833646691500554482	     -4.88710040836815906573
      1.32199999999996498090	     -3.34000443627725918105	     -5.36186017841711937137	     -2.15458929000583720992	      0.59681376742955905002	      1.00461319895754663811	      0.03709207686066887111	      2.57839443325562944764	      1.26492839630808462381	    -12.09622700720651700124	      2.21915788140507252990	      4.41464864746424101583	     27.26003625383068751376	    -22.61849527434427997719	    -14.53888423108293004304	     11.49050088621083531848	     -4.91007736647728965096
      1.32299999999996487077	     -3.33699132929122210811	     -5.35993421229115263316	     -2.14427261749391018242	      0.59701074308336410379	      1.00467224995565884704	      0.03689188213678799150	      2.55971758993702902529	      1.26250651399743385461	    -12.04885087867519644078	      2.21056678829518249429	      4.40139402247112876410	     27.24579556550403935944	    -22.85304673909958594891	    -14.67878576212234875698	     11.35938194630427844345	     -4.93154380675755010799
      1.32399999999996476063	     -3.33382433574607039972	     -5.35775825124938887001	     -2.13379606862712778437	      0.59720816985014335554	      1.00473320010833111482	      0.03669055881293478705	      2.54061914747873940357	      1.25922260712196854016	    -11.99990876563341579697	      2.20182722708317379912	      4.38816728292459057315	     27.23061535792928822275	    -23.08990747009871924433	    -14.81747470256272869449	     11.22492743882232701935	     -4.95149722495339172923
      1.32499999999996465050	     -3.33050051897549970192	     -5.35533585848780369076	     -2.12316192453668461937	      0.59740599921677217665	      1.00479602930291167517	      0.03648810611294149575	      2.52108760568292211701	      1.25507077955269075176	    -11.94939016951777510656	      2.19293551660942620529	      4.37497008370018125589	     27.21449110435684914933	    -23.32906448980541824767	    -14.95492909470381803771	     11.08713407327917543910	     -4.96991896761837992358
      1.32599999999996454036	     -3.32701701496770496647	     -5.35267081164360813972	     -2.11237251984924290227	      0.59760418326219277851	      1.00486071724659198345	      0.03628452354919036588	      2.50111176756753250672	      1.25004584898216131172	    -11.89728541252337024048	      2.18388810008278921870	      4.36180392884428691502	     27.19741814066074425682	    -23.57050457161607326384	    -15.09112760389692375895	     10.94604710920669710106	     -4.98677370835804723015
      1.32699999999996443023	     -3.32337101889964658952	     -5.34976700875563793147	     -2.10143030528204688423	      0.59780267317065916011	      1.00492724370456421035	      0.03607981118706108520	      2.48068068811348840796	      1.24414324777425999713	    -11.84358527736842781053	      2.17468133969638710568	      4.34867045658965967192	     27.17939207518863398150	    -23.81421364318996936049	    -15.22604964009260974933	     10.80171199936029502453	     -5.00202721534364158629
      1.32799999999996432010	     -3.31955976164569088738	     -5.34662837144693625646	     -2.09033791471093088887	      0.59800141759932079477	      1.00499558868779348408	      0.03587396986985114805	      2.45978340224892821908	      1.23735835710599784143	    -11.78828070314148845910	      2.16531115300421461711	      4.33557196061127747555	     27.16040925437038211498	    -24.06017614817606542488	    -15.35967570417139604899	     10.65413115241195285421	     -5.01566427097505229682
      1.32899999999996420996	     -3.31558051187426139350	     -5.34325884390502903187	     -2.07909816033064398511	      0.59820036303479751094	      1.00506573250777409001	      0.03566700109271212643	      2.43840891118046032560	      1.22968641430523861757	    -11.73136282308718314482	      2.15577300545662131626	      4.32251142618833394948	     27.14046677574741650574	    -24.30837495463207531543	    -15.49198743333095507069	     10.50326638353149988347	     -5.02768822283421368269
      1.32999999999996409983	     -3.31143062654807884826	     -5.33966257463878424261	     -2.06771389288604101608	      0.59839945677058303808	      1.00513765505494157004	      0.03545890674246142404	      2.41654667399235467684	      1.22112355812515360753	    -11.67282358355460480936	      2.14606258863375520818	      4.30949160887252435970	     27.11956163143756626255	    -24.55879258184830860046	    -15.62296697298986813962	     10.34912607735581957513	     -5.03808607374584127570
      1.33099999999996398969	     -3.30710755482535256888	     -5.33584391798704515963	     -2.05618799670282870196	      0.59859864732926648667	      1.00521133587501365625	      0.03524968896073485403	      2.39418665179720946412	      1.21166688447765080738	    -11.61265571771433435799	      2.13617586640825640742	      4.29651498491150007908	     27.09769070004345081770	    -24.81141133555472677585	    -15.75259691113928006700	     10.19176535854313314644	     -5.04682796894649055019
      1.33199999999996387956	     -3.30260881845158493775	     -5.33180733731641343098	     -2.04452345597253337672	      0.59879788285801238690	      1.00528675440163040022	      0.03503935039077101660	      2.37131911249624671711	      1.20131398703786262949	    -11.55085240748137920264	      2.12610877380529617042	      4.28358417901837373876	     27.07485119924213989862	    -25.06621266943280801343	    -15.88086055748319580516	     10.03124024866811403456	     -5.05388510046473271586
      1.33299999999996376943	     -3.29793198794090969272	     -5.32755730738325183893	     -2.03272342212848045051	      0.59899710947201478817	      1.00536389014067362169	      0.03482789441520518087	      2.34793436195628979490	      1.19006229871363222728	    -11.48740698687735140027	      2.11585683341254382483	      4.27070251007256906917	     27.05104117014862552537	    -25.32317647106237856747	    -16.00774233717973160651	      9.86756540011169747117	     -5.05924797701792883231
      1.33399999999996365929	     -3.29307468537302039380	     -5.32309831288248513914	     -2.02079120711950910305	      0.59919627168104139248	      1.00544272273275425711	      0.03461532501879727858	      2.32402276919372807740	      1.17790908466318389181	    -11.42231296456028211139	      2.10541517170688319283	      4.25787399975556013487	     27.02625949154806050956	    -25.58228096482307734050	    -16.13322780268510925339	      9.70071603594835707440	     -5.06292605118852456769
      1.33499999999996354916	     -3.28803463787097394189	     -5.31843503001284290121	     -2.00873013947950251890	      0.59939531548441493669	      1.00552323127888931786	      0.03440164651245113114	      2.29957532746716708516	      1.16485265940723992095	    -11.35556460674152390311	      2.09477927938807928498	      4.24510233622579757906	     27.00050498110490337922	    -25.84350407596809517941	    -16.25730284733546682219	      9.53071239811946391285	     -5.06491221142020808799
      1.33599999999996343902	     -3.28280967962631731183	     -5.31357232632259002258	     -1.99654355985264087003	      0.59959418877525139102	      1.00560539442484375705	      0.03418686338031174526	      2.27458365868914347274	      1.15089234462921763402	    -11.28715691403986376429	      2.08394503884071680133	      4.23239085379989710134	     26.97377639281430461438	    -26.10682357781941576036	    -16.37995366910445227404	      9.35762040676293338493	     -5.06518218133060571517
      1.33699999999996332889	     -3.27739772886529223683	     -5.30851516195598538417	     -1.98423488973945771896	      0.59979283966511076631	      1.00568919058058070526	      0.03397098052198444657	      2.24903973779937960131	      1.13602781025192500763	    -11.21708530213466481484	      2.07290835864349531903	      4.21974305503923385885	     26.94607289772568137209	    -26.37221639749765600413	    -16.50116716514908787872	      9.18150751655624297598	     -5.06371262553636913850
      1.33799999999996321876	     -3.27179676688227782932	     -5.30326849135365296917	     -1.97180769871662642245	      0.59999121485045314728	      1.00577459810348290858	      0.03375400351945335997	      2.22293571519782418022	      1.12025864139632846950	    -11.14534530169326487226	      2.06166481667942047551	      4.20716310332717746689	     26.91739457563176074473	    -26.63965780428786089828	    -16.62093129754284959176	      9.00240051314054490206	     -5.06050003776789747434
      1.33899999999996310862	     -3.26600484219703668387	     -5.29783726012209132961	     -1.95926569776275072421	      0.60018926003055128593	      1.00586159538176067585	      0.03353593850874012766	      2.19626397531115502559	      1.10358441871172252569	    -11.07193257972117628185	      2.05020969353163629023	      4.19465579904774443776	     26.88774241902765993473	    -26.90912130742539076778	    -16.73923507283080525099	      8.82028709822409950903	     -5.05556053959114759522
      1.33999999999996299849	     -3.26002012225640269705	     -5.29222658398961520732	     -1.94661259576728618015	      0.60038692290990003375	      1.00595016021529160000	      0.03331679188972729716	      2.16901758966423585662	      1.08600569391235546313	    -10.99684352969160272551	      2.03853871498584027222	      4.18222556887956908866	     26.85711739094898220515	    -27.18058021021073145107	    -16.85606774622720038792	      8.63519924134658367620	     -5.04889331075481972988
      1.34099999999996288835	     -3.25384089476343074665	     -5.28644174674703304362	     -1.93385209628806431503	      0.60058415352488403460	      1.00604026991729322837	      0.03309657017962458481	      2.14119028534497113370	      1.06752387549631411190	    -10.92007526428400865370	      2.02664806108886574876	      4.16987646418527280190	     26.82552041227728523154	    -27.45400776968812550649	    -16.97141881350848535703	      8.44721416408211034366	     -5.04047980384361959949
      1.34199999999996277822	     -3.24746554453610691837	     -5.28048810035719373701	     -1.92098796735227272947	      0.60078090255470462111	      1.00613190152174691860	      0.03287528026800085046	      2.11277618601382455310	      1.04814061129730595745	    -10.84162530568285198740	      2.01453398844412134849	      4.15761269348969531023	     26.79295285749721244883	    -27.72937641494526417318	    -17.08527844076727220113	      8.25641108207255669527	     -5.03030228455607097970
      1.34299999999996266808	     -3.24089253689381306955	     -5.27437096589246579015	     -1.90802410901442964786	      0.60097711972793288471	      1.00622503197668278219	      0.03265292972117923853	      2.08376976745653053058	      1.02785767893664536921	    -10.76149126997675686823	      2.00219251766801065173	      4.14543903084165599182	     26.75941705141637072529	    -28.00665684144804856714	    -17.19763776686503575775	      8.06282841145186424114	     -5.01836366484852103298
      1.34399999999996255795	     -3.23412042300244984006	     -5.26809562822049670672	     -1.89496454798884417237	      0.60117275416499016405	      1.00631963825878467667	      0.03242952667577092551	      2.05416592845926304634	      1.00667711254088221295	    -10.67967089896562526974	      1.98961946886164708914	      4.13336077302927851207	     26.72491625605991316661	    -28.28581791163641412368	    -17.30848886704580280593	      7.86646522342353549107	     -5.00468749276536684079
      1.34499999999996244782	     -3.22714788623910520116	     -5.26166751215952466225	     -1.88181329572864664001	      0.60136775716507751000	      1.00641569680152298538	      0.03220507953313843374	      2.02396021659787894720	      0.98460166556635220214	    -10.59616269347964312431	      1.97681112512025447536	      4.12138284542079791350	     26.68945368047218380525	    -28.56682841783770854249	    -17.41782404846894038997	      7.66736480466949199553	     -4.98927967965121510474
      1.34599999999996233768	     -3.21997374371980171759	     -5.25509217904373571173	     -1.86857434610348516202	      0.60156208243634490263	      1.00651318362172714771	      0.03197959683285728910	      1.99314877940901880038	      0.96163467890483222966	    -10.51096592402167928526	      1.96376423306081604458	      4.10950979838524066423	     26.65303244936391635633	    -28.84965724872728642936	    -17.52563585224205056079	      7.46561567499997646991	     -4.97212756125480748182
      1.34699999999996222755	     -3.21259692553807330029	     -5.24837522635778075397	     -1.85525174536760739663	      0.60175568443695814924	      1.00661207452946155350	      0.03175308753384844390	      1.96172820379818668712	      0.93777970380464814593	    -10.42408031685076075235	      1.95047565486363727594	      4.09774628014488229155	     26.61565610795371483732	    -29.13427249845659616767	    -17.63191744541671468482	      7.26130847010556834675	     -4.95321929870484467529
      1.34799999999996211741	     -3.20501646195432288167	     -5.24152218839725492217	     -1.84184966060192256698	      0.60194851681239491814	      1.00671234534684539419	      0.03152556135395076509	      1.92969558758334569504	      0.91304066594868038553	    -10.33550571676041229807	      1.93694208382048960182	      4.08609738958121759822	     26.57732912757346710464	    -29.42064049441880513314	    -17.73666288070837637747	      7.05449246146902719801	     -4.93256465836225554966
      1.34899999999996200728	     -3.19723148892944220023	     -5.23453852936238295257	     -1.82837237549792197555	      0.60214053264122702203	      1.00681397205550027252	      0.03129702868389095533	      1.89704859769116040979	      0.88742197947533663083	    -10.24524213350118806432	      1.92316006799522232207	      4.07456863709400174400	     26.53805687677230551458	    -29.70872570917248012279	    -17.83986706587591442030	      6.84517716007144993995	     -4.91019504235011705617
      1.34999999999996189715	     -3.18924128765620062964	     -5.22742981766367620367	     -1.81482414818138537704	      0.60233168701454642413	      1.00691693024874129314	      0.03106750025794089917	      1.86378545348836954787	      0.86092847095167168714	    -10.15329042905579548517	      1.90912659905932735604	      4.06316516186141818423	     26.49784458378521279087	    -29.99849270096567366295	    -17.94152515337295739073	      6.63341661429526574523	     -4.88612326112122019595
      1.35099999999996178701	     -3.18104528664023611384	     -5.22020172176383390195	     -1.80120920904698667009	      0.60252193719681446105	      1.00702119528295175321	      0.03083698704661432324	      1.82990488634181880379	      0.83356528991413270102	    -10.05965233525086155453	      1.89483911687531825230	      4.05189170887619631856	     26.45669729042152340526	    -30.28990627928012102643	    -18.04163252928631777650	      6.41931009509129424373	     -4.86034263354181295114
      1.35199999999996167688	     -3.17264304431318944211	     -5.21285990963058853964	     -1.78753183098247259153	      0.60271124101269057949	      1.00712674251142852988	      0.03060550056866189264	      1.79540611137081329574	      0.80533784934154772905	     -9.96433012287467256840	      1.88029520191283361363	      4.04075302505323197266	     26.41462036821256020858	    -30.58293050832999071531	    -18.14018514090295397523	      6.20295866497122716510	     -4.83284758602333308630
      1.35299999999996156674	     -3.16403423771263980768	     -5.20540995038621279178	     -1.77379639862618176949	      0.60289955529374938958	      1.00723354754237925945	      0.03037305325206523729	      1.76028894775178845755	      0.77625209151181950862	     -9.86732624814932712809	      1.86549228516579690407	      4.02975421593806526488	     26.37162003660078823941	    -30.87752770652987877043	    -18.23717977467489248511	      5.98442162471587302264	     -4.80365481468812927091
      1.35399999999996145661	     -3.15521866676416218311	     -5.19785730708716009474	     -1.76000740399023003491	      0.60308683605928037341	      1.00734158640739202006	      0.03013965835270346338	      1.72455384542891887456	      0.74631453757486465594	     -9.76864340985712509280	      1.85042765517659502095	      4.01890072625225602820	     26.32770332596731677199	    -31.17365837474324408163	    -18.33261404661731219790	      5.76371852706835596791	     -4.77280308698693378489
      1.35499999999996134648	     -3.14619628797761041739	     -5.19020750949993114887	     -1.74616930153612059939	      0.60327304100121303954	      1.00745083499961185503	      0.02990532958995981150	      1.68820171564938026343	      0.71553189064033440037	     -9.66828527014004990292	      1.83509902590026641178	      4.00819758971959316796	     26.28287700504688828573	    -31.47128324571524515818	    -18.42648579813613096690	      5.54091366409294572293	     -4.74031174584648873349
      1.35599999999996123634	     -3.13696721696596725337	     -5.18246614978433406407	     -1.73228650543341800017	      0.60345812963287359665	      1.00756126923640554338	      0.02967008104635998622	      1.65123391989226209198	      0.68391102851793750261	     -9.56625646037754151507	      1.81950455323781490335	      3.99764938418787263430	     26.23714753278017752791	    -31.77036344428742609125	    -18.51879305638985329097	      5.31611601283280421626	     -4.70618010088606641972
      1.35699999999996112621	     -3.12753171381211281243	     -5.17463878240806085529	     -1.71836346046160914902	      0.60364206171156886693	      1.00767286533652633551	      0.02943392750555185594	      1.61365234834150506060	      0.65145919146102004849	     -9.46256222857852336006	      1.80364254782146549161	      3.98726058824886298027	     26.19052159004119673114	    -32.07085941511539317617	    -18.60953432747711033812	      5.08943546509265321021	     -4.67040907897793111658
      1.35799999999996101607	     -3.11789016972063137700	     -5.16673082855273335667	     -1.70440471097776669041	      0.60382479567915980923	      1.00778560012028695070	      0.02919688481089192933	      1.57545950179546645487	      0.61818413473409539183	     -9.35720809219365889930	      1.78751115061044063559	      3.97703598896014653974	     26.14300660887588634296	    -32.37272991908038477504	    -18.69870895810841204820	      4.86094081667671584768	     -4.63302177055820063600
      1.35899999999996090594	     -3.10804310903346836525	     -5.15874757004365580570	     -1.69041489497768604444	      0.60400628884222906656	      1.00789945117408175079	      0.02895896976796009242	      1.53665848256230286317	      0.58409409366948317199	     -9.25019989474890280690	      1.77110832959143627008	      3.96698068301706063821	     26.09461073620823157171	    -32.67593198298802548152	    -18.78631714806470753842	      4.63066216115658235708	     -4.59406276525725232318
      1.35999999999996079580	     -3.09799122122406256352	     -5.15069431973181135476	     -1.67639859615141140203	      0.60418649990333161970	      1.00801439623261823719	      0.02872019974695770930	      1.49725282469537823715	      0.54919742564525908524	     -9.14154450560245557256	      1.75443249075729190700	      3.95709927249213100353	     26.04534174796865286794	    -32.98042299551138967217	    -18.87235922871192883576	      4.39867316619183856830	     -4.55355700287365383616
      1.36099999999996068567	     -3.08773536251762514837	     -5.14257641674986309965	     -1.66236034029159340797	      0.60436538914897064423	      1.00813041331162001057	      0.02848059256889445834	      1.45724651417438688661	      0.51350267710592512049	     -9.03124981698746331915	      1.73748250489479638681	      3.94739580948647539316	     25.99520701525747767846	    -33.28616083450059193183	    -18.95683559894204606167	      4.16509131688392741921	     -4.51150963864974130502
      1.36199999999996057554	     -3.07727654182128373961	     -5.13439912813043086715	     -1.64830466724363744468	      0.60454291688580708009	      1.00824748103538963662	      0.02824016685329966067	      1.41664410044721855719	      0.47701883354401669601	     -8.91932438120594284214	      1.72025740734235510487	      3.93787417117678728573	     25.94421405181940443185	    -33.59310275960084624103	    -19.03974705137401812749	      3.93003458715999709483	     -4.46792800962656411201
      1.36299999999996046540	     -3.06661590552531571063	     -5.12616755999941631217	     -1.63423619895850880113	      0.60471904188280212189	      1.00836557901393453207	      0.02799894236432023606	      1.37545068708346307496	      0.43975522953289913897	     -8.80577704287545870443	      1.70275603825983767869	      3.92853852817193560654	     25.89237103916461535391	    -33.90120448757019744335	    -19.12109524188549514179	      3.69357904920217983147	     -4.42284048657691375439
      1.36399999999996035527	     -3.05575473399197772295	     -5.11788665148182619902	     -1.62015962987864203804	      0.60489372160406473800	      1.00848468792356782409	      0.02775693986843229266	      1.33367188994062280116	      0.40172143246676172978	     -8.69061705023445263407	      1.68497703848483304512	      3.91939334906398517688	     25.83968680288559838232	    -34.21042007440909316074	    -19.20088272063804879508	      3.45576595237834061081	     -4.37629523317894975065
      1.36499999999996024513	     -3.04469447505874901694	     -5.10956133921305966084	     -1.60607957849406757234	      0.60506691486678454428	      1.00860478876929482439	      0.02751418071246302180	      1.29131379809954904836	      0.36292723022188333459	     -8.57385470603921540089	      1.66691953295708850113	      3.91044250580383856430	     25.78616974234991232606	    -34.52070398271240492249	    -19.27911201337667890243	      3.21668088902347770741	     -4.32832148244812664473
      1.36599999999996013500	     -3.03343675002204449243	     -5.10119655657950410443	     -1.59200058634871677299	      0.60523858210391190404	      1.00872586304164180149	      0.02727068671075783338	      1.24838302891082797430	      0.32338276732473736352	     -8.45550123314220769544	      1.64858316674996263629	      3.90168923644241516513	     25.73182780511894307551	    -34.83201132835432645152	    -19.35578553307074400891	      2.97644613993880868819	     -4.27892993712200819800
      1.36699999999996002487	     -3.02198333466254709379	     -5.09279713715097415161	     -1.57792718876227522351	      0.60540868379013124123	      1.00884789305575517382	      0.02702648046771450110	      1.20488678199966003923	      0.28309863810375673898	     -8.33556847825849978051	      1.62996776543807464499	      3.89313657216944131179	     25.67666904901595970045	    -35.14429669530236566288	    -19.43090600859495253872	      2.73518277195866765794	     -4.22813385566088317802
      1.36799999999995991473	     -3.01033613512581244009	     -5.08436772969750006013	     -1.56386397711484170792	      0.60557717890353601753	      1.00897086229715426953	      0.02678158566898443047	      1.16083271272705079724	      0.24208550388891025840	     -8.21406867798140183368	      1.61107295510777981384	      3.88478781876669287954	     25.62070215971426634383	    -35.45751312909706598475	    -19.50447706144894510771	      2.49297827848505848536	     -4.17596546532945200880
      1.36899999999995980460	     -2.99849718831025224830	     -5.07591279867776457024	     -1.54981559018747483414	      0.60574402525164638966	      1.00909475551227956203	      0.02653602693195107956	      1.11622890426219090187	      0.20035399905555406619	     -8.09101444394195823406	      1.59189817950789658241	      3.87664656184511313697	     25.56393641928856652612	    -35.77161218357858274430	    -19.57650321329768416945	      2.24988612595641335190	     -4.12247435801048744963
      1.36999999999995969446	     -2.98646870093160954340	     -5.06743678064736702282	     -1.53578657093215986684	      0.60590918223245482377	      1.00921955785098904634	      0.02628982938960362781	      1.07108401629438154679	      0.15791519356207206481	     -7.96641930489310112762	      1.57244343574809608555	      3.86871572438946520478	     25.50638067250702789579	    -36.08654595107712026447	    -19.64698876802565763455	      2.00599751889028121710	     -4.06769291377427233414
      1.37099999999995958433	     -2.97425304898193987313	     -5.05894408024446384786	     -1.52178136366982275085	      0.60607261113701293986	      1.00934525487952075906	      0.02604301853204321268	      1.02540732141930779342	      0.11478067937013847200	     -7.84029766107154912902	      1.55270929669636692516	      3.86099754723540389278	     25.44804332895513354629	    -36.40226716773024406848	    -19.71593774923414343903	      1.76144063565401420846	     -4.01163691036937120060
      1.37199999999995947420	     -2.96185275813716097915	     -5.05043898238192756622	     -1.50780438484237389041	      0.60623427358620307626	      1.00947183300593557043	      0.02579562051049286500	      0.97920867048381010633	      0.07096242830930732381	     -7.71266445117457255520	      1.53269654151489942429	      3.85349407250471065467	     25.38893290910083422318	    -36.71872814175772958833	    -19.78335443791195658036	      1.51634081495609174262	     -3.95432454082083673086
      1.37299999999995936406	     -2.94927047707893486006	     -5.04192557489355230871	     -1.49386008106788592542	      0.60639413005489928299	      1.00959927985015140983	      0.02554766239137849435	      0.93249830732431149283	      0.02647225970027857964	     -7.58353496034550200733	      1.51240579910287165077	      3.84620758734519307964	     25.32905852954183245629	    -37.03587978397555957599	    -19.84924398305236437068	      1.27079182385941824585	     -3.89579066159699749505
      1.37399999999995925393	     -2.93650897479284056502	     -5.03340774870780904848	     -1.47995291877538792669	      0.60655214025720949333	      1.00972758421798070039	      0.02529917197631249490	      0.88528684837822768650	     -0.01867823392122554271	     -7.45292484878167105222	      1.49183758060432958281	      3.83914060691388803193	     25.26842987576200627586	    -37.35367160825132515356	    -19.91361239308276154247	      1.02485903038124126496	     -3.83608516432910295890
      1.37499999999995914379	     -2.92357118611795741003	     -5.02488934521674313061	     -1.46608725134433615089	      0.60670826589555171271	      1.00985673516032714581	      0.02505017742502503586	      0.83758557840429581631	     -0.06447684777952653046	     -7.32085055224403546958	      1.47099300592486392780	      3.83229497580530109602	     25.20705621689826259058	    -37.67205375387041499380	    -19.97646530273653553422	      0.77864075859296888460	     -3.77524282883090700480
      1.37599999999995903366	     -2.91046020989518572364	     -5.01637415291206156809	     -1.45226731746194581696	      0.60686247097267853601	      1.00998672192754579413	      0.02480070708658746806	      0.78940646422382587666	     -0.11091073432169314128	     -7.18732922849973032697	      1.44987381141746318747	      3.82567187638115191461	     25.14494641254402296227	    -37.99097708398489459114	    -20.03780793798327763966	      0.53226694191966195113	     -3.71328379058332247453
      1.37699999999995892352	     -2.89717928361439502893	     -5.00786582546725611564	     -1.43849730749827164900	      0.60701472026489677880	      1.01011753439896212470	      0.02455078974846736789	      0.74076201934993701759	     -0.15796680168884716378	     -7.05237849951443518393	      1.42848197128415810297	      3.81927231645774023505	     25.08210943463851450019	    -38.31039211985902426250	    -20.09764574673319614817	      0.28586474614841533848	     -3.65022989166560662966
      1.37799999999995881339	     -2.88373175624235855707	     -4.99936780991080631509	     -1.42478141779685429924	      0.60716497793435875163	      1.01024916345414528251	      0.02430045485337465477	      0.69166513007223917597	     -0.20563222213342893796	     -6.91601629938946338427	      1.40681939896279994962	      3.81309748785477697908	     25.01855481662949998167	    -38.63024811257443502654	    -20.15598497281818879401	      0.03953369051111696453	     -3.58611787471228815605
      1.37899999999995870326	     -2.87012108611187644058	     -4.99088334683828716010	     -1.41112384156596815110	      0.60731320792362408767	      1.01038160088887640775	      0.02404973232200141239	      0.64212905928357510987	     -0.25389443893837476685	     -6.77826089226268280186	      1.38488799229516956757	      3.80714873219723815012	     24.95429262141045256840	    -38.95049306305461556121	    -20.21283261969514555290	     -0.20665170316095993197	     -3.52099819326262997166
      1.37999999999995859312	     -2.85635088826467908873	     -4.98241560735216282296	     -1.39752864690606393161	      0.60745937655196080573	      1.01051483843300826670	      0.02379865223155775908	      0.59216777031593725855	     -0.30274022901300473576	     -6.63913118619856668090	      1.36269027463686143165	      3.80142677199409906308	     24.88933250843830791155	    -39.27107568454330532859	    -20.26819523695072078340	     -0.45258881024459968190	     -3.45490784557286101375
      1.38099999999995848299	     -2.84242493074249136242	     -4.97396768952493406601	     -1.38399977560568743229	      0.60760345278846217276	      1.01064886767104455956	      0.02354724465211190110	      0.54179590486362794177	     -0.35215574823145234795	     -6.49864669585115617423	      1.34022938489131626660	      3.79593173282986162675	     24.82368373660710858530	    -39.59194548138463431997	    -20.32207891808327460126	     -0.69814777732134303267	     -3.38787031657999326839
      1.38199999999995837285	     -2.82834710521297649777	     -4.96554254187997212711	     -1.37054110453871547115	      0.60774540680225141998	      1.01078368046634303745	      0.02329553983644377588	      0.49102859589343172964	     -0.40212706446586937714	     -6.35682734786426273388	      1.31750872766683069237	      3.79066357802022668722	     24.75735565119848402560	    -39.91305171084822234207	    -20.37448995779391935912	     -0.94320103646939423836	     -3.31990969273532199324
      1.38299999999995826272	     -2.81412140263938015394	     -4.95714289489604276184	     -1.35715649863863818680	      0.60788520867877826603	      1.01091926932190268040	      0.02304356840757976199	      0.43988137564114648814	     -0.45264047159810433252	     -6.21369333729307449232	      1.29453175120439145651	      3.78562237606988416516	     24.69035810096697147742	    -40.23434252125974808223	    -20.42543533519741671967	     -1.18764598467746362864	     -3.25106441001262647106
      1.38399999999995815259	     -2.79975191242088872201	     -4.94877125993038724516	     -1.34384980409907783816	      0.60802282876629742958	      1.01105562727911535426	      0.02279136120752575656	      0.38837020018797868692	     -0.50368242782287131476	     -6.06926513551259816381	      1.27130199334430260549	      3.78080826047533857803	     24.62270140258553396961	    -40.55576498926748740814	    -20.47492265675027667271	     -1.43140305032305503730	     -3.18138678860895263156
      1.38499999999995804245	     -2.78524286579488133953	     -4.94043005706851001690	     -1.33062473408144876785	      0.60815824001406859622	      1.01119274697552952169	      0.02253894904010270844	      0.33651166463643616966	     -0.55523883954331776369	     -5.92356377363542030423	      1.24782358270967574931	      3.77622082261354652388	     24.55439545533628731278	    -40.87726697881365822695	    -20.52295908108990474261	     -1.67436832922028977499	     -3.11091613210997852690
      1.38599999999995793232	     -2.77059863084487645324	     -4.93212161110617497428	     -1.31748486724962621253	      0.60829141817552545568	      1.01133062057690059632	      0.02228636253289509317	      0.28432294952681591571	     -0.60729516377846348707	     -5.77661082537336767473	      1.22410121390234816197	      3.77185913046065213194	     24.48544973674838942657	    -41.19879719904158577037	    -20.56955134142306107492	     -1.91641381145096700855	     -3.03967795970407239636
      1.38699999999995782218	     -2.75582368230207563897	     -4.92384807869290774818	     -1.30443370537775971130	      0.60842234046965781857	      1.01146924018376149768	      0.02203363227489849724	      0.23182165708831378725	     -0.65983689328860228862	     -5.62842825040970318184	      1.20013985833651748436	      3.76772207659282898362	     24.41587375543275939549	    -41.52030421185386899197	    -20.61470635759474845372	     -2.15741312071979995935	     -2.96769723075225844156
      1.38799999999995771205	     -2.74092258199295280008	     -4.91561138139928655022	     -1.29147472775781402277	      0.60855098440502941592	      1.01160859817215165180	      0.02178078897699966404	      0.17902583374729583165	     -0.71284959735082042975	     -5.47903822701956233487	      1.17594461713332032460	      3.76380858101167481422	     24.34567744643939946059	    -41.84173566315649139824	    -20.65843160902782216226	     -2.39726365251607553830	     -2.89501410133812520087
      1.38899999999995760191	     -2.72589997915075521462	     -4.90741320309778128461	     -1.27861138672832241880	      0.60867732804316165840	      1.01174868712227716827	      0.02152786336240734844	      0.12595400022044336841	     -0.76631882138817719596	     -5.32846314827740563658	      1.15152075620172467119	      3.76011755574921746614	     24.27487113757941017411	    -42.16303833337824613636	    -20.70073506972136456739	     -2.63588538985101505929	     -2.82168417191948428524
      1.38999999999995749178	     -2.71076064509062719665	     -4.89925511118731815685	     -1.26584699528417710113	      0.60880135204524288284	      1.01188949899320812520	      0.02127488597670376333	      0.07262516754800704688	     -0.82022980696957392688	     -5.17672593103088996003	      1.12687405050514688476	      3.75664743152232061263	     24.20346470482930456569	    -42.48415983965566766756	    -20.74162433463678922863	     -2.87317611450951426733	     -2.74774893306412026917
      1.39099999999995738165	     -2.69550946810953728772	     -4.89113855258237428814	     -1.25318472490112120532	      0.60892303979896389432	      1.01203102510667064529	      0.02102188709288070612	      0.01905876853693108317	     -0.87456760931926169622	     -5.02385001012063714398	      1.10201074987911207259	      3.75339616324646474510	     24.13146756465633302469	    -42.80504867574381933082	    -20.78110665178687099797	     -3.10901120399601316180	     -2.67323440768201736617
      1.39199999999995727151	     -2.68015142625199898063	     -4.88306478378737107704	     -1.24062766208199226625	      0.60904237620836543243	      1.01217325652800749225	      0.02076889681170233926	     -0.03472541850811635550	     -0.92931737832714245151	     -4.86985918081976354443	      1.07693736544458151805	      3.75036149670721341565	     24.05888910154521553864	    -43.12565329105436973123	    -20.81918943886505601881	     -3.34326747633705290141	     -2.59816523787032815918
      1.39299999999995716138	     -2.66469157231059883273	     -4.87503480588341808755	     -1.22817886540022636055	      0.60915934662922388565	      1.01231618437677384215	      0.02051594519013358667	     -0.08870714852612300583	     -0.98446416086242161114	     -4.71477739497748959963	      1.05166058101517401191	      3.74754114517413849939	     23.98573905028819908125	    -43.44592143010683571447	    -20.85588055601549939411	     -3.57584529591977773322	     -2.52258312341543922130
      1.39399999999995705124	     -2.64913503474106715174	     -4.86704936210551597497	     -1.21584136220483385316	      0.60927393704879406755	      1.01245979981621614385	      0.02026306217909313798	     -0.14286569235002233302	     -1.03999280446174435788	     -4.55862874712132626343	      1.02618727067481008142	      3.74493276476973147027	     23.91202746938906642526	    -43.76580018999454324558	    -20.89118824345775138340	     -3.80666775750843378034	     -2.44654746435046721587
      1.39499999999995694111	     -2.63348704252216769817	     -4.85910905569634010703	     -1.20361803334278549826	      0.60938613586740209005	      1.01260409339123258476	      0.02001027750679790565	     -0.19718002664940631474	     -1.09588813937633045015	     -4.40143783583327152797	      1.00052470524067782520	      3.74253355835325240974	     23.83776393250716907346	    -44.08523752474235379850	    -20.92512044973597085118	     -4.03563664231176044694	     -2.37010124221643625475
      1.39599999999995683098	     -2.61775292112252877530	     -4.85121434726559819239	     -1.19151161046817666289	      0.60949593396192414119	      1.01274905508182766489	      0.01975762063501735125	     -0.25162889843683755586	     -1.15213506924117936592	     -4.24322975356001208525	      0.97468051476394990118	      3.74034026739939307049	     23.76295752484858425646	    -44.40418227274583529152	    -20.95768485971007777380	     -4.26263233146032582965	     -2.29326946548628507472
      1.39699999999995672084	     -2.60193807043599578677	     -4.84336548812970679734	     -1.17952473422178605311	      0.60960332360614566394	      1.01289467465264371171	      0.01950512083328743290	     -0.30619079034401996964	     -1.20871858667689302536	     -4.08402989658916926174	      0.94866254689745677098	      3.73834938554343665373	     23.68761725614347213309	    -44.72258333089544635186	    -20.98888929968194716480	     -4.48753732550989958838	     -2.21607557149548473063
      1.39799999999995661071	     -2.58604795219372896042	     -4.83556245880510715551	     -1.16766001243967232348	      0.60970829753179300869	      1.01304094192181182166	      0.01925280726556942434	     -0.36084375076876296085	     -1.26562345149853583415	     -3.92386374021643069554	      0.92247881420954291887	      3.73655734089308566581	     23.61175243031393833348	    -45.04038910227364311822	    -21.01874193459358508562	     -4.71025725805790518308	     -2.13856210381468736514
      1.39899999999995650057	     -2.57008809052968434372	     -4.82780496868270159183	     -1.15592001644190123244	      0.60981084905001825547	      1.01318784681273821313	      0.01900070896882249602	     -0.41556540169516387184	     -1.32283413330530041918	     -3.76275682098924146857	      0.89613749402120623788	      3.73496048199573982274	     23.53537262726337075947	    -45.35754755536247273540	    -21.04725121358028872010	     -4.93071985025062975438	     -2.06079126686847624583
      1.39999999999995639044	     -2.55406408930981942973	     -4.82009257211319219749	     -1.14430716262705245434	      0.60991097360837731589	      1.01333537885809232826	      0.01874885481282350178	     -0.47033326694849725280	     -1.38033531365669781543	     -3.60073513420962676435	      0.86964703875180637827	      3.73355470072694206607	     23.45848693266488638187	    -45.67400751402839631510	    -21.07442536189492798826	     -5.14883238479457006065	     -1.98280622682257345879
      1.40099999999995628031	     -2.53798162983041475371	     -4.81242466809578584019	     -1.13282371002239856672	      0.61000866881104875983	      1.01348352730917112829	      0.01849727350319877936	     -0.52512481615804740276	     -1.43811191880369060314	     -3.43782510742290670080	      0.84301613953109910682	      3.73233542179777044723	     23.38110394371151556925	    -45.98971867602377727735	    -21.10027239892271211374	     -5.36448226737442190881	     -1.90462979714809410581
      1.40199999999995617017	     -2.52184645401267815146	     -4.80480043779468779519	     -1.12147182082933505320	      0.61010393346865199327	      1.01363228144552031118	      0.01824599363443489553	     -0.57991733735665906835	     -1.49614890681899703750	     -3.27405337248259442617	      0.81625363841402365228	      3.73129780373927255610	     23.30323217227962118159	    -46.30463089484968008946	    -21.12480044448136595747	     -5.57756041955440462488	     -1.82628360609074125165
      1.40299999999995606004	     -2.50566435048324809287	     -4.79721878836929604972	     -1.11025361633176178344	      0.61019676680742784836	      1.01378163079478045283	      0.01799504371969027142	     -0.63468778874889608677	     -1.55443098012398461805	     -3.10944655381263102001	      0.78936849228511396515	      3.73043692551498695664	     23.22488039425124384252	    -46.61869372909987419007	    -21.14801786159351237870	     -5.78797918171643210883	     -1.74780980671785690639
      1.40399999999995594990	     -2.48944115363953066833	     -4.78967835602035929554	     -1.09917117174369804999	      0.61028716856308251604	      1.01393156522072036552	      0.01774445219290227485	     -0.68941283655738372360	     -1.61294258770727516605	     -2.94403125483420602393	      0.76236975993792921447	      3.72974777535794688177	     23.14605763610632038763	    -46.93185650238945783030	    -21.16993320958133040222	     -5.99567059501673593758	     -1.66927116085417881486
      1.40499999999995583977	     -2.47318275887298755222	     -4.78217762010997837763	     -1.08822639949051569452	      0.61037514033071682551	      1.01408207455038779088	      0.01749424744956424790	     -0.74406920237259766004	     -1.67166849078183643584	     -2.77783444327790718376	      0.73526666075904878461	      3.72922487966419735628	     23.06677245079425020435	    -47.24406938083884455182	    -21.19055485723618303950	     -6.20054837473675668491	     -1.59070940452545150912
      1.40599999999995572963	     -2.45689512189011693977	     -4.77471490531388464973	     -1.07742104802120142182	      0.61046068555686217039	      1.01423314870031067159	      0.01724445788014200565	     -0.79863367887382741284	     -1.73059372946890199785	     -2.61088340636280991092	      0.70806854314410994089	      3.72886230438182630920	     22.98703293275664094608	    -47.55528338331232163227	    -21.20989099371636754654	     -6.40250937619468718509	     -1.51214447123919648597
      1.40699999999995561950	     -2.44058424488129199759	     -4.76728832385922007830	     -1.06675676306220235112	      0.61054380872213676046	      1.01438477793809522787	      0.01699511189601369057	     -0.85308296402689054450	     -1.78970330271867572591	     -2.44320550664278091091	      0.68078482902983095126	      3.72865386389122832611	     22.90684710793988543287	    -47.86544977418067503550	    -21.22794986084457491415	     -6.60145558662089815272	     -1.43359583156555747685
      1.40799999999995550937	     -2.42425615768497726421	     -4.75989572541647287807	     -1.05623513733082652344	      0.61062451472086765047	      1.01453695305165481066	      0.01674623788982359390	     -0.90739359514071216140	     -1.84898205213332977870	     -2.27482801899583320093	      0.65342498124273351578	      3.72859328264943457043	     22.82622325128781426429	    -48.17451970752043877155	    -21.24473984979236007575	     -6.79730691556067601056	     -1.35510378249347684942
      1.40899999999995539923	     -2.40791691465488710833	     -4.75253470292893354099	     -1.04585770416556034235	      0.61070280894493300661	      1.01468966543175609374	      0.01649786423937370933	     -0.96154201001357730849	     -1.90841472110222443170	     -2.10577812739489678151	      0.62599848547870540205	      3.72867417835233627699	     22.74516987220264851999	    -48.48244428933193717057	    -21.26026945964095204999	     -6.98999872500066299352	     -1.27672890780717818160
      1.40999999999995528910	     -2.39157261431625434156	     -4.74520270223433815460	     -1.03562583068765956540	      0.61077869840562937220	      1.01484290675440291807	      0.01625001943086437639	     -1.01550478857833281765	     -1.96798631604796225858	     -1.93608324096548201076	      0.59851489444944128149	      3.72888973210544438786	     22.66369504807703094684	    -48.78917545180550519035	    -21.27454701189941488337	     -7.17945204585806084907	     -1.19851005641498442600
      1.41099999999995517896	     -2.37522939936947041772	     -4.73789702558475411820	     -1.02554071872123109266	      0.61085219170224491769	      1.01499666907898600243	      0.01600273209747943640	     -1.06925864543681869989	     -2.02768202910805417361	     -1.76577093901473158866	      0.57098380443689156216	      3.72923270694128250469	     22.58180644349915056068	    -49.09466595465512028795	    -21.28758066237761070738	     -7.36557579980582843859	     -1.12046411252958022509
      1.41199999999995506883	     -2.35889344199350237119	     -4.73061477857583412288	     -1.01560346322230454774	      0.61092329834906544672	      1.01515094505756908738	      0.01575603100276135732	     -1.12278029614466801078	     -2.08748697189637022475	     -1.59486874803291156510	      0.54341481360597443384	      3.72969565139934866593	     22.49951167692617204352	    -49.39886888755494709358	    -21.29937857867496475706	     -7.54828525063827537878	     -1.04260813909534677535
      1.41299999999995495870	     -2.34257091876312051326	     -4.72335282565516489939	     -1.00581509343909480947	      0.61099202833457899597	      1.01530572805515673096	      0.01550994493305255136	     -1.17604649661659643733	     -2.14738628200960146586	     -1.42340404675657317135	      0.51581748599931287469	      3.73027100601874384012	     22.41681859885874317229	    -49.70173740393146744054	    -21.30994898810525839394	     -7.72750868806334345607	     -0.96497928647735176089
      1.41399999999995484856	     -2.32626800557380031265	     -4.71610779743388253138	     -0.99617656660642261990	      0.61105839219380608807	      1.01546101218824280643	      0.01526450268649818046	     -1.22903411064768119942	     -2.20736521139507368972	     -1.25140407421676380650	      0.48820133577126068047	      3.73095108025460797663	     22.33373527144902226382	    -50.00322478636787337791	    -21.31930014045040877591	     -7.90318453167948664628	     -0.88763377452529967915
      1.41499999999995473843	     -2.30999090608223989207	     -4.70887619356638520429	     -0.98668867828971940082	      0.61112240186334232384	      1.01561679200357191100	      0.01501973326738788132	     -1.28172017062930199138	     -2.26740912492779500553	     -1.07889613742221102122	      0.46057588054365905528	      3.73172781580310175542	     22.25026936812071554073	    -50.30328512827122722229	    -21.32744012731614802192	     -8.07524245226885462046	     -0.81060664895516609807
      1.41599999999995462829	     -2.29374585120655716253	     -4.70165438672635449535	     -0.97735206548231934320	      0.61118407062546298292	      1.01577306251832277795	      0.01477566590648717211	     -1.33408185876550255955	     -2.32750341368889657190	     -0.90590755977125303477	      0.43295062824991864536	      3.73259282033013972679	     22.16642818998517228124	    -50.60187332629358536451	    -21.33437690150533327937	     -8.24360582425546617458	     -0.73391186625902582463
      1.41699999999995451816	     -2.27753908036499463918	     -4.69443857413977205795	     -0.96816725838199135801	      0.61124341259383374592	      1.01592981937577442331	      0.01453232999022491603	     -1.38609645754748922464	     -2.38763340286784409017	     -0.73246551390259018177	      0.40533503715733149031	      3.73353753685752964842	     22.08221899819898936812	    -50.89894468954295092544	    -21.34011840509313628900	     -8.40820463789767380547	     -0.65756382501687604680
      1.41799999999995440803	     -2.26137681127349754462	     -4.68722473800959793522	     -0.95913471309993258984	      0.61130044244038495016	      1.01608705891762740592	      0.01428975490032185526	     -1.43774147950274189256	     -2.44778464572181286840	     -0.55859698879221719725	      0.37773847395371051849	      3.73455327854136687193	     21.99764925274484639317	    -51.19445475902700337656	    -21.34467256176113636457	     -8.56897668103779075466	     -0.58159573596154279240
      1.41899999999995429789	     -2.24526523382944098728	     -4.68000865324276293933	     -0.95025480703272113825	      0.61135517544181050553	      1.01624477816074310077	      0.01404796998038911927	     -1.48899472355483797337	     -2.50794300630698341337	     -0.38432880290819948499	      0.35017020511055740872	      3.73563120370080214983	     21.91272658538957429641	    -51.48835937283183739055	    -21.34804724404564169049	     -8.72586487721751069557	     -0.50605844023702351020
      1.41999999999995418776	     -2.22921054807386953556	     -4.67278598251158339139	     -0.94152776948143301894	      0.61140762804493464788	      1.01640297445441807334	      0.01380700477906541407	     -1.53983414862762879594	     -2.56809428582402254904	     -0.20968769692758507106	      0.32263947046857338607	      3.73676221034634714613	     21.82745826804903188645	    -51.78061515905224609924	    -21.35025021145970214320	     -8.87880962330633849433	     -0.43098288711711196797
      1.42099999999995407762	     -2.21321896212691138217	     -4.66555227971573138745	     -0.93295368596589589583	      0.61145781778382868321	      1.01656164546368743551	      0.01356688903823948661	     -1.59023785620551727504	     -2.62822416496078181680	     -0.03470030553703355031	      0.29515548128993868149	      3.73793697541001046503	     21.74185122094818112259	    -52.07117953824997158563	    -21.35128914010807932300	     -9.02775029644866933154	     -0.35638019948067911624
      1.42199999999995396749	     -2.19729666797966238789	     -4.65830294546894929653	     -0.92453254057591816029	      0.61150576293524216975	      1.01672078926214171091	      0.01332765256889706720	     -1.64018414266738865592	     -2.68831833345117177103	      0.14060693062650589380	      0.26772737602627899589	      3.73914605992561277503	     21.65591230449657800250	    -52.36001045496752226427	    -21.35117169667615399931	     -9.17263124784325611927	     -0.28226172233506169329
      1.42299999999995385735	     -2.18144980921381570482	     -4.65103319510406088000	     -0.91626424435224884668	      0.61155148238278256301	      1.01688040435991156052	      0.01308932505712428508	     -1.68965168145015254275	     -2.74836283824671268050	      0.31620781755990845507	      0.24036416887274356102	      3.74037988439841040389	     21.56964852953667488578	    -52.64706616303352859632	    -21.34990546583783554979	     -9.31340303333667307584	     -0.20865647806019241295
      1.42399999999995374722	     -2.16568447434784649985	     -4.64373806477402784054	     -0.90814863263183154274	      0.61159499559664542989	      1.01704048966788129782	      0.01285193600599920938	     -1.73861955052287275869	     -2.80834414772626494994	      0.49207636365499735076	      0.21307475200220324374	      3.74162871117671569365	     21.48306702052833117023	    -52.93230533794802283865	    -21.34749792750211483394	     -9.45001869533871641238	     -0.13561013954240155877
      1.42499999999995363709	     -2.15000674181448125921	     -4.63641248576959519312	     -0.90018540515889367004	      0.61163632295869596600	      1.01720104409380596167	      0.01261551503715488583	     -1.78706695463754172692	     -2.86824865611155965794	      0.66818656049650682061	      0.18586799779745336036	      3.74288266299833871642	     21.39617453890080511769	    -53.21568783484423903474	    -21.34395654280304910344	     -9.58242066740241504874	     -0.06314964838245171186
      1.42599999999995352695	     -2.13442267647134586994	     -4.62905131380356227311	     -0.89237414409560611439	      0.61167548574601493527	      1.01736206641272208806	      0.01238009181995477007	     -1.83497327996593573296	     -2.92806243148932576759	      0.84451283734271220816	      0.15875273874366183091	      3.74413175926457375553	     21.30897752544827739030	    -53.49717384232764771923	    -21.33928873972889306287	     -9.71056919149798503099	      0.00871683989286684349
      1.42699999999995341682	     -2.11893829420013979359	     -4.62164932054423349683	     -0.88471436899789213104	      0.61171250567393808950	      1.01752355577301756284	      0.01214569574209677962	     -1.88231826867784501900	     -2.98777124784498360199	      1.02103053516884156871	      0.13173771108107931727	      3.74536595600990951382	     21.22148234025150514981	    -53.77672267085430490852	    -21.33350188702386773798	     -9.83447533942376317384	      0.07998122603566301669
      1.42799999999995330668	     -2.10355953749587776258	     -4.61420099374351888599	     -0.87720546203496707616	      0.61174740486864498390	      1.01768551137381901839	      0.01191235608641356275	     -1.92908185798905962294	     -3.04736246538718891230	      1.19771315116104326570	      0.10483162980162401279	      3.74657505665783974180	     21.13369526130131603736	    -54.05429824271272565284	    -21.32660345056013895260	     -9.95402030191684161764	      0.15061896669638405455
      1.42899999999995319655	     -2.08829229285109407854	     -4.60670055803853006893	     -0.86984665090706758672	      0.61178020760293760905	      1.01784792970151172220	      0.01168010244945867984	     -1.97524446494965433274	     -3.10682498175295229714	      1.37453299301761400208	      0.07804303954771600604	      3.74774867720120452574	     21.04562276756401573152	    -54.32986847485555870207	    -21.31860083779560000039	    -10.06897545461330167882	      0.22058965662455704004
      1.42999999999995308642	     -2.07314240883868361465	     -4.59914247409422660695	     -0.86263718560201063656	      0.61181094223965704071	      1.01801080224103723815	      0.01144896428009427314	     -2.02078800561874682984	     -3.16614526200448409554	      1.55146840629984006377	      0.05137992554009243595	      3.74887637288256492241	     20.95727187827225179717	    -54.60339063458214781122	    -21.30950078186631202470	    -10.17945495345836270928	      0.28986923005535442099
      1.43099999999995297628	     -2.05811568606605099774	     -4.59152123962386671252	     -0.85557627932151225636	      0.61183963844426758616	      1.01817411961207127113	      0.01121897050489093113	     -2.06569459882354555802	     -3.22530822691111040967	      1.72849986032561475646	      0.02485028447544234895	      3.74994774192975244276	     20.86864941317965360668	    -54.87481889792659472960	    -21.29930992569735437314	    -10.28569675570684260890	      0.35845153386165523601
      1.43199999999995286615	     -2.04321787254851772175	     -4.58383091598418968005	     -0.84866294793715268963	      0.61186632322757472657	      1.01833787699147637618	      0.01099014957203821481	     -2.10994462273525851259	     -3.28430033439341606538	      1.90560194882472244693	     -0.00153707544100697762	      3.75095249868812796734	     20.77976102808881719852	    -55.14412107451688882520	    -21.28803576327151603209	    -10.38758519774142641268	      0.42633296744801330025
      1.43299999999995275601	     -2.02845456316491334903	     -4.57606540949029838572	     -0.84189617415117656840	      0.61189102161538500013	      1.01850207284699445509	      0.01076252843032443444	     -2.15351856492277882182	     -3.34310891695414191815	      2.08274835494235732725	     -0.02777318608281529808	      3.75188038262339462747	     20.69061188157800046383	    -55.41126728294147341103	    -21.27568585897493846915	    -10.48496384210469400955	      0.49349287165584815318
      1.43399999999995264588	     -2.01383118418215101286	     -4.56821867001475556691	     -0.83527497039073628216	      0.61191375879155418538	      1.01866670515927104645	      0.01053613265733312730	     -2.19639833525016703319	     -3.40172141380817460998	      2.25991548203103054249	     -0.05384948600026313176	      3.75272105239469366822	     20.60120728668383804916	    -55.67622204796827389828	    -21.26226733242801003598	    -10.57784321107343394885	      0.55989293835975317837
      1.43499999999995253575	     -1.99935310464711157863	     -4.56028458673462555595	     -0.82879824066313800834	      0.61193456042830529640	      1.01883177054249962623	      0.01031098771799356453	     -2.23856620632728153808	     -3.46012536978420248701	      2.43707987191590058629	     -0.07975751236353278983	      3.75346415079811190907	     20.51155224798975496014	    -55.93895089185968316770	    -21.24778742327020353287	    -10.66622736481535049791	      0.62551324961410270653
      1.43599999999995242561	     -1.98502563424390188196	     -4.55225697304746557137	     -0.82246477870208267724	      0.61195345224044628285	      1.01899726490021125258	      0.01008711889990468111	     -2.28000463625092297804	     -3.51830846317514689403	      2.61421780645963064416	     -0.10548881899999271172	      3.75409931927552964481	     20.42165137762427562507	    -56.19942132817339341955	    -21.23225358363847803389	    -10.75009080102041636451	      0.69035303813922166416
      1.43699999999995231548	     -1.97085398324759863975	     -4.54412958167110314633	     -0.81627331844637951441	      0.61197046000354338169	      1.01916318342234579752	      0.00986455095206963985	     -2.32069657738540824354	     -3.57625852006565292385	      2.79130602551216311369	     -0.13103508763743482168	      3.75461616883963511526	     20.33150914185365110143	    -56.45760116388436244961	    -21.21567329531401213671	    -10.82942225715363449012	      0.75441257675338524447
      1.43799999999995220534	     -1.95684325070519737899	     -4.53589607376411052542	     -0.81022255343819860052	      0.61198560967190895887	      1.01932952027672807382	      0.00964330805117120590	     -2.36062547146791468222	     -3.63396355435503570774	      2.96832167704412785980	     -0.15638818307233265381	      3.75500435492122441872	     20.24113001890716034836	    -56.71345878511635874020	    -21.19805387791830142419	    -10.90421707254896332984	      0.81767451294658710648
      1.43899999999995209521	     -1.94299842280409840178	     -4.52755002063322997685	     -0.80431113426086930929	      0.61199892728036475731	      1.01949626867101539318	      0.00942341379736767737	     -2.39977521529182791227	     -3.69141177487359017917	      3.14524221868175191119	     -0.18154014628297671097	      3.75525361278918401453	     20.15051847412384233849	    -56.96696342720526473613	    -21.17940248866152685991	    -10.97447052779836873526	      0.88010424079224935934
      1.43999999999995198507	     -1.92932439121462873111	     -4.51908497218713911536	     -0.79853762654005022714	      0.61201043890546613646	      1.01966342107092122760	      0.00920489132217819188	     -2.43813014966358121427	     -3.74859151736327422810	      3.32204538541399685414	     -0.20648310937494943063	      3.75535368392929802539	     20.05967864365610253685	    -57.21808505730308525017	    -21.15972647466931988447	    -11.04018092891238111974	      0.94168611011549974155
      1.44099999999995187494	     -1.91582594719111343196	     -4.51049446309671786537	     -0.79290051348761914074	      0.61202017057037227943	      1.01983096932831540649	      0.00898776325282414981	     -2.47567507360546823492	     -3.80549124855521236910	      3.49870920990203160272	     -0.23120929516866595144	      3.75529429945560044857	     19.96861434727090411911	    -57.46679435929845425335	    -21.13903339911738399337	    -11.10135003481824256255	      1.00242395557755581414
      1.44199999999995176481	     -1.90250776361685280946	     -4.50177198664891076163	     -0.78739822241804391378	      0.61202814827631879524	      1.01999890450962804600	      0.00877205160302045941	     -2.51239527537668427826	     -3.86209960713823319267	      3.67521206704188951875	     -0.25571106814916355621	      3.75506520677221855564	     19.87732926602689076390	    -57.71306276652312305941	    -21.11733088860088258798	    -11.15798230866463036648	      1.06232253987680791418
      1.44299999999995165467	     -1.88937438061335583050	     -4.49291097599786848349	     -0.78202914698492398404	      0.61203439808777526654	      1.02016721655906650312	      0.00855777768134495520	     -2.54827656441954752964	     -3.91840543385613804261	      3.85153271881612280225	     -0.27998100274582138347	      3.75465630114615533941	     19.78582707229762505108	    -57.95686245379663859012	    -21.09462639902126568359	    -11.21008512417449232146	      1.12136878762156477762
      1.44399999999995154454	     -1.87643020186520637083	     -4.48390481351656156050	     -0.77679164746727413782	      0.61203894605494013614	      1.02033589438161964580	      0.00834496207237462630	     -2.58330527924847119792	     -3.97439777107997871397	      4.02765032240393594520	     -0.30401188785365013123	      3.75405765803837265793	     19.69411142023233551868	    -58.19816633309215347936	    -21.07092720533489327295	    -11.25766886887593720701	      1.17953230859354385451
      1.44499999999995143440	     -1.86367951186487457171	     -4.47474689112134882407	     -0.77168401147728304945	      0.61204181812550484398	      1.02050492631953426681	      0.00813362476445715112	     -2.61746825835385665826	     -4.03006580601843911182	      4.20354436519942353812	     -0.32779662006696030918	      3.75325935080079853279	     19.60218567700957237321	    -58.43694806650058382047	    -21.04624083026914149741	    -11.30074670791084123778	      1.23680210608826790519
      1.44599999999995132427	     -1.85112647055995904743	     -4.46543061644860106441	     -0.76670445683585319863	      0.61204304004169451936	      1.02067430034258799232	      0.00792378512541473505	     -2.65075284995237625552	     -4.08539887533668100161	      4.37919467788768912442	     -0.35132820701823813669	      3.75225144233025842411	     19.51005294039763526825	    -58.67318206777440536825	    -21.02057506963143396206	    -11.33933455530572764758	      1.29318677116527513959
      1.44699999999995121414	     -1.83877509747537049023	     -4.45594939092214303855	     -0.76185115673490044763	      0.61204263740117281767	      1.02084400372745087715	      0.00771546180303723985	     -2.68314694595461089577	     -4.14038650016847764590	      4.55458148314583421978	     -0.37459983392718282369	      3.75102407676742455322	     19.41771619722179664791	    -58.90684349743695236157	    -20.99393779698545614565	    -11.37345114939330947834	      1.34869532862873908741
      1.44799999999995110400	     -1.82662926117887924882	     -4.44629659610597460784	     -0.75712225874483352062	      0.61204063577649170380	      1.02101402257625384351	      0.00750867265927665940	     -2.71463900717120321104	     -4.19501840878966714143	      4.72968542805645153493	     -0.39760492436761712964	      3.74956762657515652037	     19.32517842277808739482	    -59.13790825747344115371	    -20.96633669943229705268	    -11.40311808642643498501	      1.40331934414592662819
      1.44899999999995099387	     -1.81469267709888004703	     -4.43646560431026681925	     -0.75251588505754707370	      0.61203706063923268843	      1.02118434194759388767	      0.00730343476978975292	     -2.74521806787266298144	     -4.24928453489139101862	      4.90448759018525670683	     -0.42033713974708580841	      3.74787271030492874502	     19.23244257234671295009	    -59.36635299079322436455	    -20.93777926931600674720	    -11.42835978158781529146	      1.45703377771369124716
      1.44999999999995088373	     -1.80296892156120591721	     -4.42644983244155731938	     -0.74803009962894229101	      0.61203193721983550901	      1.02135494657456926682	      0.00709976454260099858	     -2.77487371295839535534	     -4.30317497093095902017	      5.07896943036551284933	     -0.44279027800395809322	      3.74592994839715620614	     19.13951137208765373998	    -59.59215509293846224637	    -20.90827329603364859167	    -11.44920330175709644038	      1.50983271443219102537
      1.45099999999995077360	     -1.79146142779087802488	     -4.41624274867868482630	     -0.74366291186104205302	      0.61202529040776476599	      1.02152582108724376830	      0.00689767770759113115	     -2.80359608595748133197	     -4.35667997185164157514	      5.25311280586248674496	     -0.46495828392986782163	      3.74372997886032443660	     19.04638734211221517967	    -59.81529271130840186288	    -20.87782689051920215206	    -11.46567833432076888300	      1.56172917546588063686
      1.45199999999995066347	     -1.78017347380338319951	     -4.40583785496064361809	     -0.73941229948169318043	      0.61201714484077196499	      1.02169694954818490729	      0.00669718923928233189	     -2.83137591664506604872	     -4.40978998332273253169	      5.42690000921821980029	     -0.48683531955726405682	      3.74126360731532425774	     18.95307292923061837087	    -60.03574473782648368569	    -20.84644825402688894656	    -11.47781722582321073389	      1.61273606651838830039
      1.45299999999995055333	     -1.76910817577520007582	     -4.39522867961619922994	     -0.73527622391303582017	      0.61200752505798250436	      1.02186831484082318866	      0.00649831331717956161	     -2.85820454020764413983	     -4.46249565680559356906	      5.60031379024084507989	     -0.50841580156642818267	      3.73852189935062195758	     18.85957057034301698195	    -60.25349080178256855334	    -20.81414538305230976789	    -11.48565499196972616858	      1.66284991433641704539
      1.45399999999995044320	     -1.75826848735985685757	     -4.38440878903045661019	     -0.73125263082615898913	      0.61199645543056424568	      1.02203989883109147563	      0.00630106333815604915	     -2.88407389983090078900	     -4.51478784679371436539	      5.77333736131504871025	     -0.52969439505354154463	      3.73549617165887548609	     18.76588268420144700599	    -60.46851126834260270471	    -20.78092606191614066802	    -11.48922926800086230514	      1.71205200440277027774
      1.45499999999995033306	     -1.74765721052619826814	     -4.37337183245133598319	     -0.72733942530708728391	      0.61198395997154664272	      1.02221168328213063425	      0.00610545201316524660	     -2.90897652914816973180	     -4.56665757557442297809	      5.94595436575571323345	     -0.55066594336491825334	      3.73217779655622594603	     18.67201152994259416573	    -60.68078725056628286438	    -20.74679841612110919868	    -11.48858015350584871328	      1.76034161819842482899
      1.45599999999995022293	     -1.73727699311601502252	     -4.36211154873811235433	     -0.72353447616874810855	      0.61197006224397731966	      1.02238365008980935933	      0.00591149136467145932	     -2.93290555708121924994	     -4.61809603607040575213	      6.11814888889591923515	     -0.57132548265914928631	      3.72855824478443098613	     18.57795923180903585603	    -60.89030060683999323601	    -20.71177093713694006283	    -11.48375017060439695626	      1.80773561136077476341
      1.45699999999995011279	     -1.72713032069014449377	     -4.35062175378019500016	     -0.71983563545127593475	      0.61195478548193982249	      1.02255578068601549191	      0.00571919267312171950	     -2.95585472788842418268	     -4.66909461308167461624	      6.28990548601977650378	     -0.59166830024908279029	      3.72462923963857583942	     18.48372787855034005133	    -61.09703393093147383297	    -20.67585221760348446196	    -11.47478427949539536712	      1.85425039949726833122
      1.45799999999995000266	     -1.71721951281542994927	     -4.33889633838847910141	     -0.71624075001491405157	      0.61193815277548935239	      1.02272805531367461107	      0.00552856645601127426	     -2.97781841611360365007	     -4.71964489308664081335	      6.46120919465755072508	     -0.61168994111767405197	      3.72038273806339292449	     18.38931955128117223808	    -61.30097054351229957092	    -20.63905062439926041407	    -11.46172986339123234245	      1.89988749884085361685
      1.45899999999994989253	     -1.70754672324842982079	     -4.32692927943842775562	     -0.71274766253290477991	      0.61192018700950734367	      1.02290045320478806268	      0.00533962248061108351	     -2.99879162715701674813	     -4.76973866209035879393	      6.63204553788367512368	     -0.63138619750418867316	      3.71581089758928762024	     18.29473631566728997200	    -61.50209448952282542677	    -20.60137429233840578036	    -11.44463666853776118160	      1.94463473864432567773
      1.45999999999994978239	     -1.69811394798219850166	     -4.31471467366991578984	     -0.70935419492598561497	      0.61190091062669171862	      1.02307295364924777381	      0.00515236982777927174	     -3.01876998062258383726	     -4.81936788157721895942	      6.80240050463738032960	     -0.65075308615704730020	      3.71090604380402178109	     18.19998014796820839933	    -61.70039054858669658188	    -20.56283174063229779449	    -11.42355666634218458455	      1.98849624801747060232
      1.46099999999994967226	     -1.68892302402391814020	     -4.30224674371959814323	     -0.70605815275602856751	      0.61188034554691717037	      1.02324553623197567198	      0.00496681688828950422	     -3.03774971105846569586	     -4.86852469129567388961	      6.97226055682538881086	     -0.66978686195807657366	      3.70566072772003529678	     18.10505295696827587903	    -61.89584423036404814411	    -20.52343189802897427398	    -11.39854400161702230321	      2.03149205838111068800
      1.46199999999994956212	     -1.67997562450567383685	     -4.28951983014101756453	     -0.70285734050721238031	      0.61185851332243601508	      1.02341818012166974050	      0.00478297132800870484	     -3.05572768162297636607	     -4.91720142500322943135	      7.14161264613967805559	     -0.68848405058054251704	      3.70006781015958141623	     18.00995664568620213686	    -62.08844176232960876405	    -20.48318380414101014253	    -11.36965498408401131769	      2.07364179022019579079
      1.46299999999994945199	     -1.67127325682183025535	     -4.27652839229461889659	     -0.69974957003200932704	      0.61183543534809503583	      1.02359086325283521468	      0.00460084007603783155	     -3.07270139578265233382	     -4.96539061792365377102	      7.31044421852391668182	     -0.70684142684736972484	      3.69412032382990362933	     17.91469311121734619974	    -62.27817007959617967572	    -20.44209625176579336880	    -11.33694805321306731116	      2.11495153093452081805
      1.46399999999994934186	     -1.66281726316602163074	     -4.26326701738173330369	     -0.69673266207307826825	      0.61181113280578225400	      1.02376356251522349083	      0.00442042932808038580	     -3.08866899479575973686	     -5.01308500662522771307	      7.47874321483118187359	     -0.72485600258640958682	      3.68781143211016226857	     17.81926423891327715410	    -62.46501682036856806235	    -20.40017778262808079148	    -11.30048371102039084235	      2.15541486887735134204
      1.46499999999994923172	     -1.65460882656730889906	     -4.24973044341768524390	     -0.69380443664780633295	      0.61178562638640499038	      1.02393625494812257060	      0.00424174457659583573	     -3.10362923767437814959	     -5.06027751449297191755	      7.64649805866506770968	     -0.74252505136262958452	      3.68113460855887497658	     17.72367188573299046084	    -62.64897033323065045352	    -20.35743736625495259318	    -11.26032440000284395865	      2.19503998764153340773
      1.46599999999994912159	     -1.64664897055036996143	     -4.23591356398222451674	     -0.69096271691192856501	      0.61175893622017585294	      1.02410891797857495078	      0.00406479060165859316	     -3.11758149740137513461	     -5.10696125528653599446	      7.81369765852379760673	     -0.75984611630924758785	      3.67408368899716109013	     17.62791789600909098112	    -62.83001967008130606018	    -20.31388442405859962037	    -11.21653444182662262563	      2.23384954858989859261
      1.46699999999994901145	     -1.63893855658763576422	     -4.22181142369509032619	     -0.68820534014145351431	      0.61173108206425252931	      1.02428152861677057572	      0.00388957144792504263	     -3.13052576986993891239	     -5.15312954559668856547	      7.98033141456734984587	     -0.77681701169157213460	      3.66665283735050806513	     17.53200412716696376947	    -63.00815457176111777926	    -20.26952849610059814722	    -11.16918000685479306355	      2.27186616888964332261
      1.46799999999994890132	     -1.63147828312678888629	     -4.20741921916115568791	     -0.68553016434406721658	      0.61170208352726829215	      1.02445406257053273080	      0.00371609041196168397	     -3.14246268232146030996	     -5.19877591285611995175	      8.14638921785546266108	     -0.79343578344627907484	      3.65883632788145485293	     17.43593243492784594650	    -63.18336545517278324269	    -20.22437885832419013354	    -11.11832906642653462370	      2.30909968587565650466
      1.46899999999994879119	     -1.62426868622298115064	     -4.19273230488591330811	     -0.68293507029668920616	      0.61167196001388346449	      1.02462649445187370389	      0.00354435003440733455	     -3.15339348699796895303	     -5.24389409801912798059	      8.31186144846165220201	     -0.80970069799697608204	      3.65062851439564894918	     17.33970467169515927708	    -63.35564340598838839469	    -20.17844452177036984608	    -11.06405132127955326382	      2.34554781817076252182
      1.46999999999994868105	     -1.61731014470900280600	     -4.17774620827756848485	     -0.68041795614600752984	      0.61164073041611632942	      1.02479879907800675021	      0.00337435211130893229	     -3.16332003625308821881	     -5.28847804726180559243	      8.47673896634779922010	     -0.82561030114833966476	      3.64202418531069227470	     17.24332270710466730179	    -63.52498018258623346810	    -20.13173496594137290572	    -11.00641808840254576296	      2.38122175645740341565
      1.47099999999994857092	     -1.61060288052548217230	     -4.16245663335890103696	     -0.67797674033717170161	      0.61160841305078850194	      1.02497095171764396326	      0.00320609768284789692	     -3.17224477504248536519	     -5.33252191628031724235	      8.64101310892544560716	     -0.84116341832144470025	      3.63301859300657525864	     17.14678843662059648523	    -63.69136820667035436827	    -20.08426015991926405491	    -10.94550223131454735892	      2.41614644594752681073
      1.47199999999994846078	     -1.60414695753331271177	     -4.14685945862953531105	     -0.67560936921554037848	      0.61157502587196233002	      1.02514292721727917623	      0.00303958701508008980	     -3.18017074666809040906	     -5.37602008090896621439	      8.80467569041236153282	     -0.85635912954173487588	      3.62360730053081248059	     17.05010378034622675614	    -63.85480054708276753672	    -20.03603019684481267859	    -10.88137811326970449954	      2.45034727505220883970
      1.47299999999994835065	     -1.59794228084714151628	     -4.13095073654931788099	     -0.67331382325135202827	      0.61154058669847799479	      1.02531469907585903734	      0.00287481958081982607	     -3.18710159715164254024	     -5.41896714631836751153	      8.96771899872819844290	     -0.87119672549023163821	      3.61378595560431437050	     16.95327066767075763210	    -64.01527090370356631865	    -19.98705489493002218637	    -10.81412154496197608466	      2.48383677409639558320
      1.47399999999994824051	     -1.59198859761908240174	     -4.11472669727142026375	     -0.67108811942619872593	      0.61150511315345135177	      1.02548623967776375565	      0.00271179404841413903	     -3.19304156541954542448	     -5.46135795114670585804	      9.13013579199365565842	     -0.88567569972640203257	      3.60355028512165409538	     16.85629104106345721448	    -64.17277359759957278129	    -19.93734380091009938951	    -10.74380971079896696097	      2.51661487997529587091
      1.47499999999994813038	     -1.58628550239706189728	     -4.09818376085012125998	     -0.66893030689544996648	      0.61146862233826326793	      1.02565752168141410827	      0.00255050829934288592	     -3.19799545614298352803	     -5.50318756086486882140	      9.29191928920098852984	     -0.89979582248539091704	      3.59289651970160761607	     16.75916688991645742135	    -64.32730357343021410088	    -19.88690696284073666789	    -10.67052105579634613264	      2.54869476686004681198
      1.47599999999994802025	     -1.58083243802204465034	     -4.08131854110222214160	     -0.66683846886726916292	      0.61143113077272071010	      1.02582851828104382186	      0.00239095942403430659	     -3.20196863033833567513	     -5.54445127160261641563	      9.45306316464382412335	     -0.91355713512496572459	      3.58182139253316389471	     16.66190025323277623670	    -64.47885638846170763827	    -19.83575494614183298836	    -10.59433520974510045676	      2.58010346814028013185
      1.47699999999994791011	     -1.57562869497091773141	     -4.06412784490759637634	     -0.66481072829034415506	      0.61139265462190817146	      1.02599920228995866722	      0.00223314370266383330	     -3.20496700847795557010	     -5.58514461942925688476	      9.61356154306656129904	     -0.92695990978067155375	      3.57032191401213694348	     16.56449320488410847929	    -64.62742819465562149617	    -19.78389844135450914564	    -10.51533293211986297422	      2.61086881733017417417
      1.47799999999994779998	     -1.57067341069787014263	     -4.04660866981251210461	     -0.66284525468848598528	      0.61135320991859287698	      1.02616954520268888196	      0.00207705657719863598	     -3.20699706971565312585	     -5.62526339004884778916	      9.77340899610864433100	     -0.94000461117929812183	      3.55839520714504731203	     16.46694784790465249102	    -64.77301571903188914803	    -19.73134786053688571883	    -10.43359606167435593704	      2.64100502128733483076
      1.47899999999994768984	     -1.56596557075415132587	     -4.02875820702288933717	     -0.66094026655080340138	      0.61131281249563484970	      1.02633951745901041974	      0.00192269264821582448	     -3.20806583992683824746	     -5.66480362266507331270	      9.93260053783681584605	     -0.95269189324223901849	      3.54603852924370999133	     16.36926632304047402044	    -64.91561625171813432189	    -19.67811334544553147907	    -10.34920744209179765960	      2.67051266429078415499
      1.47999999999994757971	     -1.56150401497172208742	     -4.01057385541932642781	     -0.65909402545734707690	      0.61127147765708866878	      1.02650908989008060601	      0.00177004572232293024	     -3.20818086731912899268	     -5.70376160173217261473	     10.09113161311111639407	     -0.96502267050945289562	      3.53324963440629735700	     16.27145083499924282933	    -65.05522764915292555088	    -19.62420555896900253856	    -10.26225080170342351948	      2.69940610676929093614
      1.48099999999994746958	     -1.55728743901894728374	     -3.99205322643916105108	     -0.65730483698175701246	      0.61122922011854907698	      1.02667823399451596522	      0.00161910882442836994	     -3.20735021255611174595	     -5.74213385904407669358	     10.24899809005556328145	     -0.97699811163506256051	      3.52002675429401934437	     16.17350365122034006049	    -65.19184832199488255355	    -19.56963569475654907137	    -10.17281067434435293251	      2.72771427243050501588
      1.48199999999994735944	     -1.55331439389948533503	     -3.97319414380802715669	     -0.65557105585528729907	      0.61118605423856975367	      1.02684692100301244722	      0.00146987417393819992	     -3.20558244810766712618	     -5.77991718148011290879	     10.40619625332575459709	     -0.98861959724716652609	      3.50636838396950345498	     16.07542708619492088928	    -65.32547721507933147223	    -19.51441506755547194985	    -10.08097234362066707547	      2.75546697075334057203
      1.48299999999994724931	     -1.54958328473259232538	     -3.95399463951649865479	     -0.65389109382598564757	      0.61114199423175175063	      1.02701512095441804817	      0.00132233314423964819	     -3.20288665275265627130	     -5.81710862076980994573	     10.56272280097800830845	     -0.99988868862560587036	      3.49227319289840520966	     15.97722351039063681810	    -65.45611378432197113852	    -19.45855471743935538598	     -9.98682179838351125056	      2.78267928126865982108
      1.48399999999994713917	     -1.54609237222111595145	     -3.93445295733649613723	     -0.65226342170032569623	      0.61109705409577241841	      1.02718280298540487472	      0.00117647627492148106	     -3.19927239927441009470	     -5.85370549590778743720	     10.71857483925745668785	     -1.01080712728922295085	      3.47774005695952892481	     15.87889536158076708716	    -65.58375798334141393298	    -19.40206542274262346837	     -9.89044565876723602571	      2.80935149611010670512
      1.48499999999994702904	     -1.54283978042966718469	     -3.91456757139665567635	     -0.65068656044190409382	      0.61105124729333082367	      1.02734993678541464135	      0.00103229336507573016	     -3.19474973559208530460	     -5.88970538086350803297	     10.87374986735033033369	     -1.02137689841560730386	      3.46276829639099092972	     15.78044514936086351042	    -65.70841026943247698000	    -19.34495848657401140258	     -9.79193104492184218657	      2.83549860915560403285
      1.48599999999994691890	     -1.53982349914100513644	     -3.89433719214593176972	     -0.64915908131544330928	      0.61100458669268531420	      1.02751649287557111911	      0.00088977350556976569	     -3.18932917459273168603	     -5.92510610435745910252	     11.02824576857331173585	     -1.03160022693843766994	      3.44735765805796878780	     15.68187545168509977600	    -65.83007159080172243648	    -19.28724573975367206913	     -9.69136549721864959395	      2.86115108941457751968
      1.48699999999994680877	     -1.53704138326584982543	     -3.87376076509714462048	     -0.64767961155326980727	      0.61095708479577226502	      1.02768244167898004093	      0.00074890504593554737	     -3.18302168841009258671	     -5.95990575668436672885	     11.18206080325992601843	     -1.04147954005170806369	      3.43150816773454803155	     15.58318890735425199523	    -65.94874336408418002975	    -19.22893912568412844166	     -9.58883692550544530775	      2.88634012129514783140
      1.48799999999994669864	     -1.53449115044595174595	     -3.85283746474226473921	     -0.64624684332054371794	      0.61090875394002785992	      1.02784775263420535829	      0.00060967553515634313	     -3.17583869971192322978	     -5.99410270076374906978	     11.33519360641162165848	     -1.05101743815639081525	      3.41522008346584993177	     15.48438824062862551045	    -66.06442744844993342213	    -19.17005032334181180431	     -9.48443357218003768594	      2.91108109059246933370
      1.48899999999994658850	     -1.53217038296586682833	     -3.83156669812557870713	     -0.64485953532338169403	      0.61085960622302581946	      1.02801239449481474075	      0.00047207174884377032	     -3.16779206970488846906	     -6.02769557374608311306	     11.48764318175205190187	     -1.06021669495097192737	      3.39849391805151546109	     15.38547627328887834608	    -66.17712613177597802405	    -19.11059076442241533300	     -9.37824393930482891335	      2.93537362537873924850
      1.48999999999994647837	     -1.53007653839082746750	     -3.80994812758100254158	     -0.64351650062942844510	      0.61080965320519298167	      1.02817633673236041858	      0.00033607983431454359	     -3.15889408268058646811	     -6.06068326984090344212	     11.63940888221658731538	     -1.06908031508043599445	      3.38133057557975114094	     15.28645590070989612741	    -66.28684214080929848478	    -19.05057239273721236827	     -9.27035664583393170801	      2.95923295876299308205
      1.49099999999994636823	     -1.52820695288040364623	     -3.78798167627452109230	     -0.64221660644903999504	      0.61075890585111469733	      1.02833954980165120929	      0.00020168535848214897	     -3.14915743470883580102	     -6.09306493898267476084	     11.79049040032101558495	     -1.07761153313606183879	      3.36373134653397443117	     15.18733008746244728115	    -66.39357862843964142030	    -18.99000766107281634731	     -9.16086034933204018671	      2.98269056786188624386
      1.49199999999994625810	     -1.52655884013420717338	     -3.76566752402521887078	     -0.64095878094717362305	      0.61070737474785008470	      1.02850200424123383591	      0.00006887325808226419	     -3.13859522284358938293	     -6.12483999488683927837	     11.94088776167892795854	     -1.08581377984559446226	      3.34569782748553290475	     15.08810187307030759030	    -66.49733914911475096687	    -18.92890912304156714185	     -9.04984370355176892531	      3.00577830887310737396
      1.49299999999994614797	     -1.52512928752686072187	     -3.74300609823354912820	     -0.63974202324895645955	      0.61065507029359067381	      1.02866366984218005065	     -0.00006237224320536206	     -3.12722093420357882820	     -6.15600812908310146554	     12.09060132340789550653	     -1.09369064905525181786	      3.32723187037731893412	     14.98877441097507912104	    -66.59812763121382772624	    -18.86728908363073387022	     -8.93739532959334503914	      3.02851143002058176279
      1.49399999999994603783	     -1.52391525861144261356	     -3.71999807637790214088	     -0.63856540470199707471	      0.61060200262254515913	      1.02882451593776580445	     -0.00019206759801386521	     -3.11504843347331261683	     -6.18656931273140653360	     12.23963176736412528101	     -1.10124589606637512951	      3.30833558664074089961	     14.88935097970182042104	    -66.69594836374017177150	    -18.80515961968411531302	     -8.82360374502477817771	      3.05088878884335601427
      1.49499999999994592770	     -1.52291360762473138024	     -3.69664441128232867939	     -0.63742805387643952653	      0.61054818133456500995	      1.02898451269934509966	     -0.00032022974225518234	     -3.10209194661355081024	     -6.21652377437534031657	     12.38798007652744104234	     -1.10848349526631473339	      3.28901145298654640214	     14.78983492963923751518	    -66.79080601135588324269	    -18.74253329326068495675	     -8.70855721172852526024	      3.07292544950663426562
      1.49599999999994581756	     -1.52212108376107946306	     -3.67294633484842192317	     -0.63632915626664565689	      0.61049361543809887998	      1.02914363137352893318	     -0.00044687603956464233	     -3.08836604726445784763	     -6.24587199873064768951	     12.53564752487979028217	     -1.11540764022207872230	      3.26926232212005052347	     14.69022967817909197663	    -66.88270560240587769840	    -18.67942314333258835291	     -8.59234366081139455673	      3.09465316275828739023
      1.49699999999994570743	     -1.52153432923224696260	     -3.64890534977091585134	     -0.63526796240551308692	      0.61043831355401978467	      1.02930184343522257429	     -0.00057202435367252711	     -3.07388564170529576813	     -6.27461473785410372983	     12.68263567204921038467	     -1.12202270864482755997	      3.24909137566814898435	     14.59053873001954926281	    -66.97165250293321037134	    -18.61584229575817417413	     -8.47505065991612305254	      3.11610369454893909591
      1.49799999999994559730	     -1.52114987384458144604	     -3.62452321668616095351	     -0.63424379881857195773	      0.61038228408862671426	      1.02945911982757332126	     -0.00069569315690138896	     -3.05866595626662451934	     -6.30275302942098392123	     12.82894636252178344193	     -1.12833322140373626397	      3.22850203404876179292	     14.49076572916279737058	    -67.05765238823043716820	    -18.55180364744209242645	     -8.35676539286290953612	      3.13729170658052769483
      1.49899999999994548716	     -1.52096413822956222361	     -3.59980195448504636246	     -0.63325606908098486247	      0.61032553516016962991	      1.02961543122806542527	     -0.00081790148934435388	     -3.04272252310156066102	     -6.33028819959103916659	     12.97458171825876682703	     -1.13434383801352489662	      3.20749794351695749484	     14.39091446870598289820	    -67.14071123075518698897	    -18.48731988890790489677	     -8.23757459197957508934	      3.15821514226404476133
      1.49999999999994537703	     -1.52097345288351748493	     -3.57474386646368325060	     -0.63230423656041623293	      0.61026807435852759021	      1.02977074919958955235	     -0.00093866872416531954	     -3.02607115911966451094	     -6.35722183572270260754	     13.11954411172140666508	     -1.14005941895257967289	      3.18608312327824183541	     14.29098881006356513979	    -67.22083532025537522259	    -18.42240415713815337995	     -8.11756437937914832048	      3.17888840576302156293
      1.50099999999994526689	     -1.52117406324103798809	     -3.54935154137820285669	     -0.63138782413999550158	      0.61020990869019731129	      1.02992504639359427898	     -0.00105801451079891654	     -3.00872794981550839566	     -6.38355578627515818368	     13.26383615565331020036	     -1.14548502414463015953	      3.16426198050980067578	     14.19099267776799599972	    -67.29803125302993294099	    -18.35707002276388166706	     -7.99682019640952734818	      3.19934271909061740402
      1.50199999999994515676	     -1.52156212632833720555	     -3.52362784073151802389	     -0.63050642347435870150	      0.61015104476427906022	      1.03007829577656817577	     -0.00117595887265563108	     -2.99070923183927828148	     -6.40929217629847780557	     13.40746069896574432789	     -1.15062587163717977568	      3.14203924593012384747	     14.09093009364854154342	    -67.37230590502164773170	    -18.29133112669827454511	     -7.87542678142659990925	      3.21960901816167366363
      1.50299999999994504662	     -1.52213370401309844304	     -3.49757588202975711056	     -0.62965970669877213695	      0.61009148894738640667	      1.03023046995481237786	     -0.00129252233697112651	     -2.97203157853529376098	     -6.43443342957810315852	     13.55042082639224432228	     -1.15548729039397568563	      3.11941985260836185390	     13.99080524067617403716	    -67.44366640253778655278	    -18.22520090226788624932	     -7.75346815881858475450	      3.23970090104356334137
      1.50399999999994493649	     -1.52288476693159058328	     -3.47119903684095110208	     -0.62884742718461938971	      0.61003124729323077169	      1.03038154141224702620	     -0.00140772589148219131	     -2.95271178375781984116	     -6.45898227214587006273	     13.69271985047488371379	     -1.16007471438295417521	      3.09640891994482014837	     13.89062247100927827148	    -67.51212011103518761956	    -18.15869259852310690917	     -7.63102757626255634449	      3.25961513748757747422
      1.50499999999994482636	     -1.52381121766842531073	     -3.44450095761981733844	     -0.62806940014780920922	      0.60997032533582717928	      1.03053148350043666248	     -0.00152159071543650037	     -2.93276683631317203194	     -6.48294169990349633537	     13.83436128209156379398	     -1.16439374980584031682	      3.07301195623384559852	     13.79038619905989371262	    -67.57767465964899145092	    -18.09181986108766437837	     -7.50818734244526453381	      3.27936497412231364734
      1.50599999999994471622	     -1.52490889606320667582	     -3.41748557646388251285	     -0.62732550217887605992	      0.60990872803795059820	      1.03068027061174927184	     -0.00163413812432767883	     -2.91221390299994142836	     -6.50631497950110837536	     13.97534882031271230574	     -1.16845017142939711086	      3.04923486270242261043	     13.69010089602742574755	    -67.64033793094181135075	    -18.02459671531106621956	     -7.38502876311983058599	      3.29898037199805616027
      1.50699999999994460609	     -1.52617357387812302427	     -3.39015708867256115866	     -0.62661568124493693954	      0.60984645995773922866	      1.03082787749754212214	     -0.00174538969113259817	     -2.89107031112331647194	     -6.52910566774997924711	     14.11568634913323094793	     -1.17224987471010511086	      3.02508382688466515020	     13.58977113693727289956	    -67.70011803230896418881	    -17.95703723603733337200	     -7.26163213087217673802	      3.31849071227328051847
      1.50799999999994449595	     -1.52760094728935080788	     -3.36251993310786101432	     -0.62593996854965316956	      0.60978352538613156408	      1.03097427868557445230	     -0.00185536738681075955	     -2.86935353150853833526	     -6.55131763523331489552	     14.25537793651447771026	     -1.17579882748439779050	      3.00056521417741572932	     13.48940167293451786179	    -67.75702326505449946126	    -17.88915530907675943695	     -7.13807672410245608319	      3.33790807801203381899
      1.50899999999994438582	     -1.52918664142784477278	     -3.33457878867721912997	     -0.62529847863221876825	      0.60971992828233401163	      1.03111944869094895871	     -0.00196409353187969836	     -2.84708116138890998670	     -6.57295506934372308905	     14.39442782564647238530	     -1.17910306504936790439	      2.97568556277652795927	     13.38899743665769470624	    -67.81106211312103937416	    -17.82096465324086764781	     -7.01444075095980146273	      3.35722789050048886494
      1.50999999999994427569	     -1.53092623621857426564	     -3.30633860184809469374	     -0.62469138799883039415	      0.60965567210305082746	      1.03126336284775632635	     -0.00207159050415460467	     -2.82427089895640826001	     -6.59402243834504719899	     14.53284040453332259801	     -1.18216875887738481765	      2.95045178604432800640	     13.28856341282178554764	    -67.86224327095710862068	    -17.75247932183367183256	     -6.89080118755072401626	      3.37646186826617622501
      1.51099999999994416555	     -1.53281527157255847982	     -3.27780458365131188714	     -0.62411893421169872820	      0.60959075975651311197	      1.03140599745864847137	     -0.00217788068389113826	     -2.80094052757107458973	     -6.61452449272097009469	     14.67062019596849253844	     -1.18500221249868631368	      2.92487116183558049087	     13.18810463266100363455	    -67.91057563277792041845	    -17.68371368224737949504	     -6.76723372273224388351	      3.39563812113147056593
      1.51199999999994405542	     -1.53484924028688851649	     -3.24898219031053381300	     -0.62358142618484257991	      0.60952519374978886280	      1.03154732921353708974	     -0.00228298658989710586	     -2.77710789868311369588	     -6.63446628689692285974	     14.80777185425004738306	     -1.18760981105339591402	      2.89895120776161174803	     13.08762623179552520014	    -67.95606826143142598085	    -17.61468212318418835594	     -6.64381276093217820744	      3.41478387806429717344
      1.51299999999994394528	     -1.53702358034818087340	     -3.21987710183978848022	     -0.62307925551496767813	      0.60945897631139678285	      1.03168733470214735171	     -0.00238693101878957982	     -2.75279091240404527596	     -6.65385320210119601825	     14.94430016256059801094	     -1.18999797528019590764	      2.87269961380313931798	     12.98713352642275609128	    -67.99873035539225440971	    -17.54539885450346048401	     -6.52061143100625528746	      3.43390944703963407747
      1.51399999999994383515	     -1.53933367988891589562	     -3.19049521758384324599	     -0.62261289562753596716	      0.60939210933619092359	      1.03182599060081248155	     -0.00248973698931741856	     -2.72800750132142200144	     -6.67269094826946052024	     15.08021002340114158358	     -1.19217315901743070583	      2.84612424677055964040	     12.88663201515255529728	    -68.03857123671036788437	    -17.47587792623844293871	     -6.39770153847976352779	      3.45300898775682085784
      1.51499999999994372502	     -1.54177490391604110620	     -3.16084268402758494787	     -0.62218287889425438753	      0.60932459425144802623	      1.03196327435383961024	     -0.00259142744177526859	     -2.70277561002109578681	     -6.69098552679843727731	     15.21550642866432490052	     -1.19414191671428415731	      2.81923329244266174243	     12.78612723298691733476	    -68.07560038091853016340	    -17.40613364855803624209	     -6.27515340919668407338	      3.47209250588664364301
      1.51599999999994361488	     -1.54434259927477901542	     -3.13092589053987557790	     -0.62178979508011422705	      0.60925643197948475827	      1.03209916430193349157	     -0.00269202518256026358	     -2.67711318146872701007	     -6.70874323159582353071	     15.35019444946397726426	     -1.19591090099975017047	      2.79203523968682620904	     12.68562474529599448658	    -68.10982740503055765657	    -17.33618056843497257091	     -6.15303584451885665629	      3.49118580876979889283
      1.51699999999994350475	     -1.54703208651113177652	     -3.10075144798949731140	     -0.62143430142740774258	      0.60918762306816243157	      1.03223363920054467258	     -0.00279155302365579477	     -2.65103813966997181595	     -6.72597067086574273986	     15.48427923183968246690	     -1.19748681399676670800	      2.76453878009072484545	     12.58513021294440648035	    -68.14126203351459309943	    -17.26603321621891140580	     -6.03141613709325508097	      3.51031357223993678573
      1.51799999999994339461	     -1.54983865213443028352	     -3.07032616655130219385	     -0.62111713299455129089	      0.60911816780200422894	      1.03236667782384494707	     -0.00289003391347791285	     -2.62456836935038673175	     -6.74267478809301845644	     15.61776599202300808145	     -1.19887636429904009816	      2.73675277220500978714	     12.48464946846985057505	    -68.16991406348873283605	    -17.19570594171881694479	     -5.91036008918937660894	      3.52948426035505002929
      1.51899999999994328448	     -1.55275755367169288057	     -3.03965705068900859942	     -0.62083910086310456489	      0.60904806615923645641	      1.03249825912593595767	     -0.00298749087679465704	     -2.59772170213291309082	     -6.75886286262553692694	     15.75066000628513052106	     -1.20008626692338804531	      2.70868624426984450082	     12.38418851441188017759	    -68.19579335193489555422	    -17.12521292958073004797	     -5.78993197439672968585	      3.54869100246180080305
      1.51999999999994317434	     -1.55578404616042109687	     -3.00875132654371668650	     -0.62060106857389851776	      0.60897731771308927229	      1.03262836277724234790	     -0.00308394672234885842	     -2.57051590206485558454	     -6.77454247240984397394	     15.88296658279022111060	     -1.20112330874155248672	      2.68034846898387391079	     12.28375336766341163752	    -68.21890984696328530390	    -17.05456854051724846499	     -5.67019439090147603366	      3.56794202171205832030
      1.52099999999994306421	     -1.55891338698314041444	     -2.97761643680769827469	     -0.62040395005491788538	      0.60890592160445100589	      1.03275696926940185882	     -0.00317942398889480178	     -2.54296865368770808047	     -6.78972149387300039081	     16.01469105145744009633	     -1.20199434782527148080	      2.65174895391005938095	     12.18335005297787709821	    -68.23927357511843183602	    -16.98378728743769627840	     -5.55120822745751407723	      3.58726052742155321340
      1.52199999999994295408	     -1.56214082747111215888	     -2.94626001826638139747	     -0.62024871928960889633	      0.60883387665800958732	      1.03288405952504702690	     -0.00327394507893517123	     -2.51509754397475893128	     -6.80440812190044397312	     16.14583875849962524285	     -1.20270626781447886877	      2.62289738342982481356	     12.08298467207238147125	    -68.25689460571535960298	    -16.91288362309369830427	     -5.43303269059452009770	      3.60666850665089366856
      1.52299999999994284394	     -1.56546160486813445978	     -2.91468987939382184749	     -0.62013641978006250888	      0.60876118148375990557	      1.03300961458330098353	     -0.00336753238075875082	     -2.48692004349605477742	     -6.81861088895591116454	     16.27641506022811057619	     -1.20326593748438637199	      2.59380358124011012322	     11.98266347864968750514	    -68.27178301552180528233	    -16.84187180859337473748	     -5.31572533225741761242	      3.62617261237034282928
      1.52399999999994273381	     -1.56887094710638996808	     -2.88291399495742073356	     -0.62006816220401939077	      0.60868783444613483447	      1.03313361573106310409	     -0.00346020821185057375	     -2.45845349508739641209	     -6.83233866423469482498	     16.40642531293699590833	     -1.20368021199286090450	      2.56447750237608529389	     11.88239287444515746017	    -68.28394887613558239536	    -16.77076592556628753528	     -5.19934202176317050714	      3.64576503926621908747
      1.52499999999994262367	     -1.57236409880718142063	     -2.85094053248422385494	     -0.62004510097130505208	      0.60861383359535847770	      1.03325604490058786666	     -0.00355199454848612083	     -2.42971510191566020254	     -6.84560061573861489137	     16.53587484717845157434	     -1.20395599469996761322	      2.53492928533449513040	     11.78217924934552485183	    -68.29340228662547929162	    -16.69958014806410773190	     -5.08393681118408924391	      3.66545213007728198917
      1.52599999999994251354	     -1.57593632600356792217	     -2.81877784671878872658	     -0.62006843180334270116	      0.60853917664951140409	      1.03337688474759059609	     -0.00364291297839653035	     -2.40072191593064276915	     -6.85840620800960287795	     16.66476895789197243403	     -1.20410023652312037079	      2.50516925508674415113	     11.68202897390524519494	    -68.30015336126153613350	    -16.62832872082458735008	     -4.96956191181642914501	      3.68525435550191682310
      1.52699999999994240341	     -1.57958290775699605746	     -2.78643445699290248641	     -0.62013940087203545115	      0.60846386109936334563	      1.03349611833987031773	     -0.00373298482544731159	     -2.37149081993402077728	     -6.87076521929158534618	     16.79311289801608353400	     -1.20411989300960287075	      2.47520789242794325702	     11.58194846934479116385	    -68.30421219380293962331	    -16.55702578663058233133	     -4.85626773137499601063	      3.70519113007968892148
      1.52799999999994229327	     -1.58329912702550412718	     -2.75391902457330628451	     -0.62025931390454736025	      0.60838788430065837698	      1.03361372891441116728	     -0.00382223126864477368	     -2.34203851303119314764	     -6.88268775978336666554	     16.92091187195447332670	     -1.20402188721978053998	      2.44505576120870937729	     11.48194428374134545834	    -68.30558882219443717077	    -16.48568528215716000318	     -4.74410291268500472484	      3.72526723765509171216
      1.52899999999994218314	     -1.58708027470566404027	     -2.72124034692668725910	     -0.62042953369990683221	      0.60831124345237796991	      1.03372969997868380254	     -0.00391067329796399629	     -2.31238150107289941459	     -6.89418426919276328135	     17.04817102619125535057	     -1.20381311101568000410	      2.41472348898369926218	     11.38202308764111059247	    -68.30429321669382147775	    -16.41432094762153326428	     -4.63311431694678166338	      3.74547354745496186013
      1.52999999999994207300	     -1.59092167583102361839	     -2.68840738363138065381	     -0.62065145691578760268	      0.60823393555105265129	      1.03384401558088967477	     -0.00399833147007840062	     -2.28253608131928054092	     -6.90526547548481328676	     17.17489542601760632579	     -1.20350047999287745881	      2.38422186149206849493	     11.28219151031830236320	    -68.30033531473476671181	    -16.34294654198810547996	     -4.52334690048163423626	      3.76581426043897860012
      1.53099999999994196287	     -1.59481869408447396452	     -2.65542925087420123020	     -0.62092651139447085917	      0.60815595737872329973	      1.03395666036352595896	     -0.00408522587168334318	     -2.25251833014643398911	     -6.91594238964669738579	     17.30109004647050952030	     -1.20309093026844826646	      2.35356183362415061211	     11.18245613094519619324	    -68.29372501014216823023	    -16.27157582537830649017	     -4.41484370124765490573	      3.78630714100074960982
      1.53199999999994185274	     -1.59876672305584621725	     -2.62231519908428900578	     -0.62125616489890456151	      0.60807730559828432337	      1.03406761932025581530	     -0.00417137623697079549	     -2.22234408742415689986	     -6.92622632029261264819	     17.42675976582201968768	     -1.20259137775004099069	      2.32275448746031099034	     11.08282354897659693904	    -68.28447211842235731183	    -16.20022242208762008886	     -4.30764588590843988669	      3.80696930945739975272
      1.53299999999994174260	     -1.60276117511366122947	     -2.58907458946791324550	     -0.62164193455977878600	      0.60799797683577461171	      1.03417687761800269897	     -0.00425680207130098992	     -2.19202894847604889961	     -6.93612889240158292381	     17.55190935991283751605	     -1.20200868797258708653	      2.29181092313718126618	     10.98330046624931277677	    -68.27258634098993184125	    -16.12889973738608873077	     -4.20179280253707609916	      3.82780344830145269341
      1.53399999999994163247	     -1.60679748443085235188	     -2.55571688788160411576	     -0.62208538449001760107	      0.60791796766220063120	      1.03428442067611614519	     -0.00434152262350976943	     -2.16158825540176069424	     -6.94566204311067370014	     17.67654349419580483982	     -1.20134967697847971912	      2.26074223803974083680	     10.88389368388180145075	    -68.25807725428384742372	    -16.05762096486641610227	     -4.09732197568313960545	      3.84879823418592881268
      1.53499999999994152233	     -1.61087113471495002592	     -2.52225169132063342659	     -0.62258810212723869615	      0.60783727456241654075	      1.03439023432899257493	     -0.00442555665812030628	     -2.13103707317721990933	     -6.95483797388806745943	     17.80066670267816419937	     -1.20062115289010140629	      2.22955968985699559681	     10.78460992992402189827	    -68.24095434880150889967	    -15.98639925853795062949	     -3.99426898991558809726	      3.86995539963949264362
      1.53599999999994141220	     -1.61497766322098601499	     -2.48868872244173555686	     -0.62315169531393621583	      0.60775589392314011139	      1.03449430486637217186	     -0.00450892242967864190	     -2.10039017700809615974	     -6.96366914268407022348	     17.92428338026834921948	     -1.19982990891515117760	      2.19827469954955567744	     10.68545584966528849691	    -68.22122702029049889916	    -15.91524771971467089315	     -3.89266748571156195879	      3.89129024962827019252
      1.53699999999994130206	     -1.61911265065249510009	     -2.45503780681202021796	     -0.62377780097845836327	      0.60767382211902321032	      1.03459661885420017846	     -0.00459163779935309324	     -2.06966204240343509824	     -6.97216827818381990056	     18.04739777695477442876	     -1.19898268712362243704	      2.16689876577863715923	     10.58643807914556767003	    -68.19890453573245281405	    -15.84417928858182911256	     -3.79254921763439423188	      3.91281787166302441605
      1.53799999999994119193	     -1.62327170774969187228	     -2.42130884780703103942	     -0.62446809522752633193	      0.60759105558562731542	      1.03469716301702185923	     -0.00467372036593434112	     -2.03886684427430520117	     -6.98034840003570078437	     18.17001399336852429656	     -1.19808616027704961660	      2.13544336258644218418	     10.48756333584777422629	    -68.17399599610698146535	    -15.77320667362781136944	     -3.69394412228473534299	      3.93453851337946636235
      1.53899999999994108180	     -1.62745047739897685801	     -2.38751181985927374285	     -0.62522429093443787629	      0.60750759079918759120	      1.03479592430823075233	     -0.00475518745053015585	     -2.00801844888759895014	     -6.98822281308115833554	     18.29213597458465301315	     -1.19714693274720174188	      2.10391993236446772642	     10.38883841699514576362	    -68.14651032658889562299	    -15.70234235564019620313	     -3.59688032399222112900	      3.95643776519339063213
      1.53999999999994097166	     -1.63164466479112579833	     -2.35365679645748393511	     -0.62604811280116634542	      0.60742342425080442236	      1.03489288999151796133	     -0.00483605586997910061	     -1.97713038075967095786	     -6.99580505175272460150	     18.41376749144829005900	     -1.19617156181557482419	      2.07234006680094484665	     10.29027001367216342942	    -68.11645632212118073312	    -15.63159873018840073655	     -3.50138401958872824693	      3.97851468190680357395
      1.54099999999994086153	     -1.63585004068164341362	     -2.31975394425756986649	     -0.62694129421410127456	      0.60733855242865542046	      1.03498804768247998354	     -0.00491634191826934193	     -1.94621581132130727632	     -7.00310887075005528146	     18.53491213497169454172	     -1.19516654843580671930	      2.04071549129207552298	     10.19186470172924252608	    -68.08384264057318091545	    -15.56098809759033940736	     -3.40747948314684867555	      4.00078244811301164674
      1.54199999999994075139	     -1.64006242914040445413	     -2.28581349886345241984	     -0.62790558628344916858	      0.60725297189446703072	      1.03508138523194292979	     -0.00499606148704120033	     -1.91528755702173447695	     -7.01014826109074640215	     18.65557331192927748020	     -1.19413831062097175462	      2.00905794899276246568	     10.09362902245824145098	    -68.04867776825419412035	    -15.49052257381381281220	     -3.31518913710051332799	      4.02325421800248683724
      1.54299999999994064126	     -1.64427769234477971771	     -2.25184573789431530244	     -0.62894276837732454588	      0.60716667934959167585	      1.03517289066433404443	     -0.00507523019966204560	     -1.88435808472806765046	     -7.01693747152727453908	     18.77575424159751804609	     -1.19309317962640548672	      1.97737915504439087933	      9.99556958072865775478	    -68.01096998100543089549	    -15.42021402589158007856	     -3.22453363414695548528	      4.04592761611748930051
      1.54399999999994053113	     -1.64849173214611721683	     -2.21786097360130662892	     -0.63005464544268452443	      0.60707967160903753001	      1.03526255225091712298	     -0.00515386339917996237	     -1.85343950488518038888	     -7.02349100130034376122	     18.89545795155033758306	     -1.19203740121526235995	      1.94569080723447895842	      9.89769304370645741642	    -67.97072733593481075332	    -15.35007407231879916765	     -3.13553187167880320629	      4.06878486829663099655
      1.54499999999994042099	     -1.65270052253470001169	     -2.18386958250137208637	     -0.63124302161243894815	      0.60699194557270597095	      1.03535035853305634745	     -0.00523197591261796366	     -1.82254353270555213840	     -7.02982353800303716440	     19.01468726205430215259	     -1.19097713394811610677	      1.91400469524791927434	      9.80000594128476265610	    -67.92795772510750396123	    -15.28011420735304604079	     -3.04820087531541616954	      4.09182251420352827154
      1.54599999999994031086	     -1.65690011202254239286	     -2.14988199851208916513	     -0.63250969699708958771	      0.60690349819860311964	      1.03543629837405393168	     -0.00530958203463527921	     -1.79168147990202220043	     -7.03594994787323457786	     19.13344478278775184776	     -1.18991844091312248821	      1.88233267273246651641	      9.70251465940122947984	    -67.88266887036580499171	    -15.21034579234513017809	     -2.96255581260199551963	      4.11505194791476025529
      1.54699999999994020072	     -1.66108660910691874335	     -2.11590868647633234545	     -0.63385647730701144553	      0.60681432657024481081	      1.03552036090269083957	     -0.00538669565215623824	     -1.76086426110074012463	     -7.04188529447467903566	     19.25173291004424669381	     -1.18886727735799890837	      1.85068656359864491812	      9.60522553014873459176	    -67.83486828722882933107	    -15.14077997756809956797	     -2.87861007807805746594	      4.13848430780920573113
      1.54799999999994009059	     -1.66525616622272543133	     -2.08196011419954452037	     -0.63528518409549783463	      0.60672442796032022283	      1.03560253550132497224	     -0.00546333037329883257	     -1.73010240449900321025	     -7.04764486003671031256	     19.36955382431833072587	     -1.18782949885263700018	      1.81907817849322950288	      9.50814493139185401560	    -67.78456324567900992406	    -15.07142763980598232365	     -2.79637538480850222911	      4.16211480517719323302
      1.54899999999993998046	     -1.66940498111912360990	     -2.04804674464369096398	     -0.63679765162125578914	      0.60663379979934983766	      1.03568281188425115324	     -0.00553949951167816753	     -1.69940604729796795880	     -7.05324413678593842292	     19.48690948787127297237	     -1.18681086274856073537	      1.78751932981852879045	      9.41127928387144763178	    -67.73176076419886726399	    -15.00229937989129602727	     -2.71586178544079359654	      4.18592308244933875017
      1.54999999999993987032	     -1.67352933047635654695	     -2.01417906597018392389	     -0.63839569993767153466	      0.60654243963872922496	      1.03576118007190420833	     -0.00561521584472344289	     -1.66878489566318211068	     -7.05869876120062489377	     19.60380163245463336352	     -1.18581700760967012620	      1.75602182752685176403	      9.31463484477580472287	    -67.67646767065616586478	    -14.93340563685537425442	     -2.63707755743120664249	      4.20990377645008262419
      1.55099999999993976019	     -1.67762557135948497944	     -1.98036758350108232918	     -0.64008113188606152733	      0.60645034511654571929	      1.03583763044966103983	     -0.00569049159886828720	     -1.63824822045512275004	     -7.06402450435073880897	     19.72023175787857240948	     -1.18485344847000839685	      1.72459745574546352564	      9.21821770429526132773	    -67.61869059821940197708	    -14.86475667949444989802	     -2.56002922588162640238	      4.23406666897108685532
      1.55199999999993965005	     -1.68169012494256353563	     -1.94662279154402750869	     -0.64185574310564796896	      0.60635751401887283407	      1.03591215376563283712	     -0.00576533857470739111	     -1.60780487071969568902	     -7.06923729216369878259	     19.83620113050709221625	     -1.18392557923904440109	      1.69325794281055141965	      9.12203388304621398674	    -67.55843594729709877811	    -14.79636253355908337426	     -2.48472166089607471307	      4.25842070871402622600
      1.55299999999993953992	     -1.68571946082179890958	     -1.91295514637184416173	     -0.64372133109569651399	      0.60626394434610342277	      1.03598474115833538711	     -0.00583976826145041292	     -1.57746328832889037841	     -7.07435322439294633767	     19.95171078135182440860	     -1.18303868696083847034	      1.66201499965823207283	      9.02608942480084408544	    -67.49570984821370700502	    -14.72823292156758334670	     -2.41115817258065501250	      4.28295935075525324720
      1.55399999999993942978	     -1.68971009840712027561	     -1.87937505872681764885	     -0.64567969167786409823	      0.60616963428055425922	      1.03605538422976817259	     -0.00591379181741237981	     -1.54723150611685000833	     -7.07938856402945937418	     20.06676150468357988643	     -1.18219795275303818372	      1.63088032244642078261	      8.93039039001842738230	    -67.43051815784063762749	    -14.66037725950372738737	     -2.33934053702617861248	      4.30766134090845387306
      1.55499999999993931965	     -1.69365863975130181984	     -1.84589292236749136222	     -0.64773259337607969055	      0.60607458214078169245	      1.03612407496596770073	     -0.00598741984105224077	     -1.51711710982199066144	     -7.08435967121593801465	     20.18135384845961866063	     -1.18140842117750000106	      1.59986551610313543215	      8.83494265460897487685	    -67.36286652370417016300	    -14.59280476462249609426	     -2.26926889073665893903	      4.33252028977036118818
      1.55599999999993920952	     -1.69756177009831898950	     -1.81251910540080296563	     -0.64988177482677544905	      0.60597878634624746663	      1.03619080578857536423	     -0.00606066236210148560	     -1.48712723754944287080	     -7.08928299310302634240	     20.29548811368080052375	     -1.18067499932290798093	      1.56898209074505046168	      8.73975190864499396071	    -67.29276038042968366426	    -14.52552444673310638734	     -2.20094176201321412023	      4.35754435454881594580
      1.55699999999993909938	     -1.70141624091990761869	     -1.77926392224993157321	     -0.65212895451077046438	      0.60588224547771485362	      1.03625556959600229057	     -0.00613352896111528118	     -1.45726859833847322001	     -7.09417508324550816212	     20.40916435358459324334	     -1.18000246982968093334	      1.53824149224089867793	      8.64482375418733006711	    -67.22020491088653670886	    -14.45854503839309757041	     -2.13435617574417468845	      4.38274024831052155804
      1.55799999999993898925	     -1.70521885539722384273	     -1.74613760942902929152	     -0.65447583805996289996	      0.60578495834920220720	      1.03631835981969744331	     -0.00620602886454176862	     -1.42754748978574586005	     -7.09905261630700756825	     20.52238237204483795040	     -1.17939550509842794312	      1.50765509863839586302	      8.55016378474093663442	    -67.14520501279247355342	    -14.39187494032766956309	     -2.06950774667462278344	      4.40810060054356167569
      1.55899999999993887911	     -1.70896646966441601023	     -1.71315031883151891456	     -0.65692411460395971901	      0.60568692398025236745	      1.03637917047550032201	     -0.00627817092888991596	     -1.39796979863070380823	     -7.10393237521409570689	     20.63514172226143017497	     -1.17885866703222097485	      1.47723420057779497583	      8.45577757445146360737	    -67.06776529774352013646	    -14.32552221950851212284	     -2.00639070966400012708	      4.43360513594622585032
      1.55999999999993876898	     -1.71265602287562979100	     -1.68031214278112694949	     -0.65947543415932385891	      0.60558814154552920161	      1.03643799601955755030	     -0.00634996344968219092	     -1.36854096581617867834	     -7.10883118734336250100	     20.74744169859953402124	     -1.17839637554406695408	      1.44698995536316332711	      8.36167049331835343651	    -66.98789015356393861111	    -14.25949470875303859430	     -1.94499783137508353015	      4.45924723568039738097
      1.56099999999993865885	     -1.71628453697048333204	     -1.64763310552895392291	     -0.66213140545744131327	      0.60548861034569945172	      1.03649483137484477169	     -0.00642141416495825481	     -1.33926598851107092614	     -7.11376591288276305391	     20.85928133567148989869	     -1.17801290956607340732	      1.41693340724194816183	      8.26784770525570067434	    -66.90558374132395158540	    -14.19379999758903565521	     -1.88532044851732849544	      4.48503333924566227608
      1.56199999999993854871	     -1.71984910020529446761	     -1.61512313751795000272	     -0.66489360456046420200	      0.60538832987183199830	      1.03654967200179370934	     -0.00649253036289327169	     -1.31014944174037983871	     -7.11875346067473202538	     20.97065940773987691159	     -1.17771242407109544281	      1.38707553058328825202	      8.17431425756676688366	    -66.82084995815495176430	    -14.12844536656856320178	     -1.82734857367632086422	      4.51096819638362500626
      1.56299999999993843858	     -1.72334685373909013428	     -1.58279205463071681592	     -0.66776358053186757324	      0.60528729988214702296	      1.03660251397691860475	     -0.00656331896009701952	     -1.28119549887115091735	     -7.12381079834134744999	     21.08157442749754650890	     -1.17749896156792144275	      1.35742713782503332531	      8.08107514681387506528	    -66.73369240822286485582	    -14.06343774290973946961	     -1.77107098539700746898	      4.53704443592689354858
      1.56399999999993832844	     -1.72677499231758035947	     -1.55064955235142476475	     -0.67074285204635453184	      0.60518552038282635852	      1.03665335401106029067	     -0.00663378649912777559	     -1.25240793421848461975	     -7.12895493721399198250	     21.19202464434992094766	     -1.17737645085684072832	      1.32799884256750266864	      7.98813530502364876895	    -66.64411440332412439602	    -13.99878370120170778534	     -1.71647526310447395836	      4.56324386115442770517
      1.56499999999993821831	     -1.73013079079362541712	     -1.51870522665334073409	     -0.67383288840299393474	      0.60508299157913680855	      1.03670218923296886260	     -0.00670393900962439754	     -1.22379009034973762482	     -7.13420287122043994543	     21.30200803681780286070	     -1.17734867972404777525	      1.29880114835019688790	      7.89549943559929268133	    -66.55211902032426962705	    -13.93448954872497225210	     -1.66354771917129951042	      4.58956001444254635402
      1.56599999999993810818	     -1.73341160333036770069	     -1.48696856645604369440	     -0.67703510755698481649	      0.60497971385692828061	      1.03674901718174505838	     -0.00677378202680603819	     -1.19534488165952001992	     -7.13957156294835115773	     21.41152231120895166328	     -1.17741929515206633639	      1.26984447548704904030	      7.80317200822195466969	    -66.45770909940910087244	    -13.87056131627285004981	     -1.61227344133618633037	      4.61599767332982402479
      1.56699999999993799804	     -1.73661484808786448220	     -1.45544893149166920665	     -0.68035088311189106935	      0.60487568785315348752	      1.03679383589738338678	     -0.00684332068396520214	     -1.16707481811426738716	     -7.14507795481790886072	     21.52056490125554333304	     -1.17759181882773367178	      1.24113914319012197396	      7.71115733474168418837	    -66.36088721107883259265	    -13.80700470048632588771	     -1.56263639435313517190	      4.64256028124059572093
      1.56799999999993788791	     -1.73973799412603713499	     -1.42415553402641159586	     -0.68378154912605937366	      0.60477091453355225070	      1.03683664402212771805	     -0.00691255978244052337	     -1.13898202874333653867	     -7.15073897625947640933	     21.62913296730139123270	     -1.17786965837951518310	      1.21269521228355148246	      7.61945962772714846523	    -66.26165563002842873175	    -13.74382503308200931258	     -1.51461950922655352869	      4.66924088526683700451
      1.56899999999993777777	     -1.74277856118211182945	     -1.39309743342303327118	     -0.68732839724872807352	      0.60466539518158390898	      1.03687744078719212837	     -0.00698150380704138773	     -1.11106826595956165171	     -7.15657152737489354877	     21.73722339447126827849	     -1.17825610632649624421	      1.18452245362910413284	      7.52808298686469878902	    -66.16001633657052138915	    -13.68102728419795788284	     -1.46820472292902448608	      4.69602315751802557031
      1.56999999999993766764	     -1.74573414345630650857	     -1.36228355390915312206	     -0.69099266048904595117	      0.60455913135529182334	      1.03691622572861308349	     -0.00705015683172008443	     -1.08333487398653316447	     -7.16259241954675740516	     21.84483278628934499466	     -1.17875431513575268383	      1.15663057762387344596	      7.43703125092096239968	    -66.05597107043203664034	    -13.61861612746724858880	     -1.42337292563131834200	      4.72290072319169862425
      1.57099999999993755750	     -1.74860240856606097282	     -1.33172267829534685113	     -0.69477551116014168997	      0.60445212487793376077	      1.03695299865153556240	     -0.00711852254850630761	     -1.05578279387879025997	     -7.16881835954484802897	     21.95195746389209290328	     -1.17936729565035514078	      1.12902924255857373126	      7.34630798905500004281	    -65.94952133142442107783	    -13.55659593196386936143	     -1.38010400402455557511	      4.74987710541840346679
      1.57199999999993744737	     -1.75138108328644470646	     -1.30142342917173836625	     -0.69867806641826069036	      0.60434437791278972085	      1.03698775973829282471	     -0.00718660434665013229	     -1.02841258943609092924	     -7.17526595714155490668	     22.05859346614553118116	     -1.18009793055777256754	      1.10172794320637246201	      7.25591656452887878714	    -65.84066835163639552775	    -13.49497071732503705732	     -1.33837693704451710097	      4.77695535009606331300
      1.57299999999993733724	     -1.75406793966610963231	     -1.27139425117050897107	     -0.70270139326391833912	      0.60423589303739622114	      1.03702050967812287041	     -0.00725440538421835181	     -1.00122447379775070253	     -7.18195173194185354504	     22.16473654899680312269	     -1.18094898946895221492	      1.07473586602378845534	      7.16586019552639008623	    -65.72941306926770721475	    -13.43374413689597801636	     -1.29816988880761763347	      4.80412885404477574269
      1.57399999999993722710	     -1.75666079384814155517	     -1.24164340553336893791	     -0.70684650625155909243	      0.60412667323596136448	      1.03705124963767780777	     -0.00732192861690586765	     -0.97421831579202111673	     -7.18889209684675289935	     22.27038218465771279853	     -1.18192312933939414066	      1.04806188479483219922	      7.07614194529997408978	    -65.61575613029162923340	    -13.37291948268017982571	     -1.25946025255075899629	      4.83138182497563306583
      1.57499999999993711697	     -1.75915752916962264685	     -1.21217898746026175871	     -0.71111435216849872010	      0.60401672186093102734	      1.03707998092592323935	     -0.00738917672095157005	     -0.94739360958494156506	     -7.19610329822221128637	     22.37552555893175210144	     -1.18302286739332584986	      1.02171482638747468386	      6.98676457932966776809	    -65.49969794368121256412	    -13.31249972820933358264	     -1.22222460150108225285	      4.85870760875102547516
      1.57599999999993700683	     -1.76155609528280221454	     -1.18300892118290046362	     -0.71550580769274629844	      0.60390604262619529408	      1.03710670494742540626	     -0.00745615212161554811	     -0.92074948157174396624	     -7.20360139853597658544	     22.48016157257283254012	     -1.18425057866259231254	      0.99570344929828347169	      6.89773055469947848906	    -65.38123868516626657765	    -13.25248752301857635416	     -1.18643873062378690797	      4.88610925593461420391
      1.57699999999993689670	     -1.76385449428777252301	     -1.15414094311632675627	     -0.72002168425549495367	      0.60379463968242785832	      1.03713142333183028221	     -0.00752285706423660994	     -0.89428471857525160260	     -7.21140228236381108928	     22.58428484192908314299	     -1.18560851008166623366	      0.97003627947563242362	      6.80904207865315314052	    -65.26037827303130711698	    -13.19288516340271044669	     -1.15207774895680303828	      4.91359037432002931922
      1.57799999999993678657	     -1.76605076477719502570	     -1.12558258293876911615	     -0.72466273412227988349	      0.60368251768620528885	      1.03715413810118928239	     -0.00758929369770006742	     -0.86799779851282687915	     -7.21952166570644049415	     22.68788969808279887275	     -1.18709880315648130811	      0.94472155322254125487	      6.72070118034923158490	    -65.13711633858549987508	    -13.13369458603519213113	     -1.11911618088532605064	      4.94114438283982870814
      1.57899999999993667643	     -1.76814297985046686712	     -1.09734115814178445625	     -0.72942964852364367001	      0.60356968178938530389	      1.03717485164583167467	     -0.00765546410652306625	     -0.84188689980239572730	     -7.22797508017898948651	     22.79097018843861732762	     -1.18872349690726819560	      0.91976724296166156858	      6.63270970705764106867	    -65.01145222793084599289	    -13.07491737307033830007	     -1.08752801291169243214	      4.96875436498322997636
      1.57999999999993656630	     -1.77012927233304728780	     -1.06942379406689713761	     -0.73432304133277814806	      0.60345613759846361557	      1.03719356635511061882	     -0.00772137021386534554	     -0.81594987188009160395	     -7.23677780962460381886	     22.89352008073318955894	     -1.19048449379759180289	      0.89518121841841102881	      6.54506917403650412268	    -64.88338506548754480718	    -13.01655477722368914328	     -1.05728663466937433668	      4.99641314870112829283
      1.58099999999993645616	     -1.77200783424681818090	     -1.04183742014879987536	     -0.73934344649232142110	      0.60334189116175918066	      1.03721028457908248654	     -0.00778701379933597303	     -0.79018424471076820215	     -7.24594487208251880617	     22.99553286776751903631	     -1.19238355837876874865	      0.87097120065406574696	      6.45778075495187309230	    -64.75291376074494564818	    -12.95860772000537508575	     -1.02836487810552790201	      5.02412436834344955372
      1.58199999999993634603	     -1.77377690203793214607	     -1.01458875318981034397	     -0.74449132329418443721	      0.60322694904208640221	      1.03722500878824375192	     -0.00785239657197218423	     -0.76458726009659905287	     -7.25549102694144654180	     23.09700176812747329791	     -1.19442233611034542839	      0.84714462493657893827	      6.37084534489149856284	    -64.62003698411898255927	    -12.90107677722955692445	     -1.00073511182224184068	      5.05189296087806560820
      1.58299999999993623589	     -1.77543473783495464602	     -0.98768427670917469108	     -0.74976706388584912766	      0.60311131838283882356	      1.03723774178323568940	     -0.00791752027116042825	     -0.73915590703776790082	     -7.26543078839615041886	     23.19791972460442863735	     -1.19660238427354936874	      0.82370870453416389356	      6.28426364616552923792	    -64.48475313230514416318	    -12.84396217715684684890	     -0.97436935217555864508	      5.07971214352011291027
      1.58399999999993612576	     -1.77697962702625278375	     -0.96113023598942703973	     -0.75517099164216550111	      0.60299500688853657770	      1.03724848669003977264	     -0.00798238669164017325	     -0.71388693458157803651	     -7.27577841063654329190	     23.29827940898003291181	     -1.19892517725029246201	      0.80067047315119332929	      6.19803617010180296631	    -64.34706033075541142807	    -12.78726380447858979039	     -0.94923931029385200109	      5.10756290628705578172
      1.58499999999993601563	     -1.77840990772031748435	     -0.93493266289457610529	     -0.76070334294945463061	      0.60287802277134094897	      1.03725724656416473657	     -0.00804699753933416084	     -0.68877682213399138433	     -7.28654781859353306572	     23.39807323455485388308	     -1.20139206335359260969	      0.77803674717954940387	      6.11216307177539430739	    -64.20695651075978105382	    -12.73098121696336271214	     -0.92531631350115295387	      5.13543773579549966968
      1.58599999999993590549	     -1.77972397044787489229	     -0.90909737314642224959	     -0.76636426474512564511	      0.60276037472564658604	      1.03726402437099074483	     -0.00811135443453022895	     -0.66382179168831834115	     -7.29775259007335819206	     23.49729336439897764421	     -1.20400426600536603061	      0.75581407579218884418	      6.02664414394840886047	    -64.06443941851367185336	    -12.67511364745075219673	     -0.90257134171786024268	      5.16334183703561766521
      1.58699999999993579536	     -1.78092024123430792137	     -0.88362994858766519268	     -0.77215382110277330785	      0.60264207199783770275	      1.03726882318288016194	     -0.00817545899701387080	     -0.63901784277492246211	     -7.30940596640629003389	     23.59593171137824185735	     -1.20676290952583964433	      0.73400870393652339896	      5.94147889156135278199	    -63.91950658751587610595	    -12.61965999893775602914	     -0.88097512811522971088	      5.19128189861355693324
      1.58799999999993568522	     -1.78199716008427366809	     -0.85853571561023434011	     -0.77807200195804249176	      0.60252312445407429919	      1.03727164642925573368	     -0.00823931296494262444	     -0.61436079239538876617	     -7.32152087036492993377	     23.69397993562810711410	     -1.20966905613250474971	      0.71262672776372437689	      5.85666662875970978064	    -63.77215529946288796737	    -12.56461884134354001219	     -0.86049827718296933998	      5.21925108540884252761
      1.58899999999993557509	     -1.78295317845984224725	     -0.83381974140745429569	     -0.78411872164927198803	      0.60240354254930683631	      1.03727249791095910147	     -0.00830291820816671591	     -0.58984629068573302124	     -7.33410989223363962708	     23.79142945236320727531	     -1.21272371240769771816	      0.69167413058407434256	      5.77220648376026179704	    -63.62238258865767193129	    -12.50998841416780038571	     -0.84111130873077621928	      5.24722855658419007341
      1.58999999999993546496	     -1.78378679359799474646	     -0.80948686370779554533	     -0.79029379920979736518	      0.60228333725136673493	      1.03727138137181085220	     -0.00836627653087662626	     -0.56546978917744084026	     -7.34718521406008040486	     23.88827145246694527714	     -1.21592777768528259585	      0.67115655324984369035	      5.68809721786312216807	    -63.47018533423467090415	    -12.45576664546869771755	     -0.82278455696261276753	      5.27520709536519660787
      1.59099999999993535482	     -1.78449654807914104282	     -0.78554168891722975232	     -0.79659695645000616615	      0.60216252000107417519	      1.03726830049311069537	     -0.00842938966477249987	     -0.54122655500478666912	     -7.36075859263935949883	     23.98449691315152065840	     -1.21928204758487068737	      0.65107926414099570600	      5.60433722364021136286	    -63.31556027098428529598	    -12.40195115664948666279	     -0.80548820402153953335	      5.30319412565662506864
      1.59199999999993524469	     -1.78508101003329078260	     -0.76198857323666535635	     -0.80302782614694034891	      0.60204110278182321192	      1.03726325912942640706	     -0.00849225937351947256	     -0.51711170956128271747	     -7.37484137492376223832	     24.08009659650715761359	     -1.22278724618269163393	      0.63144724563532617090	      5.52092461244137489018	    -63.15850395678048556647	    -12.34853926014495684171	     -0.78919238781155487406	      5.33119818885365859273
      1.59299999999993513455	     -1.78553874945529589269	     -0.73883160159320204752	     -0.80958596147345884830	      0.60191909819343614174	      1.03725626159293149442	     -0.00855488758580807973	     -0.49312027224751669996	     -7.38944451972945071105	     24.17506104608883177320	     -1.22644406593340726808	      0.61226536479125592827	      5.43785731655315984767	    -62.99901273168273263536	    -12.29552795314064361776	     -0.77386732145589631759	      5.35921295730978375360
      1.59399999999993502442	     -1.78586833574863468321	     -0.71607458556206249334	     -0.81627083480638285007	      0.60179651941025691375	      1.03724731267381331534	     -0.00861727639966770181	     -0.46924717753385847274	     -7.40457858443317107344	     24.26938059666183278296	     -1.23025317391918931342	      0.59353838376601919524	      5.35513309410151983059	    -62.83708272561550955970	    -12.24291392048499282907	     -0.75948333149876556813	      5.38721709625641764774
      1.59499999999993491429	     -1.78606837604186563517	     -0.69372109647389057496	     -0.82308181781789691023	      0.60167338007852022574	      1.03723641716106507182	     -0.00867942784672493667	     -0.44548723918058319438	     -7.42025364374460405514	     24.36304540034057453113	     -1.23421515366815626180	      0.57527064661550231239	      5.27274933769660858474	    -62.67270996345126121696	    -12.19069356217386790320	     -0.74601073843669063468	      5.41520452281510067394
      1.59599999999993480415	     -1.78613751424249223021	     -0.67177446439061949679	     -0.83001818041352437572	      0.60154969426499027563	      1.03722357983605051324	     -0.00874134388471274788	     -0.42183516541458582205	     -7.43647927401574371231	     24.45604543812286024718	     -1.23833050964507851432	      0.55746607562211736298	      5.19070307582718459827	    -62.50589037749244170072	    -12.13886299893954223705	     -0.73341988691363035890	      5.44318502442343721270
      1.59699999999993469402	     -1.78607440846834819581	     -0.65023775891468360566	     -0.83707910022340925593	      0.60142547653038591626	      1.03720880574428142573	     -0.00880302652215930563	     -0.39828560106288096732	     -7.45326457353019655727	     24.54837051674991243999	     -1.24259970360431459824	      0.54012833287178274588	      5.10899106981517991954	    -62.33661977091839645482	    -12.08741806692544784596	     -0.72168125779463443425	      5.47116889027399455614
      1.59799999999993458388	     -1.78587770624660291396	     -0.62911376980012279070	     -0.84426367227332832499	      0.60130074201060135231	      1.03719210050737364881	     -0.00886447795894665380	     -0.37483317338133909091	     -7.47061818670748500892	     24.64001026447373732253	     -1.24702319498755453964	      0.52326095086933932521	      5.02760991558409475743	    -62.16489377784693459716	    -12.03635431286933332728	     -0.71076558378868581745	      5.49915102280914336319
      1.59899999999993447375	     -1.78554604230395219666	     -0.60840500653657247909	     -0.85157090824662928785	      0.60117550636712047130	      1.03717347033141193968	     -0.00892570058769622497	     -0.35147250867794072038	     -7.48854829128118293369	     24.73095414135143954582	     -1.25160144579232235351	      0.50686732022571967526	      4.94655604675643978396	    -61.99070787469518961643	    -11.98566699983061489831	     -0.70064388070405603237	      5.52711123898146361455
      1.59900000000000019895	     -1.78554604230392599540	     -0.60840500653522511243	     -0.85157090824711356714	      0.60117550636711225565	      1.03717347033141060741	     -0.00892570058770024086	     -0.35147250867640822403	     -7.48854829128238108638	     24.73095414135739389394	     -1.25160144579262833098	      0.50686732022465785796	      4.94655604675112314794	    -61.99070787468366461326	    -11.98566699982729666374	     -0.70064388070341621084	      5.52711123898330036752
