PositionErrors
version=1
nRows=1200
nColumns=17
inDegrees=no
endheader
time	pelvis_tz	pelvis_tx	pelvis_ty	pelvis_tilt	pelvis_list	pelvis_rotation	hip_flexion_r	hip_adduction_r	hip_rotation_r	knee_flexion_r	ankle_dorsiflexion_r	hip_flexion_l	hip_adduction_l	hip_rotation_l	knee_flexion_l	ankle_dorsiflexion_l
      0.40000000000000002220	      0.00000000000000000000	      0.00000000000000000000	      0.00000000000000000000	      0.00000000000000000000	      0.00000000000000000000	      0.00000000000000000000	      0.00000000000000000000	      0.00000000000000000000	      0.00000000000000000000	      0.00000000000000000000	      0.00000000000000000000	      0.00000000000000000000	      0.00000000000000000000	      0.00000000000000000000	      0.00000000000000000000	      0.00000000000000000000
      0.40100000000000002309	      0.00000067464430112199	      0.00000009004683154679	     -0.00000006589143208835	      0.00000000439873788088	      0.00000008387175141206	     -0.00000002551945722101	     -0.00000004773563883065	      0.00000031578517763024	      0.00000006896732099304	     -0.00000000979484893193	      0.00000000917074899874	      0.00000007752087639173	      0.00000042461688998241	      0.00000000537852906310	      0.00000001972201532641	     -0.00000005777110133331
      0.40200000000000002398	      0.00000270624321504348	      0.00000036754878329770	     -0.00000026347687764883	      0.00000001326120711853	      0.00000032636215568926	     -0.00000008699981345062	     -0.00000019546281215810	      0.00000127535145332154	      0.00000026820071613587	     -0.00000002638646601216	      0.00000001741164149666	      0.00000031232127843672	      0.00000170583804899593	      0.00000001253790857941	      0.00000008032729356677	     -0.00000035525279769300
      0.40300000000000002487	      0.00000610142592349580	      0.00000084198779182199	     -0.00000059289155696085	      0.00000002636277852963	      0.00000072525348126379	     -0.00000018255993936012	     -0.00000044115422803692	      0.00000287030568625092	      0.00000059798864349148	     -0.00000004973224199123	      0.00000002535803909215	      0.00000070039624942841	      0.00000383142264991435	      0.00000002064067882585	      0.00000018042133773100	     -0.00000084640426890881
      0.40400000000000002576	      0.00001086582937475170	      0.00000152251650953339	     -0.00000105447979481532	      0.00000004356435474862	      0.00000127750877099153	     -0.00000031041977019766	     -0.00000078220929605743	      0.00000509130862493684	      0.00000105810482028956	     -0.00000008085631220123	      0.00000003452132617265	      0.00000123591419900343	      0.00000678708486523058	      0.00000002671780730684	      0.00000031689576540650	     -0.00000119118979151345
      0.40500000000000002665	      0.00001700435386806781	      0.00000241823308144706	     -0.00000164822449799651	      0.00000006464066118483	      0.00000198046725674583	     -0.00000046858621794224	     -0.00000121654333529175	      0.00000792858268650748	      0.00000164758046164448	     -0.00000011974635649725	      0.00000004489984695155	      0.00000191430481395055	      0.00001055805980193156	      0.00000003065038511191	      0.00000048815785749778	     -0.00000135195728738491
      0.40600000000000002753	      0.00002452115506160896	      0.00000353823137322351	     -0.00000237374800660106	      0.00000008928158973937	      0.00000283186485926928	     -0.00000065487723233809	     -0.00000174259958990453	      0.00001137190751161928	      0.00000236478663415141	     -0.00000016532844115957	      0.00000005494171096548	      0.00000273224960382901	      0.00001512916828127348	      0.00000003495396769942	      0.00000069422403251029	     -0.00000159689090729886
      0.40700000000000002842	      0.00003341973054489522	      0.00000489141974169272	     -0.00000323063930229850	      0.00000011719112424924	      0.00000382943359333171	     -0.00000086720295868273	     -0.00000235883721344532	      0.00001541102389989238	      0.00000320815417415021	     -0.00000021662182825288	      0.00000006321057472239	      0.00000368639022272493	      0.00002048520703277351	      0.00000004172369525574	      0.00000093510024321009	     -0.00000218527292464299
      0.40800000000000002931	      0.00004370298762395447	      0.00000648633334465742	     -0.00000421876991385517	      0.00000014816884865571	      0.00000497053956502458	     -0.00000110382378131629	     -0.00000306321366611018	      0.00002003596008070228	      0.00000417683845410632	     -0.00000027383176381957	      0.00000006994457221222	      0.00000477218313096189	      0.00002661120318949578	      0.00000005096662313020	      0.00000120916436799345	     -0.00000307624051872069
      0.40900000000000003020	      0.00005537322720489818	      0.00000833117856224863	     -0.00000533828961502003	      0.00000018209844650230	      0.00000625221924090841	     -0.00000136337196154218	     -0.00000385316063161723	      0.00002523696042100974	      0.00000527082259557665	     -0.00000033830368517673	      0.00000007700567698603	      0.00000598397741605888	      0.00003349237836363511	      0.00000006099418006777	      0.00000151320813579492	     -0.00000394179770120406
      0.41000000000000003109	      0.00006843195979467157	      0.00001043410123779953	     -0.00000658903743411265	      0.00000021879182394297	      0.00000767193972364688	     -0.00000164442306950160	     -0.00000472639980469980	      0.00003100365962255096	      0.00000648987517840038	     -0.00000041027730268706	      0.00000008473005352894	      0.00000731745865992922	      0.00004111354565859704	      0.00000007245689007118	      0.00000184575603218162	     -0.00000474932604338507
      0.41100000000000003197	      0.00008287990598383754	      0.00001280324050600967	     -0.00000797053082957078	      0.00000025799434012069	      0.00000922760153113100	     -0.00000194547314018301	     -0.00000568098873365841	      0.00003732515729786175	      0.00000783347831759262	     -0.00000048885827630407	      0.00000009186030818127	      0.00000876964283182818	      0.00004945917614769535	      0.00000008805464563055	      0.00000220703914813325	     -0.00000576278972404254
      0.41200000000000003286	      0.00009871708190105355	      0.00001544655091745284	     -0.00000948228668873341	      0.00000029947603114033	      0.00001091712998951139	     -0.00000226513525255004	     -0.00000671484595232696	      0.00004419050923612673	      0.00000930130504811499	     -0.00000057316393020646	      0.00000009717549246009	      0.00001033767923371010	      0.00005851374555608524	      0.00000011004686830546	      0.00000259718835765588	     -0.00000723445254141586
      0.41300000000000003375	      0.00011594286822401087	      0.00001837162612450260	     -0.00001112413451553884	      0.00000034310967682305	      0.00001273810319827803	     -0.00000260231348938808	     -0.00000782526950882101	      0.00005158915970900416	      0.00001089365185985569	     -0.00000066337901272195	      0.00000010099971889908	      0.00001201777509713536	      0.00006826202232234138	      0.00000013919282347563	      0.00000301493395357677	     -0.00000912805264947913
      0.41400000000000003464	      0.00013455600717265578	      0.00002158574980504202	     -0.00001289619862987479	      0.00000038886623886930	      0.00001468776598485821	     -0.00000295615991996456	     -0.00000900897412070556	      0.00005951099775451836	      0.00001261133691712879	     -0.00000076070381271887	      0.00000010513801563215	      0.00001380526133840446	      0.00007868910062725637	      0.00000017507307387837	      0.00000345774246032771	     -0.00001113301364367991
      0.41500000000000003553	      0.00015455444603432525	      0.00002509616293289163	     -0.00001479828868711230	      0.00000043668213582648	      0.00001676374886786999	     -0.00000332563526656698	     -0.00001026299950301901	      0.00006794565212620354	      0.00001445456228116315	     -0.00000086516651043311	      0.00000010978746327675	      0.00001569686781610624	      0.00008977988465090972	      0.00000021877103439927	      0.00000392470882773499	     -0.00001322171076095779
      0.41600000000000003642	      0.00017593534146855688	      0.00002891010920080817	     -0.00001682987627793509	      0.00000048646054414542	      0.00001896407342301398	     -0.00000370949189928277	     -0.00001158476811291553	      0.00007688254054442553	      0.00001642285527922449	     -0.00000097560212941605	      0.00000011347923248479	      0.00001769070980430637	      0.00010151912714392169	      0.00000027270567147519	      0.00000441644396931284	     -0.00001565082716981081
      0.41700000000000003730	      0.00019869513427971455	      0.00003303465316795151	     -0.00001899041918917987	      0.00000053814662926560	      0.00002128676632247306	     -0.00000410647778994327	     -0.00001297157122193138	      0.00008631127836135170	      0.00001851559638341160	     -0.00000109077464172103	      0.00000011469294794106	      0.00001978518119514355	      0.00011389170954443847	      0.00000033898101715196	      0.00000493339655038838	     -0.00001866640935245523
      0.41800000000000003819	      0.00022282961485940028	      0.00003747650412400105	     -0.00002127968469833874	      0.00000059179417072341	      0.00002372949606407881	     -0.00000451552378273601	     -0.00001442003835394612	      0.00009622205798904757	      0.00002073253262893648	     -0.00000121041651446330	      0.00000011337865388726	      0.00002197792625478409	      0.00012688294312558634	      0.00000041848425145347	      0.00000547495995129044	     -0.00002223698041088629
      0.41900000000000003908	      0.00024833392454979425	      0.00004224205628278188	     -0.00002369772435351081	      0.00000064755541978601	      0.00002628958769975223	     -0.00000493572712815041	     -0.00001592617289469800	      0.00010660565309980261	      0.00002307376226093338	     -0.00000133519389755588	      0.00000011092807015826	      0.00002426587236649402	      0.00014047859819518033	      0.00000051105089785008	      0.00000603964808587598	     -0.00002606645550186359
      0.42000000000000003997	      0.00027520241109522947	      0.00004733763673236968	     -0.00002624424282493543	      0.00000070555521217153	      0.00002896473084913059	     -0.00000536596341275605	     -0.00001748632650999671	      0.00011745265994835344	      0.00002553869247373663	     -0.00000146459036365343	      0.00000010715420122563	      0.00002664735333821749	      0.00015466433814057684	      0.00000061753273448290	      0.00000662727652608885	     -0.00003012949231979978
      0.42100000000000004086	      0.00030342863240617399	      0.00005276953923449845	     -0.00002891856544762206	      0.00000076588371418496	      0.00003175299169544746	     -0.00000580489055130445	     -0.00001909726683080315	      0.00012875347813602611	      0.00002812604425150855	     -0.00000159689980006039	      0.00000010025742988931	      0.00002912207802762551	      0.00016942571681215213	      0.00000073982122981292	      0.00000723882874681392	     -0.00003467514930489968
      0.42200000000000004174	      0.00033300542289517801	      0.00005854384138670454	     -0.00003171997206385946	      0.00000082865703913276	      0.00003465244230778375	     -0.00000625115843038218	     -0.00002075562328507363	      0.00014049865538108379	      0.00003083443199569658	     -0.00000173032877737178	      0.00000008844630866069	      0.00003169009792872157	      0.00018474844334707627	      0.00000087973864988655	      0.00000787513039771093	     -0.00003994599788803566
      0.42300000000000004263	      0.00036392496087815987	      0.00006466622575751479	     -0.00003464803941266581	      0.00000089407198778507	      0.00003766078973560169	     -0.00000670360854772983	     -0.00002245730543382063	      0.00015267924370060589	      0.00003366296823567594	     -0.00000186405381030763	      0.00000007152777539363	      0.00003435081131900747	      0.00020061874033586516	      0.00000103790681323102	      0.00000853624332664005	     -0.00004591313965325583
      0.42400000000000004352	      0.00039617877310615598	      0.00007114200842639473	     -0.00003770261365843020	      0.00000096238755753486	      0.00004077538494206417	     -0.00000716127864241675	     -0.00002419754689397813	      0.00016528675367726703	      0.00003661132169063830	     -0.00000199822152990858	      0.00000005093775052104	      0.00003710296018711798	      0.00021702336567085492	      0.00000121375753839303	      0.00000922159390848165	     -0.00005228610559052105
      0.42500000000000004441	      0.00042975758932744385	      0.00007797637272211055	     -0.00004088315540928811	      0.00000103380111118184	      0.00004399393590446762	     -0.00000762305252426099	     -0.00002597196518683287	      0.00017831230209868626	      0.00003967871213667040	     -0.00000213188025810496	      0.00000002674444446286	      0.00003994664040706669	      0.00023394892374661858	      0.00000140775306101126	      0.00000993149241126923	     -0.00005903819274422073
      0.42600000000000004530	      0.00046465134691100335	      0.00008517439759836432	     -0.00004418870257283380	      0.00000110843725898563	      0.00004731452313279719	     -0.00000808766984429499	     -0.00002777664943198754	      0.00019174656045484184	      0.00004286392789867866	     -0.00000226297853200830	     -0.00000000239027532836	      0.00004288324351148579	      0.00025138183368959843	      0.00000162150911368897	      0.00001066705182675709	     -0.00006641325370411455
      0.42700000000000004619	      0.00050084926441954641	      0.00009274087968469402	     -0.00004761821898591201	      0.00000118641321865398	      0.00005073523351418682	     -0.00000855390456644053	     -0.00002960759215775433	      0.00020558018520017499	      0.00004616584222880138	     -0.00000238942414820809	     -0.00000003768253646445	      0.00004591444133323318	      0.00026930864926212952	      0.00000185670479251748	      0.00001142929441322327	     -0.00007465357295181885
      0.42800000000000004707	      0.00053833992836306924	      0.00010068015385433782	     -0.00005117096190021542	      0.00000126790290575635	      0.00005425377190020758	     -0.00000902072792645023	     -0.00003146009678922645	      0.00021980433157349141	      0.00004958395666732063	     -0.00000251013491670005	     -0.00000007869974314595	      0.00004904117100601978	      0.00028771653522084370	      0.00000211365570648714	      0.00001221863912276300	     -0.00008372942878735745
      0.42900000000000004796	      0.00057711131253313647	      0.00010899612159120942	     -0.00005484645481712569	      0.00000135313260132136	      0.00005786746536259879	     -0.00000948728312323219	     -0.00003332886551399294	      0.00023441071460860580	      0.00005311835742896620	     -0.00000262502255843344	     -0.00000012343892643284	      0.00005226356375239750	      0.00030659330707906093	      0.00000239124689679904	      0.00001303496923044101	     -0.00009334581904195394
      0.43000000000000004885	      0.00061715063397146594	      0.00011769249480952926	     -0.00005864380164211092	      0.00000144228395692475	      0.00006157400505924296	     -0.00000995252038606814	     -0.00003520917338994956	      0.00024939077815142041	      0.00005676853745395505	     -0.00000273286927010563	     -0.00000017153551123451	      0.00005558284294809781	      0.00032592659054729925	      0.00000268957135109160	      0.00001387887154905010	     -0.00010347180561458280
      0.43100000000000004974	      0.00065844436582642926	      0.00012677283001472084	     -0.00006256164767370898	      0.00000153549394918406	      0.00006537146501314761	     -0.00001041518814839590	     -0.00003709698277398754	      0.00026473569991394483	      0.00006053333029290564	     -0.00000283130362299655	     -0.00000022439095350053	      0.00005900122606355626	      0.00034570378306731167	      0.00000301006196703341	      0.00001475167118786258	     -0.00011434941389443232
      0.43200000000000005063	      0.00070097831650837647	      0.00013624034693449083	     -0.00006659855273616344	      0.00000163291265320442	      0.00006925792619869031	     -0.00001087401228922966	     -0.00003898833628723786	      0.00028043684318702217	      0.00006441146529931330	     -0.00000291788189754616	     -0.00000028358160930435	      0.00006252093808367404	      0.00036591244735890982	      0.00000335419151358679	      0.00001565480356185978	     -0.00012622182728547204
      0.43300000000000005151	      0.00074473772304198965	      0.00014609773450025010	     -0.00007075339136886072	      0.00000173475108128374	      0.00007323106733030105	     -0.00001132787130045734	     -0.00004087872431235429	      0.00029648627220708185	      0.00006840219745932186	     -0.00000299120876712244	     -0.00000034918956634718	      0.00006614324222702170	      0.00038654087006684268	      0.00000372188978214893	      0.00001658908173007845	     -0.00013905530539398692
      0.43400000000000005240	      0.00078970726981269362	      0.00015634717735490966	     -0.00007502532999148492	      0.00000184126915745569	      0.00007728816706311856	     -0.00001177579310547919	     -0.00004276316396623070	      0.00031287675028902548	      0.00007250530549071654	     -0.00000305096032515717	     -0.00000041980040996550	      0.00006986838385963142	      0.00040757807276044569	      0.00000411150146131106	      0.00001755463318106609	     -0.00015254436103320779
      0.43500000000000005329	      0.00083587092798668647	      0.00016699062238823004	     -0.00007941310650849687	      0.00000195269023433448	      0.00008142688655506450	     -0.00001221663039821519	     -0.00004463741124527409	      0.00032960075190303917	      0.00007671987488211407	     -0.00000309572750878395	     -0.00000049576956183059	      0.00007369746254513128	      0.00042901276727664098	      0.00000452281172125951	      0.00001855227112679270	     -0.00016665296342292801
      0.43600000000000005418	      0.00088321196730814858	      0.00017802981857151234	     -0.00008391499188253881	      0.00000206919715466797	      0.00008564529063335644	     -0.00001264907792655756	     -0.00004649805097733939	      0.00034665040369322511	      0.00008104426900465422	     -0.00000312301796978609	     -0.00000057927880593202	      0.00007763235839922263	      0.00045083329487099338	      0.00000495720069568911	      0.00001958359570081170	     -0.00018162396592119601
      0.43700000000000005507	      0.00093171304157616680	      0.00018946612369952209	     -0.00008852919327373421	      0.00000219097620796083	      0.00008994145667023598	     -0.00001307187013607075	     -0.00004834184557123145	      0.00036401793184564699	      0.00008547676394585202	     -0.00000313040060395675	     -0.00000067259937940739	      0.00008167478834110063	      0.00047302810178925792	      0.00000541615682724678	      0.00002065035875414845	     -0.00019770161083666749
      0.43800000000000005596	      0.00098135628590401494	      0.00020130029045795084	     -0.00009325428808648617	      0.00000231824674245401	      0.00009431305399339868	     -0.00001348397277988259	     -0.00005016507151656135	      0.00038169615990083644	      0.00009001624204413305	     -0.00000311670326735847	     -0.00000077627028924332	      0.00008582540329211789	      0.00049558634129262882	      0.00000589958929415879	      0.00002175334305623555	     -0.00021484762822684966
      0.43900000000000005684	      0.00103212333359535210	      0.00021353249652245054	     -0.00009808920191956005	      0.00000245124431463156	      0.00009875735245541001	     -0.00001388460833063113	     -0.00005196357065695434	      0.00039967843628771135	      0.00009466221695536570	     -0.00000308206901711294	     -0.00000088901104381041	      0.00009008378048866363	      0.00051849784232017512	      0.00000640581197957485	      0.00002289219449680413	     -0.00023274657912837615
      0.44000000000000005773	      0.00108399514156766463	      0.00022616264939057107	     -0.00010303244402387612	      0.00000259015571427157	      0.00010327204927734757	     -0.00001427298271623745	     -0.00005373395743357712	      0.00041795750332844148	      0.00009941358491685759	     -0.00000302574992216975	     -0.00000101104215362996	      0.00009445028867959438	      0.00054175190032649395	      0.00000693485577071135	      0.00002406729200990498	     -0.00025135906833709254
      0.44100000000000005862	      0.00113695200212258693	      0.00023919043456310796	     -0.00010808206540002807	      0.00000273511362027662	      0.00010785529600011029	     -0.00001464833449373384	     -0.00005547366866753833	      0.00043652538054549800	      0.00010426862901138922	     -0.00000294613706131042	     -0.00000114405805551158	      0.00009892606316594214	      0.00056533720435738080	      0.00000748868914807188	      0.00002527986841491248	     -0.00027093040737369289
      0.44200000000000005951	      0.00119097363670476325	      0.00025261510672780485	     -0.00011323609262992029	      0.00000288622688617707	      0.00011250528789604267	     -0.00001501012946965308	     -0.00005718028946488651	      0.00045537383825138000	      0.00010922570376542540	     -0.00000284194913835467	     -0.00000128939276339626	      0.00010351209790625780	      0.00058924239085076519	      0.00000806962439348774	      0.00002653114498887832	     -0.00029170577925938246
      0.44300000000000006040	      0.00124603930085222248	      0.00026643526431391340	     -0.00011849299139399250	      0.00000304359923668229	      0.00011721981777899210	     -0.00001535818486477977	     -0.00005885090884505395	      0.00047449498442298302	      0.00011428390495946128	     -0.00000271338286050860	     -0.00000144628597701507	      0.00010820835085403706	      0.00061345667819975858	      0.00000867830103561118	      0.00002782089540070976	     -0.00031364422393621860
      0.44400000000000006128	      0.00130212780742491527	      0.00028064890069567916	     -0.00012385163493444651	      0.00000320732051645178	      0.00012199626520481913	     -0.00001569261668274771	     -0.00006048218508958314	      0.00049388128798988351	      0.00011944303600722184	     -0.00000256204198711973	     -0.00000161201247612930	      0.00011301371159619725	      0.00063796984314071215	      0.00000931354189098038	      0.00002914735344963781	     -0.00033642503126679602
      0.44500000000000006217	      0.00135921735177588904	      0.00029525376868633213	     -0.00012931048153652647	      0.00000337743884181591	      0.00012683242991923943	     -0.00001601351274358592	     -0.00006207157692705856	      0.00051352450983670889	      0.00012470227471442219	     -0.00000238852865708239	     -0.00000178554305986685	      0.00011792776582263652	      0.00066277098573171850	      0.00000997599355653800	      0.00003050985979322074	     -0.00036000753136893049
      0.44600000000000006306	      0.00141728553164612373	      0.00031024745111107865	     -0.00013486751978120104	      0.00000355396541331515	      0.00013172653612206556	     -0.00001632090327759531	     -0.00006361740618510137	      0.00053341570271113123	      0.00013006012603861139	     -0.00000219234815890257	     -0.00000196773213791135	      0.00012295073952982641	      0.00068784851412641290	      0.00001066842225015685	      0.00003190907812572474	     -0.00038463893577131425
      0.44700000000000006395	      0.00147630945121161872	      0.00032562714027206674	     -0.00014052073022341460	      0.00000373689575268454	      0.00013667679045567191	     -0.00001661488561061769	     -0.00006511820488441789	      0.00055354579297847012	      0.00013551508299763926	     -0.00000197305557159133	     -0.00000215955933913214	      0.00012808258837496145	      0.00071319077762872773	      0.00001139400566834564	      0.00003334583344705155	     -0.00041056485323634484
      0.44800000000000006484	      0.00153626582668052111	      0.00034138939273531399	     -0.00014626857906119284	      0.00000392621369196822	      0.00014168093204363491	     -0.00001689573753614962	     -0.00006657206111482239	      0.00057390615948367529	      0.00014106628252102960	     -0.00000173144553450300	     -0.00000236031039476704	      0.00013332215746107712	      0.00073878665095095108	      0.00001215358135762262	      0.00003481937697993875	     -0.00043774258059817162
      0.44900000000000006573	      0.00159713100621973123	      0.00035753018782092028	     -0.00015210997630443757	      0.00000412188345580433	      0.00014673623450353612	     -0.00001716388960643425	     -0.00006797664653201974	      0.00059448861189687410	      0.00014671347145955860	     -0.00000146951143720209	     -0.00000256761286247277	      0.00013866720840759530	      0.00076462547850513624	      0.00001294537742841523	      0.00003632729261479617	     -0.00046584814612540826
      0.45000000000000006661	      0.00165888078823771268	      0.00037404533616103297	     -0.00015804339387326394	      0.00000432385154798542	      0.00015184037007386422	     -0.00001741964730827758	     -0.00006933043062928856	      0.00061528427480143921	      0.00015245567552754635	     -0.00000118800252779661	     -0.00000278111631825395	      0.00014411615606111511	      0.00079069588960298948	      0.00001376975364271449	      0.00003786872286506981	     -0.00049483892826010512
      0.45100000000000006750	      0.00172149043794814910	      0.00039093055633276919	     -0.00016406679963476556	      0.00000453205291268965	      0.00015699142450547113	     -0.00001766318199857356	     -0.00007063271981655461	      0.00063628356084020898	      0.00015829115086057888	     -0.00000088636240747064	     -0.00000300258868297931	      0.00014966806328701662	      0.00081698580712925850	      0.00001462970652262724	      0.00003944451319159992	     -0.00052496184446679250
      0.45200000000000006839	      0.00178493479083546500	      0.00040818123075647694	     -0.00017017814932884789	      0.00000474641663054248	      0.00016218745286226618	     -0.00001789465934542989	     -0.00007188299391802655	      0.00065747672890267839	      0.00016421803543431590	     -0.00000056395214254046	     -0.00000323400021709497	      0.00015532180052748451	      0.00084348307123892352	      0.00001552881988879651	      0.00004105564884940294	     -0.00055646251693622362
      0.45300000000000006928	      0.00184918835683135080	      0.00042579213980553643	     -0.00017637591050689849	      0.00000496685650740875	      0.00016742602815478930	     -0.00001811435651558405	     -0.00007308022450036589	      0.00067885443018775304	      0.00017023498114493441	     -0.00000022131928745228	     -0.00000347553225242374	      0.00016107526322433480	      0.00087017593058295178	      0.00001646739159818361	      0.00004270134085287980	     -0.00058929568981830327
      0.45400000000000007017	      0.00191422533562869354	      0.00044375752680825276	     -0.00018265900981573324	      0.00000519326582221202	      0.00017270425284143798	     -0.00001832264814173243	     -0.00007422288026148749	      0.00070040766593393658	      0.00017634110111877654	      0.00000013980537416636	     -0.00000372550942051228	      0.00016692543424190118	      0.00089705297506555148	      0.00001744204333714583	      0.00004437896193243418	     -0.00062313175639902574
      0.45500000000000007105	      0.00198001942575564208	      0.00046207154528699057	     -0.00018902589278901871	      0.00000542554813687951	      0.00017801965165931133	     -0.00001851976288636849	     -0.00007531017401041229	      0.00072212665847634985	      0.00018253462937695142	      0.00000051897891240049	     -0.00000398411298913916	      0.00017287006803371266	      0.00092410210949967625	      0.00001845236279520573	      0.00004608763299054908	     -0.00065792391959731966
      0.45600000000000007194	      0.00204654383498903067	      0.00048072833974521778	     -0.00019547444850709361	      0.00000566362552271993	      0.00018337019706082813	     -0.00001870578232032738	     -0.00007634210367590821	      0.00074400080916725564	      0.00018881284250407693	      0.00000091706885563259	     -0.00000425338685272961	      0.00017890771264884864	      0.00095131058136069258	      0.00001950147517425921	      0.00004782827536609080	     -0.00069391773264726453
      0.45700000000000007283	      0.00211377138092530559	      0.00049972178057322569	     -0.00020200253160362891	      0.00000590743154569445	      0.00018875386266313521	     -0.00001888076252097061	     -0.00007731877633387896	      0.00076601923490794005	      0.00019517266767998809	      0.00000133495449239351	     -0.00000453516062814095	      0.00018503693171557228	      0.00097866553469627693	      0.00002059308300182694	      0.00004960174404874951	     -0.00073135920634637142
      0.45800000000000007372	      0.00218167459830640939	      0.00051904518029743940	     -0.00020860851633619504	      0.00000615689079962872	      0.00019416815889252564	     -0.00001904484651461986	     -0.00007823968620279675	      0.00078817132330415152	      0.00020161131902673990	      0.00000177220251385002	     -0.00000482893383880328	      0.00019125555103146480	      0.00100615443908314006	      0.00002172660890967237	      0.00005140691076013781	     -0.00077019855204049636
      0.45900000000000007461	      0.00225022576124487422	      0.00053869135989781380	     -0.00021529123728614152	      0.00000641191268602181	      0.00019961014106902389	     -0.00001919825800254620	     -0.00007910370581132309	      0.00081044673972848272	      0.00020812634485672943	      0.00000222711988873137	     -0.00000513193473990030	      0.00019756068841191021	      0.00103376504563119920	      0.00002289685049911699	      0.00005324071603388103	     -0.00081009540337137476
      0.46000000000000007550	      0.00231939669513487462	      0.00055865312251279775	     -0.00022204899878763840	      0.00000667244289657282	      0.00020507732495948436	     -0.00001934108660893441	     -0.00007991040633287261	      0.00083283434364862796	      0.00021471441819181925	      0.00000269936760999290	     -0.00000544319730402462	      0.00020395031359093929	      0.00106148453290776101	      0.00002410262047111700	      0.00005510194369390264	     -0.00085099623326134743
      0.46100000000000007638	      0.00238915879650427113	      0.00057892333148679143	     -0.00022887949661987150	      0.00000693846798622416	      0.00021056770861959187	     -0.00001947329329305900	     -0.00008066010102192323	      0.00085532220058421801	      0.00022137138168565329	      0.00000319005559290542	     -0.00000576377899455874	      0.00021042322144262937	      0.00108929954181170158	      0.00002534718467733441	      0.00005699128517502872	     -0.00089314532033815675
      0.46200000000000007727	      0.00245948314709135835	      0.00059949462300745715	     -0.00023578037177496292	      0.00000720999219136487	      0.00021607930599230885	     -0.00001959482687858248	     -0.00008135312207291356	      0.00087789817879392260	      0.00022809297327450184	      0.00000370047922781946	     -0.00000609480681050371	      0.00021697825717100633	      0.00111719664782156808	      0.00002663411100765553	      0.00005890941958185125	     -0.00093678889406104138
      0.46300000000000007816	      0.00253034063451774635	      0.00062035910528868143	     -0.00024274979336458280	      0.00000748700351276693	      0.00022160965432884566	     -0.00001970573072176615	     -0.00008198903644796030	      0.00090055058150570813	      0.00023487556293874667	      0.00000423080284595034	     -0.00000643540194903910	      0.00022361356145560868	      0.00114516280710830892	      0.00002796201892634603	      0.00006085526040536249	     -0.00098186956564866312
      0.46400000000000007905	      0.00260170197422001162	      0.00064150842656263141	     -0.00024978639637640576	      0.00000776946673095719	      0.00022715581842599163	     -0.00001980613765118974	     -0.00008256664796807422	      0.00092326817365082775	      0.00024171618841242748	      0.00000478008201088009	     -0.00000678271321345215	      0.00023032658019171010	      0.00117318534865803320	      0.00002932445610815890	      0.00006282604823701354	     -0.00102803064719092507
      0.46500000000000007994	      0.00267353750893854769	      0.00066293427181041142	     -0.00025688824959568812	      0.00000805739521673315	      0.00023271534123429222	     -0.00001989607698349091	     -0.00008308544625396097	      0.00094603904477402398	      0.00024861126556399715	      0.00000534887759562341	     -0.00000713609601380241	      0.00023711554053278822	      0.00120125118049140694	      0.00003071978789422058	      0.00006482096797945369	     -0.00107520981555045414
      0.46600000000000008082	      0.00274581722626903585	      0.00068462844014505198	     -0.00026405277884267164	      0.00000835085362065752	      0.00023828626263279473	     -0.00001997548188684313	     -0.00008354566988083567	      0.00096885061376477538	      0.00025555657088235928	      0.00000593927646053150	     -0.00000749724229796161	      0.00024397941411419960	      0.00122934680308527111	      0.00003215134616712731	      0.00006684113511888634	     -0.00112365029967612107
      0.46700000000000008171	      0.00281851087427188729	      0.00070658254262900844	     -0.00027127735080378912	      0.00000864992195160480	      0.00024386663004897710	     -0.00002004429718690560	     -0.00008394752733625888	      0.00099169025503619695	      0.00026254791777380326	      0.00000655352146172739	     -0.00000786804073768174	      0.00025091719425091030	      0.00125745873306285644	      0.00003362230089311649	      0.00006888766333663920	     -0.00117359666132021978
      0.46800000000000008260	      0.00289158808332855982	      0.00072878769065753968	     -0.00027855987792357872	      0.00000895464948282021	      0.00024945398196019042	     -0.00002010257513045989	     -0.00008429035968338106	      0.00101454598338107660	      0.00026958185105729893	      0.00000719261009485272	     -0.00000824834256873963	      0.00025792719745029724	      0.00128557405432704053	      0.00003513088748572160	      0.00007096003695933328	     -0.00122498245995614208
      0.46900000000000008349	      0.00296501838821309691	      0.00075123456339998285	     -0.00028589875522033736	      0.00000926504394265643	      0.00025504534390664857	     -0.00002015047259487125	     -0.00008457265808431425	      0.00103740648622154333	      0.00027665561670861538	      0.00000785624320487344	     -0.00000863592555503875	      0.00026500706791379031	      0.00131368045061160121	      0.00003667062397724741	      0.00007305618958179660	     -0.00127743530100954406
      0.47000000000000008438	      0.00303877102316560052	      0.00077391391870773596	     -0.00029329179883008649	      0.00000958115891179501	      0.00026063820354787354	     -0.00002018808694674752	     -0.00008479363213836910	      0.00106025990371964168	      0.00028376577199290542	      0.00000854539195149773	     -0.00000903076671369615	      0.00027215516459300204	      0.00134176531069046812	      0.00003824004630594013	      0.00007517581863313028	     -0.00133088541873066513
      0.47100000000000008527	      0.00311281494371148243	      0.00079681666678443897	     -0.00030073617299142263	      0.00000990309131842365	      0.00026623051494608675	     -0.00002021546925241695	     -0.00008495327597096702	      0.00108309383105772289	      0.00029090810067888828	      0.00000926222219810313	     -0.00000943508945757884	      0.00027937051790740547	      0.00136981570751214948	      0.00003984250980046053	      0.00007732031836067688	     -0.00138557550793169670
      0.47200000000000008615	      0.00318711894669145360	      0.00081993355492715470	     -0.00030822899915206037	      0.00001023093021964433	      0.00027182017734287897	     -0.00002023272491089197	     -0.00008505151648269260	      0.00110589600558372650	      0.00029807824338423661	      0.00001000861038435996	     -0.00000985105315502374	      0.00028665216729520382	      0.00139781885475580986	      0.00004148074571367830	      0.00007949093710275801	     -0.00144174704348243310
      0.47300000000000008704	      0.00326165179241128672	      0.00084325484600500378	     -0.00031576797562360426	      0.00001056469561065698	      0.00027740449676451860	     -0.00002024009809167490	     -0.00008508732872647418	      0.00112865505968898217	      0.00030527233696825418	      0.00001078466826442970	     -0.00001027841357130813	      0.00029399854073076936	      0.00142576284834185912	      0.00004315335531323086	      0.00008168725059243265	     -0.00149932667205421311
      0.47400000000000008793	      0.00333638223062878922	      0.00086677038541305151	     -0.00032335131365912595	      0.00001090432413303893	      0.00028298018067173837	     -0.00002023796879681121	     -0.00008505877636139081	      0.00115136053624664142	      0.00031248695535726623	      0.00001158867761152926	     -0.00001071447793055819	      0.00030140744903315447	      0.00145363671555077262	      0.00004485534273089911	      0.00008390721646348021	     -0.00155793330440051614
      0.47500000000000008882	      0.00341127879905920098	      0.00089047013094267768	     -0.00033097665793935249	      0.00001124978078182598	      0.00028854436266441755	     -0.00002022670710906220	     -0.00008496471461005850	      0.00117400150088890765	      0.00031971779543951695	      0.00001241980378768881	     -0.00001115856049169889	      0.00030887731974424404	      0.00148142918214290431	      0.00004658609996329235	      0.00008615024457835074	     -0.00161749367569358204
      0.47600000000000008971	      0.00348630985000363686	      0.00091434423575187385	     -0.00033864101808078750	      0.00001160106371206338	      0.00029409464006731161	     -0.00002020667050112862	     -0.00008480491701079451	      0.00119656645500995640	      0.00032695974470203781	      0.00001327822975427662	     -0.00001161212835115027	      0.00031640707760929171	      0.00150912853946987696	      0.00004834894086929581	      0.00008841721216693021	     -0.00167824981185918376
      0.47700000000000009059	      0.00356144366995769096	      0.00093838273607738110	     -0.00034634139835354461	      0.00001195815035149456	      0.00029962857700742071	     -0.00002017827134077367	     -0.00008457923441407278	      0.00121904400823015513	      0.00033420768235811749	      0.00001416388866865015	     -0.00001207653548166571	      0.00032399546801933909	      0.00153672315191483166	      0.00005014624760918407	      0.00009070885951174834	     -0.00174043888432859339
      0.47800000000000009148	      0.00363664859489686021	      0.00096257523352127894	     -0.00035407542830157013	      0.00001232093356429154	      0.00030514320740137983	     -0.00002014202404196710	     -0.00008428675756178006	      0.00124142360193576703	      0.00034145725760970080	      0.00001507524199356736	     -0.00001255080239875167	      0.00033164044779845914	      0.00156420231561873319	      0.00005197740816043073	      0.00009302436298501415	     -0.00180398390154531962
      0.47900000000000009237	      0.00371189303981879493	      0.00098691096848602111	     -0.00036184129729233128	      0.00001268921263852807	      0.00031063505950628886	     -0.00002009852844351949	     -0.00008392591313111097	      0.00126369545246566434	      0.00034870491242591783	      0.00001600937895279708	     -0.00001303167984043410	      0.00033933913823107342	      0.00159155625079120816	      0.00005383945061920511	      0.00009536139487317796	     -0.00186850310639852246
      0.48000000000000009326	      0.00378714531182017256	      0.00101137936052786426	     -0.00036963666126688111	      0.00001306282491753130	      0.00031610118411934396	     -0.00002004835892628620	     -0.00008349620271580482	      0.00128584906575884145	      0.00035594654398590775	      0.00001696467557515957	     -0.00001351814548791047	      0.00034708895300639142	      0.00161877450801533457	      0.00005573246231531034	      0.00009771903117805625	     -0.00193392209798923242
      0.48100000000000009415	      0.00386237364622889559	      0.00103597008786626699	     -0.00037745857277937667	      0.00001344164746007459	      0.00032153917410566481	     -0.00001999206685435358	     -0.00008299830363767136	      0.00130787316496534106	      0.00036317749904923868	      0.00001794084369682869	     -0.00001401150209069321	      0.00035488749923551222	      0.00164584584022568758	      0.00005765913330943798	      0.00010009778992162155	     -0.00200047933726649196
      0.48200000000000009504	      0.00393754632643790459	      0.00106067276457355586	     -0.00038530412216286614	      0.00001382552886167870	      0.00032694664944107020	     -0.00001993023296872551	     -0.00008243318900641450	      0.00132975644365552342	      0.00037039329685870093	      0.00001893760002935618	     -0.00001451304451686314	      0.00036273197519265388	      0.00167275891991323922	      0.00005962124180826367	      0.00010249813792208295	     -0.00206840552112783072
      0.48300000000000009592	      0.00401263179475038270	      0.00108547661030156117	     -0.00039317107494496462	      0.00001421421064733142	      0.00033232075803840948	     -0.00001986349655600482	     -0.00008180128317386570	      0.00135148834165164586	      0.00037759029402056887	      0.00001995340230687148	     -0.00001502182661216114	      0.00037061865768582558	      0.00169950334547690207	      0.00006161872526986092	      0.00010491892505999634	     -0.00213762161614849955
      0.48400000000000009681	      0.00408759868792010067	      0.00111037052087181731	     -0.00040105780143084857	      0.00001460731710389851	      0.00033765819323076669	     -0.00001979254056153935	     -0.00008110254471138667	      0.00137305899526322939	      0.00038476560756925404	      0.00002098548469980921	     -0.00001553471401767592	      0.00037854289044768341	      0.00172606962164182504	      0.00006365022237232731	      0.00010735736472659851	     -0.00220774976027562908
      0.48500000000000009770	      0.00416241566625483173	      0.00113534362339584582	     -0.00040896216940922159	      0.00001500451059323338	      0.00034295620775101794	     -0.00001971801920189198	     -0.00008033817986063951	      0.00139445771535068666	      0.00039191573545463432	      0.00002203239805681489	     -0.00001605085237250947	      0.00038650012822800950	      0.00175244728751401679	      0.00006571613075696814	      0.00010981201229934290	     -0.00227871424430123315
      0.48600000000000009859	      0.00423705145454592383	      0.00116038535711815438	     -0.00041688146828122719	      0.00001540549482295650	      0.00034821262571324129	     -0.00001964056101971638	     -0.00007951071782663632	      0.00141567293763406737	      0.00039903646685987559	      0.00002309400105737769	     -0.00001657174800692718	      0.00039448587254686807	      0.00177862481515823206	      0.00006781830725933330	      0.00011228284529335442	     -0.00235074635285217881
      0.48700000000000009948	      0.00431147495736106806	      0.00118548514044491959	     -0.00042481305767871902	      0.00001580993496551331	      0.00035342532629293374	     -0.00001956080019200647	     -0.00007862312670453564	      0.00143669303901070369	      0.00040612349353602584	      0.00002417010107658157	     -0.00001709892907330451	      0.00040249514645702977	      0.00180459052094055633	      0.00006995796869177853	      0.00011476977052968240	     -0.00242406884870810524
      0.48800000000000010036	      0.00438565536563345626	      0.00121063202577509355	     -0.00043275501609829625	      0.00001621736582041455	      0.00035859174740080022	     -0.00001947938362641816	     -0.00007767797723440273	      0.00145750715706622139	      0.00041317294184586850	      0.00002525915641782284	     -0.00001763171368871636	      0.00041052206840480610	      0.00183033364369998564	      0.00007213535096687110	      0.00011727080548874780	     -0.00249860039697116787
      0.48900000000000010125	      0.00445956219458185435	      0.00123581477177592269	     -0.00044070606541257717	      0.00001662718464268825	      0.00036370890184225530	     -0.00001939695418161011	     -0.00007667750642359472	      0.00147810515941741369	      0.00042018119779382856	      0.00002635826537178421	     -0.00001816726303665098	      0.00041855988175167058	      0.00185584430766201625	      0.00007435004308356877	      0.00011978199802767375	     -0.00257396649952851275
      0.49000000000000010214	      0.00453316511971568400	      0.00126102242448244972	     -0.00044866444276370210	      0.00001703883628274144	      0.00036877438006199369	     -0.00001931411781297410	     -0.00007562527960391918	      0.00149847610191346584	      0.00042714357782555612	      0.00002746564288502729	     -0.00001870502480324013	      0.00042660191550047966	      0.00188111149495134855	      0.00007660248037753142	      0.00012230074691667314	     -0.00265008815977924028
      0.49100000000000010303	      0.00460643401296734548	      0.00128624439910685062	     -0.00045662781629784988	      0.00001745181895569659	      0.00037378635022190711	     -0.00001923146002033669	     -0.00007452622173093060	      0.00151860814429527133	      0.00043405438847743394	      0.00002858066125588365	     -0.00001924678543792011	      0.00043464153205262368	      0.00190612297231534250	      0.00007889386846057431	      0.00012482595218459014	     -0.00272718721993747693
      0.49200000000000010392	      0.00467933904724218350	      0.00131147012783383587	     -0.00046459394393849607	      0.00001786559030866192	      0.00037874303043761420	     -0.00001914957360020855	     -0.00007338572025533674	      0.00153848933048161135	      0.00044090770900392928	      0.00002970258587087216	     -0.00001979430806309246	      0.00044267163741719406	      0.00193086632003550140	      0.00008122516090007872	      0.00012735642734816588	     -0.00280547792586491318
      0.49300000000000010481	      0.00475185079589900833	      0.00133668869029879289	     -0.00047256134152573459	      0.00001827945964111982	      0.00038364217500994838	     -0.00001906906235905285	     -0.00007220876653663000	      0.00155810836384794732	      0.00044769808944436496	      0.00003082935091275329	     -0.00002034704875847684	      0.00045068428565578356	      0.00195532998727221408	      0.00008359674206159101	      0.00012988885443838971	     -0.00288487503786147292
      0.49400000000000010569	      0.00482394026473663765	      0.00136188888500132776	     -0.00048052920241348218	      0.00001869258258091477	      0.00038848107329343207	     -0.00001899053956896761	     -0.00007099996471998660	      0.00157745452776086523	      0.00045442058464170709	      0.00003195761934343677	     -0.00002090217152956111	      0.00045867070822400158	      0.00197950322494459818	      0.00008600851459487219	      0.00013241773611320784	     -0.00296500383008344026
      0.49500000000000010658	      0.00489557872244904269	      0.00138705984415732342	     -0.00048849623615310200	      0.00001910417829022182	      0.00039325754072114987	     -0.00001891464007905668	     -0.00006976513143475138	      0.00159651610511451700	      0.00046106966021072782	      0.00003308528929985011	     -0.00002145898650316932	      0.00046662217668401451	      0.00200337404272483977	      0.00008846083161687460	      0.00013493922912802270	     -0.00304577985645601568
      0.49600000000000010747	      0.00496673773113099487	      0.00141219112424251225	     -0.00049646057260277487	      0.00001951354090550667	      0.00039796991891992493	     -0.00001884203108679094	     -0.00006851130346746670	      0.00161528031938723039	      0.00046763922901130184	      0.00003421153470783977	     -0.00002201902655827453	      0.00047452998321011186	      0.00202692918591217131	      0.00009095464170834691	      0.00013745130459523469	     -0.00312741529591975542
      0.49700000000000010836	      0.00503738924757030429	      0.00143727233951507216	     -0.00050442043529419500	      0.00001991993466720493	      0.00040261654922099893	     -0.00001877340749275799	     -0.00006724585440986974	      0.00163373416274755628	      0.00047412328770046752	      0.00003533552587758892	     -0.00002258371969872386	      0.00048238502000493011	      0.00205015522834846309	      0.00009349100936868401	      0.00013995191057282474	     -0.00321011633729728629
      0.49800000000000010925	      0.00510750572463998520	      0.00146229277577702987	     -0.00051237483437516218	      0.00002032247455053399	      0.00040719524912524957	     -0.00001870946309077016	     -0.00006597562588528394	      0.00165186522398824351	      0.00048051646744198817	      0.00003645516762729173	     -0.00002315209989841097	      0.00049017743561238780	      0.00207303957242326031	      0.00009607036334624910	      0.00014243676259186044	     -0.00329379248485769938
      0.49900000000000011013	      0.00517706014109414400	      0.00148724147165690823	     -0.00052032347769004339	      0.00002072012694200737	      0.00041170330725685600	     -0.00001865087345850631	     -0.00006470690790244538	      0.00166966166614405075	      0.00048681397251856828	      0.00003756712757441161	     -0.00002372084906504535	      0.00049789669113174673	      0.00209557038812484969	      0.00009869236211103652	      0.00014489934258168913	     -0.00337806535581100520
      0.50000000000000011102	      0.00524602582345258875	      0.00151210787786382195	     -0.00052826556058027663	      0.00002111196187364051	      0.00041613848259604617	     -0.00001859832476479740	     -0.00006344702755062270	      0.00168711069238624070	      0.00049301048609087794	      0.00003866930854962147	     -0.00002428882288721748	      0.00050553235506013705	      0.00211773470213812154	      0.00010135719955822742	      0.00014733513836104328	     -0.00346284406092900454
      0.50100000000000011191	      0.00531437647230722024	      0.00153688195774936975	     -0.00053619965504947409	      0.00002149716994116757	      0.00042049900361184657	     -0.00001855250461097521	     -0.00006220434616160953	      0.00170419854523069098	      0.00049910011131926169	      0.00003976086409052115	     -0.00002485717891586095	      0.00051307411113413193	      0.00213951842824960242	      0.00010406588673994577	      0.00014974176186159649	     -0.00354833277113916767
      0.50200000000000011280	      0.00538208626549017619	      0.00156155380424916057	     -0.00054412440299733689	      0.00002187494606701451	      0.00042478303139255737	     -0.00001851405693314729	     -0.00006098737191823078	      0.00172091139091199753	      0.00050507685371467548	      0.00004084089552408576	     -0.00002542708020564222	      0.00052051139726447260	      0.00216090745122690664	      0.00010681972777693005	      0.00015211686053269446	     -0.00363473162339350564
      0.50300000000000011369	      0.00544912996530181465	      0.00158611323814850103	     -0.00055203923781310671	      0.00002224436006422609	      0.00042898811409139643	     -0.00001848351357440926	     -0.00005980385372306163	      0.00173723621687379287	      0.00051093502526736168	      0.00004190715367768938	     -0.00002599739819737074	      0.00052783309196001438	      0.00218188856379197132	      0.00010961896449911482	      0.00015445596801377803	     -0.00372194485203866665
      0.50400000000000011458	      0.00551548294709190007	      0.00161054989842379648	     -0.00055994428317562850	      0.00002260436260653059	      0.00043311117186527973	     -0.00001846125300656275	     -0.00005866073876975575	      0.00175316088090063729	      0.00051666908777786569	      0.00004295603654569380	     -0.00002656479764779132	      0.00053502757320768313	      0.00220244943235488322	      0.00011246250458890258	      0.00015675260522515777	     -0.00380958826887742297
      0.50500000000000011546	      0.00558112101060423763	      0.00163485394087714564	     -0.00056783908057922439	      0.00002295406877380474	      0.00043714950922159670	     -0.00001844753580049815	     -0.00005756580302385128	      0.00176867261969298681	      0.00052227255583092713	      0.00004398503425340206	     -0.00002712840018808879	      0.00054208343823791694	      0.00222257687265874776	      0.00011535009153477993	      0.00015900262284694600	     -0.00389756473252608759
      0.50600000000000011635	      0.00564602040268671543	      0.00165901614303165523	     -0.00057572246374570923	      0.00002329277527556711	      0.00044110082109753354	     -0.00001844249148103688	     -0.00005652765265240500	      0.00178375806522250782	      0.00052773791715135521	      0.00004499274240027384	     -0.00002768993145530613	      0.00054898952923497502	      0.00224225690644289100	      0.00011828269919513662	      0.00016120422942757229	     -0.00398607324658914464
      0.50700000000000011724	      0.00571015791992339136	      0.00168302749762083703	     -0.00058359328452795012	      0.00002361982191097234	      0.00044496268243814172	     -0.00001844610991007679	     -0.00005555480910451882	      0.00179840403117318207	      0.00053305722843324799	      0.00004597762460417654	     -0.00002825129152020725	      0.00055573467291235301	      0.00226147571844059758	      0.00012126170992974444	      0.00016335570630680862	     -0.00407531123486415403
      0.50800000000000011813	      0.00577351101581152770	      0.00170687878894482115	     -0.00059145117496495203	      0.00002393443864886352	      0.00044873203241514031	     -0.00001845823414369343	     -0.00005465473803811793	      0.00181259828251623470	      0.00053822271748962813	      0.00004693679803641215	     -0.00002881204492224607	      0.00056230745195989806	      0.00228022040952019500	      0.00012428683739519955	      0.00016545344861515487	     -0.00416517837506602540
      0.50900000000000011902	      0.00583605782142511756	      0.00173056068016330666	     -0.00059929644242573410	      0.00002423573974662252	      0.00045240520722802414	     -0.00001847859613944656	     -0.00005383380191453790	      0.00182632944622623458	      0.00054322687597899155	      0.00004786611649493233	     -0.00002936936017048503	      0.00056869631010891819	      0.00229847888084697138	      0.00012735581920812408	      0.00016749207430753754	     -0.00425528252015433539
      0.51000000000000011990	      0.00589777693843135040	      0.00175406443255421429	     -0.00060712873992496696	      0.00002452301784142130	      0.00045597903240855980	     -0.00001850695735163173	     -0.00005309900418126734	      0.00183958533421204468	      0.00054806169385615555	      0.00004876270145781625	     -0.00002992265931649890	      0.00057489025338690325	      0.00231623821438770028	      0.00013046793595881956	      0.00016946834555453538	     -0.00434552076048366764
      0.51100000000000012079	      0.00595864745572424748	      0.00177738200519983458	     -0.00061494693323860261	      0.00002479575076983626	      0.00045945086761459229	     -0.00001854314834866082	     -0.00005245801544462303	      0.00185235285818920355	      0.00055271875250118008	      0.00004962501535560326	     -0.00003047368675939549	      0.00058087890327571112	      0.00233348469678450188	      0.00013362459588965245	      0.00017138105342458243	     -0.00443609069091410735
      0.51200000000000012168	      0.00601864905865768726	      0.00180050563032263522	     -0.00062274985578603115	      0.00002505345009758825	      0.00046281808248536255	     -0.00001858703927246682	     -0.00005191820298261485	      0.00186461884619087276	      0.00055718975539237325	      0.00005045162767480793	     -0.00003102405764401212	      0.00058665228137975978	      0.00235020469825304029	      0.00013682798697743984	      0.00017322882810208440	     -0.00452719172920773572
      0.51300000000000012257	      0.00607776214652137534	      0.00182342737580221126	     -0.00063053709865590335	      0.00002529549917152513	      0.00046607750478354186	     -0.00001863849103784804	     -0.00005148556480882860	      0.00187637090512673965	      0.00056146700007761452	      0.00005123996861178259	     -0.00003157273161034924	      0.00059220058957804023	      0.00236638531133070290	      0.00014007787913515243	      0.00017500862325248168	     -0.00461871963507301531
      0.51400000000000012346	      0.00613596785580150517	      0.00184613923209919761	     -0.00063830889226856868	      0.00002552114698170516	      0.00046922543950807336	     -0.00001869736372970502	     -0.00005116469448968042	      0.00188759740462008350	      0.00056554338475456323	      0.00005198637601658285	     -0.00003211602624168461	      0.00059751426556321763	      0.00238201425045943965	      0.00014337117849743536	      0.00017671590968798556	     -0.00471027030180562467
      0.51500000000000012434	      0.00619324784422079985	      0.00186863385033697593	     -0.00064606471299133439	      0.00002572982241412503	      0.00047225878964030858	     -0.00001876365879793481	     -0.00005096070784815776	      0.00189828580327631308	      0.00056941163956134022	      0.00005268859721171970	     -0.00003265250841158127	      0.00060258457627944406	      0.00239707849929679528	      0.00014670727584878418	      0.00017834794271817667	     -0.00480173468180281060
      0.51600000000000012523	      0.00624958430917626345	      0.00189090463934349362	     -0.00065380313972696058	      0.00002592113968997306	      0.00047517509322022103	     -0.00001883753365718817	     -0.00005087930731995094	      0.00190842262328862547	      0.00057306433827791770	      0.00005334582947216782	     -0.00003318315740524422	      0.00060740361797280429	      0.00241156437723655248	      0.00015008872815621549	      0.00017990362191334930	     -0.00489331270754977954
      0.51700000000000012612	      0.00630496010602398654	      0.00191294532603525358	     -0.00066152263649499332	      0.00002609473712160415	      0.00047797196929486290	     -0.00001891923374004755	     -0.00005092572778658822	      0.00191799435203195492	      0.00057649430434250637	      0.00005395746428235593	     -0.00003370893237272451	      0.00061196411830377606	      0.00242545832596140903	      0.00015351904616199216	      0.00018138164076871022	     -0.00498520984162484360
      0.51800000000000012701	      0.00635935887699000738	      0.00193474950277217062	     -0.00066922236988609107	      0.00002625010357801966	      0.00048064652620314827	     -0.00001900900544856365	     -0.00005110355643311859	      0.00192698841141428212	      0.00057969496708792922	      0.00005452180507634075	     -0.00003422822814030946	      0.00061625922659827581	      0.00243874741633937075	      0.00015699822457052731	      0.00018277942788311186	     -0.00507731657248772228
      0.51900000000000012790	      0.00641276507747156471	      0.00195631071039048532	     -0.00067690208401072205	      0.00002638656863883371	      0.00048319536899765585	     -0.00001910708169878031	     -0.00005141472630482147	      0.00193539321105263770	      0.00058266029603196157	      0.00005503607646209496	     -0.00003473698039059211	      0.00062028250483348035	      0.00245141926252000902	      0.00016052222025239593	      0.00018409336867059034	     -0.00516920996191821969
      0.52000000000000012879	      0.00646516374903472260	      0.00197762319243832696	     -0.00068456065566957491	      0.00002650363538517914	      0.00048561576144355058	     -0.00001921383163953731	     -0.00005186167685222731	      0.00194319644648622333	      0.00058538403950339490	      0.00005549890850470307	     -0.00003523385580048860	      0.00062402839933475840	      0.00246346097215648790	      0.00016409055298909764	      0.00018532127895291850	     -0.00526077311578268536
      0.52100000000000012967	      0.00651654053959320814	      0.00199868198882924286	     -0.00069219594959823993	      0.00002660098255928556	      0.00048790565616706368	     -0.00001932975573481002	     -0.00005244745887028612	      0.00195038512880818179	      0.00058785967143054618	      0.00005591034415192153	     -0.00003572051576954810	      0.00062749217359428511	      0.00247485924168148325	      0.00016770701457157963	      0.00018646229105066803	     -0.00535221104323008179
      0.52200000000000013056	      0.00656688182702567028	      0.00201948248108141382	     -0.00069980563102567395	      0.00002667829423998874	      0.00049006310699060453	     -0.00001945539101759714	     -0.00005317458182635404	      0.00195694654927303178	      0.00059008072194530192	      0.00005627056274917774	     -0.00003619910975000140	      0.00063066972479447481	      0.00248560100973480025	      0.00017137630250960503	      0.00018751545861764307	     -0.00544373616169374630
      0.52300000000000013145	      0.00661617484411938100	      0.00204001992126534581	     -0.00070738800990222117	      0.00002673508103672589	      0.00049208564101510706	     -0.00001959121220495989	     -0.00005404375412904061	      0.00196286924039353484	      0.00059204113496841293	      0.00005657858749963385	     -0.00003666945389545553	      0.00063355741383025466	      0.00249567381126841736	      0.00017509834841248836	      0.00018847897924484380	     -0.00553523097608113468
      0.52400000000000013234	      0.00666440768799846442	      0.00206028950924308507	     -0.00071494191745458124	      0.00002677067694124846	      0.00049397026069657179	     -0.00001973762853041793	     -0.00005505395443156091	      0.00196814293527225893	      0.00059373527753062150	      0.00005683229201305928	     -0.00003712889513192083	      0.00063615202091149570	      0.00250506568179921507	      0.00017886784484486690	      0.00018935031834119154	     -0.00562624892256105569
      0.52500000000000013323	      0.00671156906066665282	      0.00208028716566077687	     -0.00072246522553376380	      0.00002678460516550296	      0.00049571465731700071	     -0.00001989517821929425	     -0.00005620486885499210	      0.00197275665358279464	      0.00059515733904189072	      0.00005703091085965117	     -0.00003757746593273381	      0.00063845112341906485	      0.00251376439040271182	      0.00018268424326490715	      0.00019012793659888005	     -0.00571666519376895499
      0.52600000000000013411	      0.00675764827179052910	      0.00210000962211986941	     -0.00072995470965975251	      0.00002677658858718512	      0.00049731723618623783	     -0.00002006453732628251	     -0.00005749706174629221	      0.00197669862977910282	      0.00059630136266647371	      0.00005717504830468623	     -0.00003801789293749955	      0.00064045299330597882	      0.00252175751945508952	      0.00018655241371118639	      0.00019081118546529496	     -0.00580669230850872076
      0.52700000000000013500	      0.00680263535718829415	      0.00211945394916857044	     -0.00073740689347667754	      0.00002674637479926911	      0.00049877649407117745	     -0.00002024641628831238	     -0.00005893074033758161	      0.00197995726577064341	      0.00059716158980138712	      0.00005726539853667667	     -0.00003845280614042310	      0.00064215643687265400	      0.00252903294639665599	      0.00019047796530728689	      0.00019139932466644138	     -0.00589654860921387525
      0.52800000000000013589	      0.00684652120696838812	      0.00213861706814000296	     -0.00074481891519062593	      0.00002669354622614889	      0.00050009036511691925	     -0.00002044143441614005	     -0.00006050443244093318	      0.00198252215933584271	      0.00059773274956242961	      0.00005730145673532583	     -0.00003888188866254735	      0.00064356064842405192	      0.00253557909324225728	      0.00019446071008267715	      0.00019189087945352401	     -0.00598610946292815749
      0.52900000000000013678	      0.00688929757478272398	      0.00215749582790103478	     -0.00075218840889035299	      0.00002661751508266363	      0.00050125622150939617	     -0.00002065010093004274	     -0.00006221510035997468	      0.00198438410771703847	      0.00059801002032708328	      0.00005728152323017377	     -0.00003930187182180078	      0.00064466510955368816	      0.00254138485426037841	      0.00019849432659890115	      0.00019228371112908760	     -0.00607490998958698514
      0.53000000000000013767	      0.00693095680550712481	      0.00217608780500566645	     -0.00075951200072688074	      0.00002651791539449999	      0.00050227213085513728	     -0.00002087302802574516	     -0.00006406075718795590	      0.00198553312420936745	      0.00059798847723546711	      0.00005720522596056044	     -0.00003971196228444787	      0.00064546985333469031	      0.00254643908734775160	      0.00020257830662678833	      0.00019257637925637616	     -0.00616282240412463489
      0.53100000000000013856	      0.00697149183944286571	      0.00219439139491450774	     -0.00076678518204409407	      0.00002639461258886061	      0.00050313687358189037	     -0.00002111092431083335	     -0.00006604064323550984	      0.00198595841241265905	      0.00059766308608091845	      0.00005707352522629772	     -0.00004011393670888194	      0.00064597530968285577	      0.00255073067462041614	      0.00020671837499915829	      0.00019276814777423323	     -0.00625006789201340562
      0.53200000000000013944	      0.00701089633922591382	      0.00221240532320599037	     -0.00077400318317066841	      0.00002624751468090908	      0.00050384928798998668	     -0.00002136445846007183	     -0.00006815390350717321	      0.00198564942458775854	      0.00059702896354926760	      0.00005688743135123797	     -0.00004050935549503032	      0.00064618213511330458	      0.00255424884592704571	      0.00021092051530409092	      0.00019285834129532942	     -0.00633686690695520194
      0.53300000000000014033	      0.00704916481960828414	      0.00223012814402590021	     -0.00078116185459120580	      0.00002607637399593132	      0.00050440761056466665	     -0.00002163410298216682	     -0.00007039826299953811	      0.00198459696223278297	      0.00059608157222887370	      0.00005664676567193605	     -0.00004089684678796300	      0.00064609107144458777	      0.00255698341034324428	      0.00021518427033934140	      0.00019284569246962036	     -0.00642309177545011267
      0.53400000000000014122	      0.00708629265493230728	      0.00224755832082734752	     -0.00078825755033418154	      0.00002588078593538518	      0.00050480948238308156	     -0.00002192010149887846	     -0.00007277017756235349	      0.00198279320375676282	      0.00059481664488769681	      0.00005635020007013769	     -0.00004127225142358006	      0.00064570280567982641	      0.00255892471864975490	      0.00021950267332005932	      0.00019272837769933326	     -0.00650827426828032296
      0.53500000000000014211	      0.00712227580016275286	      0.00226469505545745520	     -0.00079528560874053689	      0.00002566060884328508	      0.00050505322881254887	     -0.00002222270024644429	     -0.00007526751297065593	      0.00198022966106517267	      0.00059322970474184888	      0.00005599778445894432	     -0.00004163419705111374	      0.00064501815274134455	      0.00256006327146490742	      0.00022387506122484996	      0.00019250536348640324	     -0.00659229072099459801
      0.53600000000000014300	      0.00715711079713979986	      0.00228153838218114746	     -0.00080224023105368580	      0.00002541597617309460	      0.00050513786966254956	     -0.00002254212641255530	     -0.00007788970226063618	      0.00197689718886006130	      0.00059131603218046114	      0.00005559097521784517	     -0.00004198426890055645	      0.00064403787319652905	      0.00256038973472055842	      0.00022830715770053023	      0.00019217653230375886	     -0.00667536771012217089
      0.53700000000000014388	      0.00719079490667795529	      0.00229808866275205137	     -0.00080911537801720002	      0.00002514709615163147	      0.00050506244589830843	     -0.00002287842029617465	     -0.00008063638876548707	      0.00197278712820002540	      0.00058907084550566258	      0.00005513138715354526	     -0.00004232427939524636	      0.00064276248429878668	      0.00255989515070528806	      0.00023280425963258938	      0.00019174220131588926	     -0.00675772125018764269
      0.53800000000000014477	      0.00722332623285657990	      0.00231434607240355028	     -0.00081590565899913869	      0.00002485404509908196	      0.00050482537943453629	     -0.00002323127095155402	     -0.00008350615229824054	      0.00196789242310627371	      0.00058648943441108603	      0.00005461961823408079	     -0.00004265369980610730	      0.00064119214143232295	      0.00255857124702159322	      0.00023736516217047129	      0.00019120231203365035	     -0.00683922662233396594
      0.53900000000000014566	      0.00725470372460391283	      0.00233031067306421757	     -0.00082260621709373538	      0.00002453674968665859	      0.00050442449418115418	     -0.00002360003243647834	     -0.00008649660758114353	      0.00196220759321392903	      0.00058356714548565836	      0.00005405521811475966	     -0.00004296968866262900	      0.00063932660656063067	      0.00255641043146237479	      0.00024198247151524868	      0.00019055630194210471	     -0.00691943240157538719
      0.54000000000000014655	      0.00728492689521793510	      0.00234598324754586862	     -0.00082921120702184048	      0.00002419539760465522	      0.00050385829095530438	     -0.00002398404607317902	     -0.00008960691081510985	      0.00195572658491924550	      0.00058029910328119549	      0.00005343901700542719	     -0.00004327229712397691	      0.00063716555750548132	      0.00255340531506013935	      0.00024665497410177734	      0.00018980448990002508	     -0.00699822601245111975
      0.54100000000000014744	      0.00731399582631948875	      0.00236136537795073043	     -0.00083571368045065597	      0.00002383042216404924	      0.00050312595750832273	     -0.00002438268196641637	     -0.00009283778516444574	      0.00194844272775824851	      0.00057668027130897137	      0.00005277302533365780	     -0.00004356436153562550	      0.00063470856556813171	      0.00254954868213617958	      0.00025138756811819360	      0.00018894809276012725	     -0.00707583291322777530
      0.54200000000000014833	      0.00734191129564935180	      0.00237645890944926386	     -0.00084210650617388971	      0.00002344226302639779	      0.00050222670222447793	     -0.00002479521972766508	     -0.00009619010575440123	      0.00194034985533240653	      0.00057270567056283417	      0.00005205908954283855	     -0.00004384856491550931	      0.00063195503550303456	      0.00254483369366147183	      0.00025618454075668207	      0.00018798853421797546	     -0.00715245888568938337
      0.54300000000000014921	      0.00736867488927766406	      0.00239126541885914534	     -0.00084838326389524710	      0.00002303113988902372	      0.00050115915500761887	     -0.00002522072527767110	     -0.00009966368212482868	      0.00193144335643157341	      0.00056837052845559732	      0.00005129772009913880	     -0.00004412488661376980	      0.00062890417970343226	      0.00253925430287456344	      0.00026104451659476544	      0.00018692631648803415	     -0.00722798983161368480
      0.54400000000000015010	      0.00739428900150470789	      0.00240578629127208288	     -0.00085453811649283118	      0.00002259704022273407	      0.00049992140035370197	     -0.00002565807539389731	     -0.00010325733518651292	      0.00192172012437223216	      0.00056367028146553366	      0.00005048810535474013	     -0.00004439068994260137	      0.00062555502235991933	      0.00253280525928839539	      0.00026596094999228881	      0.00018576088594628171	     -0.00730201128525129195
      0.54500000000000015099	      0.00741875656800693173	      0.00242002356748283187	     -0.00086056427806791014	      0.00002214014554419858	      0.00049851220828540585	     -0.00002610628617594722	     -0.00010697120277919359	      0.00191117642912069135	      0.00055860040283872703	      0.00004963038513434992	     -0.00004464573834381778	      0.00062190671329934166	      0.00252548142926367625	      0.00027093298512072608	      0.00018449241900714286	     -0.00737442762400930540
      0.54600000000000015188	      0.00744208107258982968	      0.00243398002541306280	     -0.00086645388712769389	      0.00002166082485537124	      0.00049693104253227885	     -0.00002656454172525555	     -0.00011080672535379588	      0.00189980788866923357	      0.00055315646337000812	      0.00004872562250769763	     -0.00004489216262122328	      0.00061795851578227978	      0.00251727774272060556	      0.00027596528148910240	      0.00018312191801576894	     -0.00744545706550295283
      0.54700000000000015277	      0.00746426667130768023	      0.00244765863712625986	     -0.00087219892889978112	      0.00002115939735459343	      0.00049517741780826310	     -0.00002703205332834756	     -0.00011476533448034898	      0.00188761060357328907	      0.00054733429604619799	      0.00004777458483053165	     -0.00004513174457735844	      0.00061370970032953442	      0.00250818947777808887	      0.00028106195242302498	      0.00018165041509936308	     -0.00751529371881762276
      0.54800000000000015365	      0.00748531829755004832	      0.00246106203779350441	     -0.00087779212127236939	      0.00002063591634301337	      0.00049325034186213645	     -0.00002750792259050266	     -0.00011884738216444424	      0.00187458218411612042	      0.00054113010204784318	      0.00004677672397621069	     -0.00004536365491805867	      0.00060915946618933514	      0.00249821276084839783	      0.00028622235327800324	      0.00018007772110822939	     -0.00758383997603823135
      0.54900000000000015454	      0.00750524166335581749	      0.00247419260853576350	     -0.00088322676835073111	      0.00002009017072520519	      0.00049114835502257412	     -0.00002799115804433174	     -0.00012305219764180420	      0.00186072169624614502	      0.00053454046886530771	      0.00004573027890432402	     -0.00004558464017945588	      0.00060430694951499331	      0.00248734455488201778	      0.00029144155072719641	      0.00017840236705200796	     -0.00765072789368487216
      0.55000000000000015543	      0.00752404300950774638	      0.00248705332810839064	     -0.00088849522366918343	      0.00001952211991854830	      0.00048887069946311479	     -0.00002848100219617587	     -0.00012738014057889213	      0.00184602759394558291	      0.00052756231327344416	      0.00004463448322346297	     -0.00004579375990270123	      0.00059915155963549682	      0.00247558176730404422	      0.00029671947614855546	      0.00017662380009370038	     -0.00771587889741137678
      0.55100000000000015632	      0.00754172911329669196	      0.00249964785770762088	     -0.00089358874762957008	      0.00001893189850563082	      0.00048641733113843552	     -0.00002897694997862268	     -0.00013183256293392009	      0.00183049769564480689	      0.00052019296107247426	      0.00004348962669793732	     -0.00004599243424982698	      0.00059369297503814034	      0.00246292119911455110	      0.00030206083196704023	      0.00017474252533133949	     -0.00777949890402085398
      0.55200000000000015721	      0.00755830740652652447	      0.00251197999746366474	     -0.00089849842246469969	      0.00001831958820654872	      0.00048378831588935869	     -0.00002947859386970286	     -0.00013641064365549349	      0.00181413029647462150	      0.00051243028205535945	      0.00004229599199617046	     -0.00004618199774503607	      0.00058793098082748907	      0.00244935994323804140	      0.00030747000749973760	      0.00017275916407302749	     -0.00784177201172248095
      0.55300000000000015810	      0.00757378607855006131	      0.00252405315609804948	     -0.00090321603016296770	      0.00001768501159312569	      0.00048098330233757244	     -0.00002998547528066439	     -0.00014111444063913403	      0.00179692517398317292	      0.00050427277924719460	      0.00004105297129122776	     -0.00004636166071313088	      0.00058186532473722408	      0.00243489587958914400	      0.00031294717581712914	      0.00017067315406918415	     -0.00790261715809348342
      0.55400000000000015898	      0.00758817407685387357	      0.00253587043845560078	     -0.00090773389138543159	      0.00001702774446966926	      0.00047800155512445555	     -0.00003049708973610309	     -0.00014594291804309600	      0.00177888353648759153	      0.00049571959941002719	      0.00003975919872024197	     -0.00004652870823287306	      0.00057549573759282935	      0.00241952763461962539	      0.00031848856754630728	      0.00016848276017017438	     -0.00796170686379896186
      0.55500000000000015987	      0.00760148085717205629	      0.00254743550008584840	     -0.00091204333319661046	      0.00001634755251114089	      0.00047484304435644470	     -0.00003101319793856385	     -0.00015089577853050207	      0.00176000601362181000	      0.00048677044474482178	      0.00003841452644047505	     -0.00004668282335098042	      0.00056882234996091796	      0.00240325363950559534	      0.00032409457244739204	      0.00016618748244882908	     -0.00801897405049259437
      0.55600000000000016076	      0.00761371637575498569	      0.00255875263892779703	     -0.00091613453630845498	      0.00001564440246310667	      0.00047150843392406577	     -0.00003153382103396329	     -0.00015597341987572122	      0.00174029262046521832	      0.00047742549793930444	      0.00003701994804643921	     -0.00004682602479578590	      0.00056184576189116653	      0.00238607217747646705	      0.00032976991886420406	      0.00016378810563316692	     -0.00807461163185407838
      0.55700000000000016165	      0.00762489118904020186	      0.00256982625783663821	     -0.00091999743911852505	      0.00001491824099764116	      0.00046799848515718945	     -0.00003205906089291059	     -0.00016117590667480419	      0.00171974381958623322	      0.00046768535775848497	      0.00003557645705125345	     -0.00004696028426016702	      0.00055456690243443907	      0.00236798193255460809	      0.00033551945360678695	      0.00016128552931998774	     -0.00812879935114829699
      0.55800000000000016254	      0.00763501654816547276	      0.00258066033525394811	     -0.00092362261068612561	      0.00001416878769899821	      0.00046431351001239088	     -0.00003258892295803038	     -0.00016650207967799924	      0.00169836150624291284	      0.00045755093952912218	      0.00003408403284902578	     -0.00004708541940887058	      0.00054698689829385527	      0.00234898240233694100	      0.00034134380237553150	      0.00015867939997736558	     -0.00818146903963906658
      0.55900000000000016342	      0.00764410438994035657	      0.00259125851682540098	     -0.00092700108520538116	      0.00001339555089735489	      0.00046045337712799853	     -0.00003312330077883362	     -0.00017194955430144265	      0.00167614895622525406	      0.00044702338262311847	      0.00003254166106289591	     -0.00004719916219973275	      0.00053910713452964831	      0.00232907384127305217	      0.00034723935506900810	      0.00015596812778773117	     -0.00823231718751918362
      0.56000000000000016431	      0.00765216708028311834	      0.00260162497366311918	     -0.00093012284430371572	      0.00001259827069342856	      0.00045641856842738512	     -0.00003366228270774464	     -0.00017751644760932717	      0.00165310885401889415	      0.00043610403497190697	      0.00003094925653331776	     -0.00004730128304573662	      0.00053092968503337667	      0.00230825645748428121	      0.00035320656655615096	      0.00015315139309490799	     -0.00828128182102425003
      0.56100000000000016520	      0.00765921740021257777	      0.00261176449849520598	     -0.00093297666102776233	      0.00001177694013724390	      0.00045221018266227916	     -0.00003420614123144251	     -0.00018320137210536824	      0.00162924324337956200	      0.00042479442110593402	      0.00002930768752232304	     -0.00004739361632394323	      0.00052245735579262154	      0.00228653049597785096	      0.00035925039834454678	      0.00015023018992348092	     -0.00832854952653275249
      0.56200000000000016609	      0.00766526864462450247	      0.00262168197118828328	     -0.00093555098808373316	      0.00001093159364626978	      0.00044782937177005600	     -0.00003475514486226631	     -0.00018900251775721966	      0.00160455454137199000	      0.00041309618236279322	      0.00002761777987900227	     -0.00004747788072972426	      0.00051369349055005453	      0.00226389674851568135	      0.00036537629574437402	      0.00014720560653906645	     -0.00837430656573143195
      0.56300000000000016698	      0.00767033472828728552	      0.00263138182235100881	     -0.00093783482624254511	      0.00001006209555769189	      0.00044327678693658126	     -0.00003530936315375693	     -0.00019491675629434990	      0.00157904652686477118	      0.00040101098482478448	      0.00002587937097366794	     -0.00004755358560338212	      0.00050464177319378689	      0.00224035670720397484	      0.00037158483094550804	      0.00014407760220025434	     -0.00841849304123945541
      0.56400000000000016787	      0.00767443017460361226	      0.00264086812466823861	     -0.00093981756498084934	      0.00000916815780873520	      0.00043855258409635639	     -0.00003586864186580323	     -0.00020093963566408801	      0.00155272429095754637	      0.00038854047551062365	      0.00002409139377297642	     -0.00004761809910202637	      0.00049530624444504845	      0.00221591244352267736	      0.00037787143167086062	      0.00014084510398786054	     -0.00846080718112535157
      0.56500000000000016875	      0.00767756983817494479	      0.00265014546163855336	     -0.00094148748839506524	      0.00000824979646220358	      0.00043365749716357815	     -0.00003643291757022410	     -0.00020706715647172969	      0.00152559224926516329	      0.00037568637934490279	      0.00002225386486603628	     -0.00004767078318677236	      0.00048569170687723373	      0.00219056614499983648	      0.00038423606244695346	      0.00013750841704181227	     -0.00850118602363444942
      0.56600000000000016964	      0.00767976888141808436	      0.00265921902794241660	     -0.00094283162580910407	      0.00000730735905338925	      0.00042859286105901770	     -0.00003700220263015350	     -0.00021329582915435852	      0.00149765406506831983	      0.00036245051370284442	      0.00002036800715676801	     -0.00004771310053978571	      0.00047580372374741997	      0.00216432020773647815	      0.00039068380187133253	      0.00013406924889175498	     -0.00853982087424504099
      0.56700000000000017053	      0.00768104287853541359	      0.00266809409386126184	     -0.00094383662322150563	      0.00000634131515013514	      0.00042336006338041313	     -0.00003757638574847580	     -0.00021962179957824013	      0.00146891362024088520	      0.00034883473752075900	      0.00001843536559280323	     -0.00004774653617357449	      0.00046564837946966309	      0.00213717755611830817	      0.00039722025492282612	      0.00013052953909213627	     -0.00857691585805636647
      0.56800000000000017142	      0.00768140793809327441	      0.00267677545561761931	     -0.00094448960793958037	      0.00000535203099925885	      0.00041795996536942923	     -0.00003815501358708437	     -0.00022603987956409943	      0.00143937601854890289	      0.00033484086728177709	      0.00001645689257565378	     -0.00004777041302585477	      0.00045523201859917761	      0.00210914150666030586	      0.00040384507055608865	      0.00012689046378396018	     -0.00861241346569671662
      0.56900000000000017231	      0.00768088068662198253	      0.00268526752502684651	     -0.00094477804565684664	      0.00000433978406933627	      0.00041239290983344223	     -0.00003873725737321525	     -0.00023254355848634223	      0.00140904752802521391	      0.00032047068149243518	      0.00001443308744854613	     -0.00004778194905159664	      0.00044456120228519858	      0.00208021560766846747	      0.00041055157273874043	      0.00012315258589407074	     -0.00864599094332613172
      0.57000000000000017319	      0.00767947795959656940	      0.00269357521346424988	     -0.00094468827655869170	      0.00000330523553668249	      0.00040665984774743841	     -0.00003932226015144862	     -0.00023912694924416167	      0.00137793353827444544	      0.00030572610880896800	      0.00001236604953335114	     -0.00004778055998255065	      0.00043364311240642883	      0.00205040363079156407	      0.00041733837179248542	      0.00011931793733435669	     -0.00867757961187809457
      0.57100000000000017408	      0.00767721678094737681	      0.00270170401618641254	     -0.00094420538688799738	      0.00000224943706070985	      0.00040076236230915385	     -0.00003990916064265486	     -0.00024578482082054931	      0.00134603854255774605	      0.00029060921998466660	      0.00001025945603800454	     -0.00004776798398226957	      0.00042248559876723046	      0.00201970972410682459	      0.00042421005099591014	      0.00011538996341042829	     -0.00870738753525829301
      0.57200000000000017497	      0.00767411449610138838	      0.00270965944380507917	     -0.00094331407190462180	      0.00000117358494746561	      0.00039470209027418768	     -0.00004049693142972599	     -0.00025251156318073509	      0.00131336720489073217	      0.00027512209841107360	      0.00000811744592985400	     -0.00004774613028452664	      0.00041109703036176781	      0.00198813855314888821	      0.00043117171726884257	      0.00011137243078453152	     -0.00873564564506640329
      0.57300000000000017586	      0.00767018893064797327	      0.00271744642858140484	     -0.00094199950151607759	      0.00000007874459607288	      0.00038848008432026265	     -0.00004108418908081550	     -0.00025929996966728153	      0.00127992549886499565	      0.00025926667460446362	      0.00000594340692262538	     -0.00004771467645739089	      0.00039948610928153272	      0.00195569495618440337	      0.00043822156797461084	      0.00010726858811795081	     -0.00876229358887409271
      0.57400000000000017675	      0.00766545838344585145	      0.00272506938780892050	     -0.00094024720651053606	     -0.00000103416880953972	      0.00038209680511533048	     -0.00004166921039142936	     -0.00026614116075029948	      0.00124572074607909658	      0.00024304469469171863	      0.00000373987208657223	     -0.00004767105668073823	      0.00038766189400721296	      0.00192238384558764130	      0.00044535062901389366	      0.00010308124083080461	     -0.00878697080984844336
      0.57500000000000017764	      0.00765994128785197834	      0.00273253312032306628	     -0.00093804165101474268	     -0.00000216390758502050	      0.00037555331790478999	     -0.00004225035900308309	     -0.00027302673342610717	      0.00121075953979146028	      0.00022645796042161659	      0.00000151053085379032	     -0.00004761502096246352	      0.00037563429260811798	      0.00188821073349110247	      0.00045255641728582027	      0.00009881433740553669	     -0.00880960120566787186
      0.57600000000000017852	      0.00765365618574778694	      0.00273984288902040518	     -0.00093536612680678033	     -0.00000330889088576841	      0.00036885132933204764	     -0.00004282612562650674	     -0.00027994883685600325	      0.00117504771664334040	      0.00020950836083993840	     -0.00000073977479557626	     -0.00004754877439847819	      0.00036341408785697804	      0.00185318188325556132	      0.00045984360998757579	      0.00009447289441912032	     -0.00883042023558799904
      0.57700000000000017941	      0.00764662187816109867	      0.00274700383823478500	     -0.00093220360212331599	     -0.00000446746521738650	      0.00036199258506644863	     -0.00004339495351840181	     -0.00028689904011819367	      0.00113859141630129335	      0.00019219776770296182	     -0.00000300613384122961	     -0.00004747469781624884	      0.00035101274962739959	      0.00181730414978945043	      0.00046721752764224481	      0.00009006214045929883	     -0.00884969135573190901
      0.57800000000000018030	      0.00763885760231378108	      0.00275402037927163779	     -0.00092853757681954363	     -0.00000563820227379719	      0.00035497819863554436	     -0.00004395503192542588	     -0.00029386697891936597	      0.00110139822106124219	      0.00017452789710359351	     -0.00000528478106177378	     -0.00004739274064783413	      0.00033844219719175728	      0.00178058433608994926	      0.00047467580468201973	      0.00008558688179426122	     -0.00886734878944722693
      0.57900000000000018119	      0.00763038301605612965	      0.00276089625569397867	     -0.00092435199224394360	     -0.00000681992074835075	      0.00034780865849186673	     -0.00004450432197129067	     -0.00030084033147265155	      0.00106347715602141124	      0.00015650035306541410	     -0.00000757313094385328	     -0.00004730039049726398	      0.00032571476985407410	      0.00174302907492576709	      0.00048220820306937862	      0.00008105154956611349	     -0.00888298680663701656
      0.58000000000000018208	      0.00762121781596054523	      0.00276763548218350586	     -0.00091962983496984840	     -0.00000801116147991499	      0.00034048512634543907	     -0.00004504104021147565	     -0.00030780730959933944	      0.00102483647122856084	      0.00013811701264651588	     -0.00000986752768991324	     -0.00004719758457139185	      0.00031284374604148568	      0.00170464582120184727	      0.00048981207820855861	      0.00007646134438180074	     -0.00889652336316246184
      0.58100000000000018296	      0.00761138170413716217	      0.00277424243181256802	     -0.00091435305475551232	     -0.00000921018670489715	      0.00033300948970434174	     -0.00004556371436214256	     -0.00031475678664127926	      0.00098548357815288201	      0.00011938013888784793	     -0.00001216316569156782	     -0.00004708680974218043	      0.00029984333480675973	      0.00166544297240520112	      0.00049749296810930321	      0.00007182216888394766	     -0.00890822777054384174
      0.58200000000000018385	      0.00760089455816181578	      0.00278072123526329484	     -0.00090850340053671985	     -0.00001041526014473187	      0.00032538372720357367	     -0.00004607100278571606	     -0.00032167702850105506	      0.00094542610818384651	      0.00010029232168204394	     -0.00001445516507075180	     -0.00004697058615675976	      0.00028672844939001130	      0.00162542939745932702	      0.00050525707076699844	      0.00006714001790435187	     -0.00891839597483698454
      0.58300000000000018474	      0.00758977662202550696	      0.00278707514857223781	     -0.00090206325823993794	     -0.00001162496387796530	      0.00031760921612094747	     -0.00004656148598481714	     -0.00032855422107797017	      0.00090467303116817041	      0.00008085638804392059	     -0.00001673977620182958	     -0.00004684878158843150	      0.00027351442719963925	      0.00158461350915996280	      0.00051310222033877639	      0.00006242048579178927	     -0.00892695644389404630
      0.58400000000000018563	      0.00757804848102887688	      0.00279330662503129989	     -0.00089501558150439919	     -0.00001283821850381339	      0.00030968676178669274	     -0.00004703371597518380	     -0.00033537249975401640	      0.00086323460595654281	      0.00006107554569320661	     -0.00001901432920864855	     -0.00004671849490041693	      0.00026021697401376609	      0.00154300313394328814	      0.00052101781811148516	      0.00005766876279643396	     -0.00893346184615470551
      0.58500000000000018652	      0.00756573064337379489	      0.00279941830066343655	     -0.00088734252804201219	     -0.00001405371249540294	      0.00030161798994235087	     -0.00004748676553057753	     -0.00034211674782608226	      0.00082112003373851702	      0.00004095394051970014	     -0.00002127473676664243	     -0.00004657880115074842	      0.00024685275913066684	      0.00150060694842583942	      0.00052900178924541325	      0.00005289040222018759	     -0.00893782830220810065
      0.58600000000000018741	      0.00755284350178040201	      0.00280541308981641091	     -0.00087902539678341718	     -0.00001526990030171343	      0.00029340539646661307	     -0.00004792028079528970	     -0.00034877274462780106	      0.00077833741954059024	      0.00002049675341425639	     -0.00002351538571599863	     -0.00004643175988384464	      0.00023343938707923173	      0.00145743460905332911	      0.00053706111175226383	      0.00004809127332561225	     -0.00894035967055697989
      0.58700000000000018829	      0.00753940751902860973	      0.00281129358128617834	     -0.00087004544133439943	     -0.00001648529270624477	      0.00028505163028859012	     -0.00004833420250591712	     -0.00035532575097080299	      0.00073489497093929060	     -0.00000029013444888260	     -0.00002573040656679527	     -0.00004628089431521661	      0.00021999508031109172	      0.00141349609849766855	      0.00054520343946214828	      0.00004327722599332950	     -0.00894137912577863680
      0.58800000000000018918	      0.00752544342029427479	      0.00281706142741067200	     -0.00086038467588522849	     -0.00001769874908130742	      0.00027655874317919493	     -0.00004872842526945122	     -0.00036175900573498510	      0.00069080209957865860	     -0.00002140037294892649	     -0.00002791513019701408	     -0.00004612243424173719	      0.00020653825200811493	      0.00136880061015560994	      0.00055342730080284834	      0.00003845382516384777	     -0.00894081207010483103
      0.58900000000000019007	      0.00751097215646132077	      0.00282271744084650056	     -0.00085002580235360448	     -0.00001890948337480297	      0.00026792817874972397	     -0.00004910275377700661	     -0.00036805380522214604	      0.00064606953733782960	     -0.00004282737356958721	     -0.00003006617548389004	     -0.00004594850599729666	      0.00019308738480333654	      0.00132335653985088397	      0.00056172203626714441	      0.00003362637077410080	     -0.00893818375818261623
      0.59000000000000019096	      0.00749601446903458771	      0.00282826260697954801	     -0.00083895084810126086	     -0.00002011650470118420	      0.00025916213851325670	     -0.00004945743661602560	     -0.00037419237448010900	      0.00060070753894954712	     -0.00006456468288427997	     -0.00003217882672265551	     -0.00004577625500180003	      0.00017966183269393921	      0.00127717357107612339	      0.00057008613773404729	      0.00002880032677872457	     -0.00893341463498692478
      0.59100000000000019185	      0.00748059083177415526	      0.00283369827693247256	     -0.00082714117665672049	     -0.00002131846262404258	      0.00025026363910917587	     -0.00004979302839197564	     -0.00038015825081133547	      0.00055472501543712971	     -0.00008660469073765165	     -0.00003424733222674378	     -0.00004560059128915113	      0.00016628149432854067	      0.00123026278235169317	      0.00057852752511286867	      0.00002398161074482208	     -0.00892683817784276079
      0.59200000000000019273	      0.00746472162169571629	      0.00283902561265003683	     -0.00081457831868281261	     -0.00002251379923783048	      0.00024123582684865835	     -0.00005010995826145587	     -0.00038593518965396312	      0.00050812966709084736	     -0.00010893732099609421	     -0.00003626659921832608	     -0.00004533559804258125	      0.00015296597923053490	      0.00118263564635225082	      0.00058705423985384343	      0.00001917670105038016	     -0.00891879583509427865
      0.59300000000000019362	      0.00744842741631826163	      0.00284424452740250633	     -0.00080124437047079944	     -0.00002370192831027684	      0.00023208092192671809	     -0.00005040893254137750	     -0.00039150390042880234	      0.00046093507285880839	     -0.00013155940391183785	     -0.00003823162947345525	     -0.00004512199424575383	      0.00013973605561315439	      0.00113430320262622453	      0.00059566488990222231	      0.00001439073935773083	     -0.00890921598585550645
      0.59400000000000019451	      0.00743172891478036807	      0.00284935415372145062	     -0.00078712224044807932	     -0.00002488272645766870	      0.00022280038129576102	     -0.00005069053062118148	     -0.00039684248891830309	      0.00041315754581146974	     -0.00015447008658645012	     -0.00004013834466310090	     -0.00004516766514693626	      0.00012661313835060639	      0.00108527564140915855	      0.00060434847092917868	      0.00000962858673254907	     -0.00889761841921346552
      0.59500000000000019540	      0.00741464604110495668	      0.00285435551421731049	     -0.00077219561073404996	     -0.00002605250356958050	      0.00021339760613858783	     -0.00005095294151415131	     -0.00040193703677393611	      0.00036479041493872599	     -0.00017763464181765054	     -0.00004198844145252055	     -0.00004453576148358458	      0.00011361205702761779	      0.00103556289261187706	      0.00061310125641542493	      0.00000490164602028054	     -0.00888392953197802981
      0.59600000000000019629	      0.00739719867288928315	      0.00285924768931677953	     -0.00075644564665466874	     -0.00002721104935241719	      0.00020387547912858323	     -0.00005119763125297633	     -0.00040676996705635293	      0.00031585179154257695	     -0.00020105632848142763	     -0.00004377515079212815	     -0.00004359352948921959	      0.00010075398284944970	      0.00098517936097620995	      0.00062193164256296209	      0.00000021365292111886	     -0.00886850680306733308
      0.59700000000000019718	      0.00737940813181281810	      0.00286402413621877905	     -0.00073984962089013173	     -0.00002837004804744775	      0.00019423220234536520	     -0.00005143588346953956	     -0.00041129515302162911	      0.00026644399910950162	     -0.00022486656594740417	     -0.00004546515382657297	     -0.00004704457858357818	      0.00008809046489269279	      0.00093414628863189297	      0.00063085662699280919	     -0.00000445457282190198	     -0.00885172842182246900
      0.59800000000000019806	      0.00736129458177436219	      0.00286868874714263367	     -0.00072239556966446905	     -0.00002952551608502441	      0.00018446996858908354	     -0.00005166634314388019	     -0.00041547654774698461	      0.00021656600650190108	     -0.00024904275964005018	     -0.00004705175732648667	     -0.00005445407961718850	      0.00007565865723821452	      0.00088247089175823301	      0.00063987400834712889	     -0.00000908847459839268	     -0.00883352950000329540
      0.59900000000000019895	      0.00734287603580095413	      0.00287325827036932768	     -0.00070408391994858377	     -0.00003065206247366420	      0.00017459742437650472	     -0.00005187017838753638	     -0.00041930516245108906	      0.00016607264527103427	     -0.00027334541312459826	     -0.00004856706586061667	     -0.00005813951593677640	      0.00006346392672354484	      0.00083014407838996607	      0.00064895812161967423	     -0.00001362908486825243	     -0.00881340527555074527
      0.60000000000000019984	      0.00732417195502716931	      0.00287773751272302203	     -0.00068490466760717794	     -0.00003174473846415810	      0.00016461710275956359	     -0.00005204530509068592	     -0.00042274462347019481	      0.00011496343409676812	     -0.00029775242026260085	     -0.00005000245133015831	     -0.00005751661163469653	      0.00005154407697782748	      0.00077717401527625796	      0.00065810616203906998	     -0.00001806007022554790	     -0.00879130644088013669
      0.60100000000000020073	      0.00730520235516947739	      0.00288212100072715582	     -0.00066483839369291253	     -0.00003281403133113120	      0.00015452768845171383	     -0.00005220212539381805	     -0.00042574762646113706	      0.00006334361699043833	     -0.00032239787049465063	     -0.00005132283443228989	     -0.00005713158881025422	      0.00003995227348185804	      0.00072358402397443289	      0.00066733391572239981	     -0.00002239871989542785	     -0.00876763676818653748
      0.60200000000000020162	      0.00728598528538065143	      0.00288640828339126188	     -0.00064387027122347895	     -0.00003385897227915768	      0.00014433242735033963	     -0.00005234151972036485	     -0.00042829578115483047	      0.00001123432672294616	     -0.00034728574864470452	     -0.00005251838149660263	     -0.00005737865077534363	      0.00002871204955179341	      0.00066939174851021743	      0.00067664773076402292	     -0.00002664073786498578	     -0.00874277508431825501
      0.60300000000000020250	      0.00726653825870628503	      0.00289060051796508066	     -0.00062198890849218813	     -0.00003487497429052050	      0.00013403522592125156	     -0.00005246092551281292	     -0.00043037581559729476	     -0.00004136868786336692	     -0.00037238011698970119	     -0.00005358751608666593	     -0.00005736120561910564	      0.00001783964025464657	      0.00061461136802766492	      0.00068604196353472518	     -0.00003077391808925523	     -0.00871668172314735146
      0.60400000000000020339	      0.00724687898435352057	      0.00289469680487886016	     -0.00059918329332386833	     -0.00003586063428490799	      0.00012363830799448638	     -0.00005255982245174970	     -0.00043196766926989483	     -0.00009444613164123761	     -0.00039767916297807349	     -0.00005452412674402350	     -0.00005724247177230773	      0.00000735640532759096	      0.00055925829097673574	      0.00069550434994877265	     -0.00003479165045343346	     -0.00868892418904373964
      0.60500000000000020428	      0.00722702457628562542	      0.00289869650659668743	     -0.00057544259869102277	     -0.00003681417627568462	      0.00011314467943818185	     -0.00005263782664005276	     -0.00043305462320225585	     -0.00014798048319252313	     -0.00042317907270507382	     -0.00005532103095059245	     -0.00005715396286126370	     -0.00000271731641013351	      0.00050334978334028169	      0.00070503150954123912	     -0.00003868786899746679	     -0.00865947789013715719
      0.60600000000000020517	      0.00720699151034137619	      0.00290259963634220686	     -0.00055075643318680534	     -0.00003773300279580338	      0.00010255826274428725	     -0.00005269434418025964	     -0.00043362381247913362	     -0.00020195923495861315	     -0.00044886921318963713	     -0.00005597025199683033	     -0.00005703765155588673	     -0.00001236267986445827	      0.00044690446890555124	      0.00071462814732328045	     -0.00004245610235746600	     -0.00862873609344241843
      0.60700000000000020606	      0.00718679593173246825	      0.00290640591930324543	     -0.00052511540540400858	     -0.00003861476924781754	      0.00009188292220275313	     -0.00005272890518125475	     -0.00043366306890418871	     -0.00025636776098932751	     -0.00047474159544828864	     -0.00005646274890316709	     -0.00005690649120074914	     -0.00002156137467557162	      0.00038994141248487046	      0.00072429779174422362	     -0.00004609050133670689	     -0.00859709241873413132
      0.60800000000000020695	      0.00716645382770619843	      0.00291011437681210072	     -0.00049851213088802915	     -0.00003945744647777805	      0.00008112193045947680	     -0.00005274069564813189	     -0.00043316009377986076	     -0.00031118983600565350	     -0.00050078883584281364	     -0.00005679242980317564	     -0.00005677345264198420	     -0.00003029721936687046	      0.00033247930426663630	      0.00073403584899797703	     -0.00004958471735835857	     -0.00856452725218950772
      0.60900000000000020783	      0.00714598099902934505	      0.00291372346402796190	     -0.00047094128580993377	     -0.00004025921102042418	      0.00007027804610885285	     -0.00005272848240034378	     -0.00043210286633421635	     -0.00036640869179405469	     -0.00052700261027993633	     -0.00005695698336056869	     -0.00005661152751866398	     -0.00003855660391383076	      0.00027453657603092319	      0.00074383052035337672	     -0.00005293166900584290	     -0.00853061716760580846
      0.61000000000000020872	      0.00712539270698081539	      0.00291723177292357860	     -0.00044239810043222860	     -0.00004101816666576830	      0.00005935466931292904	     -0.00005269140886202117	     -0.00043048204517404098	     -0.00042200786495049172	     -0.00055337494562103517	     -0.00005695213141107720	     -0.00005641832262157087	     -0.00004632632826290228	      0.00021613320732409569	      0.00075367780682292522	     -0.00005612543780944557	     -0.00849534288651906944
      0.61100000000000020961	      0.00710470365599473463	      0.00292063806500475476	     -0.00041287827488445394	     -0.00004173239273801144	      0.00004835584625388634	     -0.00005262905650477503	     -0.00042829105016212177	     -0.00047797108784321252	     -0.00057989831981931916	     -0.00005677068813590008	     -0.00005621705363152967	     -0.00005359350939529439	      0.00015729056846425227	      0.00076358090017775854	     -0.00005916135819390711	     -0.00845910735108540424
      0.61200000000000021050	      0.00708392819466899769	      0.00292394078658031464	     -0.00038237897213178051	     -0.00004240017483715663	      0.00003728565743093409	     -0.00005254111067459419	     -0.00042552496251263561	     -0.00053428167232355550	     -0.00060656518396186299	     -0.00005640463683345004	     -0.00005602732265281869	     -0.00006034675102961629	      0.00009803027910521012	      0.00077354169545098194	     -0.00006203513433150620	     -0.00842232433574172101
      0.61300000000000021139	      0.00706308052178531050	      0.00292713762287777346	     -0.00035089997670390005	     -0.00004302019037769056	      0.00002614766166677412	     -0.00005242697931817294	     -0.00042217946623263058	     -0.00059092205238335874	     -0.00063336762477290975	     -0.00005585133133993031	     -0.00005584803963162594	     -0.00006657785898961377	      0.00003837388240925110	      0.00078355557501676035	     -0.00006474192844854731	     -0.00838497717386846309
      0.61400000000000021227	      0.00704217466520255277	      0.00293022555214395020	     -0.00031844368653266564	     -0.00004359152706949476	      0.00001494493219003634	     -0.00005228582917760072	     -0.00041825095684527858	     -0.00064787384002291601	     -0.00066029737637100794	     -0.00005511436264187333	     -0.00005566205258213282	     -0.00007228199769593324	     -0.00002165695478971441	      0.00079361240301197618	     -0.00006727651993458650	     -0.00834662094245999797
      0.61500000000000021316	      0.00702122409392805756	      0.00293320152469067619	     -0.00028501337127984083	     -0.00004411338530658365	      0.00000368119173451559	     -0.00005211741187789373	     -0.00041373882845996413	     -0.00070511887752793684	     -0.00068734647717778874	     -0.00005419388587179011	     -0.00005547110245128061	     -0.00007745476102158366	     -0.00008203948772089742	      0.00080370832273479438	     -0.00006963551799066270	     -0.00830722619618010083
      0.61600000000000021405	      0.00700024168125793454	      0.00293606249807321085	     -0.00025061303022133607	     -0.00004458512228279476	     -0.00000763916704867029	     -0.00005192215089076802	     -0.00040864547617819325	     -0.00076263942382478328	     -0.00071450687020728487	     -0.00005308524266584014	     -0.00005529473439266214	     -0.00008209189307969988	     -0.00014275003673507036	      0.00081384541533855586	     -0.00007181734121847194	     -0.00826720577992887118
      0.61700000000000021494	      0.00697923991010029020	      0.00293880496952725334	     -0.00021524853864773874	     -0.00004500650195466555	     -0.00001901164923317350	     -0.00005170082629266104	     -0.00040297541513861779	     -0.00082041776140542866	     -0.00074176962887720355	     -0.00005178266000145301	     -0.00005515270207662355	     -0.00008619087189662422	     -0.00020376461688363656	      0.00082402516739289852	     -0.00007382114623863401	     -0.00822699497707976568
      0.61800000000000021583	      0.00695823109472699930	      0.00294142456386192741	     -0.00017892907170125039	     -0.00004537784095083597	     -0.00003043218907932549	     -0.00005145410353056198	     -0.00039673442687487848	     -0.00087843518179661975	     -0.00076912568479785282	     -0.00005028872086733360	     -0.00005504459859121888	     -0.00008975338032260471	     -0.00026505904747652076	      0.00083424372309181085	     -0.00007564614372665424	     -0.00818656321438979151
      0.61900000000000021672	      0.00693722735096953362	      0.00294391611300037770	     -0.00014166705666218693	     -0.00004569996650385239	     -0.00004189713038188492	     -0.00005118248315203258	     -0.00038992961528355741	     -0.00093667176043925673	     -0.00079656626085651550	     -0.00004861538097960388	     -0.00005495302651846012	     -0.00009278549210803289	     -0.00032660880684870497	      0.00084449241344411821	     -0.00007729175425516543	     -0.00814540931093418741
      0.62000000000000021760	      0.00691624017010725352	      0.00294627432619742891	     -0.00010347599844817701	     -0.00004597391487427827	     -0.00005340214617709227	     -0.00005088716238984062	     -0.00038257143936276661	     -0.00099510785703665894	     -0.00082408231412382793	     -0.00004676865510267608	     -0.00005487844932892819	     -0.00009529360784657492	     -0.00038838857497763835	      0.00085476763966942852	     -0.00007875951886504584	     -0.00810347897640956161
      0.62100000000000021849	      0.00689528037075288515	      0.00294849385698181532	     -0.00006437023213412552	     -0.00004620091631974549	     -0.00006494223914263464	     -0.00005057004230524242	     -0.00037467360802717620	     -0.00105372451097979214	     -0.00085166376031223234	     -0.00004474696898670166	     -0.00005483962647144080	     -0.00009728410291820477	     -0.00045037222389877896	      0.00086507092656067422	     -0.00008005265584348775	     -0.00806119542890604279
      0.62200000000000021938	      0.00687435832302674479	      0.00295056889124500898	     -0.00002436628923907502	     -0.00004638257827203895	     -0.00007651229864585884	     -0.00005023327183262608	     -0.00036625251248068036	     -0.00111250291425484329	     -0.00087929899218316954	     -0.00004254751037618271	     -0.00005485941868007150	     -0.00009876571942601942	     -0.00051253291798325495	      0.00087540378612576937	     -0.00008117471824037326	     -0.00801900609126623976
      0.62300000000000022027	      0.00685348418554485028	      0.00295249281063814095	      0.00001651537745051002	     -0.00004652092859199625	     -0.00008810761403010153	     -0.00004987859350546325	     -0.00035732668947657809	     -0.00117142191026588932	     -0.00090697800500955106	     -0.00004017902494442976	     -0.00005493766526724637	     -0.00009975297180697673	     -0.00057484331342839978	      0.00088576196494992649	     -0.00008212943743518553	     -0.00797684768129475197
      0.62400000000000022116	      0.00683266785221804500	      0.00295425830499229658	      0.00005825052059538205	     -0.00004661833772712232	     -0.00009972385495195940	     -0.00004950727171961281	     -0.00034791669074724085	     -0.00123045747608954356	     -0.00093469325619417731	     -0.00003766269216387563	     -0.00005505340860879893	     -0.00010026611588950796	     -0.00063727556116960349	      0.00089613545937672475	     -0.00008292103626719727	     -0.00793414161371078230
      0.62500000000000022204	      0.00681191847575037153	      0.00295585800365394391	      0.00010081383096882668	     -0.00004667731033905498	     -0.00011135603075156097	     -0.00004912116358066210	     -0.00033804656366831498	     -0.00128958620637229654	     -0.00096243558690640996	     -0.00003501051409644795	     -0.00005520684018007658	     -0.00010032541265769801	     -0.00069980083700686702	      0.00090651902884306482	     -0.00008355531286827200	     -0.00789079908039727607
      0.62600000000000022293	      0.00679124440095991988	      0.00295728455306443205	      0.00014417930092924802	     -0.00004670047427586532	     -0.00012299849921299649	     -0.00004872275622613137	     -0.00032774338897489930	     -0.00134878609501379657	     -0.00099019292758392718	     -0.00003222377383022001	     -0.00005542137860006498	     -0.00009995044347280158	     -0.00076238925495254739	      0.00091691271784630213	     -0.00008403896616079876	     -0.00784724682397811013
      0.62700000000000022382	      0.00677065339325435937	      0.00295853025656944713	      0.00018831857285483977	     -0.00004669073895098574	     -0.00013464549094444056	     -0.00004831464317371290	     -0.00031703686577616574	     -0.00140803529860204779	     -0.00101795104885780974	     -0.00002930275643238389	     -0.00005572938337461658	     -0.00009916321005706830	     -0.00082500978508309730	      0.00092731694790934224	     -0.00008437857414314576	     -0.00780392409016439359
      0.62800000000000022471	      0.00675015286335900466	      0.00295958685287267542	      0.00023319891630779743	     -0.00004665122957773354	     -0.00014629155429444346	     -0.00004789875056088536	     -0.00030595917575626519	     -0.00146730759736492591	     -0.00104569969658306616	     -0.00002626193698982565	     -0.00005613172852801987	     -0.00009799225397105760	     -0.00088763078954265384	      0.00093772514463943100	     -0.00008458150006232512	     -0.00776072587563070293
      0.62900000000000022560	      0.00672974979184315716	      0.00296044566993691749	      0.00027878348616605653	     -0.00004658517109061566	     -0.00015793153169212093	     -0.00004747627100216631	     -0.00029454463713912693	     -0.00152657170620610488	     -0.00107343371408338828	     -0.00002313029815472628	     -0.00005659840101496488	     -0.00009647225115605451	     -0.00095022018126306174	      0.00094812348120393471	     -0.00008465638639212902	     -0.00771700786639942238
      0.63000000000000022649	      0.00670945023916074378	      0.00296109814789657921	      0.00032503467830746757	     -0.00004649584567168602	     -0.00016955961340760911	     -0.00004704899287279532	     -0.00028283032195058899	     -0.00158579812867629469	     -0.00110114372648488501	     -0.00001992438597276519	     -0.00005712827792224862	     -0.00009463651486973923	     -0.00101274448456149802	      0.00095850386086351446	     -0.00008461267695566987	     -0.00767265203078881797
      0.63100000000000022737	      0.00668925927898107037	      0.00296153591365100333	      0.00037191462108865370	     -0.00004638658468303358	     -0.00018116937512947795	     -0.00004661936087208343	     -0.00027085516397329368	     -0.00164496024675719887	     -0.00112881460892232111	     -0.00001664731786113482	     -0.00005775338554451495	     -0.00009251600288717743	     -0.00107516876552417318	      0.00096886462329892620	     -0.00008445974046719651	     -0.00762807870075488115
      0.63200000000000022826	      0.00666918122296650262	      0.00296175051473801521	      0.00041938323510415376	     -0.00004626085536340446	     -0.00019275425985034594	     -0.00004618984660736264	     -0.00025865973032390688	     -0.00170403154789156713	     -0.00115642864587814365	     -0.00001330179415560268	     -0.00005851966878547051	     -0.00009014313451682909	     -0.00113745670120639353	      0.00097920459060637371	     -0.00008420658302124573	     -0.00758369830432992220
      0.63300000000000022915	      0.00664921981196540078	      0.00296173338698291211	      0.00046739599807554821	     -0.00004612201916035646	     -0.00020430791396471720	     -0.00004576204682537818	     -0.00024628674352550339	     -0.00176297887860091956	     -0.00118397463579053563	     -0.00000990576401316279	     -0.00005942602803806277	     -0.00008755640973409640	     -0.00119957146295902872	      0.00098951427626988754	     -0.00008386400176729758	     -0.00753937370272109164
      0.63400000000000023004	      0.00662937813652354942	      0.00296147603954277638	      0.00051590437952497847	     -0.00004597318019362168	     -0.00021582416605780280	     -0.00004533662740391353	     -0.00023378056820916315	     -0.00182176182026068390	     -0.00121144901130623706	     -0.00000649181969121504	     -0.00006042274781795608	     -0.00008479962178309375	     -0.00126147600599338383	      0.00099977569891913053	     -0.00008344514391525615	     -0.00749444120275871706
      0.63500000000000023093	      0.00660965820255528941	      0.00296097033239239860	      0.00056485975899545071	     -0.00004581744522953735	     -0.00022729625722694990	     -0.00004491492610576159	     -0.00022118650653274452	     -0.00188034366445308590	     -0.00123884079111449830	     -0.00000307780165385851	     -0.00006150256576459810	     -0.00008191299599286106	     -0.00132313155498926804	      0.00100997817665585653	     -0.00008296277981115208	     -0.00744877273848337795
      0.63600000000000023181	      0.00659006089252095299	      0.00296020851798306506	      0.00061421403722161649	     -0.00004565795685480128	     -0.00023871691450826071	     -0.00004449901922768881	     -0.00020854942315345903	     -0.00193869258814192980	     -0.00126613028794340943	      0.00000033320944231585	     -0.00006270834961966294	     -0.00007893213631937623	     -0.00138449772618035039	      0.00102011879008272709	     -0.00008242809568678733	     -0.00740277105448838846
      0.63700000000000023270	      0.00657058617597999946	      0.00295918313117815579	      0.00066391747575555993	     -0.00004549788022772949	     -0.00025007875342554498	     -0.00004409095064152047	     -0.00019591374690014485	     -0.00199677669925187040	     -0.00129329544616545167	      0.00000373765896793943	     -0.00006410320143076555	     -0.00007589255306239551	     -0.00144553302197956979	      0.00103019469141893590	     -0.00008185125314752462	     -0.00735680554075732185
      0.63800000000000023359	      0.00655123325581404535	      0.00295788721296030843	      0.00071391639962370412	     -0.00004533996700040177	     -0.00026137446700526257	     -0.00004369169492681943	     -0.00018332480450838906	     -0.00205455558896548013	     -0.00132032287317525310	      0.00000711774481829131	     -0.00006568052068446975	     -0.00007283458512277741	     -0.00150619591838296180	      0.00104019384857509389	     -0.00008124447621435382	     -0.00731072981640223940
      0.63900000000000023448	      0.00653200051202459421	      0.00295631448755828696	      0.00076415381475658517	     -0.00004518640452901707	     -0.00027259681712468037	     -0.00004330111389429583	     -0.00017082821827690831	     -0.00211198007081545014	     -0.00134720862462126001	      0.00001044306322753319	     -0.00006735962304856360	     -0.00006980238812814843	     -0.00156644525310050547	      0.00105009521527022615	     -0.00008062245883305730	     -0.00726391745082283213
      0.64000000000000023537	      0.00651288518919089510	      0.00295445922079939916	      0.00081457366418635768	     -0.00004503948226103338	     -0.00028373812920708119	     -0.00004291984113801925	     -0.00015846761611981730	     -0.00216900690103095234	     -0.00137393869468713237	      0.00001369826119289319	     -0.00006912432737135078	     -0.00006683431545240204	     -0.00162623833434460269	      0.00105988613733634489	     -0.00007999746275319519	     -0.00721624965833703169
      0.64100000000000023626	      0.00649388340098099384	      0.00295231618870561707	      0.00086512149817929984	     -0.00004490164103385791	     -0.00029479040991393923	     -0.00004254936603474008	     -0.00014628307538194774	     -0.00222559981164505843	     -0.00140048841144617409	      0.00001688194440402357	     -0.00007103451645896347	     -0.00006396188002785741	     -0.00168553126797586078	      0.00106956245251797755	     -0.00007937820030470832	     -0.00716810032975748190
      0.64200000000000023714	      0.00647499030880540130	      0.00294988078684577104	      0.00091574220905255022	     -0.00004477526202979060	     -0.00030574564256241610	     -0.00004219112833212663	     -0.00013431170404143433	     -0.00228172235014486094	     -0.00142683177912580894	      0.00001999132356665656	     -0.00007317701728664847	     -0.00006121459739752422	     -0.00174427980783585512	      0.00107911953987149638	     -0.00007877166935157942	     -0.00711979963512407443
      0.64300000000000023803	      0.00645620022035137478	      0.00294714953786090472	      0.00096637782970121489	     -0.00004466198884831712	     -0.00031659583979146838	     -0.00004184537198445581	     -0.00012259002936865215	     -0.00233732890240124710	     -0.00145295258470395927	      0.00002301255795486568	     -0.00007553739507992589	     -0.00005862476423726393	     -0.00180244035439580674	      0.00108854378198598375	     -0.00007818707233578359	     -0.00707121597414223091
      0.64400000000000023892	      0.00643750657531195168	      0.00294412020174239508	      0.00101696827079200691	     -0.00004456258835606325	     -0.00032733306943700385	     -0.00004151113035383291	     -0.00011115355381208225	     -0.00239236505725993684	     -0.00147884455659975933	      0.00002592328227242480	     -0.00007799210127510531	     -0.00005622633595980808	     -0.00185997034782001136	      0.00109781321901072579	     -0.00007763619966019708	     -0.00702179657372051236
      0.64500000000000023981	      0.00641890178701533427	      0.00294079107461830969	      0.00106745556949128240	     -0.00004447810530394669	     -0.00033794924378777874	     -0.00004118837532914726	     -0.00010003278928893966	     -0.00244678440412724948	     -0.00150449030570570796	      0.00002871411448987504	     -0.00008051275426702864	     -0.00005404537859848846	     -0.00191682636723237293	      0.00110691460380814635	     -0.00007712687986960454	     -0.00697144345881145489
      0.64600000000000024070	      0.00640037729133638433	      0.00293716085815554084	      0.00111778452973543274	     -0.00004440993412301031	     -0.00034843626442408737	     -0.00004087811375787231	     -0.00008925183050007002	     -0.00250054921159697380	     -0.00152986162003516946	      0.00003138662782471713	     -0.00008318105922017205	     -0.00005209926297924938	     -0.00197296458908161748	      0.00111584327776940648	     -0.00007666211683374224	     -0.00692050234534313802
      0.64700000000000024158	      0.00638192368565225487	      0.00293322903719728245	      0.00116790051152160235	     -0.00004435936439688148	     -0.00035878618901443587	     -0.00004058135118344824	     -0.00007882978028972421	     -0.00255362173982877708	     -0.00155493055208399955	      0.00003394035079197499	     -0.00008610956226201560	     -0.00005040149350910017	     -0.00202834175574623243	      0.00112459412325614100	     -0.00007624308600645557	     -0.00686928794747038163
      0.64800000000000024247	      0.00636353079761003797	      0.00292899664360224410	      0.00121774747477332301	     -0.00004432670467365701	     -0.00036899119088323884	     -0.00004029785609963726	     -0.00006878410605848373	     -0.00260595601518453721	     -0.00157967882422666017	      0.00003636836365827900	     -0.00008927099517232195	     -0.00004896613146435080	     -0.00208291605053710638	      0.00113315399345120804	     -0.00007587342322842860	     -0.00681770025133882074
      0.64900000000000024336	      0.00634518771735348777	      0.00292446624706377278	      0.00126726872637994425	     -0.00004431120097884989	     -0.00037904362678893577	     -0.00004002617474870018	     -0.00005913048360456363	     -0.00265749882356698316	     -0.00160409733936942023	      0.00003866017872827809	     -0.00009248836357514043	     -0.00004780683262048391	     -0.00213664747926726323	      0.00114150258062763188	     -0.00007555958790989026	     -0.00676525498786317847
      0.65000000000000024425	      0.00632688276937683029	      0.00291964066713579218	      0.00131641077621136304	     -0.00004431266231598452	     -0.00038893605478949184	     -0.00003976599789783097	     -0.00004987738600631397	     -0.00270820620422849989	     -0.00162816691951500614	      0.00004081405037659191	     -0.00009571789331565272	     -0.00004692814411152990	     -0.00218949608079718749	      0.00114962801949034660	     -0.00007530343451780941	     -0.00671187372764617263
      0.65100000000000024514	      0.00630860359123594679	      0.00291452276004522393	      0.00136512385318010576	     -0.00004433149668786607	     -0.00039866134462968744	     -0.00003951824371790924	     -0.00004102518032567115	     -0.00275804370970024471	     -0.00165185928913365310	      0.00004283461094023444	     -0.00009906501636523790	     -0.00004632524503508928	     -0.00224142241407043058	      0.00115752679224104954	     -0.00007510155101650429	     -0.00665789173034631032
      0.65200000000000024603	      0.00629033724491656794	      0.00290911609029598228	      0.00141335992175539715	     -0.00004436793785777410	     -0.00040821268597189542	     -0.00003928388280918793	     -0.00003256865195838676	     -0.00280697742970025324	     -0.00167514793835983611	      0.00004472447427825155	     -0.00010266502107539321	     -0.00004598868869570838	     -0.00229238853627922873	      0.00116519542498575573	     -0.00007494889363909851	     -0.00660364747021638387
      0.65300000000000024691	      0.00627207029275077439	      0.00290342588553726966	      0.00146107108858173351	     -0.00004442099548147838	     -0.00041758348663960276	     -0.00003906262255327919	     -0.00002450109619528407	     -0.00285496751399146043	     -0.00169801468691019308	      0.00004648495803274977	     -0.00010647524566886196	     -0.00004590864421699647	     -0.00234235908231933410	      0.00117262305163253616	     -0.00007484291013948319	     -0.00654907214582764463
      0.65400000000000024780	      0.00625378886613372695	      0.00289745890494752523	      0.00150821024063640952	     -0.00004448839190974996	     -0.00042676743505338371	     -0.00003885292475019897	     -0.00001681458871877206	     -0.00290196957087292262	     -0.00172044872819245021	      0.00004811879163982291	     -0.00011026462402567022	     -0.00004607452296589987	     -0.00239130171953009368	      0.00117979202346243928	     -0.00007478380034484089	     -0.00649369722543799432
      0.65500000000000024869	      0.00623547869190792248	      0.00289122169382050043	      0.00155473418488394355	     -0.00004456849250535772	     -0.00043575859170529724	     -0.00003865450863394654	     -0.00000949370510661129	     -0.00294794862820819958	     -0.00174243165224037544	      0.00004963262742535557	     -0.00011397210962285978	     -0.00004646755498785571	     -0.00243918514403583531	      0.00118669260531081497	     -0.00007476688323676539	     -0.00643744766301490579
      0.65600000000000024958	      0.00621712516492047874	      0.00288472030555186887	      0.00160060395321171001	     -0.00004466035583191447	     -0.00044455146428151043	     -0.00003846843734572891	     -0.00000251520934341221	     -0.00299287911749702290	     -0.00176393848353198490	      0.00005103493188166053	     -0.00011773029351654085	     -0.00004706093548229040	     -0.00248597938464480139	      0.00119332314274548865	     -0.00007478218588619079	     -0.00638067727148447505
      0.65700000000000025047	      0.00619871344439118337	      0.00287796120439109959	      0.00164578316295549421	     -0.00004476276357569947	     -0.00045314094628554069	     -0.00003829584828971694	      0.00000414852531910315	     -0.00303673681728743039	     -0.00178494670435837277	      0.00005233294476719719	     -0.00012170199014193903	     -0.00004782414374232546	     -0.00253165675048233618	      0.00119968251416094698	     -0.00007481839556025549	     -0.00632378550682213825
      0.65800000000000025135	      0.00618022855868568567	      0.00287095231405398721	      0.00169023680528201936	     -0.00004487311471542549	     -0.00046152225887748088	     -0.00003813655903514568	      0.00001052514538679716	     -0.00307949399723130360	     -0.00180544087949369159	      0.00005353646138556156	     -0.00012581805674495225	     -0.00004872707438213775	     -0.00257619325150319767	      0.00120576209511614671	     -0.00007486671591108718	     -0.00626671534642109229
      0.65900000000000025224	      0.00616165547693008075	      0.00286370274363645372	      0.00173393167694857464	     -0.00004498753309208764	     -0.00046969104769419012	     -0.00003798916345133796	      0.00001664197208051110	     -0.00312112119603318722	     -0.00182541079614884083	      0.00005465993741265995	     -0.00012980283182558242	     -0.00004973994048260155	     -0.00261956893118449330	      0.00121154618098231678	     -0.00007492144269038992	     -0.00620893565852670415
      0.66000000000000025313	      0.00614297908517706139	      0.00285622079178493582	      0.00177683862293209760	     -0.00004510298460480566	     -0.00047764343095538925	     -0.00003785363655531976	      0.00002253269747748421	     -0.00316159755943680801	     -0.00184484115525325454	      0.00005571717357041872	     -0.00013360796552825543	     -0.00005082664164929307	     -0.00266176504019388638	      0.00121702719298406523	     -0.00007497267879544300	     -0.00615035459044818711
      0.66100000000000025402	      0.00612418421366833776	      0.00284851370967598161	      0.00181893255485598981	     -0.00004521719953425041	     -0.00048537600779608586	     -0.00003773130148204684	      0.00002823691596187672	     -0.00320090993714710476	     -0.00186371381102121147	      0.00005671926245276460	     -0.00013737779927707611	     -0.00005194544820680269	     -0.00270276411525925686	      0.00122220587373938691	     -0.00007500571157184610	     -0.00609137869051751268
      0.66200000000000025491	      0.00610525575084665522	      0.00284058872560133402	      0.00186019124378422607	     -0.00004532766456320086	     -0.00049288581441362528	     -0.00003762354878751595	      0.00003379626131522206	     -0.00323904693392558160	     -0.00188201335434977357	      0.00005767658583313851	     -0.00014127299195487719	     -0.00005305284400655697	     -0.00274255113413201385	      0.00122708376152848297	     -0.00007500501775650759	     -0.00603249296934649237
      0.66300000000000025580	      0.00608617881000147066	      0.00283245403224929859	      0.00190059453357682706	     -0.00004543070920313974	     -0.00050017039299534577	     -0.00003753053189440442	      0.00003925053424419511	     -0.00327599607455284283	     -0.00189972908486064906	      0.00005860416516387246	     -0.00014523947496998535	     -0.00005410739436989553	     -0.00278111526486687910	      0.00123165466294818809	     -0.00007495838012011591	     -0.00597362827062242197
      0.66400000000000025668	      0.00606693876327270634	      0.00282411850984698454	      0.00194012447640468100	     -0.00004552155576555139	     -0.00050722785987131896	     -0.00003745116678562088	      0.00004463705956758712	     -0.00331174454624600170	     -0.00191685488882549493	      0.00005952204150944107	     -0.00014898250364502041	     -0.00005507020129977280	     -0.00281844999822132569	      0.00123590494180830096	     -0.00007485753317654220	     -0.00591412777646194154
      0.66500000000000025757	      0.00604752108722973834	      0.00281558975872830963	      0.00197876667073415557	     -0.00004559637118913690	     -0.00051405679143479155	     -0.00003738573319567173	      0.00004999727994142722	     -0.00334628591124307151	     -0.00193338270493037534	      0.00006044561328757969	     -0.00015243657865830762	     -0.00005589847627798794	     -0.00285454930932964313	      0.00123982974702397525	     -0.00007469085580913415	     -0.00585387233324857759
      0.66600000000000025846	      0.00602791134111755385	      0.00280687386773292857	      0.00201651007720649034	     -0.00004565228979796360	     -0.00052065621736187284	     -0.00003733591540312081	      0.00005537626160584397	     -0.00337961975984792801	     -0.00194930295625754535	      0.00006138497990704206	     -0.00015577643825123028	     -0.00005654605260566048	     -0.00288940760502294502	      0.00124343304074699124	     -0.00007444267844847197	     -0.00579334929238445318
      0.66700000000000025935	      0.00600809530983055073	      0.00279797652182400824	      0.00205334622678987611	     -0.00004568632826750657	     -0.00052702559784695985	     -0.00003730342920288399	      0.00006081847015626529	     -0.00341174734258295476	     -0.00196460853081376063	      0.00006234981695374398	     -0.00015917355864773775	     -0.00005696730899903968	     -0.00292302144211498138	      0.00124671924182795379	     -0.00007409697626642453	     -0.00573313346105652766
      0.66800000000000026024	      0.00598805922306568008	      0.00278890392661135245	      0.00208926881519422292	     -0.00004569460881309606	     -0.00053316496079548747	     -0.00003728876292823091	      0.00006636437179713406	     -0.00344266965056073612	     -0.00197929637278851378	      0.00006335415707872660	     -0.00016256772604160419	     -0.00005712114686695635	     -0.00295539149046063210	      0.00124968508097692693	     -0.00007364205390694711	     -0.00567312786062079688
      0.66900000000000026112	      0.00596778973163836993	      0.00277966253879979863	      0.00212427362816147713	     -0.00004567249905908233	     -0.00053907491925241774	     -0.00003729123592652317	      0.00007205002914695280	     -0.00347238809336289367	     -0.00199336698001549573	      0.00006441630691969569	     -0.00016567435418193138	     -0.00005697132974910590	     -0.00298652251723380974	      0.00125232018557021318	     -0.00007307164936865007	     -0.00561253193177518872
      0.67000000000000026201	      0.00594727357881798258	      0.00277025735041636079	      0.00215835911153705595	     -0.00004561639378958260	     -0.00054475631655137580	     -0.00003731149072300211	      0.00007791323205730283	     -0.00350090864609924751	     -0.00200681977712663384	      0.00006554891931273565	     -0.00016844198674457328	     -0.00005647972187766692	     -0.00301641911090718556	      0.00125462304428473198	     -0.00007237653712874326	     -0.00555120408391321374
      0.67100000000000026290	      0.00592649752410304414	      0.00276069174129212058	      0.00219152602738448277	     -0.00004552370620790336	     -0.00055021018111809511	     -0.00003735150398639225	      0.00008399304324574475	     -0.00352824155562064465	     -0.00201965314562384257	      0.00006675913948650525	     -0.00017105235355564102	     -0.00005560671550999818	     -0.00304508576969762801	      0.00125660033867046328	     -0.00007154328953179467	     -0.00548972206816569774
      0.67200000000000026379	      0.00590544855128647631	      0.00275096853953493703	      0.00222377707643273137	     -0.00004539190233827234	     -0.00055543781155689698	     -0.00003741324704667481	      0.00009032589788171563	     -0.00355439854874775932	     -0.00203186689441660351	      0.00006805441200499751	     -0.00017367436931765845	     -0.00005431518211540531	     -0.00307252904697159074	      0.00125825807933729883	     -0.00007055825002127980	     -0.00542873396006410269
      0.67300000000000026468	      0.00588411415462551310	      0.00274109087590768130	      0.00225511684009560565	     -0.00004521786578211284	     -0.00056044100270292996	     -0.00003749749907022704	      0.00009694273764843109	     -0.00357939131666692133	     -0.00204346409269536011	      0.00006944564683339371	     -0.00017625819088161465	     -0.00005257444437700709	     -0.00309875905916295880	      0.00125959569601218069	     -0.00006941338570579103	     -0.00536811452199290051
      0.67400000000000026557	      0.00586248227722269404	      0.00273106198639938569	      0.00228555155918119812	     -0.00004499801983567225	     -0.00056522204896271994	     -0.00003760389740960907	      0.00010386891942937293	     -0.00360323181628300140	     -0.00205445085115041337	      0.00007094661672268909	     -0.00017854808047994275	     -0.00005036027771393448	     -0.00312378916118045968	      0.00126060720916450208	     -0.00006810770441983971	     -0.00530695088222485345
      0.67500000000000026645	      0.00584054085085943583	      0.00272088378381052376	      0.00231508914411626687	     -0.00004472979595867427	     -0.00056978325687521286	     -0.00003773327327698250	      0.00011113014923158637	     -0.00362593502209566931	     -0.00206483205494918665	      0.00007256610929379237	     -0.00018050811875403028	     -0.00004764739679830043	     -0.00314763204284782688	      0.00126129426797288308	     -0.00006663669926257332	     -0.00524509477910653499
      0.67600000000000026734	      0.00581827770084094101	      0.00271055676959963687	      0.00234373875987348157	     -0.00004441160968057106	     -0.00057412692931753384	     -0.00003788764148674600	      0.00011875243058623308	     -0.00364751861908039522	     -0.00207461135765650562	      0.00007430830981483560	     -0.00018231851742755295	     -0.00004440962924648351	     -0.00317029991809026496	      0.00126166488185569525	     -0.00006499058272999014	     -0.00518320230740709764
      0.67700000000000026823	      0.00579568083093287209	      0.00270008101167285020	      0.00237151080772723954	     -0.00004404204887256680	     -0.00057825556644711812	     -0.00003806891724841832	      0.00012675866646116862	     -0.00366800106275944927	     -0.00208379339598903368	      0.00007617770018367165	     -0.00018414208229396156	     -0.00004062398349902185	     -0.00319180664036478046	      0.00126172546685954234	     -0.00006315915711663234	     -0.00512196717668211843
      0.67800000000000026912	      0.00577273876814844104	      0.00268945698317868409	      0.00239841717050093273	     -0.00004361931975817995	     -0.00058217213261553546	     -0.00003827778990375674	      0.00013516600054119809	     -0.00368740045228405089	     -0.00209238562628419333	      0.00007818091521166748	     -0.00018594277733502418	     -0.00003627450213428141	     -0.00321216844414440317	      0.00126147818624332275	     -0.00006113906389798585	     -0.00506124869020138646
      0.67900000000000027001	      0.00574944048262431527	      0.00267868544427762867	      0.00242447093081743503	     -0.00004314132166884088	     -0.00058588005670911353	     -0.00003851375047664307	      0.00014398601436049763	     -0.00370573470781418619	     -0.00210039813178981849	      0.00008032616909767198	     -0.00018750090393190866	     -0.00003135180068533638	     -0.00323140344850834926	      0.00126092249007890567	     -0.00005893532427905801	     -0.00500008123815484651
      0.68000000000000027089	      0.00572577484907691586	      0.00266776619877939769	      0.00244968601247841367	     -0.00004260686308552725	     -0.00058938271406192705	     -0.00003877725490514239	      0.00015323081416318551	     -0.00372302348863446687	     -0.00210783962233729305	      0.00008261794053318616	     -0.00018879427255993203	     -0.00002584496029661709	     -0.00324952899394167355	      0.00126006282159071142	     -0.00005654792787851415	     -0.00493832598614471485
      0.68100000000000027178	      0.00570173055506896162	      0.00265669801948731354	      0.00247407676490396522	     -0.00004201563801333602	     -0.00059268345540527956	     -0.00003906970137360077	      0.00016291344276098130	     -0.00373928780714036929	     -0.00211471771087931582	      0.00008505717027607052	     -0.00018999514067906398	     -0.00001974147050787245	     -0.00326656184021158202	      0.00125890726023616950	     -0.00005396972331939143	     -0.00487668945165006806
      0.68200000000000027267	      0.00567729645639732192	      0.00264547956226579561	      0.00249765823799097397	     -0.00004136754959608441	     -0.00059578587369805286	     -0.00003939223594017632	      0.00017304486072244885	     -0.00375454857474228840	     -0.00212104123885009654	      0.00008764461816737623	     -0.00019126132183303751	     -0.00001303134926505800	     -0.00328251972026645522	      0.00125746224079675145	     -0.00005119275755671726	     -0.00481588430576632143
      0.68300000000000027356	      0.00565246196459759549	      0.00263411026635040901	      0.00252044666847195398	     -0.00004066213836197152	     -0.00059869401474329370	     -0.00003974471912893129	      0.00018363099943397021	     -0.00376882631977509819	     -0.00212682120791031493	      0.00009038260282070998	     -0.00019256944577885488	     -0.00000571082692107927	     -0.00329742164969215601	      0.00125573245000847045	     -0.00004821679337896345	     -0.00475577004706084772
      0.68400000000000027445	      0.00562721696098955355	      0.00262259028374245418	      0.00254245918946027771	     -0.00003989858415638647	     -0.00060141232184263843	     -0.00004012580712196151	      0.00019467303351472509	     -0.00378214160108114768	     -0.00213207024299584547	      0.00009327497131467188	     -0.00019372745217410836	      0.00000221845499695505	     -0.00331128763365066275	      0.00125372216907815998	     -0.00004505089353490366	     -0.00469538117410442379
      0.68500000000000027534	      0.00560155122252172823	      0.00261091922311151858	      0.00256371323644577487	     -0.00003907680219270709	     -0.00060394511723713129	     -0.00004053507352464597	      0.00020617397079714106	     -0.00379451604935947436	     -0.00213679963950147433	      0.00009632313041443852	     -0.00019471979431212594	      0.00001075770578881641	     -0.00332413742290650627	      0.00125143776560130565	     -0.00004169747224708198	     -0.00463459447204836450
      0.68600000000000027622	      0.00557545433739854886	      0.00259909603620944729	      0.00258422616429720975	     -0.00003819742040299390	     -0.00060629660584415879	     -0.00004097307596276356	      0.00021813932638492517	     -0.00380597201684963055	     -0.00214101983689916897	      0.00009952593475653915	     -0.00019570895206815625	      0.00001991115089311490	     -0.00333599071275716280	      0.00124888685034189179	     -0.00003815028373166385	     -0.00457413633772912886
      0.68700000000000027711	      0.00554891611230815159	      0.00258711992925375611	      0.00260401574016522197	     -0.00003726116880222591	     -0.00060847111880026061	     -0.00004144029147602757	      0.00023057412696292356	     -0.00381653170245763347	     -0.00214474239554061918	      0.00010288200569091854	     -0.00019685135619248312	      0.00002968198083450058	     -0.00334686801252646882	      0.00124607625897391050	     -0.00003440245208286008	     -0.00451472292843493883
      0.68800000000000027800	      0.00552192699461137668	      0.00257499138319827736	      0.00262310078217642406	     -0.00003626822794249723	     -0.00061047327910198484	     -0.00004193607782633502	      0.00024347929246781863	     -0.00382621797769103211	     -0.00214797940245776975	      0.00010639244542379189	     -0.00019812909611618273	      0.00004006871128695022	     -0.00335679099415275156	      0.00124301258801368802	     -0.00003045552961705722	     -0.00445622273472082164
      0.68900000000000027889	      0.00549447799077224484	      0.00256271206697744613	      0.00264150086346215396	     -0.00003521819931454756	     -0.00061230796088469763	     -0.00004245871622950842	      0.00025685181341550400	     -0.00383505488670881668	     -0.00215074277815166526	      0.00011006123156520609	     -0.00019935647846260757	      0.00005106601738691374	     -0.00336578237853393802	      0.00123970283803317288	     -0.00002632083647874373	     -0.00439769123439215370
      0.69000000000000027978	      0.00546656008014928703	      0.00255028335456830568	      0.00265923556542757566	     -0.00003411128670811198	     -0.00061397988017493355	     -0.00004300748861076759	      0.00027069222747555521	     -0.00384306695502051147	     -0.00215304391521643768	      0.00011389024021490890	     -0.00020051475644392719	      0.00006267277853413966	     -0.00337386513331507099	      0.00123615423560637094	     -0.00002200186160650208	     -0.00433901424749766340
      0.69100000000000028066	      0.00543816413547201782	      0.00253770612590220601	      0.00267632412282892140	     -0.00003294831310091118	     -0.00061549361768632044	     -0.00004358275509928899	      0.00028500534624198437	     -0.00385027870870272189	     -0.00215489438797659971	      0.00011787860641959691	     -0.00020176001648484349	      0.00007489218230724570	     -0.00338106237911076080	      0.00123237422145419662	     -0.00001749241083093267	     -0.00428091649257775209
      0.69200000000000028155	      0.00540928136726555233	      0.00252498174409776510	      0.00269278604844347402	     -0.00003173011413074717	     -0.00061685384558166773	     -0.00004418491853284967	      0.00029979691291848187	     -0.00385671456325922812	     -0.00215630688935329606	      0.00012202496763430437	     -0.00020325248551355396	      0.00008772777382645702	     -0.00338739770702272541	      0.00122837074079016478	     -0.00001278580529467943	     -0.00422411288254456729
      0.69300000000000028244	      0.00537990377246657346	      0.00251211322262590020	      0.00270864181734153942	     -0.00003045677010903719	     -0.00061806545970580218	     -0.00004481332340750682	      0.00031506910075962402	     -0.00386240073331158354	     -0.00215729314453090570	      0.00012633180918802944	     -0.00020497247226636262	      0.00010117959025654488	     -0.00339289614934903949	      0.00122415129052565186	     -0.00000788380147509482	     -0.00416847605470094251
      0.69400000000000028333	      0.00535002404943448959	      0.00249910507180184371	      0.00272391254250414772	     -0.00002912757716504871	     -0.00061913355141170190	     -0.00004546626768500706	      0.00033082044088239559	     -0.00386736566933138307	     -0.00215786324894541581	      0.00013080606564075392	     -0.00020672069253856173	      0.00011524473534135771	     -0.00339758424251965924	      0.00121972273994843533	     -0.00000279772717226567	     -0.00411306696234264857
      0.69500000000000028422	      0.00531963499274869418	      0.00248596146204538293	      0.00273861914930584316	     -0.00002774245907614936	     -0.00062006310276761789	     -0.00004614313090436223	      0.00034705441469229381	     -0.00387163721689230862	     -0.00215802834643302743	      0.00013545134268605485	     -0.00020847086084657684	      0.00012992521169982729	     -0.00340148844588654409	      0.00121509225739949156	      0.00000246948978077643	     -0.00405776417674472145
      0.69600000000000028511	      0.00528872940369275873	      0.00247268593272542692	      0.00275278203215201245	     -0.00002630202836663431	     -0.00062085900865573723	     -0.00004684446585518504	      0.00036378003052039976	     -0.00387524211276657482	     -0.00215780118721409231	      0.00014026691170054839	     -0.00021038257328458848	      0.00014522785395637561	     -0.00340463476757007361	      0.00121026797614606774	      0.00000792503093482999	     -0.00400328126217341929
      0.69700000000000028599	      0.00525730055679404090	      0.00245928249383109421	      0.00276642171865904007	     -0.00002480691198658569	     -0.00062152626497617020	     -0.00004757094995566646	      0.00038100780323102601	     -0.00387820696105694619	     -0.00215719534815050906	      0.00014525099772288996	     -0.00021262704018030348	      0.00016116036087579499	     -0.00340704916288067650	      0.00120525949474489802	      0.00001357654256001206	     -0.00395033171296971242
      0.69800000000000028688	      0.00522534266289142492	      0.00244575693547699480	      0.00277955949138297687	     -0.00002325685466807170	     -0.00062207007259070662	     -0.00004832220198806858	      0.00039874432738706833	     -0.00388056074936055269	     -0.00215622260490767881	      0.00015040680815675556	     -0.00021518098150280496	      0.00017772692254194866	     -0.00340875938103899628	      0.00120007447148305635	      0.00001942357796891336	     -0.00389877713547148730
      0.69900000000000028777	      0.00519285075092779796	      0.00243211659753805876	      0.00279221701972121039	     -0.00002165070123318763	     -0.00062249579398475363	     -0.00004909676908215754	      0.00041699184667998157	     -0.00388233510070353817	     -0.00215489252010213350	      0.00015574326504047553	     -0.00021782285056709538	      0.00019492845553978344	     -0.00340979512854119871	      0.00119471794734989784	      0.00002545635544387581	     -0.00384765078212706557
      0.70000000000000028866	      0.00515982000717061379	      0.00241836818410923193	      0.00280441556166399764	     -0.00001998808574580485	     -0.00062280869554488111	     -0.00004989436620616433	      0.00043575799610240384	     -0.00388355985452166520	     -0.00215321684463144758	      0.00016126409919769991	     -0.00022052118387189124	      0.00021277068315067593	     -0.00341018500678469394	      0.00118919693996417247	      0.00003167321183450422	     -0.00379680886443159449
      0.70100000000000028955	      0.00512624564242994581	      0.00240451741768155092	      0.00281617563128377935	     -0.00001826950957561913	     -0.00062301393287231277	     -0.00005071597028285385	      0.00045505607724616315	     -0.00388426279252428695	     -0.00215120952086096662	      0.00016696699648122149	     -0.00022344936808644383	      0.00023126392860234324	     -0.00340995615833476068	      0.00118352109414342210	      0.00003808224328655241	     -0.00374695547063824685
      0.70200000000000029043	      0.00509212334873028125	      0.00239057029957900902	      0.00282751761328359219	     -0.00001649553586149238	     -0.00062311667202648996	     -0.00005156271159331011	      0.00047490008586847932	     -0.00388447174262701589	     -0.00214888434157470276	      0.00017284879963075372	     -0.00022679402397530329	      0.00025041892372712482	     -0.00340913546772707299	      0.00117770128947720931	      0.00004469166066362051	     -0.00369880274878722770
      0.70300000000000029132	      0.00505744976087005305	      0.00237653454337050096	      0.00283846223169936795	     -0.00001466575975572065	     -0.00062312216621966676	     -0.00005243459483324914	      0.00049529836198136667	     -0.00388421702513621660	     -0.00214625305233749619	      0.00017891293278216036	     -0.00023052837500930207	      0.00027024179191606490	     -0.00340775191392813509	      0.00117174473157923703	      0.00005150124744113249	     -0.00365218989095741908
      0.70400000000000029221	      0.00502222231299843513	      0.00236241928589142614	      0.00284903015121940051	     -0.00001277881133670417	     -0.00062303571241440620	     -0.00005333046540091646	      0.00051625298843005485	     -0.00388353134197020299	     -0.00214332542494233280	      0.00018516993622424982	     -0.00023440774286297150	      0.00029073403659599095	     -0.00340583656585485145	      0.00116565448585147918	      0.00005850089493103505	     -0.00360610448256820648
      0.70500000000000029310	      0.00498643854155585500	      0.00234823263647021552	      0.00285924135024639980	     -0.00001083432644717608	     -0.00062286244202086616	     -0.00005425038826267770	      0.00053777100545260303	     -0.00388244483537043827	     -0.00214011327482008240	      0.00019162363777480707	     -0.00023839807860444318	      0.00031190139833800479	     -0.00340341827293932225	      0.00115943736123717833	      0.00006568792461780770	     -0.00356038004653780327
      0.70600000000000029399	      0.00495009593475178537	      0.00233398131625472960	      0.00286911482029206244	     -0.00000883303322048168	     -0.00062260730650155055	     -0.00005519573199671418	      0.00055986464634427691	     -0.00388098499124382192	     -0.00213662999845701251	      0.00019827033281621942	     -0.00024269000490999282	      0.00033375352669451352	     -0.00340052348495622353	      0.00115310398944144799	      0.00007306910369231367	     -0.00351571956226928717
      0.70700000000000029488	      0.00491319239992109736	      0.00231967206374728008	      0.00287866904664024759	     -0.00000677580761241497	     -0.00062227517407193594	     -0.00005616796948507835	      0.00058254551516756514	     -0.00387917921604082755	     -0.00213288789250279387	      0.00020510556989894457	     -0.00024748412016302457	      0.00035629926221777963	     -0.00339717825989316324	      0.00114666512067562731	      0.00008065127582085330	     -0.00347283125742534060
      0.70800000000000029576	      0.00487572674193713015	      0.00230531316092519312	      0.00288792226135314856	     -0.00000466253089607960	     -0.00062187091299635566	     -0.00005716730290708516	      0.00060581747245147533	     -0.00387705650579508662	     -0.00212889808181383755	      0.00021213229576028114	     -0.00025275205629471387	      0.00037954098653450452	     -0.00339341028307495185	      0.00114012726672806097	      0.00008843236440841951	     -0.00343153054254310974
      0.70900000000000029665	      0.00483769850741120732	      0.00229091412891380131	      0.00289689206163823432	     -0.00000249209905498621	     -0.00062139936094515735	     -0.00005819260376086627	      0.00062967608024278032	     -0.00387464702458940186	     -0.00212467105983746296	      0.00021936115656479016	     -0.00025823423527296385	      0.00040347461104886517	     -0.00338924858187899386	      0.00113349288767881917	      0.00009639965497887371	     -0.00339076772248864122
      0.71000000000000029754	      0.00479910726397993898	      0.00227648313589479123	      0.00290559511532573200	     -0.00000026461994155624	     -0.00062086515575691253	     -0.00005924391897579873	      0.00065412154145216839	     -0.00387197798267229464	     -0.00212021822404705185	      0.00022679466294112105	     -0.00026389910383509130	      0.00042809959422687727	     -0.00338471921462394493	      0.00112676864246154251	      0.00010454801548470671	     -0.00335036243389624788
      0.71100000000000029843	      0.00475995244558353927	      0.00226202666536756691	      0.00291404693247687696	      0.00000201851868589231	     -0.00062027273964528756	     -0.00006032252705099467	      0.00067915909418125864	     -0.00386907370215434053	     -0.00211555117489684030	      0.00023442642800475255	     -0.00026995447398173167	      0.00045341858001457513	     -0.00337984537911419775	      0.00111996473897123250	      0.00011288246802226842	     -0.00331101611690917674
      0.71200000000000029932	      0.00472023383326599603	      0.00224755104166352027	      0.00292226214682789198	      0.00000435573522630101	     -0.00061962644906014830	     -0.00006142962870440971	      0.00070479236569198633	     -0.00386595794276264372	     -0.00211068005589919172	      0.00024224910788589460	     -0.00027661229071691829	      0.00047943202400668739	     -0.00337464971107651751	      0.00111309021034364242	      0.00012140871046933954	     -0.00327342055275636756
      0.71300000000000030020	      0.00467995205132422896	      0.00223306403213341387	      0.00293025452653861151	      0.00000674650185015363	     -0.00061893060251645010	     -0.00006256487973485547	      0.00073101548702958485	     -0.00386265464132163130	     -0.00210561548172165380	      0.00025026315655352072	     -0.00028384691643418281	      0.00050613213696870663	     -0.00336915539797530417	      0.00110615064624854098	      0.00013012308872384359	     -0.00323737247213307100
      0.71400000000000030109	      0.00463910841286717043	      0.00221857456317231527	      0.00293803666764558269	      0.00000919134184985959	     -0.00061818948137420948	     -0.00006372632740256345	      0.00075781274792752207	     -0.00385918743223610632	     -0.00210036926812290359	      0.00025847708280851700	     -0.00029139659635252224	      0.00053350317010403270	     -0.00336338573204469915	      0.00109914896987636790	      0.00013901064300547716	     -0.00320181424170043472
      0.71500000000000030198	      0.00459770419381319139	      0.00220409006380317685	      0.00294562014496857483	      0.00001168944249886616	     -0.00061740717980932058	     -0.00006491311413749784	      0.00078517348975626344	     -0.00385557723369357556	     -0.00209495241170938595	      0.00026689024953169271	     -0.00029923668960325778	      0.00056153276118819928	     -0.00335736112474546711	      0.00109209106620657137	      0.00014806509960418879	     -0.00316656274586865627
      0.71600000000000030287	      0.00455574048588161095	      0.00218961616496948785	      0.00295301537543968262	      0.00001423859352808060	     -0.00061658760055946504	     -0.00006612562056713261	      0.00081309279638741572	     -0.00385184245226638175	     -0.00208937441974971216	      0.00027549214160571545	     -0.00030758786314892539	      0.00059021185367141848	     -0.00335109948810551755	      0.00108498488218944367	      0.00015729153198923429	     -0.00313230590911461881
      0.71700000000000030376	      0.00451321869068172041	      0.00217515829740599909	      0.00296023164144532114	      0.00001683637396137500	     -0.00061573450382396144	     -0.00006736417223760643	      0.00084156403943369540	     -0.00384800058686167283	     -0.00208364352563526756	      0.00028427114157830724	     -0.00031666882962597814	      0.00061952899806233530	     -0.00334461814833706544	      0.00107783675355663244	      0.00016669569861815781	     -0.00309970211108215321
      0.71800000000000030465	      0.00447014102850068658	      0.00216072334791517218	      0.00296727684513753420	      0.00001948147127887184	     -0.00061485154291763405	     -0.00006862761509231902	      0.00087057014984270875	     -0.00384406859598113680	     -0.00207776956061314633	      0.00029322434735401526	     -0.00032645750915522714	      0.00064946444988939200	     -0.00333793405176717461	      0.00107065153851547412	      0.00017627236168243909	     -0.00306854105618739603
      0.71900000000000030553	      0.00442651039444584300	      0.00214631939936760219	      0.00297415731431505126	      0.00002217367772636841	     -0.00061394223508862839	     -0.00006991332149366980	      0.00090008353848070044	     -0.00384006268991759873	     -0.00207176440557843566	      0.00030235802877320861	     -0.00033669567002549833	      0.00067999098038712402	     -0.00333106340438027448	      0.00106343359480010058	      0.00018600310126226649	     -0.00303779838619941400
      0.72000000000000030642	      0.00438232964435102644	      0.00213195303488977750	      0.00298087845666972218	      0.00002491135654813376	     -0.00061300987097944598	     -0.00007122000333136674	      0.00093008303886921162	     -0.00383599729146056299	     -0.00206563737602553921	      0.00031166874009674883	     -0.00034736258964757766	      0.00071108593356372651	     -0.00332402053665790259	      0.00105618839583274116	      0.00019587892974098908	     -0.00300730152861225508
      0.72100000000000030731	      0.00433760146505159268	      0.00211762907005685896	      0.00298744474365619794	      0.00002769141281251664	     -0.00061205754319394734	     -0.00007254782231869844	      0.00096055484341917019	     -0.00383188511107408411	     -0.00205939503823887593	      0.00032114238752761759	     -0.00035868100425281296	      0.00074273112253206430	     -0.00331681830138771255	      0.00104892183434995845	      0.00020590320769381387	     -0.00297771061752399868
      0.72200000000000030820	      0.00429232888432903512	      0.00210335221279289719	      0.00299385947677177633	      0.00003051058987944832	     -0.00061108818986633368	     -0.00007389700550015921	      0.00099148415897465370	     -0.00382773787019352434	     -0.00205304337404041415	      0.00033076373666718339	     -0.00037086686081866382	      0.00077490674039548679	     -0.00330946905875603020	      0.00104163875721917376	      0.00021607972103876438	     -0.00294963805157197334
      0.72300000000000030909	      0.00424651578746880302	      0.00208912878029421378	      0.00300012432767093884	      0.00003336686910668935	     -0.00061010459227373720	     -0.00007526636815899379	      0.00102284557974219315	     -0.00382356694149413139	     -0.00204659035093378294	      0.00034052777720677829	     -0.00038389714122218088	      0.00080758561681734675	     -0.00330198442571454087	      0.00103434407420466279	      0.00022639992251188845	     -0.00292288027473647238
      0.72400000000000030997	      0.00420016678581438922	      0.00207496645479210429	      0.00300623928372656390	      0.00003625947523283601	     -0.00060910935848576542	     -0.00007665330794652536	      0.00105460320827943654	     -0.00381938346477362668	     -0.00204004593297496539	      0.00035044038075704442	     -0.00039751731296508441	      0.00084073423911024125	     -0.00329437515488458649	      0.00102704329472143308	      0.00023684104897930824	     -0.00289648144784099282
      0.72500000000000031086	      0.00415328651733670468	      0.00206087151394218626	      0.00301220376561761594	      0.00003918621213334916	     -0.00060810491507139880	     -0.00007805667894671131	      0.00108672950184729444	     -0.00381519750394985341	     -0.00203341702192023910	      0.00036049679550814728	     -0.00041170612917426630	      0.00087432473862666948	     -0.00328665131966834195	      0.00101974139510729866	      0.00024739125224404468	     -0.00287028609804843016
      0.72600000000000031175	      0.00410587952777824797	      0.00204684856706016660	      0.00301801671440016239	      0.00004214345740598952	     -0.00060709355376301066	     -0.00007947687485728577	      0.00111920626018302549	     -0.00381101789313873993	     -0.00202670778422751885	      0.00037068049247168666	     -0.00042667959650488640	      0.00090833465787606982	     -0.00327882252742274505	      0.00101244275393787275	      0.00025805250535632096	     -0.00284490945679624629
      0.72700000000000031264	      0.00405795079000349085	      0.00203290226135466323	      0.00302367611336418207	      0.00004512755057686779	     -0.00060607745249603717	     -0.00008091437776570898	      0.00115201530486375159	     -0.00380685257318966359	     -0.00201992269366817190	      0.00038097384333668494	     -0.00044264398990997295	      0.00094274072730574088	     -0.00327089803560250830	      0.00100515171445016149	      0.00026882737623212805	     -0.00282090589790881530
      0.72800000000000031353	      0.00400950621189586492	      0.00201903903733258172	      0.00302917835831439941	      0.00004813623991870714	     -0.00060505860153611118	     -0.00008236826686848497	      0.00118512804951664830	     -0.00380271013747156619	     -0.00201306776335787030	      0.00039137134371952653	     -0.00045957270355465735	      0.00097751349523605979	     -0.00326288678007742583	      0.00099787285680855153	      0.00027970547428191050	     -0.00279808516822957487
      0.72900000000000031442	      0.00396055250486649409	      0.00200526686386204300	      0.00303451832499013197	      0.00005116867687950111	     -0.00060403878287777074	     -0.00008383621613614750	      0.00121850572063608720	     -0.00379860020213654108	     -0.00200615010842511432	      0.00040188035082322493	     -0.00047721608266668852	      0.00101261835244220721	     -0.00325479753427986712	      0.00099061086786333963	      0.00029066196243848763	     -0.00277557844234183060
      0.73000000000000031530	      0.00391109649410792144	      0.00199159235796642076	      0.00303969083004174134	      0.00005422263966990692	     -0.00060301966762854597	     -0.00008531739078965206	      0.00125211968050720213	     -0.00379453139146009727	     -0.00199917452281900276	      0.00041249617169414332	     -0.00049555099991161616	      0.00104802674344534053	     -0.00324663914639825024	      0.00098336958447135803	      0.00030168452669843138	     -0.00275324566633255996
      0.73100000000000031619	      0.00386114498969595231	      0.00197802050285944553	      0.00304469078050606523	      0.00005729452916149874	     -0.00060200288613602299	     -0.00008681250349686087	      0.00128595221209476529	     -0.00379051095134482624	     -0.00199214412501109994	      0.00042320084698782567	     -0.00051478270160323913	      0.00108371581717534027	     -0.00323842044664894579	      0.00097615251590203733	      0.00031277595503270694	     -0.00273164218829935468
      0.73200000000000031708	      0.00381070529315489809	      0.00196455638779968744	      0.00304951248807061592	      0.00006038080746184615	     -0.00060099003731645118	     -0.00008832232192437089	      0.00131998620544693246	     -0.00378654542173917537	     -0.00198506295178604852	      0.00043397556695917716	     -0.00053510504684560478	      0.00111966246378192302	     -0.00323014998243995044	      0.00096896394517906326	      0.00032393972402161575	     -0.00271125662166840642
      0.73300000000000031797	      0.00375978567118609311	      0.00195120696406514416	      0.00305414892181965492	      0.00006347942652933092	     -0.00059998256215538365	     -0.00008984619823908246	      0.00135419417623189320	     -0.00378264325681027143	     -0.00197793565049757258	      0.00044481551401531760	     -0.00055648785887978808	      0.00115583862664445092	     -0.00322183663117689423	      0.00096180748602955890	      0.00033516565715108193	     -0.00269191510983901594
      0.73400000000000031886	      0.00370839520274126797	      0.00193798073324746856	      0.00305859185602108674	      0.00006658977758658424	     -0.00059898174443785007	     -0.00009138207519127084	      0.00138853849770753657	     -0.00377881521153257752	     -0.00197076683633598537	      0.00045573045441615889	     -0.00057868828490960367	      0.00119221229158644748	     -0.00321348978198612162	      0.00095468556942419902	      0.00034642864017914166	     -0.00267284411674986733
      0.73500000000000031974	      0.00365654309480920297	      0.00192488477312791062	      0.00306283351882452592	      0.00006970984932306440	     -0.00059798894341644288	     -0.00009292934953199911	      0.00142299257130124035	     -0.00377507033126904881	     -0.00196356031276641307	      0.00046671647786905579	     -0.00060168048297284255	      0.00122875746318495960	     -0.00320511853825457965	      0.00094760091631690413	      0.00035771675461271357	     -0.00265391958046412579
      0.73600000000000032063	      0.00360423853395848686	      0.00191192443629284448	      0.00306686677064882396	      0.00007283623563083402	     -0.00059700564140993673	     -0.00009448890650956554	      0.00145754128554304030	     -0.00377141546667792392	     -0.00195631969410998974	      0.00047775496460134015	     -0.00062565571069757991	      0.00126545361516550159	     -0.00319673151559002333	      0.00094055714470052398	      0.00036903358420686816	     -0.00263563548168951889
      0.73700000000000032152	      0.00355149116964666080	      0.00189910510110058439	      0.00307068428574819308	      0.00007596561325337592	     -0.00059603337749818824	     -0.00009606162601059204	      0.00149216993180367741	     -0.00376785687672281759	     -0.00194904958174671461	      0.00048882694789009751	     -0.00065079302314695331	      0.00130228008033747567	     -0.00318833695371478765	      0.00093355875231281027	      0.00038038317927224785	     -0.00261842042200596814
      0.73800000000000032241	      0.00349831155202772522	      0.00188643387557607678	      0.00307427776088431415	      0.00007909612199879373	     -0.00059507354056972939	     -0.00009764697239123682	      0.00152685313043965376	     -0.00376440362164794269	     -0.00194175418888192786	      0.00049992866774600797	     -0.00067705824283323390	      0.00133921201478107155	     -0.00317994384050276913	      0.00092660843164746320	      0.00039175513641753756	     -0.00260212434580833762
      0.73900000000000032330	      0.00344471095839867479	      0.00187391923773028157	      0.00307763811265049370	      0.00008222728759730430	     -0.00059412735034615471	     -0.00009924301951819842	      0.00156155513561917481	     -0.00376106776463309977	     -0.00193443673350837675	      0.00051107173671616213	     -0.00070421612478530071	      0.00137622112643473460	     -0.00317156203549671251	      0.00091970656603237999	      0.00040312367357853152	     -0.00258607209327847698
      0.74000000000000032419	      0.00339070072821598097	      0.00186156805676629400	      0.00308075717055511511	      0.00008535722273803753	     -0.00059319618240114003	     -0.00010084923084256736	      0.00159625120312417712	     -0.00375785852534202963	     -0.00192710089776722271	      0.00052225273064060440	     -0.00073223765367147475	      0.00141328407439034187	     -0.00316320040314595208	      0.00091285517595231236	      0.00041447687629625474	     -0.00257015558988016313
      0.74100000000000032507	      0.00333629210122211904	      0.00184938529829892229	      0.00308362786094573682	      0.00008848265642973085	     -0.00059228157516511698	     -0.00010246647349954063	      0.00163092773119277723	     -0.00375478186688060593	     -0.00191975114096742949	      0.00053345262393089676	     -0.00076129929336633123	      0.00145038189644711157	     -0.00315486661682200242	      0.00090605825615583391	      0.00042581868780522392	     -0.00255481455076769781
      0.74200000000000032596	      0.00328149665898617732	      0.00183737575184583779	      0.00308624333849338850	      0.00009160041097570903	     -0.00059138507549527652	     -0.00010409556192920999	      0.00166557078379470092	     -0.00375184317510631783	     -0.00191239232515959257	      0.00054465272479886639	     -0.00079156620034500497	      0.00148749493320571302	     -0.00314656796605956857	      0.00089932002441588110	      0.00043715353098783272	     -0.00254043188772679063
      0.74300000000000032685	      0.00322632672004109864	      0.00182554562832504264	      0.00308859621458601463	      0.00009470869285598676	     -0.00059050798633214496	     -0.00010573594438031270	      0.00170015542860135760	     -0.00374905078695201427	     -0.00190502820385966831	      0.00055584962900273593	     -0.00082300143689309491	      0.00152459931532572535	     -0.00313831255745740390	      0.00089264221564952506	      0.00044847097073463793	     -0.00252688000903976417
      0.74400000000000032774	      0.00317079516280665066	      0.00181390218359478439	      0.00309067877800883739	      0.00009780700080891380	     -0.00058965134280875020	     -0.00010738574350090124	      0.00173464619041197032	     -0.00374641587435204163	     -0.00189766104474652086	      0.00056705484066366107	     -0.00085537740344768937	      0.00156166758807144146	     -0.00313010914102259535	      0.00088602407798345217	      0.00045974494492662110	     -0.00251356973533881090
      0.74500000000000032863	      0.00311491479973123597	      0.00180245087883623700	      0.00309248461072342273	      0.00010089347475588512	     -0.00058881629256532508	     -0.00010904440195852461	      0.00176901795917111526	     -0.00374394577286261618	     -0.00189029395377189602	      0.00057826442383202004	     -0.00088866139823982893	      0.00159867574747912800	     -0.00312196487399567235	      0.00087946706868737012	      0.00047096410436198166	     -0.00250040799831503791
      0.74600000000000032951	      0.00305869820190494621	      0.00179119512360270683	      0.00309400875044596457	      0.00010396494630370706	     -0.00058800405929963773	     -0.00011071269050710875	      0.00180325598933767095	     -0.00374164380797657042	     -0.00188293088089522276	      0.00058945900345258595	     -0.00092301627528771496	      0.00163560276367066826	     -0.00311388542744833741	      0.00087297455722715189	      0.00048213364773952438	     -0.00248778541140762255
      0.74700000000000033040	      0.00300215809952745962	      0.00178013791826170387	      0.00309524684853879073	      0.00010701834965783780	     -0.00058721573617189632	     -0.00011239131255071783	      0.00183734453365458350	     -0.00373951259884113159	     -0.00187557540661616173	      0.00060062025881885139	     -0.00095859757040850369	      0.00167242643604947894	     -0.00310587604866099931	      0.00086654922408368334	      0.00049325925719723163	     -0.00247605259614465389
      0.74800000000000033129	      0.00294530775225532518	      0.00176928329183378974	      0.00309619446470454918	      0.00011005188803926008	     -0.00058645207960832807	     -0.00011407969484825142	      0.00187125698728096701	     -0.00373755699720762502	     -0.00186822981761745888	      0.00061174409594760837	     -0.00099536550289969217	      0.00170912040175669189	     -0.00309794203700662629	      0.00086019174519726821	      0.00050433131169425049	     -0.00246510189496154664
      0.74900000000000033218	      0.00288816077800967998	      0.00175863593541103480	      0.00309684726660219845	      0.00011306492945024893	     -0.00058571351343181255	     -0.00011577603925030239	      0.00190495661580153408	     -0.00373578368137553359	     -0.00186089507392266096	      0.00062283972550747357	     -0.00103309280101654410	      0.00174565478795671303	     -0.00309008836232337047	      0.00085390119018338706	      0.00051532425594158493	     -0.00245439986354760442
      0.75000000000000033307	      0.00283073058595325038	      0.00174819862020514361	      0.00309720246250977382	      0.00011605555094190007	     -0.00058500051939752024	     -0.00011747978171124107	      0.00193841649924886283	     -0.00373419489677451200	     -0.00185357277915446095	      0.00063390173854627196	     -0.00107173841395868247	      0.00178200271139508648	     -0.00308231798090944503	      0.00084767837703258325	      0.00052622746977704082	     -0.00244385666186559825
      0.75100000000000033396	      0.00277303021711007829	      0.00173797199687675263	      0.00309725891833101397	      0.00011902059185765063	     -0.00058431359093406160	     -0.00011919158832812693	      0.00197161955814956213	     -0.00373278849595855972	     -0.00184626509876249789	      0.00064491061002475147	     -0.00111145276619216415	      0.00181814026092588787	     -0.00307463205840015352	      0.00084152533663809509	      0.00053704666184406502	     -0.00243382863127669657
      0.75200000000000033484	      0.00271507269704946916	      0.00172795611467202459	      0.00309701641059501043	      0.00012195697347516105	     -0.00058365299362255624	     -0.00012091205258239757	      0.00200454774753094922	     -0.00373156127950002858	     -0.00183897356064509354	      0.00065584842906757368	     -0.00115238614640672532	      0.00185404303134126258	     -0.00306703093220214024	      0.00083544302668105141	      0.00054778736441407627	     -0.00242465432179049534
      0.75300000000000033573	      0.00265687138360303030	      0.00171815170977129839	      0.00309647503912202637	      0.00012486278308220661	     -0.00058301862921820991	     -0.00012264060523704823	      0.00203717313000190137	     -0.00373051112176685067	     -0.00183169864123920723	      0.00066670969002052827	     -0.00119449042563191804	      0.00188968299713093701	     -0.00305951381241126308	      0.00082943153768124528	      0.00055843956501544501	     -0.00241623510759193805
      0.75400000000000033662	      0.00259843982492711373	      0.00170855990865326213	      0.00309563538739143773	      0.00012773719736384331	     -0.00058241005899238585	     -0.00012437557040809177	      0.00206945879061515292	     -0.00372963652514438776	     -0.00182443980478397272	      0.00067750009593781080	     -0.00123752094270329627	      0.00192502905773567212	     -0.00305207840577249173	      0.00082349064026098623	      0.00056897742561667908	     -0.00240805294521072993
      0.75500000000000033751	      0.00253979125368601101	      0.00169917999134960862	      0.00309449970680253372	      0.00013057824032711857	     -0.00058182679189108105	     -0.00012611641294393156	      0.00210137742425348106	     -0.00372893181238550565	     -0.00181719662783402791	      0.00068821274954106171	     -0.00128141969453817589	      0.00196005358988521339	     -0.00304472073306898128	      0.00081762052849346234	      0.00057939009780483275	     -0.00240001017005038453
      0.75600000000000033840	      0.00248093845686343448	      0.00169000926663198658	      0.00309307197073638296	      0.00013338284183019022	     -0.00058126822457019167	     -0.00012786372600749607	      0.00213291143476845857	     -0.00372838739490726108	     -0.00180996879160717772	      0.00069882895920864163	     -0.00132632750386574294	      0.00199473272336136986	     -0.00303743551706670001	      0.00081182135905553260	      0.00058968283863247706	     -0.00239244477832538383
      0.75700000000000033928	      0.00242189408987841283	      0.00168104444168226674	      0.00309135726156295476	      0.00013614806279265562	     -0.00058073342146201801	     -0.00012961802920923027	      0.00216404296241001770	     -0.00372799259129475563	     -0.00180275534789794967	      0.00070933211358814585	     -0.00137239416399239506	      0.00202904317036099735	     -0.00303021654535391011	      0.00080609231868880582	      0.00059986038872250624	     -0.00238569664496879330
      0.75800000000000034017	      0.00236267099957865583	      0.00167228277783970647	      0.00308936132284254317	      0.00013887213994991099	     -0.00058022106524026340	     -0.00013137878912503759	      0.00219474581589512718	     -0.00372773698810860248	     -0.00179555439056272581	      0.00071971612929611073	     -0.00141955526397638532	      0.00206295855757369917	     -0.00302305580841857879	      0.00080043249498152474	      0.00060991271502053301	     -0.00237966082113723332
      0.75900000000000034106	      0.00230328211828690656	      0.00166372187879548772	      0.00308709064638001962	      0.00014155444224561026	     -0.00057972949381098274	     -0.00013314446445756439	      0.00222498641782686857	     -0.00372761014635770299	     -0.00178836301830362365	      0.00072998424926051797	     -0.00146752754379539038	      0.00209644981439897904	     -0.00301594333643532414	      0.00079484117872354043	      0.00061981506504205086	     -0.00237379282376348061
      0.76000000000000034195	      0.00224374001930256577	      0.00165535777735015266	      0.00308455334881119203	      0.00014419337267759097	     -0.00057925683042198833	     -0.00013491451532091081	      0.00225474085243210220	     -0.00372759850535164805	     -0.00178117808857136684	      0.00074012984578525343	     -0.00151622848705604274	      0.00212949247309386636	     -0.00300886851410390316	      0.00078931672941411068	      0.00062955746198933848	     -0.00236797573368615483
      0.76100000000000034284	      0.00218405682314754337	      0.00164718486710535572	      0.00308175913653130351	      0.00014678641529815295	     -0.00057880092698820232	     -0.00013668937560308569	      0.00228399498378034638	     -0.00372768577574184717	     -0.00177399639888121963	      0.00075013725505584938	     -0.00156579553700268714	      0.00216206704722161913	     -0.00300182051983731782	      0.00078385647141444165	      0.00063914553441235533	     -0.00236254210406751375
      0.76200000000000034373	      0.00212424448244432750	      0.00163919711658366829	      0.00307871883427823789	      0.00014933128315731958	     -0.00057835922402417125	     -0.00013846936377701069	      0.00231273539661924765	     -0.00372785494407597111	     -0.00176681432249412018	      0.00075999321498476657	     -0.00161638357487957698	      0.00219415564850868050	     -0.00299478790720002913	      0.00077845711151691699	      0.00064858433390269088	     -0.00235783386986995053
      0.76300000000000034461	      0.00206431507997330635	      0.00163138911459026481	      0.00307544407280202492	      0.00015182694505333494	     -0.00057792881382048508	     -0.00014025382608190418	      0.00234094202738088786	     -0.00372808902156696563	     -0.00175962713497976320	      0.00076969341136196023	     -0.00166790571501487100	      0.00222573773610533487	     -0.00298775742517952414	      0.00077311523761183776	      0.00065786568165726589	     -0.00235372588395597188
      0.76400000000000034550	      0.00200428076928497317	      0.00162375592029251337	      0.00307194726816906183	      0.00015427357633066713	     -0.00057750653941714136	     -0.00014204119808583493	      0.00236858899853231719	     -0.00372837085072809729	     -0.00175242891721955063	      0.00077924133429269071	     -0.00172002381617649552	      0.00225679041498423605	     -0.00298071394628667691	      0.00076782737759279601	      0.00066696841112867666	     -0.00234962765030773124
      0.76500000000000034639	      0.00194415340839474045	      0.00161629137427743430	      0.00306824215295131708	      0.00015667047806940809	     -0.00057708903580540663	     -0.00014383081802001041	      0.00239566019801279451	     -0.00372868123254957093	     -0.00174521379299850954	      0.00078863291523467716	     -0.00177262861056248430	      0.00228729679082120829	     -0.00297364244900382574	      0.00076258900000053531	      0.00067588527611162075	     -0.00234540228563714578
      0.76600000000000034728	      0.00188394451567862678	      0.00160898804652409577	      0.00306434363214336258	      0.00015901607464326867	     -0.00057667275212454697	     -0.00014562292818903755	      0.00242214936094470312	     -0.00372899919322252933	     -0.00173797634657109346	      0.00079785703070511804	     -0.00182586359497802220	      0.00231724623295691268	     -0.00296652825098765033	      0.00075739488211079564	      0.00068462350229270275	     -0.00234138368186400520
      0.76700000000000034817	      0.00182366553239286106	      0.00160183831021998291	      0.00306026744071918877	      0.00016130901093850541	     -0.00057625393851187465	     -0.00014741772736388131	      0.00244805184944280052	     -0.00372930315138687678	     -0.00173071124499758755	      0.00080690452725196149	     -0.00187989462954406619	      0.00234663040998028816	     -0.00295935595192345358	      0.00075224000090857307	      0.00069318965407494382	     -0.00233790439599477692
      0.76800000000000034905	      0.00176332806804709551	      0.00159483530342197088	      0.00305602995910247976	      0.00016354919671877910	     -0.00057582873003671903	     -0.00014921458933753878	      0.00247335771124224113	     -0.00372957144863059458	     -0.00172341187854392619	      0.00081577368077467849	     -0.00193461179144141862	      0.00237543873399650995	     -0.00295210833432317868	      0.00074711900863888570	      0.00070157879761412190	     -0.00233481803970970406
      0.76900000000000034994	      0.00170294385759765972	      0.00158797281395450796	      0.00305164809310709551	      0.00016573775945178532	     -0.00057539321919252914	     -0.00015101210143324273	      0.00249805218273607688	     -0.00372978237672226369	     -0.00171607016700291160	      0.00082446933479474183	     -0.00198961864193135732	      0.00240365851033370881	     -0.00294476653170383518	      0.00074202602604836465	      0.00070977484095147148	     -0.00233150963333536316
      0.77000000000000035083	      0.00164252445984099799	      0.00158124371661760854	      0.00304713949536172812	      0.00016787493757405153	     -0.00057494339541837997	     -0.00015280969266712879	      0.00252212991743222537	     -0.00372991302153016183	     -0.00170867884900798017	      0.00083299026695143885	     -0.00204478489501466396	      0.00243128377151478892	     -0.00293731221940701434	      0.00073695498957878497	      0.00071777411213036491	     -0.00232783758224386957
      0.77100000000000035172	      0.00158208123595853303	      0.00157463991846129581	      0.00304252234200896865	      0.00016996006082545950	     -0.00057447517824833413	     -0.00015460764159507673	      0.00254559485514288530	     -0.00372993950614592534	     -0.00170123187383948438	      0.00084132945868736764	     -0.00210027017856975404	      0.00245831506757951401	     -0.00292972785163816279	      0.00073190007103487997	      0.00072558573886560840	     -0.00232413399734301323
      0.77200000000000035261	      0.00152162556730159673	      0.00156815332918402994	      0.00303781510995948523	      0.00017199265796204871	     -0.00057398445183649144	     -0.00015640623859033281	      0.00256845257389393122	     -0.00372983772924640432	     -0.00169372342622912953	      0.00084948142551954930	     -0.00215625460810710441	      0.00248475480849891239	     -0.00292199548520273231	      0.00072685594388631480	      0.00073321808382953435	     -0.00232070191955954623
      0.77300000000000035350	      0.00146116902919294148	      0.00156177674106106057	      0.00303303649683472898	      0.00017397350534670980	     -0.00057346709366106266	     -0.00015820504778078087	      0.00259070364681251997	     -0.00372958384638768375	     -0.00168614609929279569	      0.00085744711689705877	     -0.00221261066628490079	      0.00251060308384348785	     -0.00291409588290353350	      0.00072181645043226800	      0.00074066957618801332	     -0.00231738854084941395
      0.77400000000000035438	      0.00140072335350017486	      0.00155550371308066371	      0.00302820523234426098	      0.00017590456295158569	     -0.00057291900565871121	     -0.00016000293628494477	      0.00261234380721009352	     -0.00372915440964828159	     -0.00167849074596773673	      0.00086523327573317932	     -0.00226889608144133746	      0.00253585777557159553	     -0.00290600880363877864	      0.00071677440644898893	      0.00074792905617426797	     -0.00231361428917574094
      0.77500000000000035527	      0.00134030020188917291	      0.00154932707689348081	      0.00302334007786142500	      0.00017778684696599656	     -0.00057233604060746152	     -0.00016179960403396587	      0.00263337708147265426	     -0.00372852546067103073	     -0.00167074966365726718	      0.00087284144837318500	     -0.00232497088153661106	      0.00256052282934454700	     -0.00289771501002238779	      0.00071172347027460142	      0.00075499588089111835	     -0.00230925853744515935
      0.77600000000000035616	      0.00127991115712521204	      0.00154323887134955040	      0.00301845957530044728	      0.00017962040893810399	     -0.00057171403732467901	     -0.00016359561839805747	      0.00265381543714249268	     -0.00372767277933136812	     -0.00166291674832470815	      0.00088026812391389653	     -0.00238101637761905724	      0.00258460752712838526	     -0.00288919654553173796	      0.00070665832755465591	      0.00076188016021161431	     -0.00230463654481118801
      0.77700000000000035705	      0.00121956788558746400	      0.00153723123033899789	      0.00301358192211131914	      0.00018140546284316217	     -0.00057104885146865708	     -0.00016539166888726586	      0.00267367153269526536	     -0.00372657247930528301	     -0.00165498577825128057	      0.00088751104939815972	     -0.00243722632475452863	      0.00260812159450657388	     -0.00288043570132936674	      0.00070157392925059014	      0.00076859095291059720	     -0.00230000019272581790
      0.77800000000000035794	      0.00115928223841167168	      0.00153129715861377580	      0.00300872495989756850	      0.00018314338773454258	     -0.00057033630249636591	     -0.00016718782731408449	      0.00269295239279487841	     -0.00372520135633740493	     -0.00164694873525338126	      0.00089457365593970106	     -0.00249346527836785464	      0.00263107214189647887	     -0.00287141416280565359	      0.00069646423529580448	      0.00077512849820005059	     -0.00229521551310514840
      0.77900000000000035882	      0.00109906622158533265	      0.00152543039041297401	      0.00300390597132382808	      0.00018483662947308549	     -0.00056957220278887680	     -0.00016898351245610288	      0.00271165940061995903	     -0.00372353693317841253	     -0.00163879595261642863	      0.00090146442737876198	     -0.00254926856919850077	      0.00265346386865954881	     -0.00286211318060953027	      0.00069132228419049868	      0.00078148465133476286	     -0.00228981275622335001
      0.78000000000000035971	      0.00103893186011537811	      0.00151962397261140580	      0.00299914159047243167	      0.00018648661713985271	     -0.00056875240082101403	     -0.00017077892539453521	      0.00272980063052508104	     -0.00372155659911542177	     -0.00163051950510843813	      0.00090818696470662541	     -0.00260449872054805635	      0.00267530561149315754	     -0.00285251524700678993	      0.00068614250448915254	      0.00078765995265595024	     -0.00228371603676692791
      0.78100000000000036060	      0.00097889120255077559	      0.00151387018937521045	      0.00299444758875200279	      0.00018809374161427028	     -0.00056787285636391779	     -0.00017257502954012849	      0.00274739042926813726	     -0.00371923778062118468	     -0.00162211322611159614	      0.00091474001173957875	     -0.00265935760606596976	      0.00269660931018583100	     -0.00284260426340073383	      0.00068092057442153270	      0.00079366380822276650	     -0.00227719979703866482
      0.78200000000000036149	      0.00091895642936023342	      0.00150816135523490491	      0.00298983881965808607	      0.00018965845501129480	     -0.00056692966620896720	     -0.00017437276914526040	      0.00276444254340069140	     -0.00371655837126183119	     -0.00161357079533011594	      0.00092112302028746207	     -0.00271404944771082767	      0.00271738566374213342	     -0.00283236452255344710	      0.00067565207698933732	      0.00079950449394816658	     -0.00227044892892947631
      0.78300000000000036238	      0.00085913989646116407	      0.00150249045545747251	      0.00298532923456806820	      0.00019118217144122041	     -0.00056591895537070128	     -0.00017617225683971144	      0.00278096419938700379	     -0.00371349675207845132	     -0.00160488482097634333	      0.00092733988523935329	     -0.00276844208799503170	      0.00273764260047026919	     -0.00282177967119804154	      0.00067033213480525988	      0.00080518264111606452	     -0.00226337082551264501
      0.78400000000000036326	      0.00079945411266865544	      0.00149685099509122566	      0.00298093172286040264	      0.00019266715482204461	     -0.00056483688865022544	     -0.00017797274032307908	      0.00279695609333335815	     -0.00371003178547052708	     -0.00159604719068780210	      0.00093339833054456589	     -0.00282207438055225197	      0.00275738564019924887	     -0.00281083283426561241	      0.00066495573982774253	      0.00081069175638281976	     -0.00225565903715067156
      0.78500000000000036415	      0.00073991168628484254	      0.00149123574527731950	      0.00297665807157176943	      0.00019411460191930130	     -0.00056367981809406220	     -0.00017977410841472224	      0.00281242409832904716	     -0.00370614234521318784	     -0.00158705152456541099	      0.00093930127602542823	     -0.00287482112756939131	      0.00277662199861038184	     -0.00279950836606020562	      0.00065951900764924659	      0.00081603255238016370	     -0.00224729115145896885
      0.78600000000000036504	      0.00068052533399972498	      0.00148563669180057367	      0.00297251883958882246	      0.00019552464533004882	     -0.00056244434001564633	     -0.00018157690761883005	      0.00282737890197642949	     -0.00370180758338113647	     -0.00157789290367285617	      0.00094504700149194987	     -0.00292689880669457381	      0.00279535960735859124	     -0.00278779203760563289	      0.00065401887063263470	      0.00082121292563486215	     -0.00223847640196406239
      0.78700000000000036593	      0.00062130793419106108	      0.00148004572430127102	      0.00296852333751251862	      0.00019689738827520509	     -0.00056112724190006055	     -0.00018338157336818262	      0.00284182948581018779	     -0.00369700727962658446	     -0.00156856613445324755	      0.00095063415270174589	     -0.00297851713813735569	      0.00281360404689121740	     -0.00277567006807704925	      0.00064845205729588060	      0.00082623950645521749	     -0.00222932862099063656
      0.78800000000000036682	      0.00056227252420532232	      0.00147445513317245869	      0.00296467963301405568	      0.00019823369037103716	     -0.00055972531738381071	     -0.00018518761905197273	      0.00285577762731015206	     -0.00369172154294604817	     -0.00155906584314632890	      0.00095606466225306441	     -0.00302955391524615918	      0.00283135840808179315	     -0.00276312813759560429	      0.00064281558098690586	      0.00083111221025777837	     -0.00221980633235463465
      0.78900000000000036771	      0.00050343228625203927	      0.00146885747919367482	      0.00296099447111775049	      0.00019953506392732939	     -0.00055823536100237103	     -0.00018699363818588249	      0.00286921804224921084	     -0.00368593080778308350	     -0.00154938695096215606	      0.00096134317625057308	     -0.00307956774801815616	      0.00284862378241700423	     -0.00275015157042185227	      0.00063710707241716388	      0.00083582484947486435	     -0.00220977598251508034
      0.79000000000000036859	      0.00044480056263962106	      0.00146324458799207413	      0.00295747337629048701	      0.00020080199969587514	     -0.00055665441724577283	     -0.00018879890270080690	      0.00288214960014671062	     -0.00367961602027184510	     -0.00153952537891190178	      0.00096647011824912976	     -0.00312844668139964678	      0.00286540098946084371	     -0.00273672716081248962	      0.00063132446510573079	      0.00084037704052641882	     -0.00219926013098346862
      0.79100000000000036948	      0.00038639086664472334	      0.00145760754305146456	      0.00295412062926336816	      0.00020203398973605430	     -0.00055497981659198906	     -0.00019060340683905996	      0.00289457515717161940	     -0.00367275899201689737	     -0.00152947756737076279	      0.00097144200781790202	     -0.00317641045859584636	      0.00288168998074191107	     -0.00272284330507909563	      0.00062546582188945446	      0.00084477398431304085	     -0.00218839053277788964
      0.79200000000000037037	      0.00032821689254354178	      0.00145193724578718264	      0.00295093924484635117	      0.00020323044816881325	     -0.00055320904528765799	     -0.00019240708650328231	      0.00290649543815968414	     -0.00366534253897023588	     -0.00151923944164611413	      0.00097625571040627079	     -0.00322366706454476487	      0.00289748835838958205	     -0.00270848901653796296	      0.00061952922660859361	      0.00084901942413539988	     -0.00217722011257487358
      0.79300000000000037126	      0.00027029248007975903	      0.00144622477261668880	      0.00294793094119971677	      0.00020439139004006096	     -0.00055133950617441627	     -0.00019420903182401639	      0.00291790392638469065	     -0.00365734987653298753	     -0.00150880765697508634	      0.00098091047999948611	     -0.00327010238639283135	      0.00291279203783271178	     -0.00269365327003501069	      0.00061351337154133545	      0.00085311121617304142	     -0.00216575289727324871
      0.79400000000000037215	      0.00021263160748026533	      0.00144046129372088494	      0.00294509614376581297	      0.00020551735508960584	     -0.00054936851170908629	     -0.00019600751886768991	      0.00292878721941952636	     -0.00364876463262313148	     -0.00149818012985283855	      0.00098540746816527802	     -0.00331529466315353197	      0.00292759574261547070	     -0.00267832527567022499	      0.00060741763583922054	      0.00085704203538783386	     -0.00215399303993642210
      0.79500000000000037303	      0.00015524846330106437	      0.00143463735696003347	      0.00294243425104778744	      0.00020660799036999189	     -0.00054729364566998007	     -0.00019780161861810558	      0.00293913583385740917	     -0.00363957168260730084	     -0.00148735462745583358	      0.00098974464475837243	     -0.00335913693865500310	      0.00294189306808367683	     -0.00266249591306763275	      0.00060124108123892246	      0.00086080919119835286	     -0.00214198797178039024
      0.79600000000000037392	      0.00009815746551235585	      0.00142874292758976562	      0.00293994369211825202	      0.00020766208810615167	     -0.00054511282093162167	     -0.00019959119611589332	      0.00294894430998349222	     -0.00362975739075089990	     -0.00147632834236743893	      0.00099391709864404820	     -0.00340184034689456141	      0.00295567631748267466	     -0.00264615764236144886	      0.00059498265155428359	      0.00086441441288964693	     -0.00212979742408192507
      0.79700000000000037481	      0.00004137325158231828	      0.00142276780063588237	      0.00293762187687796050	      0.00020867838209912004	     -0.00054282413003848423	     -0.00020137605864113672	      0.00295820554664011359	     -0.00361930929957182115	     -0.00146509808633790706	      0.00099792023475525626	     -0.00344360592022737583	      0.00296893627167951106	     -0.00262930351879001739	      0.00058864182409864782	      0.00086785824998858452	     -0.00211743293580886338
      0.79800000000000037570	     -0.00001508936842832195	      0.00141670184088904527	      0.00293546512429210260	      0.00020965617032890627	     -0.00054042561492798069	     -0.00020315515413127372	      0.00296690596146859109	     -0.00360821526136435086	     -0.00145366252893953940	      0.00100175111767508707	     -0.00348432096786642845	      0.00298166280681803246	     -0.00261192699431500065	      0.00058221845001257128	      0.00087113678439798559	     -0.00210492500275830108
      0.79900000000000037659	     -0.00007121541433274467	      0.00141053496433185543	      0.00293346872383293267	      0.00021059527970915259	     -0.00053791528247296855	     -0.00020492659361116133	      0.00297502600241916770	     -0.00359646343119686754	     -0.00144202268944491896	      0.00100540811258653662	     -0.00352357149771775208	      0.00299384522280105210	     -0.00259402218954972235	      0.00057571251889023539	      0.00087424243467426610	     -0.00209234991498057077
      0.80000000000000037748	     -0.00012698964046096994	      0.00140425668689303507	      0.00293162731436380497	      0.00021149482932929231	     -0.00053529152277557307	     -0.00020668924301427832	      0.00298255058188362510	     -0.00358404357805674643	     -0.00143017855905908098	      0.00100888738340038087	     -0.00356124678349994950	      0.00300547182275112852	     -0.00257558451155232883	      0.00056912393107146596	      0.00087717170090306773	     -0.00207975361479460774
      0.80100000000000037836	     -0.00018239653144695028	      0.00139785620297694368	      0.00292993497151217142	      0.00021235325734187543	     -0.00053255314247839525	     -0.00020844272958497889	      0.00298946935178484585	     -0.00357094724293317498	     -0.00141812874245168807	      0.00101218313331735699	     -0.00359754591749342212	      0.00301653019400783921	     -0.00255661047932655410	      0.00056245297294700135	      0.00087992483369792041	     -0.00206714022006769527
      0.80200000000000037925	     -0.00023742033981956692	      0.00139132266180186370	      0.00292838511722126604	      0.00021316900447180404	     -0.00052969916627554695	     -0.00021018660169462577	      0.00299577138210344041	     -0.00355716712874595267	     -0.00140587180040770143	      0.00101528987067378562	     -0.00363266309327339720	      0.00302700768629412566	     -0.00253709711510736579	      0.00055570087513576085	      0.00088250137185463817	     -0.00205449798128215511
      0.80300000000000038014	     -0.00029204515363840527	      0.00138464532696380704	      0.00292697041808831493	      0.00021394111302687480	     -0.00052672858364507733	     -0.00021191959047469483	      0.00300144042379563158	     -0.00354269628553538236	     -0.00139340896221512578	      0.00101820351420511823	     -0.00366648050697938530	      0.00303689154241654213	     -0.00251704237728483070	      0.00054886835371669666	      0.00088489774139344224	     -0.00204186087810941108
      0.80400000000000038103	     -0.00034625491409089049	      0.00137781361452882223	      0.00292568286323224847	      0.00021466921744719980	     -0.00052364035098196801	     -0.00021363965881236735	      0.00300645542342287131	     -0.00352752815974460019	     -0.00138074439547378192	      0.00102092124471925283	     -0.00369857715383247257	      0.00304616904651515072	     -0.00249644542866563936	      0.00054195516315466100	      0.00088710789721091476	     -0.00202931307424357443
      0.80500000000000038192	     -0.00040003331835664416	      0.00137081682849748976	      0.00292451416669270436	      0.00021535238935817963	     -0.00052043383528843287	     -0.00021534552898899023	      0.00301080058444441745	     -0.00351165799054318833	     -0.00136788045770276645	      0.00102343889376188546	     -0.00372883201414014182	      0.00305482748082359576	     -0.00247530615754748551	      0.00053496191095518154	      0.00088912897156201431	     -0.00201687513249199091
      0.80600000000000038280	     -0.00045336384544805708	      0.00136364425643409337	      0.00292345583766784323	      0.00021598913479923404	     -0.00051710880560443262	     -0.00021703666903608032	      0.00301446568330426823	     -0.00349508284332992157	     -0.00135481750703696224	      0.00102575109624220007	     -0.00375743396621025516	      0.00306285491831411946	     -0.00245362502195278255	      0.00052789028990308780	      0.00089096112326358945	     -0.00200452517105904893
      0.80700000000000038369	     -0.00050622982099256253	      0.00135628532809872748	      0.00292249907694364097	      0.00021657799876153433	     -0.00051366518282392262	     -0.00021871246499138158	      0.00301744096721062727	     -0.00347780087608458820	     -0.00134155617256170867	      0.00102785296377355673	     -0.00378457195436363719	      0.00307024100975866396	     -0.00243140307472190266	      0.00052074237850335847	      0.00089260439211091835	     -0.00199227902255966205
      0.80800000000000038458	     -0.00055861446348045782	      0.00134872974088984243	      0.00292163465286310320	      0.00021711824241136407	     -0.00051010287233279467	     -0.00022037166582336565	      0.00301971234820808121	     -0.00345981065995778873	     -0.00132809988389455402	      0.00102974112615900060	     -0.00381011770894143509	      0.00307697455970264849	     -0.00240864259131701001	      0.00051351988011665191	      0.00089405528235064757	     -0.00198010954612287682
      0.80900000000000038547	     -0.00061050095988494577	      0.00134096755364887521	      0.00292085291959010007	      0.00021760981087164122	     -0.00050642170092478345	     -0.00022201238679952356	      0.00302126192125340420	     -0.00344111123555716422	     -0.00131445495894288999	      0.00103141381777549501	     -0.00383363216483587760	      0.00308304455117144188	     -0.00238534724479997143	      0.00050622292840516499	      0.00089530794375214384	     -0.00196799362217325857
      0.81000000000000038636	     -0.00066187248240851676	      0.00133298889822341948	      0.00292014430668174896	      0.00021805187598924330	     -0.00050262153448912134	     -0.00022363304055419975	      0.00302207797791415045	     -0.00342170350626117264	     -0.00130062603804415033	      0.00103286890118614583	     -0.00385498351709852305	      0.00308844817954603140	     -0.00236152144402298168	      0.00049884761908069487	      0.00089636510801827107	     -0.00195626469392627678
      0.81100000000000038725	     -0.00071271189207941510	      0.00132478411384173711	      0.00291949937099778012	      0.00021844339086276449	     -0.00049870295279115864	     -0.00022523322867696455	      0.00302215415978707158	     -0.00340158979914827707	     -0.00128661485331751924	      0.00103410288708710718	     -0.00387435468826600321	      0.00309317667520823264	     -0.00233716918277085926	      0.00049139834711732760	      0.00089722453168894489	     -0.00194477112545721198
      0.81200000000000038813	     -0.00076300174931278469	      0.00131634436809313637	      0.00291890797404370517	      0.00021878445421051607	     -0.00049466765556012426	     -0.00022681416996379877	      0.00302148404723479036	     -0.00338077221752100445	     -0.00127242139117833553	      0.00103511148360591054	     -0.00389192422196729670	      0.00309719915992449912	     -0.00231229268938186114	      0.00048390022356085624	      0.00089785942391584772	     -0.00193192268614500451
      0.81300000000000038902	     -0.00081272603741342278	      0.00130766070106680399	      0.00291836018815883058	      0.00021907305733294413	     -0.00049051407801487673	     -0.00022837192573593040	      0.00302006247454084109	     -0.00335925501783144662	     -0.00125805430818337616	      0.00103589642258744563	     -0.00390756646315258693	      0.00310055525142246408	     -0.00228690073715265285	      0.00047631780361018401	      0.00089830853511263520	     -0.00192027556027782320
      0.81400000000000038991	     -0.00086186844585799810	      0.00129872195337421559	      0.00291784979377984754	      0.00021930514670702450	     -0.00048623860645524708	     -0.00022989766698385677	      0.00301788116595202993	     -0.00333704695485743420	     -0.00124353030899251871	      0.00103646327510431568	     -0.00392085409218652370	      0.00310333719505068162	     -0.00226101135295027345	      0.00046856551534320973	      0.00089866873972221928	     -0.00191580256549056527
      0.81500000000000039080	     -0.00091040664943272190	      0.00128951506252183989	      0.00291737566421867989	      0.00021948316212822699	     -0.00048184707290587631	     -0.00023139438517264660	      0.00301491844403029008	     -0.00331415778819803275	     -0.00122884935301653675	      0.00103680369090303204	     -0.00393162403004748695	      0.00310544400022300798	     -0.00223463670939614764	      0.00046071408166700571	      0.00089884983751942205	     -0.00191344160711837130
      0.81600000000000039169	     -0.00095831696583799711	      0.00128002734825594100	      0.00291693708223594861	      0.00021961163364811465	     -0.00047734834703580878	     -0.00023286959865613521	      0.00301115410470181866	     -0.00329059651038746299	     -0.00121400425512192822	      0.00103690508288684091	     -0.00394002130886094565	      0.00310671465858917278	     -0.00220778424893581723	      0.00045289018037885341	      0.00089869441445800113	     -0.00190444233743933267
      0.81700000000000039257	     -0.00100558223111144387	      0.00127024854065671544	      0.00291652815378062868	      0.00021968763143298542	     -0.00047274160078391442	     -0.00023431843626092741	      0.00300659122960905689	     -0.00326637127264353851	     -0.00119900365970257439	      0.00103676971863964074	     -0.00394624690107900356	      0.00310720339347776708	     -0.00218046445750633491	      0.00044505676283435047	      0.00089826181977370467	     -0.00189210533789591073
      0.81800000000000039346	     -0.00105218812026998398	      0.00126017191420202401	      0.00291613793096345830	      0.00021970862490319765	     -0.00046802397264551071	     -0.00023573485640964592	      0.00300123744547120541	     -0.00324148688021257819	     -0.00118385842635913840	      0.00103640463970228192	     -0.00395017955816332617	      0.00310699523132791644	     -0.00215268427008302038	      0.00043715414037129655	      0.00089764244403689464	     -0.00188110985750900017
      0.81900000000000039435	     -0.00109811906262133677	      0.00124979266994784677	      0.00291575449621994665	      0.00021967684179263758	     -0.00046319634758441516	     -0.00023711878699723271	      0.00299509071077441735	     -0.00321594651569273755	     -0.00116857290440472439	      0.00103581310592265607	     -0.00395135241981614538	      0.00310607910542697041	     -0.00212444741016084085	      0.00042919633232620796	      0.00089682092500276145	     -0.00187043188748350908
      0.82000000000000039524	     -0.00114335937384299480	      0.00123910598020082752	      0.00291536694753746772	      0.00021959363446071023	     -0.00045825977900788156	     -0.00023847026358766316	      0.00298815363543020185	     -0.00318975501530634371	     -0.00115315061091543491	      0.00103499721556826740	     -0.00394962491119589532	      0.00310445013788676616	     -0.00209575910513774485	      0.00042119408136892522	      0.00089578602813134012	     -0.00185936843616432701
      0.82100000000000039613	     -0.00118789380992660384	      0.00122810734151224121	      0.00291496468258833907	      0.00021945898557174104	     -0.00045321483154052607	     -0.00023978865232950064	      0.00298043520184343436	     -0.00316291833414313571	     -0.00113759537153396151	      0.00103395900354152914	     -0.00394519337005896920	      0.00310212421281466644	     -0.00206662551173662778	      0.00041314401935276662	      0.00089454855810233713	     -0.00184835071815733776
      0.82200000000000039702	     -0.00123170723338991359	      0.00121679293978860237	      0.00291453713692968464	      0.00021927325883263488	     -0.00044806242828146839	     -0.00024107379798999490	      0.00297194435051406636	     -0.00313544262829681432	     -0.00112191111677541200	      0.00103270073679340157	     -0.00393825078673703394	      0.00309911101622858953	     -0.00203705284983905430	      0.00040504798042699519	      0.00089311239277667376	     -0.00183741576410376140
      0.82300000000000039790	     -0.00127478467329953174	      0.00120515950735355926	      0.00291407405654720009	      0.00021903752477262645	     -0.00044280358194231061	     -0.00024232516822554617	      0.00296268637117536038	     -0.00310733450540006013	     -0.00110610267157759679	      0.00103122576437175706	     -0.00392866386388397021	      0.00309541758417987423	     -0.00200704771322737438	      0.00039690901521070507	      0.00089147905986530773	     -0.00182647351206527420
      0.82400000000000039879	     -0.00131711142218687502	      0.00119320432965175360	      0.00291356546524235149	      0.00021875333675426545	     -0.00043743925081180315	     -0.00024354164846904225	      0.00295266345233902161	     -0.00307860112679669319	     -0.00109017565184818532	      0.00102953843399206102	     -0.00391598502670065934	      0.00309105238418386219	     -0.00197661706377596016	      0.00038872835893167049	      0.00088965225762660527	     -0.00181554070551459557
      0.82500000000000039968	     -0.00135867295359235613	      0.00118092510950085217	      0.00291300158835317013	      0.00021842167538285717	     -0.00043197065785068565	     -0.00024472279964658783	      0.00294188226725411450	     -0.00304925015364929455	     -0.00107413480050803922	      0.00102764206320538065	     -0.00390009168935880057	      0.00308602518297587669	     -0.00194576802321161368	      0.00038050800243580318	      0.00088763551153836495	     -0.00180463002700262387
      0.82600000000000040057	     -0.00139945493117445488	      0.00116832000882816089	      0.00291237277482769841	      0.00021804295319919481	     -0.00042639929604871077	     -0.00024586887666694368	      0.00293035371772615294	     -0.00301928963564568331	     -0.00105798427495625014	      0.00102553921233705658	     -0.00388119064495268118	      0.00308034666767695309	     -0.00191450784909812793	      0.00037225088330933645	      0.00088543175858646350	     -0.00179373470673807600
      0.82700000000000040146	     -0.00143944327658330692	      0.00115538767301259782	      0.00291166958465072234	      0.00021761760960919974	     -0.00042072675958348613	     -0.00024698018530770055	      0.00291808873472826358	     -0.00298872791095322957	     -0.00104172878760361298	      0.00102323313479674161	     -0.00385948424930513539	      0.00307402793586461498	     -0.00188284400252018008	      0.00036395989262902328	      0.00088304400834182672	     -0.00178285583452472696
      0.82800000000000040234	     -0.00147862421761245019	      0.00114212720553796832	      0.00291088300589215088	      0.00021714661598627033	     -0.00041495463343937597	     -0.00024805658797269481	      0.00290509503765729038	     -0.00295757382721969012	     -0.00102537334805480329	      0.00102072755623300315	     -0.00383485523751686541	      0.00306707964320541981	     -0.00185078419830693799	      0.00035563746823483178	      0.00088047532496826619	     -0.00177199562434537938
      0.82900000000000040323	     -0.00151698429852506478	      0.00112853819060787508	      0.00291000442558275729	      0.00021663143913058097	     -0.00040908449218744238	     -0.00024909752449070455	      0.00289137734009503600	     -0.00292583680633654031	     -0.00100892293165111280	      0.00101802625055535945	     -0.00380687963483249125	      0.00305951186262524988	     -0.00181833642110071358	      0.00034728566954123768	      0.00087772876348757300	     -0.00176115289242931294
      0.83000000000000040412	     -0.00155451032397860289	      0.00111462057871847264	      0.00290902540333548565	      0.00021607303337382172	     -0.00040311809153338769	     -0.00025010297741549087	      0.00287694413679601135	     -0.00289352653583826308	     -0.00099238235322787749	      0.00101513259186786220	     -0.00377545304422586409	      0.00305133555676731505	     -0.00178550888474008490	      0.00033890705759021672	      0.00087480747475021658	     -0.00175032803895452949
      0.83100000000000040501	     -0.00159118937346975145	      0.00110037473643709305	      0.00290793756052010188	      0.00021547185373402972	     -0.00039705734830216589	     -0.00025107344078360849	      0.00286180746341185843	     -0.00286065291322505980	     -0.00097575650331091501	      0.00101204997447390532	     -0.00374079431108394200	      0.00304256244023057287	     -0.00175231005196521683	      0.00033050465157171555	      0.00087171475107239438	     -0.00173952322061052267
      0.83200000000000040590	     -0.00162700885421696029	      0.00108580144534642375	      0.00290673279178887967	      0.00021482841420550347	     -0.00039090421395356588	     -0.00025200937186291295	      0.00284597915201934004	     -0.00282722617081460417	     -0.00095905064616599867	      0.00100878257390918380	     -0.00370311784769785518	      0.00303320414631419455	     -0.00171874869505769801	      0.00032208140760776188	      0.00086845403863522463	     -0.00172874012507642782
      0.83300000000000040679	     -0.00166195654183941624	      0.00107090183682090334	      0.00290540361169600025	      0.00021414371921048975	     -0.00038466058979206262	     -0.00025291076735527163	      0.00282946815383705585	     -0.00279325715367269647	     -0.00094226984566825323	      0.00100533411832226527	     -0.00366232597697462026	      0.00302327166569472949	     -0.00168483392992992836	      0.00031363983503335247	      0.00086502891005557636	     -0.00171797874362047964
      0.83400000000000040767	     -0.00169602058595022184	      0.00105567741488277189	      0.00290394309465358269	      0.00021341921793627261	     -0.00037832832997126975	     -0.00025377719763342022	      0.00281228079572376499	     -0.00275875733605605855	     -0.00092541876295570979	      0.00100170741201421887	     -0.00361802164297184148	      0.00301277536221257469	     -0.00165057520231781663	      0.00030518202964273378	      0.00086144303789259524	     -0.00170723753567481040
      0.83500000000000040856	     -0.00172918945566659030	      0.00104013000862113181	      0.00290234444857939700	      0.00021265591293882086	     -0.00037190940595437441	     -0.00025460868129022207	      0.00279442663158269156	     -0.00272373833775029286	     -0.00090850241711033786	      0.00099790574087293971	     -0.00357011944694859279	      0.00300172625005734606	     -0.00161598222871144059	      0.00029671047009919432	      0.00085770028154774636	     -0.00169651605105641812
      0.83600000000000040945	     -0.00176145194745653058	      0.00102426182295944912	      0.00290060087316201809	      0.00021185436485694070	     -0.00036540589616945382	     -0.00025540567274946052	      0.00277591825608175524	     -0.00268821188740170705	     -0.00089152630075260697	      0.00099393331869718216	     -0.00351885049885694579	      0.00299013594366209778	     -0.00158106497535194512	      0.00028822800339141363	      0.00085380466327289462	     -0.00168581494194863790
      0.83700000000000041034	     -0.00179279722963837651	      0.00100807539966063509	      0.00289870589580476512	      0.00021101517674684128	     -0.00035881989069006318	     -0.00025616858987308200	      0.00275676813367942142	     -0.00265219006475498828	     -0.00087449607791097173	      0.00098979507413138323	     -0.00346444412903564036	      0.00297801604647979223	     -0.00154583367956689921	      0.00027973741369896610	      0.00084976028653493962	     -0.00167513459343410220
      0.83800000000000041123	     -0.00182321487813495720	      0.00099157352145173849	      0.00289665383835768786	      0.00021013937055894272	     -0.00035215342743421217	     -0.00025689744944197568	      0.00273698637731845107	     -0.00261568557193017637	     -0.00085741699556021733	      0.00098549452131968529	     -0.00340682165579307694	      0.00296537775732033659	     -0.00151029886525905904	      0.00027124110810284457	      0.00084557121744732733	     -0.00166447404388439524
      0.83900000000000041211	     -0.00185269487812965428	      0.00097475923943035614	      0.00289443972208847100	      0.00020922834119572326	     -0.00034540849988936272	     -0.00025759190920723180	      0.00271658100262245350	     -0.00257871170115124906	     -0.00084029382087585924	      0.00098103331239535185	     -0.00334560701626547552	      0.00295223194839236425	     -0.00147447128920663584	      0.00026274116227175542	      0.00084124140727914742	     -0.00165383118307199650
      0.84000000000000041300	     -0.00188122757137659802	      0.00095763588561470492	      0.00289205864142672020	      0.00020828306288345200	     -0.00033858720216706911	     -0.00025825205656164474	      0.00269556292946598886	     -0.00254128177602909108	     -0.00082313192239755195	      0.00097641445012175421	     -0.00328073038184775734	      0.00293859030922685727	     -0.00143836182069262408	      0.00025424002950149432	      0.00083677479102806096	     -0.00164320530275319232
      0.84100000000000041389	     -0.00190880365997178961	      0.00094020712216691393	      0.00288950558880651798	      0.00020730408171139997	     -0.00033169172726605495	     -0.00025887841131207179	      0.00267394585963581788	     -0.00250340909733688666	     -0.00080593731498099230	      0.00097164266216470674	     -0.00321243551869000721	      0.00292446537193633005	     -0.00140198136295011794	      0.00024574055091183822	      0.00083217520492007147	     -0.00163259725134459743
      0.84200000000000041478	     -0.00193541424599253872	      0.00092247686862689804	      0.00288677591275576795	      0.00020629193744778340	     -0.00032472429401126691	     -0.00025947151634220234	      0.00265174363308323668	     -0.00246510722472451788	     -0.00078871610127617675	      0.00096672314608670096	     -0.00314096830856631926	      0.00290987004053522291	     -0.00136534086978791491	      0.00023724559604788170	      0.00082744625372677127	     -0.00162200824067623706
      0.84300000000000041567	     -0.00196105086953195576	      0.00090444919619125930	      0.00288386590296418888	      0.00020524752231214360	     -0.00031768708526044506	     -0.00026003159818369787	      0.00262896827474606853	     -0.00242639029401942388	     -0.00077147388609044576	      0.00096165887397942074	     -0.00306626500957851711	      0.00289481718979087144	     -0.00132845146144383586	      0.00022875775417433714	      0.00082259125751260598	     -0.00161143867224874948
      0.84400000000000041656	     -0.00198570551575746532	      0.00088612837481927276	      0.00288077266643904650	      0.00020417206103641450	     -0.00031058224192929973	     -0.00026055859282389515	      0.00260563014723591557	     -0.00238727300991349242	     -0.00075421572943756843	      0.00095645032102487093	     -0.00298796027778983064	      0.00287931960318235647	     -0.00129132447091633018	      0.00022027933495046698	      0.00081761330702900814	     -0.00160088806711086717
      0.84500000000000041744	     -0.00200937057149775875	      0.00086751894303960242	      0.00287749331895081895	      0.00020306640940674636	     -0.00030341197985631757	     -0.00026105285245361237	      0.00258174222154272659	     -0.00234777008745073665	     -0.00073694723197154088	      0.00095110017309868455	     -0.00290599560863974427	      0.00286339080961120485	     -0.00125397138287082488	      0.00021181296890786239	      0.00081251553871952709	     -0.00159035718114672320
      0.84600000000000041833	     -0.00203203883399163607	      0.00084862576734789918	      0.00287402478633302927	      0.00020193105810941553	     -0.00029617857847730016	     -0.00026151514181699254	      0.00255731994614399882	     -0.00230789621940193437	     -0.00071967453963057981	      0.00094561366335393915	     -0.00282062921980749670	      0.00284704497590662631	     -0.00121640384384572031	      0.00020336158587486164	      0.00080730117744165497	     -0.00157984791615736753
      0.84700000000000041922	     -0.00205370355125760254	      0.00082945395091926777	      0.00287036438155996443	      0.00020076652165655628	     -0.00028888431529742672	     -0.00026194626295451828	      0.00253237898864328015	     -0.00226766639733004885	     -0.00070240373873579898	      0.00093999647637860173	     -0.00273212503529410289	      0.00283029643874602166	     -0.00117863376645270523	      0.00019492807524531391	      0.00080197347142951791	     -0.00156936205915561566
      0.84800000000000042011	     -0.00207435845774261302	      0.00081000871706438105	      0.00286651048728603364	      0.00019957368116737401	     -0.00028153141653606759	     -0.00026234672765202555	      0.00250693344856739442	     -0.00222709625435652328	     -0.00068514021434183670	      0.00093425170101546495	     -0.00264043107688398393	      0.00281315936115336673	     -0.00114067344422336125	      0.00018651499807269267	      0.00079653561591741529	     -0.00155890016704210432
      0.84900000000000042100	     -0.00209399777959442743	      0.00079029545722986150	      0.00286246239032750260	      0.00019835376560684015	     -0.00027412205865599490	     -0.00026271677299271462	      0.00248099592792799806	     -0.00218620201617789056	     -0.00066788861879003847	      0.00092837965353992358	     -0.00254518560746494482	      0.00279564767718351592	     -0.00110253552557677131	      0.00017812459397087421	      0.00079099076688105008	     -0.00154846158031607395
      0.85000000000000042188	     -0.00211261619276119014	      0.00077031982180864045	      0.00285821929801599595	      0.00019710768965538333	     -0.00026665848338663228	     -0.00026305701753100152	      0.00245458130806830432	     -0.00214499983701737021	     -0.00065065409910258776	      0.00092238348769829726	     -0.00244634039041964624	      0.00277777579892379833	     -0.00106423284077920149	      0.00016975934840281898	      0.00078534230829441221	     -0.00153804653249156598
      0.85100000000000042277	     -0.00213020882872433370	      0.00075008777293050777	      0.00285378010774173241	      0.00019583604888714912	     -0.00025914299848103870	     -0.00026336845287328742	      0.00242770661390845355	     -0.00210350572548484785	     -0.00063344230818723757	      0.00091626943805733774	     -0.00234417107805308389	      0.00275955852334108798	     -0.00102577833585833916	      0.00016142198650159756	      0.00077959385104331425	     -0.00152765616306985152
      0.85200000000000042366	     -0.00214677130908945066	      0.00072960547275358056	      0.00284914408025338517	      0.00019453947750307926	     -0.00025157793459353039	     -0.00026365208669295453	      0.00240038902643335827	     -0.00206173587165013605	     -0.00061625875499222993	      0.00091004411540140939	     -0.00223895926504340259	      0.00274101066586848741	     -0.00098718513495283516	      0.00015311517419948351	      0.00077374911362348975	     -0.00151729141463646799
      0.85300000000000042455	     -0.00216229977705326148	      0.00070887915542039437	      0.00284431159886988638	      0.00019321897560002632	     -0.00024396561435677776	     -0.00026390861642983099	      0.00237264422710314893	     -0.00201970696908120029	     -0.00059910821131028968	      0.00090371116305193455	     -0.00213066292886056330	      0.00272214678551854772	     -0.00094846661044373226	      0.00014484125359236211	      0.00076781179699625390	     -0.00150695203262771193
      0.85400000000000042544	     -0.00217679089960376784	      0.00068791517249489065	      0.00283928396464938615	      0.00019187589052047094	     -0.00023630836651906354	     -0.00026413842698632534	      0.00234448639588902275	     -0.00197743611017665508	     -0.00058199475138964729	      0.00089727111841864104	     -0.00201892289221954069	      0.00270298111817926512	     -0.00090963627945681719	      0.00013660225550429783	      0.00076178556709249889	     -0.00149663665414498381
      0.85500000000000042633	     -0.00219024182326902489	      0.00066672009514812114	      0.00283406226731131028	      0.00019051128426895297	     -0.00022860864903659784	     -0.00026434219829659517	      0.00231593160201831738	     -0.00193494004099471761	     -0.00056492307552663545	      0.00089072766254960634	     -0.00190370178412654911	      0.00268352816297362518	     -0.00087070752069105112	      0.00012840044610172574	      0.00075567432525835976	     -0.00148634492361587878
      0.85600000000000042721	     -0.00220265017439023880	      0.00064530076214219800	      0.00282864712947872299	      0.00018912592676335188	     -0.00022086906718582228	     -0.00026452087889152626	      0.00228699763841205828	     -0.00189223506175270270	     -0.00054789848946711073	      0.00088408782088705840	     -0.00178529300505840538	      0.00266380259054041502	     -0.00083169343139107010	      0.00012023833184621191	      0.00074948217942760742	     -0.00147607757892034841
      0.85700000000000042810	     -0.00221401408715150502	      0.00062366415554659937	      0.00282303945676298795	      0.00018772063594665184	     -0.00021309235386798853	     -0.00026467532761400431	      0.00225770220922039133	     -0.00184933736194197243	     -0.00053092619309039191	      0.00087735885061285268	     -0.00166399321413542023	      0.00264381894831119957	     -0.00079260684286132366	      0.00011211838750080361	      0.00074321328691007160	     -0.00146583545776524105
      0.85800000000000042899	     -0.00222433223351804071	      0.00060181726149155512	      0.00281724125081783683	      0.00018629658778360203	     -0.00020528134052490501	     -0.00026480599691354467	      0.00222806141338699470	     -0.00180626328940008268	     -0.00051401094584845042	      0.00087054458814861402	     -0.00153977027401235034	      0.00262359142890300490	     -0.00075346039665657311	      0.00010404279896236712	      0.00073687169818437148	     -0.00145561856379594623
      0.85900000000000042988	     -0.00223360382742711708	      0.00057976710998020042	      0.00281125537263449132	      0.00018485529005234091	     -0.00019743892954281542	     -0.00026491296234974759	      0.00219808972168961114	     -0.00176302929374793499	     -0.00049715713253783989	      0.00086364534527644254	     -0.00141227166016189010	      0.00260313378159626740	     -0.00071426655550243384	      0.00009601345134106765	      0.00073046133320397999	     -0.00144542609461051352
      0.86000000000000043077	     -0.00224182858118308556	      0.00055752088527238897	      0.00280508430989567792	      0.00018339797156595450	     -0.00018956816062379745	     -0.00026499654739953887	      0.00216780306479408269	     -0.00171965134056501628	     -0.00048036972293982738	      0.00085666480391849431	     -0.00128147221551476453	      0.00258245979687213301	     -0.00067503745850380076	      0.00008803242620374074	      0.00072398628341918680	     -0.00143525838795882654
      0.86100000000000043165	     -0.00224900670709136594	      0.00053508596831475241	      0.00279872990733176508	      0.00018192556719103664	     -0.00018167217418613591	     -0.00026505734376262163	      0.00213721867530841658	     -0.00167614494160358424	     -0.00046365403768044988	      0.00084961024439961230	     -0.00114768010238563978	      0.00256158320885166435	     -0.00063578494780704153	      0.00008010197978340627	      0.00071745078289309205	     -0.00142511689589253088
      0.86200000000000043254	     -0.00225513894860374098	      0.00051246979987007446	      0.00279219417095966094	      0.00018043903225324620	     -0.00017375413895535496	     -0.00026509591648050945	      0.00210635344928405965	     -0.00163252559833806585	     -0.00044701495680986303	      0.00084248912075723936	     -0.00101120153964678883	      0.00254051743925112761	     -0.00059652077271006576	      0.00007222425646646879	      0.00071085903529799488	     -0.00141500311405140522
      0.86300000000000043343	     -0.00226022661605299047	      0.00048967972833258155	      0.00278548010807821989	      0.00017893962311592987	     -0.00016581717852024846	     -0.00026511254070712975	      0.00207522261632170357	     -0.00158880903165130663	     -0.00043045707654690291	      0.00083530509331963820	     -0.00087201429685457299	      0.00251927538964272224	     -0.00055725681042659986	      0.00006440101916228846	      0.00070421504545192803	     -0.00140491761770092372
      0.86400000000000043432	     -0.00226427158727836308	      0.00046672304848305313	      0.00277859146688053116	      0.00017742886885352416	     -0.00015786434328999861	     -0.00026510722632430705	      0.00204383972587057761	     -0.00154501109535465017	     -0.00041398490687377665	      0.00082805793284662643	     -0.00072977919035906169	      0.00249786935975546132	     -0.00051800506428727189	      0.00005663364364819068	      0.00069752259655908588	     -0.00139486009168049430
      0.86500000000000043521	     -0.00226727625054728987	      0.00044360712956637016	      0.00277153144771524751	      0.00017590800096617398	     -0.00014989870129826933	     -0.00026508028752551815	      0.00201221943708485007	     -0.00150114732795435593	     -0.00039760306057380623	      0.00082075105879597654	     -0.00058448384064843650	      0.00247631149742608136	     -0.00047877741883963626	      0.00004892362494636482	      0.00069078558253088396	     -0.00138483121093888051
      0.86600000000000043610	     -0.00226924349874150361	      0.00042033945915764814	      0.00276430243015046706	      0.00017437794088645542	     -0.00014192332017461985	     -0.00026503234355354510	      0.00198037738048351120	     -0.00145723297088928838	     -0.00038131591354938210	      0.00081339174902117506	     -0.00043644472810325241	      0.00245461373352104384	     -0.00043958559894947263	      0.00004127258131898792	      0.00068400797837142591	     -0.00137483262588311561
      0.86700000000000043698	     -0.00227017675818052753	      0.00039692749920416937	      0.00275690680122342435	      0.00017283959317247050	     -0.00013394120877450143	     -0.00026496402544625569	      0.00194832868588856734	     -0.00141328331309563404	     -0.00036512712092520716	      0.00080598733857734084	     -0.00028596982862723330	      0.00243278757125239831	     -0.00040044132366956475	      0.00003368200129461041	      0.00067719364629303946	     -0.00136486594445034415
      0.86800000000000043787	     -0.00227008002612418339	      0.00037337852505014979	      0.00274934778900881582	      0.00017129409599867668	     -0.00012595524989893886	     -0.00026487572338030480	      0.00191608684742911040	     -0.00136931371140604219	     -0.00034904066154702040	      0.00079854093342385246	     -0.00013304651473364237	      0.00241084390814422234	     -0.00036135648613427884	      0.00002615300417722899	      0.00067034615433336775	     -0.00135493184064569561
      0.86900000000000043876	     -0.00226895786612791792	      0.00034969966565467914	      0.00274162918955389578	      0.00016974278991244846	     -0.00011796818545221043	     -0.00026476759995751331	      0.00188366375578502554	     -0.00132533944928758460	     -0.00033306117848619365	      0.00079105133444240527	      0.00002264350109532076	      0.00238879298892399894	     -0.00032234309087020296	      0.00001868636702789805	      0.00066346876041190050	     -0.00134503008682806957
      0.87000000000000043965	     -0.00226681533388654530	      0.00032589805230776037	      0.00273375407876508270	      0.00016818669394953051	     -0.00010998273637488967	     -0.00026464010627252205	      0.00185107221633512564	     -0.00128137554199816983	     -0.00031719277459475725	      0.00078352119836405665	      0.00018110030953223666	      0.00236664487051077566	     -0.00028341290788232165	      0.00001128306466714746	      0.00065656477670983371	     -0.00133516130752839302
      0.87100000000000044054	     -0.00226365796578495426	      0.00030198086330412988	      0.00272572455050168472	      0.00016662649055507878	     -0.00010200159793221156	     -0.00026449397422355359	      0.00181832588314223553	     -0.00123743673066555038	     -0.00030143864524381780	      0.00077595717204415049	      0.00034200729168787358	      0.00234440940714200630	     -0.00024457737689120157	      0.00000394431409349305	      0.00064963754728997181	     -0.00132532694638845538
      0.87200000000000044142	     -0.00225949181002133709	      0.00027795517228823563	      0.00271754253836409276	      0.00016506278670549296	     -0.00009402738470446707	     -0.00026432993927272275	      0.00178543799381875035	     -0.00119353764897545470	     -0.00028580130867315867	      0.00076836566703530895	      0.00050506205458387965	      0.00232209607578870436	     -0.00020584771991304790	     -0.00000332863544602602	      0.00064269024071084146	     -0.00131552828515729692
      0.87300000000000044231	     -0.00225432346612365608	      0.00025382778294169572	      0.00270921061032058930	      0.00016349633045738970	     -0.00008606256678465873	     -0.00026414850582445748	      0.00175242040183820613	     -0.00114969263695095109	     -0.00027028441916486512	      0.00076074846865420431	      0.00067026796186514526	      0.00229971382254559598	     -0.00016723506385091236	     -0.00001053469430369047	      0.00063572565946801163	     -0.00130576559097317357
      0.87400000000000044320	     -0.00224816007688769665	      0.00022960527516135976	      0.00270073169936879687	      0.00016192798256209340	     -0.00007810946301132094	     -0.00026394995719651593	      0.00171928363871587386	     -0.00110591558558194650	     -0.00025489309051705822	      0.00075310276300594170	      0.00083791663923110660	      0.00227727105049504996	     -0.00012875035085344044	     -0.00001767289137355466	      0.00062874623369291172	     -0.00129603814634579595
      0.87500000000000044409	     -0.00224100924461286682	      0.00020529418305237357	      0.00269210788443929872	      0.00016035826426594874	     -0.00007017037446553631	     -0.00026373482876458632	      0.00168603912898196429	     -0.00106222009306483275	     -0.00023963113896174892	      0.00074542971059932128	      0.00100799752555641442	      0.00225477607808910463	     -0.00009040403402385544	     -0.00002474191222071043	      0.00062175441413803156	     -0.00128634595170792898
      0.87600000000000044498	     -0.00223287902462802890	      0.00018090105617518670	      0.00268334016298066302	      0.00015878736951163708	     -0.00006224757128649172	     -0.00026350390464845858	      0.00165269910376547591	     -0.00101861948366709087	     -0.00022450082278635541	      0.00073773454386372173	      0.00118020180532653340	      0.00223223711604353392	     -0.00005220608978463021	     -0.00003174016345366959	      0.00061475265943800039	     -0.00127668979602893473
      0.87700000000000044587	     -0.00222377797012091039	      0.00015643232178674804	      0.00267442924459038167	      0.00015721542442700270	     -0.00005434321723806661	     -0.00026325796760059278	      0.00161927541748435599	     -0.00097512681364521347	     -0.00020950399921430829	      0.00073002210952438640	      0.00135423878471979675	      0.00220966205802602955	     -0.00001416623484087887	     -0.00003866609171078450	      0.00060774322068990472	     -0.00126707044076013187
      0.87800000000000044675	     -0.00221371517779251487	      0.00013189414246594922	      0.00266537628614305078	      0.00015564270981643230	     -0.00004645929932047595	     -0.00026299758237080528	      0.00158577853993446816	     -0.00093175462373620843	     -0.00019464399576250846	      0.00072229283369051878	      0.00153010402317713123	      0.00218705828810469849	      0.00002370590366823633	     -0.00004551846330609621	      0.00060072794050047840	     -0.00125748790657576048
      0.87900000000000044764	     -0.00220270027942389562	      0.00010729247701457556	      0.00265618264674438720	      0.00015406965723745170	     -0.00003859762259039203	     -0.00026272310400331927	      0.00155221755569157072	     -0.00088851484509874790	     -0.00017992568410504783	      0.00071454296127410055	      0.00170806066439407878	      0.00216443266071528195	      0.00006140082112184725	     -0.00005229638832565664	      0.00059370825861626564	     -0.00124794155288893149
      0.88000000000000044853	     -0.00219074334976129131	      0.00008263326032020846	      0.00264684879228060943	      0.00015249644175733407	     -0.00003075995613367613	     -0.00026243511536874764	      0.00151860224635469443	     -0.00084541919213614036	     -0.00016535203603819382	      0.00070677289811027499	      0.00188809053544780614	      0.00214179196152181062	      0.00009890940572870877	     -0.00005899886519600273	      0.00058668564333275164	     -0.00123843165059694948
      0.88100000000000044942	     -0.00217785489655885484	      0.00005792245709324018	      0.00263737410729403265	      0.00015092298843291663	     -0.00002294802877485366	     -0.00026213442342081644	      0.00148494308610924719	     -0.00080247914033169943	     -0.00015092415405752735	      0.00069898714747829160	      0.00206989948287768233	      0.00211914290272874339	      0.00013622294518932793	     -0.00006562479932112342	      0.00057966160159117486	     -0.00122895939811706878
      0.88200000000000045031	     -0.00216404590813681214	      0.00003316592423097120	      0.00262775762527045487	      0.00014934920310293726	     -0.00001516345493793878	     -0.00026182182439769830	      0.00145125018753428092	     -0.00075970573244443784	     -0.00013664312342274998	      0.00069118980085108861	      0.00225321378258255822	      0.00209649191235899979	      0.00017333297534746772	     -0.00007217326643571553	      0.00057263747173119661	     -0.00121952609982381444
      0.88300000000000045119	     -0.00214932789071329428	      0.00000836927771918905	      0.00261799867657486196	      0.00014777517613118185	     -0.00000740768625144897	     -0.00026149789063314999	      0.00141753229367858058	     -0.00071710927114708445	     -0.00012251127755152913	      0.00068338101645348814	      0.00243802351363453518	      0.00207384494159018606	      0.00021023124726526204	     -0.00007864370731000547	      0.00056561422382639392	     -0.00121013241766360080
      0.88400000000000045208	     -0.00213371285092264773	     -0.00001646205158678526	      0.00260809667667349920	      0.00014620118050713560	      0.00000031797401842983	     -0.00026116296891470075	      0.00138379677834316039	     -0.00067469925243027890	     -0.00010853200842848854	      0.00067555736129915056	      0.00262456366551289122	      0.00205120744782433251	      0.00024690980332936485	     -0.00008503589570615921	      0.00055859248936362960	     -0.00120077837212867466
      0.88500000000000045297	     -0.00211721320148933190	     -0.00004132265640532928	      0.00259805019786885083	      0.00014462729760087584	      0.00000801222262955970	     -0.00026081758613598349	      0.00135005169750646026	     -0.00063248487655592073	     -0.00009470692821969551	      0.00066771933650849880	      0.00281281151214447800	      0.00202858482187445732	      0.00028336115104637266	     -0.00009134948825983980	      0.00055157304800235174	     -0.00119146476453341199
      0.88600000000000045386	     -0.00209984174555499087	     -0.00006620710965576926	      0.00258785682841988773	      0.00014305342276463295	      0.00001567374662638302	     -0.00026046243949122416	      0.00131630582821279374	     -0.00059047500796210323	     -0.00008103619711141707	      0.00065987118656479771	      0.00300249177596349781	      0.00200598236708854349	      0.00031957827637471570	     -0.00009758399938482321	      0.00054455687261723007	     -0.00118219312605392923
      0.88700000000000045475	     -0.00208161172043046239	     -0.00009111009550888394	      0.00257751381985937833	      0.00014147947840617570	      0.00002330128386151750	     -0.00026009816568673544	      0.00128256765790801808	     -0.00054867785363301586	     -0.00006752040410611115	      0.00065201667470776714	      0.00319334886135752560	      0.00198340507015271061	      0.00035555459367361125	     -0.00010373899594785796	      0.00053754494188473778	     -0.00117296486608879647
      0.88800000000000045564	     -0.00206253682163435453	     -0.00011602652906861355	      0.00256701863866326541	      0.00013990561230466103	      0.00003089364145950286	     -0.00025972511735825737	      0.00124884429595462088	     -0.00050710064824287943	     -0.00005416069565278292	      0.00064415620607183310	      0.00338536853635035273	      0.00196085738803170040	      0.00039128406917947334	     -0.00010981420237171635	      0.00053053804882763345	     -0.00116378045326979984
      0.88900000000000045652	     -0.00204263117496866070	     -0.00014095150880810703	      0.00255636879739240541	      0.00013833220310589811	      0.00003844965967189466	     -0.00025934334595624497	      0.00121514144386281053	     -0.00046574962554152277	     -0.00004095839092672915	      0.00063628721452041459	      0.00357876040208973678	      0.00193834320190428011	      0.00042676131706646803	     -0.00011580942103853187	      0.00052353686297768043	     -0.00115463932568748984
      0.89000000000000045741	     -0.00202190925000125116	     -0.00016588018493546297	      0.00254556111338133384	      0.00013675950468219206	      0.00004596808556226470	     -0.00025895299688169504	      0.00118146550458680943	     -0.00042463058202778237	     -0.00002791391529377574	      0.00062841051113976532	      0.00377349926777340028	      0.00191586619906680689	      0.00046198156704039400	     -0.00012172414593908387	      0.00051654245925591979	     -0.00114554125699423137
      0.89100000000000045830	     -0.00200038584669898906	     -0.00019080773294644082	      0.00253459160827707031	      0.00013518762933750067	      0.00005344758923427279	     -0.00025855433506028619	      0.00114782366892673959	     -0.00038374892471988026	     -0.00001502724567335745	      0.00062053004934042866	      0.00396932871204264126	      0.00189342990500995789	      0.00049694056927138824	     -0.00012755759894859942	      0.00050955629003124336	     -0.00113648646556367694
      0.89200000000000045919	     -0.00197807614165049217	     -0.00021572948207726483	      0.00252345605383008653	      0.00013361672059738344	      0.00006088685664190152	     -0.00025814756607057954	      0.00111422292056401195	     -0.00034310939855386469	     -0.00000229898445162913	      0.00061264927361148747	      0.00416600867502593675	      0.00187103754648493270	      0.00053163453462530541	     -0.00013330897685179255	      0.00050257987228663481	     -0.00112747500786251897
      0.89300000000000046008	     -0.00195499571194510113	     -0.00024064102975929202	      0.00251215042225938490	      0.00013204712268084090	      0.00006828463933435721	     -0.00025773265156042724	      0.00108066887809277201	     -0.00030271588847351899	      0.00001027076668146110	      0.00060476885518173651	      0.00436352168919601491	      0.00184869192333880772	      0.00056606025040786823	     -0.00013897761408981912	      0.00049561445860568654	     -0.00111850616530735636
      0.89400000000000046096	     -0.00193116051170030834	     -0.00026553821093655561	      0.00250067075474325051	      0.00013047936290824791	      0.00007563975717766493	     -0.00025730933202584849	      0.00104716578217872724	     -0.00026257152697558434	      0.00002268288085337244	      0.00059688706949440062	      0.00456205824146387051	      0.00182639543569085294	      0.00060021503034372176	     -0.00014456300008570955	      0.00048866099021882548	     -0.00110957855576430953
      0.89500000000000046185	     -0.00190658680491318649	     -0.00029041700021781303	      0.00248901259610545544	      0.00012891378745124443	      0.00008295102890334104	     -0.00025687755226914272	      0.00101371876086492341	     -0.00022267931248747680	      0.00003493805596968547	      0.00058900493412078481	      0.00476159370673946702	      0.00180415048189991323	      0.00063409638216609804	     -0.00015006453608050474	      0.00048172060056583810	     -0.00110069164037969458
      0.89600000000000046274	     -0.00188129114528447217	     -0.00031527349282134409	      0.00247717093017540968	      0.00012735054388227779	      0.00009021727796186280	     -0.00025643748336817707	      0.00098033391772833767	     -0.00018304220984532993	      0.00004703647317984283	      0.00058112600703114081	      0.00496188906973264732	      0.00178195947473258620	      0.00066770189335831065	     -0.00015548155610217718	      0.00047479460173804888	     -0.00109184581179641582
      0.89700000000000046363	     -0.00185529040594463457	     -0.00034010401947848212	      0.00246514063176195286	      0.00012578975525629615	      0.00009743739285922228	     -0.00025598932434926086	      0.00094701724934787013	     -0.00014366288747581085	      0.00005897800578513746	      0.00057325341091024606	      0.00516271676418444958	      0.00175982467703889034	      0.00070102930973317545	     -0.00016081348968857712	      0.00046788419266197145	     -0.00108304169851143606
      0.89800000000000046452	     -0.00182860179445103188	     -0.00036490524950050229	      0.00245291683525361570	      0.00012423170088524810	      0.00010461036438992469	     -0.00025553308698469251	      0.00091377336238962492	     -0.00010454350594919781	      0.00007076382909147749	      0.00056538793870003490	      0.00536405924010323332	      0.00173774802379228488	      0.00073407672154946618	     -0.00016605998077981465	      0.00046099014680223149	     -0.00107427942282509181
      0.89900000000000046541	     -0.00180124282446848805	     -0.00038967416428947743	      0.00244049484148733953	      0.00012267681009024006	      0.00011173527632208366	     -0.00025506859403245929	      0.00088060544200013746	     -0.00006568583536811085	      0.00008239663016579302	      0.00055752833518557532	      0.00556609790002875193	      0.00171573110251810323	      0.00076684249278871630	     -0.00017122088169477245	      0.00045411281068763465	     -0.00106555859949397647
      0.90000000000000046629	     -0.00177323125544457533	     -0.00041440797434999510	      0.00242786970308328520	      0.00012112530756334949	      0.00011881123421668112	     -0.00025459589193779081	      0.00084751768041907427	     -0.00002709185271909664	      0.00009387793076076623	      0.00054967550953716193	      0.00576881214730411152	      0.00169377550430105384	      0.00079932481564062852	     -0.00017629601690037633	      0.00044725270776346804	     -0.00105687976915545823
      0.90100000000000046718	     -0.00174458506468699870	     -0.00043910409828407104	      0.00241503618299065970	      0.00011957720432891061	      0.00012583734911384955	     -0.00025411524945368608	      0.00081451535876658765	      0.00001123613305228921	      0.00010520807414332589	      0.00054183242255129160	      0.00597197670595139840	      0.00167188280875962825	      0.00083152162647320144	     -0.00018128515806824230	      0.00044041057392441019	     -0.00104824438514979079
      0.90200000000000046807	     -0.00171532246166396923	     -0.00046376026521921521	      0.00240198912273248411	      0.00011803247893320268	      0.00013281277114896234	     -0.00025362692913837720	      0.00078160365744822657	      0.00004929572288726175	      0.00011638759342932903	      0.00053400169656475649	      0.00617537197933920590	      0.00165005438717269470	      0.00086343078773308546	     -0.00018618811933324153	      0.00043358708431928683	     -0.00103965399751135279
      0.90300000000000046896	     -0.00168546190275713909	     -0.00048837460998185644	      0.00238872374706899926	      0.00011649127312676061	      0.00013973673566684830	     -0.00025313093507946249	      0.00074878626588270603	      0.00008708468674562680	      0.00012741822390896496	      0.00052618383222835519	      0.00637898296167775658	      0.00162829116366142168	      0.00089505025703934260	     -0.00019100487697437663	      0.00042678256216599486	     -0.00103110936186184832
      0.90400000000000046985	     -0.00165502206444629457	     -0.00051294564369752660	      0.00237523559699348574	      0.00011495389744552165	      0.00014660855084974375	     -0.00025262698245454018	      0.00071606535501789192	      0.00012460086317855890	      0.00013830267236032701	      0.00051837737678361862	      0.00658299189181037192	      0.00160659356002668119	      0.00092637799696265732	     -0.00019573555025824418	      0.00041999702720696419	     -0.00102261031852693418
      0.90500000000000047073	     -0.00162402178408489056	     -0.00053747216846700141	      0.00236152021995628125	      0.00011342048020377554	      0.00015342750123097972	     -0.00025211489822954403	      0.00068344418833088394	      0.00016184155862492000	      0.00014904214168717789	      0.00051058268595394196	      0.00678738449832688717	      0.00158496184629641768	      0.00095741156130123295	     -0.00020038011338602280	      0.00041323089971356808	     -0.00101415717272174133
      0.90600000000000047162	     -0.00159248002898167845	     -0.00056195324614005671	      0.00234757313354894137	      0.00011189096251643799	      0.00016019281607044904	     -0.00025159461056830507	      0.00065092721565671030	      0.00019880343779148102	      0.00015963671443346150	      0.00050280189223994576	      0.00699194360092168787	      0.00156339613192757465	      0.00098814806059537713	     -0.00020493834827260693	      0.00040648505290663550	     -0.00100575065478931969
      0.90700000000000047251	     -0.00156041590068820707	     -0.00058638828650503516	      0.00233339011815636432	      0.00011036527367547233	      0.00016690369535328833	     -0.00025106594875465987	      0.00061851879066890381	      0.00023548277832643322	      0.00017008709017991841	      0.00049503685726631774	      0.00719645155567998074	      0.00154189621597289328	      0.00101858438052652989	     -0.00020940998002638711	      0.00039976044297063140	     -0.00099739124543964108
      0.90800000000000047340	     -0.00152784865581523377	     -0.00061077712818125018	      0.00231896746456428104	      0.00010884352608550585	      0.00017355938602546181	     -0.00025052843053659929	      0.00058622166989491520	      0.00027187576690611281	      0.00018039423958605971	      0.00048728742166131989	      0.00740089790878764586	      0.00152046139812278547	      0.00104871726373436530	     -0.00021379492945171330	      0.00039305769271225088	     -0.00098907847326547282
      0.90900000000000047429	     -0.00149479768446835609	     -0.00063511999241760986	      0.00230430190638353238	      0.00010732601188947338	      0.00018015917636731446	     -0.00024998128467894343	      0.00055403699870942846	      0.00030797843308871115	      0.00019055886657727561	      0.00047955153273870899	      0.00760547579378438587	      0.00149909051541763372	      0.00107854322509606110	     -0.00021809337439337995	      0.00038637704100841219	     -0.00098081103161673511
      0.91000000000000047518	     -0.00146128244303821153	     -0.00065941737871244577	      0.00228939035627795384	      0.00010581282459761615	      0.00018670225294412741	     -0.00024942392873573277	      0.00052196713629720781	      0.00034378607788067977	      0.00020058095028155365	      0.00047182888386115840	      0.00781017942064840542	      0.00147778243752827443	      0.00110805833036019263	     -0.00022230542858341085	      0.00037971899586586311	     -0.00097258848855744096
      0.91100000000000047606	     -0.00142732242564987816	     -0.00068367001630598168	      0.00227422985484837525	      0.00010430384571843976	      0.00019318766631279795	     -0.00024885599771359845	      0.00049001576617066500	      0.00037929322246241237	      0.00021046045236967903	      0.00046412093275355337	      0.00801479524958484402	      0.00145653612903673402	      0.00113725821928356563	     -0.00022643112480125183	      0.00037308431952087773	     -0.00096441141259112628
      0.91200000000000047695	     -0.00139293716976576776	     -0.00070787894372825733	      0.00225881781391246150	      0.00010279892941696123	      0.00019961437217356657	     -0.00024827712950899194	      0.00045818652037513119	      0.00041449388278187033	      0.00022019833718275872	      0.00045642897459768905	      0.00821910608689670197	      0.00143535047357268297	      0.00116613826661655928	     -0.00023047057669428606	      0.00036647364568764829	     -0.00095628061606618797
      0.91300000000000047784	     -0.00135814628919900954	     -0.00073204558173012302	      0.00224315223626092575	      0.00010129811482172124	      0.00020598134479784917	     -0.00024768672153540477	      0.00042648139218148806	      0.00044938185146561893	      0.00022979449596280399	      0.00044875242513392477	      0.00842311035094078786	      0.00141422403294222399	      0.00119469352242121407	     -0.00023442427901756990	      0.00035988709077661163	     -0.00094819628263620448
      0.91400000000000047873	     -0.00132296946263791432	     -0.00075617167496533355	      0.00222723164718319211	      0.00009980162898100275	      0.00021228758064750731	     -0.00024708393644511800	      0.00039490074775716533	      0.00048395066678897508	      0.00023924704687804110	      0.00044108894021471778	      0.00862702021383231210	      0.00139315506741105599	      0.00122291864368240244	     -0.00023829313729842316	      0.00035332425381162658	     -0.00094015796233776205
      0.91500000000000047962	     -0.00128742635577579895	     -0.00078025917553403712	      0.00221105485050676620	      0.00009830949237722708	      0.00021853189657568967	     -0.00024646818849607954	      0.00036344635704405048	      0.00051819313208427420	      0.00024855486542693650	      0.00043343798873579642	      0.00883084046344052853	      0.00137214205804969680	      0.00125080795063422373	     -0.00024207796361452871	      0.00034678495652706864	     -0.00093216625899383843
      0.91600000000000048050	     -0.00125153660169016051	     -0.00080431018439131030	      0.00219462086432176129	      0.00009682150933100486	      0.00022471290407466904	     -0.00024583916004256023	      0.00033212151661676792	      0.00055210134386160167	      0.00025771831402171541	      0.00042580084769711091	      0.00903435901887669757	      0.00135118374310594369	      0.00127835548419343026	     -0.00024577941414100080	      0.00034026927325281342	     -0.00092422283311792419
      0.91700000000000048139	     -0.00121531981691664487	     -0.00082832702445168049	      0.00217792913479342154	      0.00009533746585693031	      0.00023082908598967208	     -0.00024519656715291105	      0.00030092959304933720	      0.00058566696436151977	      0.00026673871415042183	      0.00041817868905408284	      0.00923735985751611421	      0.00133027889132636412	      0.00130555502982182547	     -0.00024939817750270488	      0.00033377717108118432	     -0.00091632946987403596
      0.91800000000000048228	     -0.00117879564583828200	     -0.00085231230425020232	      0.00216097973952833478	      0.00009385735213821716	      0.00023687894471313090	     -0.00024453990416498789	      0.00026987238654796464	      0.00061888141226048785	      0.00027561498851849664	      0.00041057104166575265	      0.00943985219826073974	      0.00130942603239669886	      0.00133239991002576108	     -0.00025293529825352878	      0.00032730815329107266	     -0.00090848704597015772
      0.91900000000000048317	     -0.00114198375843500843	     -0.00087626885093450291	      0.00214377331004866889	      0.00009238136426693161	      0.00024286101611380086	     -0.00024386844860330159	      0.00023895016877092945	      0.00065173585551950644	      0.00028434311559386027	      0.00040297595312976942	      0.00964206828517813475	      0.00128862345790031751	      0.00135888294072622484	     -0.00025639215084319322	      0.00032086130472430696	     -0.00090069540816326010
      0.92000000000000048406	     -0.00110490376047064215	     -0.00090019959274378891	      0.00212631078506131388	      0.00009090948851576963	      0.00024877361607025632	     -0.00024318176570052585	      0.00020816486857228034	      0.00068422090867387500	      0.00029292146916395922	      0.00039539332749832790	      0.00984402245881886573	      0.00126786972812070742	      0.00138499676377767944	     -0.00025976973732746989	      0.00031443610147174894	     -0.00089295502402803040
      0.92100000000000048495	     -0.00106757518493810766	     -0.00092410749746463239	      0.00210859333119350900	      0.00008944149054466305	      0.00025461483383414085	     -0.00024247972572997295	      0.00017752018988131946	      0.00071632673602730484	      0.00030135123867676417	      0.00038782483727206607	      0.01004550302234265280	      0.00124716366456578687	      0.00141073390264635085	     -0.00026306858038882552	      0.00030803247768873554	     -0.00088526685943009220
      0.92200000000000048583	     -0.00103001752463487140	     -0.00094799563945546783	      0.00209062253800595954	      0.00008797712442434186	      0.00026038265440114262	     -0.00024176225976530949	      0.00014702009141839834	      0.00074804327728997255	      0.00030963407842925228	      0.00038027203842244672	      0.01024629688209607870	      0.00122650410531721654	      0.00143608662912361740	     -0.00026628898022960923	      0.00030165046714469845	     -0.00087763136155809274
      0.92300000000000048672	     -0.00099225028455810632	     -0.00097186725545383990	      0.00207240060676006088	      0.00008651636165248056	      0.00026607512255713388	     -0.00024102909357649402	      0.00011666713301644593	      0.00077936028789786158	      0.00031776863940044531	      0.00037273520458031006	      0.01044642263588935194	      0.00120588971627294539	      0.00146104672696818760	     -0.00026943144654383022	      0.00029528979742265982	     -0.00087004759715295088
      0.92400000000000048761	     -0.00095429298863237283	     -0.00099572568124839389	      0.00205393025790323591	      0.00008505939291626047	      0.00027169036044783629	     -0.00024027974166535709	      0.00008646250961069635	      0.00081026735835982439	      0.00032575043811980398	      0.00036521351714285943	      0.01064612617546271955	      0.00118531905906593682	      0.00148560556469005262	     -0.00027249676941262790	      0.00028894986655436661	     -0.00086251341479141874
      0.92500000000000048850	     -0.00091616508716173273	     -0.00101957425581222783	      0.00203521447331667105	      0.00008360620172057076	      0.00027722628563341730	     -0.00023951400715794754	      0.00005640928405814538	      0.00084075389174227341	      0.00033357827268304385	      0.00035770774553772755	      0.01084542753845786633	      0.00116479110796452456	      0.00150975469194428169	     -0.00027548533868854141	      0.00028263049597976320	     -0.00085502742476344096
      0.92600000000000048939	     -0.00087788596153770548	     -0.00104341626962489720	      0.00201625640295000075	      0.00008215655900513374	      0.00028268062313913621	     -0.00023873198243517385	      0.00002651244830118027	      0.00087080926337938444	      0.00034125409253867034	      0.00035022002223583648	      0.01104411626319949657	      0.00114430527672043647	      0.00153348594874158639	     -0.00027839717063692093	      0.00027633192017462171	     -0.00084758914115380668
      0.92700000000000049027	     -0.00083947497348664524	     -0.00106725502422144736	      0.00199705954389761686	      0.00008071024629461437	      0.00028805106375606477	     -0.00023793378791008360	     -0.00000322265626911955	      0.00090042294191041913	      0.00034877946405847959	      0.00034275215353407607	      0.01124198620452165898	      0.00112386123363483748	      0.00155679124697733623	     -0.00028123231501446522	      0.00027005437236726770	     -0.00084019811894120444
      0.92800000000000049116	     -0.00080095151434407541	     -0.00109109387536376889	      0.00197762791469480170	      0.00007926728020269530	      0.00029333542235597272	     -0.00023711931555978755	     -0.00003279194642391570	      0.00092958434742141868	      0.00035615327430678356	      0.00033530501767242704	      0.01143906252892519515	      0.00110345876593370695	      0.00157966231781456884	     -0.00028399125859954188	      0.00026379769509765616	     -0.00083285309212747377
      0.92900000000000049205	     -0.00076233501059214809	     -0.00111493617655944455	      0.00195796595508546112	      0.00007782790758980446	      0.00029853165467688160	     -0.00023628823123136855	     -0.00006219257395437272	      0.00095828286298036899	      0.00036337214040227384	      0.00032787882126972256	      0.01163559348779386049	      0.00108309779917098448	      0.00160209078533238986	     -0.00028667493031302171	      0.00025756134998866642	     -0.00082555204859079134
      0.93000000000000049294	     -0.00072364483211832809	     -0.00113878521412902334	      0.00193807827312264536	      0.00007639217871607124	      0.00030363758156766972	     -0.00023544047082662070	     -0.00009141976721285805	      0.00098650807942601143	      0.00037043569011559196	      0.00032047483810704325	      0.01183160065522588511	      0.00106277875199606298	      0.00162406876608468115	     -0.00028928396928722122	      0.00025134520346958844	     -0.00081829410184660473
      0.93100000000000049383	     -0.00068490030070281205	     -0.00116264416557843031	      0.00191796955110512535	      0.00007495994540047957	      0.00030865091558251664	     -0.00023457623742945827	     -0.00012046684639593908	      0.00101424993095668506	      0.00037734598548103127	      0.00031309514379190828	      0.01202687867549556699	      0.00104250248791321054	      0.00164558890611424952	     -0.00029181873359020172	      0.00024514954251775301	     -0.00081107952039514292
      0.93200000000000049472	     -0.00064612074501921302	     -0.00118651614332354605	      0.00189764471027897841	      0.00007353109222957288	      0.00031356943512781885	     -0.00023369573726058496	     -0.00014932682615789727	      0.00104149864805246420	      0.00038410408927833095	      0.00030574139588812610	      0.01222123317899703743	      0.00102227013846661885	      0.00166664406446559790	     -0.00029427970077061660	      0.00023897469400457894	     -0.00080390875852359711
      0.93300000000000049560	     -0.00060732553943153300	     -0.00121040422368956513	      0.00187710906419491508	      0.00007210575288185000	      0.00031839111847027993	     -0.00023279893516410521	     -0.00017799393618467274	      0.00106824447617608412	      0.00039070972129583159	      0.00029841483950959757	      0.01241469165504896499	      0.00100208300676729589	      0.00168722708075252914	     -0.00029666778445450182	      0.00023282068289876001	     -0.00079678155769669079
      0.93400000000000049649	     -0.00056853410420025507	     -0.00123431140279062213	      0.00185636821919210604	      0.00007068430489352850	      0.00032311415403198443	     -0.00023188555492649476	     -0.00020646363718920813	      0.00109447767271224697	      0.00039716203710138398	      0.00029111659393477041	      0.01260749117713166889	      0.00098194252202804533	      0.00170733081703987322	     -0.00029898429697111650	      0.00022668727437080705	     -0.00078969695096818560
      0.93500000000000049738	     -0.00052976582266842792	     -0.00125824056753642832	      0.00183542785097157157	      0.00006926696571846885	      0.00032773669832144008	     -0.00023095554575336061	     -0.00023472967321505611	      0.00112018893387868732	      0.00040346192794746272	      0.00028384832327993381	      0.01279965081315828646	      0.00096185039176388543	      0.00172694860111142004	     -0.00030123027078117481	      0.00022057477696124650	     -0.00078265498463959277
      0.93600000000000049827	     -0.00049104004833983028	     -0.00128219446582356067	      0.00181429362196605659	      0.00006785380005819991	      0.00033225690684938070	     -0.00023000906732435766	     -0.00026278417429217993	      0.00114536945540185189	      0.00040961120301413745	      0.00027661198333361892	      0.01299097491489514811	      0.00094180848021485630	      0.00174607417429529024	     -0.00030340646457815978	      0.00021448408588464751	     -0.00077565665981013665
      0.93700000000000049916	     -0.00045237615688233784	     -0.00130617573296065714	      0.00179297132513611679	      0.00006644495539147310	      0.00033667309961286310	     -0.00022904622258582835	     -0.00029061923765508202	      0.00117001072647474405	      0.00041561045285715137	      0.00026940920410067903	      0.01318128348108328629	      0.00092181865873974811	      0.00176470135155581270	     -0.00030551372726919657	      0.00020841634350277083	     -0.00076870291571336929
      0.93800000000000050004	     -0.00041379356979846793	     -0.00133018690735109413	      0.00177146700164998450	      0.00006504086453569535	      0.00034098385782340476	     -0.00022806682583062857	     -0.00031822834279626733	      0.00119410421462470481	      0.00042146071536022789	      0.00026224184130324568	      0.01337060166752968016	      0.00090188276835406755	      0.00178282387884447918	     -0.00030755323378431343	      0.00020237261519873151	     -0.00076179375818913320
      0.93900000000000050093	     -0.00037531173905112902	     -0.00135423040131710248	      0.00174978684144200258	      0.00006364221805359865	      0.00034518800435743863	     -0.00022707041983709500	     -0.00034560635500180403	      0.00121764140700632989	      0.00042716431658725018	      0.00025511218839924243	      0.01355914502327310034	      0.00088200259817861060	      0.00180043554881382725	     -0.00030952644514048444	      0.00019635385555449858	     -0.00075492832565880741
      0.94000000000000050182	     -0.00033695006734491689	     -0.00137830850635944913	      0.00172793700664364280	      0.00006224956099620815	      0.00034928438110127472	     -0.00022605673455031866	     -0.00037274675095771981	      0.00124061435722495894	      0.00043272341425205918	      0.00024802250874417231	      0.01374692749682203396	      0.00086217995904641631	      0.00181753056213580441	     -0.00031143456658211388	      0.00019036158703333861	     -0.00074810659937723373
      0.94100000000000050271	     -0.00029872789841195457	     -0.00140242337524709715	      0.00170592355787957395	      0.00006086327365901339	      0.00035327184611982053	     -0.00022502569404499184	     -0.00039964169947631634	      0.00126301572966957404	      0.00043813925692069711	      0.00024097474696466170	      0.01393376666787392304	      0.00084241662431683295	      0.00183410356699089880	     -0.00031327856996070380	      0.00018439783422685707	     -0.00074132943732269779
      0.94200000000000050360	     -0.00026066454732030092	     -0.00142657703506088307	      0.00168375255329755724	      0.00005948376773673436	      0.00035714938523943168	     -0.00022397718653283452	     -0.00042628349484977179	      0.00128483857442109398	      0.00044341210278320276	      0.00023397045520551218	      0.01411949771963046107	      0.00082271433407171690	      0.00185014953102303342	     -0.00031505950814125772	      0.00017846468948645722	     -0.00073459770548617992
      0.94300000000000050449	     -0.00022277930664852535	     -0.00145077139458793525	      0.00166143010965424942	      0.00005811165475332752	      0.00036091616632078459	     -0.00022291086358893278	     -0.00045266583399256044	      0.00130607611561784839	      0.00044854408522175537	      0.00022701168257438509	      0.01430414105362202981	      0.00080307486577885223	      0.00186566377130595665	     -0.00031677870182905687	      0.00017256392036624213	     -0.00072791152619031130
      0.94400000000000050537	     -0.00018509142507583398	     -0.00147500822641299933	      0.00163896231890126032	      0.00005674771889483538	      0.00036457151145976620	     -0.00022182615433108052	     -0.00047878384870497781	      0.00132672178773567823	      0.00045353978078667423	      0.00022010113160225719	      0.01448788697871146447	      0.00078349998866822368	      0.00188064202090134150	     -0.00031843770832284957	      0.00016669692866555508	     -0.00072127032770027272
      0.94500000000000050626	     -0.00014762004315661825	     -0.00149928919221065104	      0.00161635516106262145	      0.00005539255320839015	      0.00036811471812723227	     -0.00022072268452067584	     -0.00050463155327901132	      0.00134676967260404998	      0.00045840181789792711	      0.00021324086216339966	      0.01467074468384621522	      0.00076399140546729027	      0.00189508052638956773	     -0.00032003790420950806	      0.00016086543645843498	     -0.00071467440527287623
      0.94600000000000050715	     -0.00011038417887525298	     -0.00152361582960314212	      0.00159361445973971172	      0.00005404654737966447	      0.00037154504890883448	     -0.00021960027701433543	     -0.00053020194850494917	      0.00136621444828979172	      0.00046313056516902873	      0.00020643210686421831	      0.01485254748328357355	      0.00074455067431916655	      0.00190897601552014046	     -0.00032158050087981171	      0.00015507144287241204	     -0.00070812491482292322
      0.94700000000000050804	     -0.00007340274682737097	     -0.00154798955465762500	      0.00157074593671069351	      0.00005271007323013471	      0.00037486181738133340	     -0.00021845873295960397	     -0.00055548837600660761	      0.00138505114184259148	      0.00046772608588813158	      0.00019967576586488178	      0.01503314529201603411	      0.00072517925409659734	      0.00192232562288036438	     -0.00032306678415328083	      0.00014931681807350827	     -0.00070162302190741876
      0.94800000000000050893	     -0.00003669456388010611	     -0.00157241166540600386	      0.00154775521392647164	      0.00005138364628061443	      0.00037806444399120318	     -0.00021729763761791157	     -0.00058048575857702622	      0.00140327503119405672	      0.00047219088712281698	      0.00019297350407015967	      0.01521255413624302000	      0.00070587857759890626	      0.00193512691181679797	     -0.00032449827554996424	      0.00014360292512249906	     -0.00069516914093235849
      0.94900000000000050981	     -0.00000027832937148087	     -0.00159688332970076008	      0.00152464775376759398	      0.00005006790377679732	      0.00038115243518881386	     -0.00021611637173444762	     -0.00060519065208905487	      0.00142088166149532610	      0.00047652998121427981	      0.00018632784722610873	      0.01539094221160511311	      0.00068664998726158943	      0.00194737784632052421	     -0.00032587671474493263	      0.00013793058923949886	     -0.00068876294101580249
      0.95000000000000051070	      0.00003582742777209769	     -0.00162140561347123846	      0.00150142888254012341	      0.00004876327096371702	      0.00038412522904944339	     -0.00021491450729766923	     -0.00062959880992746742	      0.00143786705942238260	      0.00048074565263632463	      0.00017974039614088166	      0.01556831675497998002	      0.00066749463444815138	      0.00195907669892354114	     -0.00032720371734475118	      0.00013230079332138267	     -0.00068240480052082775
      0.95100000000000051159	      0.00007160436511126356	     -0.00164597946660727246	      0.00147810377632495715	      0.00004746994889603257	      0.00038698218075794780	     -0.00021369181278051499	     -0.00065370525923372225	      0.00145422762364439198	      0.00048483767503791630	      0.00017321173459561301	      0.01574452752776249465	      0.00064841341670013319	      0.00197022196596749466	     -0.00032848077589973934	      0.00012671464836078172	     -0.00067609578154546879
      0.95200000000000051248	      0.00010703431423571969	     -0.00167060572192745393	      0.00145467745858418596	      0.00004618808259733431	      0.00038972263625350161	     -0.00021244805403563063	     -0.00067750557877691020	      0.00146995994375339126	      0.00048880632586457973	      0.00016674229450674982	      0.01591943728241075606	      0.00062940705356412385	      0.00198081232563439985	     -0.00032970944128758728	      0.00012117299648006785	     -0.00066983680242343330
      0.95300000000000051337	      0.00014209926771434345	     -0.00169528509953165152	      0.00143115473373200963	      0.00004491791545013779	      0.00039234601084225853	     -0.00021118280877385071	     -0.00070099715111637817	      0.00148506083421993951	      0.00049265391704589323	      0.00016033353031619235	      0.01609306005229921288	      0.00061047615319220760	      0.00199084660955409568	     -0.00033089149452533717	      0.00011567601917295001	     -0.00066362784886112025
      0.95400000000000051426	      0.00017678139260584452	     -0.00172001819580058779	      0.00140754015152877443	      0.00004365977245662789	      0.00039485178079531370	     -0.00020989547787259727	     -0.00072417920097003763	      0.00149952733909785446	      0.00049638437512028455	      0.00015398795221926997	      0.01626554998333434865	      0.00059162115557526151	      0.00200032372814875833	     -0.00033202894101895530	      0.00011022321755116415	     -0.00065746796192552720
      0.95500000000000051514	      0.00021106307939599417	     -0.00174480550747235785	      0.00138383814991671628	      0.00004241375552446747	      0.00039723932401358915	     -0.00020858566069796927	     -0.00074705031815111567	      0.00151335672314384731	      0.00049999935315871158	      0.00014770705554273400	      0.01643691569793685747	      0.00057284224507470061	      0.00200924261661010461	     -0.00033312366622900713	      0.00010481417526087000	     -0.00065135671392505673
      0.95600000000000051603	      0.00024492695583980956	     -0.00176964742157337263	      0.00136005306491804312	      0.00004117974522573065	      0.00039950790359838916	     -0.00020725314980016632	     -0.00076960845597809358	      0.00152654638061740233	      0.00050349877528335640	      0.00014149121187956304	      0.01660702186488442755	      0.00055413929471725965	      0.00201760226402151327	     -0.00033417741407976154	      0.00009944859249078064	     -0.00064529425392948619
      0.95700000000000051692	      0.00027835587402959272	     -0.00179454422621272425	      0.00133618905848309488	      0.00003995757069499839	      0.00040165674539646701	     -0.00020589772948199567	     -0.00079185215235932915	      0.00153909380422506334	      0.00050688351407741916	      0.00013534064321768513	      0.01677574277864704588	      0.00053551192556755556	      0.00202540181308882503	     -0.00033519193906356159	      0.00009412593641244804	     -0.00063928056646621323
      0.95800000000000051781	      0.00031133288688388328	     -0.00181949612872589483	      0.00131224997792145359	      0.00003874717398992533	      0.00040368514474565381	     -0.00020451897975548930	     -0.00081378179333982392	      0.00155099676127042063	      0.00051015517310176728	      0.00012925653190526409	      0.01694309366472637746	      0.00051695953538177797	      0.00203264061153303477	     -0.00033616919976144077	      0.00008884508021700377	     -0.00063331472940784256
      0.95900000000000051870	      0.00034384125369975316	     -0.00184450324583296243	      0.00128823934136756968	      0.00003754860597925125	      0.00040559246953075952	     -0.00020311628141683746	     -0.00083539960191017504	      0.00156225330611212826	      0.00051331538474040650	      0.00012324097506472009	      0.01710922184182427086	      0.00049848125111295882	      0.00203931819855840760	     -0.00033711135540596959	      0.00008360432694032305	     -0.00062739494693046099
      0.96000000000000051958	      0.00037586448989521820	     -0.00186956560817985729	      0.00126416060021417032	      0.00003636173138906601	      0.00040737798172265499	     -0.00020168919747677941	     -0.00085670704975873702	      0.00157286156891973949	      0.00051636470909127707	      0.00011729483945988051	      0.01727413925604984191	      0.00048007590560744662	      0.00204543428499667432	     -0.00033802037720637168	      0.00007840222414423614	     -0.00062152006273375610
      0.96100000000000052047	      0.00040738637395860283	     -0.00189468314111296277	      0.00124001717019539548	      0.00003518622725881548	      0.00040904083178270462	     -0.00020023748336636324	     -0.00087770480887935931	      0.00158281967318854577	      0.00051930331150956688	      0.00011141769088029996	      0.01743772310133852310	      0.00046174201598880860	      0.00205098874651003793	     -0.00033889802482471587	      0.00007323760443433969	     -0.00061568961395682201
      0.96200000000000052136	      0.00043839092582105554	     -0.00191985567918562250	      0.00121581228837741584	      0.00003402174193497393	      0.00041058016302559543	     -0.00019876090475606963	     -0.00089839399213459403	      0.00159212581943716375	      0.00052213233383419100	      0.00010560884411975335	      0.01759985851421191905	      0.00044347783518705608	      0.00205598167033313982	     -0.00033974601844871666	      0.00006810921820865623	     -0.00060990309037821377
      0.96300000000000052225	      0.00046886237251399926	     -0.00194508298830575743	      0.00119154880534444452	      0.00003286805107838298	      0.00041199524903727525	     -0.00019725905919536040	     -0.00091877745210744433	      0.00160077853860239941	      0.00052485228037779663	      0.00009986850937315772	      0.01776056371678960688	      0.00042528137230640750	      0.00206041334386238874	     -0.00034056626248546440	      0.00006301535123531821	     -0.00060415918402842092
      0.96400000000000052314	      0.00049878514591499001	     -0.00197036474684064711	      0.00116722919232814526	      0.00003172505140264237	      0.00041328550970434232	     -0.00019573139858869958	     -0.00093885973239685172	      0.00160877668480224889	      0.00052746240296841496	      0.00009419776807001456	      0.01791998233723811340	      0.00040715037688954236	      0.00206428420129392207	     -0.00034136084791451526	      0.00005795385653084573	     -0.00059845583467296043
      0.96500000000000052403	      0.00052814393519150932	     -0.00199570052701802947	      0.00114285591422413901	      0.00003059246997582504	      0.00041445031316096961	     -0.00019417762799513183	     -0.00095864436978732037	      0.00161611905606644235	      0.00052996253573853180	      0.00008859641269565177	      0.01807812995265400957	      0.00038908237535578705	      0.00206759481555902382	     -0.00034213161980808926	      0.00005292302019221928	     -0.00059279179576864419
      0.96600000000000052491	      0.00055692368553108412	     -0.00202108976807480190	      0.00111843147740353643	      0.00002946986067762364	      0.00041548898642259496	     -0.00019259773489351505	     -0.00097813381693989676	      0.00162280431759380048	      0.00053235354965977533	      0.00008306286952314279	      0.01823489456570843992	      0.00037107466715524673	      0.00207034583980714518	     -0.00034288016899278184	      0.00004792161431499409	     -0.00058716671300176881
      0.96700000000000052580	      0.00058510956394535601	     -0.00204653179540192909	      0.00109395821967783746	      0.00002835675586698033	      0.00041640095443392852	     -0.00019099182821574398	     -0.00099733071879951063	      0.00162883117428566995	      0.00053463695020700142	      0.00007759525757256025	      0.01839017164331034626	      0.00035312435987649993	      0.00207253798112657858	     -0.00034360804639432807	      0.00004294851738251282	     -0.00058158039307674991
      0.96800000000000052669	      0.00061268691915856988	     -0.00207202584415322466	      0.00106943804524406438	      0.00002725281413669400	      0.00041718589466312010	     -0.00018935998312255738	     -0.00101623923091975765	      0.00163419866606878336	      0.00053681298405057476	      0.00007219271654229642	      0.01854398250105747381	      0.00033522839738342469	      0.00207417196214502997	     -0.00034431699515220793	      0.00003800232264361547	     -0.00057603207293243849
      0.96900000000000052758	      0.00063964127545466931	     -0.00209757103325125538	      0.00104487245225448611	      0.00002615781169008208	      0.00041784376048370660	     -0.00018770228479420177	     -0.00103486494182242206	      0.00163890613003038824	      0.00053888044815181280	      0.00006685545138807036	      0.01869646704425430295	      0.00031738356687266434	      0.00207524843263176551	     -0.00034500895711829516	      0.00003308138556801232	     -0.00057052050003233643
      0.97000000000000052847	      0.00066595838833558019	     -0.00212316633173226244	      0.00102026300109270274	      0.00002507135889429774	      0.00041837456588785828	     -0.00018601922511161245	     -0.00105321211732459230	      0.00164295270208096589	      0.00054083998157830604	      0.00006158237519554577	      0.01884764387711816702	      0.00029958654928552431	      0.00207576795252395127	     -0.00034568562992554064	      0.00002818472346421963	     -0.00056504552106791117
      0.97100000000000052935	      0.00069162424665630828	     -0.00214881052432591702	      0.00099561137694070823	      0.00002399290324305026	      0.00041877836947392874	     -0.00018431167806502897	     -0.00107128363477296262	      0.00164633730788559321	      0.00054269393861142157	      0.00005637096487154380	      0.01899741055463211037	      0.00028183392748282188	      0.00207573101122970373	     -0.00034634844942343923	      0.00002331202040894986	     -0.00055960805646179668
      0.97200000000000053024	      0.00071662503994109755	     -0.00217450222652293412	      0.00097091912470270714	      0.00002292188616117435	      0.00041905538669653741	     -0.00018258066527411174	     -0.00108908230676693640	      0.00164905900167082800	      0.00054444455011967707	      0.00005121835636068273	      0.01914567122032781454	      0.00026412223744726182	      0.00207513813454725943	     -0.00034699879187914673	      0.00001846316224218825	     -0.00055420921140065735
      0.97300000000000053113	      0.00074094713042905519	     -0.00220023989807727194	      0.00094618734197493559	      0.00002185789558122736	      0.00041920609067909280	     -0.00018082712663206567	     -0.00110661223012073484	      0.00165111739259061335	      0.00054609294697342825	      0.00004612301941558927	      0.01929244854965492251	      0.00024644805065282549	      0.00207399005076784951	     -0.00034763814223735812	      0.00001363776084795099	     -0.00054884939542712216
      0.97400000000000053202	      0.00076457705956221866	     -0.00222602180821429574	      0.00092141672746692826	      0.00002080066585054274	      0.00041923118282390266	     -0.00017905188861773794	     -0.00112387872828595414	      0.00165251267206941582	      0.00054763939438207121	      0.00004108486520526533	      0.01943787691744550128	      0.00022880800957836289	      0.00207228774655178645	     -0.00034826806482345096	      0.00000883513378169276	     -0.00054352826652844313
      0.97500000000000053291	      0.00078750161014159992	     -0.00225184599946015584	      0.00089660812670433465	      0.00001974980649831204	      0.00041913134831565897	     -0.00017725600326175608	     -0.00114088561247932541	      0.00165324506078201941	      0.00054908565669216369	      0.00003610235803253037	      0.01958197553686528980	      0.00021119883805337247	      0.00207003245685069732	     -0.00034888979041705626	      0.00000405518000734517	     -0.00053824624400078402
      0.97600000000000053380	      0.00080970781022943888	     -0.00227771025650858050	      0.00087176260635746239	      0.00001870480432079880	      0.00041890723670001684	     -0.00017544072206488945	     -0.00115763513814221009	      0.00165331478056716594	      0.00055043438730854877	      0.00003117231779137253	      0.01972464783250325870	      0.00019361733842915285	      0.00206722564826483136	     -0.00034950422956243898	     -0.00000070162623511116	     -0.00053300449495046268
      0.97700000000000053468	      0.00083118289672083623	     -0.00230361212105856250	      0.00084688114750641752	      0.00001766517537606788	      0.00041855958324593483	     -0.00017360728128001240	     -0.00117412933415902976	      0.00165272243255983400	      0.00055168722238294055	      0.00002629124932834737	      0.01986580132076028182	      0.00017606047445084538	      0.00206386911383891168	     -0.00035011219629084434	     -0.00000543470718494810	     -0.00052780408921974248
      0.97800000000000053557	      0.00085191429126015017	     -0.00232954889910663709	      0.00082196431035908013	      0.00001663061527239912	      0.00041808929984337405	     -0.00017175668853303128	     -0.00119037136265720545	      0.00165146944611811730	      0.00055284572803805665	      0.00002145752876975271	      0.02000545673083245490	      0.00015852551973888351	      0.00205996517643957516	     -0.00035071456472446361	     -0.00001014386940068057	     -0.00052264515958680424
      0.97900000000000053646	      0.00087188961115382269	     -0.00235551763128705183	      0.00079701229907191973	      0.00001560099666092496	      0.00041749744254172827	     -0.00016988970581965392	     -0.00120636549564528961	      0.00164955805953465040	      0.00055391206202812238	      0.00001667158533480428	      0.02014374278796390860	      0.00014101009051536995	      0.00205551668749803969	     -0.00035131227864133863	     -0.00001482932818563931	     -0.00051752690158224715
      0.98000000000000053735	      0.00089109672739003110	     -0.00238151507562223141	      0.00077202556076105822	      0.00001457609749583311	      0.00041678499050516911	     -0.00016800720222660305	     -0.00122211442602046527	      0.00164699062213231884	      0.00055488855048323182	      0.00001193222008355477	      0.02028067837763805614	      0.00012351204411431560	      0.00205052681903713195	     -0.00035190606755186593	     -0.00001949081148744369	     -0.00051244917034562118
      0.98100000000000053824	      0.00090952377318598981	     -0.00240753768667134604	      0.00074700486705991942	      0.00001355559750083890	      0.00041595282432646541	     -0.00016611014231558523	     -0.00123761925972612485	      0.00164376952124135542	      0.00055577680695188814	      0.00000723637513488917	      0.02041616872901572122	      0.00010602945458065838	      0.00204499898239495805	     -0.00035249651295038431	     -0.00002412757260561449	     -0.00050741253778572096
      0.98200000000000053912	      0.00092715911100960113	     -0.00243358162701734493	      0.00072195098174954175	      0.00001253922656969247	      0.00041500183702052919	     -0.00016419938432058259	     -0.00125288083521177263	      0.00163989760779871194	      0.00055657700069135230	      0.00000258086768512023	      0.02055011718412504129	      0.00008856076347146802	      0.00203893695710352565	     -0.00035308428155601812	     -0.00002873887526155805	     -0.00050241750746419025
      0.98300000000000054001	      0.00094399131128828501	     -0.00245964276559396122	      0.00069686431005133720	      0.00001152692203745809	      0.00041393301643641127	     -0.00016227546605208226	     -0.00126790114537775334	      0.00163537865648009928	      0.00055729094215697939	     -0.00000203483555166750	      0.02068254172999772766	      0.00007110501954948889	      0.00203234512524810319	     -0.00035367030381418252	     -0.00003332452126092456	     -0.00049746368611893604
      0.98400000000000054090	      0.00096000916846455259	     -0.00248571665709151901	      0.00067174497270139355	      0.00001051882519037539	      0.00041274740927555072	     -0.00016033859243951877	     -0.00128268339365922301	      0.00163021730288783612	      0.00055792290525502608	     -0.00000660839106680911	      0.02081357367985776918	      0.00005366189873412530	      0.00202522840944716932	     -0.00035425585145480720	     -0.00003788490100764541	     -0.00049254983631969937
      0.98500000000000054179	      0.00097520175761613842	     -0.00251179855339211944	      0.00064659343309347861	      0.00000951499761067676	      0.00041144591705642719	     -0.00015838900581966256	     -0.00129722933049399025	      0.00162441824011557573	      0.00055847542648403137	     -0.00001113924969425861	      0.02094323401036930765	      0.00003623145037512376	      0.00201759188663424346	     -0.00035484239037381071	     -0.00004242007296917372	     -0.00048767561320419567
      0.98600000000000054268	      0.00098955845061975828	     -0.00253788339761695791	      0.00062141057930786836	      0.00000851540992848066	      0.00041002927010398878	     -0.00015642698873256401	     -0.00131153926640018015	      0.00161798611114439064	      0.00055894844968407131	     -0.00001562891283024559	      0.02107142433986521068	      0.00001881403122827585	      0.00200944067437546989	     -0.00035543164908406755	     -0.00004692977005049670	     -0.00048284166508101231
      0.98700000000000054357	      0.00100306889016676948	     -0.00256396584217588597	      0.00059619738283656076	      0.00000752008907738827	      0.00040849814107381428	     -0.00015445268613845098	     -0.00132561329954095086	      0.00161092594689718482	      0.00055934061756009179	     -0.00002007876494317107	      0.02119803607875016260	      0.00000141048709767500	      0.00200078012210066353	     -0.00035602567667585017	     -0.00005141382911966197	     -0.00047804875569486954
      0.98800000000000054445	      0.00101572296664160372	     -0.00259004025503672963	      0.00057095454647004829	      0.00000652928751079113	      0.00040685325947145343	     -0.00015246590471215335	     -0.00133945272301601304	      0.00160324356118476258	      0.00055965391837475842	     -0.00002448693524337298	      0.02132308723861053856	     -0.00001597758858473686	      0.00199161604966303050	     -0.00035662684971232705	     -0.00005587267994200396	     -0.00047329672592444361
      0.98900000000000054534	      0.00102751083747580629	     -0.00261610072537354910	      0.00054568258042952955	      0.00000554347461167309	      0.00040509540395212637	     -0.00015046612889573104	     -0.00135306004619312192	      0.00159494540993949246	      0.00055989433139184974	     -0.00002884824220911186	      0.02144672619245696632	     -0.00003334793913867262	      0.00198195464365886337	     -0.00035723778939897310	     -0.00006030732528872207	     -0.00046858441705648415
      0.99000000000000054623	      0.00103842298833552865	     -0.00264214111912541849	      0.00052038243479257673	      0.00000456302212965137	      0.00040322522265484780	     -0.00014845295091289040	     -0.00136643613504160155	      0.00158603772657722047	      0.00056006424037488567	     -0.00003315999946401638	      0.02156897971096201350	     -0.00005069814713115628	      0.00197180199714946935	     -0.00035786105831495107	     -0.00006471825738785242	     -0.00046391145402387667
      0.99100000000000054712	      0.00104845025624437233	     -0.00266815509328643952	      0.00049505557341689155	      0.00000358818182535914	      0.00040124321731755709	     -0.00014642610389093130	     -0.00137958017316110182	      0.00157652638621728555	      0.00056016193094191036	     -0.00003742232199385742	      0.02168973819388417268	     -0.00006802578274245352	      0.00196116400483880519	     -0.00035849908828254617	     -0.00006910540127558207	     -0.00045927829423026388
      0.99200000000000054801	      0.00105758380844935690	     -0.00269413611105429052	      0.00046970363079856803	      0.00000261923918305762	      0.00039914985128015369	     -0.00014438528633656331	     -0.00139249092059044732	      0.00156641736021764788	      0.00056018506648758404	     -0.00004163538228690866	      0.02180887350939124392	     -0.00008532813172984488	      0.00195004659472230134	     -0.00035915422028078015	     -0.00007346857249990180	     -0.00045468531760259855
      0.99300000000000054889	      0.00106581510996706791	     -0.00272007744577851263	      0.00044432806068606112	      0.00000165669970808580	      0.00039694568957548797	     -0.00014232994644926798	     -0.00140516826906829373	      0.00155571704432020189	      0.00056013569220060566	     -0.00004579601513518550	      0.02192640711174895229	     -0.00010260184252192106	      0.00193845590752041944	     -0.00035982882955375162	     -0.00007780805897072973	     -0.00045013171909301895
      0.99400000000000054978	      0.00107313594155589859	     -0.00274597219396455205	      0.00041893019764205341	      0.00000070127477128784	      0.00039463139946429616	     -0.00014025930588088247	     -0.00141761334562419405	      0.00154443210501053335	      0.00056002043265906964	     -0.00004989776027894410	      0.02204251845411209221	     -0.00011984302966477900	      0.00192639816391942074	     -0.00036052532648410407	     -0.00008212464147483445	     -0.00044561548490843102
      0.99500000000000055067	      0.00107953847209529136	     -0.00277181334537479618	      0.00039351186779756908	     -0.00000024647289466329	      0.00039220754097228812	     -0.00013817284150423629	     -0.00142982547912640090	      0.00153256872857334553	      0.00055984129616955258	     -0.00005393732412101171	      0.02215724255955978106	     -0.00013704791572710651	      0.00191387926276223412	     -0.00036124584719569863	     -0.00008641841171952436	     -0.00044113548083898717
      0.99600000000000055156	      0.00108501528399991554	     -0.00279759379810984310	      0.00036807544187755781	     -0.00000118616147689460	      0.00038967454631108622	     -0.00013607033458455566	     -0.00144180219584014169	      0.00152013252373490657	      0.00055959569341737514	     -0.00005791477602362649	      0.02227045077072868640	     -0.00015421298104084658	      0.00190090470715845433	     -0.00036199222089176863	     -0.00009068873542328326	     -0.00043669158512222098
      0.99700000000000055245	      0.00108955935041611662	     -0.00282330637136041229	      0.00034262349447233831	     -0.00000211742699980644	      0.00038703283637647572	     -0.00013395169373950702	     -0.00145354058222492422	      0.00150712895075881190	      0.00055928135230530474	     -0.00006183033229567592	      0.02238199042882156597	     -0.00017133458651613642	      0.00188747982465945537	     -0.00036276608368332464	     -0.00009493478557764945	     -0.00043228373800005548
      0.99800000000000055334	      0.00109316398886376287	     -0.00284894381588984835	      0.00031715845573421220	     -0.00000303972509755474	      0.00038428300282796791	     -0.00013181673442959297	     -0.00146503898250889553	      0.00149356353239353534	      0.00055890047620420213	     -0.00006568103103629652	      0.02249189012592983650	     -0.00018840854051016542	      0.00187360984460619448	     -0.00036356915140105250	     -0.00009915623034062460	     -0.00042791074403174256
      0.99900000000000055422	      0.00109582287405917550	     -0.00287449882919277311	      0.00029168264900514274	     -0.00000395235541116729	      0.00038142582204063469	     -0.00012966522251776653	     -0.00147629713657919381	      0.00147944170814573450	      0.00055845944959670435	     -0.00006946092176229879	      0.02260037071355230909	     -0.00020543020577729054	      0.00185929976799396922	     -0.00036440328727035953	     -0.00010335328450439274	     -0.00042357030632560015
      1.00000000000000044409	      0.00109753012603623634	     -0.00289996411935411480	      0.00026619886759982059	     -0.00000485486017531150	      0.00037846199236682074	     -0.00012749742273471991	     -0.00148731287758169239	      0.00146476832304709773	      0.00055796027502322265	     -0.00007316767133802582	      0.02270747682032828174	     -0.00022239522639116993	      0.00184455415527513345	     -0.00036527009504916386	     -0.00010752538434666281	     -0.00041926147463360562
      1.00100000000000033396	      0.00109828033226485461	     -0.00292533241388126530	      0.00024071040213424766	     -0.00000574706615929371	      0.00037539211778729077	     -0.00012531417036257156	     -0.00149808213849088323	      0.00144954758478803292	      0.00055740105456655864	     -0.00007680264351256350	      0.02281305598812127799	     -0.00023929965709934553	      0.00182937709821601830	     -0.00036617092007655561	     -0.00011167116677257560	     -0.00041498484979023836
      1.00200000000000022382	      0.00109806851599328348	     -0.00295059647497952771	      0.00021522070537116633	     -0.00000662890403281546	      0.00037221684653720652	     -0.00012311666640394152	     -0.00150860047797808650	      0.00143378341023118333	      0.00055678106969549168	     -0.00008036745749082086	      0.02291693155253028691	     -0.00025613951678532532	      0.00181377237482062892	     -0.00036710705264988985	     -0.00011578910132714615	     -0.00041074149606596701
      1.00300000000000011369	      0.00109689007555684864	     -0.00297574911734987957	      0.00018973305388114703	     -0.00000750017744863274	      0.00036893707028883699	     -0.00012090616070574694	     -0.00151886496982341079	      0.00141747951788068205	      0.00055610325494057089	     -0.00008386093580323162	      0.02301914206050635625	     -0.00027291036347704134	      0.00179774342263724907	     -0.00036808006139261995	     -0.00011987828327542083	     -0.00040653147727345677
      1.00400000000000000355	      0.00109474078953198523	     -0.00300078320828767175	      0.00016425056863700327	     -0.00000836056082154091	      0.00036555391437552084	     -0.00011868388902415016	     -0.00152887443644453280	      0.00140063934522935765	      0.00055537344040824943	     -0.00008727931266294675	      0.02311995125977199528	     -0.00028960747000089659	      0.00178129325587723757	     -0.00036909179439216511	     -0.00012393850325531641	     -0.00040235372176937456
      1.00499999999999989342	      0.00109161691970047908	     -0.00302569169175326280	      0.00013877676927021021	     -0.00000920999264588523	      0.00036206837394484395	     -0.00011645155017821456	     -0.00153862597090953512	      0.00138326589165465447	      0.00055459403058120971	     -0.00009062229246190046	      0.02321941164028702709	     -0.00030622665828050621	      0.00176442452883100297	     -0.00037014371537266721	     -0.00012796875761500459	     -0.00039820859301361103
      1.00599999999999978328	      0.00108751522475668966	     -0.00305046757376581379	      0.00011331558808969078	     -0.00001004868354153449	      0.00035848127193258313	     -0.00011421126506223802	     -0.00154811505441011799	      0.00136536176325148528	      0.00055376464437048578	     -0.00009389288658162576	      0.02331734552421706186	     -0.00032276447192081115	      0.00174713956871522117	     -0.00037123683307249689	     -0.00013196724290087669	     -0.00039409791379416137
      1.00699999999999967315	      0.00108243291529386276	     -0.00307510394150811717	      0.00008787104450846961	     -0.00001087689727204133	      0.00035479341194365015	     -0.00011196526760608882	     -0.00155733732196013108	      0.00134692940447629639	      0.00055288617281344654	     -0.00009709398108884160	      0.02341355610677522958	     -0.00033921773374862019	      0.00172944043774858613	     -0.00037237196446372745	     -0.00013593210041884518	     -0.00039002358599457727
      1.00799999999999956302	      0.00107636758326666582	     -0.00309959400210768621	      0.00006244690996903834	     -0.00001169471803227212	      0.00035100580547431370	     -0.00010971557351337262	     -0.00156629051596876567	      0.00132797105612141378	      0.00055196141390903564	     -0.00010022585443331122	      0.02350809019395920518	     -0.00035558310742839216	      0.00171132881173336306	     -0.00037355017803328283	     -0.00013986229338036615	     -0.00038598602592427277
      1.00899999999999945288	      0.00106931720050008200	     -0.00312393107340935838	      0.00003704670927873188	     -0.00001250205678556687	      0.00034711966895786470	     -0.00010746394027579920	     -0.00157497465634753864	      0.00130848871183603804	      0.00055099420333598603	     -0.00010328649502905352	      0.02360124385989596785	     -0.00037185723666777193	      0.00169280595078641219	     -0.00037477283643756742	     -0.00014375767429364306	     -0.00038198410036968146
      1.00999999999999934275	      0.00106128023291087586	     -0.00314810856090064206	      0.00001167425997827820	     -0.00001329905468577114	      0.00034313599897286239	     -0.00010521238346507754	     -0.00158338833206662921	      0.00128848428317217267	      0.00054998635791420059	     -0.00010627674288066213	      0.02369307211933383006	     -0.00038803753820865206	      0.00167387302485371803	     -0.00037604081282407997	     -0.00014761733487844708	     -0.00037801799611551258
      1.01099999999999923261	      0.00105225564463841403	     -0.00317211992790533692	     -0.00001366632509225418	     -0.00001408608834130298	      0.00033905554251314508	     -0.00010296314600868374	     -0.00159152880235170768	      0.00126795967752017097	      0.00054893829751578860	     -0.00010920005133649435	      0.02378337457083445905	     -0.00040412231950215372	      0.00165453118416420612	     -0.00037735448534403915	     -0.00015143960733210449	     -0.00037408928467452633
      1.01199999999999912248	      0.00104224284009550583	     -0.00319595873414280085	     -0.00003897096314986470	     -0.00001486354570855858	      0.00033487899244951172	     -0.00010071838512258320	     -0.00159939388506269431	      0.00124691686433113860	      0.00054785137499843706	     -0.00011205947101436409	      0.02387194009331018718	     -0.00042011030775529479	      0.00163478151403724666	     -0.00037871416756427023	     -0.00015522291117386899	     -0.00037019944465031644
      1.01299999999999901235	      0.00103124159007701027	     -0.00321961870061748812	     -0.00006423593784132819	     -0.00001563160440300193	      0.00033060723285985652	     -0.00009847985363977958	     -0.00160698390104146993	      0.00122535772721798705	      0.00054672724131855921	     -0.00011485580623821212	      0.02395881965784571466	     -0.00043600020512318816	      0.00161462486042947728	     -0.00038012066530729305	     -0.00015896668765558175	     -0.00036634828829299436
      1.01399999999999890221	      0.00101925202558254824	     -0.00324309368781994234	     -0.00008945790429604195	     -0.00001639023890956381	      0.00032624133526701002	     -0.00009624887084373475	     -0.00161430176897467414	      0.00120328406236048721	      0.00054556715579653914	     -0.00011758795899263763	      0.02404432612839388361	     -0.00045179078212098656	      0.00159406186213927915	     -0.00038157536933797198	     -0.00016267145173287645	     -0.00036253396601782298
      1.01499999999999879208	      0.00100627475641330150	     -0.00326637761734671628	     -0.00011463334005945569	     -0.00001713960785514057	      0.00032178208937794738	     -0.00009402684587174123	     -0.00162134917890814634	      0.00118069799485873844	      0.00054437175209774702	     -0.00012025690981151693	      0.02412851255031811526	     -0.00046748159699017133	      0.00157309347436646887	     -0.00038307942302716336	     -0.00016633701078416774	     -0.00035875604136863595
      1.01599999999999868194	      0.00099231086698971932	     -0.00328946442830369001	     -0.00013975854029002477	     -0.00001788005010434218	      0.00031722998264515495	     -0.00009181524504866829	     -0.00162812667468727190	      0.00115760206460012796	      0.00054314133102474627	     -0.00012286546589157510	      0.02421116273205482783	     -0.00048307306331907274	      0.00155172106398295006	     -0.00038463380341310915	     -0.00016996246652611902	     -0.00035501558658835621
      1.01699999999999857181	      0.00097736184932976228	     -0.00331234813956660101	     -0.00016482994604771761	     -0.00001861186039443102	      0.00031258542714876665	     -0.00008961527274779606	     -0.00163463561357811427	      0.00113399914469928392	      0.00054187634743528557	     -0.00012541585416744883	      0.02429205818048782439	     -0.00049856598237146832	      0.00152994628566263712	     -0.00038623990647394801	     -0.00017354714127770787	     -0.00035131364135201383
      1.01799999999999846167	      0.00096142953243105039	     -0.00333502294101273300	     -0.00018984448422343370	     -0.00001933508548571800	      0.00030784901139249872	     -0.00008742757588136793	     -0.00164088005188370301	      0.00110989222729832721	      0.00054057660426619358	     -0.00012790840119181190	      0.02437125021752239995	     -0.00051396110769102998	      0.00150777087425433632	     -0.00038790012143158359	     -0.00017709153655443011	     -0.00034764964119807576
      1.01899999999999835154	      0.00094451607738223892	     -0.00335748316740891450	     -0.00021479956286363233	     -0.00002004954768580758	      0.00030302151095867782	     -0.00008525227236362218	     -0.00164686669283413412	      0.00108528441163735154	      0.00053924105139925571	     -0.00013034188171659467	      0.02444905446782656699	     -0.00052925919858409776	      0.00148519662654090926	     -0.00038961774363704960	     -0.00018059733001762890	     -0.00034402142211198070
      1.01999999999999824141	      0.00092662409846309968	     -0.00337972317937140776	     -0.00023969248604593929	     -0.00002075522699777899	      0.00029810342378001030	     -0.00008308953326811907	     -0.00165260094288648129	      0.00106017939931178640	      0.00053786887049094012	     -0.00013271650709850702	      0.02452551958931607767	     -0.00054446167466815076	      0.00146222589384695494	     -0.00039139586741461507	     -0.00018406545662608131	     -0.00034042834163062335
      1.02099999999999813127	      0.00090775665841091868	     -0.00340173732098747461	     -0.00026452043261571134	     -0.00002145227470946864	      0.00029309498097073849	     -0.00008093961758214941	     -0.00165808687098627228	      0.00103458150809762617	      0.00053645943325235368	     -0.00013503378384149833	      0.02460042182336305561	     -0.00055957065223677382	      0.00143886155621882365	     -0.00039323724973086560	     -0.00018749606408041686	     -0.00033687132579272167
      1.02199999999999802114	      0.00088791720218624193	     -0.00342352001653944971	     -0.00028928078793866163	     -0.00002214082302020443	      0.00028799641554646919	     -0.00007880262457274053	     -0.00166332908009344388	      0.00100849543450560672	      0.00053501176060204159	     -0.00013729479607915707	      0.02467354152881005847	     -0.00057458849978014870	      0.00141510673329211557	     -0.00039514470734647311	     -0.00019088945064527074	     -0.00033335122778948081
      1.02299999999999791100	      0.00086710949514972463	     -0.00344506589040427524	     -0.00031397148749912063	     -0.00002282081619003895	      0.00028280822458156153	     -0.00007667826303523785	     -0.00166833445847609091	      0.00098192599038842560	      0.00053352458885651266	     -0.00013949928707587822	      0.02474492799925545605	     -0.00058951741854751383	      0.00139096450444878674	     -0.00039712150956396075	     -0.00019424700784920201	     -0.00032986723122849226
      1.02399999999999780087	      0.00084533762034225135	     -0.00346636973503211543	     -0.00033859099553779082	     -0.00002349203362864150	      0.00027753117713666398	     -0.00007456589370399402	     -0.00167311206278367847	      0.00095487809886550881	      0.00053199661111499874	     -0.00014164594221402482	      0.02481489036375800206	     -0.00060435946262166196	      0.00136643790032389863	     -0.00039917128778911570	     -0.00019757119222829633	     -0.00032641687798892760
      1.02499999999999769074	      0.00082260609626055858	     -0.00348742635351462216	     -0.00036313767631668270	     -0.00002415443413691931	      0.00027216584621507847	     -0.00007246508853515129	     -0.00167766925258149013	      0.00092735731097041973	      0.00053042691231294792	     -0.00014373457937036371	      0.02488347312246695642	     -0.00061911714687357122	      0.00134153041891893823	     -0.00040129701821328689	     -0.00020086355668091915	     -0.00032299923555375448
      1.02599999999999758060	      0.00079891987295459266	     -0.00350823051436788269	     -0.00038760975610507842	     -0.00002480816310022893	      0.00026671261773619521	     -0.00007037566277903924	     -0.00168201163571187612	      0.00089936979650047030	      0.00052881453872233308	     -0.00014576607652724838	      0.02495045205260403021	     -0.00063379346156311467	      0.00131624601502204164	     -0.00040350096787786227	     -0.00020412470636432811	     -0.00031961496429568081
      1.02699999999999747047	      0.00077428426882619056	     -0.00352877707075538449	     -0.00041200566456822685	     -0.00002545337559715227	      0.00026117195825453490	     -0.00006829743512760684	     -0.00168614490611070783	      0.00087092206985978429	      0.00052715785834110684	     -0.00014774116288762684	      0.02501560885324265182	     -0.00064839144430395290	      0.00129058882894017265	     -0.00040578516427926259	     -0.00020735527122850428	     -0.00031626467729813784
      1.02799999999999736033	      0.00074870491487787766	     -0.00354906109703967410	     -0.00043632438626994841	     -0.00002609008075130786	      0.00025554466509526089	     -0.00006623000634148075	     -0.00169007655415628205	      0.00084202075147914515	      0.00052545607354619051	     -0.00014965967206037600	      0.02507898998857281680	     -0.00066291376026827997	      0.00126456295577553933	     -0.00040815183204816197	     -0.00021055687082494057	     -0.00031294735445631244
      1.02899999999999725020	      0.00072218775580889377	     -0.00356907785400584210	     -0.00046056542260575206	     -0.00002671816090121792	      0.00024983186704818916	     -0.00006417280327310725	     -0.00169381573728943913	      0.00081267257198272200	      0.00052370976399818137	     -0.00015152075037133672	      0.02514089702353469735	     -0.00067736269852275433	      0.00123817246564890664	     -0.00041060336691789434	     -0.00021373208516506370	     -0.00030966038485408590
      1.02999999999999714007	      0.00069473916720732415	     -0.00358882260808346398	     -0.00048472812281263877	     -0.00002733768470480208	      0.00024403456068156255	     -0.00006212562132103163	     -0.00169736952699964944	      0.00078288483886956167	      0.00052191916530852644	     -0.00015332459931122200	      0.02520137274389794291	     -0.00069174077355371733	      0.00121142190880048546	     -0.00041314142471503279	     -0.00021688246240203490	     -0.00030640275617043605
      1.03099999999999702993	      0.00066636595682904864	     -0.00360829058877532027	     -0.00050881163325056100	     -0.00002794891420955514	      0.00023815361325962153	     -0.00006008866176920175	     -0.00170074284500799228	      0.00075266541158779468	      0.00052008352870432095	     -0.00015507248772486659	      0.02526019580548620469	     -0.00070605073402696394	      0.00118431632910986299	     -0.00041576692929429226	     -0.00022000847986225480	     -0.00030317513753841049
      1.03199999999999691980	      0.00063707530786323574	     -0.00362747712708377801	     -0.00053281524915815837	     -0.00002855214529346589	      0.00023219002056056124	     -0.00005806230775228394	     -0.00170394024250010434	      0.00072202244277623506	      0.00051820137330593763	     -0.00015676588528865110	      0.02531714852403856020	     -0.00072029513929139366	      0.00115686104120719404	     -0.00041848057908126790	     -0.00022311054170209843	     -0.00029997824439442072
      1.03299999999999680966	      0.00060687472745932225	     -0.00364637780535048694	     -0.00055673877274498018	     -0.00002914756387143586	      0.00022614515055375661	     -0.00005604691378705614	     -0.00170696758898720297	      0.00069096416311772296	      0.00051627353149305555	     -0.00015840577445802584	      0.02537227577969214387	     -0.00073447592370762260	      0.00112906144222635254	     -0.00042128332693906756	     -0.00022618997659840101	     -0.00029681122755094436
      1.03399999999999669953	      0.00057577204957828115	     -0.00366498842196039121	     -0.00058058246196890373	     -0.00002973526076808369	      0.00022002073634530897	     -0.00005404283807985532	     -0.00170983197890836602	      0.00065949887996238216	      0.00051430375872102418	     -0.00015999278182393661	      0.02542587712619304163	     -0.00074859439482849455	      0.00110092302843925157	     -0.00042417639533884333	     -0.00022924901855914115	     -0.00029367170883026067
      1.03499999999999658939	      0.00054377554503159953	     -0.00368330479107237263	     -0.00060434632965811197	     -0.00003031551089506535	      0.00021381840091022532	     -0.00005205091625239740	     -0.00171253816888323335	      0.00062763536808383563	      0.00051229416391612714	     -0.00016152863524815375	      0.02547799665963153271	     -0.00076265191368107832	      0.00107245180462651178	     -0.00042716038601653405	     -0.00023228878830949817	     -0.00029055900708840898
      1.03599999999999647926	      0.00051089391610002061	     -0.00370132269476963760	     -0.00062803008015044348	     -0.00003088876639347621	      0.00020753963541525217	     -0.00005007242879159247	     -0.00171508862583706623	      0.00059538282755760077	      0.00051024460877453770	     -0.00016301605495519511	      0.02552841513590679845	     -0.00077664996060389235	      0.00104365421135142744	     -0.00043023524915833389	     -0.00023530925549219983	     -0.00028747422532756500
      1.03699999999999636913	      0.00047713623316756465	     -0.00371903802641115888	     -0.00065163346048313642	     -0.00003145549539954745	      0.00020118602890271172	     -0.00004810881367000360	     -0.00171748536683336700	      0.00056275064386058365	      0.00050815447053398355	     -0.00016445786366492410	      0.02557691300643463728	     -0.00079058975313822666	      0.00101453682986207979	     -0.00043340073217813802	     -0.00023831025477205614	     -0.00028441859549447474
      1.03799999999999625899	      0.00044251187041587092	     -0.00373644694298991276	     -0.00067515661235995061	     -0.00003201603096481681	      0.00019475949935501185	     -0.00004616138776954160	     -0.00171973175000251360	      0.00052974812641944785	      0.00050602642801983455	     -0.00016585621731160516	      0.02562353606163271513	     -0.00080447184288162665	      0.00098510608389097828	     -0.00043665683927286703	     -0.00024129251615789826	     -0.00028139180547637893
      1.03899999999999614886	      0.00040703050148039460	     -0.00375354582589937369	     -0.00069860001212740386	     -0.00003257057378312084	      0.00018826227387281225	     -0.00004423132344901111	     -0.00172183248876994072	      0.00049638448063988455	      0.00050386678182132161	     -0.00016721262397775827	      0.02566859010301839050	     -0.00081829615838219238	      0.00095536818626525523	     -0.00044000383668753307	     -0.00024425765734037430	     -0.00027839201052360513
      1.03999999999999603872	      0.00037070221372306755	     -0.00377033106998070355	     -0.00072196376511746152	     -0.00003311945415065271	      0.00018169639978801938	     -0.00004232010024097892	     -0.00172379018973711773	      0.00046266921421904417	      0.00050167878626670992	     -0.00016852927720853450	      0.02571212334702130398	     -0.00083206275526626072	      0.00092532958300585791	     -0.00044344137462155875	     -0.00024720613813766779	     -0.00027541912040206229
      1.04099999999999592859	      0.00033353750792949194	     -0.00378679903915923877	     -0.00074524754820859407	     -0.00003366312847507408	      0.00017506371624636998	     -0.00004042947777974613	     -0.00172560540253176992	      0.00042861213085128996	      0.00049946241416530535	     -0.00016980895478535540	      0.02575391541047072907	     -0.00084577188797585467	      0.00089499693975703294	     -0.00044696848090067243	     -0.00025013723499445195	     -0.00027247487802663922
      1.04199999999999581846	      0.00029554723904621355	     -0.00380294622269883309	     -0.00076845096426003678	     -0.00003420202994772192	      0.00016836607883944331	     -0.00003856121881125156	     -0.00172727842044178431	      0.00039422311672086124	      0.00049721761777531126	     -0.00017105419722207582	      0.02579374085574165365	     -0.00085942360680962837	      0.00086437688653511640	     -0.00045058404101114280	     -0.00025305009077059015	     -0.00026956115032050407
      1.04299999999999570832	      0.00025674254813862207	     -0.00381876940183523139	     -0.00079157389251283128	     -0.00003473642492431844	      0.00016160560663128730	     -0.00003671681591626598	     -0.00172881107370315840	      0.00035951178611501669	      0.00049494776092258441	     -0.00017226674678638698	      0.02583164844584837083	     -0.00087301733592781705	      0.00083347570575081822	     -0.00045428733876266836	     -0.00025594479849966323	     -0.00026667815273670806
      1.04399999999999559819	      0.00021713485796585191	     -0.00383426561366551066	     -0.00081461643591485000	     -0.00003526641649467810	      0.00015478466673832366	     -0.00003489746899052945	     -0.00173020675957569203	      0.00032448744612278285	      0.00049265949169781387	     -0.00017344763270199515	      0.02586795855879600592	     -0.00088655192247127923	      0.00080229932207534233	     -0.00045807810372699986	     -0.00025882241491270719	     -0.00026382441930689407
      1.04499999999999548805	      0.00017673599645897514	     -0.00384943192629594311	     -0.00083757823177599278	     -0.00003579219526841926	      0.00014790536018254117	     -0.00003310452990712420	     -0.00173146700934768971	      0.00028915966074293670	      0.00049035578007705638	     -0.00017459828075705452	      0.02590272536640528256	     -0.00090002644120484865	      0.00077085388903208206	     -0.00046195559763510807	     -0.00026168287132211088	     -0.00026100018060836241
      1.04599999999999537792	      0.00013555819743685943	     -0.00386426539450301920	     -0.00086045840722559497	     -0.00003631403718613868	      0.00014096949040697643	     -0.00003133947545780336	     -0.00173259153043296352	      0.00025353829961722446	      0.00048803610117569007	     -0.00017572039926733174	      0.02593572279609995812	     -0.00091344026836348569	      0.00073914584930565063	     -0.00046591862223638314	     -0.00026452495819972999	     -0.00025820741852281004
      1.04699999999999526779	      0.00009361404064613804	     -0.00387876322917302119	     -0.00088325593098059763	     -0.00003683216223868829	      0.00013397879387139363	     -0.00002960363380428120	     -0.00173357998296301899	      0.00021763328868810994	      0.00048570032026233612	     -0.00017681527420707055	      0.02596671539145334329	     -0.00092679265865402982	      0.00070718168774692221	     -0.00046996605143892478	     -0.00026734741688227981	     -0.00025544806333904768
      1.04799999999999515765	      0.00005091637691589240	     -0.00389292298039900508	     -0.00090596995925285029	     -0.00003734659641282945	      0.00012693521130365849	     -0.00002789791081211045	     -0.00173443378355720226	      0.00018145409518324079	      0.00048335080109197792	     -0.00017788352919273498	      0.02599575633930015228	     -0.00094008230667330661	      0.00067496758311115512	     -0.00047409746569537781	     -0.00027015008719499800	     -0.00025272207732240579
      1.04899999999999504752	      0.00000747832038919954	     -0.00390674250107525545	     -0.00092859979738446619	     -0.00003785717467386790	      0.00011984087875883097	     -0.00002622276379418177	     -0.00173515613524662451	      0.00014500969387053197	      0.00048099184750914625	     -0.00017892528248497630	      0.02602318697797226243	     -0.00095330739513882490	      0.00064250945732176150	     -0.00047831322561806000	     -0.00027293393935379218	     -0.00025002737021286026
      1.04999999999999493738	     -0.00003668661757827429	     -0.00392021969946687587	     -0.00095114423795550351	     -0.00003836378407295893	      0.00011269757947568221	     -0.00002457865297166018	     -0.00173574856316600912	      0.00010830942633013874	      0.00047862436389480012	     -0.00017994082306246884	      0.02604906749061181026	     -0.00096646643364617368	      0.00060981373409429865	     -0.00048261343942698764	     -0.00027569890318224211	     -0.00024736334285681630
      1.05099999999999482725	     -0.00008156452773400158	     -0.00393335249506354678	     -0.00097360153268644112	     -0.00003886637566435230	      0.00010550673057552765	     -0.00002296606886877973	     -0.00173621091621508142	      0.00007136309309507122	      0.00047624650866329166	     -0.00018093046166919868	      0.02607316138217316559	     -0.00097955831391444148	      0.00057688735433854667	     -0.00048699788768041818	     -0.00027844381747021973	     -0.00024473105172952148
      1.05199999999999471711	     -0.00012714116411374765	     -0.00394613900853890698	     -0.00099596973848026238	     -0.00003936484856377487	      0.00009826965289366410	     -0.00002138533318400346	     -0.00173654311013281618	      0.00003418056896021399	      0.00047385729473570226	     -0.00018189402563317802	      0.02609522123995267062	     -0.00099258185523176667	      0.00054373734707790881	     -0.00049146651139839181	     -0.00028116752029905268	     -0.00024213146434045110
      1.05299999999999460698	     -0.00017340202286797446	     -0.00395857776944985584	     -0.00101824705867126220	     -0.00003985893816822045	      0.00009098789088820560	     -0.00001983639973863506	     -0.00173674690682441846	     -0.00000322893590287698	      0.00047145692477648660	     -0.00018283102256566597	      0.02611530603731423983	     -0.00100553534265479527	      0.00051037027642088272	     -0.00049602001926510320	     -0.00028387000587870581	     -0.00023956358078838780
      1.05399999999999449685	     -0.00022033235130886758	     -0.00397066768122289471	     -0.00104043182211888130	     -0.00004034823681457744	      0.00008366323131208438	     -0.00001831889671809021	     -0.00173682589507427598	     -0.00004085691625931032	      0.00046904610225251275	     -0.00018374084389860545	      0.02613378106353306252	     -0.00101841655396983644	      0.00047679220428919903	     -0.00050065985508582211	     -0.00028655241303132684	     -0.00023702448316085395
      1.05499999999999438671	     -0.00026791700164859045	     -0.00398240774364833072	     -0.00106252184965605068	     -0.00004083243507797124	      0.00007629712616450399	     -0.00001683262078986877	     -0.00173678195002761361	     -0.00007869432771530349	      0.00046662387690715734	     -0.00018462278749875605	      0.02615071283956607595	     -0.00103122360341223462	      0.00044300956041816875	     -0.00050538695132965050	     -0.00028921472685494720	     -0.00023451316583635029
      1.05599999999999427658	     -0.00031614043503807449	     -0.00399379700195934273	     -0.00108451444145618581	     -0.00004131133271353254	      0.00006889068979914125	     -0.00001537756986056370	     -0.00173661520176118800	     -0.00011673145477034130	      0.00046418845480750148	     -0.00018547590203035758	      0.02616585375686084070	     -0.00104395497995179998	      0.00040902919332181514	     -0.00051020163508155858	     -0.00029185572369161417	     -0.00023203068965359924
      1.05699999999999416644	     -0.00036498679100414877	     -0.00400483475317503501	     -0.00110640671762074483	     -0.00004178472571340908	      0.00006144499566961849	     -0.00001395373601898071	     -0.00173632578295854385	     -0.00015495848262980783	      0.00046173933476122142	     -0.00018629882952464483	      0.02617894676238349816	     -0.00105660908439286771	      0.00037485789460297864	     -0.00051510419954528541	     -0.00029447412460936739	     -0.00022957827842997117
      1.05799999999999405631	     -0.00041443997276895128	     -0.00401552077264577534	     -0.00112819595837820863	     -0.00004225229975204220	      0.00005396141963788037	     -0.00001256089889649023	     -0.00173591560280111565	     -0.00019336641949417588	      0.00045927579913838945	     -0.00018709038758277230	      0.02619005854252368093	     -0.00106918376496756284	      0.00034050181346388913	     -0.00052009558057553029	     -0.00029706981595289950	     -0.00022715528239410088
      1.05899999999999394618	     -0.00046448366072106284	     -0.00402585527093179962	     -0.00114987959972689957	     -0.00004271364472806932	      0.00004644166253062361	     -0.00001119865271816990	     -0.00173538829440896859	     -0.00023194710398329044	      0.00045679619075625344	     -0.00018784979618002851	      0.02619957800526981351	     -0.00108167633456296430	      0.00030596649365706528	     -0.00052517732130408223	     -0.00029964384666802957	     -0.00022475916734166282
      1.05999999999999383604	     -0.00051510115734244161	     -0.00403583857535194657	     -0.00117145461895318270	     -0.00004316847062781765	      0.00003888712987158271	     -0.00000986687265192368	     -0.00173474562337520150	     -0.00027069156147922074	      0.00045429919524811457	     -0.00018857597902524614	      0.02620757799581674430	     -0.00109408442509084658	      0.00027125795279948385	     -0.00053035021236202962	     -0.00030219604641634756	     -0.00022238947331711459
      1.06099999999999372591	     -0.00056627539678318767	     -0.00404547107010788665	     -0.00119291753347905427	     -0.00004361660939457279	      0.00003129893721177598	     -0.00000856572852239029	     -0.00173398743113001904	     -0.00030958986231989505	      0.00045178444467297574	     -0.00018926745959052527	      0.02621380163243827721	     -0.00110640601969269614	      0.00023638278412984812	     -0.00053561420910619439	     -0.00030472498251643554	     -0.00022004790489455958
      1.06199999999999361577	     -0.00061798902330987421	     -0.00405475342005612305	     -0.00121426474117569683	     -0.00004405790368547380	      0.00002367823708496588	     -0.00000729546397796460	     -0.00173311338835934001	     -0.00034863191299852603	      0.00044925262560242818	     -0.00018992265203876535	      0.02621798619144682929	     -0.00111863899446640325	      0.00020134763124052442	     -0.00054096908171014091	     -0.00030722918131342869	     -0.00021773625818571202
      1.06299999999999350564	     -0.00067022447927027329	     -0.00406368681332269777	     -0.00123549286713697803	     -0.00004449210430316347	      0.00001602657677075283	     -0.00000605617760202244	     -0.00173212475106832887	     -0.00038780847751884728	      0.00044670296598720016	     -0.00019054071029211972	      0.02622020564237370621	     -0.00113078065328636734	      0.00016615859881367444	     -0.00054641512469363884	     -0.00030970840382982257	     -0.00021545423878642500
      1.06399999999999339551	     -0.00072296402003536181	     -0.00407227290876532866	     -0.00125659877141592879	     -0.00004491887546997225	      0.00000834592119485292	     -0.00000484782860839077	     -0.00173102427341017369	     -0.00042711113740767637	      0.00044413277400168205	     -0.00019112172058960430	      0.02622086618075175624	     -0.00114282774140439525	      0.00013082135315661131	     -0.00055195311022199212	     -0.00031216365041519811	     -0.00021319939204917510
      1.06499999999999328537	     -0.00077618955199464795	     -0.00408051347892757210	     -0.00127757893508806397	     -0.00004533797932147754	      0.00000063800092379909	     -0.00000367066640435780	     -0.00172981259455026477	     -0.00046653038082969389	      0.00044154116360989315	     -0.00019166545603396812	      0.02622004383280002182	     -0.00115477733036073449	      0.00009534233549550637	     -0.00055758286069199081	     -0.00031459471115891091	     -0.00021097116619630402
      1.06599999999999317524	     -0.00082988264731679445	     -0.00408841034038753826	     -0.00129842946413294413	     -0.00004574927009711599	     -0.00000709567956208926	     -0.00000252522461058682	     -0.00172848819181095690	     -0.00050605548842612424	      0.00043892927173953822	     -0.00019217133326399072	      0.02621747464675355799	     -0.00116662684820217910	      0.00005972887217639295	     -0.00056330319434394482	     -0.00031700013101698676	     -0.00020877097039073700
      1.06699999999999306510	     -0.00088402463477024046	     -0.00409596558356284390	     -0.00131914644037678386	     -0.00004615259730991056	     -0.00001485350830751284	     -0.00000141210168644670	     -0.00172704921481942096	     -0.00054567550291136080	      0.00043629867014231827	     -0.00019263898825633285	      0.02621289545213265071	     -0.00117837359893613325	      0.00002398856105821027	     -0.00056911267283771272	     -0.00031937845574203649	     -0.00020660008655987855
      1.06799999999999295497	     -0.00093859669174455040	     -0.00410318181412006044	     -0.00133972628574174912	     -0.00004654772443164062	     -0.00002263343254467216	     -0.00000033175388823754	     -0.00172549529631333114	     -0.00058538023281830276	      0.00043364888251794242	     -0.00019306903605229020	      0.02620638463750291081	     -0.00119001426442744140	     -0.00001187135745514371	     -0.00057501035447443671	     -0.00032172948282549463	     -0.00020445758131056729
      1.06899999999999284483	     -0.00099357986360862349	     -0.00411006208009867535	     -0.00136016577631492552	     -0.00004693434151010339	     -0.00003043296575193193	      0.00000071549742604662	     -0.00172382753674432329	     -0.00062516016442810962	      0.00043097734127346687	     -0.00019346304679873638	      0.02619835321556007735	     -0.00120154489222940031	     -0.00004784392923082564	     -0.00058099578677717201	     -0.00032405421562931025	     -0.00020234038709906338
      1.06999999999999273470	     -0.00104895490528050112	     -0.00411660947375935837	     -0.00138046140841097120	     -0.00004731223240278526	     -0.00003824987791224872	      0.00000172905444708465	     -0.00172204503243331402	     -0.00066500449795070526	      0.00042828394041811990	     -0.00019382193766195877	      0.02618887635897851340	     -0.00121296179817037553	     -0.00008392131052734064	     -0.00058706763010921148	     -0.00032635233411792974	     -0.00020024760592306234
      1.07099999999999262457	     -0.00110470230217161319	     -0.00412282704955868606	     -0.00140060939944253171	     -0.00004768127222836566	     -0.00004608220037026836	      0.00000270805340875716	     -0.00172014490567874972	     -0.00070490109038784388	      0.00042557084683972346	     -0.00019414593022684667	      0.02617768858713123703	     -0.00122426158515781536	     -0.00012009471421881978	     -0.00059322365737463079	     -0.00032862214463058592	     -0.00019818064143557745
      1.07199999999999251443	     -0.00116080236584888141	     -0.00412871806455195056	     -0.00142060605785432337	     -0.00004804133841102703	     -0.00005392788047817090	      0.00000365159061027631	     -0.00171812413989636328	     -0.00074483751328675851	      0.00042284000734998939	     -0.00019443534047067224	      0.02616453320551245798	     -0.00123544065518627066	     -0.00015635504160157066	     -0.00059946152093001692	     -0.00033086186565878251	     -0.00019614101391020322
      1.07299999999999240430	     -0.00121723531914763594	     -0.00413428622732925355	     -0.00144044817149979743	     -0.00004839223623041844	     -0.00006178445732890267	      0.00000455893420826109	     -0.00171598131683139629	     -0.00078480193518195435	      0.00042009152309063769	     -0.00019469117296799787	      0.02614948975221084715	     -0.00124649471107907139	     -0.00019269345146868695	     -0.00060577944494547009	     -0.00033307088240452920	     -0.00019412821529357638
      1.07399999999999229416	     -0.00127398131138962284	     -0.00413953562277147302	     -0.00146013301497904813	     -0.00004873370460593829	     -0.00006964907346768308	      0.00000542953290515527	     -0.00171371657984667816	     -0.00082478300796089837	      0.00041732396458601939	     -0.00019491501954038704	      0.02613296022964040066	     -0.00125741876280416331	     -0.00022910127368528516	     -0.00061217619031372905	     -0.00033524970872955695	     -0.00019213974631344249
      1.07499999999999218403	     -0.00133102026392133144	     -0.00414447030032516484	     -0.00147965766776048113	     -0.00004906555137887403	     -0.00007751915474677601	      0.00000626264422760869	     -0.00171132826742344257	     -0.00086476809064521543	      0.00041453802055836653	     -0.00019510764180377671	      0.02611501566658891438	     -0.00126820809728006578	     -0.00026556889784395358	     -0.00061864972689207320	     -0.00033739748881445042	     -0.00019017538436810061
      1.07599999999999207390	     -0.00138833189049717559	     -0.00414909419519227107	     -0.00149901899894189228	     -0.00004938764566411735	     -0.00008539241021199642	      0.00000705735877407423	     -0.00170881294226970896	     -0.00090474326912602654	      0.00041173591327296755	     -0.00019526905716046872	      0.02609539532648924576	     -0.00127885831937124550	     -0.00030208573942234855	     -0.00062519722415046997	     -0.00033951197716830528	     -0.00018823724065320652
      1.07699999999999196376	     -0.00144589579145013719	     -0.00415341137864189136	     -0.00151821406328012110	     -0.00004969983802769612	     -0.00009326648140588721	      0.00000781282535920746	     -0.00170616716434425497	     -0.00094469438858402199	      0.00040891892718179779	     -0.00019539936917739587	      0.02607385290452624016	     -0.00128936485367825426	     -0.00033864084097628196	     -0.00063181576491336267	     -0.00034159084796026029	     -0.00018632748480134492
      1.07799999999999185363	     -0.00150369152965281611	     -0.00415742631044901945	     -0.00153724052157633295	     -0.00005000189491034812	     -0.00010113863130587104	      0.00000852845780699441	     -0.00170338913949734383	     -0.00098460774222029757	      0.00040608730418148498	     -0.00019549897287415852	      0.02605046402301772202	     -0.00129972243147447042	     -0.00037522336884714992	     -0.00063850293920120205	     -0.00034363293475525580	     -0.00018444617203165758
      1.07899999999999174349	     -0.00156169864204992043	     -0.00416114376608078818	     -0.00155609663040312540	     -0.00005029350136964011	     -0.00010900575873177588	      0.00000920395057031273	     -0.00170047867290073346	     -0.00102446995855373646	      0.00040324084054976783	     -0.00019556837676451555	      0.02602560936014075565	     -0.00130992511665900535	     -0.00041182253713249132	     -0.00064525677167592832	     -0.00034563820562005798	     -0.00018259123686932555
      1.07999999999999163336	     -0.00161989649647065193	     -0.00416456842511192527	     -0.00157478048843717744	     -0.00005057437056773390	     -0.00011686505096217444	      0.00000983893899889066	     -0.00169743394369499187	     -0.00106426660195484135	      0.00040038020421828691	     -0.00019560740318488867	      0.02599935247749557421	     -0.00131996735556866307	     -0.00044842662606392383	     -0.00065207447029788645	     -0.00034760533902178370	     -0.00018076267214103131
      1.08099999999999152323	     -0.00167826431072761600	     -0.00416770479919859049	     -0.00159328999588037590	     -0.00005084423601085797	     -0.00012471398149475031	      0.00001043302674443372	     -0.00169425152920050365	     -0.00110398226303311947	      0.00039750609152922056	     -0.00019561538199447392	      0.02597144082908350859	     -0.00132984404212332930	     -0.00048502297456613601	     -0.00065895238431912251	     -0.00034953173083629441	     -0.00017896252725538991
      1.08199999999999141309	     -0.00173678123976125226	     -0.00417055749010120103	     -0.00161162328367336904	     -0.00005110278576121730	     -0.00013254996672561886	      0.00001098598899225423	     -0.00169092807875874038	     -0.00114360144490612686	      0.00039461770308069077	     -0.00019559177193270716	      0.02594163786805067651	     -0.00133954998586488516	     -0.00052159852788007458	     -0.00066588664598243863	     -0.00035141478443723173	     -0.00017719262807686792
      1.08299999999999130296	     -0.00179542644012291308	     -0.00417313145128417329	     -0.00162977917606821343	     -0.00005134961299483459	     -0.00014037007036430890	      0.00001149793281074452	     -0.00168746186041255145	     -0.00118310900564552735	      0.00039171450980440836	     -0.00019553586091361486	      0.02591001069412107727	     -0.00134907933365718824	     -0.00055814028072023389	     -0.00067287376009292355	     -0.00035325308264677613	     -0.00017545250553176184
      1.08399999999999119282	     -0.00185417907581499758	     -0.00417543193095193388	     -0.00164775716024800900	     -0.00005158422753456099	     -0.00014817102404337222	      0.00001196926816783572	     -0.00168385269345924099	     -0.00122249002587843103	      0.00038879708594548312	     -0.00019544655803677147	      0.02587691300081249035	     -0.00135842557163595723	     -0.00059463524152948439	     -0.00067991062456640439	     -0.00035504632079419451	     -0.00017373950473065919
      1.08499999999999108269	     -0.00191301818594297179	     -0.00417746407807362274	     -0.00166555654934041897	     -0.00005180615529211396	     -0.00015594985587587609	      0.00001240034710057666	     -0.00168009883932786555	     -0.00126172882065651165	      0.00038586537321563807	     -0.00019532252903134428	      0.02584240024563044802	     -0.00136758262202657521	     -0.00063106960658899577	     -0.00068699348691383944	     -0.00035679291232504351	     -0.00017205303103580427
      1.08599999999999097255	     -0.00197192269808886544	     -0.00417923288721311348	     -0.00168317641684456731	     -0.00005201494176654275	     -0.00016370389676774282	      0.00001279144476395294	     -0.00167619699111731107	     -0.00130080902783197283	      0.00038291785029404002	     -0.00019516246955819661	      0.02580622943568899874	     -0.00137654488924909835	     -0.00066742878555908075	     -0.00069411798393953505	     -0.00035848995571441389	     -0.00017039467114773887
      1.08699999999999086242	     -0.00203087150335066330	     -0.00418074346619279336	     -0.00170061606556326517	     -0.00005221010450050939	     -0.00017143045507924184	      0.00001314291380431418	     -0.00167214382084536484	     -0.00133971425031782776	      0.00037995163911493102	     -0.00019496531438542575	      0.02576817065264569440	     -0.00138530665671859898	     -0.00070369789414087558	     -0.00070127976448303153	     -0.00036013445470617356	     -0.00016876602952289183
      1.08799999999999075229	     -0.00208984351602467533	     -0.00418200130167667439	     -0.00171787553475666321	     -0.00005239109283844412	     -0.00017912652074122438	      0.00001345532712355296	     -0.00166793746535514459	     -0.00137842831725205200	      0.00037696599615726079	     -0.00019472939482523266	      0.02572828303805155259	     -0.00139386144571196358	     -0.00073986216717164110	     -0.00070847501593362949	     -0.00036172447959192944	     -0.00016716663148996086
      1.08899999999999064215	     -0.00214881768110370547	     -0.00418301220885852754	     -0.00173495554418701126	     -0.00005255730059409991	     -0.00018678877949396440	      0.00001372945185842966	     -0.00166357747422483937	     -0.00141693519497695930	      0.00037396311620149780	     -0.00019445222659889017	      0.02568690072715490436	     -0.00140220203231095075	     -0.00077590695939015915	     -0.00071570044182628356	     -0.00036325913665369303	     -0.00016559397522083324
      1.08999999999999053202	     -0.00220777285503451909	     -0.00418378194365509604	     -0.00175185656383192168	     -0.00005270815232395060	     -0.00019441422114331759	      0.00001396591130986211	     -0.00165906179910113583	     -0.00145521841623586640	      0.00037094307543504568	     -0.00019413169353041382	      0.02564407646893054893	     -0.00141032165145232868	     -0.00081181702499318054	     -0.00072295224829249660	     -0.00036473625719313230	     -0.00016404773512189441
      1.09099999999999042188	     -0.00226668781773300271	     -0.00418431615204084562	     -0.00176857872210489653	     -0.00005284310990410351	     -0.00020200014905651098	      0.00001416516914257496	     -0.00165438677042943627	     -0.00149326118182963735	      0.00036790301222548727	     -0.00019376635279194643	      0.02559957666112372410	     -0.00141821406940229044	     -0.00084757655346344180	     -0.00073022611517503666	     -0.00036615238974824216	     -0.00016252986091864347
      1.09199999999999031175	     -0.00232554133933150081	     -0.00418462063879221358	     -0.00178512231445426828	     -0.00005296163363121414	     -0.00020954386506428883	      0.00001432767770400550	     -0.00164954855016892499	     -0.00153104678637982355	      0.00036483898597375330	     -0.00019335511227630553	      0.02555317295061426686	     -0.00142587293101453794	     -0.00088316961439666077	     -0.00073751769959151670	     -0.00036750400960505747	     -0.00016104239657181718
      1.09299999999999020162	     -0.00238431224195687769	     -0.00418470163754458557	     -0.00180148835788829231	     -0.00005306314640658727	     -0.00021704235593571208	      0.00001445402395379089	     -0.00164454460858309837	     -0.00156855877540524463	      0.00036175091244534940	     -0.00019289585914655794	      0.02550492098317094780	     -0.00143329103947381631	     -0.00091858058149382835	     -0.00074482310129356244	     -0.00036878872585011102	     -0.00015958525117254485
      1.09399999999999009148	     -0.00244297941103081145	     -0.00418456576562364901	     -0.00181767851625203036	     -0.00005314704788655922	     -0.00022449229739043841	      0.00001454491345231901	     -0.00163937370184092518	     -0.00160578089938553936	      0.00035864322551422412	     -0.00019238526936293798	      0.02545515198499631593	     -0.00144046038544592969	     -0.00095379416851814475	     -0.00075213879447175169	     -0.00037000530453196179	     -0.00015815618309110435
      1.09499999999998998135	     -0.00250152168087450222	     -0.00418421963458726065	     -0.00183369408319156157	     -0.00005321279243311605	     -0.00023189066654384638	      0.00001460085363066271	     -0.00163403288986114364	     -0.00164269683634098163	      0.00035551673958116037	     -0.00019182105139414762	      0.02540392247579489893	     -0.00144737349073481569	     -0.00098879473986151437	     -0.00075946057905060260	     -0.00037115139960836041	     -0.00015675508000179833
      1.09599999999998987121	     -0.00255991784544370299	     -0.00418366980061446458	     -0.00184953587500102934	     -0.00005325989849542384	     -0.00023923475448026435	      0.00001462214782379026	     -0.00162851751041539344	     -0.00167929027106810541	      0.00035236798122915969	     -0.00019120224452928714	      0.02535100342982360422	     -0.00145402350743234487	     -0.00102356634507984410	     -0.00076678347528189028	     -0.00037222357886623758	     -0.00015538404377886395
      1.09699999999998976108	     -0.00261814672056363829	     -0.00418292303636191853	     -0.00186520478295726377	     -0.00005328791534025407	     -0.00024652185058900850	      0.00001460904753269529	     -0.00162282258390056972	     -0.00171554513567348521	      0.00034919282793532957	     -0.00019052831406687898	      0.02529616233158618610	     -0.00146040349763670863	     -0.00105809315085241169	     -0.00077410213716941345	     -0.00037321855569150131	     -0.00015404514026730320
      1.09799999999998965095	     -0.00267618721414047273	     -0.00418198660561663882	     -0.00188070237640225457	     -0.00005329638901218486	     -0.00025374890163485514	      0.00001456190680077310	     -0.00161694433659094472	     -0.00175144575294914479	      0.00034599225509579501	     -0.00018979734565016670	      0.02523945735558161263	     -0.00146650562949512953	     -0.00109235990435891696	     -0.00078141133966611043	     -0.00037413444432349285	     -0.00015273800478937671
      1.09899999999998954081	     -0.00273401834397544313	     -0.00418086820480001453	     -0.00189603082179057303	     -0.00005328487059674814	     -0.00026091251917600283	      0.00001448117471690089	     -0.00161088028059227367	     -0.00178697680444839940	      0.00034277271164367962	     -0.00018900588882073133	      0.02518123456212081890	     -0.00147232125115837054	     -0.00112635194174285323	     -0.00078870604384068121	     -0.00037497073390402313	     -0.00015145983887335929
      1.09999999999998943068	     -0.00279161911963853038	     -0.00417957553964432016	     -0.00191119179624066327	     -0.00005325297663678202	     -0.00026800964330034316	      0.00001436709254732521	     -0.00160462628131503166	     -0.00182212312400267112	      0.00033953578785435312	     -0.00018815210388334336	      0.02512155899566467787	     -0.00147784243800008763	     -0.00116005437376418170	     -0.00079598048567902646	     -0.00037572587366291321	     -0.00015020998770645666
      1.10099999999998932054	     -0.00284896855549760658	     -0.00417811625247621610	     -0.00192618638043606794	     -0.00005320038962252499	     -0.00027503757435728624	      0.00001421969527811914	     -0.00159817663230851781	     -0.00185686969363729748	      0.00033627788113368973	     -0.00018723598120778950	      0.02506019986755844697	     -0.00148306215183841017	     -0.00119345204311824705	     -0.00080322823529965781	     -0.00037639720057031090	     -0.00014899010379700733
      1.10199999999998921041	     -0.00290604573759211532	     -0.00417649818151277774	     -0.00194101565984827751	     -0.00005312681864490937	     -0.00028199365886205641	      0.00001403896653281653	     -0.00159152555691054187	     -0.00189120174163322219	      0.00033299535513742207	     -0.00018625784882736474	      0.02499691816199689498	     -0.00148797347795615043	     -0.00122652992200216956	     -0.00081044279323427837	     -0.00037698209200687227	     -0.00014780185626067643
      1.10299999999998910027	     -0.00296282990676716845	     -0.00417472963441789524	     -0.00195568137380819351	     -0.00005303196443100233	     -0.00028887492576071608	      0.00001382499595327727	     -0.00158466883527084990	     -0.00192510496440537193	      0.00032969007610361700	     -0.00018521630961965130	      0.02493178073199889266	     -0.00149256877257358811	     -0.00125927360524759509	     -0.00081761823993256599	     -0.00037747919688885245	     -0.00014664442720371124
      1.10399999999998899014	     -0.00301930048120010314	     -0.00417281932506397002	     -0.00197018583622798893	     -0.00005291552905649366	     -0.00029567808736167753	      0.00001357798436542323	     -0.00157760393099448670	     -0.00195856552056482280	      0.00032636935670713602	     -0.00018410816721059486	      0.02486516017478443419	     -0.00149683976851699985	     -0.00129166931725095257	     -0.00082474928599926556	     -0.00037788842935565503	     -0.00014551450237944297
      1.10499999999998888001	     -0.00307543692430441856	     -0.00417077592410453057	     -0.00198453079506943908	     -0.00005277726633801799	     -0.00030240025184965699	      0.00001329796496295568	     -0.00157032699224673306	     -0.00199156970581379489	      0.00032303508412732246	     -0.00018293220241227814	      0.02479713253410237295	     -0.00150077928424008356	     -0.00132370297920072610	     -0.00083183022007166096	     -0.00037820851819447832	     -0.00014441112579362259
      1.10599999999998876987	     -0.00313121875974570890	     -0.00416860798136853283	     -0.00199871733234857629	     -0.00005261698373914409	     -0.00030903894803921764	      0.00001298482101592252	     -0.00156283295179748122	     -0.00202410389404038965	      0.00031968377455321439	     -0.00018168930760481539	      0.02472746193994279640	     -0.00150438139678049643	     -0.00135536016523189317	     -0.00083885489313126338	     -0.00037843698024753181	     -0.00014333584620136036
      1.10699999999998865974	     -0.00318662564736346687	     -0.00416632419904250373	     -0.00201274651112770542	     -0.00005243451015340267	     -0.00031559177721260032	      0.00001263845017672113	     -0.00155511708234926799	     -0.00205615464122878983	      0.00031631245796317348	     -0.00018038055758212712	      0.02465590535547471096	     -0.00150764060383307141	     -0.00138662657957777918	     -0.00084581727948815355	     -0.00037857135398200459	     -0.00014229025948473556
      1.10799999999998854960	     -0.00324163747690982273	     -0.00416393372431955733	     -0.00202662006036091746	     -0.00005222967353033653	     -0.00032205601589149757	      0.00001225892375565293	     -0.00154717663720044252	     -0.00208770907889335028	      0.00031292310400132112	     -0.00017900512868965213	      0.02458254106916177295	     -0.00151055092777396816	     -0.00141748863847655174	     -0.00085271208045059610	     -0.00037861049179455097	     -0.00014127338745841683
      1.10899999999998843947	     -0.00329623439368457311	     -0.00416144608295054841	     -0.00204034029904920367	     -0.00005200231452750365	     -0.00032842860920008141	      0.00001184650321586073	     -0.00153901097883555465	     -0.00211875492771037427	      0.00030952215959387241	     -0.00017756032362856167	      0.02450776720934885744	     -0.00151310604484039546	     -0.00144793348362774743	     -0.00085953469009647510	     -0.00037855458373647899	     -0.00014028168597073759
      1.10999999999998832934	     -0.00335039665112363966	     -0.00415887069396125852	     -0.00205390895420398678	     -0.00005175231919146012	     -0.00033470693122801543	      0.00001140139088471118	     -0.00153061851939048643	     -0.00214927989261594343	      0.00030611092119536831	     -0.00017604558188377695	      0.02443166800689039464	     -0.00151530110762077008	     -0.00147794792265376878	     -0.00086628000930327742	     -0.00037840267340177869	     -0.00013931416070571412
      1.11099999999998821920	     -0.00340410463018293169	     -0.00415621678576894027	     -0.00206732706873258287	     -0.00005147962086992502	     -0.00034088879696912017	      0.00001092376241495704	     -0.00152199684234839705	     -0.00217927157300835256	      0.00030268591263415273	     -0.00017446250005159758	      0.02435400220612704558	     -0.00151713291298000152	     -0.00150751840206138875	     -0.00087294236393295477	     -0.00037815267294588617	     -0.00013837249674760604
      1.11199999999998810907	     -0.00345733892861577879	     -0.00415349368829354137	     -0.00208059568813534490	     -0.00005118417918827806	     -0.00034697207295520532	      0.00001041393530050796	     -0.00151314432187578396	     -0.00220871768546337249	      0.00029924449139853010	     -0.00017281264796392692	      0.02427452873630295271	     -0.00151859900875872533	     -0.00153663158910275367	     -0.00087951603180244642	     -0.00037780267341297469	     -0.00013745845116877597
      1.11299999999998799893	     -0.00351008046087060432	     -0.00415071114669995911	     -0.00209371656821200069	     -0.00005086597519146641	     -0.00035295426311677397	      0.00000987252108897510	     -0.00150406172369696445	     -0.00223760663117657244	      0.00029578762382073687	     -0.00017109571618476038	      0.02419333493211220376	     -0.00151969680386021544	     -0.00156527501893476053	     -0.00088599576189474227	     -0.00037735225219098778	     -0.00013657123085327599
      1.11399999999998788880	     -0.00356231048310028109	     -0.00414787925123893952	     -0.00210669209870695262	     -0.00005052502779288176	     -0.00035883250220808752	      0.00000930043815042247	     -0.00149475229079133742	     -0.00226592750690778749	      0.00029231917012772363	     -0.00016930965477005011	      0.02411082982851955880	     -0.00152042370166127760	     -0.00159343708910910081	     -0.00089237669209629722	     -0.00037680249046373460	     -0.00013570753686254627
      1.11499999999998777866	     -0.00361401042963750696	     -0.00414500791786731604	     -0.00211952409418869614	     -0.00005016140033559102	     -0.00036460434989811150	      0.00000869865796906955	     -0.00148521864569017836	     -0.00229366914830386043	      0.00028883890050827171	     -0.00016745450393923500	      0.02402709934590557816	     -0.00152077890967777796	     -0.00162110583611904755	     -0.00089865323934854024	     -0.00037615344947761198	     -0.00013486673550278799
      1.11599999999998766853	     -0.00366516192886894715	     -0.00414210680632665085	     -0.00213221371244887159	     -0.00004977520302234389	     -0.00037026779649096050	      0.00000806819581824353	     -0.00147546287956680511	     -0.00232082000847601277	      0.00028534308953809262	     -0.00016553235084967866	      0.02394190118863775973	     -0.00152076353547753174	     -0.00164826883115946291	     -0.00090481915282017433	     -0.00037540415977349584	     -0.00013405086822558532
      1.11699999999998755840	     -0.00371574689598899027	     -0.00413918564280146839	     -0.00214476218007475516	     -0.00004936659029891599	     -0.00037582084837356478	      0.00000741022121569096	     -0.00146548817199912418	     -0.00234736852303935734	      0.00028182899911146503	     -0.00016354519243189092	      0.02385500377183513709	     -0.00152037963127321651	     -0.00167491374216135677	     -0.00091086817508931328	     -0.00037455392110008479	     -0.00013326186314473881
      1.11799999999998744826	     -0.00376574762427893395	     -0.00413625456345267928	     -0.00215717151934824436	     -0.00004893577942347710	     -0.00038126112639487106	      0.00000672614205823180	     -0.00145530026276680102	     -0.00237330375156769025	      0.00027829604461864638	     -0.00016149361183254163	      0.02376649748942891160	     -0.00151962931614657570	     -0.00170102889370629153	     -0.00091679462507662790	     -0.00037360352479764991	     -0.00013249892725449713
      1.11899999999998733813	     -0.00381514680195479960	     -0.00413332404375255091	     -0.00216944446641065269	     -0.00004848306878028202	     -0.00038658587032007127	      0.00000601757890442145	     -0.00144490744216436984	     -0.00239861535820126703	      0.00027474506939581533	     -0.00015937704735016767	      0.02367678139825965533	     -0.00151851486510473643	     -0.00172660319050457409	     -0.00092259337920957973	     -0.00037255521954393522	     -0.00013175859260779882
      1.11999999999998722799	     -0.00386392734493132273	     -0.00413040433917888361	     -0.00218158323263883958	     -0.00004800880905705268	     -0.00039179273292912903	      0.00000528613800927086	     -0.00143431750314003403	     -0.00242329241704403869	      0.00027117448709918640	     -0.00015719691564608507	      0.02358593699381214548	     -0.00151704040772432380	     -0.00175162489237592296	     -0.00092825881618660566	     -0.00037141023913322968	     -0.00013103983072099840
      1.12099999999998711786	     -0.00391207241484554241	     -0.00412750539645911907	     -0.00219358941247493888	     -0.00004751340384648306	     -0.00039687977700716623	      0.00000453340367553845	     -0.00142353779648332623	     -0.00244732334986995370	      0.00026758079273712931	     -0.00015495645541949155	      0.02349372889311474033	     -0.00151521196538922931	     -0.00177608157325420245	     -0.00093378482132244756	     -0.00037016881190404805	     -0.00013034407286069416
      1.12199999999998700773	     -0.00395956551722845967	     -0.00412463719790412409	     -0.00220546472341043298	     -0.00004699732856261463	     -0.00040184504870476728	      0.00000376103062633276	     -0.00141257682199134871	     -0.00247069648018925780	      0.00026396131677981077	     -0.00015265884588414047	      0.02339994063652503509	     -0.00151303651291612162	     -0.00179996075255988699	     -0.00093916534822960362	     -0.00036883146778443621	     -0.00012967247286559125
      1.12299999999998689759	     -0.00400639058638276035	     -0.00412181012328483032	     -0.00221721173092204182	     -0.00004646117213295831	     -0.00040668619820190266	      0.00000297080487747514	     -0.00140144557411678305	     -0.00249340066841514246	      0.00026031442012923456	     -0.00015030641994603910	      0.02330465979400461740	     -0.00151052116647776291	     -0.00182325045504659351	     -0.00094439484740865831	     -0.00036740021596082251	     -0.00012902349757867859
      1.12399999999998678746	     -0.00405253199753394938	     -0.00411903487087528219	     -0.00222883374467497397	     -0.00004590565442576938	     -0.00041140049364172052	      0.00000216461279493180	     -0.00139015744933150553	     -0.00251542528885010525	      0.00025663899717452004	     -0.00014790093993552467	      0.02320826027936298552	     -0.00150767322414452343	     -0.00184593917764837344	     -0.00094946817470872857	     -0.00036587850610275696	     -0.00012839306045912824
      1.12499999999998667732	     -0.00409797440413040698	     -0.00411632186030519431	     -0.00224033355288755232	     -0.00004533155998177885	     -0.00041598558812141681	      0.00000134424554855406	     -0.00137872531851393476	     -0.00253675902048389884	      0.00025293302623881353	     -0.00014544570354657615	      0.02311081765918127084	     -0.00150450167672894208	     -0.00186801478885535157	     -0.00095437961772423807	     -0.00036426886760254629	     -0.00012777946908019283
      1.12599999999998656719	     -0.00414270275329695764	     -0.00411368113801358071	     -0.00225171331239248929	     -0.00004473973866835762	     -0.00042043951737611926	      0.00000051138249537036	     -0.00136716152463288443	     -0.00255738986884344877	      0.00024919383622210717	     -0.00014294532966863116	      0.02301211213049100812	     -0.00150101717614758989	     -0.00188946456320030929	     -0.00095912284849727913	     -0.00036257293049818395	     -0.00012718349118277100
      1.12699999999998645706	     -0.00418670238043289400	     -0.00411112274085256857	     -0.00226297529018815169	     -0.00004413114961986792	     -0.00042476028559369772	     -0.00000033234599532139	     -0.00135547938679957125	     -0.00257730582272295422	      0.00024541930248882238	     -0.00014040434781101285	      0.02291194509310803817	     -0.00149723114356103970	     -0.00191027583970014960	     -0.00096369134688070734	     -0.00036079270524691509	     -0.00012660578523301241
      1.12799999999998634692	     -0.00422995908494174649	     -0.00410865707242735745	     -0.00227412258097881015	     -0.00004350692578652948	     -0.00042894551299227368	     -0.00000118532612346234	     -0.00134369443357353069	     -0.00259649538846169065	      0.00024160789791140280	     -0.00013782685482974233	      0.02281040009972046256	     -0.00149315500827784664	     -0.00193043657602529604	     -0.00096807867535395054	     -0.00035893172258960604	     -0.00012604469852256495
      1.12899999999998623679	     -0.00427245913584554243	     -0.00410629481654722905	     -0.00228515898137637841	     -0.00004286839102294465	     -0.00043299245904858397	     -0.00000204600386519843	     -0.00133182424553132672	     -0.00261494757570435166	      0.00023775853340150810	     -0.00013521671941651991	      0.02270782501972429257	     -0.00148880017933922248	     -0.00194993537990425158	     -0.00097227833180493772	     -0.00035699500052677191	     -0.00012549647452916174
      1.12999999999998612665	     -0.00431418911546486983	     -0.00410404630920280233	     -0.00229608770811462470	     -0.00004221695396478681	     -0.00043689875217243351	     -0.00000291304409806570	     -0.00131988568115325167	     -0.00263265087668291403	      0.00023387010913458045	     -0.00013257869941382672	      0.02260429408266725892	     -0.00148417937305167502	     -0.00196876055002948502	     -0.00097628293837165314	     -0.00035498679080403495	     -0.00012495994743816352
      1.13099999999998601652	     -0.00435513592881250217	     -0.00410192143708165702	     -0.00230691127114690531	     -0.00004155408536953009	     -0.00044066239481582031	     -0.00000378530602335170	     -0.00130789481628068582	     -0.00264959333077979808	      0.00022994150610562702	     -0.00012991828538233552	      0.02249960889219906890	     -0.00147930657742201266	     -0.00198690007275146088	     -0.00098008433421958863	     -0.00035291054020375467	     -0.00012443650423119706
      1.13199999999998590638	     -0.00439528688866314826	     -0.00409993001248420974	     -0.00231763220758240962	     -0.00004088135356483669	     -0.00044428137579165250	     -0.00000466174047450418	     -0.00129586833465554496	     -0.00266576312524331033	      0.00022597188571701204	     -0.00012724088844257020	      0.02239358805190391766	     -0.00147419628459616314	     -0.00200434214009144549	     -0.00098367409808225448	     -0.00035077004195882555	     -0.00012392750934739349
      1.13299999999998579625	     -0.00443462978421349518	     -0.00409808215646989549	     -0.00232825379058043680	     -0.00004020047574386509	     -0.00044775333389836247	     -0.00000554131159582333	     -0.00128382470047877506	     -0.00268114902004055328	      0.00022196080290491638	     -0.00012455178748832507	      0.02228631496678226687	     -0.00146886281980301847	     -0.00202107558418086405	     -0.00098704395153767499	     -0.00034857047172598410	     -0.00012343202746030457
      1.13399999999998568612	     -0.00447315288172246001	     -0.00409638820356483802	     -0.00233877988967834405	     -0.00003951330330465019	     -0.00045107558387971064	     -0.00000642298074769038	     -0.00127178398107875845	     -0.00269574034601059720	      0.00021790813998952968	     -0.00012185627412852895	      0.02217812373210284460	     -0.00146332031864654377	     -0.00203708984664492622	     -0.00099018581973664421	     -0.00034631828681036536	     -0.00012294685600088701
      1.13499999999998557598	     -0.00451084477359003921	     -0.00409485805071274633	     -0.00234921368936658048	     -0.00003882166608661086	     -0.00045424581564197652	     -0.00000730579452460495	     -0.00125976522481224817	     -0.00270952618779266019	      0.00021381367689967540	     -0.00011916012074023041	      0.02206909489389735635	     -0.00145758397536643880	     -0.00205237405204458916	     -0.00099309129857719225	     -0.00034401901583838712	     -0.00012247090182849335
      1.13599999999998546585	     -0.00454769438135732562	     -0.00409350105385630769	     -0.00235955755522621047	     -0.00003812734783333049	     -0.00045726211034857744	     -0.00000818885975382294	     -0.00124778636243316754	     -0.00272249545176218855	      0.00020967700267603834	     -0.00011646951212399004	      0.02195905099821870987	     -0.00145166999767226690	     -0.00206691701819729538	     -0.00099575174133015310	     -0.00034167720310063210	     -0.00012200519752823130
      1.13699999999998535571	     -0.00458369102992771393	     -0.00409232641382972773	     -0.00236981375812073125	     -0.00003743214339450157	     -0.00046012258135986334	     -0.00000907127013596160	     -0.00123586549145683622	     -0.00273463735990354950	      0.00020549767759549253	     -0.00011379067787398167	      0.02184782211572947053	     -0.00144559488435364036	     -0.00208070776355591793	     -0.00099815864318264502	     -0.00033929751253500284	     -0.00012155055196057252
      1.13799999999998524558	     -0.00461882451337700811	     -0.00409134356741869265	     -0.00237998517996218517	     -0.00003673792718374147	     -0.00046282503759505211	     -0.00000995205042748915	     -0.00122402205254681928	     -0.00274594185868606844	      0.00020127552887585359	     -0.00011112974597249359	      0.02173549722167142373	     -0.00143937472917399223	     -0.00209373599430035104	     -0.00100030395573405539	     -0.00033688576706153439	     -0.00012110535109671750
      1.13899999999998513545	     -0.00465308509405992082	     -0.00409056209113800584	     -0.00239007517615497100	     -0.00003604664270923791	     -0.00046536700662626329	     -0.00001083015018078087	     -0.00121227668112700027	     -0.00275639964946056137	      0.00019701066954917745	     -0.00010849273243485058	      0.02162241650538201942	     -0.00143302515839560662	     -0.00210599213464984043	     -0.00100218010678987390	     -0.00033444886992700651	     -0.00012066563894650578
      1.13999999999998502531	     -0.00468646335472387016	     -0.00408999104004381664	     -0.00240008631150590013	     -0.00003536013260556359	     -0.00046774642565344110	     -0.00001170451817617685	     -0.00120064869594835311	     -0.00276600145361051430	      0.00019270289165374682	     -0.00010588585127566108	      0.02150867398953834608	     -0.00142656256831780182	     -0.00211746644345565949	     -0.00100377949500199404	     -0.00033199265987507443	     -0.00012022950381030545
      1.14099999999998491518	     -0.00471895019890503781	     -0.00408963884695623392	     -0.00241002023250436181	     -0.00003468012152979538	     -0.00046996166519953225	     -0.00001257408647280245	     -0.00118915600203907401	     -0.00277473803940615771	      0.00018835162217713947	     -0.00010331554903322826	      0.02139410718351059115	     -0.00142000409241987979	     -0.00212814904107176553	     -0.00100509451510374936	     -0.00032952185656470734	     -0.00011979720667265603
      1.14199999999998480504	     -0.00475053691864756045	     -0.00408951371667054531	     -0.00241987838415624879	     -0.00003400829067333466	     -0.00047201118474102938	     -0.00001343771764174273	     -0.00117781631735913717	     -0.00278260062646466799	      0.00018395623381034509	     -0.00010078832630630585	      0.02127855212733947843	     -0.00141336688822857326	     -0.00213803042930785486	     -0.00100611784029150386	     -0.00032704113076187369	     -0.00011936899158547509
      1.14299999999998469491	     -0.00478121526194455471	     -0.00408962402348800325	     -0.00242966271755906682	     -0.00003334636006032538	     -0.00047389318134101466	     -0.00001429416438575998	     -0.00116664840066613151	     -0.00278958136166911064	      0.00017951631948605329	     -0.00009831023057574328	      0.02116211023787947787	     -0.00140666738058553564	     -0.00214710205707844626	     -0.00100684267926459681	     -0.00032455615491705503	     -0.00011894290302415927
      1.14399999999998458478	     -0.00481097743500837755	     -0.00408997821828960273	     -0.00243937556722939597	     -0.00003269608439256805	     -0.00047560560566470983	     -0.00001514206650519295	     -0.00115567196908158976	     -0.00279567335695557473	      0.00017503171319276783	     -0.00009588671577656638	      0.02104514606767771134	     -0.00139992119475629284	     -0.00215535638458543401	     -0.00100726275316562197	     -0.00032207354331439952	     -0.00011851492200214836
      1.14499999999998447464	     -0.00483981595701948875	     -0.00409058416509666678	     -0.00244901841282962884	     -0.00003205907546332404	     -0.00047714686616635860	     -0.00001598000768079227	     -0.00114490524885137168	     -0.00280086983062384498	      0.00017050191284482402	     -0.00009352335750223428	      0.02092777141908205851	     -0.00139314450324257155	     -0.00216278593982089078	     -0.00100737177188156557	     -0.00031959873201237166	     -0.00011808349804372231
      1.14599999999998436451	     -0.00486772366345081947	     -0.00409144904516056673	     -0.00245859176712315275	     -0.00003143679238842151	     -0.00047851585082518688	     -0.00001680650527160349	     -0.00113436490834062376	     -0.00280516407943676160	      0.00016592609743976139	     -0.00009122597268226840	      0.02080983164937688645	     -0.00138635403100328958	     -0.00216938332334185545	     -0.00100716342159967720	     -0.00031713593544485663	     -0.00011764971429672338
      1.14699999999998425437	     -0.00489469377360710750	     -0.00409257975610566316	     -0.00246809589291330234	     -0.00003083062723317070	     -0.00047971156918456132	     -0.00001761998472542964	     -0.00112406724605032537	     -0.00280854989910138408	      0.00016130348419761409	     -0.00008900036106437859	      0.02069116637095355649	     -0.00137956631981117628	     -0.00217514169951350984	     -0.00100663163823638824	     -0.00031468922910585229	     -0.00011721495386618486
      1.14799999999998414424	     -0.00492071996154389013	     -0.00409398331412047511	     -0.00247753151896512591	     -0.00003024199693760221	     -0.00048073277069125148	     -0.00001841876861992386	     -0.00111402942515849424	     -0.00281102217475384664	      0.00015663340704726719	     -0.00008685145197784294	      0.02057189351463895033	     -0.00137279691772562717	     -0.00218005534334531157	     -0.00100577088824624350	     -0.00031226364210071300	     -0.00011677844343531418
      1.14899999999998403410	     -0.00494579636420995616	     -0.00409566676492456594	     -0.00248689974042948236	     -0.00002967234415477554	     -0.00048157794231264150	     -0.00001920109115621793	     -0.00110426941228179698	     -0.00281257691346842309	      0.00015191528674504684	     -0.00008478319779470223	      0.02045240880613422019	     -0.00136606035559372341	     -0.00218411961392001811	     -0.00100457617059573900	     -0.00030986514448566593	     -0.00011633718220273315
      1.14999999999998392397	     -0.00496991743944762143	     -0.00409763651821126729	     -0.00249620080685231116	     -0.00002912295158274264	     -0.00048224602488942253	     -0.00001996515255030945	     -0.00109480350706678276	     -0.00281321016752048014	      0.00014714829398020102	     -0.00008280007280617174	      0.02033283981027711462	     -0.00135937168166150313	     -0.00218732980440792830	     -0.00100304253232655349	     -0.00030749856548514809	     -0.00011589040730527328
      1.15099999999998381384	     -0.00499307797505489648	     -0.00409989825593493062	     -0.00250543402819158878	     -0.00002859493816374792	     -0.00048273642214984730	     -0.00002070912332079872	     -0.00108564629763274745	     -0.00281291800189925612	      0.00014233125479803932	     -0.00008090725660567233	      0.02021303216724612550	     -0.00135274651636296817	     -0.00218968107388305046	     -0.00100116507085906692	     -0.00030516758016554957	     -0.00011543962466904062
      1.15199999999998370370	     -0.00501527315976584703	     -0.00410245733823577652	     -0.00251459849418944614	     -0.00002808935677517388	     -0.00048304862592172398	     -0.00002143113626612569	     -0.00107681188204634959	     -0.00281169701588757093	      0.00013746280027848723	     -0.00007911001475685575	      0.02009282605562623392	     -0.00134620025453735526	     -0.00219116898948135391	     -0.00099893918350468791	     -0.00030287579104262830	     -0.00011498623472196851
      1.15299999999998359357	     -0.00503649865602129321	     -0.00410531921502588215	     -0.00252369379654937553	     -0.00002760730027513703	     -0.00048318182625873424	     -0.00002212928993556434	     -0.00106831514037233899	     -0.00280954490877438623	      0.00013254173256196933	     -0.00007741250732656857	      0.01997235186281343111	     -0.00133974719180074420	     -0.00219179012491088360	     -0.00099636079845805137	     -0.00030062781050382847	     -0.00011452910895110718
      1.15399999999998348343	     -0.00505675061246391166	     -0.00410848934373320152	     -0.00253271994394754785	     -0.00002714991160589902	     -0.00048313491099062633	     -0.00002280166633838315	     -0.00106017173245195884	     -0.00280646043655106980	      0.00012756715834749688	     -0.00007581769689776752	      0.01985202820027875958	     -0.00133340053562536198	     -0.00219154203101266151	     -0.00099342633725321705	     -0.00029842924349321454	     -0.00011406461426368558
      1.15499999999998337330	     -0.00507602552416640956	     -0.00411197252030726101	     -0.00254167615780254152	     -0.00002671819191608915	     -0.00048290720741960003	     -0.00002344636972728686	     -0.00105239565189527151	     -0.00280244222183548275	      0.00012253799316407771	     -0.00007432950297164842	      0.01973199015244092580	     -0.00132717410087601628	     -0.00219042200784733999	     -0.00099013222955790514	     -0.00029628459361827342	     -0.00011359128176935407
      1.15599999999998326317	     -0.00509432024567053887	     -0.00411577279181074562	     -0.00255056078607762693	     -0.00002631300507026368	     -0.00048249849043620341	     -0.00002406153679313655	     -0.00104499924421352919	     -0.00279748875715475631	      0.00011745265585604014	     -0.00007295290212971928	      0.01961207872470868696	     -0.00132108238255734811	     -0.00218842706069378914	     -0.00098647489577935454	     -0.00029419724229406974	     -0.00011310990943441679
      1.15699999999998315303	     -0.00511163206540925230	     -0.00411989387129574336	     -0.00255937202765532668	     -0.00002593519002733885	     -0.00048190859525279461	     -0.00002464534715757027	     -0.00103799448610777945	     -0.00279159901444847591	      0.00011230908987516081	     -0.00007169286028022026	      0.01949213458277765376	     -0.00131513968375640555	     -0.00218555451363091225	     -0.00098245096426713419	     -0.00029217051725047294	     -0.00011262120156371042
      1.15799999999998304290	     -0.00512795877651070486	     -0.00412433956100077825	     -0.00256810866010503958	     -0.00002558568351999219	     -0.00048113703613769654	     -0.00002519604598436725	     -0.00103139425447124067	     -0.00278477279380918985	      0.00010710610129761877	     -0.00007055302596689628	      0.01937229427260131476	     -0.00130935920622421431	     -0.00218180261740079200	     -0.00097805744369997005	     -0.00029020874358262616	     -0.00011212343654808110
      1.15899999999998293276	     -0.00514329868869772139	     -0.00412911367399992901	     -0.00257676995798239439	     -0.00002526553904019097	     -0.00048018301756313359	     -0.00002571197093138161	     -0.00102521235009869760	     -0.00277701059349867718	      0.00010184374607446339	     -0.00006953569769738155	      0.01925298432445415875	     -0.00130375308711916382	     -0.00217717052505135567	     -0.00097329166383564036	     -0.00028831720414841666	     -0.00011161260154884944
      1.15999999999998282263	     -0.00515765048845925889	     -0.00413421935304203458	     -0.00258535447755825487	     -0.00002497572477513921	     -0.00047904619057442116	     -0.00002619158269129285	     -0.00101946108781109102	     -0.00276831265505816937	      0.00009652156284505053	     -0.00006864429636874170	      0.01913434000260250123	     -0.00129833418511321463	     -0.00217165707828096202	     -0.00096815084561330256	     -0.00028650002946803421	     -0.00011108719054934990
      1.16099999999998271250	     -0.00517101325064740769	     -0.00413965898337942395	     -0.00259385996804550878	     -0.00002471713516771779	     -0.00047772666585521595	     -0.00002663348689291994	     -0.00101415135220511710	     -0.00275867902979545776	      0.00009113810725166344	     -0.00006788332190044155	      0.01901619943389493139	     -0.00129311614206434333	     -0.00216526080853493216	     -0.00096263208498725827	     -0.00028476015658789045	     -0.00011054837088117497
      1.16199999999998260236	     -0.00518338651210269175	     -0.00414543462046923494	     -0.00260228410339236049	     -0.00002449071350528464	     -0.00047622461935167837	     -0.00002703645307884639	     -0.00100929390566972810	     -0.00274811012612392880	      0.00008569143208272956	     -0.00006725697042114787	      0.01889840769141734600	     -0.00128811245811011332	     -0.00215798057845749056	     -0.00095673253887171295	     -0.00028310039467650816	     -0.00010999760523731916
      1.16299999999998249223	     -0.00519477033502584173	     -0.00415154843346721147	     -0.00261062521411825621	     -0.00002429756861119930	     -0.00047453991104519366	     -0.00002739941081197211	     -0.00100490058264121607	     -0.00273660675733899961	      0.00008018158182599572	     -0.00006676807333597101	      0.01878110228964832706	     -0.00128333560271287617	     -0.00214981612557152250	     -0.00095044955956297139	     -0.00028152450196622381	     -0.00010943425075191082
      1.16399999999998238209	     -0.00520516530961460250	     -0.00415800263477161813	     -0.00261888219655825871	     -0.00002413896941209914	     -0.00047267208542904615	     -0.00002772142785761184	     -0.00100098425790665080	     -0.00272417001516372936	      0.00007461099369576035	     -0.00006641824362063620	      0.01866470258801597448	     -0.00127879707757205807	     -0.00214076801331421727	     -0.00094378066567785135	     -0.00028003720570160540	     -0.00010885552929189996
      1.16499999999998227196	     -0.00521457240732930288	     -0.00416479878493725142	     -0.00262705327155732249	     -0.00002401609608479460	     -0.00047062109940500946	     -0.00002800167478485965	     -0.00099755644153920464	     -0.00271080090872498347	      0.00006898054933766884	     -0.00006621026997166712	      0.01854933922940171787	     -0.00127450921074884205	     -0.00213083647548617007	     -0.00093672324766788662	     -0.00027864217676452918	     -0.00010826107127468593
      1.16599999999998216182	     -0.00522299298247984323	     -0.00417193770969170874	     -0.00263513588370845042	     -0.00002393002504745556	     -0.00046838731834618341	     -0.00002823939892369204	     -0.00099462728876462125	     -0.00269650052285670683	      0.00006328901432673534	     -0.00006614804109969508	      0.01843485177414722065	     -0.00127048520321737524	     -0.00212002142157539410	     -0.00092927459782568556	     -0.00027734205081264562	     -0.00010765287261574330
      1.16699999999998205169	     -0.00523042883985821300	     -0.00417941994682291540	     -0.00264312744086647733	     -0.00002388184457115944	     -0.00046597111319377632	     -0.00002843391637676745	     -0.00099220687480339187	     -0.00268127033863724273	      0.00005753451591220676	     -0.00006623517891615749	      0.01832109123652037042	     -0.00126673820003764259	     -0.00210832303282793704	     -0.00092143207552314310	     -0.00027613952998437052	     -0.00010703279798003618
      1.16799999999998194156	     -0.00523688229176629688	     -0.00418724620526333968	     -0.00265102605035427707	     -0.00002387278090040107	     -0.00046337250059349383	     -0.00002858461490402170	     -0.00099030633357705122	     -0.00266511196635349501	      0.00005171796874613860	     -0.00006647433010967263	      0.01820818968847578989	     -0.00126328043562301540	     -0.00209574224846235252	     -0.00091319319846139280	     -0.00027503842293710723	     -0.00010640028848227234
      1.16899999999998183142	     -0.00524235615165787039	     -0.00419541728879768705	     -0.00265883041354220140	     -0.00002390419427425461	     -0.00046059116231984137	     -0.00002869094481774970	     -0.00098893779859374198	     -0.00264802703646180304	      0.00004584340660621772	     -0.00006686734938171623	      0.01809654700803076111	     -0.00126012327221036724	     -0.00208228074843972918	     -0.00090455563730076904	     -0.00027404361861908810	     -0.00010575242852955274
      1.16999999999998172129	     -0.00524685358182827577	     -0.00420393337059876693	     -0.00266653855515897042	     -0.00002397730903753309	     -0.00045762716337638398	     -0.00002875238059633911	     -0.00098811205496004972	     -0.00263001746908556044	      0.00003991209448565847	     -0.00006741712318369952	      0.01798628546431610409	     -0.00125727889234589219	     -0.00206793994271185951	     -0.00089551705381787916	     -0.00027315904938317315	     -0.00010508843432210230
      1.17099999999998161115	     -0.00525037808561910208	     -0.00421279390271844800	     -0.00267414770899931931	     -0.00002409319879851518	     -0.00045448096434537455	     -0.00002876840665390346	     -0.00098783852314596188	     -0.00261108562117426390	      0.00003392219371736727	     -0.00006812742337944377	      0.01787724868429502179	     -0.00125476029584709048	     -0.00205272100932607678	     -0.00088607515810540383	     -0.00027238766725484753	     -0.00010440968265254535
      1.17199999999998150102	     -0.00525293356957904495	     -0.00422199807590339926	     -0.00268165506575690493	     -0.00002425291637379173	     -0.00045115304333259720	     -0.00002873852671470001	     -0.00098812651014001940	     -0.00259123423431753541	      0.00002787149247735626	     -0.00006900175539473197	      0.01776929258650011834	     -0.00125258038594361354	     -0.00203662543782936155	     -0.00087622783329338594	     -0.00027173249470827110	     -0.00010371735475844107
      1.17299999999998139089	     -0.00525452439716880132	     -0.00423154529038194394	     -0.00268905851400313978	     -0.00002445763156470188	     -0.00044764355940384026	     -0.00002866228290551026	     -0.00098898632528462982	     -0.00257046598619957434	      0.00002176107086447610	     -0.00007004296422680190	      0.01766254064769925969	     -0.00125075114901779250	     -0.00201965546987733363	     -0.00086597319801282047	     -0.00027119760671907855	     -0.00010301030204078188
      1.17399999999998128075	     -0.00525515537452507508	     -0.00424143507074625781	     -0.00269635652039768026	     -0.00002470862401435236	     -0.00044395238714470958	     -0.00002853925552579600	     -0.00099042919575198507	     -0.00254878344387660105	      0.00001559539540250954	     -0.00007125339480759663	      0.01755737066996518325	     -0.00124928364834264727	     -0.00200181410649825919	     -0.00085530963715566011	     -0.00027078805648714233	     -0.00010228518785754953
      1.17499999999998117062	     -0.00525483159245054149	     -0.00425166630955953195	     -0.00270354683554896447	     -0.00002500699030864861	     -0.00044007982378879013	     -0.00002836901764462912	     -0.00099246496146121466	     -0.00252618976200472134	      0.00000937549177383590	     -0.00007263606583740589	      0.01745389721436432784	     -0.00124818958090755494	     -0.00198310420742628044	     -0.00084423576444780934	     -0.00027050782800273898	     -0.00010154088891344698
      1.17599999999998106048	     -0.00525355841093250175	     -0.00426223716931539709	     -0.00271062636928043332	     -0.00002535362610843472	     -0.00043602661807989884	     -0.00002815112761545002	     -0.00099510202460914576	     -0.00250268875886393294	      0.00000309894672530925	     -0.00007419453248799779	      0.01735196955457504742	     -0.00124748122803497452	     -0.00196352852827533925	     -0.00083275050824252461	     -0.00027035976424828745	     -0.00010077859566067632
      1.17699999999998095035	     -0.00525134151724888920	     -0.00427314555418567554	     -0.00271759194471243859	     -0.00002574936623864904	     -0.00043179361863043830	     -0.00002788515090129673	     -0.00099834857119726617	     -0.00247828453357476497	     -0.00000323649532069092	     -0.00007593208498668513	      0.01725144688758387113	     -0.00124717057486606331	     -0.00194309019220582219	     -0.00082085320701130726	     -0.00027034656310225003	     -0.00009999960722252565
      1.17799999999998084022	     -0.00524818698172061643	     -0.00428438959092081184	     -0.00272444104173152901	     -0.00002619513199673962	     -0.00042738144379556725	     -0.00002757069194538747	     -0.00100221368347030992	     -0.00245298104099569980	     -0.00000962978718478669	     -0.00007785151797581880	      0.01715244527635237382	     -0.00124726851529255445	     -0.00192179310770862130	     -0.00080854363827040365	     -0.00027047173547760373	     -0.00009920328030407766
      1.17899999999998073008	     -0.00524410124647931020	     -0.00429596754025740601	     -0.00273117166574032844	     -0.00002669192789588049	     -0.00042279049758645743	     -0.00002720740137660688	     -0.00100670719624992855	     -0.00242678217558163489	     -0.00001607679733452855	     -0.00007995521243023274	      0.01705532649896396302	     -0.00124778481124049323	     -0.00189964201249182355	     -0.00079582199548591803	     -0.00027073958401453713	     -0.00009838708947197683
      1.17999999999998061995	     -0.00523909097296445386	     -0.00430787702244139759	     -0.00273778104075161899	     -0.00002724054010128096	     -0.00041802163496615363	     -0.00002679492287578633	     -0.00101183734900434086	     -0.00239969261530070810	     -0.00002257675819566235	     -0.00008224584652369304	      0.01696020123039479466	     -0.00124872955596883051	     -0.00187664164912223000	     -0.00078268882897669645	     -0.00027115326835600723	     -0.00009755078147095919
      1.18099999999998050981	     -0.00523316303155306473	     -0.00432011492041761702	     -0.00274426547756179140	     -0.00002784152660955524	     -0.00041307616888556359	     -0.00002633289218593321	     -0.00101761064536298740	     -0.00237171789684874346	     -0.00002913210890706508	     -0.00008472632716224893	      0.01686692322350336060	     -0.00125011311832678995	     -0.00185279681279061290	     -0.00076914503974095938	     -0.00027171480878405291	     -0.00009669637315883051
      1.18199999999998039968	     -0.00522632456693666175	     -0.00433267786694879753	     -0.00275062112651203172	     -0.00002849537531673246	     -0.00040795550522147034	     -0.00002582097253108623	     -0.00102403299007192139	     -0.00234286397031091553	     -0.00003574493137519300	     -0.00008739930219581193	      0.01677534936436592128	     -0.00125194531611688697	     -0.00182811280086228253	     -0.00075519184825281749	     -0.00027242614392386511	     -0.00009582591393196560
      1.18299999999998028954	     -0.00521858306481810114	     -0.00434556273661579340	     -0.00275684471994153135	     -0.00002920266518298409	     -0.00040266078751023671	     -0.00002525889908212842	     -0.00103111080060200311	     -0.00231313692830314999	     -0.00004241447309951546	     -0.00009026682932380958	      0.01668558920482815511	     -0.00125423462398205343	     -0.00180259585394200103	     -0.00074083074530784110	     -0.00027329014237258836	     -0.00009493935345393500
      1.18399999999998017941	     -0.00520994634300737947	     -0.00435876655418010461	     -0.00276293343877931363	     -0.00002996406132251689	     -0.00039719290910765481	     -0.00002464648743426279	     -0.00103885086988517172	     -0.00228254312350706368	     -0.00004913745891074392	     -0.00009333035808067880	      0.01659799810076367788	     -0.00125698810662971949	     -0.00177625319285766928	     -0.00072606347998810383	     -0.00027431056639149604	     -0.00009403458579203966
      1.18499999999998006928	     -0.00520042239592084093	     -0.00437228570623571233	     -0.00276888360959981483	     -0.00003077999751397581	     -0.00039155318554157797	     -0.00002398356412190022	     -0.00104725801542562835	     -0.00225108980962908378	     -0.00005591346097166480	     -0.00009659142305668000	      0.01651268438829978091	     -0.00126021286515504150	     -0.00174909214837644725	     -0.00071089206797261828	     -0.00027549010495067638	     -0.00009311158499886868
      1.18599999999997995914	     -0.00519001938359191228	     -0.00438611584367265550	     -0.00277469057531742891	     -0.00003165066356181773	     -0.00038574337342692222	     -0.00002326996447964830	     -0.00105633494101917136	     -0.00221878517397978980	     -0.00006274482886774874	     -0.00010005169862853380	      0.01642949839467630624	     -0.00126391599857139658	     -0.00172112016337208629	     -0.00069531881582499122	     -0.00027683031819055598	     -0.00009217246073704027
      1.18699999999997984901	     -0.00517874569847021765	     -0.00440025237522057022	     -0.00278034944342975265	     -0.00003257616672639602	     -0.00037976531895451970	     -0.00002250557546691623	     -0.00106608338031904948	     -0.00218563794308154757	     -0.00006963377107944979	     -0.00010371265522537976	      0.01634828470806251599	     -0.00126810380041497694	     -0.00169234520730564969	     -0.00067934630622257242	     -0.00027833262368370804	     -0.00009121930604335388
      1.18799999999997973887	     -0.00516661003827412202	     -0.00441469096424418339	     -0.00278585582599566450	     -0.00003355669724164345	     -0.00037362059673844150	     -0.00002169038741057366	     -0.00107650528838393322	     -0.00215165711351616995	     -0.00007657983648732755	     -0.00010757487612439443	      0.01626914695205305961	     -0.00127278091868482379	     -0.00166277622643157610	     -0.00066297738174439513	     -0.00027999926872012554	     -0.00009025203278587024
      1.18899999999997962874	     -0.00515362139927427743	     -0.00442942743731034039	     -0.00279120571252300387	     -0.00003459252177286098	     -0.00036731052418776527	     -0.00002082449986034324	     -0.00108760275324251698	     -0.00211685201229760978	     -0.00008358003361631089	     -0.00011163794751262168	      0.01619244616606041465	     -0.00127795029074273536	     -0.00163242315404662705	     -0.00064621517515167648	     -0.00028183324621728484	     -0.00008926840903607236
      1.18999999999997951861	     -0.00513978891571104796	     -0.00444445699078144241	     -0.00279639418313526456	     -0.00003568365318368238	     -0.00036083685610481531	     -0.00001990803267161445	     -0.00109937561662559746	     -0.00208123277482055724	     -0.00009063382518861504	     -0.00011590164385649748	      0.01611828985370730716	     -0.00128361469848781162	     -0.00160129594707935155	     -0.00062906317511204901	     -0.00028383625763533232	     -0.00008826826044414787
      1.19099999999997940847	     -0.00512512184877219473	     -0.00445977409560960325	     -0.00280141528831201470	     -0.00003682983650130089	     -0.00035420181394742872	     -0.00001894112036503887	     -0.00111182136498172435	     -0.00204481037245894670	     -0.00009774330776874188	     -0.00012036609474008753	      0.01604651540673018850	     -0.00128977678317721001	     -0.00156940454542157243	     -0.00061152529121005772	     -0.00028600858914029637	     -0.00008725356111327631
      1.19199999999997929834	     -0.00510962965622426685	     -0.00447537299453570903	     -0.00280626278744411373	     -0.00003803071238333428	     -0.00034740773881068027	     -0.00001792396089274340	     -0.00112493630852480986	     -0.00200759630023454594	     -0.00010491077348973379	     -0.00012503130436089527	      0.01597694580691372268	     -0.00129643823073338771	     -0.00153675928163047454	     -0.00059360587947124288	     -0.00028835002594974901	     -0.00008622628871395727
      1.19299999999997918820	     -0.00509332207266955522	     -0.00449124820414736892	     -0.00281093088309458672	     -0.00003928598855702098	     -0.00034045671687320950	     -0.00001685687398012004	     -0.00113871687253191967	     -0.00196960219638671330	     -0.00011213545186299773	     -0.00012989596700552219	      0.01590968081982468973	     -0.00130359885060832292	     -0.00150337136138385327	     -0.00057530977482883605	     -0.00029086079399431169	     -0.00008518614886988615
      1.19399999999997907807	     -0.00507620910397008768	     -0.00450739442858771877	     -0.00281541410705954398	     -0.00004059543641685148	     -0.00033335059049754978	     -0.00001574030361789491	     -0.00115315957027228855	     -0.00193083983811863369	     -0.00011941338119278444	     -0.00013495730861320943	      0.01584510013029985509	     -0.00131125653466979131	     -0.00146925286555528792	     -0.00055664233127164509	     -0.00029354147903665889	     -0.00008413059508342521
      1.19499999999997896794	     -0.00505830085472679797	     -0.00452380576816069357	     -0.00281970605754100490	     -0.00004195855536586607	     -0.00032609167198174860	     -0.00001457471038415759	     -0.00116825853790525347	     -0.00189132170772535191	     -0.00012674327454972531	     -0.00014021312368933669	      0.01578331170562052854	     -0.00131940899506549636	     -0.00143441572550686083	     -0.00053760940130162527	     -0.00029639106991222880	     -0.00008305922071902977
      1.19599999999997885780	     -0.00503960751460502676	     -0.00454047563317527825	     -0.00282379929328979706	     -0.00004337456847807591	     -0.00031868275712359367	     -0.00001336056514492090	     -0.00118400544113100858	     -0.00185106108134128200	     -0.00013412688980959930	     -0.00014566197773413503	      0.01572413073552056395	     -0.00132805379971362436	     -0.00139887172192620576	     -0.00051821726701620219	     -0.00029940701087384503	     -0.00008197390164660021
      1.19699999999997874767	     -0.00502013943046854955	     -0.00455739724975368077	     -0.00282768605944161422	     -0.00004484259896467974	     -0.00031112674831731274	     -0.00001209840763137515	     -0.00120039068645069746	     -0.00181007176407413373	     -0.00014156636817234253	     -0.00015130230684767820	      0.01566735185760517735	     -0.00133718745180338994	     -0.00136263298860581084	     -0.00049847253476012487	     -0.00030258630835323236	     -0.00008087661730441995
      1.19799999999997863753	     -0.00499990719169995934	     -0.00457456417378176994	     -0.00283135901129005774	     -0.00004636185914207863	     -0.00030342623954018183	     -0.00001078891628229772	     -0.00121740478505383276	     -0.00176836762278484438	     -0.00014906003301752915	     -0.00015713069841072347	      0.01561307286562044205	     -0.00134680432000144901	     -0.00132571260547219294	     -0.00047838204150132957	     -0.00030592669719836305	     -0.00007976706065973907
      1.19899999999997852740	     -0.00497892162248843306	     -0.00459197021331847477	     -0.00283481111766081817	     -0.00004793165619184497	     -0.00029558351275392469	     -0.00000943291043115080	     -0.00123503836952085222	     -0.00172596257792871632	     -0.00015660216674257682	     -0.00016314173286982592	      0.01556170059787284621	     -0.00135689661484061919	     -0.00128812463353399423	     -0.00045795280743229916	     -0.00030942669837161901	     -0.00007864265868201895
      1.19999999999997841726	     -0.00495719359346333960	     -0.00460960863199399995	     -0.00283803442881103152	     -0.00004955104081919015	     -0.00028760129540473384	     -0.00000803122192727379	     -0.00125327962366128531	     -0.00168287137154807254	     -0.00016419048897182639	     -0.00016933102402147404	      0.01551334281090929745	     -0.00136745639852942080	     -0.00124988297578244173	     -0.00043719203505324100	     -0.00031308356971639084	     -0.00007750319190923116
      1.20099999999997830713	     -0.00493473400565822007	     -0.00462747206475322415	     -0.00284101998996666438	     -0.00005121880179240201	     -0.00027948278182735736	     -0.00000658468676144330	     -0.00127211424036821619	     -0.00163910962471397470	     -0.00017182651669259141	     -0.00017569544038628648	      0.01546778473985407909	     -0.00137847569016924520	     -0.00121100134774331306	     -0.00041610709438100191	     -0.00031689329160510329	     -0.00007635092086109505
      1.20199999999997819700	     -0.00491155386717535836	     -0.00464555302692681860	     -0.00284375855390561760	     -0.00005293364643928905	     -0.00027123124509201291	     -0.00000509421319309922	     -0.00129152671989060663	     -0.00159469344406466818	     -0.00017951206391308289	     -0.00018223169452166732	      0.01542478851771905690	     -0.00138994545843734718	     -0.00117149381345705780	     -0.00039470547775977138	     -0.00032085163934283609	     -0.00007518826312447741
      1.20299999999997808686	     -0.00488766438359408001	     -0.00466384443429035400	     -0.00284624129019128702	     -0.00005469439673999599	     -0.00026284960761403797	     -0.00000356086318832605	     -0.00131150183360037587	     -0.00154963888339755551	     -0.00018724448989867679	     -0.00018893421153801104	      0.01538444975446912055	     -0.00140185445670049091	     -0.00113137541649404802	     -0.00037299476642760343	     -0.00032495533319275294	     -0.00007401523381272979
      1.20399999999997797673	     -0.00486307694789123862	     -0.00468233952706875733	     -0.00284845970759195488	     -0.00005649999429443997	     -0.00025434044449546001	     -0.00000198585491670289	     -0.00133202469140314417	     -0.00150396192553041430	     -0.00019501659403536875	     -0.00019579504618474908	      0.01534720354795332531	     -0.00141418926226494213	     -0.00109066218237268905	     -0.00035098263825475429	     -0.00032920203889889518	     -0.00007282943290326180
      1.20499999999997786659	     -0.00483780293570534869	     -0.00470103105995967052	     -0.00285040445641882023	     -0.00005834912545635978	     -0.00024570679349606578	     -0.00000037041539011073	     -0.00135307802837325575	     -0.00145767938616248038	     -0.00020282542948082266	     -0.00020280786388782168	      0.01531315369583616248	     -0.00142693656726577967	     -0.00104936983227685993	     -0.00032867692251384306	     -0.00033358815107904435	     -0.00007163089443723222
      1.20599999999997775646	     -0.00481185368784525780	     -0.00471991121743808861	     -0.00285206526289183415	     -0.00006024021356191428	     -0.00023695218157873676	      0.00000128422588652199	     -0.00137464220225275158	     -0.00141080888771664970	     -0.00021067240678643642	     -0.00020996812845608392	      0.01528205019657896679	     -0.00144008333033501801	     -0.00100751371829138625	     -0.00030608563566128510	     -0.00033810871933060219	     -0.00007042216646671595
      1.20699999999997764633	     -0.00478524059254239326	     -0.00473897212730101103	     -0.00285343162743512124	     -0.00006217160533127791	     -0.00022808022084463281	      0.00000297675477366199	     -0.00139669659421623460	     -0.00136336830414152121	     -0.00021855881578538433	     -0.00021727116418171488	      0.01525362271503388767	     -0.00145361566415452836	     -0.00096510939117844252	     -0.00028321699250502541	     -0.00034275851070371399	     -0.00006920579911675120
      1.20799999999997753619	     -0.00475797517886290128	     -0.00475820638456381229	     -0.00285449351132349705	     -0.00006414177159536766	     -0.00021909417174244272	      0.00000470567653437781	     -0.00141922114667078492	     -0.00131537534033311643	     -0.00022648145229513250	     -0.00022470980714126010	      0.01522796186190147893	     -0.00146751760645125184	     -0.00092217325154204249	     -0.00026007942806555162	     -0.00034753313672646058	     -0.00006798163964275017
      1.20899999999997742606	     -0.00473006910471050063	     -0.00477760697307083593	     -0.00285524127459435562	     -0.00006614930816769421	     -0.00020999695509708871	      0.00000646931008342622	     -0.00144219644528606472	     -0.00126684754428710300	     -0.00023443282466001705	     -0.00023227443762385835	      0.01520552190921681257	     -0.00148177121461912087	     -0.00087872250242427424	     -0.00023668165253931672	     -0.00035242899212685128	     -0.00006674679790152557
      1.20999999999997731592	     -0.00470153394171825278	     -0.00479716643988148395	     -0.00285566451531349408	     -0.00006819253908910139	     -0.00020079199968086464	      0.00000826595485431403	     -0.00146560083701405275	     -0.00121780307108344810	     -0.00024240992578437176	     -0.00023995759919856474	      0.01518639607458222018	     -0.00149635905082567966	     -0.00083477373294507662	     -0.00021303271798939205	     -0.00035744092001277136	     -0.00006550073781064550
      1.21099999999997720579	     -0.00467238116348043381	     -0.00481687681440523541	     -0.00285575201833587755	     -0.00007026951929555575	     -0.00019148325075629691	      0.00001009390504450036	     -0.00148941045502992697	     -0.00116826061111659218	     -0.00025041404310800416	     -0.00024775406252228183	      0.01517029775354183929	     -0.00151126430117903832	     -0.00079034290646814304	     -0.00018914196646532822	     -0.00036256222518732048	     -0.00006424535051385849
      1.21199999999997709565	     -0.00464262224013477220	     -0.00483673013450525158	     -0.00285549242990401630	     -0.00007237824548823185	     -0.00018207472519930074	      0.00001195136827476795	     -0.00151360073427192487	     -0.00111823886918639703	     -0.00025844595573108753	     -0.00025565840415336938	      0.01515692657009487521	     -0.00152646951052815005	     -0.00074544607486023290	     -0.00016501892494015513	     -0.00036778591649782796	     -0.00006298234605447636
      1.21299999999997698552	     -0.00461226873867748299	     -0.00485671897944284225	     -0.00285487490610525363	     -0.00007451687772764420	     -0.00017257005247416773	      0.00001383637555410488	     -0.00153814799921425660	     -0.00106775641237601138	     -0.00026650248254585923	     -0.00026366256420151668	      0.01514636269697239301	     -0.00154195526796296889	     -0.00070010011398721761	     -0.00014067325294912780	     -0.00037310600230681945	     -0.00006171114332194014
      1.21399999999997687539	     -0.00458133231623576026	     -0.00487683639305802608	     -0.00285388905441763541	     -0.00007668374981038839	     -0.00016297247137109921	      0.00001574678972270094	     -0.00156302953589571025	     -0.00101683174837706447	     -0.00027457690627682302	     -0.00027175592272785098	      0.01513906449395155396	     -0.00155770027632951003	     -0.00065432274159830939	     -0.00011611466113706226	     -0.00037851753490380710	     -0.00006042873444592547
      1.21499999999997676525	     -0.00454982450577474246	     -0.00489707504582093112	     -0.00285252381268819022	     -0.00007887695589779697	     -0.00015328568180358187	      0.00001768049519565440	     -0.00158822056619073448	     -0.00096548373865101844	     -0.00028266641460615929	     -0.00027993014369764868	      0.01513510888920530095	     -0.00157368390150014470	     -0.00060813115157961478	     -0.00009135274693833351	     -0.00038401421181255904	     -0.00005913302437804760
      1.21599999999997665512	     -0.00451775671110649091	     -0.00491742716197918206	     -0.00285076740641909687	     -0.00008109436163752926	     -0.00014351384370798331	      0.00001963542794294892	     -0.00161369426482677047	     -0.00091373151787266238	     -0.00029077193329786824	     -0.00028817919626844546	      0.01513417664218980052	     -0.00158988627263928484	     -0.00056154180598537440	     -0.00006639724466057928	     -0.00038958852888446374	     -0.00005782675927527847
      1.21699999999997654498	     -0.00448514030628149180	     -0.00493788505073189388	     -0.00284860798889741140	     -0.00008333382716423088	     -0.00013366112077358577	      0.00002160949915047672	     -0.00163942331271940689	     -0.00086159416396046351	     -0.00029889401549476266	     -0.00029649675267778841	      0.01513594130329798393	     -0.00160628692706615839	     -0.00051457095731972241	     -0.00004125832434807852	     -0.00039523318398252197	     -0.00005651937188968365
      1.21799999999997643485	     -0.00445198672818361563	     -0.00495844158358715870	     -0.00284603426182217234	     -0.00008559334971259408	     -0.00012373124616187753	      0.00002360042379487282	     -0.00166538160271778590	     -0.00080909063196273057	     -0.00030702974943508030	     -0.00030487368383577684	      0.01514046769238797108	     -0.00162286357001450998	     -0.00046723647995682710	     -0.00001594466379359338	     -0.00040094133728959050	     -0.00005519925281682880
      1.21899999999997632472	     -0.00441830748871522433	     -0.00497909016396358428	     -0.00284303542028574441	     -0.00008787110950835703	     -0.00011372751184600405	      0.00002560578737767494	     -0.00169154434979099100	     -0.00075623971122076861	     -0.00031517313243960982	     -0.00031329834560295255	      0.01514820482671119795	     -0.00163959225859544588	     -0.00041955718517728419	      0.00000953562636787919	     -0.00040670712736654707	     -0.00005384670278566622
      1.21999999999997621458	     -0.00438411397733277225	     -0.00499982404545618042	     -0.00283959999995087031	     -0.00009016530560555097	     -0.00010365357929486424	      0.00002762356235717911	     -0.00171788436581460369	     -0.00070306010483713044	     -0.00032332171151142064	     -0.00032176200253283826	      0.01515920921069577321	     -0.00165644954317295534	     -0.00037154696375504143	      0.00003516755457912135	     -0.00041252704261957387	     -0.00005253765408785860
      1.22099999999997610445	     -0.00434941734967773247	     -0.00502063576839595349	     -0.00283571593495879348	     -0.00009247353653307755	     -0.00009351360801085340	      0.00002965147833348947	     -0.00174437245819053510	     -0.00064957081362981839	     -0.00033147613379762124	     -0.00033025750906617857	      0.01517313392114205683	     -0.00167341269926823966	     -0.00032322370293004499	      0.00006094393890679339	     -0.00041839202272047488	     -0.00005124546918603909
      1.22199999999997599431	     -0.00431422870123800151	     -0.00504151750702541701	     -0.00283137142819689380	     -0.00009479245219438243	     -0.00008331183060814734	      0.00003168629077425489	     -0.00177098139321421599	     -0.00059579091905927195	     -0.00033963638685600983	     -0.00033877569133039520	      0.01518963043584664607	     -0.00169046042191084434	     -0.00027461987614486177	      0.00008688308893611829	     -0.00042427981964415426	     -0.00004960468379073407
      1.22299999999997588418	     -0.00427855957767169642	     -0.00506246413898447933	     -0.00282655464776504495	     -0.00009712169569559004	     -0.00007305145205226821	      0.00003372781695544502	     -0.00179768212400713279	     -0.00054173761360425121	     -0.00034780186208066555	     -0.00034731077346189521	      0.01520874019276985400	     -0.00170756762412266339	     -0.00022572561320861190	      0.00011293227257631877	     -0.00043020735465115409	     -0.00004820648165698022
      1.22399999999997577405	     -0.00424242097637621968	     -0.00508347099493400290	     -0.00282125300468027973	     -0.00009946270923430478	     -0.00006273530981781850	      0.00003577791504737193	     -0.00182443534900458837	     -0.00048742895787515228	     -0.00035597031429181539	     -0.00035585711197658187	      0.01523088644756498411	     -0.00172469709240419267	     -0.00017649878305133621	      0.00013897740921516022	     -0.00043622145107563917	     -0.00004846000934213834
      1.22499999999997566391	     -0.00420582110573237966	     -0.00510452460701527055	     -0.00281545362384383324	     -0.00010180810211204983	     -0.00005236901077987355	      0.00003782971975825611	     -0.00185119240376019345	     -0.00043289117384370801	     -0.00036413480175225867	     -0.00036439201523866260	      0.01525611133171908551	     -0.00174180364765247342	     -0.00012701337368882515	      0.00016508675509936677	     -0.00044225907995171926	     -0.00004934271229616038
      1.22599999999997555378	     -0.00416876731082506391	     -0.00512560841952103274	     -0.00280914408263055471	     -0.00010414727207458396	     -0.00004195936164267527	      0.00003987348895521936	     -0.00187790284479838476	     -0.00037815291491237468	     -0.00037228960860605231	     -0.00037288895669021493	      0.01528405126455753549	     -0.00175884288651512177	     -0.00007738179930267403	      0.00019139141405775939	     -0.00044822031068892515	     -0.00004893513095284574
      1.22699999999997544364	     -0.00413126938389727499	     -0.00514671408108524631	     -0.00280231294212573978	     -0.00010647820302062128	     -0.00003151092207075157	      0.00004190876503087915	     -0.00190452197617246854	     -0.00032323526997379837	     -0.00038043816668356482	     -0.00038134103657119778	      0.01531431814739694919	     -0.00177577720965738095	     -0.00002759181013510525	      0.00021782565805107679	     -0.00045412426141536177	     -0.00004783318514714821
      1.22799999999997533351	     -0.00409333862194178472	     -0.00516783691935329692	     -0.00279495105343818828	     -0.00010880103546424824	     -0.00002102681117845118	      0.00004393702665428378	     -0.00193101820936311674	     -0.00026815473287529479	     -0.00038858105832734191	     -0.00038974464568969358	      0.01534692230216597175	     -0.00179257874808824713	      0.00002238632447210120	      0.00024430318004355078	     -0.00046000848513019083	     -0.00004695165529694165
      1.22899999999997522337	     -0.00405498611387179742	     -0.00518897064431156352	     -0.00278705105652798935	     -0.00011111284214967293	     -0.00001051018581262053	      0.00004595614946334425	     -0.00195736760672815535	     -0.00021292808310219291	     -0.00039671071005424607	     -0.00039808747301142700	      0.01538227543238157580	     -0.00180922379327963512	      0.00007252647744369206	      0.00027083182395098993	     -0.00046585765612358263	     -0.00004605526624982745
      1.22999999999997511324	     -0.00401622271821350935	     -0.00521010865668480871	     -0.00277860540753427365	     -0.00011341066175237641	      0.00000003542519471517	      0.00004796442265089795	     -0.00198354346223719724	     -0.00015757247325308421	     -0.00040482396082848655	     -0.00040635993472701304	      0.01542039027959027364	     -0.00182568891823192692	      0.00012280662240023166	      0.00029741361561555490	     -0.00047165748214013370	     -0.00004500205052196740
      1.23099999999997500311	     -0.00397705929958849097	     -0.00523124467046942598	     -0.00276960645962898155	     -0.00011569213327200512	      0.00001060631725480904	      0.00004996118642618119	     -0.00200951743044841535	     -0.00010210497313954681	     -0.00041292330293164065	     -0.00041455656746833269	      0.01546086291784198874	     -0.00184195214492854920	      0.00017321704265887278	      0.00032403219390025884	     -0.00047740258529954671	     -0.00004390126977509012
      1.23199999999997489297	     -0.00393750673158823478	     -0.00525237256208133108	     -0.00276004733723245188	     -0.00011795478294911871	      0.00002119886021186013	      0.00005194565547868291	     -0.00203526277590201921	     -0.00004654264634046390	     -0.00042101195984534275	     -0.00042267151776453904	      0.01550327919675409394	     -0.00185799304037070900	      0.00022374432314606341	      0.00035067849432951492	     -0.00048308305979383875	     -0.00004277962098972118
      1.23299999999997478284	     -0.00389757597678915685	     -0.00527348686951678580	     -0.00274992267703999538	     -0.00012019632689878879	      0.00003180983101375850	      0.00005391685279311498	     -0.00206075618969386865	      0.00000909875557957018	     -0.00042908697019182138	     -0.00043069653313448919	      0.01554764333246957952	     -0.00187379121903735735	      0.00027437369244480425	      0.00037734570767181119	     -0.00048869140221173557	     -0.00004161655340794226
      1.23399999999997467270	     -0.00385727809706220420	     -0.00529458285423611841	     -0.00273922862713682491	     -0.00012241483158043770	      0.00004243641643885548	      0.00005587376095381180	     -0.00208597785295325244	      0.00006480503434329321	     -0.00043713889538539615	     -0.00043862152987145242	      0.01559437367372476513	     -0.00188932641889022479	      0.00032509152107836059	      0.00040402517554698203	     -0.00049422550250118741	     -0.00004039510485410666
      1.23499999999997456257	     -0.00381662403376596682	     -0.00531565577613224427	     -0.00272796160984722924	     -0.00012460835012081950	      0.00005307551063715027	      0.00005781562458676004	     -0.00211090732786112234	      0.00012056128064934224	     -0.00044516404353237525	     -0.00044643923754716930	      0.01564347895305823188	     -0.00190458084276412531	      0.00037588494337843087	      0.00043070865681077430	     -0.00049968067278623185	     -0.00003911854780140958
      1.23599999999997445244	     -0.00377562457847865213	     -0.00533670082905379761	     -0.00271611825797890560	     -0.00012677492181602246	      0.00006372371148857803	      0.00005974194938505872	     -0.00213552338682820864	      0.00017635164472240561	     -0.00045316490070282031	     -0.00045414507722460473	      0.01569453663808559329	     -0.00191953920716347870	      0.00042674137340393409	      0.00045738898402557238	     -0.00050504836024566763	     -0.00003780735865355558
      1.23699999999997434230	     -0.00373429048288573956	     -0.00535771362655945715	     -0.00270369622258992415	     -0.00012891278614665658	      0.00007437768956801427	      0.00006165234495178473	     -0.00215980636281026817	      0.00023216023412840625	     -0.00046114428860948020	     -0.00046173466895937931	      0.01574710730193823460	     -0.00193418789049654150	      0.00047764801319968159	      0.00048405982544058590	     -0.00051031894754610674	     -0.00003648477840427489
      1.23799999999997423217	     -0.00369263255489312575	     -0.00537869065686569225	     -0.00269069515765463230	     -0.00013102054255484386	      0.00008503448108946460	      0.00006354627726584683	     -0.00218374113747171750	      0.00028797254205768785	     -0.00046909801313242162	     -0.00046920180091863939	      0.01580119517117473116	     -0.00194851425524533717	      0.00052859225992295256	      0.00051071401357205559	     -0.00051548887713789848	     -0.00003515215852263262
      1.23899999999997412203	     -0.00365066162170450681	     -0.00539962922038184079	     -0.00267711673274062534	     -0.00013309714201514139	      0.00009569145646718541	      0.00006542304655912656	     -0.00220731722917333339	      0.00034377540930291550	     -0.00047701490172125625	     -0.00047653874703773580	      0.01585724775537736275	     -0.00196250676227405219	      0.00057956185101431384	      0.00053734312600636769	     -0.00052056152647522724	     -0.00003378912939046297
      1.23999999999997401190	     -0.00360838829784018711	     -0.00542052674769988307	     -0.00266296314093472652	     -0.00013514158742194970	      0.00010634569142883160	      0.00006728221615782959	     -0.00223052357317443661	      0.00039955415563834584	     -0.00048489069385371144	     -0.00048374086947092221	      0.01591528018024473967	     -0.00197615683956098298	      0.00063054437715195921	      0.00056393975001547969	     -0.00052553583510649149	     -0.00003239399167562565
      1.24099999999997390177	     -0.00356582294851820469	     -0.00544138074770506019	     -0.00264823698654437223	     -0.00013715294868690830	      0.00011699397387741201	      0.00006912364043262786	     -0.00225334814916272608	      0.00045529253675870296	     -0.00049272781470249914	     -0.00049080644946206120	      0.01597485062002587664	     -0.00198945881745055120	      0.00068152704684575072	      0.00059049774774005970	     -0.00053040469663050149	     -0.00003098900307970526
      1.24199999999997379163	     -0.00352297579297112390	     -0.00546218928342834253	     -0.00263294224823718004	     -0.00013913057963071268	      0.00012763313152024808	      0.00007094729373019470	     -0.00227578084823112925	      0.00051097409787653758	     -0.00050052795143614316	     -0.00049773425208232691	      0.01603549802043688355	     -0.00200240935695039646	      0.00073249655894139232	      0.00061701135174305199	     -0.00053515935771171474	     -0.00002960633528803144
      1.24299999999997368150	     -0.00347985698056126752	     -0.00548295139282140020	     -0.00261708550242256699	     -0.00014107422597663816	      0.00013826025110613704	      0.00007275294273227650	     -0.00229781731883252349	      0.00056658312088403440	     -0.00050828631751298047	     -0.00050452179976911982	      0.01609723603474139120	     -0.00201500709552310253	      0.00078343963974829983	      0.00064347294907289576	     -0.00053980022896139152	     -0.00002824388017744553
      1.24399999999997357136	     -0.00343647653520736535	     -0.00550366700028948053	     -0.00260067590668011661	     -0.00014298398565469606	      0.00014887262499818643	      0.00007454011208032907	     -0.00231945903140221010	      0.00062210440038677761	     -0.00051599236956554814	     -0.00051116566288575416	      0.01616055334968424795	     -0.00202725261091862841	      0.00083434304320582908	      0.00066987281429149725	     -0.00054433804892006776	     -0.00002686172206843931
      1.24499999999997346123	     -0.00339284412773777078	     -0.00552433624583015259	     -0.00258372332284051431	     -0.00014486006468016760	      0.00015946719793717007	      0.00007630866064771424	     -0.00234070674165981485	      0.00067752086257165389	     -0.00052364201742028434	     -0.00051766543404185850	      0.01622547719755371154	     -0.00203914965867652009	      0.00088519239347910339	      0.00069620281597991551	     -0.00054877634167124767	     -0.00002544809289654892
      1.24599999999997335109	     -0.00334896903283206371	     -0.00554495941965837957	     -0.00256623811843192939	     -0.00014670279370689737	      0.00017004056840462523	      0.00007805883917083589	     -0.00236155994151410198	      0.00073281381364265902	     -0.00053123668559145257	     -0.00052402325427047813	      0.01629155054218014986	     -0.00205070481647534608	      0.00093597223773230626	      0.00072245632030167040	     -0.00055310958064046234	     -0.00002403135006521714
      1.24699999999997324096	     -0.00330486021702741661	     -0.00556553741672149993	     -0.00254823233796486193	     -0.00014851283459998282	      0.00018058925384068641	      0.00007979108895952991	     -0.00238202046021507297	      0.00078796426978913064	     -0.00053877594928295868	     -0.00053024147370872576	      0.01635830279061922798	     -0.00206192717344289012	      0.00098666646535280900	      0.00074862610801107454	     -0.00055733059511975380	     -0.00002266115707856217
      1.24799999999997313083	     -0.00326052638358264452	     -0.00558607207713235354	     -0.00252972120886929552	     -0.00015029117802679154	      0.00019110982709284047	      0.00008150556199594539	     -0.00240209718506573244	      0.00084295296108458789	     -0.00054625466407139285	     -0.00053632158095601179	      0.01642576731501524390	     -0.00207282846166706447	      0.00103725807374956819	      0.00077470301717565138	     -0.00056144505069713468	     -0.00002132806790680619
      1.24899999999997302069	     -0.00321597591425869939	     -0.00560656605557108279	     -0.00251072305416255581	     -0.00015203906014098212	      0.00020159887513931246	      0.00008320205413533954	     -0.00242180586584728186	      0.00089775997150005199	     -0.00055366423444490808	     -0.00054226460962683576	      0.01649447758074329418	     -0.00208342285088780610	      0.00108772893702113738	      0.00080067615714099483	     -0.00056547247600195749	     -0.00001995482099809154
      1.24999999999997291056	     -0.00317121669314887611	     -0.00562702221597999319	     -0.00249125689818319174	     -0.00015375786642728151	      0.00021205260150775757	      0.00008488082787241891	     -0.00244116080553691273	      0.00095236380444661817	     -0.00056100043725002772	     -0.00054807411709795195	      0.01656447830839458124	     -0.00209372725725609499	      0.00113805945449593077	      0.00082653604258410562	     -0.00056942177159759189	     -0.00001851652180490104
      1.25099999999997280042	     -0.00312625607859396554	     -0.00564744355592383673	     -0.00247134215458255646	     -0.00015544914927076436	      0.00022246686309936731	      0.00008654269046266816	     -0.00246017399329673259	      0.00100674180099227795	     -0.00056826233585862708	     -0.00055375548215760850	      0.01663530848269684226	     -0.00210376063057271523	      0.00118822910130711445	      0.00085227392668028867	     -0.00057328944657430991	     -0.00001705848597937862
      1.25199999999997269029	     -0.00308110096983134352	     -0.00566783360083567000	     -0.00245100004934828419	     -0.00015711477168564580	      0.00023283737706904228	      0.00008818869604033941	     -0.00247885946429646231	      0.00106087077046447542	     -0.00057544700459683591	     -0.00055931396440839221	      0.01670650482984858964	     -0.00211354397853430465	      0.00123821684865806775	      0.00087787930656582636	     -0.00057707071676157962	     -0.00001565705249471222
      1.25299999999997258016	     -0.00303575780715877735	     -0.00568819659924701959	     -0.00243025540142549623	     -0.00015875672852216222	      0.00024315975335696682	      0.00008981945967051486	     -0.00249723877871388389	      0.00111472611211758249	     -0.00058254910161301750	     -0.00056475460566904334	      0.01677812387622670820	     -0.00212310115555619516	      0.00128799928376482908	      0.00090334088325051687	     -0.00058077665719555305	     -0.00001429129445006116
      1.25399999999997247002	     -0.00299023252576951365	     -0.00570853734315324157	     -0.00240913641135431789	     -0.00016037701099777535	      0.00025342947618112177	      0.00009143506567424464	     -0.00251534046789816945	      0.00116828155928070526	     -0.00058956213162710404	     -0.00057008273500869233	      0.01685073007490106578	     -0.00213245846570747632	      0.00133755020486012871	      0.00092864737080126936	     -0.00058443467296878659	     -0.00001283058243450874
      1.25499999999997235989	     -0.00294453047867998530	     -0.00572886072336742380	     -0.00238767167577980111	     -0.00016197776435566968	      0.00026364172547630599	      0.00009303625211387612	     -0.00253318992428483436	      0.00122151000975014717	     -0.00059648148749430767	     -0.00057530535194749710	      0.01692438267899548654	     -0.00214164367222019481	      0.00138684280955538031	      0.00095378745276092358	     -0.00058805807741704741	     -0.00001123419507023660
      1.25599999999997224975	     -0.00289865643863374683	     -0.00574917165281241260	     -0.00236588974732310220	     -0.00016356129900876176	      0.00027379146028732454	      0.00009462451019781604	     -0.00255080827141015987	      0.00127438394744044253	     -0.00060330394558835731	     -0.00058043020377321342	      0.01699862677852487236	     -0.00215068489234565563	      0.00143585073298984484	      0.00097874866778603631	     -0.00059164489932546360	     -0.00000957278453118243
      1.25699999999997213962	     -0.00285261463252516750	     -0.00576947533781146937	     -0.00234382081351580673	     -0.00016513009903015852	      0.00028387354494990857	      0.00009620162581415459	     -0.00256821747321470117	      0.00132687502098861182	     -0.00061002549261980794	     -0.00058546454159394412	      0.01707301735608918181	     -0.00215961103866579851	      0.00148454756461628007	      0.00100351597498116174	     -0.00059519263452263715	     -0.00000795336178937428
      1.25799999999997202949	     -0.00280640868801788207	     -0.00578977725884877170	     -0.00232149868444797569	     -0.00016668642259357741	      0.00029388265106958245	      0.00009776874699431171	     -0.00258544633724444584	      0.00137895296826604646	     -0.00061664109766305540	     -0.00059041611207155675	      0.01714762682151269035	     -0.00216845341189231267	      0.00153290289995397511	      0.00102807584615480230	     -0.00059871600267367986	     -0.00000633880524017472
      1.25899999999997191935	     -0.00276004161384979518	     -0.00581008295607987613	     -0.00229896042075150575	     -0.00016823214915598350	      0.00030381325092959655	      0.00009932624435833592	     -0.00260252964438470458	      0.00143058578610366638	     -0.00062314520376715492	     -0.00059529364550087172	      0.01722302499202907344	     -0.00217724510420141959	      0.00158088194441502461	      0.00105241750682943946	     -0.00060224643716161319	     -0.00000453455352368570
      1.25999999999997180922	     -0.00271351586049829036	     -0.00583039787703387713	     -0.00227624280275584567	     -0.00016976933032698815	      0.00031365968500222247	      0.00010087529425345521	     -0.00261949668373648303	      0.00148174164013971377	     -0.00062953262434659778	     -0.00060010615190003724	      0.01729927738767544909	     -0.00218601834653814331	      0.00162845140658690601	      0.00107652774546157515	     -0.00060579877395797177	     -0.00000248245290424692
      1.26099999999997169908	     -0.00266683336041625974	     -0.00585072732111013849	     -0.00225338178038581027	     -0.00017130022857187593	      0.00032341626781937083	      0.00010241794590905295	     -0.00263637006951655817	      0.00153238914311441127	     -0.00063579914434397670	     -0.00060486182740210337	      0.01737594239287090780	     -0.00219480303167501889	      0.00167558074287574299	      0.00110038979409407545	     -0.00060937103535062265	     -0.00000028368801005541
      1.26199999999997158895	     -0.00261999552273853298	     -0.00587107651611995518	     -0.00223041436166493412	     -0.00017282715847595498	      0.00033307728621524701	      0.00010395639558263836	     -0.00265317149240315575	      0.00158249613512492782	     -0.00064194163405585647	     -0.00060956774316345275	      0.01745259562285125798	     -0.00220362762650472277	      0.00172223988330681699	      0.00112398448479149315	     -0.00061296162208103466	      0.00000192223601585412
      1.26299999999997147881	     -0.00257300312705262268	     -0.00589145032859916817	     -0.00220738069211523502	     -0.00017435186417302101	      0.00034263674903445979	      0.00010549177346927396	     -0.00266992795763831836	      0.00163202954002812650	     -0.00064795465852700990	     -0.00061423168578905729	      0.01752931556151904324	     -0.00221252163698876236	      0.00176839363868435545	      0.00114729700457755213	     -0.00061658498978126031	      0.00000418895093068361
      1.26399999999997136868	     -0.00252585633645731333	     -0.00591185305537655914	     -0.00218432353182063110	     -0.00017587535613800692	      0.00035208841011912656	      0.00010702400461957973	     -0.00268667068494263250	      0.00168095607619091203	     -0.00065382981996204691	     -0.00061886258428264784	      0.01760665927219609572	     -0.00222151497988237745	      0.00181400161913999880	      0.00117031809308301704	     -0.00062026999738729049	      0.00000677528583583470
      1.26499999999997125855	     -0.00247855490773965514	     -0.00593228871235484956	     -0.00216128437336848833	     -0.00017739890358368926	      0.00036142613062271900	      0.00010855388242596298	     -0.00270342293276060186	      0.00172924339438088742	     -0.00065955997493287889	     -0.00062346792907289061	      0.01768469435215061503	     -0.00223063363600206621	      0.00185902766147177240	      0.00119303357230123031	     -0.00062402836485969670	      0.00000975351704209787
      1.26599999999997114841	     -0.00243109826333675477	     -0.00595276103610042906	     -0.00213830284563321094	     -0.00017892407295433399	      0.00037064402050854262	      0.00011008314889357496	     -0.00272019890759495064	      0.00177686000957431867	     -0.00066514116248120488	     -0.00062805278745217685	      0.01776299533345129800	     -0.00223989810176855597	      0.00190344087521419209	      0.00121542377130916257	     -0.00062785568205374342	      0.00001298738139549060
      1.26699999999997103828	     -0.00238348544167203691	     -0.00597327330498287346	     -0.00211541872163012457	     -0.00018045232165319475	      0.00037973631688564130	      0.00011161351511890238	     -0.00273700980092844715	      0.00182377405437479656	     -0.00067057250304406769	     -0.00063262060732552361	      0.01784114950469509187	     -0.00224932498654867308	      0.00194721128835410873	      0.00123746797574288137	     -0.00063174885442308926	      0.00001630420397111948
      1.26799999999997092814	     -0.00233571495064939516	     -0.00599382775852186356	     -0.00209267395210699370	     -0.00018198414396528029	      0.00038869701732133222	      0.00011314523018259026	     -0.00275386991187304142	      0.00186995495262153033	     -0.00067584719188032005	     -0.00063717545103139650	      0.01791923146260196442	     -0.00225893040343388973	      0.00199030392818878854	      0.00125915193964555583	     -0.00063571723749021591	      0.00001977150695757490
      1.26899999999997081801	     -0.00228778480898286091	     -0.00601442545201591461	     -0.00207011205356777417	     -0.00018351893124048807	      0.00039751993500272004	      0.00011467697509712216	     -0.00277079554823420060	      0.00191537454304539778	     -0.00068095087463224211	     -0.00064172232084158676	      0.01799778176812369401	     -0.00226872950975315346	      0.00203267929254277030	      0.00128046847548225762	     -0.00063978001492324965	      0.00002370601609652523
      1.26999999999997070788	     -0.00223969288040427872	     -0.00603506710176682226	     -0.00204777418517632093	     -0.00018505643982563713	      0.00040619932974170908	      0.00011620841083806455	     -0.00278779297378337065	      0.00196000543037466030	     -0.00068587445462852618	     -0.00064626347267943141	      0.01807686628344651325	     -0.00227873061890637718	      0.00207430440087844059	      0.00130140412097588809	     -0.00064394137528134276	      0.00002818975120370132
      1.27099999999997059774	     -0.00219143695669737210	     -0.00605575317476725328	     -0.00202569859987411505	     -0.00018659684020141259	      0.00041473005823040171	      0.00011774026435520946	     -0.00280485764372795376	      0.00200382060371859932	     -0.00069061674017436691	     -0.00065079771585302426	      0.01815606355442800357	     -0.00228893390132611785	      0.00211515324833951718	      0.00132193951027935463	     -0.00064819261275438078	      0.00003305103488041028
      1.27199999999997048761	     -0.00214301466652855321	     -0.00607648341654509760	     -0.00200392264657844876	     -0.00018814005014575891	      0.00042310732744751944	      0.00011927308864541353	     -0.00282198022186644359	      0.00204679332347207366	     -0.00069518074439533367	     -0.00065532208742880016	      0.01823494679845399924	     -0.00229933379349173128	      0.00215520098757714107	      0.00134205636336284795	     -0.00065252708613112997	      0.00003808769957113628
      1.27299999999997037747	     -0.00209442331396852977	     -0.00609725600306432192	     -0.00198248462530692393	     -0.00018968470810871996	      0.00043132625430885446	      0.00012080566697116046	     -0.00283915241621784942	      0.00208890088628214260	     -0.00069955870952596172	     -0.00065983383249826333	      0.01831357719976639542	     -0.00230992315642419843	      0.00219441929097012600	      0.00136174330226901397	     -0.00065694535153004718	      0.00004337805000387274
      1.27399999999997026734	     -0.00204565993092890863	     -0.00611806751034471574	     -0.00196142318733683041	     -0.00019122809390826473	      0.00043938193372686923	      0.00012233496312590020	     -0.00285636618947898713	      0.00213012582026235464	     -0.00070373024555747156	     -0.00066433065136758951	      0.01839249320439020896	     -0.00232069316451044561	      0.00223277739009401788	      0.00138099548847614439	     -0.00066145205841748600	      0.00004928513959270853
      1.27499999999997015721	     -0.00199672166562112757	     -0.00613891433984603552	     -0.00194077372320489161	     -0.00019276801247878478	      0.00044727021954575619	      0.00012385907884671088	     -0.00287360256191698804	      0.00217045032900335666	     -0.00070768600506650181	     -0.00066880706435618054	      0.01847175679024887218	     -0.00233162630507460777	      0.00227025185154137998	      0.00139980239920524385	     -0.00066604145749205035	      0.00005589605381581264
      1.27599999999997004707	     -0.00194760583963196621	     -0.00615979289798540552	     -0.00192056795652484347	     -0.00019430283857701375	      0.00045498780641543835	      0.00012537735664812366	     -0.00289083141435178548	      0.00220985589227690876	     -0.00071143000152662679	     -0.00067325406906160179	      0.01855092482619158378	     -0.00234269565700206961	      0.00230682633020718592	      0.00141814904523160368	     -0.00067069999952157344	      0.00006300688046909780
      1.27699999999996993694	     -0.00189830982044148638	     -0.00618069882080363175	     -0.00190083580475652880	     -0.00019583059391459906	      0.00046253183087029137	      0.00012688892823690956	     -0.00290801733348930447	      0.00224832529603549020	     -0.00071496995132947112	     -0.00067766115928163950	      0.01862952111978094516	     -0.00235386817405686122	      0.00234248573603969973	      0.00143602334273845722	     -0.00067541626505498997	      0.00007039090927064839
      1.27799999999996982680	     -0.00184883087106552102	     -0.00620162591118289530	     -0.00188160696109429537	     -0.00019734780563941678	      0.00046989937722580200	      0.00012839103852875511	     -0.00292512526286098362	      0.00228584802830852224	     -0.00071829842663120522	     -0.00068201749473772999	      0.01870759095854063192	     -0.00236510933757988484	      0.00237721415107038092	      0.00145341822559154343	     -0.00068018015017282107	      0.00007813166604878075
      1.27899999999996971667	     -0.00179916618858772664	     -0.00622256624659600632	     -0.00186291041544239810	     -0.00019884950052403289	      0.00047708752305373331	      0.00012987907004716193	     -0.00294212028485676957	      0.00232242115112232805	     -0.00072139167896443160	     -0.00068631217758108320	      0.01878570621762987169	     -0.00237638349268493032	      0.00241099621460026670	      0.00147033035552009139	     -0.00068497994343369450	      0.00008662144875807437
      1.27999999999996960653	     -0.00174931326436675999	     -0.00624351211520268734	     -0.00184477144077122013	     -0.00020033140375098901	      0.00048409417026027551	      0.00013134977573212026	     -0.00295895744298060870	      0.00235804003782723315	     -0.00072424216156679634	     -0.00069053181056694113	      0.01886392931972283304	     -0.00238764626318022088	      0.00244382285791112930	      0.00148675296752114050	     -0.00068979929389284544	      0.00009594410429508010
      1.28099999999996949640	     -0.00169926989512579618	     -0.00626445628215532846	     -0.00182721139522801224	     -0.00020178999937910808	      0.00049091807840549034	      0.00013280137080087795	     -0.00297558206579842666	      0.00239269809476136408	     -0.00072685954949786198	     -0.00069466038653631657	      0.01894176614579276552	     -0.00239884453524741303	      0.00247569042287823504	      0.00150267766460614183	     -0.00069461975655818464	      0.00010586629342082543
      1.28199999999996938627	     -0.00164903405004542675	     -0.00628539096841496114	     -0.00181024932783224735	     -0.00020322143777740803	      0.00049755840394485190	      0.00013423191069086848	     -0.00299193530773650407	      0.00242639097553682542	     -0.00072925511120483164	     -0.00069868097294206732	      0.01901866146899425236	     -0.00240992047869770243	      0.00250659633872456905	      0.00151809982882648853	     -0.00069942455955573912	      0.00011614174294090340
      1.28299999999996927613	     -0.00159860377500908868	     -0.00630630668135301331	     -0.00179390324057959738	     -0.00020462039889058981	      0.00050401427464724646	      0.00013563759801180075	     -0.00300795968406264436	      0.00245912217345606310	     -0.00073142308837270513	     -0.00070257597818879081	      0.01909465272901858524	     -0.00242081627115769971	      0.00253653985864368825	      0.00153301649294908249	     -0.00070419360965365274	      0.00012684737968163967
      1.28399999999996916600	     -0.00154797720305078351	     -0.00632719245436275113	     -0.00177818981104782559	     -0.00020598016535790936	      0.00051028483503307714	      0.00013701284433395577	     -0.00302359941753024830	      0.00249090311727808572	     -0.00073334100741837861	     -0.00070632763232914009	      0.01917038941852972078	     -0.00243147483274752663	      0.00256552330768172049	      0.00154742475100067001	     -0.00070890158782446755	      0.00013838265731565269
      1.28499999999996905586	     -0.00149715280443066256	     -0.00634803810990292039	     -0.00176312212258777912	     -0.00020729496381535067	      0.00051636999998092709	      0.00013835360895039783	     -0.00303879094374559511	      0.00252174204027835053	     -0.00073500499174024639	     -0.00070991720695323668	      0.01924594089548442577	     -0.00244183216158383454	      0.00259355239672341698	      0.00156132190197955101	     -0.00071352451368653091	      0.00015082628147995020
      1.28599999999996894573	     -0.00144612934788242165	     -0.00636883458763781718	     -0.00174870967548113043	     -0.00020856007137680377	      0.00052227045504850411	      0.00013965751258067371	     -0.00305346352198571092	      0.00255164405087830726	     -0.00073642890124070437	     -0.00071332490539971483	      0.01932073554250743341	     -0.00245181782044168184	      0.00262063517308815108	      0.00157470695040605457	     -0.00071804135753888998	      0.00016391380302558517
      1.28699999999996883560	     -0.00139490579052169161	     -0.00638957274892049121	     -0.00173495967561887454	     -0.00020977061911029576	      0.00052798719159960483	      0.00014092209618593587	     -0.00306754463644171027	      0.00258061682340850890	     -0.00073762516812236369	     -0.00071653068006410914	      0.01939412267213191932	     -0.00246135949269571386	      0.00264678029712936413	      0.00158758236509515260	     -0.00072243217015041661	      0.00017737583471033602
      1.28799999999996872546	     -0.00134348125701523602	     -0.00641024217424568388	     -0.00172187799537559805	     -0.00021092048985427853	      0.00053352119278249344	      0.00014214312100201132	     -0.00308096572364366383	      0.00260867482167345677	     -0.00073859089833656563	     -0.00071951401210584853	      0.01946614453066497497	     -0.00247038756264922332	      0.00267199975710046000	      0.00159994904598655119	     -0.00072667184195251977	      0.00019128451516908784
      1.28899999999996861533	     -0.00129185502605724811	     -0.00643083150538714676	     -0.00170946910208980007	     -0.00021200249656027487	      0.00053887350287862984	      0.00014331470078721154	     -0.00309366275874756180	      0.00263583848591565639	     -0.00073931000604986891	     -0.00072225491566985101	      0.01953756183841054428	     -0.00247883590179465152	      0.00269630969158790590	      0.00161180476294345287	     -0.00073072925012243606	      0.00020602732113194494
      1.28999999999996850519	     -0.00124002662228863553	     -0.00645133080043780449	     -0.00169773449605847837	     -0.00021301069715358445	      0.00054404579861269675	      0.00014443262247136601	     -0.00310556667540182185	      0.00266212415490494486	     -0.00073978323930911499	     -0.00072473423572921858	      0.01960845558715210157	     -0.00248663433137691348	      0.00271972602641042810	      0.00162315084117523045	     -0.00073457896253401045	      0.00022165619299778505
      1.29099999999996839506	     -0.00118799572350880567	     -0.00647173182727645013	     -0.00168667290599455733	     -0.00021394043601799528	      0.00054904031462853914	      0.00014549442141963131	     -0.00311660423009049725	      0.00268754470330980627	     -0.00074002553269053584	     -0.00072693299685178125	      0.01967816298977331790	     -0.00249370952138661117	      0.00274226366212835387	      0.00163399317900514429	     -0.00073820192601792289	      0.00023788959544908395
      1.29199999999996828492	     -0.00113576211459078674	     -0.00649202679622906675	     -0.00167628123186669420	     -0.00021478715064687792	      0.00055385942889019102	      0.00014649768740014613	     -0.00312670349540991599	      0.00271211531603667011	     -0.00074004775704500717	     -0.00072883244362959010	      0.01974594174567634308	     -0.00249998968146969425	      0.00276393763134092502	      0.00164433967613607235	     -0.00074157945404595971	      0.00025444775329640235
      1.29299999999996817479	     -0.00108332575988637214	     -0.00651220719374512313	     -0.00166655523053327315	     -0.00021554535477538023	      0.00055850546429330600	      0.00014743847804013499	     -0.00313579993987087025	      0.00273585529807018890	     -0.00073985058813468701	     -0.00073041431419706981	      0.01981185149205930141	     -0.00250540878677191214	      0.00278476659122861570	      0.00165419403182590075	     -0.00074468784505279939	      0.00027137741839576568
      1.29399999999996806466	     -0.00103068675750779548	     -0.00653226410758278586	     -0.00165748962714595827	     -0.00021620877441162062	      0.00056298071187378673	      0.00014831144642343808	     -0.00314383714173949169	      0.00275878677529858146	     -0.00073942790094309874	     -0.00073166230567550672	      0.01987677382141186944	     -0.00250990739538192731	      0.00280477307104779611	      0.00166355500832751635	     -0.00074749880526558954	      0.00028904081022790296
      1.29499999999996795452	     -0.00097784527156662138	     -0.00655219045680133227	     -0.00164907708530170893	     -0.00021677250152252886	      0.00056728776729609437	      0.00014911307707200783	     -0.00315075630579439436	      0.00278092842375259747	     -0.00073878483032558534	     -0.00073256187351511404	      0.01994080266984388228	     -0.00251342511291752224	      0.00282397678129728269	      0.00167242657147945173	     -0.00074999108241327606	      0.00030747082470980458
      1.29599999999996784439	     -0.00092480142353722899	     -0.00657198122967261877	     -0.00164130849712806892	     -0.00021723302595894056	      0.00057142946413189094	      0.00014984175381431430	     -0.00315649692522018688	      0.00280229645398034216	     -0.00073793426907452567	     -0.00073309886455008577	      0.02000318953613777762	     -0.00251590128888451448	      0.00284239431250331298	      0.00168081807904693625	     -0.00075215006303219756	      0.00032636891394063894
      1.29699999999996773425	     -0.00087155533090566006	     -0.00659163221706637881	     -0.00163417363741191757	     -0.00021758710006823667	      0.00057540858372272241	      0.00015049608556601257	     -0.00316100260670401645	      0.00282290878826877562	     -0.00073688390029021458	     -0.00073325936762647093	      0.02006312494863857210	     -0.00251727963190406800	      0.00286004211506884348	      0.00168873902006051735	     -0.00075396077192990685	      0.00034544407375940167
      1.29799999999996762412	     -0.00081810726330349554	     -0.00661113889534825638	     -0.00162766164650163248	     -0.00021783080297584079	      0.00057922777600970254	      0.00015107336659085646	     -0.00316422747780489844	      0.00284278418710580405	     -0.00073563801488876410	     -0.00073303147586101236	      0.02012069434086510844	     -0.00251751219048995667	      0.00287693945311776750	      0.00169619380637696382	     -0.00075540523811240545	      0.00036472324724613758
      1.29899999999996751399	     -0.00076445758761854721	     -0.00663049668886739330	     -0.00162176124187274340	     -0.00021795965366628450	      0.00058288959265689194	      0.00015156967019133716	     -0.00316613646959285067	      0.00286194085078662203	     -0.00073420114314716109	     -0.00073240725434436937	      0.02017688125618868900	     -0.00251655981040727061	      0.00289310818878690118	      0.00170318189317793245	     -0.00075646364056161652	      0.00038453804897836674
      1.29999999999996740385	     -0.00071060657871737515	     -0.00664970296025990670	     -0.00161645999943926810	     -0.00021797056464645942	      0.00058639665537388308	      0.00015198291800908037	     -0.00316669335884106617	      0.00288039519993439630	     -0.00073258153844337620	     -0.00073138004871364792	      0.02023179051149268104	     -0.00251438419295968441	      0.00290856623276651571	      0.00170970797022128307	     -0.00075712218756074368	      0.00040490213984105405
      1.30099999999996729372	     -0.00065655432260459945	     -0.00666875717021309100	     -0.00161174466123825688	     -0.00021786185354786408	      0.00058975163409599740	      0.00015231292277891051	     -0.00316586105595975664	      0.00289816290795836401	     -0.00073078797326840694	     -0.00072994229890993578	      0.02028461283619945044	     -0.00251094804562862484	      0.00292332769509513757	      0.00171578167215567789	     -0.00075737218425242503	      0.00042550870430713150
      1.30199999999996718358	     -0.00060230084917204524	     -0.00668765965805040441	     -0.00160760157245132262	     -0.00021763220234779362	      0.00059295709502137778	      0.00015255977330801140	     -0.00316360788921093983	      0.00291526045841279668	     -0.00072882465515706693	     -0.00072808623627074187	      0.02033451023135132707	     -0.00250621949932916532	      0.00293740632342218838	      0.00172141171737005827	     -0.00075720450146060658	      0.00044605959884903845
      1.30299999999996707345	     -0.00054784634917751790	     -0.00670641053611709115	     -0.00160401702372103827	     -0.00021727975712743097	      0.00059601547378981823	      0.00015272231558939586	     -0.00315991422121830734	      0.00293170239366121604	     -0.00072669856695270832	     -0.00072580782990833148	      0.02038159606275305458	     -0.00250017618395775854	      0.00295081748061980925	      0.00172660249123410270	     -0.00075660973067498416	      0.00046656495500782547
      1.30399999999996696332	     -0.00049319112184032649	     -0.00672500985199697698	     -0.00160097748254117711	     -0.00021680218686764841	      0.00059892911245843644	      0.00015279819380230319	     -0.00315477209100317735	      0.00294750032979342741	     -0.00072442222888116289	     -0.00072310902691441470	      0.02042691540572044717	     -0.00249280525136980069	      0.00296357781590714242	      0.00173135471272230224	     -0.00075557939077675051	      0.00048733116757834760
      1.30499999999996685318	     -0.00043833532130150427	     -0.00674345936722742234	     -0.00159846898186621900	     -0.00021619848417525622	      0.00060170035851981468	      0.00015278678764264753	     -0.00314817183706672665	      0.00296266621617288783	     -0.00072200490108852849	     -0.00071999094742258851	      0.02047058136886167889	     -0.00248409450313152869	      0.00297570037902813306	      0.00173567337687950685	     -0.00075410867738864851	      0.00050835906754835569
      1.30599999999996674305	     -0.00038327888641510877	     -0.00676176265636063700	     -0.00159647738634660641	     -0.00021546896053661890	      0.00060433159860311114	      0.00015268924575943810	     -0.00314010200887115953	      0.00297721305488323623	     -0.00071945078234770393	     -0.00071645111436779985	      0.02051176221762718299	     -0.00247403187661288104	      0.00298719495611762115	      0.00173956746522574424	     -0.00075219557771297185	      0.00052933896175913486
      1.30699999999996663291	     -0.00032802174939698669	     -0.00677992391851300891	     -0.00159498869736984794	     -0.00021461427399982469	      0.00060682519263103446	      0.00015250694025795153	     -0.00313055606030948619	      0.00299115378684841615	     -0.00071676181773440081	     -0.00071248619077229902	      0.02054963217157687594	     -0.00246260983317408977	      0.00299807091582832835	      0.00174304515715981156	     -0.00074983806078368631	      0.00054996821276991070
      1.30799999999996652278	     -0.00027256407642271829	     -0.00679794680444201216	     -0.00159398931108944986	     -0.00021363449576211613	      0.00060918339708829899	      0.00015223995475702190	     -0.00311953893375049862	      0.00300449830036995935	     -0.00071394619782077368	     -0.00070809838721536122	      0.02058432882074487380	     -0.00244982997880127673	      0.00300833874439200566	      0.00174611145866765405	     -0.00074703554218166768	      0.00057024668254748723
      1.30899999999996641264	     -0.00021690621227530432	     -0.00681583448099210010	     -0.00159346621620648499	     -0.00021252910268255293	      0.00061140837660676045	      0.00015188709621712093	     -0.00310706606975871824	      0.00301725325190654869	     -0.00071101944572635536	     -0.00070329786515072046	      0.02061691228421874689	     -0.00243570277443877492	      0.00301801001311088890	      0.00174876875405356735	     -0.00074378941262984166	      0.00059046725967375202
      1.30999999999996630251	     -0.00016104840487365241	     -0.00683359134349170727	     -0.00159340636543925385	     -0.00021129872894658230	      0.00061350233412571509	      0.00015144879935997946	     -0.00309314918732350730	      0.00302942748164287262	     -0.00070798992229965593	     -0.00069809148437605106	      0.02064750138713719596	     -0.00242023735155938446	      0.00302709404571654961	      0.00175102232990656526	     -0.00074010190311818436	      0.00061062670377387551
      1.31099999999996619238	     -0.00010499075300724608	     -0.00685122310088015496	     -0.00159379687633043332	     -0.00020994515573038303	      0.00061546757927515017	      0.00015092717395273625	     -0.00307779598008342536	      0.00304103215885943856	     -0.00070485899857541598	     -0.00069247992730991914	      0.02067527878460953539	     -0.00240344050576202228	      0.00303559810765422627	      0.00175288047075310149	     -0.00073597568447872352	      0.00063041754251354221
      1.31199999999996608224	     -0.00004873346639614612	     -0.00686873558227751868	     -0.00159462527296616585	     -0.00020847037140564462	      0.00061730648959205936	      0.00015032448710718127	     -0.00306101707891198727	      0.00305207790703489190	     -0.00070162895717187923	     -0.00068646293321411589	      0.02069945945181883573	     -0.00238532135710944893	      0.00304352929790611265	      0.00175435139567306497	     -0.00073141367905202315	      0.00064953654995432430
      1.31299999999996597211	      0.00000772289127044107	     -0.00688613344743949085	     -0.00159587969805730090	     -0.00020687557352378622	      0.00061902133255221925	      0.00014964160586845854	     -0.00304283246122960538	      0.00306257322733644727	     -0.00069830798041575423	     -0.00068004748592254138	      0.02072019576596673129	     -0.00236589684756449703	      0.00305089658931892438	      0.00175544047603461151	     -0.00072642004666217952	      0.00066798276685371694
      1.31399999999996586197	      0.00006437746389326149	     -0.00690342022972245672	     -0.00159754905297848637	     -0.00020516113692369692	      0.00062061426035132233	      0.00014887797508478240	     -0.00302327016167594498	      0.00307252507106475781	     -0.00069490931635783973	     -0.00067324992504264047	      0.02073852382371110803	     -0.00234519133841037952	      0.00305771115719547654	      0.00175615034346239540	     -0.00072099994258273403	      0.00068605009489393354
      1.31499999999996575184	      0.00012122936803025258	     -0.00692060021793594604	     -0.00159962230435661823	     -0.00020332846915197683	      0.00062208759117972356	      0.00014803455609536942	     -0.00300235216249603032	      0.00308194308535662820	     -0.00069143937782395817	     -0.00066608069375828638	      0.02075456654097154741	     -0.00232322492631131805	      0.00306398289138431340	      0.00175648616550778958	     -0.00071515787848674961	      0.00070373872693510475
      1.31599999999996564171	      0.00017827774437151334	     -0.00693767860172267437	     -0.00160208862202204649	     -0.00020138002407008720	      0.00062344389577043136	      0.00014711387691006272	     -0.00298009418527434011	      0.00309083910509751203	     -0.00068789956156659754	     -0.00065854152899313956	      0.02076754817589232527	     -0.00230001227811849063	      0.00306972013932255844	      0.00175645640090833777	     -0.00070889815846644777	      0.00072074501146815462
      1.31699999999996553157	      0.00023552147906460291	     -0.00695466021422941338	     -0.00160493760439206490	     -0.00019931834481915628	      0.00062468590977959176	      0.00014611849634492413	     -0.00295651270500141283	      0.00309922418736368471	     -0.00068429464058930231	     -0.00065063301148943209	      0.02077673958516790265	     -0.00227556791889760301	      0.00307493120401512721	      0.00175607066866015349	     -0.00070222588367591099	      0.00073676714141959754
      1.31799999999996542144	      0.00029295897335061827	     -0.00697154809619970894	     -0.00160815947045445107	     -0.00019714499023308629	      0.00062581622533329495	      0.00014504939097388647	     -0.00293163105698254767	      0.00310710950994555479	     -0.00068063142785336830	     -0.00064236391696131934	      0.02078230171828218675	     -0.00224991274215635695	      0.00307962781103778699	      0.00175533498466010074	     -0.00069514581723989499	      0.00075180828699790425
      1.31899999999996531130	      0.00035058822570162990	     -0.00698834359726452359	     -0.00161174514870920937	     -0.00019486052181608149	      0.00062683726485513597	      0.00014390592371191224	     -0.00290547821936743000	      0.00311450736448908722	     -0.00067691659510832336	     -0.00063375297454049129	      0.02078522903491597518	     -0.00222307372161495431	      0.00308382567386447648	      0.00175425128557732402	     -0.00068766151502799855	      0.00076616946113940154
      1.31999999999996520117	      0.00040840708771024137	     -0.00700504860856865363	     -0.00161568553482616117	     -0.00019246656167105219	      0.00062775175979196129	      0.00014268887225209193	     -0.00287807564981287789	      0.00312143155927138011	     -0.00067315392767218485	     -0.00062481082419457712	      0.02078565275433819082	     -0.00219507083982611872	      0.00308753886832341395	      0.00175282524181662180	     -0.00067977660864951273	      0.00077985483608407347
      1.32099999999996509104	      0.00046641334023992537	     -0.00702166581039675997	     -0.00161997158721072232	     -0.00018996584167124686	      0.00062856282014495113	      0.00014140048197204547	     -0.00284943738844387062	      0.00312789648785585100	     -0.00066934687967347764	     -0.00061553742707631809	      0.02078285508318514219	     -0.00216591612603872496	      0.00309077915599242914	      0.00175106744263735237	     -0.00067149592957366222	      0.00079256144916146909
      1.32199999999996498090	      0.00052460442101961990	     -0.00703819729782217962	     -0.00162459455559860189	     -0.00018736117639684552	      0.00062927374347708509	      0.00014004289573389672	     -0.00281957688875172918	      0.00313391572695580906	     -0.00066550310414479827	     -0.00060593134685771322	      0.02077616661424733224	     -0.00213561984740107125	      0.00309355815758701608	      0.00174899048614286790	     -0.00066282569053677243	      0.00080398642080867222
      1.32299999999996487077	      0.00058297720364721556	     -0.00705464300556302160	     -0.00162954616385135864	     -0.00018465428091962721	      0.00062988760029796670	      0.00013861653782318295	     -0.00278851278685113280	      0.00313950544853670160	     -0.00066162675351781608	     -0.00059599998512077645	      0.02076575657215212756	     -0.00210419802956240964	      0.00309589256161080240	      0.00174660162108793149	     -0.00065376948094136855	      0.00081413512750264094
      1.32399999999996476063	      0.00064152810351773837	     -0.00707100091580148415	     -0.00163481866526815622	     -0.00018184574476039217	      0.00063040720410009049	      0.00013712014552290375	     -0.00275626802167563967	      0.00314468534936533650	     -0.00065771608052492617	     -0.00058576122546444287	      0.02075258100023383290	     -0.00207167254304946313	      0.00309780469389043384	      0.00174390185479479654	     -0.00064432702852629253	      0.00082331352037179339
      1.32499999999996465050	      0.00070025333133359041	     -0.00708726969035011756	     -0.00164040408719645647	     -0.00017893724839024988	      0.00063083578940651558	      0.00013555394633298079	     -0.00272285801495320001	      0.00314947417298479249	     -0.00065377240077525017	     -0.00057522370190432603	      0.02073678475340134941	     -0.00203805706274456933	      0.00309931372206985467	      0.00174089790421526336	     -0.00063450024204669830	      0.00083152616720003070
      1.32599999999996454036	      0.00075914900182813549	     -0.00710344901047343935	     -0.00164629430275553545	     -0.00017593158077180981	      0.00063117705398561819	      0.00013391976028979957	     -0.00268829111714799507	      0.00315388874060451574	     -0.00064980237924402995	     -0.00056438448763984628	      0.02071770813380213738	     -0.00200335664046374928	      0.00310043485044236150	      0.00173760329484544396	     -0.00062429442037431615	      0.00083846695780874503
      1.32699999999996443023	      0.00081821087604972559	     -0.00711953806091158992	     -0.00165248126041261933	     -0.00017283149140612242	      0.00063143485282608075	      0.00013221941705392204	     -0.00265257508969493627	      0.00315794507871186569	     -0.00064581625388638458	     -0.00055323950806202005	      0.02069473109122613175	     -0.00196757491085131075	      0.00310118302750404806	      0.00173403323818865918	     -0.00061371597745391027	      0.00084382905234024752
      1.32799999999996432010	      0.00087743414317279639	     -0.00713553386824350433	     -0.00165895716317709940	     -0.00016963846431290036	      0.00063161271713173261	      0.00013045312451569202	     -0.00261572260840875481	      0.00316166339972340227	     -0.00064181616833156735	     -0.00054179467987841567	      0.02066802807160172950	     -0.00193072227044371880	      0.00310157941530259801	      0.00173019538604662904	     -0.00060276624405508628	      0.00084761748504548484
      1.32899999999996420996	      0.00093681355329304494	     -0.00715143162824027900	     -0.00166571451477626198	     -0.00016635274703653835	      0.00063171381991133924	      0.00012861950938636291	     -0.00257775079893915460	      0.00316506857363030303	     -0.00063779450873303542	     -0.00053006750865758345	      0.02063852546141375921	     -0.00189281615773656542	      0.00310165164264071536	      0.00172608905129581491	     -0.00059144052198001340	      0.00085014117361109642
      1.32999999999996409983	      0.00099634368434710352	     -0.00716722765404820272	     -0.00167274538948647411	     -0.00016297573460978543	      0.00063174178637050160	      0.00012671884784182241	     -0.00253867062902488061	      0.00316818178105495590	     -0.00063375210136121587	     -0.00051806567586959451	      0.02060638052203545012	     -0.00185386615648780451	      0.00310142209059253299	      0.00172172114008163624	     -0.00057973889277379564	      0.00085140347244629100
      1.33099999999996398969	      0.00105601908569145225	     -0.00718291976918972175	     -0.00168004149989675611	     -0.00015951000082136541	      0.00063170069099655751	      0.00012475315024199074	     -0.00249848756215956258	      0.00317101997575715278	     -0.00062969913944731226	     -0.00050578467823347850	      0.02057097862812429234	     -0.00181387390715403996	      0.00310090720973574957	      0.00171710686901464793	     -0.00056766720986761721	      0.00085109306876317292
      1.33199999999996387956	      0.00111583403804946246	     -0.00719850567382140927	     -0.00168759442096599876	     -0.00015595808586280763	      0.00063159464432751417	      0.00012272453000167216	     -0.00245720765309054290	      0.00317359952529078226	     -0.00062564711933095485	     -0.00049321897059334541	      0.02053173359587165403	     -0.00177284105873198872	      0.00310012289895850862	      0.00171226215110641122	     -0.00055523207302510258	      0.00084889631962996315
      1.33299999999996376943	      0.00117578232244894276	     -0.00721398125896843823	     -0.00169539576576616113	     -0.00015232126493353731	      0.00063142730623422932	      0.00012063355787449159	     -0.00241484292006691192	      0.00317594113593146904	     -0.00062159730104648786	     -0.00048037442765286320	      0.02048882558091785766	     -0.00173077777515739939	      0.00309909132329157927	      0.00170719392341515952	     -0.00054243380262392060	      0.00084481596849247942
      1.33399999999996365929	      0.00123585736422569814	     -0.00722934100384697853	     -0.00170343723938715108	     -0.00014859961017446577	      0.00063120186373247233	      0.00011847929501321297	     -0.00237141114656114205	      0.00317806964621439314	     -0.00061754054057024110	     -0.00046727003782043308	      0.02044316743606180986	     -0.00168770303636656127	      0.00309784075187645447	      0.00170189984824596630	     -0.00052926607930264824	      0.00083916448484165629
      1.33499999999996354916	      0.00129605251573562674	     -0.00724458104162495342	     -0.00171170995603575626	     -0.00014479444726635260	      0.00063092189334301024	      0.00011626252026933348	     -0.00232692590239108599	      0.00318000446710102469	     -0.00061347848654630735	     -0.00045391409478706679	      0.02039493102771863797	     -0.00164362900409775747	      0.00309639241056258729	      0.00169638625235761509	     -0.00051572951591072336	      0.00083194417930440578
      1.33599999999996343902	      0.00135636121598897014	     -0.00725969953443938998	     -0.00172020451479526493	     -0.00014090837806664952	      0.00063059132543310387	      0.00011398578588917019	     -0.00228139714263339566	      0.00318175973806102130	     -0.00060942279787294662	     -0.00044030162764041592	      0.02034353594357657391	     -0.00159856103007199879	      0.00309476012552917928	      0.00169066833351491641	     -0.00050183213642107649	      0.00082283656634099533
      1.33699999999996332889	      0.00141677675517707519	     -0.00727469496886334888	     -0.00172891121057650032	     -0.00013694402545550571	      0.00063021397126769574	      0.00011165175268082472	     -0.00223483697488152666	      0.00318334937031002768	     -0.00060538359820858090	     -0.00042642651880148152	      0.02028842015430881718	     -0.00155250609874152401	      0.00309295682548806766	      0.00168476089986403788	     -0.00048758233593210187	      0.00081151822018261932
      1.33799999999996321876	      0.00147729201487712541	     -0.00728956449415130159	     -0.00173782021081514415	     -0.00013290280880568633	      0.00062979308796952405	      0.00010926154228058094	     -0.00218726505535024596	      0.00318479036721037306	     -0.00060136189301838658	     -0.00041229570884504518	      0.02022977666949798969	     -0.00150548145825868396	      0.00309100090062333632	      0.00167866961350236765	     -0.00047298233738812812	      0.00079799036248340283
      1.33899999999996310862	      0.00153789960447413970	     -0.00730430431440665107	     -0.00174692163739975648	     -0.00012878501926297248	      0.00062933138661513260	      0.00010681477373114534	     -0.00213870828686776870	      0.00318610199450096443	     -0.00059735099780448483	     -0.00039793111732094877	      0.02016852556889392467	     -0.00145751473091898509	      0.00308891576715237398	      0.00167239121938535240	     -0.00045802837274161456	      0.00078257547568390262
      1.33999999999996299849	      0.00159859215979544361	     -0.00731891266622075598	     -0.00175620494801198568	     -0.00012459228691679564	      0.00062883187196663415	      0.00010431278724455650	     -0.00208919055504105944	      0.00318729805374583230	     -0.00059335361079101631	     -0.00038334269367695795	      0.02010485879123619091	     -0.00140862750751308274	      0.00308671706249321470	      0.00166593098777932658	     -0.00044272439049708456	      0.00076527924667862957
      1.34099999999996288835	      0.00165936249811691333	     -0.00733339012060552076	     -0.00176565903837566651	     -0.00012032760032430062	      0.00062829780310744154	      0.00010175870900572259	     -0.00203873288952327592	      0.00318838761332623094	     -0.00058937986547664273	     -0.00036852580716523198	      0.02003822250264156168	     -0.00135883516382367953	      0.00308441264170505880	      0.00165930254426062407	     -0.00042708201514068955	      0.00074577706745217187
      1.34199999999996277822	      0.00172020337160336267	     -0.00734773786918574423	     -0.00177527245025910219	     -0.00011599405118563333	      0.00062773222698801756	      0.00009915580850092254	     -0.00198735890385220992	      0.00318937970927712922	     -0.00058543660126433861	     -0.00035347506690974750	      0.01996807163652117301	     -0.00130815555127761218	      0.00308200932421914126	      0.00165251837810515001	     -0.00041111286445344453	      0.00072373783149397297
      1.34299999999996266808	      0.00178110717138585395	     -0.00736195610601886319	     -0.00178503356533643576	     -0.00011159361816701074	      0.00062713762590260735	      0.00009650587029630397	     -0.00193510033825539107	      0.00319028430163875720	     -0.00058152549862209094	     -0.00033820030557152325	      0.01989461632834566007	     -0.00125661770440144149	      0.00307951850329590132	      0.00164558251691933333	     -0.00039482308865124160	      0.00069917029498475780
      1.34399999999996255795	      0.00184206604250040928	     -0.00737604434533944975	     -0.00179493072037106849	     -0.00010712722351416404	      0.00062651594821668682	      0.00009380920203236331	     -0.00188199653904266850	      0.00319111121805139980	     -0.00057764533785692462	     -0.00032272849110137614	      0.01981879607444969604	     -0.00120426165014675401	      0.00307695568146942183	      0.00163849107526156668	     -0.00037821382338132370	      0.00067242310682311124
      1.34499999999996244782	      0.00190307219789705162	     -0.00739000418375612700	     -0.00180495163592508945	     -0.00010259717297272236	      0.00062586935502078472	      0.00009106780965993655	     -0.00182808343963619668	      0.00319186639358964158	     -0.00057380012406138894	     -0.00030707313492217558	      0.01974082087374356975	     -0.00115112116372628748	      0.00307432904466641010	      0.00163124766255236253	     -0.00036129330292999917	      0.00064351702998628746
      1.34599999999996233768	      0.00196411805345063362	     -0.00740383950568512805	     -0.00181508354350912171	     -0.00009800715925220582	      0.00062520018423212892	      0.00008828543823981294	     -0.00177339340935692147	      0.00319255290358737287	     -0.00056999683225713790	     -0.00029123156346644308	      0.01966015301234277923	     -0.00109722325946270960	      0.00307163960753970011	      0.00162386324743322985	     -0.00034407664267699367	      0.00061212876222498103
      1.34699999999996222755	      0.00202519595530083890	     -0.00741755479968342346	     -0.00182531339603597687	     -0.00009336100378484757	      0.00062451052567703835	      0.00008546592098047923	     -0.00171796076683305987	      0.00319317394709545815	     -0.00056623887326095676	     -0.00027520064364927599	      0.01957625914748037377	     -0.00104259703999270981	      0.00306888744103117617	      0.00161634770682257678	     -0.00032657881541470202	      0.00057792975449218187
      1.34799999999996211741	      0.00208629784875209029	     -0.00743115357101020724	     -0.00183562808721782211	     -0.00008866142511845809	      0.00062380193494064595	      0.00008261154618179056	     -0.00166182770016010117	      0.00319373177881036863	     -0.00056252900452036757	     -0.00025899392838224511	      0.01948936872417517119	     -0.00098728255880364824	      0.00306607679153602514	      0.00160870347017799675	     -0.00030880993631660081	      0.00054094909530581770
      1.34899999999996200728	      0.00214741537277609446	     -0.00744463856267474355	     -0.00184601459959043979	     -0.00008391007543304824	      0.00062307546738425701	      0.00007972303744287201	     -0.00160504349120621503	      0.00319422687395805316	     -0.00055887136728923620	     -0.00024264337061941088	      0.01940044553124994908	     -0.00093133035396125718	      0.00306321582248967467	      0.00160092600452296785	     -0.00029077561529933238	      0.00050157425111911624
      1.34999999999996189715	      0.00220854019782687830	     -0.00745801431012882432	     -0.00185645945728318829	     -0.00007910998491746785	      0.00062233230553584290	      0.00007680269661523853	     -0.00154765255493014009	      0.00319465839981633581	     -0.00055527020684257439	     -0.00022616563164734593	      0.01930971597134216455	     -0.00087478337782842530	      0.00306030649179119679	      0.00159301727772213908	     -0.00027248742755292543	      0.00045984917269736858
      1.35099999999996178701	      0.00226966414161660149	     -0.00747128727738022302	     -0.00186694887796901021	     -0.00007426556249486016	      0.00062157373284772027	      0.00007385443197598096	     -0.00148969416652944275	      0.00319502510212537477	     -0.00055172835825221395	     -0.00020955936861677404	      0.01921665664845395582	     -0.00081767623032580339	      0.00305734462635083581	      0.00158498596116483925	     -0.00025396292453627733	      0.00041545879613909265
      1.35199999999996167688	      0.00233077886559286337	     -0.00748446421908810500	     -0.00187746900728980037	     -0.00006938133311169131	      0.00062080076767608017	      0.00007088210409449125	     -0.00143120827095674641	      0.00319532597870206270	     -0.00054824625457865032	     -0.00019282280359489423	      0.01912075192800126444	     -0.00076004420546510465	      0.00305432544498441400	      0.00157684031827096116	     -0.00023521973479095903	      0.00036808877307019372
      1.35299999999996156674	      0.00239187552233175935	     -0.00749755060248891159	     -0.00188800617737738818	     -0.00006446069146593195	      0.00062001390370962361	      0.00006788791022130369	     -0.00137224168738384056	      0.00319555835898975918	     -0.00054482661500609118	     -0.00017597136388536327	      0.01902225362580246826	     -0.00070193237446120049	      0.00305124877528651500	      0.00156858178071500598	     -0.00021627052974337868	      0.00031779502950597671
      1.35399999999996145661	      0.00245294484304028892	     -0.00751055076193396509	     -0.00189854707454339966	     -0.00005950592965627347	      0.00061921313735893019	      0.00006487236396079954	     -0.00131284713878204728	      0.00319571758235458192	     -0.00054147538219518655	     -0.00015903913594561558	      0.01892214526473599834	     -0.00064339500405324879	      0.00304811907018437411	      0.00156020509184155720	     -0.00019712298951435336	      0.00026500056145228879
      1.35499999999996134648	      0.00251397750248736479	     -0.00752347035381939477	     -0.00190907817334329266	     -0.00005452068931618634	      0.00061839854571486830	      0.00006183742856083474	     -0.00125307067889440793	      0.00319580001200526348	     -0.00053819492812805410	     -0.00014204335825918069	      0.01882066654303038433	     -0.00058447696244601222	      0.00304493559835811167	      0.00155171120837660492	     -0.00017779009775997778	      0.00020977157714659189
      1.35599999999996123634	      0.00257496421768511202	     -0.00753631647387509318	     -0.00191958589382390521	     -0.00004950992094486170	      0.00061757033501026043	      0.00005878656411614780	     -0.00119295158933094281	      0.00319580324964418086	     -0.00053498408475549306	     -0.00012498191115717372	      0.01871731319518059322	     -0.00052521302966496153	      0.00304169224237633290	      0.00154310789431576223	     -0.00015829056455013424	      0.00015180730190887670
      1.35699999999996112621	      0.00263589540814331696	     -0.00754909604822551206	     -0.00193005687321790020	     -0.00004447855748979448	      0.00061672859028501920	      0.00005572310347626286	     -0.00113252853312748036	      0.00319572478594294315	     -0.00053184157901924739	     -0.00010785231869170353	      0.01861159983349607028	     -0.00046563732958659898	      0.00303838259766538860	      0.00153440330742056485	     -0.00013864343961289549	      0.00009081828370442746
      1.35799999999996101607	      0.00269676083551713408	     -0.00756181424244051215	     -0.00194047826064647211	     -0.00003943022168752947	      0.00061587304747920402	      0.00005264870654413112	     -0.00107184561370410325	      0.00319556059103731985	     -0.00052876885393642395	     -0.00009066955157233103	      0.01850379208136132547	     -0.00040579271853125043	      0.00303500572055744738	      0.00152559869381872770	     -0.00011886153030365998	      0.00002688542591529341
      1.35899999999996090594	      0.00275754969932659466	     -0.00757447461017835000	     -0.00195083787617189586	     -0.00003436724076979689	      0.00061500313367601062	      0.00004956337705833147	     -0.00101095138581203114	      0.00319530529351943343	     -0.00052576961700144531	     -0.00007346719210343799	      0.01839486370124647496	     -0.00034573030345275146	      0.00303156627200433862	      0.00151668817823871760	     -0.00009895091449474425	     -0.00003955117609888426
      1.35999999999996079580	      0.00281825103279264091	     -0.00758708159291343609	     -0.00196112358755939908	     -0.00002929313963525096	      0.00061411853056771853	      0.00004646855904781588	     -0.00094988664185960414	      0.00319495516347545472	     -0.00052284374980115199	     -0.00005626114009249505	      0.01828505950915738920	     -0.00028549064153987613	      0.00302806394011437968	      0.00150767261169362787	     -0.00007892326320424470	     -0.00010840998899200316
      1.36099999999996068567	      0.00287885381488458408	     -0.00759964067638929652	     -0.00197132343751005301	     -0.00002421261458894139	      0.00061321920779805472	      0.00004336717676153845	     -0.00088868446291623382	      0.00319450778034515229	     -0.00051998863602482209	     -0.00003904767789275621	      0.01817389003445081530	     -0.00022510330129427158	      0.00302449305874322519	      0.00149856034818519890	     -0.00005879668896768830	     -0.00017996996081839911
      1.36199999999996057554	      0.00293934662084284135	     -0.00761215679530347078	     -0.00198142596575312524	     -0.00001913018862881657	      0.00061230518245991572	      0.00004026204031139236	     -0.00082737655026149381	      0.00319396010623572424	     -0.00051720368274496813	     -0.00002182308487963525	      0.01806088665398790372	     -0.00016459656940015499	      0.00302084793383745887	      0.00148936050958796418	     -0.00003858978288939774	     -0.00025448670381675309
      1.36299999999996046540	      0.00299971727431530555	     -0.00762463274392821688	     -0.00199142058070500561	     -0.00001404893475373536	      0.00061137625888987857	      0.00003715441843131495	     -0.00076599964328061265	      0.00319330866913551670	     -0.00051448890847206625	     -0.00000460006321556516	      0.01794634035430656138	     -0.00010400676745231374	      0.00301712920803638360	      0.00148007462197334572	     -0.00001831315010131229	     -0.00033186303411049389
      1.36399999999996035527	      0.00305995298787986938	     -0.00763706937743291459	     -0.00200129763459599985	     -0.00000897055481446571	      0.00061043197244990688	      0.00003404405484179474	     -0.00070459357620888952	      0.00319255031313796234	     -0.00051184307231334596	      0.00001258991790831221	      0.01783117708811373520	     -0.00004337799024478617	      0.00301334401912032451	      0.00147069634686822215	      0.00000203140139803937	     -0.00041167019621576872
      1.36499999999996024513	      0.00312004078325676601	     -0.00764946823829504297	     -0.00201104768039028770	     -0.00000389788140158290	      0.00060947217933219472	      0.00003093216224142603	     -0.00064318991722533969	      0.00319168290033345139	     -0.00050926361689990814	      0.00002973241735604315	      0.01771557497788641550	      0.00001725642297850660	      0.00300949415813028115	      0.00146122690608442574	      0.00002243509606231209	     -0.00049382328480469806
      1.36599999999996013500	      0.00317996760237562737	     -0.00766183178745571958	     -0.00202066162314262776	      0.00000116519375784746	      0.00060849716605783366	      0.00002782153178086666	     -0.00058181431394255245	      0.00319070437015527703	     -0.00050674920324716207	      0.00004683404049565798	      0.01759909681925656000	      0.00007787418336319130	      0.00300557552662667621	      0.00145167554269659549	      0.00004288091830861873	     -0.00057857382467428609
      1.36699999999996002487	      0.00323971998307552231	     -0.00767416179877034033	     -0.00203013105363036850	      0.00000621504307588699	      0.00060750732336944252	      0.00002471497036884984	     -0.00052049166304662942	      0.00318961181690326223	     -0.00050430149483849437	      0.00006390146678714181	      0.01748135051040462795	      0.00013845409086971072	      0.00300158415051841182	      0.00144205187849817673	      0.00006335136408036623	     -0.00066614131861179871
      1.36799999999995991473	      0.00329928376613791013	     -0.00768645778915955091	     -0.00203944858863303047	      0.00001124947912266305	      0.00060650273033131807	      0.00002161394016322871	     -0.00045925019348386220	      0.00318840371834925099	     -0.00050191863477616876	      0.00008092359567357654	      0.01736255273841717794	      0.00019896684901909989	      0.00299752289825749862	      0.00143235732174598618	      0.00008383877616963131	     -0.00075642635308127704
      1.36899999999995980460	      0.00335864424306251200	     -0.00769871731324278663	     -0.00204860795612726854	      0.00001626769207333303	      0.00060548316622354575	      0.00001851868898662679	     -0.00039812172303527182	      0.00318708044229094184	     -0.00049959376368860020	      0.00009787207387446095	      0.01724353579915589851	      0.00025937546226656449	      0.00299340126732711848	      0.00142258478779322406	      0.00010434574520501450	     -0.00084903816371349750
      1.36999999999995969446	      0.00341778657097110972	     -0.00771093869659733588	     -0.00205760313535940931	      0.00002126782900392990	      0.00060444879901110082	      0.00001543108028592699	     -0.00033713214714620188	      0.00318564164516062925	     -0.00049732323657810740	      0.00011473640883474800	      0.01712449389019853052	      0.00031965312944748359	      0.00298922262186765084	      0.00141273499515458256	      0.00012486585976267950	     -0.00094389765303272422
      1.37099999999995958433	      0.00347669593120670042	     -0.00772312131969832283	     -0.00206642837484416475	      0.00002624700012674591	      0.00060340018648365884	      0.00001235456792601786	     -0.00027630206467305074	      0.00318408556761601638	     -0.00049510824038379682	      0.00013152540601557572	      0.01700499508791506603	      0.00037978306704239406	      0.00298498385985184952	      0.00140281674240623488	      0.00014538285856396937	     -0.00104122624219345206
      1.37199999999995947420	      0.00353535722595206200	     -0.00773526403964042153	     -0.00207507862577727131	      0.00003120255933424659	      0.00060233794642833294	      0.00000929268674107475	     -0.00021565237187065600	      0.00318240954503563878	     -0.00049295240878701472	      0.00014824803110269347	      0.01688467478800753999	      0.00043974884222225397	      0.00298068191169532232	      0.00139283844188821393	      0.00016588025024044661	     -0.00114121341864653614
      1.37299999999995936406	      0.00359375482479745711	     -0.00774736369939021952	     -0.00208354992015213902	      0.00003613316277732703	      0.00060126230319332286	      0.00000624772470626811	     -0.00015520739348276469	      0.00318061314562924011	     -0.00049085262549358256	      0.00016489605539671270	      0.01676373573411939211	      0.00049952576749429101	      0.00297632001329748916	      0.00138280034757018444	      0.00018635220596485702	     -0.00124376752524146816
      1.37399999999995925393	      0.00365187274540561616	     -0.00775941549811687281	     -0.00209183935288259626	      0.00004103863328258281	      0.00060017305271699989	      0.00000322074822024787	     -0.00009499416324498799	      0.00317869843097172249	     -0.00048879782287999539	      0.00018144362987626561	      0.01664289120636179564	      0.00055908124000103587	      0.00297190718861567449	      0.00137269482463855952	      0.00020680364522518424	     -0.00134854364560470230
      1.37499999999995914379	      0.00370969503122912936	     -0.00777141572535922087	     -0.00209994414907987981	      0.00004591768682295910	      0.00059907036970281019	      0.00000021419642749765	     -0.00003503521347839045	      0.00317666469939567250	     -0.00048678372075013055	      0.00019788214826044204	      0.01652229273364974604	      0.00061839180089107160	      0.00296744561950068250	      0.00136252200512043675	      0.00022722894903354218	     -0.00145546923473252598
      1.37599999999995903366	      0.00376720592093567064	     -0.00778336205813989768	     -0.00210786162649956310	      0.00005076794917197730	      0.00059795478748615738	     -0.00000276815524287433	      0.00002465071035118171	      0.00317450815084720749	     -0.00048481345432071360	      0.00021422153138028754	      0.01640155215890074306	      0.00067744288038495970	      0.00296293056149694173	      0.00135228961508999934	      0.00024761158319769327	     -0.00156473542636974272
      1.37699999999995892352	      0.00382438960000159450	     -0.00779525201927466771	     -0.00211558963314106840	      0.00005558715969175218	      0.00059682676772842419	     -0.00000572260256399837	      0.00008404437023529221	      0.00317222415423745567	     -0.00048289071459417044	      0.00023047119236929703	      0.01628034019156621853	      0.00073621955289754348	      0.00295835700157402390	      0.00134200443550637483	      0.00026793534154473386	     -0.00167651112194970586
      1.37799999999995881339	      0.00388122998451445600	     -0.00780708157475362707	     -0.00212312692660554525	      0.00006037416420775002	      0.00059568623835976053	     -0.00000864674387529574	      0.00014312360181936712	      0.00316981018752340860	     -0.00048101096981247645	      0.00024662340097525437	      0.01615881918749251245	      0.00079469856147745821	      0.00295372491985415250	      0.00133166601694412190	      0.00028819459913520529	     -0.00179071217912964153
      1.37899999999995870326	      0.00393771089908185809	     -0.00781884551339384615	     -0.00213047309814795582	      0.00006512880135537205	      0.00059453256892202933	     -0.00001153945413054358	      0.00020186384702693128	      0.00316726567560460769	     -0.00047916143970382942	      0.00026265319916873864	      0.01603759547329161941	      0.00085284874121877019	      0.00294903855122363376	      0.00132126724905137771	      0.00030839391412107453	     -0.00190702164163453897
      1.37999999999995859312	      0.00399381639894419785	     -0.00783054002822869410	     -0.00213762759861890750	      0.00006984981908146615	      0.00059336540904315893	     -0.00001439847259766813	      0.00026024385266910921	      0.00316458624300608449	     -0.00047733755127993271	      0.00027855221896688764	      0.01591679113398836859	      0.00091064716493577391	      0.00294429524579811405	      0.00131080775334574406	      0.00032852708361352789	     -0.00202536334520393019
      1.38099999999995848299	      0.00404953093428326791	     -0.00784216297471618251	     -0.00214458966712727239	      0.00007453489895344403	      0.00059218463588877474	     -0.00001722044233846975	      0.00031824523898488222	      0.00316176400387783475	     -0.00047554224254024030	      0.00029432962352027303	      0.01579605782798129340	      0.00096807895681744194	      0.00293948569280520072	      0.00130029346848706262	      0.00034857734032534005	     -0.00214590239703948277
      1.38199999999995837285	      0.00410483916101725410	     -0.00785371240603238707	     -0.00215135876332861464	      0.00007918177306743407	      0.00059098985367294493	     -0.00002000222347005309	      0.00037584932342837885	      0.00315879073201424942	     -0.00047377675429659261	      0.00030999355365668446	      0.01567509046945352383	      0.00102512865734688541	      0.00293460007644009285	      0.00128972903669295758	      0.00036852905981843431	     -0.00226879829201202116
      1.38299999999995826272	      0.00415972575391467328	     -0.00786518527445900784	     -0.00215793493629212740	      0.00008378919394821591	      0.00058977998119811442	     -0.00002274206638647192	      0.00043303483494772088	      0.00315565937130348959	     -0.00047203524464466302	      0.00032553565153703445	      0.01555402161965756778	      0.00108177280759830241	      0.00292963200169970434	      0.00127911310830768066	      0.00038837642948019724	     -0.00239396443117795288
      1.38399999999995815259	      0.00421417555850992984	     -0.00787657776295069834	     -0.00216431873133982045	      0.00008835686120012287	      0.00058855324903631795	     -0.00002543960830453385	      0.00048977827220790526	      0.00315236351147441668	     -0.00047030596078589428	      0.00034093127719236893	      0.01543338630143606394	      0.00113798043358809275	      0.00292457774205730214	      0.00126843901596335185	      0.00040812268778556149	     -0.00252107570930763109
      1.38499999999995804245	      0.00426817384878286007	     -0.00788788760853775806	     -0.00217051025586045832	      0.00009288347192672533	      0.00058730796982944811	     -0.00002809361897999907	      0.00054605907046714752	      0.00314889353590609537	     -0.00046858383341601313	      0.00035617152059319590	      0.01531329390261048327	      0.00119372836217729317	      0.00291942754113821284	      0.00125770534305155723	      0.00042776159303403727	     -0.00265003748920980553
      1.38599999999995793232	      0.00432170646225195354	     -0.00789911429361045414	     -0.00217650911867095509	      0.00009736673705158447	      0.00058604247963549988	     -0.00003070203146576800	      0.00060185952558863831	      0.00314523742510974900	     -0.00046686881136752748	      0.00037126379957364009	      0.01519343068119758527	      0.00124900117536880240	      0.00291416606949815651	      0.00124691556397912851	      0.00044727800840721477	     -0.00278099845956425451
      1.38699999999995782218	      0.00437475965055167740	     -0.00791025770281239549	     -0.00218231484199438164	      0.00010180442027890244	      0.00058475467915842377	     -0.00003326313248108725	      0.00065716229068271681	      0.00314138339395052431	     -0.00046515758251576556	      0.00038621417738304853	      0.01507350751254945415	      0.00130378322010604730	      0.00290877743164724353	      0.00123607192360733475	      0.00046665867854323029	     -0.00291411925786550646
      1.38799999999995771205	      0.00442731990370395095	     -0.00792131694548325882	     -0.00218792720685168085	      0.00010619531789722234	      0.00058344177647241813	     -0.00003577663290596500	      0.00071194768792458285	      0.00313731924300441820	     -0.00046344307603450249	      0.00040101360465405467	      0.01495364476977520396	      0.00135805163506491633	      0.00290324766853034336	      0.00122517184506043542	      0.00048589879298899241	     -0.00304929689323138464
      1.38899999999995760191	      0.00447937404430526903	     -0.00793229061757971809	     -0.00219334618635702583	      0.00011053921082742127	      0.00058210037704022055	     -0.00003824361515833430	      0.00076619387561234487	      0.00313303157618560150	     -0.00046171642911918900	      0.00041563846119996306	      0.01483435015052930045	      0.00141177686605648001	      0.00289756407929064874	      0.00121420849505574080	      0.00050500090461486069	     -0.00318615985021296344
      1.38999999999995749178	      0.00453090940209319865	     -0.00794317884692152809	     -0.00219857112504651120	      0.00011483493312952620	      0.00058072717348977426	     -0.00004066431909044432	      0.00081988247402932368	      0.00312850526376512103	     -0.00045997208883310700	      0.00043007992481880475	      0.01471573546195727861	      0.00146493733461328102	      0.00289170914672430557	      0.00120317899291373653	      0.00052395973508295723	     -0.00332458333416035118
      1.39099999999995738165	      0.00458191389352821665	     -0.00795398341856390356	     -0.00220360072730541035	      0.00011908036411892309	      0.00057931894118275901	     -0.00004303811365659327	      0.00087299869781079509	      0.00312372438176588239	     -0.00045820597610150837	      0.00044434432793616363	      0.01459751157280311101	      0.00151751949954825882	      0.00288566106791542099	      0.00119208426189537642	      0.00054276278781395515	     -0.00346471239488758964
      1.39199999999995727151	      0.00463237590604890365	     -0.00796470656318204462	     -0.00220843344296239863	      0.00012327344537044899	      0.00057787214746827381	     -0.00004536461900921107	      0.00092552883924570950	      0.00311867328595906044	     -0.00045641079607859278	      0.00045843674385859234	      0.01447940307979404817	      0.00156951032281682501	      0.00287939741606732871	      0.00118092432247797474	      0.00056139941777666458	     -0.00360671549099347150
      1.39299999999995716138	      0.00468228415426147349	     -0.00797534989099402125	     -0.00221306778251917358	      0.00012741320640138193	      0.00057638277447428360	     -0.00004764474285871845	      0.00097745694356231316	      0.00311333423835371105	     -0.00045457970334712369	      0.00047234911809168612	      0.01436153262337695746	      0.00162089052490688168	      0.00287289662077888641	      0.00116969515743146901	      0.00057986564513057282	     -0.00375046210343802505
      1.39399999999995705124	      0.00473162772680478169	     -0.00798591457004005356	     -0.00221750231126116581	      0.00013149973724838407	      0.00057484641966018546	     -0.00004988062442319585	      0.00102876479961627743	      0.00310768684723898092	     -0.00045270819779949512	      0.00048606093138225948	      0.01424440514219017795	      0.00167163497663785909	      0.00286613759529732656	      0.00115838908928324325	      0.00059816311947841205	     -0.00389551094694534639
      1.39499999999995694111	      0.00478039618762376300	     -0.00799640310631288820	     -0.00222173499185451817	      0.00013553220657959789	      0.00057325881428529901	     -0.00005207347915614502	      0.00107943848034600109	      0.00310171112516160422	     -0.00045079116223783328	      0.00049956511578130858	      0.01412813765749467571	      0.00172172673873488558	      0.00285909606710032724	      0.00114700164141987027	      0.00061628744851061068	     -0.00404170488047936316
      1.39599999999995683098	      0.00482857960433311778	     -0.00800681940577308016	     -0.00222576324243228818	      0.00013950884481667841	      0.00057161583759838402	     -0.00005422354649864403	      0.00112946839817786027	      0.00309538835762522297	     -0.00044882149481972194	      0.00051286819362050817	      0.01401245625913923737	      0.00177115705242597565	      0.00285174516642259374	      0.00113553162740230584	      0.00063422873945029323	     -0.00418919746586010611
      1.39699999999995672084	      0.00487616845862130083	     -0.00801716769324567480	     -0.00222958429076047793	      0.00014342798964564127	      0.00056991321631843367	     -0.00005633115498551722	      0.00117884622173677900	      0.00308870023989701046	     -0.00044679005167708868	      0.00052597552332755981	      0.01389710509440332531	      0.00181991805923781280	      0.00284405783224688999	      0.00112397737147063026	      0.00065197872274636026	     -0.00433816612621751307
      1.39799999999995661071	      0.00492315354420965953	     -0.00802745157198780923	     -0.00223319544772215828	      0.00014728913203453792	      0.00056814638951596663	     -0.00005839769740369205	      0.00122756118502319322	      0.00308162565536472663	     -0.00044469147815297261	      0.00053888131999424438	      0.01378221162086266938	      0.00186799627668593482	      0.00283600766589131581	      0.00111233347417326323	      0.00066953424673860118	     -0.00448845068390470170
      1.39899999999995650057	      0.00496952597289783068	     -0.00803767414371170386	     -0.00223659416373767073	      0.00015109288154547748	      0.00056631060306406439	     -0.00006042553813868923	      0.00127560001075791019	      0.00307414055487641950	     -0.00044252542572288320	      0.00055156934881273045	      0.01366826685516835116	      0.00191537284372084171	      0.00282756886789241324	      0.00110059100485525307	      0.00068689638028790467	     -0.00463954310672144016
      1.39999999999995639044	      0.00501527719936188318	     -0.00804783956409915735	     -0.00223977753738768826	      0.00015483892985494740	      0.00056440129667163774	     -0.00006241588876722270	      0.00132295408136576947	      0.00306622342872081653	     -0.00044028800228879464	      0.00056403509962843490	      0.01355538165059759492	      0.00196203689106666523	      0.00281871424614981922	      0.00108874403106741513	      0.00070406159808955593	     -0.00479126236099670921
      1.40099999999995628031	      0.00506039900278888038	     -0.00805795306163892278	     -0.00224274242942779090	      0.00015852603790568118	      0.00056241414833990699	     -0.00006436871657836130	      0.00136961920985996521	      0.00305785581617943735	     -0.00043797141458551403	      0.00057628576995827352	      0.01344329499497831648	      0.00200798536829888130	      0.00280941578451551072	      0.00107678975087481532	      0.00072102214858676961	     -0.00494377678104672424
      1.40199999999995617017	      0.00510488341979007873	     -0.00806801998819473010	     -0.00224548577755601109	      0.00016215311793942727	      0.00056034486689624657	     -0.00006628377522036044	      0.00141559190412737096	      0.00304901980873358187	     -0.00043556786464129388	      0.00058832739218450669	      0.01333178087796292599	      0.00205321593024732074	      0.00279964609436364822	      0.00106472497597694116	      0.00073777146872872068	     -0.00509726901602874233
      1.40299999999995606004	      0.00514872270370572357	     -0.00807804503434061960	     -0.00224800482265363755	      0.00016572022293736763	      0.00055818903798084130	     -0.00006816161911664398	      0.00146086593652804825	      0.00303969515036996846	     -0.00043307466584191143	      0.00060015663157853005	      0.01322095955561233827	      0.00209772075166597682	      0.00278937892828860258	      0.00105254297172781286	      0.00075430678350790759	     -0.00525155673770451303
      1.40399999999995594990	      0.00519190931287201105	     -0.00808803233149157919	     -0.00225029720370417685	      0.00016922846575542425	      0.00055594219787653831	     -0.00007000362138445682	      0.00150543238102902877	      0.00302985957007171139	     -0.00043049427043177768	      0.00061176149665209678	      0.01311126644904163363	      0.00214148666823232858	      0.00277858927525194942	      0.00104023379077229639	      0.00077062841031294571	     -0.00540609084912425583
      1.40499999999995583977	      0.00523443586026647520	     -0.00809798681019979760	     -0.00225236059185074389	      0.00017267799088219876	      0.00055360018939476507	     -0.00007181005457292111	      0.00154928661254321448	      0.00301949451556763129	     -0.00042782446190870599	      0.00062313980923922596	      0.01300278734161033900	      0.00218450772178835351	      0.00276725220545291119	      0.00102779089048853078	      0.00078673313105814824	     -0.00556068182043734094
      1.40599999999995572963	      0.00527629507051393873	     -0.00810791420055900769	     -0.00225419282350158845	      0.00017606796259384341	      0.00055115924021394841	     -0.00007358012560623739	      0.00159242779903006476	      0.00300858509906669867	     -0.00042505900147265380	      0.00063429904762768441	      0.01289528285132611474	      0.00222678480496124598	      0.00275534329067187930	      0.00101521124915690542	      0.00080261450597901574	     -0.00571551292091920793
      1.40699999999995561950	      0.00531747974436903859	     -0.00811782022322848906	     -0.00225579216883575739	      0.00017939764292003099	      0.00054861581166971291	     -0.00007531305643264374	      0.00163485491458296994	      0.00299711687481406600	     -0.00042219327943684298	      0.00064524541270549740	      0.01278857114890021018	      0.00226831876097488561	      0.00274283944146858430	      0.00100249186072426388	      0.00081826705158200008	     -0.00587076744874374945
      1.40799999999995550937	      0.00535798278878486106	     -0.00812770997742195966	     -0.00225715750793464842	      0.00018266726819124446	      0.00054596636019789424	     -0.00007700903108269486	      0.00167656416872986880	      0.00298507435951312836	     -0.00041922640787230708	      0.00065597728250332832	      0.01268275007980868008	      0.00230910474917417341	      0.00272971934615377602	      0.00098962705399027739	      0.00083368805170008775	     -0.00602625683734140175
      1.40899999999995539923	      0.00539779720344378544	     -0.00813758803311881440	     -0.00225828842023712006	      0.00018587794675157740	      0.00054320737284565407	     -0.00007866916643398114	      0.00171754922444584263	      0.00297244177088080118	     -0.00041616025347719632	      0.00066648596253993109	      0.01257815294428728248	      0.00234913240559558867	      0.00271596365440454797	      0.00097660892689453715	      0.00084887695783708583	     -0.00618142974932535047
      1.40999999999995528910	      0.00543691594793929006	     -0.00814745956129858673	     -0.00225918487382670286	      0.00018902980316148552	      0.00054033580052752217	     -0.00008029367146007715	      0.00175780698877311958	      0.00295920691650374164	     -0.00041299319761711056	      0.00067677060908455378	      0.01247482756442588880	      0.00238839738184337680	      0.00270155407586296359	      0.00096343324353505289	      0.00086383053016242384	     -0.00633610516872985460
      1.41099999999995517896	      0.00547533189361319381	     -0.00815733031088139438	     -0.00225984733048689712	      0.00019212200314097649	      0.00053734914827852087	     -0.00008188185830500239	      0.00179733692777023918	      0.00294536073489149591	     -0.00040972155075812838	      0.00068683791686940943	      0.01237257394975446734	      0.00242690091671304842	      0.00268647365843748161	      0.00095009925139102891	      0.00087854316832830515	     -0.00649047608784045216
      1.41199999999995506883	      0.00551303783060295982	     -0.00816720594410280665	     -0.00226027696189490257	      0.00019515378223402061	      0.00053424530893981387	     -0.00008343314105001276	      0.00183613744882703267	      0.00293089463305778661	     -0.00040634426417950065	      0.00069669309940545432	      0.01227126522174458445	      0.00246464334334911550	      0.00267070738498275881	      0.00093660626859475016	      0.00089301013282627739	     -0.00664472270719832642
      1.41299999999995495870	      0.00555002656582281005	     -0.00817709160408541802	     -0.00226047577679211464	      0.00019812517307541549	      0.00053102221557126128	     -0.00008494788474724957	      0.00187420451807739433	      0.00291580084562445205	     -0.00040286113605872420	      0.00070633490721616621	      0.01217096315541213447	      0.00250161914099950033	      0.00265424267080940045	      0.00092295196569673610	      0.00090722850502644725	     -0.00679866463914673494
      1.41399999999995484856	      0.00558629092438333447	     -0.00818699199553707402	     -0.00226044666644042991	      0.00020103690422239653	      0.00052767784306371329	     -0.00008642735031576254	      0.00191153207524026245	      0.00290007328464192415	     -0.00039927133413569099	      0.00071575643379695464	      0.01207186652159930595	      0.00253781719773937819	      0.00263706950795149393	      0.00090913290896237064	      0.00092119666070233919	     -0.00695177834988570942
      1.41499999999995473843	      0.00562182354567218427	     -0.00819691224816132546	     -0.00226019309028879789	      0.00020388884424706391	      0.00052421079470921922	     -0.00008787197145956882	      0.00194811593274816369	      0.00288370827063412147	     -0.00039557348552139021	      0.00072495667738703418	      0.01197398047880271488	      0.00257323119589403237	      0.00261917940303232899	      0.00089514883154252767	      0.00093491124078659560	     -0.00710389921883452027
      1.41599999999995462829	      0.00565661685344509731	     -0.00820685786912977999	     -0.00225971912306177636	      0.00020668006467908229	      0.00052062038366725710	     -0.00008928135778069057	      0.00198395314973876316	      0.00286670387611401983	     -0.00039176725524808081	      0.00073394007313076770	      0.01187715826406407493	      0.00260785923233997075	      0.00260056547597786302	      0.00088100218520839602	      0.00094836761309285977	     -0.00725521973239465733
      1.41699999999995451816	      0.00569066311705394498	     -0.00821683423727015416	     -0.00225902961733881469	      0.00020940975214897226	      0.00051690639549303169	     -0.00009065521329308657	      0.00201903938895586776	      0.00284905873288536851	     -0.00038785501864560534	      0.00074270933824682750	      0.01178132544574825302	      0.00264169792556717686	      0.00258122302687153419	      0.00086669532455807552	      0.00096156222961385485	     -0.00740591336862509581
      1.41799999999995440803	      0.00572395460205418934	     -0.00822684634128623138	     -0.00225813028298027518	      0.00021207777701743452	      0.00051306864539306385	     -0.00009199410228533100	      0.00205336861233539579	      0.00283077397693417415	     -0.00038383679557051770	      0.00075126201993724884	      0.01168649957368972370	      0.00267473818145602671	      0.00256115013693500142	      0.00085223004421079718	      0.00097449257232862241	     -0.00755581368831945502
      1.41899999999995429789	      0.00575648359338669195	     -0.00823689884487577295	     -0.00225702767146174210	      0.00021468458313144215	      0.00050910694168056214	     -0.00009329939604450777	      0.00208693356940263010	      0.00281185393441208201	     -0.00037970887080800153	      0.00075959141718384693	      0.01159274308089763839	      0.00270696566324757359	      0.00254034768959228701	      0.00083760816806777161	      0.00098715655364550736	     -0.00770443475130906837
      1.41999999999995418776	      0.00578824214184125996	     -0.00824699667358408384	     -0.00225572884093239168	      0.00021722993670748175	      0.00050502181295869475	     -0.00009457169784443664	      0.00211972766993766704	      0.00279230362658938053	     -0.00037547037973020142	      0.00076769500170237315	      0.01150002904251765101	      0.00273837009381910912	      0.00251881795682540408	      0.00082283354721048030	      0.00099955136613394391	     -0.00785162582707078782
      1.42099999999995407762	      0.00581922206542809586	     -0.00825714495351803635	     -0.00225424134731300185	      0.00021971296102523200	      0.00050081453648908453	     -0.00009581086674352590	      0.00215174474608630659	      0.00277212817678375301	     -0.00037112437875610332	      0.00077557427983421245	      0.01140826697467897666	      0.00276894513773617845	      0.00249656450384670974	      0.00080791153241584202	      0.00101167392747891771	     -0.00799757007646248116
      1.42199999999995396749	      0.00584941506312466539	     -0.00826734868837375458	     -0.00225257334490414074	      0.00022213283499158271	      0.00049648678008276659	     -0.00009701687870877773	      0.00218297776971760346	      0.00275133343506898595	     -0.00036667564827253668	      0.00078322992556434379	      0.01131740694334038011	      0.00279868333153665549	      0.00247359283177176013	      0.00079284729562337231	      0.00102352209990802523	     -0.00814243446347453180
      1.42299999999995385735	      0.00587881289846621351	     -0.00827761264521287288	     -0.00225073362216532402	      0.00022448924787760172	      0.00049204010310373303	     -0.00009819046925432784	      0.00221341818894064350	      0.00272992886893781705	     -0.00036212468004428316	      0.00079065785237897312	      0.01122746053985684833	      0.00282757243867787222	      0.00244991114619824875	      0.00077764641702637860	      0.00103509335129658986	     -0.00828606492824273191
      1.42399999999995374722	      0.00590740744724804756	     -0.00828794135578991842	     -0.00224873157372185162	      0.00022678231238014608	      0.00048747590474035318	     -0.00009933311117842070	      0.00224305695450131848	      0.00270792775412530273	     -0.00035746662069283813	      0.00079785099374551915	      0.01113843548582055254	      0.00285559611656077683	      0.00242553018889012312	      0.00076231534995524486	      0.00104638428612141565	     -0.00842800413373923085
      1.42499999999995363709	      0.00593519038555637320	     -0.00829833946323021987	     -0.00224657680427342576	      0.00022901147875887401	      0.00048279627341250159	     -0.00010044580169653317	      0.00227188859986228280	      0.00268534203827960546	     -0.00035269998542719616	      0.00080481235102725091	      0.01105010657252480932	      0.00288274226007950718	      0.00240046132416727202	      0.00074686125439113460	      0.00105739207434646376	     -0.00856810881903227045
      1.42599999999995352695	      0.00596215325018675107	     -0.00830881172717323757	     -0.00224427900680068682	      0.00023117580857728338	      0.00047800399027323609	     -0.00010152863555494551	      0.00229990356330227706	      0.00266218300586432491	     -0.00034783112003729244	      0.00081154004417560710	      0.01096251113361784713	      0.00290900228615165179	      0.00237471676052672951	      0.00073129152107540007	      0.00106811412867907629	     -0.00870655058001905055
      1.42699999999995341682	      0.00598828775763388978	     -0.00831936258840826337	     -0.00224184847642527885	      0.00023327489360727184	      0.00047310197575017171	     -0.00010258103702055765	      0.00232708016858048858	      0.00263846403643272845	     -0.00034287370595062483	      0.00081800598392811619	      0.01087652487510659682	      0.00293436697076865372	      0.00234831040476663096	      0.00071561323111669906	      0.00107854757714753724	     -0.00884348879732818616
      1.42799999999995330668	      0.00601358561688525653	     -0.00832999616305984958	     -0.00223929579559278835	      0.00023530751005959409	      0.00046809292789960072	     -0.00010360533252420923	      0.00235343297187207146	      0.00261419750679442800	     -0.00033781600652797728	      0.00082425150905562905	      0.01079070737300250049	      0.00295882649749229509	      0.00232125642372711140	      0.00069983487080589601	      0.00108869192038263396	     -0.00897878247484587555
      1.42899999999995319655	      0.00603803810042876504	     -0.00834071799996416452	     -0.00223662907838395597	      0.00023727127983770233	      0.00046297969022048718	     -0.00010460647182490568	      0.00237900159634014952	      0.00258939947281795757	     -0.00033262178284471089	      0.00083037643372807501	      0.01070165178805398964	      0.00298236554150360655	      0.00229357171727478633	      0.00068396709654382215	      0.00109854624497052189	     -0.00911200022553046440
      1.42999999999995308642	      0.00606163649525895756	     -0.00835153704568158961	     -0.00223385168960588132	      0.00023916571491735400	      0.00045776563166186057	     -0.00010558340054790671	      0.00240372484535008105	      0.00256410716869524824	     -0.00032729964746716633	      0.00083628327494567056	      0.01061188364349266444	      0.00300495737233297255	      0.00226528257957162808	      0.00066802068106174006	      0.00110809840191439246	     -0.00924298211612650453
      1.43099999999995297628	      0.00608437246707104439	     -0.00836246287867770111	     -0.00223096638876474351	      0.00024099114571210674	      0.00045245453569191935	     -0.00010653261725340757	      0.00242750927079588702	      0.00253835609457841310	     -0.00032188762515848041	      0.00084180899028241107	      0.01052603841815755170	      0.00302657678932444218	      0.00223641460570977134	      0.00065200486010444370	      0.00111733512936867951	     -0.00937186694834258802
      1.43199999999995286615	      0.00610623800594419820	     -0.00837350177363860304	     -0.00222798076030872316	      0.00024274587844698783	      0.00044705058395110714	     -0.00010745652013020857	      0.00245036904228616848	      0.00251214580873988097	     -0.00031639943568267243	      0.00084701670073106250	      0.01044252845516122075	      0.00304721697932036628	      0.00220697859918698568	      0.00063592621324158605	      0.00112625840895302920	     -0.00949882399892240138
      1.43299999999995275601	      0.00612722643693217571	     -0.00838465739274674160	     -0.00222490595504232225	      0.00024442901975429802	      0.00044155666594792448	     -0.00010835858153498967	      0.00247233954477834444	      0.00248547192870059858	     -0.00031083612179746284	      0.00085199785855383237	      0.01035900267653980245	      0.00306687790453591402	      0.00217698181467467639	      0.00061979040916398942	      0.00113487176889065511	     -0.00962371056841994713
      1.43399999999995264588	      0.00614733228082598761	     -0.00839593295084628544	     -0.00222175291794068919	      0.00024604153522840913	      0.00043597417672468913	     -0.00010923997113050643	      0.00249341423686551961	      0.00245834876477320913	     -0.00030519951068738033	      0.00085673416380926959	      0.01027597188387827098	      0.00308555495244444700	      0.00214643771082655881	      0.00060360420857827335	      0.00114317122205714883	     -0.00974606156748615213
      1.43499999999995253575	      0.00616654998301107912	     -0.00840733156915374202	     -0.00221853150969852919	      0.00024758380272648338	      0.00043030503699068717	     -0.00011010147731907449	      0.00251358987278511165	      0.00243079056578521940	     -0.00029949228151905649	      0.00086121251680004729	      0.01019378205291379680	      0.00310324703758685372	      0.00211536042069108109	      0.00058737447730122794	      0.00115115505612822799	     -0.00986571857142991629
      1.43599999999995242561	      0.00618487396493986458	     -0.00841885585336998865	     -0.00221525116149257073	      0.00024905554578965976	      0.00042455173493818887	     -0.00011094387731973299	      0.00253287359292934250	      0.00240280817123603857	     -0.00029371752333789969	      0.00086544230155349844	      0.01011221139470855346	      0.00311995808959919518	      0.00208376316159575997	      0.00057110807663049434	      0.00115882538174444383	     -0.00998284320982420308
      1.43699999999995231548	      0.00620229897217016053	     -0.00843050793576516355	     -0.00221192087095745116	      0.00025045668049179792	      0.00041871670664204302	     -0.00011176778062907400	      0.00255127052877342914	      0.00237441414673300599	     -0.00028787852881494158	      0.00086942569164893957	      0.01003123509407119474	      0.00313569277125957946	      0.00205166001685710888	      0.00055481251428264600	      0.00116618487528113990	     -0.01009760119653837010
      1.43799999999995220534	      0.00621882009486276338	     -0.00844228961708093362	     -0.00220854889256028031	      0.00025178761983186797	      0.00041280220911680404	     -0.00011257427497228523	      0.00256878480872740206	      0.00234562244476186482	     -0.00028197813952342277	      0.00087316257656055996	      0.00995089224783898829	      0.00315045374581651716	      0.00201906673879755734	      0.00053849478154502362	      0.00117323336540164913	     -0.01020983667566745245
      1.43899999999995209521	      0.00623443275875850550	     -0.00845420229220594788	     -0.00220514279845240857	      0.00025304919484408356	      0.00040681037118000390	     -0.00011336500350453416	      0.00258542141219185451	      0.00231644755194661961	     -0.00027601866554465004	      0.00087665521453994533	      0.00987116986017749776	      0.00316424213266058851	      0.00198600046869615472	      0.00052216087856407634	      0.00117996776282774940	     -0.01031907883168938986
      1.43999999999995198507	      0.00624913260406592327	     -0.00846624693531383699	     -0.00220170969559263519	      0.00025424188740902701	      0.00040074359292802814	     -0.00011414107706894661	      0.00260118686869029864	      0.00228690404250834339	     -0.00027000311643776698	      0.00087990612305888227	      0.00979205691622789254	      0.00317706304963782937	      0.00195247809245624048	      0.00050581724276131668	      0.00118638814376398338	     -0.01042517397774419055
      1.44099999999995187494	      0.00626291550789280678	     -0.00847842402864584788	     -0.00219825635274983888	      0.00025536584048192063	      0.00039460452211893815	     -0.00011490307368133834	      0.00261608903891766970	      0.00225700657234942370	     -0.00026393517388270671	      0.00088291775500892733	      0.00971355208824845051	      0.00318892541152637765	      0.00191851607355583752	      0.00048947118184355931	      0.00119249814019511957	     -0.01052829490897179768
      1.44199999999995176481	      0.00627577768022792581	     -0.00849073361789676184	     -0.00219478902780845253	      0.00025642128671959225	      0.00038839582013674295	     -0.00011565160186795265	      0.00263013647249087101	      0.00222677016667118671	     -0.00025781852045314579	      0.00088569300892649139	      0.00963565091330767509	      0.00319983885088576114	      0.00188413118243840405	      0.00047313055194964093	      0.00119830221014166627	     -0.01062861714434568464
      1.44299999999995165467	      0.00628771574234458439	     -0.00850317542128598003	     -0.00219131312988674054	      0.00025740890241033806	      0.00038211999016363185	     -0.00011638773489640319	      0.00264333776065536763	      0.00219621052373909081	     -0.00025165635812890441	      0.00088823502953383482	      0.00955834963971161078	      0.00320981147062371353	      0.00184934152836792667	      0.00045680160475579379	      0.00120380148577675650	     -0.01072599151503777180
      1.44399999999995154454	      0.00629872673243737045	     -0.00851574877596483759	     -0.00218783330124261433	      0.00025832977829951670	      0.00037577939237533331	     -0.00011711295456083570	      0.00265570153025231070	      0.00216534389876955197	     -0.00024545145956980652	      0.00089054707148283896	      0.00948164727361405779	      0.00321885003238636669	      0.00181416647848947751	      0.00044048856667569525	      0.00120899352866776777	     -0.01081995341616249183
      1.44499999999995143440	      0.00630880796462360109	     -0.00852845257369372334	     -0.00218435389265092539	      0.00025918469963955373	      0.00036937662425839263	     -0.00011782820532119098	      0.00266723771337989968	      0.00213418634230547882	     -0.00023920720309045240	      0.00089263266500760885	      0.00940554170158991454	      0.00322696466896793543	      0.00177862463455437034	      0.00042419696413134589	      0.00121387974644665553	     -0.01091036360725302842
      1.44599999999995132427	      0.00631795704001245247	     -0.00854128518179664287	     -0.00218087915257969556	      0.00025997416220659500	      0.00036291450652541080	     -0.00011853389350233168	      0.00267795745468762947	      0.00210275361658920218	     -0.00023292753585477111	      0.00089449558226051273	      0.00933002943410843333	      0.00323416859972253112	      0.00174273373134370586	      0.00040793391270343982	      0.00121846576869771850	     -0.01099741172164035372
      1.44699999999995121414	      0.00632617193298479295	     -0.00855424452797826085	     -0.00217741290545103716	      0.00026069877729447549	      0.00035639588533342703	     -0.00011923037709106465	      0.00268787239689946555	      0.00207106153460792641	     -0.00022661640660803783	      0.00089613969133828242	      0.00925510716677857559	      0.00324047538668964519	      0.00170651163831735814	      0.00039170666016623279	      0.00122275797207715975	     -0.01108128208482341524
      1.44799999999995110400	      0.00633345104377170971	     -0.00856732824368755530	     -0.00217395806911246936	      0.00026135956928680266	      0.00034982352776152109	     -0.00011991831092772465	      0.00269699425060708486	      0.00203912614622244609	     -0.00022027741375908738	      0.00089756880301306019	      0.00918077261191405092	      0.00324589722139595471	      0.00166997726034580959	      0.00037552016297007218	      0.00122675880298611650	     -0.01116184154384688466
      1.44899999999995099387	      0.00633979318581001042	     -0.00858053361222466116	     -0.00217051678475499443	      0.00026195794548880373	      0.00034320016248826080	     -0.00012059856912934042	      0.00270533482305768125	      0.00200696356555078725	     -0.00021391387881565527	      0.00089878660166720081	      0.00910702406841609746	      0.00325044509543293003	      0.00163315036951716414	      0.00035937691993803700	      0.00123046656700515067	     -0.01123865448335678412
      1.44999999999995088373	      0.00634519745723219862	     -0.00859385745393625999	     -0.00216709113414403909	      0.00026249508205381487	      0.00033652878862192037	     -0.00012127142657043788	      0.00271290696009421350	      0.00197458936193399548	     -0.00020752969057258319	      0.00089979681422658331	      0.00903385789641469872	      0.00325413248699463198	      0.00159604969721238461	      0.00034328138581952994	      0.00123388394776907662	     -0.01131160659623168044
      1.45099999999995077360	      0.00634966324979295733	     -0.00860729605529464425	     -0.00216368336200800648	      0.00026297193192505522	      0.00032981263187825682	     -0.00012193659876916230	      0.00271972439113986331	      0.00194201859472310084	     -0.00020112923645876357	      0.00090060322277296656	      0.00896126872934227547	      0.00325697503203897787	      0.00155869302328732161	      0.00032723986861366017	      0.00123701837192702335	     -0.01138090181322260613
      1.45199999999995066347	      0.00635319032775373983	     -0.00862084528847328890	     -0.00216029541178186513	      0.00026338956164538921	      0.00032305494428100726	     -0.00012259371774617223	      0.00272580110898697214	      0.00190926623206433277	     -0.00019471689263414471	      0.00090120958697159637	      0.00888925104798016230	      0.00325898829575993476	      0.00152109833284328703	      0.00031125808946332045	      0.00123987791225604882	     -0.01144673005083546649
      1.45299999999995055333	      0.00635577886933640871	     -0.00863450079479888277	     -0.00215692831418556885	      0.00026374935683314525	      0.00031625889891924788	     -0.00012324263140761627	      0.00273115104311626167	      0.00187634742378656183	     -0.00018829674350577530	      0.00090161957048473518	      0.00881780026000292261	      0.00326018675511929867	      0.00148328439811928284	      0.00029533974971070187	      0.00124246607620653871	     -0.01150898362068144415
      1.45399999999995044320	      0.00635742945613270577	     -0.00864825794578616414	     -0.00215358234908080703	      0.00026405296910813301	      0.00030942758847390950	     -0.00012388337067062438	      0.00273578802411655886	      0.00184327748495767552	     -0.00018187261236561614	      0.00090183676630317677	      0.00874691273880609521	      0.00326058403154128040	      0.00144527059874090171	      0.00027948686454996874	      0.00124478161510632734	     -0.01156727734687139353
      1.45499999999995033306	      0.00635814297818727229	     -0.00866211168332342574	     -0.00215025796039514105	      0.00026430181990175911	      0.00030256422484478337	     -0.00012451553818829120	      0.00273972639312294874	      0.00181007152794238069	     -0.00017544865888280414	      0.00090186495783584064	      0.00867658401994841899	      0.00326019544889488699	      0.00140707562611329211	      0.00026370335376656173	      0.00124682812070575633	     -0.01162152892657863576
      1.45599999999995022293	      0.00635792063836198434	     -0.00867605645819469196	     -0.00214695599186032204	      0.00026449711296050102	      0.00029567210698666288	     -0.00012513836131100575	      0.00274298086539946639	      0.00177674448527988249	     -0.00016902931197769477	      0.00090170812544898560	      0.00860680897624521712	      0.00325903769094026963	      0.00136871766659514560	      0.00024799447365643490	      0.00124861439639872840	     -0.01167195182841656090
      1.45699999999995011279	      0.00635676400765903746	     -0.00869008638146340218	     -0.00214367709052054600	      0.00026464011193584602	      0.00028875448906050261	     -0.00012575108241555388	      0.00274556609992426814	      0.00174331139798056950	     -0.00016261888154749105	      0.00090137032422799024	      0.00853758299410331545	      0.00325712715536630171	      0.00133021534877497336	      0.00023236430594734958	      0.00125014977428955509	     -0.01171874114647982607
      1.45799999999995000266	      0.00635467504795044283	     -0.00870419543977440924	     -0.00214042098197064767	      0.00026473227996404169	      0.00028181452609218546	     -0.00012635316645365213	      0.00274749654190409309	      0.00170978761482240560	     -0.00015622136987329671	      0.00090085558735952809	      0.00846890261553431833	      0.00325447955648755505	      0.00129158778621077212	      0.00021681626668774989	      0.00125143834780544472	     -0.01176182149807937505
      1.45899999999994989253	      0.00635165610104548081	     -0.00871837746457437834	     -0.00213718664861106689	      0.00026477523424071371	      0.00027485528764239348	     -0.00012694427721388069	      0.00274878642231796144	      0.00167618874070681739	     -0.00014984049164330770	      0.00090016793148239849	      0.00840076539626405383	      0.00325111015053869412	      0.00125285432469160810	      0.00020135386227931873	      0.00125247880033069192	     -0.01180086844492089088
      1.45999999999994978239	      0.00634770982667422472	     -0.00873262592546808492	     -0.00213397339868137692	      0.00026477039414373772	      0.00026787990871300280	     -0.00012752385814863987	      0.00274945015849199781	      0.00164253028440280308	     -0.00014348007612526026	      0.00089931158979839054	      0.00833316840436934547	      0.00324703511538648737	      0.00121403407424147854	      0.00018598143616055385	      0.00125327510313510970	     -0.01183583212305043542
      1.46099999999994967226	      0.00634283920795412817	     -0.00874693387994474048	     -0.00213078110361730744	      0.00026471899516213038	      0.00026089157887628292	     -0.00012809119783507850	      0.00274950228723891410	      0.00160882760986257728	     -0.00013714400103205515	      0.00089829098231075655	      0.00826610822192339056	      0.00324227125667386762	      0.00117514607592400337	      0.00017070334651554664	      0.00125383689278280031	     -0.01186693056527386020
      1.46199999999994956212	      0.00633704758800727585	     -0.00876129415894488783	     -0.00212760948701573582	      0.00026462229284825861	      0.00025389346740534863	     -0.00012864573999583906	      0.00274895722843765400	      0.00157509611312672826	     -0.00013083590018751756	      0.00089711055385488514	      0.00819958170166981692	      0.00323683501969923570	      0.00113620980084923676	      0.00015552267243280904	      0.00125417419696305377	     -0.01189436524219176713
      1.46299999999994945199	      0.00633033868361457166	     -0.00877569960744284394	     -0.00212445730688304302	      0.00026448164747354570	      0.00024688870122884302	     -0.00012918723871101212	      0.00274782926418426499	      0.00154135136488409846	     -0.00012455901584165763	      0.00089577464782553129	      0.00813358625830579163	      0.00323074258108252410	      0.00109724470146997828	      0.00014044380010498625	      0.00125429113044550622	     -0.01191809229839483134
      1.46399999999994934186	      0.00632271658364220654	     -0.00879014305925995831	     -0.00212132254529295849	      0.00026429848783595875	      0.00023988038476668860	     -0.00012971577149083202	      0.00274613258441747110	      0.00150760900494070066	     -0.00011831618326350879	      0.00089428747817654752	      0.00806811960054618083	      0.00322401003926403584	      0.00105826992863283439	      0.00012547332109001663	      0.00125418575941632637	     -0.01193784086074765535
      1.46499999999994923172	      0.00631418572064810710	     -0.00880461708927338105	     -0.00211820360282710674	      0.00026407408083199344	      0.00023287171541348101	     -0.00013023150789462368	      0.00274388155509266984	      0.00147388433226802035	     -0.00011211006777671340	      0.00089265330895527129	      0.00800317850893728089	      0.00321665379386520955	      0.00101930469291961964	      0.00011061707675658061	      0.00125386188895104667	     -0.01195358618475881110
      1.46599999999994912159	      0.00630475088087066073	     -0.00881911397042611789	     -0.00211509953517996507	      0.00026380954013001390	      0.00022586597913387685	     -0.00013073476576908050	      0.00274109070698530521	      0.00144019221478360049	     -0.00010594311240491594	      0.00089087640964624626	      0.00793875875987554158	      0.00320869035592857843	      0.00098036834834187153	      0.00009587938728308765	      0.00125332942809636139	     -0.01196554789127544580
      1.46699999999994901145	      0.00629441722579383856	     -0.00883362587918734565	     -0.00211200924246468524	      0.00026350596884709004	      0.00021886648567324626	     -0.00013122615212769750	      0.00273777456832313693	      0.00140654731264602817	     -0.00009981739687782432	      0.00088896094966028905	      0.00787485580577515498	      0.00320013597588969523	      0.00094148041064763370	      0.00008126368579308707	      0.00125259853351289419	     -0.01197393686090113610
      1.46799999999994890132	      0.00628319030243901927	     -0.00884814513439546868	     -0.00210893057585015420	      0.00026316452979288640	      0.00021187652265733034	     -0.00013170657814168263	      0.00273394759909112439	      0.00137296432882529768	     -0.00009373460049325044	      0.00088691094517390212	      0.00781146524003872855	      0.00319100697531610189	      0.00090265987694669245	      0.00006677631765548975	      0.00125167289451000308	     -0.01197873333079218366
      1.46899999999994879119	      0.00627107604878766878	     -0.00886266415598901958	     -0.00210586053619765678	      0.00026278643603282713	      0.00020489933736843671	     -0.00013217718621189034	      0.00272962414380897855	      0.00133945800300452195	     -0.00008769605903483080	      0.00088473030448965595	      0.00774858284894991423	      0.00318131984842551230	      0.00086392503951680105	      0.00005242707496777577	      0.00125054968518162335	     -0.01197969880993500491
      1.46999999999994868105	      0.00625808078003042053	     -0.00887717517051433980	     -0.00210279656715584018	      0.00026237281165073650	      0.00019793819772386326	     -0.00013263911844935139	      0.00272481851066119773	      0.00130604278187160944	     -0.00008170301331836272	      0.00088242306938735027	      0.00768620393803279289	      0.00317109097677231722	      0.00082529452271170277	      0.00003822299646301375	      0.00124923232983198407	     -0.01197682309892241642
      1.47099999999994857092	      0.00624421119742559535	     -0.00889167016275071997	     -0.00209973679354114040	      0.00026192469786528311	      0.00019099636878092824	     -0.00013309348220776063	      0.00271954493392209673	      0.00127273279274035117	     -0.00007575663785963638	      0.00087999342404976311	      0.00762432341635405075	      0.00316033655257202950	      0.00078678729607983486	      0.00002416785227568607	      0.00124773083738261015	     -0.01197032959653557618
      1.47199999999994846078	      0.00622947440414412315	     -0.00890614110232501588	     -0.00209667913970124076	      0.00026144314070658189	      0.00018407706275182234	     -0.00013354141771053374	      0.00271381750504678942	      0.00123954204849353877	     -0.00006985795924145666	      0.00087744558517122151	      0.00756293628094906190	      0.00314907267281427927	      0.00074842224683349320	      0.00001026481646922150	      0.00124605538764255286	     -0.01196044334975344611
      1.47299999999994835065	      0.00621387792197041367	     -0.00892058018542751796	     -0.00209362039627136731	      0.00026092925465830315	      0.00017718339811278322	     -0.00013398413738391346	      0.00270765014671414672	      0.00120648462860311473	     -0.00006400779926225841	      0.00087478369360560748	      0.00750203800525361952	      0.00313731568058045474	      0.00071021742180914921	     -0.00000347959159474609	      0.00124420933348234897	     -0.01194715927908263087
      1.47399999999994824051	      0.00619742970011298230	     -0.00893497978848789565	     -0.00209055644523448159	      0.00026038421931057730	      0.00017031838402437396	     -0.00013442289101886495	      0.00270105659378877538	      0.00117357461251121203	     -0.00005820680651920374	      0.00087201181506868508	      0.00744162455349611784	      0.00312508217217760675	      0.00067218990074232633	     -0.00001705541424058821	      0.00124218922689900424	     -0.01193024717423512432
      1.47499999999994813038	      0.00618013809518921063	     -0.00894933215634297063	     -0.00208748364061284164	      0.00025980915865611576	      0.00016348498459423447	     -0.00013485878302153809	      0.00269405047601303793	      0.00114082571028814583	     -0.00005245567589563793	      0.00086913415477307687	      0.00738169170779001682	      0.00311238847982503453	      0.00063435709328370574	     -0.00003045666825592097	      0.00123999827269249963	     -0.01190970290154266809
      1.47599999999994802025	      0.00616201187299467937	     -0.00896362935657579740	     -0.00208439906232049665	      0.00025920512888632022	      0.00015668610527852858	     -0.00013529273533546826	      0.00268664533508664038	      0.00110825120326624865	     -0.00004675518546876090	      0.00086615503832931928	      0.00732223504575926776	      0.00309925069809352527	      0.00059673665109145901	     -0.00004368132772309546	      0.00123764657429814573	     -0.01188575963545467767
      1.47699999999994791011	      0.00614306022528925480	     -0.00897786352054574799	     -0.00208129959150671340	      0.00025857317266200601	      0.00014992455215511249	     -0.00013572552996578280	      0.00267885462918646122	      0.00107586410302065727	     -0.00004110613821860232	      0.00086307877177538295	      0.00726325028016439056	      0.00308568501456030209	      0.00055934577269229485	     -0.00005672739365869539	      0.00123514425367382552	     -0.01185866031090374723
      1.47799999999994779998	      0.00612329279533738949	     -0.00899202707997159845	     -0.00207818096478895598	      0.00025791439340074052	      0.00014320299117032489	     -0.00013615788112586458	      0.00267069171488762414	      0.00104367724253898869	     -0.00003550929650182610	      0.00085990947148961716	      0.00720473368033358597	      0.00307170788275501483	      0.00052220054601217689	     -0.00006959002424173494	      0.00123249437289513208	     -0.01182840620502716156
      1.47899999999994768984	      0.00610271967867484326	     -0.00900611271351992038	     -0.00207503803035802292	      0.00025722995199436646	      0.00013652393842444530	     -0.00013659041331155752	      0.00266216984500150522	      0.00101170317216991990	     -0.00002996541828396981	      0.00085665102825283057	      0.00714668207567464853	      0.00305733594629958860	      0.00048531589810514933	     -0.00008226191642829450	      0.00122969304276676628	     -0.01179475738489343256
      1.47999999999994757971	      0.00608135137327305529	     -0.00902011303208583026	     -0.00207186618619537022	      0.00025652091928323600	      0.00012988983883869404	     -0.00013702344700952662	      0.00265330229148863506	      0.00097995383863544450	     -0.00002447550480015603	      0.00085330733579880302	      0.00708909205752364380	      0.00304258565411813509	      0.00044870685074809361	     -0.00009473963541190011	      0.00122674320176124896	     -0.01175771128207498545
      1.48099999999994746958	      0.00605919876494760007	     -0.00903402053328972166	     -0.00206866164819619058	      0.00025578824706400279	      0.00012330306401041671	     -0.00013745694448767665	      0.00264410239589971119	      0.00094844051825474646	     -0.00001904086672901983	      0.00084988225309556853	      0.00703195989897981155	      0.00302747335479741642	      0.00041238841623550751	     -0.00010702328152792373	      0.00122365475034513782	     -0.01171751680677404761
      1.48199999999994735944	      0.00603627315128504437	     -0.00904782784638258342	     -0.00206542050591274062	      0.00025503282003844045	      0.00011676587316382728	     -0.00013789056320979987	      0.00263458358426946204	      0.00091717393484000431	     -0.00001366306432122599	      0.00084637944511678498	      0.00697528188343382594	      0.00301201563117331483	      0.00037637487918353030	     -0.00011911274033567926	      0.00122043737911275985	     -0.01167443599545640170
      1.48299999999994724931	      0.00601258628848876618	     -0.00906152795712200643	     -0.00206213778739083864	      0.00025425557146892264	      0.00011028035900419175	     -0.00013832381979490826	      0.00262475926422750527	      0.00088616435298981971	     -0.00000834374293769147	      0.00084280221421706436	      0.00691905482892585244	      0.00299622917509256848	      0.00034067928737709086	     -0.00013100608038529860	      0.00121709366937977626	     -0.01162847180249794443
      1.48399999999994713917	      0.00598815038793266106	     -0.00907511414592387933	     -0.00205880773668587480	      0.00025345750386450774	      0.00010384843947451247	     -0.00013875614011375770	      0.00261464273679160031	      0.00085542157621274623	     -0.00000308456954818681	      0.00083915351841667984	      0.00686327609884043732	      0.00298013060823565379	      0.00030531349006054226	     -0.00014270004847451168	      0.00121361933886993123	     -0.01157936742391551393
      1.48499999999994702904	      0.00596297803172750329	     -0.00908857968090337476	     -0.00205542525661273068	      0.00025263951892930299	      0.00009747195960695468	     -0.00013918664723890084	      0.00260424728248814796	      0.00082495483139430337	      0.00000211257516762042	      0.00083543632808957824	      0.00680794261243161669	      0.00296373642138009208	      0.00027028929062190149	     -0.00015419415860948998	      0.00121001698935657709	     -0.01152712130596593443
      1.48599999999994691890	      0.00593708214931696395	     -0.00910191776950775022	     -0.00205198617546265005	      0.00025180240538119278	      0.00009115269874619344	     -0.00013961416951145666	      0.00259358613512353231	      0.00079477280512000453	      0.00000724561531832701	      0.00083165365561366222	      0.00675305075372525931	      0.00294706305294550885	      0.00023561842427951077	     -0.00016549031853544532	      0.00120629617831641278	     -0.01147200096928609192
      1.48699999999994680877	      0.00591047605945644022	     -0.00911512179773188436	     -0.00204848630510956475	      0.00025094692315594767	      0.00008489232634540170	     -0.00014003737462174592	      0.00258267242593684943	      0.00076488375760860872	      0.00001231242129258459	      0.00082780841539675798	      0.00669859678743037201	      0.00293012703819678366	      0.00020131194945820913	     -0.00017659018758533346	      0.00120246619395281140	     -0.01141428572894504639
      1.48799999999994669864	      0.00588317353829443529	     -0.00912818554303507224	     -0.00204492054229121756	      0.00025007394518541774	      0.00007869232622861183	     -0.00014045498795903222	      0.00257151904459343439	      0.00073529558443400506	      0.00001731102503198245	      0.00082390322438463670	      0.00664457751602762214	      0.00291294459776053616	      0.00016737978651382851	     -0.00018749429871228740	      0.00119852949554805077	     -0.01135397879655437176
      1.48899999999994658850	      0.00585518880106360683	     -0.00914110311007476639	     -0.00204128315596041610	      0.00024918447076995899	      0.00007255399605415880	     -0.00014086584239923761	      0.00256013856295408959	      0.00070601582095821541	      0.00002223967046834086	      0.00081994041314592536	      0.00659099030925422436	      0.00289553144521709216	      0.00013383076511422690	     -0.00019820238691714565	      0.00119448203309807655	     -0.01129080831991985390
      1.48999999999994647837	      0.00582653636587209412	     -0.00915386864451839255	     -0.00203756917807029758	      0.00024827939831273405	      0.00006647859907726178	     -0.00014126859361539290	      0.00254854339559396070	      0.00067705158639553426	      0.00002709653622197383	      0.00081592245568451460	      0.00653783191382367734	      0.00287790322278413946	      0.00010067367620475789	     -0.00020871570823400437	      0.00119032652167033737	     -0.01122477509244895755
      1.49099999999994636823	      0.00579723101467995161	     -0.00916647628544420279	     -0.00203377465665277590	      0.00024735950680603198	      0.00006046738808099597	     -0.00014166173549516603	      0.00253674578789775396	      0.00064840960026015665	      0.00003187973472085215	      0.00081185199974220801	      0.00648509838873836952	      0.00286007559617490470	      0.00006791730035229232	     -0.00021903689034184076	      0.00118607240698792582	     -0.01115616403128120993
      1.49199999999994625810	      0.00576728785194180731	     -0.00917892039475187715	     -0.00202989574410383788	      0.00024642556002659778	      0.00005452155307205872	     -0.00014204378522902905	      0.00252475774919946883	      0.00062009620776075358	      0.00003658747520976502	      0.00080773169014447532	      0.00643278566645061334	      0.00284206417221122276	      0.00003556986345330110	     -0.00022916846695485160	      0.00118172876226668722	     -0.01108526760807009709
      1.49299999999994614797	      0.00573672239635307502	     -0.00919119575691862423	     -0.00202592785377797568	      0.00024547846647114159	      0.00004864211991992967	     -0.00014241355379308873	      0.00251259090059646750	      0.00059211740300874754	      0.00004121833108154671	      0.00080356393905867129	      0.00638089035108030389	      0.00282388383685205913	      0.00000363850626202561	     -0.00023911192867138997	      0.00117729820953932363	     -0.01101208969493322476
      1.49399999999994603783	      0.00570555055297499759	     -0.00920329751497772630	     -0.00202186593747044618	      0.00024451928669324587	      0.00004282996014692841	     -0.00014277021452721583	      0.00250025641302434321	      0.00056447882465656546	      0.00004577129397638491	      0.00079935094617256119	      0.00632940978290499889	      0.00280554857840997762	     -0.00002787069883955495	     -0.00024886773084546038	      0.00117277729751946724	     -0.01093634968284513953
      1.49499999999994592770	      0.00567378842906865292	     -0.00921522091124116205	     -0.00201770576909776622	      0.00024354895681033550	      0.00003708601018917110	     -0.00014311297428135084	      0.00248776523941351968	      0.00053718568537863137	      0.00005024540790958543	      0.00079509521352916224	      0.00627834068435928483	      0.00278707243450543318	     -0.00005895169619212631	     -0.00025843707600171212	      0.00116816897244970130	     -0.01085805173802870810
      1.49599999999994581756	      0.00564145228740764101	     -0.00922696124135025109	     -0.00201344416968241013	      0.00024256826860244267	      0.00003141131208644551	     -0.00014344112043325474	      0.00247512811133945854	      0.00051024274834873123	      0.00005463977053171698	      0.00079079958894134883	      0.00622767915104149861	      0.00276846959499332801	     -0.00008959839942368833	     -0.00026782203686828016	      0.00116348245359593205	     -0.01077749350476291113
      1.49699999999994570743	      0.00560855862752347376	     -0.00923851406907827410	     -0.00200907814823869657	      0.00024157799646492423	      0.00002580694529948080	     -0.00014375427608022406	      0.00246235545263942535	      0.00048365427953384055	      0.00005895374962951172	      0.00078646706418861179	      0.00617742138087135073	      0.00274975406587479876	     -0.00011980525638123629	     -0.00027702467228531147	      0.00115872644666809022	     -0.01069497546002035060
      1.49799999999994559730	      0.00557512430322629465	     -0.00924987540723376522	     -0.00200460413073688670	      0.00024057907459327718	      0.00002027388689937112	     -0.00014405269464722037	      0.00244945721692962914	      0.00045742406904991650	      0.00006318730193380362	      0.00078210051157601157	      0.00612756456909910319	      0.00273093878469143903	     -0.00014956789835912643	     -0.00028604542984472098	      0.00115390365941203665	     -0.01061050242493557366
      1.49899999999994548716	      0.00554116649118619777	     -0.00926104164426655441	     -0.00200001821817252790	      0.00023957260312845556	      0.00001481299525911070	     -0.00014433722244597269	      0.00243644284942848288	      0.00043155549053091463	      0.00006734096770556752	      0.00077770265879784084	      0.00607810685231044423	      0.00271203548437193298	     -0.00017888310308598193	     -0.00029488299255677614	      0.00114901124230754048	     -0.01052379054530782482
      1.49999999999994537703	      0.00550670246578600399	     -0.00927200930095317677	     -0.00199531733077296103	      0.00023855953532896622	      0.00000942525882309184	     -0.00014460876998517030	      0.00242332159435734718	      0.00040605146742064141	      0.00007141531731283401	      0.00077327660733028658	      0.00602904561391748306	      0.00269305614245074487	     -0.00020774757173625674	     -0.00030353695744344406	      0.00114405223687141788	     -0.01043484659657638314
      1.50099999999994526689	      0.00547174955187954091	     -0.00928277497227125714	     -0.00199049940433404515	      0.00023754066112719949	      0.00000411180070158945	     -0.00014486821973658942	      0.00241010251000611797	      0.00038091452570280376	      0.00007541087148824066	      0.00076882581141912709	      0.00598037732664449817	      0.00267401311137394071	     -0.00023615781934566843	     -0.00031200821016069691	      0.00113903540645171608	     -0.01034397443688549884
      1.50199999999994515676	      0.00543632523205509876	     -0.00929333551027233806	     -0.00198556260988613786	      0.00023651675706940108	     -0.00000112626369248164	     -0.00014511657419907092	      0.00239679437728235190	      0.00035614682467531578	      0.00007932829364989957	      0.00076435377488848211	      0.00593209823841767125	      0.00265491856152841321	     -0.00026411075992423261	     -0.00032029791292873672	      0.00113396894866540920	     -0.01025147670742281719
      1.50299999999994504662	      0.00540044728604306516	     -0.00930368817587867714	     -0.00198050467164923027	      0.00023548877906997591	     -0.00000628802840927853	     -0.00014535517430477179	      0.00238340554247362668	      0.00033175023952465577	      0.00008316869836227925	      0.00075986370654135271	      0.00588420525462515775	      0.00263578340649889276	     -0.00029160439429875770	     -0.00032840550180852218	      0.00112885570005288871	     -0.01015735744379855920
      1.50399999999994493649	      0.00536413375695021268	     -0.00931383056535506348	     -0.00197532309802395112	      0.00023445786398879412	     -0.00001137281237421905	     -0.00014558565947751095	      0.00236994389384809212	      0.00030772641383323279	      0.00008693363458202319	      0.00075535849084817919	      0.00583669591685850864	      0.00261661720220540683	     -0.00031863777721330075	     -0.00033632851956091198	      0.00112369359729952434	     -0.01006133118959092604
      1.50499999999994482636	      0.00532740269182777147	     -0.00932376040039994969	     -0.00197001616480019237	      0.00023342497957560063	     -0.00001637983877829374	     -0.00014580942562783528	      0.00235641721278409544	      0.00028407664848468378	      0.00009062444254813451	      0.00075084128247882020	      0.00578956664442853430	      0.00259743005281087846	     -0.00034520970786695859	     -0.00034406626348836011	      0.00111848586935087146	     -0.00996340450217390178
      1.50599999999994471622	      0.00529027209596482501	     -0.00933347547349039353	     -0.00196458308150138095	      0.00023239090466028144	     -0.00002130822641281671	     -0.00014602757303880387	      0.00234283318753869541	      0.00026080194063476253	      0.00009424219108190857	      0.00074631549381609652	      0.00574281269216560253	      0.00257823274568688698	     -0.00037131865786126095	     -0.00035161996837399651	      0.00111324079774516305	     -0.00986388031919385039
      1.50699999999994460609	      0.00525276006368393094	     -0.00934297381137116911	     -0.00195902330275199432	      0.00023135639211150846	     -0.00002615716669086832	     -0.00014624111949010365	      0.00232919930701991351	      0.00023790301350341131	      0.00009778793837009192	      0.00074178446230765971	      0.00569642904563189001	      0.00255903596999612626	     -0.00039696347069782464	     -0.00035899105796770997	      0.00110796600736895456	     -0.00976305633640224546
      1.50799999999994449595	      0.00521488492839882606	     -0.00935225380937854123	     -0.00195333593887525581	      0.00023032236422365279	     -0.00003092613865033483	     -0.00014645126920448392	      0.00231552271424179112	      0.00021538035487833618	      0.00010126306601764001	      0.00073725107716615668	      0.00565041147716556502	      0.00253984909449095353	     -0.00042214406885840439	     -0.00036617936472667367	      0.00110266435773193061	     -0.00966093344052007530
      1.50899999999994438582	      0.00517666522374816106	     -0.00936131416379559766	     -0.00194751996001829575	      0.00022928990283604435	     -0.00003561491365548092	     -0.00014665940040965719	      0.00230181019556169320	      0.00019323425342929190	      0.00010466925402841110	      0.00073271774909122733	      0.00560475664117937589	      0.00252068011328435149	     -0.00044686140357844822	     -0.00037318315388907425	      0.00109733438192788357	     -0.00955722703560184933
      1.50999999999994427569	      0.00513811940089343826	     -0.00937015369796800890	     -0.00194157502098013524	      0.00022825986477328745	     -0.00004022318837055075	     -0.00014686651129414141	      0.00228806854824886718	      0.00017146468950705179	      0.00010800777553268692	      0.00072818706307087311	      0.00555946032418604130	      0.00250153794416446695	     -0.00047111611946639917	     -0.00038000276790488979	      0.00109197909368646817	     -0.00945194250698459804
      1.51099999999994416555	      0.00509926578322015926	     -0.00937877131322029101	     -0.00193550160396882553	      0.00022723285433708801	     -0.00004475057809496738	     -0.00014707319848474010	      0.00227430459218369574	      0.00015007139452016816	      0.00011127944229169517	      0.00072366175737381688	      0.00551451755507825769	      0.00248243256514732447	     -0.00049490849028167513	     -0.00038664055259124419	      0.00108660568562957138	     -0.00934537708337588452
      1.51199999999994405542	      0.00506012271200782272	     -0.00938716613305345948	     -0.00192930043048411548	      0.00022620939139331338	     -0.00004919682463464664	     -0.00014727992130191686	      0.00226052506392121488	      0.00012905388784407307	      0.00011448490578323811	      0.00071914434658082449	      0.00546992372817381445	      0.00246337404407326321	     -0.00051823916333371134	     -0.00039309879253290880	      0.00108122047370551311	     -0.00923781860152490808
      1.51299999999994394528	      0.00502070869523409818	     -0.00939533762252331428	     -0.00192297196701241013	      0.00022519009793705962	     -0.00005356201433918614	     -0.00014748730142376265	      0.00224673649861129032	      0.00010841147228715653	      0.00011762497892210677	      0.00071463671265781237	      0.00542567582691390327	      0.00244437124711785470	     -0.00054110982663295448	     -0.00039937864740768880	      0.00107582545943801788	     -0.00912926577222032687
      1.51399999999994383515	      0.00498104236115136639	     -0.00940328552675506746	     -0.00191651660388503231	      0.00022417568271471816	     -0.00005784656890250525	     -0.00014769612539470428	      0.00223294521904404686	      0.00008814327547464196	      0.00012070061157207213	      0.00071014008025271913	      0.00538177253700033997	      0.00242543181225624016	     -0.00056352312144780300	     -0.00040548034231453756	      0.00107041874850549723	     -0.00901944185171103113
      1.51499999999994372502	      0.00494114216621087919	     -0.00941100972269370839	     -0.00190993532596683835	      0.00022316656859222052	     -0.00006205083991456598	     -0.00014790678026081749	      0.00221915764424146511	      0.00006824818917079006	      0.00012371223237994666	      0.00070565577125702994	      0.00533821215343925626	      0.00240656462001884175	     -0.00058548134524434581	     -0.00041140576111452914	      0.00106500204608006577	     -0.00890835314463224448
      1.51599999999994361488	      0.00490102634783658349	     -0.00941851016424732901	     -0.00190322982932356055	      0.00022216290291615474	     -0.00006617507687843582	     -0.00014811924740747162	      0.00220538023912980607	      0.00004872491762433762	      0.00012665977855819133	      0.00070118524641293867	      0.00529499231206494170	      0.00238777978804549651	     -0.00060698638018898479	     -0.00041715828185657361	      0.00105958044633397419	     -0.00879628829450292832
      1.51699999999994350475	      0.00486071307211474908	     -0.00942578699519680541	     -0.00189640202777074940	      0.00022116477139087591	     -0.00007021962364194001	     -0.00014833339527964978	      0.00219161936113104749	      0.00002957196055336508	      0.00012954308832296979	      0.00069672976322165958	      0.00525211077346797450	      0.00236908742257146976	     -0.00062804042913651090	     -0.00042274113760154552	      0.00105415820722642994	     -0.00868352280642233770
      1.51799999999994339461	      0.00482022057284622017	     -0.00943284064271932010	     -0.00188945364505266333	      0.00022017241640280398	     -0.00007418510784729451	     -0.00014854928623595637	      0.00217788111440381238	      0.00001078754411428656	      0.00013236227934861067	      0.00069229002027881847	      0.00520956625177995680	      0.00235049617701338365	     -0.00064864665278552627	     -0.00042815690492106762	      0.00104873608752087399	     -0.00857005590911775333
      1.51899999999994328448	      0.00477956709967159755	     -0.00943967175683380066	     -0.00188238636425186456	      0.00021918624360480615	     -0.00007807240712149471	     -0.00014876718361347963	      0.00216417129865770219	     -0.00000763033472474944	      0.00013511777114194601	      0.00068786618590266357	      0.00516735825490566292	      0.00233201316929215752	     -0.00066880905676959188	     -0.00043340766406599340	      0.00104331181309830212	     -0.00845562592499199406
      1.51999999999994317434	      0.00473877063389990111	     -0.00944628109410761141	     -0.00187520235238403110	      0.00021820644852685485	     -0.00008188224109538858	     -0.00014898699320620851	      0.00215049567202646452	     -0.00002568387516423132	      0.00013780964686575803	      0.00068345869558683603	      0.00512548503245437159	      0.00231364658656554867	     -0.00068853123591606363	     -0.00043849641651261262	      0.00103788623045469874	     -0.00834024141031064481
      1.52099999999994306421	      0.00469784884275108085	     -0.00945266947271583557	     -0.00186790435349148964	      0.00021723301828854152	     -0.00008561514143067689	     -0.00014920827223250527	      0.00213685989963052769	     -0.00004337539517234451	      0.00014043766348677267	      0.00067906828223729399	      0.00508394349056025263	      0.00229540568670405509	     -0.00070781627193612640	     -0.00044342703009444401	      0.00103246308801491216	     -0.00822417933889330738
      1.52199999999994295408	      0.00465681922129881735	     -0.00945883787098833473	     -0.00186049528662479702	      0.00021626593822068711	     -0.00008927165276832738	     -0.00014943054079959162	      0.00212326942051693779	     -0.00006070736111157826	      0.00014300161266517231	      0.00067469560550725838	      0.00504273017548936831	      0.00227729948036728413	     -0.00072666741610930355	     -0.00044820333849246441	      0.00102704552776811120	     -0.00810770227422304840
      1.52299999999994284394	      0.00461569922271407723	     -0.00946478751132240337	     -0.00185297791954197599	      0.00021530539490685618	     -0.00009285252739236333	     -0.00014965359243451770	      0.00210972932740738361	     -0.00007768243085053833	      0.00014550166667019748	      0.00067034088717266016	      0.00500184226477641547	      0.00225933530977742714	     -0.00074508868123040681	     -0.00045282859926679825	      0.00102163398832799679	     -0.00799081213384536526
      1.52399999999994273381	      0.00457450620988111671	     -0.00947051981171886936	     -0.00184535498819515809	      0.00021435177316816295	     -0.00009635869628116592	     -0.00014987750774778791	      0.00209624431487243079	     -0.00009430336590551813	      0.00014793837581168756	      0.00066600394261273621	      0.00496127758651547512	      0.00224151880586731522	     -0.00076308470609806264	     -0.00045730546720827714	      0.00101622661517097868	     -0.00787326553746069135
      1.52499999999994262367	      0.00453325719319753150	     -0.00947603629954063553	     -0.00183762958251199038	      0.00021340528477369579	     -0.00009979086971464990	     -0.00015010211200754131	      0.00208281889993394698	     -0.00011057295411837087	      0.00015031201873362543	      0.00066168500228824811	      0.00492103277859258503	      0.00222385656688844913	     -0.00078065956281953355	     -0.00046163701664402729	      0.00101082420411863216	     -0.00775507314406843201
      1.52599999999994251354	      0.00449196879144532144	     -0.00948133857598332241	     -0.00182980521270303953	      0.00021246596407283221	     -0.00010314950925431957	     -0.00015032699136613425	      0.00206945736596375607	     -0.00012649392558811146	      0.00015262257506756804	      0.00065738474938048519	      0.00488110338672222144	      0.00220635617717940269	     -0.00079781665432484411	     -0.00046582690660718074	      0.00100543001989228387	     -0.00763649936366840587
      1.52699999999994240341	      0.00445065736467545933	     -0.00948642840331370696	     -0.00182188548608719358	      0.00021153386537663306	     -0.00010643502846625907	     -0.00015055180733131168	      0.00205616364580218924	     -0.00014206898000497514	      0.00015487003717411241	      0.00065310394828488327	      0.00484148502235277889	      0.00218902487361916087	     -0.00081455934985200790	     -0.00046987895845843758	      0.00100004698087940991	     -0.00751779740678704123
      1.52799999999994229327	      0.00440933914142017415	     -0.00949130777955942140	     -0.00181387385239317744	      0.00021060925974404274	     -0.00010964800670662869	     -0.00015077661162120337	      0.00204294120741693730	     -0.00015730075494203855	      0.00015705474092585214	      0.00064884308023360759	      0.00480217454670392452	      0.00217186810400291086	     -0.00083089151901656264	     -0.00047379599842281572	      0.00099467603924324743	     -0.00739897242651260667
      1.52899999999994218314	      0.00436803018271082841	     -0.00949597889918007976	     -0.00180577369333101423	      0.00020969262947854311	     -0.00011278917291898671	     -0.00015100186536025351	      0.00202979299018252179	     -0.00017219170775002041	      0.00015917733603233730	      0.00064460238696528727	      0.00476317028255811292	      0.00215488949218178849	     -0.00084681739568738534	     -0.00047757963252968022	      0.00098931654621492449	     -0.00727979407721755095
      1.52999999999994207300	      0.00432674614558291142	     -0.00950044408983774513	     -0.00179758858282563772	      0.00020878429984051358	     -0.00011585900108728245	     -0.00015122789561475281	      0.00201672160599081218	     -0.00018674411626309201	      0.00016123809996103355	      0.00064038270655464302	      0.00472447024060047849	      0.00213809359499800289	     -0.00086234050837625739	     -0.00048123201103018182	      0.00098397017767209993	     -0.00716027207298955415
      1.53099999999994196287	      0.00428550225312286561	     -0.00950470578295226076	     -0.00178932233494655257	      0.00020788442674672669	     -0.00011885768001808697	     -0.00015145487402103835	      0.00200372934925224788	     -0.00020096007202808491	      0.00016323693348961610	      0.00063618545284427341	      0.00468607194087872214	      0.00212148598230676999	     -0.00087746363245216896	     -0.00048475614216868246	      0.00097864072730641238	     -0.00704066014764030690
      1.53199999999994185274	      0.00424431341825150243	     -0.00950876659168864435	     -0.00178097875685900853	      0.00020699318263300501	     -0.00012178531282169489	     -0.00015168307940717496	      0.00199081818481161577	     -0.00021484154960592361	      0.00016517372341817715	      0.00063201215377950426	      0.00464797316476310562	      0.00210507194500125783	     -0.00089218939994966523	     -0.00048815528492498345	      0.00097333178866704229	     -0.00692120796202413263
      1.53299999999994174260	      0.00420319437368844948	     -0.00951262937589536506	     -0.00177256146707427398	      0.00020611095468872631	     -0.00012464215797113390	     -0.00015191317919949210	      0.00197798972199036971	     -0.00022839034422722504	      0.00016704877821790975	      0.00062786397028147256	      0.00461017280040136590	      0.00208885499897767946	     -0.00090652072504354003	     -0.00049143116947841098	      0.00096804537485095654	     -0.00680192023129758822
      1.53399999999994163247	      0.00416215965055229554	     -0.00951629720657531930	     -0.00176407397076339123	      0.00020523833657376880	     -0.00012742862332762450	     -0.00015214620821830949	      0.00196524522859847783	     -0.00024160802058056235	      0.00016886286322108368	      0.00062374164951495281	      0.00457267068221814399	      0.00207283687611847789	     -0.00092046068771279091	     -0.00049458375924871234	      0.00096278211854822215	     -0.00668256413806220251
      1.53499999999994152233	      0.00412122335686510629	     -0.00951977331741260535	     -0.00175551981853039329	      0.00020437574886849989	     -0.00013014482899192936	     -0.00015238297822831037	      0.00195258587360647162	     -0.00025449612727510007	      0.00017061647449601036	      0.00061964634939837282	      0.00453546548395167282	      0.00205702046924141624	     -0.00093401170718905926	     -0.00049761422196215738	      0.00095754434744338424	     -0.00656314152197542272
      1.53599999999994141220	      0.00408039915818076034	     -0.00952306107543521296	     -0.00174690264286070374	      0.00020352342146526779	     -0.00013279058410030353	     -0.00015262404539671121	      0.00194001273586363876	     -0.00026705621489722664	      0.00017230981046857663	      0.00061557962809799527	      0.00449855457249646873	      0.00204140993813056726	     -0.00094717556306268130	     -0.00050052510665312550	      0.00095233592716487125	     -0.00644389776903563083
      1.53699999999994130206	      0.00403970040047715515	     -0.00952616404973416486	     -0.00173822597513373367	      0.00020268157843199124	     -0.00013536560991958893	     -0.00015286997923637247	      0.00192752678084195939	     -0.00027928980659117780	      0.00017394312929117084	      0.00061154299356869224	      0.00446193494889779441	      0.00202600936339425441	     -0.00095995392651966258	     -0.00050331897537606030	      0.00094716044056131210	     -0.00632508100612923924
      1.53799999999994119193	      0.00399914024744908898	     -0.00952908606708458006	     -0.00172949312416803558	      0.00020185064751177158	     -0.00013786982076202312	     -0.00015312167257890141	      0.00191512881322641881	     -0.00029119821112359723	      0.00017551721050737545	      0.00060753739689034525	      0.00442560435991908030	      0.00201082110045697204	     -0.00097234857650705872	     -0.00050599674259881738	      0.00094202002785065408	     -0.00620668676524297608
      1.53899999999994108180	      0.00395873167149578611	     -0.00953183117435807414	     -0.00172070724262174402	      0.00020103125138104354	     -0.00014030333400180325	     -0.00015338033127168527	      0.00190281946024778437	     -0.00030278246064907588	      0.00017703336295547822	      0.00060356320441190547	      0.00438956132297703416	      0.00199584574614755650	     -0.00098436128272479106	     -0.00050855767768413773	      0.00093691552816121959	     -0.00608846104497784424
      1.53999999999994097166	      0.00391848723342739635	     -0.00953440359536128490	     -0.00171187140459250209	      0.00020022380575303832	     -0.00014266599054964246	     -0.00015364685736014849	      0.00189059937274821399	     -0.00031404368585808556	      0.00017849256294324989	      0.00059962113637901382	      0.00435380304065209611	      0.00198108531977250757	     -0.00099599333290524561	     -0.00051100268822580619	      0.00093184903811865949	     -0.00597039099874741019
      1.54099999999994086153	      0.00387841907017660251	     -0.00953680769569464903	     -0.00170298864337858902	      0.00019942849785201285	     -0.00014495734478327943	     -0.00015392182373284019	      0.00187846919811540669	     -0.00032498311114350503	      0.00017989540012632033	      0.00059571229075472409	      0.00431832540898711287	      0.00196654335873067132	     -0.00100724559306556230	     -0.00051333417318104313	      0.00092682380852682211	     -0.00585271642186799279
      1.54199999999994075139	      0.00383853902159396725	     -0.00953904804187177824	     -0.00169406183095066609	      0.00019864547753252644	     -0.00014717692519086376	     -0.00015420576868711844	      0.00186642953230931052	     -0.00033560188502482907	      0.00018124246626009810	      0.00059183768454840191	      0.00428312418437291897	      0.00195222344733164688	     -0.00101811887101292339	     -0.00051555412438158976	      0.00092184276109996688	     -0.00573568248312854301
      1.54299999999994064126	      0.00379885877081562835	     -0.00954112945004370605	     -0.00168509361247837219	      0.00019787507448591930	     -0.00014932454661534950	     -0.00015449953785595660	      0.00185448085190564882	     -0.00034590078324294588	      0.00018253483760807820	      0.00058799771797457545	      0.00424819633860408497	      0.00193812744086732658	     -0.00102861388199276468	     -0.00051766345286537868	      0.00091690743303896038	     -0.00561926908550795801
      1.54399999999994053113	      0.00375938983850975786	     -0.00954305694267543192	     -0.00167608647571393377	      0.00019711778483375887	     -0.00015140032974856818	     -0.00015480428493249571	      0.00184262346262514809	     -0.00035588012547579234	      0.00018377405707618866	      0.00058419217342930985	      0.00421354023636287545	      0.00192425542484428447	     -0.00103873112562660047	     -0.00051966230013014703	      0.00091201805576363038	     -0.00550319302516896758
      1.54499999999994042099	      0.00372014335344237994	     -0.00954483570238440215	     -0.00166704277044105176	      0.00019637384398212693	     -0.00015340418099334813	     -0.00015512082617306910	      0.00183085764721296895	     -0.00036554025141229129	      0.00018496115887367548	      0.00058042129519764174	      0.00417915352434809761	      0.00191060913453106052	     -0.00104847081536656520	     -0.00052155207025945255	      0.00090717579666937942	     -0.00538742644577164254
      1.54599999999994031086	      0.00368113004185924297	     -0.00954647102653549684	     -0.00165796475730606296	      0.00019564320789761981	     -0.00015533578821162047	     -0.00015544962801278261	      0.00181918360808652757	     -0.00037488149952763505	      0.00018609662183670383	      0.00057668582605119312	      0.00414503319589699243	      0.00189719199588769816	     -0.00105783293742199233	     -0.00052333507094189796	      0.00090238269354409040	     -0.00527220612761797325
      1.54699999999994020072	      0.00364236035643653207	     -0.00954796837294280554	     -0.00164885455041718920	      0.00019492576790371835	     -0.00015719488855048952	     -0.00015579112700443015	      0.00180760142656372080	     -0.00038390402045657829	      0.00018718085279351149	      0.00057298646453030067	      0.00411117665662367321	      0.00188400744639352635	     -0.00106681741925993695	     -0.00052501301488017821	      0.00089764040999207317	     -0.00515776957296909533
      1.54799999999994009059	      0.00360384460898023964	     -0.00954933340061236979	     -0.00163971410531504880	      0.00019422158008683930	     -0.00015898155349638662	     -0.00015614607180199080	      0.00179611102528137723	     -0.00039260755205501249	      0.00018821472994906552	      0.00056932325226677349	      0.00407758280648815030	      0.00187105707785695241	     -0.00107542395476680624	     -0.00052658744732805851	      0.00089294927932948021	     -0.00504408127642079485
      1.54899999999993998046	      0.00356559295847923719	     -0.00955057191543340345	     -0.00163054529723360986	      0.00019353086131294710	     -0.00016069616946628659	     -0.00015651551319315060	      0.00178471213134129281	     -0.00040099146156638912	      0.00018919962305381788	      0.00056569554103558239	      0.00404425188815769887	      0.00185834056793024449	     -0.00108365194697861503	     -0.00052806014837138496	      0.00088830839529724370	     -0.00493083876419937728
      1.54999999999993987032	      0.00352761517317186574	     -0.00955168981025433794	     -0.00162134989520623662	      0.00019285357032301949	     -0.00016233885570180254	     -0.00015690013354266452	      0.00177340441123569059	     -0.00040905540689424591	      0.00019013641738592491	      0.00056210312652593686	      0.00401118296467115054	      0.00184585916395277327	     -0.00109150083528477410	     -0.00052943319967263883	      0.00088371773805340226	     -0.00481800581058898503
      1.55099999999993976019	      0.00348992061948589236	     -0.00955269300773320396	     -0.00161212962076939803	      0.00019218940603177997	     -0.00016390944351486747	     -0.00015730024088716349	      0.00176218741649536437	     -0.00041679937357051028	      0.00019102551661316636	      0.00055854624818341136	      0.00397837379886049891	      0.00183361562406400558	     -0.00109897014639829052	     -0.00053070871664450542	      0.00087917816066523935	     -0.00470581485295624991
      1.55199999999993965005	      0.00345251839094475391	     -0.00955358749866486168	     -0.00160288614565828880	      0.00019153803301111445	     -0.00016540776497267484	     -0.00015771611447402967	      0.00175106053061335754	     -0.00042422340175388845	      0.00019186736795642756	      0.00055502499605042388	      0.00394582203338705861	      0.00182161239781392092	     -0.00110605942057821413	     -0.00053188846558893665	      0.00087469025201758477	     -0.00459448790906694104
      1.55299999999993953992	      0.00341541742637108082	     -0.00955437938534631215	     -0.00159362111937921824	      0.00019089929043060276	     -0.00016683393130290103	     -0.00015814833014771851	      0.00174002292297581462	     -0.00043132729315433979	      0.00019266296471368016	      0.00055153873046842605	      0.00391352632964742791	      0.00180984988870377950	     -0.00111276793096282828	     -0.00053297467389163550	      0.00087025342005142559	     -0.00448398048949730232
      1.55399999999993942978	      0.00337862649412671613	     -0.00955507482621542614	     -0.00158433624218989877	      0.00019027318109024124	     -0.00016818831322442523	     -0.00015859774496599505	      0.00172907349375511776	     -0.00043811060601682897	      0.00019341383291548997	      0.00054808609440248901	      0.00388148630210023021	      0.00179832644806643405	     -0.00111909463538369114	     -0.00053397021592731936	      0.00086586596782056713	     -0.00437399507436805890
      1.55499999999993931965	      0.00334215396690088146	     -0.00955567996719819401	     -0.00157503318555662908	      0.00018965947504139685	     -0.00016947097258924668	     -0.00015906485275564430	      0.00171821096164687104	     -0.00044457328180875708	      0.00019412104936986085	      0.00054466620346516059	      0.00384970015653986197	      0.00178704176828295425	     -0.00112503867915168115	     -0.00053487741887094445	      0.00086152710874898286	     -0.00426449706483818247
      1.55599999999993920952	      0.00330600781658841117	     -0.00955620088340825014	     -0.00156571364362334542	      0.00018905771516320759	     -0.00017068165743004335	     -0.00015954978918656521	      0.00170743379575016840	     -0.00045071561705416902	      0.00019478523607940890	      0.00054127865498410088	      0.00381816471869317331	      0.00177599678624695834	     -0.00113059937927091625	     -0.00053569814033468596	      0.00085723694818345963	     -0.00415570901698014694
      1.55699999999993909938	      0.00327019573759050955	     -0.00955664361657582173	     -0.00155637937427988149	      0.00018846743779238166	     -0.00017182010264630079	     -0.00016005267481637026	      0.00169674015031334724	     -0.00045653790172319603	      0.00019540707022873416	      0.00053792292097898375	      0.00378687674399608848	      0.00176519185696127900	     -0.00113577596531381358	     -0.00053643444194494128	      0.00085299539874289509	     -0.00404783133752631419
      1.55799999999993898925	      0.00323472524563365787	     -0.00955701422403398837	     -0.00154703225533103783	      0.00018788835102544199	     -0.00017288628801530662	     -0.00016057389169240113	      0.00168612781332355688	     -0.00046204007410020204	      0.00019598771228945822	      0.00053459783642639813	      0.00375583402629842134	      0.00175462524775343853	     -0.00114056729963933970	     -0.00053708866712543629	      0.00084880136139869888	     -0.00394082147109241221
      1.55899999999993887911	      0.00319960366568708453	     -0.00955731872802112470	     -0.00153767433575269230	      0.00018732032173175706	     -0.00017388042110596733	     -0.00016111405428429620	      0.00167559415003742940	     -0.00046722167301898807	      0.00019652875327673403	      0.00053130165345582903	      0.00372503540680289846	      0.00174429320781063768	     -0.00114497185009378860	     -0.00053766323939424474	      0.00084465282563608857	     -0.00383441426094671689
      1.55999999999993876898	      0.00316483794466505862	     -0.00955756304231025755	     -0.00152830769151091062	      0.00018676303169787474	     -0.00017480241712870825	     -0.00016167342605231255	      0.00166513616607416592	     -0.00047208241012230284	      0.00019703127246338548	      0.00052803320068939286	      0.00369447871359133290	      0.00173419307429947822	     -0.00114898820786164119	     -0.00053816000090141716	      0.00084054874148120629	     -0.00372858531735817400
      1.56099999999993865885	      0.00313043465861444388	     -0.00955775292019123146	     -0.00151893445203055144	      0.00018621599037583168	     -0.00017565190748374329	     -0.00016225192195640920	      0.00165475044490809298	     -0.00047662209831378366	      0.00019749580654640497	      0.00052479190172549650	      0.00366416090777958378	      0.00172432318740989299	     -0.00115261503849168473	     -0.00053858070613916828	      0.00083648899310245772	     -0.00362354036493318932
      1.56199999999993854871	      0.00309640012230742853	     -0.00955789399770945458	     -0.00150955687198384148	      0.00018567873287171806	     -0.00017642852740622217	     -0.00016284941988807880	      0.00164443310077488913	     -0.00048084027185807399	      0.00019792282029411357	      0.00052157718125767083	      0.00363407935307528962	      0.00171468121562912135	     -0.00115585076480857751	     -0.00053892790543113439	      0.00083247336853656262	     -0.00351945761546630653
      1.56299999999993843858	      0.00306274046517566751	     -0.00955799185367578463	     -0.00150017741414099071	      0.00018515095879239468	     -0.00017713213952204668	     -0.00016346600583310236	      0.00163417979580293693	     -0.00048473591240348612	      0.00019831313281912233	      0.00051838797443726214	      0.00360423266785702204	      0.00170526290746386699	     -0.00115869337510620882	     -0.00053920344311162230	      0.00082850085881222557	     -0.00341630545795808260
      1.56399999999993832844	      0.00302946162474975389	     -0.00955805197547510144	     -0.00149079877305280384	      0.00018463250990676666	     -0.00017776280710368395	     -0.00016410196689104969	      0.00162398578685035710	     -0.00048830752092940063	      0.00019866792593976890	      0.00051522273782911299	      0.00357462055828951936	      0.00169606223927223909	     -0.00116114046504535787	     -0.00053940790831751018	      0.00082456972669570083	     -0.00331386480385503779
      1.56499999999993821831	      0.00299656920365113039	     -0.00955807969525845902	     -0.00148142366411474491	      0.00018412307547494532	     -0.00017832031623090175	     -0.00016475731815860511	      0.00161384607576725569	     -0.00049155380712876534	      0.00019898794978706613	      0.00051208045186523776	      0.00354524185414661561	      0.00168707418642230489	     -0.00116318973484126967	     -0.00053954227898151894	      0.00082067905160468357	     -0.00321212265110777662
      1.56599999999993810818	      0.00296406848395163727	     -0.00955808015650660980	     -0.00147205482149326272	      0.00018362219460847477	     -0.00017880417472889223	     -0.00016543182581544441	      0.00160375545024638022	     -0.00049447374574580413	      0.00019927355179510942	      0.00050896059028482377	      0.00351609447062727412	      0.00167829471956792986	     -0.00116483900620600184	     -0.00053960848474308293	      0.00081682862520496280	     -0.00311126302544814659
      1.56699999999993799804	      0.00293196451552640500	     -0.00955805836961731714	     -0.00146269509415075660	      0.00018312941502025837	     -0.00017921386446717591	     -0.00016612528487060241	      0.00159370850781648254	     -0.00049706628088821633	      0.00019952514392877763	      0.00050586254403173214	      0.00348717640393963677	      0.00166971938738874615	     -0.00116608597229806571	     -0.00053960918949533601	      0.00081301800075680997	     -0.00301144734173335038
      1.56799999999993788791	      0.00290026218188646837	     -0.00955801927465615986	     -0.00145334755268322624	      0.00018264441362477943	     -0.00017954905497641685	     -0.00016683772962190063	      0.00158369968769417335	     -0.00049933003476337195	      0.00019974360018572279	      0.00050278516534318918	      0.00345848651021870776	      0.00166134220199279370	     -0.00116692802220926331	     -0.00053954514077295124	      0.00080924601183429701	     -0.00291265597500610374
      1.56899999999993777777	      0.00286896621146321557	     -0.00955796771535655232	     -0.00144401548152717218	      0.00018216698326620727	     -0.00017980959236302274	     -0.00016756941999749794	      0.00157372332040056628	     -0.00050126335100354399	      0.00019993024366077305	      0.00049972679254617347	      0.00343002442020350767	      0.00165315578358474213	     -0.00116736227992324249	     -0.00053941471322148382	      0.00080551088651348302	     -0.00281470582301610039
      1.56999999999993766764	      0.00283808107914038186	     -0.00955790838105052831	     -0.00143470210029161827	      0.00018169678614673133	     -0.00017999506920077235	     -0.00016832042288024429	      0.00156377375680655240	     -0.00050286496444703482	      0.00020008608221053215	      0.00049668618894549432	      0.00340178883969822696	      0.00164515385149385795	     -0.00116738606026147232	     -0.00053921800863517694	      0.00080181143891358553	     -0.00271758738129311561
      1.57099999999993755750	      0.00280761103104837546	     -0.00955784578236562599	     -0.00142541053352962521	      0.00018123335465622392	     -0.00018010482781312398	     -0.00016909061318694588	      0.00155384539953629108	     -0.00050413403225243666	      0.00020021180328660959	      0.00049366255448290985	      0.00337377752715791943	      0.00163733128309287435	     -0.00116699691693475729	     -0.00053895709638408090	      0.00079814698441887932	     -0.00262146351711346759
      1.57199999999993744737	      0.00277756015956709575	     -0.00955778431110143600	     -0.00141614392429878500	      0.00018077622476082161	     -0.00018013819418025503	     -0.00016987989348921789	      0.00154393271858577208	     -0.00050506980034246973	      0.00020030817907820686	      0.00049065504037137941	      0.00334598818586412730	      0.00162968290912621216	     -0.00116619242809024373	     -0.00053863416346966106	      0.00079451661220836245	     -0.00252648812530303912
      1.57299999999993733724	      0.00274793247078210148	     -0.00955772829952816760	     -0.00140690556936395872	      0.00018032506000194466	     -0.00018009470529155303	     -0.00017068839503055211	      0.00153403028030696387	     -0.00050567125797836357	      0.00020037645794609982	      0.00048766229236707481	      0.00331841930743489652	      0.00162220235951077152	     -0.00116496995374679169	     -0.00053824908185114845	      0.00079091894686933450	     -0.00243264578594365455
      1.57399999999993722710	      0.00271873190915583249	     -0.00955768199787099260	     -0.00139769889518581714	      0.00017987964823470114	     -0.00017997411475588129	     -0.00017151646398130133	      0.00152413277932256230	     -0.00050593714567549394	      0.00020041834803380398	      0.00048468247974819967	      0.00329107016019111742	      0.00161488214259189466	     -0.00116332664906085986	     -0.00053779942696875055	      0.00078735229058840561	     -0.00233975952894724393
      1.57499999999993711697	      0.00268996227630332804	     -0.00955764952094206865	     -0.00138852712830650482	      0.00017943967093741152	     -0.00017977597466828366	     -0.00017236425008607809	      0.00151423510284448559	     -0.00050586660366397709	      0.00020043524524629430	      0.00048171425915621846	      0.00326393915314322075	      0.00160771604547760294	     -0.00116125995750377201	     -0.00053728521061641513	      0.00078381542716601804	     -0.00224781044169475308
      1.57599999999993700683	      0.00266162725532926615	     -0.00955763482641347473	     -0.00137939325411795544	      0.00017900469904530772	     -0.00017949963597868601	     -0.00017323168408628006	      0.00150433232462493516	     -0.00050545917034415522	      0.00020042820243421078	      0.00047875684012765873	      0.00323702378609935087	      0.00160069922674344056	     -0.00115876767443119297	     -0.00053670860102245088	      0.00078030758138394885	     -0.00215694729380215555
      1.57699999999993689670	      0.00263373047772888502	     -0.00955764177527340664	     -0.00137030015181416331	      0.00017857431445212485	     -0.00017914447539391434	     -0.00017411866350112645	      0.00149441971187558309	     -0.00050471440983408146	      0.00020039830639909106	      0.00047580956184933854	      0.00321032148285356131	      0.00159382710216762757	     -0.00115584772208802283	     -0.00053607115174942807	      0.00077682796347766647	     -0.00206732662093198072
      1.57799999999993678657	      0.00260627560227180786	     -0.00955767418733677321	     -0.00136125076689608271	      0.00017814825077232428	     -0.00017871015459788170	     -0.00017502528186891936	      0.00148449277116174949	     -0.00050363152163177688	      0.00020034711133798400	      0.00047287135611262521	      0.00318383058489974530	      0.00158709401149952078	     -0.00115249778522206331	     -0.00053537289371604832	      0.00077337568870972095	     -0.00197892492563124522
      1.57899999999993667643	      0.00257926634141859325	     -0.00955773582025276625	     -0.00135224809148870584	      0.00017772639024080626	     -0.00017819662519158799	     -0.00017595184142372294	      0.00147454728387486078	     -0.00050220938531776033	      0.00020027663032073928	      0.00046994070369499319	      0.00315755040527194650	      0.00158049323292137889	     -0.00114871531700112828	     -0.00053461285878920496	      0.00076994983662007077	     -0.00189153592070778753
      1.57999999999993656630	      0.00255270635823536245	     -0.00955783031976753517	     -0.00134329479923867012	      0.00017730850635063779	     -0.00017760365469011302	     -0.00017689842825099542	      0.00146457931217192083	     -0.00050044730918696358	      0.00020018849506930891	      0.00046701664779735808	      0.00313147944109202353	      0.00157401956267626264	     -0.00114449820119302131	     -0.00053379196109849120	      0.00076654983503177121	     -0.00180512080961027499
      1.58099999999993645616	      0.00252659927808795808	     -0.00955796119786334053	     -0.00133439321113382192	      0.00017689424638150583	     -0.00017693080176517731	     -0.00017786490299782215	      0.00145458519278940379	     -0.00049834509929590036	      0.00020008390726983238	      0.00046409881578135526	      0.00310561529965463698	      0.00156766944219817461	     -0.00113984484374865178	     -0.00053291226267850392	      0.00076317537456782603	     -0.00171982664135571228
      1.58199999999993634603	      0.00250094875550822045	     -0.00955813189638499150	     -0.00132554545938146084	      0.00017648325098943568	     -0.00017617764006641959	     -0.00017885111793044042	      0.00144456160087791385	     -0.00049590274806147853	      0.00019996402945149372	      0.00046118690171148558	      0.00307995558721328201	      0.00156143981823669842	     -0.00113475391224643687	     -0.00053197464802931353	      0.00075982610109343041	     -0.00163582025888214799
      1.58299999999993623589	      0.00247575856900245084	     -0.00955834584407821986	     -0.00131675370125372559	      0.00017607531265570464	     -0.00017534405132720032	     -0.00017985720249872120	      0.00143450565397684748	     -0.00049312005213744160	      0.00019983048587646213	      0.00045827996556124795	      0.00305449909024453972	      0.00155532660527518685	     -0.00112922386427458457	     -0.00053098000544071246	      0.00075650152864570330	     -0.00155306083642824111
      1.58399999999993612576	      0.00245103263994265411	     -0.00955860642809103211	     -0.00130802011842456878	      0.00017567037470869566	     -0.00017443023364571708	     -0.00018088357493518253	      0.00142441490491435063	     -0.00048999662319205474	      0.00019968537006992415	      0.00045537638035542116	      0.00302924583829413535	      0.00154932461411960709	     -0.00112325292321880515	     -0.00052993003555458669	      0.00075320105432274964	     -0.00147129084357230933
      1.58499999999993601563	      0.00242677488228422011	     -0.00955891693144295118	     -0.00129934652529550831	      0.00017526824083584358	     -0.00017343615330404905	     -0.00018193043423771899	      0.00141428719955077886	     -0.00048653264110644530	      0.00019953030213526457	      0.00045247508140366932	      0.00300419497477584854	      0.00154343039633474122	     -0.00111683989963734173	     -0.00052882666044286666	      0.00074992419417024836	     -0.00139044992422195091
      1.58599999999993590549	      0.00240298919963517158	     -0.00955928049857124318	     -0.00129073435348447951	      0.00017486855958118164	     -0.00017236151596587701	     -0.00018299773284854645	      0.00140412060918826409	     -0.00048272887558061840	      0.00019936638296841336	      0.00044957562847036669	      0.00297934463450431029	      0.00153764230993748419	     -0.00110998423862835455	     -0.00052767122049210587	      0.00074667056333010962	     -0.00131069604122488470
      1.58699999999993579536	      0.00237967956427615791	     -0.00955970019604168719	     -0.00128218485307307617	      0.00017447096671631412	     -0.00017120602811712335	     -0.00018408541136318533	      0.00139391350652257051	     -0.00047858631118299563	      0.00019919464614118199	      0.00044667762793615395	      0.00295469294266781715	      0.00153195917919980718	     -0.00110268563764350999	     -0.00052646389643232032	      0.00074343973563190113	     -0.00123220921348214663
      1.58799999999993568522	      0.00235685012992226713	     -0.00956017907128892119	     -0.00127369934682874941	      0.00017407526497480175	     -0.00016996973857878739	     -0.00018519370016882065	      0.00138366468614192772	     -0.00047410568540463133	      0.00019901663666341274	      0.00044377995418587446	      0.00293023931771717316	      0.00152637856113831127	     -0.00109494346865813760	     -0.00052520649000629450	      0.00074023113247803640	     -0.00115492940903222374
      1.58899999999993557509	      0.00233450523893110294	     -0.00956072011258513044	     -0.00126527924870312170	      0.00017368142602093399	     -0.00016865304852042504	     -0.00018632310999813426	      0.00137337330463493945	     -0.00046928745032156528	      0.00019883443387685995	      0.00044088073046721910	      0.00290598448155795358	      0.00152089662050339247	     -0.00108675673321442443	     -0.00052390311942504542	      0.00073704401459115387	     -0.00107854795335934894
      1.58999999999993546496	      0.00231264921883777425	     -0.00956132616408578162	     -0.00125692563953250236	      0.00017328927392485337	     -0.00016725607850535604	     -0.00018747383811920822	      0.00136303859764325130	     -0.00046413256158113307	      0.00019864959542445493	      0.00043797884243002017	      0.00288192794028488582	      0.00151551124853806229	     -0.00107812503116744285	     -0.00052255627970918678	      0.00073387775859196092	     -0.00100298958064481969
      1.59099999999993535482	      0.00229128636941173993	     -0.00956199987689076991	     -0.00124863926568008488	      0.00017289847912743163	     -0.00016577864202014722	     -0.00018864572589928109	      0.00135265977021903350	     -0.00045864246547442679	      0.00019846312629567819	      0.00043507403096021413	      0.00285806781187018799	      0.00151022205451750713	     -0.00106904856692515912	     -0.00052116638675684529	      0.00073073188589206639	     -0.00092842999769271461
      1.59199999999993524469	      0.00227042106099956120	     -0.00956274376958410333	     -0.00124042077896424630	      0.00017250872881514369	     -0.00016422055694065990	     -0.00018983851350944103	      0.00134223609855588233	     -0.00045281865929089511	      0.00019827601380609239	      0.00043216622759456591	      0.00283440195023026455	      0.00150502879840205828	     -0.00105952765588451098	     -0.00051973335444849798	      0.00072760596766505148	     -0.00085505968038497582
      1.59299999999993513455	      0.00225005786147229429	     -0.00956356029318639056	     -0.00123227102517975418	      0.00017211991866865686	     -0.00016258202483587433	     -0.00019105213343024660	      0.00133176706663712396	     -0.00044666216320489623	      0.00019808987204592010	      0.00042925474343724623	      0.00281092927469539337	      0.00149992956852852688	     -0.00104956209569651016	     -0.00051825964107908226	      0.00072449945998889764	     -0.00078280467787592012
      1.59399999999993502442	      0.00223020153441449553	     -0.00956445178406584162	     -0.00122419106978011172	      0.00017173215246268914	     -0.00016086363789539343	     -0.00019228668927504487	      0.00132125229055241045	     -0.00044017346813370745	      0.00019790696402502417	      0.00042633827503757438	      0.00278764974130469266	      0.00149492067690994157	     -0.00103915112805037443	     -0.00051675048666461471	      0.00072141168415243428	     -0.00071132405543845867
      1.59499999999993491429	      0.00221085679722910194	     -0.00956542036557350706	     -0.00121618172671023039	      0.00017134539779378039	     -0.00015906566949723186	     -0.00019354186307647681	      0.00131069120069277067	     -0.00043335343183636965	      0.00019772900971923302	      0.00042341653189947870	      0.00276456171459273960	      0.00149000003108192003	     -0.00102829453214041064	     -0.00051520847163115217	      0.00071834219703573177	     -0.00064053794531855612
      1.59599999999993480415	      0.00219202830748165076	     -0.00956646790466830765	     -0.00120824356110560416	      0.00017095946396577903	     -0.00015718804816867646	     -0.00019481693504631685	      0.00130008299617556666	     -0.00042620329588033933	      0.00019755712668953485	      0.00042049021692180943	      0.00274166201152128974	      0.00148516716200340626	     -0.00101699262711436519	     -0.00051363346580661495	      0.00071529076405904557	     -0.00057063830275455585
      1.59699999999993469402	      0.00217372078142376475	     -0.00956759609347179740	     -0.00120037717024246149	      0.00017057416380465533	     -0.00015523070885887710	     -0.00019611112104823275	      0.00128942685604954699	     -0.00041872423251685699	      0.00019739239823626797	      0.00041756014982552436	      0.00271894737676986638	      0.00148042158489344877	     -0.00100524571852948080	     -0.00051202546109282987	      0.00071225714105443982	     -0.00050182063762722884
      1.59799999999993458388	      0.00215593912838644465	     -0.00956880653861946762	     -0.00119258350467110752	      0.00017018947861017000	     -0.00015319398317370850	     -0.00019742391352811466	      0.00127872216957003459	     -0.00041091682706230655	      0.00019723650988259789	      0.00041462633149591532	      0.00269641601997126085	      0.00147576107605111584	     -0.00099305347421320758	     -0.00051038686375631630	      0.00070924086501067407	     -0.00043400667137373505
      1.59899999999993447375	      0.00213868844600022777	     -0.00957010071980346488	     -0.00118486388575367307	      0.00016980554143492151	     -0.00015107859532010465	     -0.00019875509130511983	      0.00126796851293181634	     -0.00040278107001137046	      0.00019709173962961790	      0.00041168790366952202	      0.00267406768045659084	      0.00147118167180831927	     -0.00098041492022627255	     -0.00050872229215061411	      0.00070624122884899165	     -0.00036684955861615576
