ActuatorSpeeds
version=1
nRows=1201
nColumns=17
inDegrees=no

This file contains either the forces, speeds, or powers developed
by the actuators of a model during a simulation.

An actuator force is a generalized force, meaning that it can be either a force (N) or a torque (Nm).

An actuator speed is the rate at which an actuator shortens. Depending on the actuator,
a speed can be either a translational speed (m/s) or an angular speed (deg/s or rad/s).

An actuator power (Watts) is the rate at which an actuator does work.  Positive power means
that the actuator is delivering energy to the model; negative power means that the actuator
is absorbing energy from the model.

Units are S.I. units (second, meters, Newtons, ...)
If the header above contains a line with 'inDegrees', this indicates whether rotational values are in degrees (yes) or radians (no).

endheader
time	FX	FY	FZ	MX	MY	MZ	hip_flexion_r	hip_adduction_r	hip_rotation_r	knee_flexion_r	ankle_dorsiflexion_r	hip_flexion_l	hip_adduction_l	hip_rotation_l	knee_flexion_l	ankle_dorsiflexion_l
      0.40000000000000002220	      0.17466728737460443521	      0.17466728737460443521	      0.17466728737460443521	      0.20948261523619424174	      0.12003016156164010575	     -0.14161494210365246915	      0.45494580223729907953	      0.26588724928219642507	     -1.05033727278249222614	      5.29120025451025810526	     -0.20467196423524494642	     -1.23887013468761275625	     -0.22492687415351697577	      0.00918000760054820189	      0.67441782787434090274	      0.33347435446517637025
      0.40100000000000002309	      0.17540393576075025139	      0.17540393576075025139	      0.17540393576075025139	      0.20963315709551072485	      0.12010124483695024111	     -0.14162037925343698430	      0.45394436043366215294	      0.26634460448243313380	     -1.05008144414890369767	      5.29146919662780845783	     -0.20471834461961233020	     -1.23973974948517007277	     -0.22438117261913376188	      0.00915720206916066475	      0.67428257803935320869	      0.33370598620386870969
      0.40200000000000002398	      0.17611924640597903524	      0.17611924640597903524	      0.17611924640597903524	      0.20988491790820079652	      0.12021712848961532694	     -0.14156071876146267274	      0.45244294684559804853	      0.26663972956599057973	     -1.04952516114221849897	      5.29265345820627874929	     -0.20485423478231279404	     -1.24081396467116289450	     -0.22397024432417636519	      0.00906159662896115561	      0.67433501037463872141	      0.33444342118343112213
      0.40300000000000002487	      0.17681208163396394673	      0.17681208163396394673	      0.17681208163396394673	      0.21023780939368588716	      0.12037822180048739218	     -0.14143558092276278804	      0.45044433489499469125	      0.26676957495349140626	     -1.04867224242040224524	      5.29475918833000935848	     -0.20510043394106944326	     -1.24208488056404564581	     -0.22369919845814534298	      0.00889847010716234184	      0.67457869399966130519	      0.33511924089828659667
      0.40400000000000002576	      0.17748230364451389462	      0.17748230364451389462	      0.17748230364451389462	      0.21069172069421532312	      0.12058437757683763969	     -0.14124506576532872004	      0.44794936325461853777	      0.26673441782975526593	     -1.04752290239285694717	      5.29778370501884854349	     -0.20545638581174074933	     -1.24355214268037705949	     -0.22356737233060069991	      0.00866790970960599171	      0.67501273719404808471	      0.33573101940155097855
      0.40500000000000002665	      0.17813022812188727961	      0.17813022812188727961	      0.17813022812188727961	      0.21124570418132687655	      0.12083494502440195184	     -0.14098916068444505845	      0.44496011268333535149	      0.26653540601234093632	     -1.04607619806405383045	      5.30172087754323051456	     -0.20591765366215186717	     -1.24521769971769025176	     -0.22357323546046048435	      0.00836468592359286382	      0.67563255325705784404	      0.33687492104416444372
      0.40600000000000002753	      0.17875598561971478562	      0.17875598561971478562	      0.17875598561971478562	      0.21189947484364088370	      0.12112967711207131560	     -0.14066807439469322660	      0.44147837134793421754	      0.26617279444447439207	     -1.04433239527823973347	      5.30656573236477768774	     -0.20648253608266983750	     -1.24708063272484492856	     -0.22371598667134193206	      0.00798949644218092080	      0.67643639923827003635	      0.33855481489692568209
      0.40700000000000002842	      0.17935951922132645220	      0.17935951922132645220	      0.17935951922132645220	      0.21265272369341950420	      0.12146830287084750544	     -0.14028209424451607013	      0.43750613640184715658	      0.26564687610301351839	     -1.04229186408772234174	      5.31231229841501129130	     -0.20714918179451835556	     -1.24913979940253483392	     -0.22399467097158320961	      0.00754338396217938811	      0.67742233439879928625	      0.34074093005586081340
      0.40800000000000002931	      0.17994054995059932667	      0.17994054995059932667	      0.17994054995059932667	      0.21350573664699121212	      0.12185090675045437414	     -0.13983170080345405650	      0.43304509811946612086	      0.26495717115694517041	     -1.03995605708835148207	      5.31895568132276785889	     -0.20791836199044153033	     -1.25139145321456157767	     -0.22440881853307334537	      0.00703058674186884600	      0.67859129221003711141	      0.34285229986415705072
      0.40900000000000003020	      0.18049924801092137594	      0.18049924801092137594	      0.18049924801092137594	      0.21445799274730023565	      0.12227708526676517309	     -0.13931727083034900483	      0.42809816942118128491	      0.26410401128855759412	     -1.03732538653718475707	      5.32648770315283748289	     -0.20878743572370550563	     -1.25383403378584579180	     -0.22495725417072615082	      0.00645154071419830766	      0.67994056573855032877	      0.34488667756965146749
      0.41000000000000003109	      0.18103626151291374313	      0.18103626151291374313	      0.18103626151291374313	      0.21550815585013943787	      0.12274596118883070173	     -0.13873909441417311972	      0.42266953124512851581	      0.26308854256873115407	     -1.03439920656765349527	      5.33489688067000500382	     -0.20975027132580414957	     -1.25646809421878469237	     -0.22563811464158484155	      0.00580263234231985416	      0.68146366745075093174	      0.34742466073487016098
      0.41100000000000003197	      0.18155200915030794695	      0.18155200915030794695	      0.18155200915030794695	      0.21665552503707707910	      0.12325702671282048883	     -0.13809766676093318538	      0.41676303161654482121	      0.26191107975495214744	     -1.03117801341143722205	      5.34417292513366959383	     -0.21080348978024970874	     -1.25929149858950384377	     -0.22645011608497087052	      0.00508502444830377133	      0.68315730204947766602	      0.35046616851625483902
      0.41200000000000003286	      0.18204671251670459520	      0.18204671251670459520	      0.18204671251670459520	      0.21789937659436517392	      0.12380974247100752506	     -0.13739356899088270292	      0.41038271855168889646	      0.26057199003132069937	     -1.02766239956992588844	      5.35430459901009836443	     -0.21194359055820230497	     -1.26230189521975444400	     -0.22739181307898059803	      0.00430015841208206476	      0.68501798997149587755	      0.35397860802077263376
      0.41300000000000003375	      0.18252034058495467117	      0.18252034058495467117	      0.18252034058495467117	      0.21923956019942197893	      0.12440389100175987258	     -0.13662756594743766247	      0.40353230024455655212	      0.25907090165313967356	     -1.02385399858977343968	      5.36528173371274874626	     -0.21316967039502388026	     -1.26549444217766704490	     -0.22846223939490881150	      0.00345142088389668996	      0.68704447737573637323	      0.35740585250694173469
      0.41400000000000003464	      0.18297332545285707739	      0.18297332545285707739	      0.18297332545285707739	      0.22067514539796356798	      0.12503879480605059604	     -0.13580034577212868330	      0.39621673589636102752	      0.25740822006838182112	     -1.01975344876503459801	      5.37709099563855197346	     -0.21447750207446528159	     -1.26886635199091579729	     -0.22965978533970943243	      0.00253972043388092650	      0.68923235812385930110	      0.36074513549702075244
      0.41500000000000003553	      0.18340658870603596120	      0.18340658870603596120	      0.18340658870603596120	      0.22220441636777682470	      0.12571333164127929116	     -0.13491253465023497760	      0.38844228874361885762	      0.25558513324408865808	     -1.01536037938177625684	      5.38971587204756996670	     -0.21585946100698749639	     -1.27241680111426913591	     -0.23098221140907601590	      0.00156328333215506577	      0.69157388562454102932	      0.36455169523377906060
      0.41600000000000003642	      0.18382078615444549796	      0.18382078615444549796	      0.18382078615444549796	      0.22382626400658836574	      0.12642671578830705359	     -0.13396494537012010317	      0.38021485659677822788	      0.25360205549878866993	     -1.01067550092831459629	      5.40314106273281957726	     -0.21731065876590188735	     -1.27614243158592954863	     -0.23242777223180921542	      0.00052351683357888660	      0.69406428973829659146	      0.36882522592754229951
      0.41700000000000003730	      0.18421636658624693239	      0.18421636658624693239	      0.18421636658624693239	      0.22553955869302919068	      0.12717812921566906681	     -0.13295847943708960504	      0.37154050197056287530	      0.25145945665203595087	     -1.00569962256053768712	      5.41735038432264115471	     -0.21882612757894309707	     -1.28003970315072601593	     -0.23399457278616203615	     -0.00057795239565871875	      0.69669861189376569577	      0.37353420345317811524
      0.41800000000000003819	      0.18459349371449151889	      0.18459349371449151889	      0.18459349371449151889	      0.22734374444396385218	      0.12796705676163816490	     -0.13189420854873623590	      0.36242489863952076501	      0.24915707096101397111	     -1.00043459503361753526	      5.43232876254809671224	     -0.22040353090900396960	     -1.28410264444715793708	     -0.23568126061012181771	     -0.00173780368074404165	      0.69947335110912078893	      0.37814216380302190235
      0.41900000000000003908	      0.18495280199559824275	      0.18495280199559824275	      0.18495280199559824275	      0.22923750290776404026	      0.12879255189841268270	     -0.13077313955545052937	      0.35287501289739470201	      0.24669540955523544534	     -0.99488129519238233112	      5.44805809494675585825	     -0.22203728376557083091	     -1.28832723814872274204	     -0.23748581735404936111	     -0.00295460176748974304	      0.70238261443534610873	      0.38264475101029177262
      0.42000000000000003997	      0.18529542185994693493	      0.18529542185994693493	      0.18529542185994693493	      0.23121875259852439632	      0.12965325409398156808	     -0.12959622731357753334	      0.34289915747777477417	      0.24407576516048329340	     -0.98903961911998583556	      5.46451724733481203344	     -0.22371848924719725527	     -1.29271131756624702014	     -0.23940557401013795591	     -0.00422890040346476925	      0.70541792508040812582	      0.38757325660353753038
      0.42100000000000004086	      0.18562218578975051009	      0.18562218578975051009	      0.18562218578975051009	      0.23328600156093878826	      0.13054811790828022011	     -0.12836459068033034825	      0.33250523460249525876	      0.24129869453855273820	     -0.98291051126604878085	      5.48168632666059973957	     -0.22544098370305690193	     -1.29725029302141314780	     -0.24143834402411307183	     -0.00555913304140827780	      0.70857313498156648812	      0.39293038088781795381
      0.42200000000000004174	      0.18593370617459759053	      0.18593370617459759053	      0.18593370617459759053	      0.23543774167818437570	      0.13147607347324399840	     -0.12707943303309851557	      0.32170125256431891803	      0.23836480087912340076	     -0.97649502952707090131	      5.49954463887032929392	     -0.22719857675890095527	     -1.30193944808140193992	     -0.24358182005588982499	     -0.00694354368044336825	      0.71184190166301097857	      0.39868853351790239925
      0.42300000000000004263	      0.18623026995050190324	      0.18623026995050190324	      0.18623026995050190324	      0.23767306710454286223	      0.13243634914435956085	     -0.12574210768120880344	      0.31049475765339379363	      0.23527391598081284774	     -0.96979532467442208787	      5.51807270583935505215	     -0.22898782334320508247	     -1.30677166452310444811	     -0.24583435953492063786	     -0.00837821357060409763	      0.71521881978697166016	      0.40431809003698365723
      0.42400000000000004352	      0.18651264537628675644	      0.18651264537628675644	      0.18651264537628675644	      0.23999030985397104554	      0.13342777020166604607	     -0.12435390346103368520	      0.29889463334843152653	      0.23202669015390672835	     -0.96281256008939652968	      5.53724814187918035202	     -0.23080205596558292513	     -1.31174172013743195464	     -0.24819355700030085177	     -0.00986127085316694345	      0.71869678130582126396	      0.40981257615220967327
      0.42500000000000004441	      0.18678210792210961366	      0.18678210792210961366	      0.18678210792210961366	      0.24238704388303555781	      0.13444877887800660288	     -0.12291605679759638747	      0.28691114629363539956	      0.22862459485978089968	     -0.95554691265195335070	      5.55704566060554672191	     -0.23263133279692577160	     -1.31684618411083520506	     -0.25065626579243943661	     -0.01139294490980803827	      0.72226682409869991108	      0.41569021287063784298
      0.42600000000000004530	      0.18703960187290699646	      0.18703960187290699646	      0.18703960187290699646	      0.24486143879246707877	      0.13549812524134444147	     -0.12142994224333462927	      0.27455408033696832026	      0.22506836862190568449	     -0.94799961985719194413	      5.57744128635005154138	     -0.23446849643876091496	     -1.32207927766529986791	     -0.25321987960881187085	     -0.01297145858866927300	      0.72592157371357513007	      0.42195788422232866077
      0.42700000000000004619	      0.18728583230843340313	      0.18728583230843340313	      0.18728583230843340313	      0.24741165465756645436	      0.13657455007827681848	     -0.11989700773062059169	      0.26183325545906310783	      0.22135877724831470870	     -0.94017205822035632146	      5.59841034191425279687	     -0.23630642132725562798	     -1.32743516068962952303	     -0.25588171267253501107	     -0.01459485158691711110	      0.72965347292542304114	      0.42859244031921961415
      0.42800000000000004707	      0.18752112768794806930	      0.18752112768794806930	      0.18752112768794806930	      0.25003650576428571028	      0.13767709670951952527	     -0.11831882311323098367	      0.24875793216971259225	      0.21749574908259736161	     -0.93206678677133492084	      5.61992953288962127090	     -0.23814090692894010481	     -1.33290562871400641853	     -0.25863990800566161177	     -0.01625849891848368117	      0.73345584839219979401	      0.43505767737559009056
      0.42900000000000004796	      0.18774632067884253206	      0.18774632067884253206	      0.18774632067884253206	      0.25273402567064612301	      0.13880443381500576217	     -0.11669689058111852586	      0.23533873997924428800	      0.21348011275259415331	     -0.92368532980005357835	      5.64197274037081264453	     -0.23996449091435570478	     -1.33848435568010248886	     -0.26149169124471499659	     -0.01796024945420415103	      0.73732066717198907480	      0.44134540086259627101
      0.43000000000000004885	      0.18796277676250511268	      0.18796277676250511268	      0.18796277676250511268	      0.25550147384654808835	      0.13995487668389069991	     -0.11503265819189512076	      0.22158771092209725295	      0.20931359905553628686	     -0.91502818217511106003	      5.66451103215472340224	     -0.24176640330431842241	     -1.34416680027912205375	     -0.26443339906662927108	     -0.01970050467392932617	      0.74123845108958030803	      0.44797548266271886019
      0.43100000000000004974	      0.18817149041151767785	      0.18817149041151767785	      0.18817149041151767785	      0.25833673868972695242	      0.14112704939767872769	     -0.11332768639436952007	      0.20751629343606506350	      0.20499717057454444613	     -0.90609695869942064039	      5.68751691204184783857	     -0.24353878743584733702	     -1.34994612588913409645	     -0.26746203096192039395	     -0.02147728952207466485	      0.74520081142550309572	      0.45495745218002242583
      0.43200000000000005063	      0.18837319040415714810	      0.18837319040415714810	      0.18837319040415714810	      0.26123770511527510951	      0.14231958138247788326	     -0.11158359625043381969	      0.19313591142027189407	      0.20053179829024800340	     -0.89689343989297931614	      5.71096229481858319588	     -0.24527388749816378399	     -1.35581548920166605754	     -0.27057454942323555525	     -0.02328844338917407733	      0.74919921747767503906	      0.46227045061412408433
      0.43300000000000005151	      0.18856817080366974904	      0.18856817080366974904	      0.18856817080366974904	      0.26420296695331724202	      0.14353140428883132129	     -0.10980209961285324061	      0.17845732357840574100	      0.19591755297814891779	     -0.88742067702145299712	      5.73482066828926129176	     -0.24696708234730896381	     -1.36176576694360096376	     -0.27376889973599360939	     -0.02512885562910023227	      0.75322645905164087310	      0.46936554052143697469
      0.43400000000000005240	      0.18875726953751892356	      0.18875726953751892356	      0.18875726953751892356	      0.26723030732468261439	      0.14476110248449775009	     -0.10798484536335503647	      0.16349266173677756697	      0.19115550974482375945	     -0.87768062310689620720	      5.75906274666055040257	     -0.24861042432959509774	     -1.36778971091021284145	     -0.27704193588863146314	     -0.02699623010975077744	      0.75727384656338059266	      0.47623376437181214049
      0.43500000000000005329	      0.18894190080976322466	      0.18894190080976322466	      0.18894190080976322466	      0.27031670429290999280	      0.14600693474444489950	     -0.10613343516942028155	      0.14825545129853023862	      0.18624774966380436281	     -0.86767413901846757174	      5.78365648020654177230	     -0.25019259090315870697	     -1.37388187339277090260	     -0.28038945319064861872	     -0.02889122550906599377	      0.76133118962349455305	      0.48340607652515726889
      0.43600000000000005418	      0.18912306042426535457	      0.18912306042426535457	      0.18912306042426535457	      0.27345981402905883417	      0.14726746767046317022	     -0.10424955775555655446	      0.13275851742555250246	      0.18119552795219900920	     -0.85740329011163152195	      5.80857142021384209585	     -0.25170536207121768646	     -1.38003458265928480309	     -0.28380807222693366088	     -0.03081176317268630171	      0.76538936161002857350	      0.49089234003696369246
      0.43700000000000005507	      0.18930144472249293974	      0.18930144472249293974	      0.18930144472249293974	      0.27665729354722057298	      0.14854128401651739422	     -0.10233494987050280323	      0.11701461891215039768	      0.17600009825558704524	     -0.84687032888144209153	      5.83377665086432717345	     -0.25314069359413055027	     -1.38624019551966948249	     -0.28729441091149393595	     -0.03275557700469453049	      0.76943916652342436713	      0.49867141993428887314
      0.43800000000000005596	      0.18947725485504382514	      0.18947725485504382514	      0.18947725485504382514	      0.27990755070105910463	      0.14982726069922577827	     -0.10039140653217809573	      0.10103574035491350025	      0.17066177849845418080	     -0.83607883680956462946	      5.85924301724646312550	     -0.25449387616384777644	     -1.39248892776045885000	     -0.29084616372927996064	     -0.03471724637827892229	      0.77347345433207326248	      0.50618290960807443835
      0.43900000000000005684	      0.18965129092450813686	      0.18965129092450813686	      0.18965129092450813686	      0.28320815330701037960	      0.15112395614809570610	     -0.09842067392045393548	      0.08483521015678019417	      0.16518198584588730804	     -0.82503124637277314157	      5.88493862569905168414	     -0.25575680703933589832	     -1.39877286844386072850	     -0.29445979891245760429	     -0.03669440718723275541	      0.77748311798408553663	      0.51341795122620637049
      0.44000000000000005773	      0.18982498812773551666	      0.18982498812773551666	      0.18982498812773551666	      0.28655583106787618775	      0.15242963217646190999	     -0.09642446713078556275	      0.06842771301369399151	      0.15956323798764412980	     -0.81372884561669278636	      5.91082884938988861734	     -0.25691793292147530048	     -1.40508592125754794289	     -0.29813059216679238528	     -0.03868793100056563961	      0.78145711075107215926	      0.52092026441865202369
      0.44100000000000005862	      0.18999930993342706298	      0.18999930993342706298	      0.18999930993342706298	      0.28994804028622750414	      0.15374285142880086963	     -0.09440456091670096361	      0.05182711260131500630	      0.15380717256486761690	     -0.80217420520684890040	      5.93688084602779486687	     -0.25796901130527610801	     -1.41141988022696818206	     -0.30185479474145154866	     -0.04069578126132456647	      0.78538588742053050407	      0.52869833281754174958
      0.44200000000000005951	      0.19017488093055381904	      0.19017488093055381904	      0.19017488093055381904	      0.29338224120274036810	      0.15506219982447588812	     -0.09236276564571672953	      0.03504718131476011050	      0.14791542926942075065	     -0.79037009670592062172	      5.96306143451461689864	     -0.25890204983501674540	     -1.41776658562152801935	     -0.30562867503590729346	     -0.04271572773191623790	      0.78925992875420958317	      0.53672914052918152539
      0.44300000000000006040	      0.19035177206454814702	      0.19035177206454814702	      0.19035177206454814702	      0.29685666939525451324	      0.15638654265385840136	     -0.09030091764245187780	      0.01810080861971164953	      0.14188870615809043296	     -0.77832064317596216796	      5.98933936665454069725	     -0.25971256096319511597	     -1.42411591123784142532	     -0.30944959085709988766	     -0.04474188442204467264	      0.79307251023693692282	      0.54444659891403246466
      0.44400000000000006128	      0.19053071861351644767	      0.19053071861351644767	      0.19053071861351644767	      0.30036869856221620756	      0.15771445721685919961	     -0.08822082560469006463	      0.00100217574496005643	      0.13572886345851012391	     -0.76602879778805965660	      6.01568069315337528025	     -0.26039260576914741163	     -1.43045959467842487278	     -0.31331362057040063052	     -0.04677184713688830459	      0.79681433616651708984	      0.55184226494729393675
      0.44500000000000006217	      0.19071315854623377417	      0.19071315854623377417	      0.19071315854623377417	      0.30391483806589325578	      0.15904425517889855812	     -0.08612428983409795014	     -0.01623323201192754944	      0.12943892264283632376	     -0.75349634661130959756	      6.04204876845910465732	     -0.26093072692775265420	     -1.43679118285283147216	     -0.31721559600989462924	     -0.04880682294357228945	      0.80047356465720387320	      0.55946783908871755564
      0.44600000000000006306	      0.19090000273418472609	      0.19090000273418472609	      0.19090000273418472609	      0.30749236036815047468	      0.16037453508230184451	     -0.08401314086533412384	     -0.03359086278943393400	      0.12302098656111569441	     -0.74072640906711062492	      6.06840891459822451282	     -0.26131896184136238492	     -1.44310226954046094683	     -0.32115143313378474721	     -0.05084506318707603112	      0.80404055770801141634	      0.56733078349083854164
      0.44700000000000006395	      0.19109178137947521736	      0.19109178137947521736	      0.19109178137947521736	      0.31109854642731804564	      0.16170392446057130220	     -0.08188923381653825939	     -0.05105627542539740993	      0.11647717212767993988	     -0.72772231229781458861	      6.09472625472433904292	     -0.26154967053601640981	     -1.44938450478246827480	     -0.32511707391377125953	     -0.05288459636460717678	      0.80750580436202656909	      0.57540680629969587212
      0.44800000000000006484	      0.19128841548031275122	      0.19128841548031275122	      0.19128841548031275122	      0.31473146847684124738	      0.16303131467318079939	     -0.07975441981802539049	     -0.06861602971450908584	      0.10980866009219401869	     -0.71448873431537962553	      6.12096802767536996015	     -0.26161889321037667955	     -1.45562774557738205949	     -0.32910946781446226428	     -0.05491839539861542024	      0.81086316099624666798	      0.58312724560253659245
      0.44900000000000006573	      0.19149055987774957210	      0.19149055987774957210	      0.19149055987774957210	      0.31838832379089848645	      0.16435534022001760390	     -0.07761054718453141987	     -0.08625544425304254581	      0.10301781275181809416	     -0.70102919256459494957	      6.14709883240035370733	     -0.26151918098129078860	     -1.46182369558911906537	     -0.33312435061894613009	     -0.05694404904432869702	      0.81410337836121582367	      0.59048371360289286791
      0.45000000000000006661	      0.19169964097508840339	      0.19169964097508840339	      0.19169964097508840339	      0.32206542926505632440	      0.16567440203435906954	     -0.07545948165839755362	     -0.10395857641963396345	      0.09610816965837051806	     -0.68734604617656080983	      6.17308063906455473102	     -0.26123952383313447934	     -1.46796583903482225075	     -0.33715627872487580197	     -0.05896376292929626783	      0.81721411145242417451	      0.59803138265562127973
      0.45100000000000006750	      0.19191650249734951150	      0.19191650249734951150	      0.19191650249734951150	      0.32575988887259255122	      0.16698717078858071883	     -0.07330309001004974012	     -0.12171052294473941324	      0.08908232973676619149	     -0.67344300446264104831	      6.19887758160992685674	     -0.26077258505487260765	     -1.47404588024288152326	     -0.34120091500530469464	     -0.06097618484357903573	      0.82018594950395751209	      0.60577848354735119862
      0.45200000000000006839	      0.19214156724852013425	      0.19214156724852013425	      0.19214156724852013425	      0.32946882343637684532	      0.16829235208435261439	     -0.07114325590614137274	     -0.13949651928510545251	      0.08194291978659513920	     -0.65932398627025756710	      6.22445375488133922914	     -0.26011143517995188867	     -1.48005559462651770097	     -0.34525395070913150741	     -0.06297967049414489316	      0.82300970219489399948	      0.61370132779885411267
      0.45300000000000006928	      0.19237459478634566512	      0.19237459478634566512	      0.19237459478634566512	      0.33319016624500141788	      0.16958890166393461585	     -0.06898183268990930317	     -0.15730293415285437342	      0.07469162338528009815	     -0.64499426047919361515	      6.24977558375497110887	     -0.25925303531761911824	     -1.48598510464360011873	     -0.34931194400409804057	     -0.06496535563819316739	      0.82567984459447174572	      0.62122610766656249925
      0.45400000000000007017	      0.19261614615808134165	      0.19261614615808134165	      0.19261614615808134165	      0.33692096357823125841	      0.17087554705102697694	     -0.06682069626072441315	     -0.17511491324293210203	      0.06733130009087051615	     -0.63045795494525158631	      6.27480693436682379627	     -0.25819080780887421200	     -1.49182635540647301475	     -0.35337040345973136368	     -0.06693091592779726318	      0.82818743601682442979	      0.62834404973353530366
      0.45500000000000007105	      0.19286761834664375992	      0.19286761834664375992	      0.19286761834664375992	      0.34065736877370716984	      0.17215081222286338081	     -0.06466176585700281199	     -0.19291634663663795313	      0.05986598031700437333	     -0.61571805984714522708	      6.29950913525458044973	     -0.25691456351000074854	     -1.49757302559357463601	     -0.35742383064236354917	     -0.06888047021870624675	      0.83052010410666288198	      0.63561459047922252985
      0.45600000000000007194	      0.19312976970675560517	      0.19312976970675560517	      0.19312976970675560517	      0.34439634178053457614	      0.17341347393404454857	     -0.06250693443367372204	     -0.21069227180410388112	      0.05229874242721312128	     -0.60077890965615698970	      6.32384589807930463934	     -0.25541797664013049518	     -1.50321717020701028922	     -0.36146773930866477054	     -0.07081288869200584590	      0.83266897894158875548	      0.64304826888774802018
      0.45700000000000007283	      0.19340290239957097507	      0.19340290239957097507	      0.19340290239957097507	      0.34813487077794486035	      0.17466235003866426023	     -0.06035810824608642267	     -0.22842790936751342090	      0.04463270190408183402	     -0.58564504882015977483	      6.34778106912292106045	     -0.25369521852561732755	     -1.50875094460414738151	     -0.36549767400446775412	     -0.07272665411246101441	      0.83462548779124479115	      0.65062336668487752434
      0.45800000000000007372	      0.19368660188794273314	      0.19368660188794273314	      0.19368660188794273314	      0.35187079280023131345	      0.17589649558989697842	     -0.05821713973219572180	     -0.24610975513734811848	      0.03686999209770520231	     -0.57032239067433909696	      6.37128106748230571554	     -0.25174459755816780415	     -1.51416494834667814118	     -0.36950995412782755567	     -0.07461117530433108991	      0.83638474712110211229	      0.65775497116022330069
      0.45900000000000007461	      0.19398131624223161062	      0.19398131624223161062	      0.19398131624223161062	      0.35560103920510366393	      0.17711476363352188224	     -0.05608592800476594475	     -0.26372305422618003146	      0.02901392696162259643	     -0.55481571114510286336	      6.39430984959098758225	     -0.24956079652175289230	     -1.51945157238448635972	     -0.37350001444718744503	     -0.07646435993424431643	      0.83793842012927688412	      0.66443391398417672722
      0.46000000000000007550	      0.19428838603141898589	      0.19428838603141898589	      0.19428838603141898589	      0.35932163170727321466	      0.17831583170203360589	     -0.05396643954801941950	     -0.28125175571350025105	      0.02106900009697878356	     -0.53912865453844671659	      6.41682893837964485328	     -0.24713479610189717506	     -1.52460488513358982665	     -0.37746246399553051720	     -0.07829256399217536522	      0.83927467489897999986	      0.67122944844504217610
      0.46100000000000007638	      0.19460845620394501276	      0.19460845620394501276	      0.19460845620394501276	      0.36302942722159847744	      0.17949861518489276802	     -0.05186058799596904301	     -0.29868107571643448539	      0.01303873352861104756	     -0.52326620493605213724	      6.43880248141108069149	     -0.24446164899212899368	     -1.52961744978864611078	     -0.38139277475945249085	     -0.08009464008180219863	      0.84038548125662493327	      0.67815476653802053697
      0.46200000000000007727	      0.19494168719455079453	      0.19494168719455079453	      0.19494168719455079453	      0.36672132404826340846	      0.18066207736731651479	     -0.04977029736328279080	     -0.31599647738710934242	      0.00492668395348068965	     -0.50723355931369840111	      6.46019493428756153008	     -0.24153697946794547291	     -1.53448197816352327472	     -0.38528646169029739932	     -0.08186897364603711036	      0.84126316000783774030	      0.68519015469363642179
      0.46300000000000007816	      0.19528747152866135495	      0.19528747152866135495	      0.19528747152866135495	      0.37039511996434199004	      0.18180540502064607145	     -0.04769741074122098301	     -0.33318484457823499545	     -0.00326464258968835706	     -0.49103731961801022621	      6.48097356710419436610	     -0.23836079698298281992	     -1.53918969890729817607	     -0.38913984540254997757	     -0.08360418729325586051	      0.84190354616869178539	      0.69173483550841030620
      0.46400000000000007905	      0.19564611562984543514	      0.19564611562984543514	      0.19564611562984543514	      0.37404768217810102637	      0.18292761109699171018	     -0.04564383392800422379	     -0.35023175257963978790	     -0.01153151958524521389	     -0.47468292716541005127	      6.50110329090463778812	     -0.23492937176393569043	     -1.54373359282066613396	     -0.39294842291392934053	     -0.08529854837725800443	      0.84229920952874492990	      0.69777997062477881141
      0.46500000000000007994	      0.19601886568257242960	      0.19601886568257242960	      0.19601886568257242960	      0.37767494572044602030	      0.18402756356476296373	     -0.04361155473085402690	     -0.36712141565183598058	     -0.01986899283055721180	     -0.45817467182127302738	      6.52054668885953248036	     -0.23123515512814338257	     -1.54810826407978985308	     -0.39670694574233367202	     -0.08696011050473272108	      0.84243939473023654596	      0.70391145966872847861
      0.46600000000000008082	      0.19640621455465862022	      0.19640621455465862022	      0.19640621455465862022	      0.38127372820030736023	      0.18510435693253582401	     -0.04160247361054523335	     -0.38383946142689184811	     -0.02827312688914182526	     -0.44151820003977193529	      6.53926921911024550127	     -0.22727492060701035004	     -1.55230689675111066528	     -0.40041092390570398596	     -0.08858752516497413187	      0.84231716789683219737	      0.71014322602282253794
      0.46700000000000008171	      0.19680814970756452253	      0.19680814970756452253	      0.19680814970756452253	      0.38484090262146763983	      0.18615714260857674223	     -0.03961849084021894229	     -0.40037185057000101995	     -0.03673997263172454342	     -0.42471937982781954313	      6.55723681033243188665	     -0.22304608388059296575	     -1.55632289148007085799	     -0.40405593987224802666	     -0.09017895846097508106	      0.84192597661586088265	      0.71645547575095636095
      0.46800000000000008260	      0.19722384843934512300	      0.19722384843934512300	      0.19722384843934512300	      0.38837429211969426435	      0.18718527930703196538	     -0.03766138916025248834	     -0.41670610087687831591	     -0.04526670893905205412	     -0.40778551233218812699	      6.57441840377547048746	     -0.21855064346355271288	     -1.56014825532029743904	     -0.40763856150157140590	     -0.09172379669112877554	      0.84126252546341251382	      0.72223459128492750736
      0.46900000000000008349	      0.19765344122188549525	      0.19765344122188549525	      0.19765344122188549525	      0.39187076999956110823	      0.18818798720459353757	     -0.03573302002062677535	     -0.43282837035141913384	     -0.05384922290021005448	     -0.39072270236441575264	      6.59078070587933684266	     -0.21378675373532632364	     -1.56377669395863727608	     -0.41115443514798616365	     -0.09322077582922927430	      0.84032056339888150376	      0.72747317167191005716
      0.47000000000000008438	      0.19809803579347701197	      0.19809803579347701197	      0.19809803579347701197	      0.39532625929880960136	      0.18916437869672134142	     -0.03383532224429169205	     -0.44872340330695470456	     -0.06248209172056430616	     -0.37353587159886375568	      6.60628821533762966567	     -0.20874863418805059134	     -1.56720348267710551937	     -0.41459838042437791028	     -0.09467841289226407164	      0.83909081915323324719	      0.73277403998832324472
      0.47100000000000008527	      0.19855793607777416643	      0.19855793607777416643	      0.19855793607777416643	      0.39873762359719799875	      0.19011378151130658987	     -0.03197010460784956848	     -0.46437751829576612295	     -0.07116097910936096393	     -0.35623132391060796653	      6.62090853169195181493	     -0.20343506032366337477	     -1.57042256002817603999	     -0.41796598834459197658	     -0.09609514987555367593	      0.83756765558818202511	      0.73814981744365459893
      0.47200000000000008615	      0.19903292706243083665	      0.19903292706243083665	      0.19903292706243083665	      0.40210179610406820983	      0.19103559075577505877	     -0.03013915701771005540	     -0.47977746289197448215	     -0.07988157344734532483	     -0.33881559721748460978	      6.63460987539473556751	     -0.19784550104692963379	     -1.57342815842904193424	     -0.42125297188801963388	     -0.09746900724988476206	      0.83574583355926690409	      0.74357879670733528776
      0.47300000000000008704	      0.19952195456484062008	      0.19952195456484062008	      0.19952195456484062008	      0.40541670074862867779	      0.19192938949572926899	     -0.02834410731084953741	     -0.49491165891126909226	     -0.08864076119704514256	     -0.32129666437051407346	      6.64736361901238215211	     -0.19198411613979018964	     -1.57621324442723365067	     -0.42445634311409002892	     -0.09879170250807715881	      0.83362315894093452773	      0.74844348872407551188
      0.47400000000000008793	      0.20002494721514188503	      0.20002494721514188503	      0.20002494721514188503	      0.40867930696203985663	      0.19279466580841925216	     -0.02658665055071065056	     -0.50976715478863643405	     -0.09743405169838091628	     -0.30368127351135276726	      6.65913905458309240970	     -0.18585115360475285007	     -1.57877241661327216704	     -0.42757193553145017573	     -0.10006248324650164616	      0.83119478890250209080	      0.75273873214818876054
      0.47500000000000008882	      0.20054284092153940033	      0.20054284092153940033	      0.20054284092153940033	      0.41188562831506908557	      0.19363084453030368626	     -0.02486856805202062107	     -0.52432957521868905904	     -0.10625554984307544748	     -0.28597496714562775644	      6.66990341203691894378	     -0.17944284077873698391	     -1.58110178935124223720	     -0.43059450384128272749	     -0.10128880614465493593	      0.82845318053280780912	      0.75707754138847249692
      0.47600000000000008971	      0.20107573122791363995	      0.20107573122791363995	      0.20107573122791363995	      0.41503267490856127209	      0.19443755074624599621	     -0.02319146349444463004	     -0.53858627230952738074	     -0.11510052748127685973	     -0.26818468839057829634	      6.67962719300849983028	     -0.17276011928776377480	     -1.58319624459801300276	     -0.43351977014181181103	     -0.10246920688685814960	      0.82539413143414575025	      0.76147026966675113169
      0.47700000000000009059	      0.20162318680260304937	      0.20162318680260304937	      0.20162318680260304937	      0.41811753961386599610	      0.19521448603633498320	     -0.02155689840047774961	     -0.55252511388348812815	     -0.12396433039371561324	     -0.25031762509652383253	      6.68828165527701923310	     -0.16580464228279731542	     -1.58505102697177235882	     -0.43634364320344004584	     -0.10360192949056487577	      0.82201385071088828305	      0.76589280030745543471
      0.47800000000000009148	      0.20218392167065066256	      0.20218392167065066256	      0.20218392167065066256	      0.42113832833962799862	      0.19596151499089939363	     -0.01996622701443940759	     -0.56613573161543961909	     -0.13284354976300280504	     -0.23238235852865446462	      6.69584129123242721704	     -0.15858276304873594742	     -1.58666028291158744956	     -0.43906366167426086333	     -0.10468178387098289739	      0.81831157049279790172	      0.76973416332932675932
      0.47900000000000009237	      0.20275765833171849328	      0.20275765833171849328	      0.20275765833171849328	      0.42409220343934050934	      0.19667845197320082962	     -0.01842087337007613373	     -0.57940640877538607256	     -0.14173332606847455217	     -0.21438623984614629814	      6.70227868009970251251	     -0.15109689906855394703	     -1.58801970363014022247	     -0.44167586350605569923	     -0.10570852324983194548	      0.81428403001834892549	      0.77299153735864722936
      0.48000000000000009326	      0.20334515345245945950	      0.20334515345245945950	      0.20334515345245945950	      0.42697537874446073181	      0.19736509143562741553	     -0.01692235371383936718	     -0.59232403397066457629	     -0.15062731759514891294	     -0.19633541558896783208	      6.70756449746784166877	     -0.14334541974906248041	     -1.58912642621752886463	     -0.44417487564607721628	     -0.10668761681767228999	      0.80992545754992018026	      0.77627766271686615696
      0.48100000000000009415	      0.20394630409662287129	      0.20394630409662287129	      0.20394630409662287129	      0.42978510093626742794	      0.19802140069168244763	     -0.01547196845610372511	     -0.60487733485924188859	     -0.15952042292624707409	     -0.17823741361567146946	      6.71167278639985909194	     -0.13533148333668490459	     -1.58997648184701390051	     -0.44655662284499980652	     -0.10761812804187488590	      0.80523317533055094319	      0.77960133517414309523
      0.48200000000000009504	      0.20456047580935687868	      0.20456047580935687868	      0.20456047580935687868	      0.43251870780013446094	      0.19864742326221809798	     -0.01407096092114884511	     -0.61705560361144362602	     -0.16840766076991936506	     -0.16010000042902403083	      6.71457845817541709721	     -0.12705896710811750983	     -1.59056629767796331443	     -0.44881727944531174535	     -0.10849896850003268312	      0.80020493763257594111	      0.78293723491310607265
      0.48300000000000009592	      0.20518617233731520355	      0.20518617233731520355	      0.20518617233731520355	      0.43517455475758914929	      0.19924333018875139967	     -0.01272033255279907474	     -0.62884995502398299827	     -0.17728532054238901883	     -0.14193224826018366325	      6.71625970185407350499	     -0.11853641793170693886	     -1.59089138869276247590	     -0.45095487721778454437	     -0.10932774888737428753	      0.79484177092466046233	      0.78568743021412101868
      0.48400000000000009681	      0.20582293384371302958	      0.20582293384371302958	      0.20582293384371302958	      0.43775007186140635351	      0.19980928003718279040	     -0.01142117147541779273	     -0.64025020104089735984	     -0.18614819901481449715	     -0.12374201979023916054	      6.71669294385677417836	     -0.10976845674673693654	     -1.59094870478190708596	     -0.45296568874032905327	     -0.11010469424885212242	      0.78914210444022270252	      0.78785082978163456513
      0.48500000000000009770	      0.20647136306004154616	      0.20647136306004154616	      0.20647136306004154616	      0.44024175547350963278	      0.20034544743407395329	     -0.01017467769247472516	     -0.65124481008128076720	     -0.19498957063492675101	     -0.10553600281596400845	      6.71585285243769636310	     -0.10075566493043822125	     -1.59073654912151063456	     -0.45484429896468858701	     -0.11083335537781965896	      0.78310179657539846776	      0.79003112204888492620
      0.48600000000000009859	      0.20713119756986328457	      0.20713119756986328457	      0.20713119756986328457	      0.44264714543326361129	      0.20085213993067951854	     -0.00898180913329849583	     -0.66182415270081929037	     -0.20380400213761670769	     -0.08732219605100427495	      6.71371749157902275584	     -0.09150339548679167767	     -1.59025226983341805287	     -0.45658691764624581566	     -0.11151356691694612466	      0.77671976262925634948	      0.79223753801792473617
      0.48700000000000009948	      0.20780163766699122352	      0.20780163766699122352	      0.20780163766699122352	      0.44496387735785419837	      0.20132973142839094560	     -0.00784346096168241601	     -0.67197917153045627625	     -0.21258621564592949937	     -0.06910881130636357950	      6.71026588091229481137	     -0.08201770641624790692	     -1.58949360508700165973	     -0.45819005129725814962	     -0.11214511758376451145	      0.76999538192481531418	      0.79444583656630052282
      0.48800000000000010036	      0.20848101287240075608	      0.20848101287240075608	      0.20848101287240075608	      0.44719060534221882763	      0.20177867907132929215	     -0.00676026118748482806	     -0.68170267742967516345	     -0.22133222931862805982	     -0.05090525555095787996	      6.70548034900191591845	     -0.07230929506754101010	     -1.58845756192991705014	     -0.45965217171223482495	     -0.11272756607272671481	      0.76293177319525773417	      0.79607115058185951018
      0.48900000000000010125	      0.20916872475128478470	      0.20916872475128478470	      0.20916872475128478470	      0.44932507117247560968	      0.20219945666726882316	     -0.00573295552505449953	     -0.69098622455164915301	     -0.23003655547456738906	     -0.03271976355656770058	      6.69934157095476123800	     -0.06238492479614394376	     -1.58714246351161447635	     -0.46096985492655168093	     -0.11326157790460725239	      0.75552909703934434393	      0.79711345411248568649
      0.49000000000000010214	      0.20986527280007946650	      0.20986527280007946650	      0.20986527280007946650	      0.45136409379892944438	      0.20259258160559406869	     -0.00476243447411177703	     -0.69982007362916920368	     -0.23869217515880930547	     -0.01455944285315415032	      6.69182857270799935634	     -0.05224731502549025131	     -1.58554787866028257248	     -0.46213783417637288586	     -0.11374949462855266091	      0.74778462291026093212	      0.79816519745517677809
      0.49100000000000010303	      0.21057028937206936914	      0.21057028937206936914	      0.21057028937206936914	      0.45330553229617537303	      0.20295865505648288951	     -0.00384932939050095868	     -0.70819641894721263586	     -0.24729340158379703452	      0.00356739409817212125	      6.68292377058171727100	     -0.04190389253570506872	     -1.58367258350669648514	     -0.46315271454297357590	     -0.11419201637408643579	      0.73969891925582165193	      0.79923766796184925187
      0.49200000000000010392	      0.21128285924289777475	      0.21128285924289777475	      0.21128285924289777475	      0.45514734464477440978	      0.20329832766769598273	     -0.00299421096440422941	     -0.71610800577290700808	     -0.25583472464304418681	      0.02165226370786752993	      6.67261060135700123652	     -0.03136275288580056553	     -1.58151570994579859786	     -0.46401142284488094969	     -0.11458984845840958222	      0.73127305649758866934	      0.80030930688705093079
      0.49300000000000010481	      0.21200118043581442362	      0.21200118043581442362	      0.21200118043581442362	      0.45688851286932963269	      0.20361228443401202526	     -0.00219736322439363424	     -0.72354949798895884516	     -0.26431196594171446623	      0.03968560628817972835	      6.66087584416437472612	     -0.02063662357014676638	     -1.57907581809534014461	     -0.46471283771614663172	     -0.11494346585643067105	      0.72251235193526297529	      0.80080444009592621768
      0.49400000000000010569	      0.21272456944525902633	      0.21272456944525902633	      0.21272456944525902633	      0.45852710915623895449	      0.20390125142570567074	     -0.00145922698126290610	     -0.73051433398908494077	     -0.27271944699971961690	      0.05765898512786342411	      6.64770468826014937491	     -0.00973424019170017474	     -1.57635267060645745119	     -0.46525394292129612639	     -0.11525394223738565092	      0.71341867144056470007	      0.80072376844921488992
      0.49500000000000010658	      0.21345348638484140658	      0.21345348638484140658	      0.21345348638484140658	      0.46006028503653434436	      0.20416602358927407601	     -0.00078042580245719613	     -0.73699469177650844820	     -0.28104996856840852582	      0.07556502979443194268	      6.63308074342078679564	      0.00133975306796463474	     -1.57334716527968221378	     -0.46562986741471307228	     -0.11552337257263231574	      0.70399051273074109147	      0.80065155290548006839
      0.49600000000000010747	      0.21418751697875229589	      0.21418751697875229589	      0.21418751697875229589	      0.46148623048858672391	      0.20440743166839139833	     -0.00016130524623280426	     -0.74298471489018247382	     -0.28929770566322077219	      0.09339528332472446515	      6.61699101007002088437	      0.01257605696819746703	     -1.57005957215162350593	     -0.46583773562824121184	     -0.11575329256202898653	      0.69423013352208251536	      0.80060182691451220460
      0.49700000000000010836	      0.21492568332343608972	      0.21492568332343608972	      0.21492568332343608972	      0.46280324142812095944	      0.20462634236068977245	      0.00039784915687956249	     -0.74847907898840648766	     -0.29745702375067606393	      0.11114116294099411764	      6.59942356322717227357	      0.02396474172132490033	     -1.56649048013035074867	     -0.46587499783932184716	     -0.11594524374530236488	      0.68414031796390883944	      0.80055620703921459569
      0.49800000000000010925	      0.21566609799086972066	      0.21566609799086972066	      0.21566609799086972066	      0.46401065499539068115	      0.20482361349790051408	      0.00089706102282578835	     -0.75347445126138290483	     -0.30552367571723754169	      0.12879312244421861622	      6.58036986195295892088	      0.03549121501577456872	     -1.56264003497942205456	     -0.46574094856717235258	     -0.11609968183582924928	      0.67372839426610997560	      0.79994394780663180544
      0.49900000000000011013	      0.21640804821188958096	      0.21640804821188958096	      0.21640804821188958096	      0.46510689254772513701	      0.20500017149903682068	      0.00133616124230319377	     -0.75796628288439282795	     -0.31349193013063875179	      0.14634267813234191902	      6.55981981304143690892	      0.04714497449453958905	     -1.55850948731935612379	     -0.46543310509482077597	     -0.11621807531013243764	      0.66299782536048390558	      0.79876650336736509939
      0.50000000000000011102	      0.21715202058957633335	      0.21715202058957633335	      0.21715202058957633335	      0.46608944892711678953	      0.20515704055234953995	      0.00171476363284917130	     -0.76194876755550766667	     -0.32135455108221655518	      0.16378234276722553053	      6.53776178801634344495	      0.05891969970299913012	     -1.55410111655610383430	     -0.46494724210119803276	     -0.11630321953123706757	      0.65194827795264997938	      0.79760473520117780577
      0.50100000000000011191	      0.21789761281892280897	      0.21789761281892280897	      0.21789761281892280897	      0.46695686605208230890	      0.20529523857032358491	      0.00203278449041138440	     -0.76541811048419750030	     -0.32910572816912031513	      0.18110366126192559144	      6.51418756442280155738	      0.07080443645491094062	     -1.54941672399477869959	     -0.46428111445024838888	     -0.11635733182336985281	      0.64058366675839628623	      0.79647584321966080623
      0.50200000000000011280	      0.21864383919603200268	      0.21864383919603200268	      0.21864383919603200268	      0.46770780330710881589	      0.20541581147865245471	      0.00229020162227029514	     -0.76837104914719922544	     -0.33673985191492683544	      0.19829809587429692019	      6.48909003518128990606	      0.08278764434161617336	     -1.54445840744363427355	     -0.46343279230621714504	     -0.11638259992366199735	      0.62890842643632705045	      0.79536477818356443592
      0.50300000000000011369	      0.21938877699629300011	      0.21938877699629300011	      0.21938877699629300011	      0.46834199091883987887	      0.20551975992786478131	      0.00248732696825474308	     -0.77080640739375672066	     -0.34425277809551363406	      0.21535624933721891905	      6.46246551988198358885	      0.09485306207256433142	     -1.53922789917056279663	     -0.46240206218964852170	     -0.11637898163763163439	      0.61693141302427689787	      0.79370144646107720909
      0.50400000000000011458	      0.22013174192733175882	      0.22013174192733175882	      0.22013174192733175882	      0.46885822968971430091	      0.20560818315644840970	      0.00262424988134254879	     -0.77272176073976261979	     -0.35163888693614525627	      0.23226972452452826490	      6.43430880952051431620	      0.10698866019008525241	     -1.53372795313862830824	     -0.46118709693588311183	     -0.11634834283991274395	      0.60465750944033036518	      0.79148801037945204495
      0.50500000000000011546	      0.22087331209759397677	      0.22087331209759397677	      0.22087331209759397677	      0.46925438037362932064	      0.20568230975797363591	      0.00270081457502244129	     -0.77411338110659000389	     -0.35889105935642556799	      0.24903105138894662818	      6.40461319052266375706	      0.11918672628725265894	     -1.52796225114908934550	     -0.45978449085734435231	     -0.11629471521028666992	      0.59208765838120192004	      0.78930648355214549916
      0.50600000000000011635	      0.22161315529298841742	      0.22161315529298841742	      0.22161315529298841742	      0.46952937196280863930	      0.20574332614332624392	      0.00271719608357823923	     -0.77497961244676338843	     -0.36600366775106440986	      0.26563190588713003759	      6.37337537995194924889	      0.13143490475526420358	     -1.52193410353835090199	     -0.45819273421551731662	     -0.11622094046518224864	      0.57922729610118539600	      0.78717776027658470372
      0.50700000000000011724	      0.22235033569636786233	      0.22235033569636786233	      0.22235033569636786233	      0.46968226539449392520	      0.20579244371455060469	      0.00267363319494750337	     -0.77531935809056240494	     -0.37297129711472881697	      0.28206392013778425198	      6.34059323451102407887	      0.14372030645858180353	     -1.51564711900994630867	     -0.45641061719516018425	     -0.11612977057361782707	      0.56608233112415962118	      0.78509035346473277084
      0.50800000000000011813	      0.22308295014890183738	      0.22308295014890183738	      0.22308295014890183738	      0.46971323286667360231	      0.20583079733122444654	      0.00257072605969137615	     -0.77513371990015700330	     -0.37979009526070545144	      0.29831796560568202281	      6.30626807885817441957	      0.15602524093399516847	     -1.50910456274129489707	     -0.45443848512825868458	     -0.11602020607582645695	      0.55266252937534698919	      0.78246909962586330689
      0.50900000000000011902	      0.22381040028765969430	      0.22381040028765969430	      0.22381040028765969430	      0.46962149574243350347	      0.20585965059708749569	      0.00240882907789576224	     -0.77442245928620534468	     -0.38645472578557527044	      0.31438585518093181692	      6.27039972406813106431	      0.16833643737981357491	     -1.50231064150321902417	     -0.45227526149318891813	     -0.11589447512901557280	      0.53897398030241083777	      0.77931656171281893375
      0.51000000000000011990	      0.22453341399599990869	      0.22453341399599990869	      0.22453341399599990869	      0.46940531314372757610	      0.20588042678681411912	      0.00218802970946916156	     -0.77318392480310504933	     -0.39295833837072041694	      0.33026026523327994822	      6.23298649687421413290	      0.18064512331259496847	     -1.49527038988339899817	     -0.44991848162403780265	     -0.11575821635977559532	      0.52501909700264837166	      0.77622091361837985968
      0.51100000000000012079	      0.22525178073682830537	      0.22525178073682830537	      0.22525178073682830537	      0.46906404250179278836	      0.20589447244931391445	      0.00190877529612730294	     -0.77141860789340288562	     -0.39929565531575261783	      0.34593312963815991967	      6.19403017512982145831	      0.19293785018525969055	     -1.48798851388899033843	     -0.44736746347857170303	     -0.11561492630311574759	      0.51080460170659880426	      0.77320766165673471271
      0.51200000000000012168	      0.22596466893881780869	      0.22596466893881780869	      0.22596466893881780869	      0.46859718601676370042	      0.20590315441596923618	      0.00157157754587911036	     -0.76912760935923996097	     -0.40546162327195023334	      0.36139637757541626106	      6.15353367550568552957	      0.20520069784356215203	     -1.48047004106996515915	     -0.44462180587979549529	     -0.11546792085088866675	      0.49633760494393525109	      0.77026938676681377949
      0.51300000000000012257	      0.22667024549166836511	      0.22667024549166836511	      0.22667024549166836511	      0.46800540444653743188	      0.20590772795149292484	      0.00117733896706831648	     -0.76631435214516974153	     -0.41145286437915223887	      0.37664128129344226492	      6.11150342035625815384	      0.21741483588319768239	     -1.47271963166781771903	     -0.44168241688417253510	     -0.11531462835637999731	      0.48162824788295321987	      0.76681687829068123641
      0.51400000000000012346	      0.22736804429011137074	      0.22736804429011137074	      0.22736804429011137074	      0.46728837427223596235	      0.20590960152580106701	      0.00072669644222114413	     -0.76298075667704667868	     -0.41726448382314107466	      0.39166000417571328329	      6.06794431236607056945	      0.22956609087908869116	     -1.46474279254583850118	     -0.43854902791604843948	     -0.11515759662209089365	      0.46668361025853427604	      0.76285257225862190822
      0.51500000000000012434	      0.22805898302955654455	      0.22805898302955654455	      0.22805898302955654455	      0.46644477549047547171	      0.20591036719980285175	      0.00022000114626163220	     -0.75912715512124029349	     -0.42289003467978014683	      0.40644551841467579933	      6.02285976762121766370	      0.24164501702868035338	     -1.45654575092392546409	     -0.43522022792991027496	     -0.11500458979906601209	      0.45150770316375293811	      0.75897823497714222984
      0.51600000000000012523	      0.22874300582656265091	      0.22874300582656265091	      0.22874300582656265091	      0.46547442141234457447	      0.20591150215049769390	     -0.00034200692300679248	     -0.75475610579301766201	     -0.42832473629395823034	      0.42099016833213465105	      5.97625666401734090272	      0.25363743412641059916	     -1.44813438758773505022	     -0.43169619540299858373	     -0.11485964494968854688	      0.43610823958326599969	      0.75522451421844261077
      0.51700000000000012612	      0.22941942254751410135	      0.22941942254751410135	      0.22941942254751410135	      0.46437727881181239953	      0.20591449442936962666	     -0.00095852453133856612	     -0.74987083937642950993	     -0.43356404583897778515	      0.43528633371501429528	      5.92814299014491119522	      0.26552876471780001433	     -1.43951494046941008698	     -0.42797736803068286981	     -0.11472649432684332849	      0.42049321075015000382	      0.75158804448306404389
      0.51800000000000012701	      0.23008649998454169805	      0.23008649998454169805	      0.23008649998454169805	      0.46315452808585849676	      0.20592067762154259158	     -0.00162832425835383529	     -0.74447703778917628803	     -0.43860523160090375550	      0.44932584538926456652	      5.87853027451178000717	      0.27729938917781699059	     -1.43069323167907636041	     -0.42406520764813182556	     -0.11460055528056310725	      0.40467279599138283874	      0.74745469336468950416
      0.51900000000000012790	      0.23074392496147042020	      0.23074392496147042020	      0.23074392496147042020	      0.46180631723146220446	      0.20593155934914450511	     -0.00235046439255928892	     -0.73857866072136002522	     -0.44344398322704531301	      0.46310138138001671892	      5.82742849096760195948	      0.28893463698763566239	     -1.42167581442965884619	     -0.41996028088345194185	     -0.11448465731933257783	      0.38865484104602521231	      0.74282655464526137212
      0.52000000000000012879	      0.23139281611866246990	      0.23139281611866246990	      0.23139281611866246990	      0.46033174918770225492	      0.20594885097212120573	     -0.00312430852635770841	     -0.73217785531090351370	     -0.44807437130496136080	      0.47660638050988757275	      5.77484609265363779684	      0.30042484962063259468	     -1.41246984950111942325	     -0.41566230071947152247	     -0.11438908632351334205	      0.37244487922778130029	      0.73832933028761404959
      0.52100000000000012967	      0.23203327308956384067	      0.23203327308956384067	      0.23203327308956384067	      0.45873110509363795861	      0.20597410527131371216	     -0.00394880039210677297	     -0.72527910087666913608	     -0.45249224992248360255	      0.48983376799632827314	      5.72079500524580808474	      0.31175553579577652830	     -1.40308209178414222684	     -0.41117230339761556834	     -0.11431822142904031481	      0.35605127332436498078	      0.73399719782246952704
      0.52200000000000013056	      0.23266475110699585960	      0.23266475110699585960	      0.23266475110699585960	      0.45700482402155179207	      0.20600887200876527583	     -0.00482282205874799350	     -0.71788761023754654733	     -0.45669372880657715941	      0.50277654538229632486	      5.66528821629763612577	      0.32291189238126444261	     -1.39351968716134955173	     -0.40649156271540187735	     -0.11427599176594491204	      0.33948254578455921981	      0.72982871595563270084
      0.52300000000000013145	      0.23328561686487039872	      0.23328561686487039872	      0.23328561686487039872	      0.45515461268851037380	      0.20605449564302866228	     -0.00574479553684525621	     -0.71001116117114726478	     -0.46067687504978760415	      0.51542728480123523038	      5.60834226711931282949	      0.33387396126474971902	     -1.38378932379807051412	     -0.40162209054999425950	     -0.11425568669518579301	      0.32274880051845905582	      0.72517928220165095432
      0.52400000000000013234	      0.23389569751570846168	      0.23389569751570846168	      0.23389569751570846168	      0.45318108906414505954	      0.20611251474883990342	     -0.00671345185562153592	     -0.70165557393176691825	     -0.46443809254846590839	      0.52777935934812592045	      5.54997208645543160799	      0.34462704282968764646	     -1.37389828726990326224	     -0.39656529173239596364	     -0.11426037455031290424	      0.30585840141533332526	      0.72005124373275719574
      0.52500000000000013323	      0.23449629002085667362	      0.23449629002085667362	      0.23449629002085667362	      0.45108376842009123564	      0.20618469156961233280	     -0.00772785213976226633	     -0.69282462502415131933	     -0.46797207516909639091	      0.53982685326497426015	      5.49019101748693305609	      0.35516175627948592952	     -1.36385435921200581788	     -0.39132202083870859521	     -0.11430295471138955665	      0.28881805517547659568	      0.71510196782544455107
      0.52600000000000013411	      0.23508761815346007618	      0.23508761815346007618	      0.23508761815346007618	      0.44886339931738861164	      0.20627258046375840372	     -0.00878660556470601921	     -0.68352454831871423124	     -0.47127544296388590439	      0.55156345240229087690	      5.42901588387687716875	      0.36546375155271138002	     -1.35366484700081790571	     -0.38589414146571776598	     -0.11438787664049546167	      0.27163642610130322996	      0.71036498451675345045
      0.52700000000000013500	      0.23566925209538003294	      0.23566925209538003294	      0.23566925209538003294	      0.44652088939461298533	      0.20637771744547778185	     -0.00988826387230988882	     -0.67376234659820544159	     -0.47434509478995950937	      0.56298295886227589513	      5.36646450498903160309	      0.37551845678912859627	     -1.34333746249007401907	     -0.38028373709704266226	     -0.11451899892264499892	      0.25432223621897143140	      0.70583646420296075608
      0.52800000000000013589	      0.23623963528908065168	      0.23623963528908065168	      0.23623963528908065168	      0.44405845174904678974	      0.20650138130340617293	     -0.01103089114930024678	     -0.66354764557191225904	     -0.47718001743333038345	      0.57407887950125680021	      5.30255820824922174950	      0.38530612462340224633	     -1.33287944420358250852	     -0.37449341502288235883	     -0.11468792463398741477	      0.23688554848577825229	      0.70084788314153168010
      0.52900000000000013678	      0.23679869772628406310	      0.23679869772628406310	      0.23679869772628406310	      0.44147716193325886591	      0.20664506776006633104	     -0.01221289176746997822	     -0.65288791634765519500	     -0.47977744676052197503	      0.58484546207380705418	      5.23731664262632357065	      0.39481252224778479176	     -1.32229848682811801375	     -0.36852541388021475832	     -0.11489792672670312568	      0.21933498225894917932	      0.69540298531680777572
      0.53000000000000013767	      0.23734786744805469461	      0.23734786744805469461	      0.23734786744805469461	      0.43877694117457372025	      0.20681051942120268206	     -0.01343303502172321293	     -0.64178839826174494121	     -0.48213281157644749531	      0.59527760408595631336	      5.17075778892871440462	      0.40402899796957136846	     -1.31160267665447904939	     -0.36238168525005221010	     -0.11516410773442842252	      0.20167787019666172377	      0.69018822079198571817
      0.53100000000000013856	      0.23788744660881636084	      0.23788744660881636084	      0.23788744660881636084	      0.43595899948919752953	      0.20699921980814192657	     -0.01468961262632916508	     -0.63025689866437550890	     -0.48424361644551788819	      0.60536992675778056316	      5.10290308494746014389	      0.41294181056676260155	     -1.30079957621199193696	     -0.35606486621697014394	     -0.11549063172783961828	      0.18392288455025668226	      0.68523115203689000108
      0.53200000000000013944	      0.23841707309537327197	      0.23841707309537327197	      0.23841707309537327197	      0.43302470431209005852	      0.20721261997703813162	     -0.01598086856943815859	     -0.61830197968377020867	     -0.48610767127296738987	      0.61511720608586051284	      5.03377488078268697791	      0.42153709126255139994	     -1.28989712591576188849	     -0.34957780302636098924	     -0.11588096981799399232	      0.16607868644625012333	      0.68052078950180883155
      0.53300000000000014033	      0.23893523977544711689	      0.23893523977544711689	      0.23893523977544711689	      0.42997673420091103713	      0.20745186820191982568	     -0.01730455004978381089	     -0.60593479512139936105	     -0.48772495819312478016	      0.62451406882372983986	      4.96339889542919010523	      0.42979593224681850172	     -1.27890280157147628870	     -0.34292382289216283286	     -0.11632611317323539313	      0.14815535599967957769	      0.67538507216258336641
      0.53400000000000014122	      0.23944193827422513565	      0.23944193827422513565	      0.23944193827422513565	      0.42681660582843161666	      0.20771835232400165383	     -0.01865878054820965457	     -0.59316424170005976890	     -0.48909364211086198138	      0.63355580682092682565	      4.89179911985874049662	      0.43770506469498909885	     -1.26782440718091149456	     -0.33610598580178019379	     -0.11682948275971982710	      0.13016150486474339920	      0.66983018462298515860
      0.53500000000000014211	      0.23993867692381323775	      0.23993867692381323775	      0.23993867692381323775	      0.42354465275687724901	      0.20801373007925125225	     -0.02004208858350104913	     -0.57999689288069833371	     -0.49021000304173417694	      0.64223828754283940334	      4.81899780403236910331	      0.44525694048379471646	     -1.25667005438332735068	     -0.32912719521123973143	     -0.11740728325719151925	      0.11210450015554879188	      0.66455490513105253125
      0.53600000000000014300	      0.24042580109213326778	      0.24042580109213326778	      0.24042580109213326778	      0.42016253502782230367	      0.20833935107762843741	     -0.02145251185596613527	     -0.56644194744994147417	     -0.49107252279074248280	      0.65055723531393627734	      4.74502056586376852465	      0.45243889721296554063	     -1.24544731249298790132	     -0.32199081089452641358	     -0.11806314501710249432	      0.09399277408003946233	      0.65957684502429925200
      0.53700000000000014388	      0.24090297823699732827	      0.24090297823699732827	      0.24090297823699732827	      0.41667206509698473393	      0.20869651974350458823	     -0.02288805455434149774	     -0.55250928899391338334	     -0.49168001656389953569	      0.65850856674047231198	      4.66989383823430159737	      0.45923824346744374081	     -1.23416405555470931610	     -0.31470040170371360588	     -0.11879996912472290393	      0.07583471206493666572	      0.65487507401302036403
      0.53800000000000014477	      0.24136873989506812954	      0.24136873989506812954	      0.24136873989506812954	      0.41307633415163469426	      0.20908620367555449948	     -0.02434623726867578275	     -0.53821126670592711605	     -0.49203349406379098818	      0.66608819722425172127	      4.59364718601075594506	      0.46563755706246190424	     -1.22282771490192132546	     -0.30726017406285377476	     -0.11960942400869270519	      0.05764038830658202439	      0.64980150314362328245
      0.53900000000000014566	      0.24182311729065217309	      0.24182311729065217309	      0.24182311729065217309	      0.40937728087840563607	      0.20950962773606510159	     -0.02582499161734337634	     -0.52355799198476227208	     -0.49213212175594983622	      0.67329262303334158624	      4.51630842838532853278	      0.47162500599643997212	     -1.21144595411707944876	     -0.29967398014180990362	     -0.12049494694003951012	      0.03941814059940741688	      0.64436482801455763347
      0.54000000000000014655	      0.24226766633317867172	      0.24226766633317867172	      0.24226766633317867172	      0.40557566516981441440	      0.20996830427832760546	     -0.02732269179448968549	     -0.50855728184337600783	     -0.49197314496225125202	      0.68011883517834414992	      4.43790360255436322490	      0.47719444551332890203	     -1.20002669040447962345	     -0.29194544765170543643	     -0.12147228555670099015	      0.02117484476667070778	      0.63924901531767852614
      0.54100000000000014744	      0.24270276838717913526	      0.24270276838717913526	      0.24270276838717913526	      0.40167357769127970402	      0.21046339605229302805	     -0.02883722392076534108	     -0.49321955023983188315	     -0.49155608679788476145	      0.68656381935348853585	      4.35846193789616176417	      0.48233474351686650428	     -1.18857730498594293955	     -0.28407864605727523033	     -0.12254455553875397145	      0.00291846649560699098	      0.63446084931753843339
      0.54200000000000014833	      0.24312811059203109920	      0.24312811059203109920	      0.24312811059203109920	      0.39767325259858393727	      0.21099600910384516683	     -0.03036645498351666153	     -0.47755577944554067349	     -0.49088082769182256326	      0.69262478796854654028	      4.27801337266922043767	      0.48703483381608203562	     -1.17710537247970248309	     -0.27607786060721517529	     -0.12371417104975020174	     -0.01534308930006817936	      0.62997007390545511907
      0.54300000000000014921	      0.24354227933930602812	      0.24354227933930602812	      0.24354227933930602812	      0.39357813687352199983	      0.21156689128038255743	     -0.03190779649560715470	     -0.46157922410464058416	     -0.48994939947175142336	      0.69829908779131966146	      4.19659067148064757191	      0.49127935252340532157	     -1.16561805412145025329	     -0.26794823349609653285	     -0.12497417937196093896	     -0.03359990161371894518	      0.62517703808314251113
      0.54400000000000015010	      0.24394535086461346940	      0.24394535086461346940	      0.24394535086461346940	      0.38939056536784166784	      0.21217705592511604262	     -0.03345909370724718668	     -0.44530103440525820035	     -0.48876201202507901789	      0.70358455770517125405	      4.11422486948908083804	      0.49505832163678298308	     -1.15412269021961622073	     -0.25969434976922817215	     -0.12632783379103260102	     -0.05184419116596541977	      0.62009177515314339857
      0.54500000000000015099	      0.24433891930838258499	      0.24433891930838258499	      0.24433891930838258499	      0.38511173059330588986	      0.21282781091230132398	     -0.03501865652870025936	     -0.42873020643864750978	     -0.48731697083966440953	      0.70847944585524680328	      4.03094521975108399658	      0.49836725503043582952	     -1.14262685349393389167	     -0.25132036507794058844	     -0.12778921484974090084	     -0.07007001411531053880	      0.61535501314901253078
      0.54600000000000015188	      0.24472342244351416585	      0.24472342244351416585	      0.24472342244351416585	      0.38074411605349373078	      0.21352008488102655615	     -0.03658432097836848002	     -0.41187821134405616652	     -0.48561486008596971287	      0.71298212247802306152	      3.94678390632548126149	      0.50119698583215110954	     -1.13113760804686291905	     -0.24283102891402977286	     -0.12936104021722863444	     -0.08827011751332926315	      0.61096650158722753954
      0.54700000000000015277	      0.24509858768350364921	      0.24509858768350364921	      0.24509858768350364921	      0.37629033546736107008	      0.21425473881598089410	     -0.03815391188921686549	     -0.39475695038807806503	     -0.48365663447711892964	      0.71709120958274930047	      3.86177371087788223747	      0.50353850527641985657	     -1.11966208503250319595	     -0.23423130766113325896	     -0.13104538902072571105	     -0.10643732354944995810	      0.60689164006651785677
      0.54800000000000015365	      0.24546308786822235160	      0.24546308786822235160	      0.24546308786822235160	      0.37175413875168816791	      0.21503226191307925341	     -0.03972482789254562496	     -0.37738039538377671223	     -0.48144532690842750666	      0.72080557111255660896	      3.77594992278158736454	      0.50537895261511456280	     -1.10820702639457846495	     -0.22552719113617200608	     -0.13283661311798206084	     -0.12456219076284183456	      0.60258866254996668044
      0.54900000000000015454	      0.24581706799560268384	      0.24581706799560268384	      0.24581706799560268384	      0.36713821656052364473	      0.21585340858070711789	     -0.04129491086808267236	     -0.35976060217189304025	     -0.47898219995837199026	      0.72412447574371840986	      3.68934612635755243559	      0.50671056655939183955	     -1.09677933667617710789	     -0.21672389940893713178	     -0.13473757812921385857	     -0.14263783519845146808	      0.59806679792591121991
      0.55000000000000015543	      0.24616216935147122724	      0.24616216935147122724	      0.24616216935147122724	      0.36244416978196491996	      0.21671922507093252519	     -0.04286247372733505145	     -0.34190766271133110621	     -0.47626666754960489403	      0.72704751847687287825	      3.60199414292178410335	      0.50753078363551173968	     -1.08538615058417020620	     -0.20782599006659463470	     -0.13676023009381549356	     -0.16065960628261480303	      0.59390677089397136967
      0.55100000000000015632	      0.24649891624615485886	      0.24649891624615485886	      0.24649891624615485886	      0.35767481678779422527	      0.21763036100461946587	     -0.04442537775011302925	     -0.32383395074137916181	     -0.47330035928288566316	      0.72957452192139371494	      3.51392840888361179807	      0.50783277905308188416	     -1.07403412254745855847	     -0.19883883640559030237	     -0.13890705997091873369	     -0.17862126197372574232	      0.59010778057593560320
      0.55200000000000015721	      0.24682711124066289421	      0.24682711124066289421	      0.24682711124066289421	      0.35283309030089898828	      0.21858738807923350222	     -0.04598147593809809308	     -0.30555213259892144428	     -0.47008527603175104259	      0.73170557644874456571	      3.42518383957591909805	      0.50760996338619857049	     -1.06272985244439666097	     -0.18976801578689234118	     -0.14117997512638386093	     -0.19651666193033057173	      0.58663771607400694297
      0.55300000000000015810	      0.24714554120019752159	      0.24714554120019752159	      0.24714554120019752159	      0.34792299829455219928	      0.21959049287529966432	     -0.04752821525496957189	     -0.28707678805114128506	     -0.46662543805358380755	      0.73344109367816079370	      3.33579757895664164025	      0.50685223373667998015	     -1.05147955304648532682	     -0.18062011904133970508	     -0.14357374016818663653	     -0.21433731757987978250	      0.58300267741937050747
      0.55400000000000015898	      0.24745444307139599638	      0.24745444307139599638	      0.24745444307139599638	      0.34294753084511986341	      0.22064012350953562946	     -0.04906348867888064846	     -0.26842074069414845194	     -0.46292314548436225285	      0.73478180816104521345	      3.24580506258420964372	      0.50555432242143405475	     -1.04028959979579105344	     -0.17140086675989282816	     -0.14609064188204759493	     -0.23207761076574914827	      0.57920893882653379237
      0.55500000000000015987	      0.24775551726953351506	      0.24775551726953351506	      0.24775551726953351506	      0.33790863263803744276	      0.22173701297188838644	     -0.05058565788885889536	     -0.24959500763209699348	     -0.45897891231941317924	      0.73572870392977929299	      3.15523996515983107258	      0.50371587141825768796	     -1.02916659740046667615	     -0.16211518007522796037	     -0.14874086455626417402	     -0.24973445917211978262	      0.57578005907567819666
      0.55600000000000016076	      0.24804939047051324796	      0.24804939047051324796	      0.24804939047051324796	      0.33280938441414698037	      0.22288148747690450513	     -0.05209265577835750505	     -0.23061267496663784282	     -0.45479538367585081726	      0.73628307024683514737	      3.06413825752212209963	      0.50133267762314526195	     -1.01811667981026277019	     -0.15276897384444909633	     -0.15152681108775489793	     -0.26730297157154081500	      0.57272091209567499437
      0.55700000000000016165	      0.24833596595716928013	      0.24833596595716928013	      0.24833596595716928013	      0.32765296532604237800	      0.22407378627314583630	     -0.05358240781409062681	     -0.21148700625455438273	     -0.45037556431969938409	      0.73644647250296446650	      2.97253626324244901724	      0.49840082761978177217	     -1.00714582822311982113	     -0.14336833406534360558	     -0.15445030898517281281	     -0.28477839981562946825	      0.57000744275435477615
      0.55800000000000016254	      0.24861415080248741583	      0.24861415080248741583	      0.24861415080248741583	      0.32244360101678909425	      0.22531374500419357187	     -0.05505243899701525723	     -0.19223310081100283830	     -0.44572446055597819692	      0.73622085703306128224	      2.88047233197694740880	      0.49491305352693210073	     -0.99625960730669838039	     -0.13392008214985826053	     -0.15750512976588945668	     -0.30215373947984558445	      0.56716830913629456834
      0.55900000000000016342	      0.24888427812550953377	      0.24888427812550953377	      0.24888427812550953377	      0.31718451240250600254	      0.22660146198852926247	     -0.05650072667374209101	     -0.17286436490406875688	     -0.44084538117977334348	      0.73560841497933038280	      2.78798305207285235241	      0.49086676911991766747	     -0.98546374053308249952	     -0.12443029198590500883	     -0.16069286416117314897	     -0.31942499263620816041	      0.56420526832581630039
      0.56000000000000016431	      0.24914810571414586216	      0.24914810571414586216	      0.24914810571414586216	      0.31187789348453909266	      0.22793731851654416842	     -0.05792571820787591891	     -0.15339245554306443764	     -0.43573988826370180227	      0.73461151513655731371	      2.69510321169333311175	      0.48626411891799248277	     -0.97476416517084618629	     -0.11490432513448735341	     -0.16402305889906665382	     -0.33659082417789870645	      0.56160513144601931224
      0.56100000000000016520	      0.24940635114210177314	      0.24940635114210177314	      0.24940635114210177314	      0.30652700912443153758	      0.22932128215674801863	     -0.05932545173285708878	     -0.13383091653903922413	     -0.43041160282253720926	      0.73323288782521711671	      2.60186962517540854023	      0.48110373256121408136	     -0.96416632672262314596	     -0.10534850361095621230	     -0.16749794957025515574	     -0.35364798693924398565	      0.55938310719499018120
      0.56200000000000016609	      0.24965902090463890084	      0.24965902090463890084	      0.24965902090463890084	      0.30113520968650037135	      0.23075322815741691751	     -0.06069796273626046346	     -0.11419338934723322065	     -0.42486448073157528915	      0.73147554383829704872	      2.50831933236334281290	      0.47538457305090797700	     -0.95367545162276523563	     -0.09576926608595147383	     -0.17111914313491941031	     -0.37059341857023803124	      0.55752637907618296520
      0.56300000000000016698	      0.24990511879567900433	      0.24990511879567900433	      0.24990511879567900433	      0.29570690463003979076	      0.23223260189223718375	     -0.06204087660433289103	     -0.09449536931644300641	     -0.41910451874269355477	      0.72934292483214857583	      2.41449129568909492960	      0.46910220807447022828	     -0.94329627523804693290	     -0.08617331871019960621	     -0.17487823759816784053	     -0.38742207027838765354	      0.55555180824159544617
      0.56400000000000016787	      0.25014505275096327042	      0.25014505275096327042	      0.25014505275096327042	      0.29024547345406676024	      0.23375912527389075546	     -0.06335228964123544582	     -0.07475058324515146402	     -0.41313598922383443224	      0.72683863887304733797	      2.32042260162024405190	      0.46225690274462383211	     -0.93303367685296778600	     -0.07656695393993556698	     -0.17877610470092206163	     -0.40413180983083124564	      0.55345596702634825004
      0.56500000000000016875	      0.25038061850293952260	      0.25038061850293952260	      0.25038061850293952260	      0.28475324942387419958	      0.23533281429487451497	     -0.06463078172819362865	     -0.05497092677658939330	     -0.40696140751185244655	      0.72396640078349994152	      2.22614843629244596457	      0.45485363911567694428	     -0.92289272182730497374	     -0.06695606669580889125	     -0.18282284822485317388	     -0.42072307029023209290	      0.55172170098100992153
      0.56600000000000016964	      0.25061258538707165133	      0.25061258538707165133	      0.25061258538707165133	      0.27923360614042169736	      0.23695326080526035728	     -0.06587453213841301669	     -0.03517007886013276408	     -0.40058531690486293142	      0.72073033041986567238	      2.13170582759620241831	      0.44689403836458030383	     -0.91287792467894890436	     -0.05734721115594802743	     -0.18702026735824500703	     -0.43719444489522124586	      0.55037588965512240780
      0.56700000000000017053	      0.25084103951077924011	      0.25084103951077924011	      0.25084103951077924011	      0.27368999345211147967	      0.23861996230416965270	     -0.06708172647972482361	     -0.01536177789990552517	     -0.39401255906757298719	      0.71713482897038083319	      2.03713190163257262810	      0.43838007777007725885	     -0.90299355048108542743	     -0.04774698485311266311	     -0.19136943465913874851	     -0.45354475432480001462	      0.54941638339495946219
      0.56800000000000017142	      0.25106503515190548015	      0.25106503515190548015	      0.25106503515190548015	      0.26812696933965329826	      0.24033195140065694018	     -0.06825011561021078477	      0.00443827938345595086	     -0.38725010755602129464	      0.71318477423951576188	      1.94246569337681340706	      0.42931011519529632681	     -0.89324325199650045359	     -0.03816175436962497558	     -0.19585929648362512823	     -0.46977124418658178229	      0.54831452064585572970
      0.56900000000000017231	      0.25128501439494216330	      0.25128501439494216330	      0.25128501439494216330	      0.26254799839425579933	      0.24208856689722640931	     -0.06937795400302007587	      0.02421637802250430418	     -0.38030312664925630672	      0.70888512863539920872	      1.84774418355728298202	      0.41968738825018481187	     -0.88363080922643610915	     -0.02859789734621892565	     -0.20049001568548774355	     -0.48587377576649465327	      0.54706200352138867338
      0.57000000000000017319	      0.25150277857315317398	      0.25150277857315317398	      0.25150277857315317398	      0.25695544030933198387	      0.24388946923463739047	     -0.07046400857129853090	      0.04396085137471955617	     -0.37317495228667302287	      0.70424088764546410868	      1.75300228418888082160	      0.40952000970293195303	     -0.87416016729024081933	     -0.01906181407269271627	     -0.20527282820098369243	     -0.50185445809439999110	      0.54617319303977562850
      0.57100000000000017408	      0.25171909309796441923	      0.25171909309796441923	      0.25171909309796441923	      0.25135270755255079145	      0.24573387548577230177	     -0.07150663859638477227	      0.06365824883171991577	     -0.36587097745055563447	      0.69925748885469940497	      1.65827666184040589670	      0.39881267496316902266	     -0.86483461751638002202	     -0.00956012979136436347	     -0.21020890091170957303	     -0.51771384937813058613	      0.54568438244546324523
      0.57200000000000017497	      0.25193408222532592822	      0.25193408222532592822	      0.25193408222532592822	      0.24574328275276666189	      0.24762090884578868977	     -0.07250422168258889577	      0.08329506234520206442	     -0.35839684728243148548	      0.69394064856768256089	      1.56360395555304876325	      0.38757043531943202730	     -0.85565720186959692839	     -0.00009942810764148984	     -0.21529856144410899899	     -0.53345277561296511326	      0.54560002655434614027
      0.57300000000000017586	      0.25214679920117466505	      0.25214679920117466505	      0.25214679920117466505	      0.24013182452193537753	      0.24954918702484243931	     -0.07345466520886378969	      0.10285566563015222097	     -0.35076044919203785977	      0.68829660315496854484	      1.46902276296663725219	      0.37579437899312889693	     -0.84663019886829615768	      0.00931443110418361808	     -0.22052806277015124525	     -0.54907091707404098724	      0.54532126738730779536
      0.57400000000000017675	      0.25235767349511284419	      0.25235767349511284419	      0.25235767349511284419	      0.23452180822980736585	      0.25151767787125917097	     -0.07435642451180331236	      0.12232672394259044846	     -0.34296773535813163125	      0.68233158471767008102	      1.37456939807314215685	      0.36349077212065483700	     -0.83775601092911311518	      0.01867512500135521877	     -0.22589685606705020571	     -0.56457015612533412163	      0.54483591393971908534
      0.57500000000000017764	      0.25256847383935482343	      0.25256847383935482343	      0.25256847383935482343	      0.22891551708146529176	      0.25352571330988560305	     -0.07520850913268140037	      0.14169725897370707979	     -0.33502271374839764917	      0.67605177689742157465	      1.28027787975156859268	      0.35067103845628777581	     -0.82903721377787142899	      0.02797585686126424082	     -0.23141738139890555281	     -0.57995417554999495469	      0.54471821429999212061
      0.57600000000000017852	      0.25277990635856151247	      0.25277990635856151247	      0.25277990635856151247	      0.22331633385136784309	      0.25557215292879836843	     -0.07600949728446362852	      0.16095440719262826823	     -0.32693152533953395711	      0.66946383775760243129	      1.18618398225645593769	      0.33734294179092305654	     -0.82047559665908520454	      0.03721008977989530286	     -0.23709001926957595785	     -0.59522553583779069797	      0.54500941361231824978
      0.57700000000000017941	      0.25299208869907213737	      0.25299208869907213737	      0.25299208869907213737	      0.21772770690991041787	      0.25765576481496016426	     -0.07675799731994328856	      0.18008522370202048601	     -0.31870050767592744689	      0.66257469506295174622	      1.09232333306556683716	      0.32351457653620924182	     -0.81207272330217949996	      0.04637142212641971045	     -0.24291420549671891016	     -0.61038709233387589137	      0.54571487699701226592
      0.57800000000000018030	      0.25320403217751497049	      0.25320403217751497049	      0.25320403217751497049	      0.21215432760750174701	      0.25977477093273704245	     -0.07745210662827481385	      0.19907446277065873885	     -0.31033833798718735153	      0.65539183037495296613	      0.99873360039105407715	      0.30918967825109600067	     -0.80382923686789686801	      0.05545465154490553800	     -0.24887365148126261438	     -0.62544090562571752479	      0.54615438691959472539
      0.57900000000000018119	      0.25341611370463562602	      0.25341611370463562602	      0.25341611370463562602	      0.20659960381293107634	      0.26192779704366392357	     -0.07809052107477433557	      0.21790951301844962984	     -0.30185162062342268952	      0.64792262224198871046	      0.90544990994477292379	      0.29437750719584637737	     -0.79574593512582780797	      0.06445365820346339591	     -0.25496706916897060591	     -0.64039081449126022960	      0.54631335549938564444
      0.58000000000000018208	      0.25363003443932041758	      0.25363003443932041758	      0.25363003443932041758	      0.20106565162123887780	      0.26411388581593125968	     -0.07867254052872209302	      0.23658045595513929604	     -0.29324488432528006410	      0.64017430909479078327	      0.81250482826761338817	      0.27909282561531323363	     -0.78782384624288026576	      0.07336140096416665646	     -0.26120788294986463374	     -0.65524198469291450309	      0.54684209226674884707
      0.58100000000000018296	      0.25384639934040964526	      0.25384639934040964526	      0.25384639934040964526	      0.19555575277697118119	      0.26633157155114794978	     -0.07919699677922883985	      0.25507530727807870008	     -0.28452488796115188441	      0.63215462778288411538	      0.71993274683055075158	      0.26334630383471258064	     -0.78006306585211759863	      0.08217159414539318418	     -0.26759556059690037255	     -0.66999891568228098215	      0.54778058409553520569
      0.58200000000000018385	      0.25406528393457145087	      0.25406528393457145087	      0.25406528393457145087	      0.19007324977169859359	      0.26857930164663734729	     -0.07966276218971271583	      0.27338196684697052552	     -0.27569852530057675777	      0.62387156717955749574	      0.62776780114519836751	      0.24714889363464204175	     -0.77246349928171342825	      0.09087818332529179477	     -0.27412854046804957520	     -0.68466640765000874591	      0.54912850304032656545
      0.58300000000000018474	      0.25428564237193113096	      0.25428564237193113096	      0.25428564237193113096	      0.18462277364525378487	      0.27085494577135332817	     -0.08006816233201152766	      0.29148587356527549952	     -0.26677508805671845682	      0.61533369100787627115	      0.53604623649739924218	      0.23050706869776294017	     -0.76502398761799783600	      0.09947675286243778947	     -0.28078825692582470852	     -0.69924870219002732696	      0.55013034258618331851
      0.58400000000000018563	      0.25450777709676458693	      0.25450777709676458693	      0.25450777709676458693	      0.17920758082679263956	      0.27315683164524517945	     -0.08041217172365394683	      0.30937540745152825039	     -0.25776167294561391774	      0.60654934629026258097	      0.44480150121029304877	      0.21343276664229476891	     -0.75774359961653670048	      0.10796153460512694644	     -0.28757263902353025209	     -0.71375145487724667159	      0.55077085628895328107
      0.58500000000000018652	      0.25473329644763464952	      0.25473329644763464952	      0.25473329644763464952	      0.17382954319561247369	      0.27548375740582770055	     -0.08069442082996887422	      0.32704194326126856396	     -0.24866317685492406175	      0.59752662651888288625	      0.35406421899236517614	      0.19594315321599178881	     -0.75062174034345763296	      0.11632542398888344459	     -0.29449570627785037757	     -0.72818123071708273919	      0.55177584868574680588
      0.58600000000000018741	      0.25496268789453635506	      0.25496268789453635506	      0.25496268789453635506	      0.16849176695881015742	      0.27783398128644282155	     -0.08091402383257863262	      0.34447456180721341967	     -0.23948686365387381048	      0.58827420477100245133	      0.26386692345429407780	      0.17805328484249938192	     -0.74365675176851109285	      0.12456251136135870761	     -0.30155603424954213754	     -0.74254430005412908056	      0.55317791424289208813
      0.58700000000000018829	      0.25519597034111851652	      0.25519597034111851652	      0.25519597034111851652	      0.16319741196923004400	      0.28020568093807834975	     -0.08107014541986715117	      0.36166219369212909696	     -0.23024006260414425773	      0.57880097185852885655	      0.17424179352695859380	      0.15977817659006263162	     -0.73684682503988085944	      0.13266721266199540952	     -0.30875110294491614482	     -0.75684722075502941507	      0.55496547387913164329
      0.58800000000000018918	      0.25543205279469799462	      0.25543205279469799462	      0.25543205279469799462	      0.15795091827718663047	      0.28259641532875540149	     -0.08116141675119661891	      0.37859129092679438822	     -0.22093225963913235010	      0.56911604160282780462	      0.08522321445148790808	      0.14111626808236044095	     -0.73018888590946995354	      0.14063609184355493897	     -0.31606008107919947303	     -0.77109621606350797762	      0.55632952321988848876
      0.58900000000000019007	      0.25567117770769831608	      0.25567117770769831608	      0.25567117770769831608	      0.15275531033283329396	      0.28500428691995460806	     -0.08118710458642440508	      0.39525137018767192432	     -0.21157103093535334359	      0.55922872996339290097	     -0.00315755687538221697	      0.12208976813440437781	     -0.72368030128871119189	      0.14846385194259464901	     -0.32348009204056893395	     -0.78529851804503048029	      0.55725574979938097275
      0.59000000000000019096	      0.25591487253788486322	      0.25591487253788486322	      0.25591487253788486322	      0.14761220076781786381	      0.28742797620081106391	     -0.08114709460034652544	      0.41163491987303618691	     -0.20216223980549385963	      0.54914885515178724074	     -0.09087253201487252574	      0.10275567824316744758	     -0.71731917232228936676	      0.15614337773862035919	     -0.33102570840419026643	     -0.79946178557006120080	      0.55852853019100534571
      0.59100000000000019185	      0.25616343650818590438	      0.25616343650818590438	      0.25616343650818590438	      0.14252433909571740611	      0.28986531934622145057	     -0.08104107137095561963	      0.42773265389045878049	     -0.19271179059910631404	      0.53888321038162634302	     -0.17789092234152159566	      0.08304328298225471805	     -0.71110162627453232798	      0.16366945785439573902	     -0.33869430426261754041	     -0.81359432295290401438	      0.56016860413165414645
      0.59200000000000019273	      0.25641683551022481646	      0.25641683551022481646	      0.25641683551022481646	      0.13749452099634523750	      0.29231411449766309119	     -0.08086871542728250872	      0.44353535202508836965	     -0.18322587402667417367	      0.52843911984885671984	     -0.26418239134102489141	      0.06289467614942913232	     -0.70502345669390664717	      0.17103719045159365697	     -0.34648211798672295947	     -0.82770454233376222763	      0.56215012855725432495
      0.59300000000000019362	      0.25667440278880743199	      0.25667440278880743199	      0.25667440278880743199	      0.13252749758885912224	      0.29477287735425666826	     -0.08062748063107479102	      0.45902736930062770782	     -0.17372438801098044614	      0.51784185858414744086	     -0.34971847968688130059	      0.04284914209298419652	     -0.69908338040013351389	      0.17824329034398689320	     -0.35436761903949365315	     -0.84179755550314949719	      0.56364412916128536768
      0.59400000000000019451	      0.25693579839218416705	      0.25693579839218416705	      0.25693579839218416705	      0.12762556050169143740	      0.29723861460582390315	     -0.08031818742476828921	      0.47420068263752346294	     -0.16420730271395089783	      0.50708972985550426760	     -0.43446827295643453137	      0.02253146496741180796	     -0.69327567834915304612	      0.18528398449929678327	     -0.36234643365407970261	     -0.85588448960190921522	      0.56463583411283346791
      0.59500000000000019540	      0.25720130761334236702	      0.25720130761334236702	      0.25720130761334236702	      0.12278771480181818743	      0.29970568039829986740	     -0.07994632931580619717	      0.48906234747437477006	     -0.15464415811418694147	      0.49613711379293901071	     -0.51839404039307668270	      0.00008373531292516986	     -0.68758282215929200643	      0.19215500991930759001	     -0.37042939641943040119	     -0.86998388402999438096	      0.56592939992109358993
      0.59600000000000019629	      0.25747535746239297305	      0.25747535746239297305	      0.25747535746239297305	      0.11802145566865336612	      0.30218178889556296385	     -0.07949887301293072361	      0.50358027397907723088	     -0.14512892726596990367	      0.48512370199689502925	     -0.60149538630217025403	     -0.02001084505161584981	     -0.68202590183241618149	      0.19884367364899704911	     -0.37862156823934461913	     -0.88407998736712678500	      0.56755805167415696033
      0.59700000000000019718	      0.25775856201732122441	      0.25775856201732122441	      0.25775856201732122441	      0.11333455938441357180	      0.30467344540249780005	     -0.07896505841164314088	      0.51770793259233316430	     -0.13574683629161229947	      0.47418038880592094930	     -0.68377356947865863823	     -0.03362276238247467741	     -0.67663926698040133267	      0.20534230391674823668	     -0.38692725702206914873	     -0.89816365313540957871	      0.56950506250190935376
      0.59800000000000019806	      0.25803423098824340709	      0.25803423098824340709	      0.25803423098824340709	      0.10871521147321727696	      0.30714588974223994144	     -0.07838623015079940193	      0.53149853436584693078	     -0.12622425027293493471	      0.46289319210916446412	     -0.76511844360592762282	     -0.05503307201661854220	     -0.67134534458516503808	      0.21167830049122890457	     -0.39529577031799839615	     -0.91232771499477549604	      0.57086979718236274817
      0.59900000000000019895	      0.25830197437647933745	      0.25830197437647933745	      0.25830197437647933745	      0.10416561610097636870	      0.30959666755805209659	     -0.07776266875812358481	      0.54494408461592358517	     -0.11656839662661008794	      0.45127174206159526015	     -0.84550709274235180679	     -0.08423258530062721627	     -0.66613913187854223441	      0.21784763153300418237	     -0.40372245520665550611	     -0.92658279277419430819	      0.57164412830038180413
      0.60000000000000019984	      0.25857769793669455050	      0.25857769793669455050	      0.25857769793669455050	      0.09970185501152940832	      0.31205544201546797645	     -0.07705382470628899250	      0.55797443865174667366	     -0.10706959015165332105	      0.43975214333124140742	     -0.92499608634887109382	     -0.10716395026620861852	     -0.66108683834250669964	      0.22381494135676499591	     -0.41224848649407380696	     -0.94085724131890935418	      0.57271805444958678866
      0.60100000000000020073	      0.25886080785539694604	      0.25886080785539694604	      0.25886080785539694604	      0.09532101150542632295	      0.31451175739947562215	     -0.07626966141905941465	      0.57061892769481359355	     -0.09765919618581841988	      0.42822344296265735242	     -1.00353277044675737173	     -0.12772056065461737107	     -0.65614453524780058657	      0.22957952799793085452	     -0.42086014539988814143	     -0.95517838071577387815	      0.57407867042583415884
      0.60200000000000020162	      0.25914708104086353613	      0.25914708104086353613	      0.25914708104086353613	      0.09102040547348046184	      0.31695380990208216199	     -0.07542252486366836373	      0.58289473675106906470	     -0.08825721255891907924	      0.41656265545184761878	     -1.08106880470867205979	     -0.15014369558733611787	     -0.65128029431062994803	      0.23514590041458249825	     -0.42954267024979797540	     -0.96958010287527818249	      0.57566212850421949465
      0.60300000000000020250	      0.25943612060129705998	      0.25943612060129705998	      0.25943612060129705998	      0.08680528150825134182	      0.31938232126254956222	     -0.07450739366060435409	      0.59478052264758740630	     -0.07890841406969184568	      0.40483435892161201419	     -1.15758825244966745416	     -0.17271052993318650182	     -0.64649815537933952303	      0.24051046117609525821	     -0.43827749915454655705	     -0.98406484971362540026	      0.57666075051909970739
      0.60400000000000020339	      0.25972819010605568968	      0.25972819010605568968	      0.25972819010605568968	      0.08267787101168110053	      0.32179576434387341388	     -0.07352335441950387518	      0.60626925916610674427	     -0.06962826989697445956	      0.39306029661648012041	     -1.23307036955111404275	     -0.19502242728491936408	     -0.64179177636731066237	      0.24566906105839700358	     -0.44706031169423099403	     -0.99864093800336561912	      0.57706407036117512988
      0.60500000000000020428	      0.26002385243864167830	      0.26002385243864167830	      0.26002385243864167830	      0.07863812802225127185	      0.32419135820613065313	     -0.07247251048988086197	      0.61736160535008821615	     -0.06041217920053433554	      0.38123472402921276814	     -1.30749379714189006840	     -0.21749663078662656579	     -0.63715144746197638348	      0.25061712572814548450	     -0.45590212788689293832	     -1.01332043366601021184	      0.57766865193718841542
      0.60600000000000020517	      0.26032298217150129371	      0.26032298217150129371	      0.26032298217150129371	      0.07468779007553622007	      0.32656683816849207957	     -0.07135502216654544816	      0.62805225307456336026	     -0.05126897758942179639	      0.36936983925956534680	     -1.38083889457213082608	     -0.24004871344796535615	     -0.63256943764798578833	      0.25535196201963139551	     -0.46479669757665970087	     -1.02811374877659966742	      0.57848359446900732284
      0.60700000000000020606	      0.26062508120733107742	      0.26062508120733107742	      0.26062508120733107742	      0.07082858939610270355	      0.32891991584743462962	     -0.07017103419604220349	      0.63833613361193131119	     -0.04220777005635737572	      0.35747831925522327579	     -1.45308648029513753919	     -0.26258329864853385827	     -0.62803761668750479608	      0.25987120759963955319	     -0.47373681736063583125	     -1.04303131106096547143	      0.57947111659018257779
      0.60800000000000020695	      0.26092850977743597962	      0.26092850977743597962	      0.26092850977743597962	      0.06706310896601352933	      0.33124730742607760847	     -0.06892073866812981064	      0.64820698997006609421	     -0.03323604724268246213	      0.34556811431362249865	     -1.52421048829711991424	     -0.28515556581520018486	     -0.62354459699103359505	      0.26417416214737765578	     -0.48270247814945305143	     -1.05808588338479681035	      0.57980690149194746841
      0.60900000000000020783	      0.26123284489211240356	      0.26123284489211240356	      0.26123284489211240356	      0.06339271891734511721	      0.33354651116269928846	     -0.06760466316912595863	      0.65766131616248801883	     -0.02436057890400592646	      0.33364873555123175652	     -1.59419173297715066617	     -0.30774898021701901918	     -0.61908089553679568340	      0.26825864484900580065	     -0.49168797275490638832	     -1.07328866874223805006	      0.57947468097939436316
      0.61000000000000020872	      0.26153886840278589565	      0.26153886840278589565	      0.26153886840278589565	      0.05981755457559959771	      0.33581577975747151088	     -0.06622372115109256829	      0.66669836016397687750	     -0.01558712822287153937	      0.32173086489102381558	     -1.66301728094888789933	     -0.33029039107520652419	     -0.61463904110559119953	      0.27212093019066563304	     -0.50070194412533164385	     -1.08864892735283236291	      0.57926771214760586215
      0.61100000000000020961	      0.26184634064889611427	      0.26184634064889611427	      0.26184634064889611427	      0.05633878724202985577	      0.33805265153665053912	     -0.06477850074617563791	      0.67531552907047809331	     -0.00692254546996123182	      0.30982424723910190201	     -1.73067143899174236132	     -0.35276057919002506980	     -0.61020925862112351812	      0.27575956329139456047	     -0.50973712697867212817	     -1.10417787469234984776	      0.57920548808665928142
      0.61200000000000021050	      0.26215450095777848016	      0.26215450095777848016	      0.26215450095777848016	      0.05295755733057792847	      0.34025461359981151732	     -0.06326961314237677936	      0.68351065723872039825	      0.00162642915325994335	      0.29793852885565896838	     -1.79713872575734856518	     -0.37514371458583734009	     -0.60578122422497071575	      0.27917341927131289481	     -0.51878544885765554007	     -1.11988676862004621348	      0.57925955621945279805
      0.61300000000000021139	      0.26246147554411464187	      0.26246147554411464187	      0.26246147554411464187	      0.04967594321517219275	      0.34241833071913191366	     -0.06169746000115104712	      0.69127959334638089395	      0.01005256367359158576	      0.28608225695057698523	     -1.86239264037998153434	     -0.39745639636079710399	     -0.60134144088366381364	      0.28236207312261135671	     -0.52782938566416426340	     -1.13578880028036777183	      0.57856108531125582939
      0.61400000000000021227	      0.26276671328674899852	      0.26276671328674899852	      0.26276671328674899852	      0.04649482456557497284	      0.34454127707902437727	     -0.06006279213115082311	      0.69862107524096772604	      0.01834949023410113733	      0.27426494631010922554	     -1.92641763616537398107	     -0.41967381774101425451	     -0.59687888594084625993	      0.28532441561950916409	     -0.53686251913665383739	     -1.15189524637764062476	      0.57708883453497095140
      0.61500000000000021316	      0.26307096819487280071	      0.26307096819487280071	      0.26307096819487280071	      0.04341387946339261145	      0.34662171268224506449	     -0.05836675010127111152	      0.70553646533940050922	      0.02651177174814627752	      0.26249708277017458347	     -1.98920810896188493544	     -0.44174049215340477348	     -0.59238527555801390179	      0.28805862801428588904	     -0.54588954928435995395	     -1.16821508724549572023	      0.57566195571811851206
      0.61600000000000021405	      0.26337398913129073108	      0.26337398913129073108	      0.26337398913129073108	      0.04043376943384825034	      0.34865719213049756187	     -0.05661016754075315349	      0.71202525549445028208	      0.03453348660599191849	      0.25078749081180884417	     -2.05075287858383026318	     -0.46363275756285299289	     -0.58784968592988695590	      0.29056428527657196526	     -0.55490300917851964613	     -1.18475982360107345848	      0.57431249057642030920
      0.61700000000000021494	      0.26367489062815263612	      0.26367489062815263612	      0.26367489062815263612	      0.03755510206104147736	      0.35064523636843442089	     -0.05479386590103990651	      0.71808783405187459614	      0.04240874341188726609	      0.23914486879125912422	     -2.11104056076376123130	     -0.48533032235336598381	     -0.58326018791231082350	      0.29284114445329700871	     -0.56389475629356700104	     -1.20154079517441014779	      0.57302158516035006652
      0.61800000000000021583	      0.26397156646745401076	      0.26397156646745401076	      0.26397156646745401076	      0.03477939463301512463	      0.35258238456318563570	     -0.05291857979567859971	      0.72372241904914680344	      0.05013039651149374387	      0.22757854583347092436	     -2.17004262989799867611	     -0.50685370146250852130	     -0.57860083269865347777	      0.29488938279628135186	     -0.57284816879270272771	     -1.21857091390430194444	      0.57083926708785026616
      0.61900000000000021672	      0.26426344861882106185	      0.26426344861882106185	      0.26426344861882106185	      0.03210699756144871908	      0.35446613933323339873	     -0.05098531651740907666	      0.72892999303355954233	      0.05769258927708535711	      0.21609759936499928212	     -2.22774734101183957691	     -0.52817722602226935269	     -0.57385930531656037523	      0.29670895550174730682	     -0.58175605797180152123	     -1.23586119604859834276	      0.56774075081752262140
      0.62000000000000021760	      0.26455148155822894029	      0.26455148155822894029	      0.26455148155822894029	      0.02953709745412228665	      0.35629492669273232774	     -0.04899541073662538881	      0.73371387585271030662	      0.06509069631648786713	      0.20471110902357772532	     -2.28415819668398345499	     -0.54924717698410530087	     -0.56902721391845545451	      0.29829968408217438780	     -0.59062033625508436607	     -1.25342038957740764538	      0.56461100518317597352
      0.62100000000000021849	      0.26483556011983711009	      0.26483556011983711009	      0.26483556011983711009	      0.02706982724422011752	      0.35806638847076877052	     -0.04694996423812628633	      0.73807535103322774450	      0.07231995206137571686	      0.19342637704311818614	     -2.33926832853113397803	     -0.57003642391794573374	     -0.56409292469838456796	      0.29966199909372254195	     -0.59943379814118991078	     -1.27126009642267434607	      0.56148682833985252838
      0.62200000000000021938	      0.26511481237403722311	      0.26511481237403722311	      0.26511481237403722311	      0.02470523630386963626	      0.35977814725614681857	     -0.04485002760563993468	      0.74201713422184456537	      0.07937543252718078091	      0.18225061779298662445	     -2.39307014131173056981	     -0.59052181555288763004	     -0.55904325689427492030	      0.30079633742223937931	     -0.60818859248696743869	     -1.28939149299597621834	      0.55834974731480324639
      0.62300000000000022027	      0.26538703827572729388	      0.26538703827572729388	      0.26538703827572729388	      0.02244424398865011924	      0.36142663181763090563	     -0.04269674680147955703	      0.74553958871841330414	      0.08624866916287171614	      0.17119573265236565085	     -2.44553274094134298622	     -0.61073622699525065283	     -0.55386013590514626692	      0.30170398175981671951	     -0.61686673661701973970	     -1.30782616729210920958	      0.55416163973353038674
      0.62400000000000022116	      0.26565185029178800535	      0.26565185029178800535	      0.26565185029178800535	      0.02028664291126103594	      0.36300944740604468297	     -0.04049142082379727364	      0.74864553716004045292	      0.09293426950884246807	      0.16027005246898151647	     -2.49664846301818421637	     -0.63065319040301992537	     -0.54853058720515812663	      0.30238588297552088102	     -0.62546039176123224834	     -1.32657457979537274362	      0.54889875444729396836
      0.62500000000000022204	      0.26591062551781352585	      0.26591062551781352585	      0.26591062551781352585	      0.01823110879514280164	      0.36452532281889366006	     -0.03823556972590042013	      0.75133969141349532528	      0.09942967518864781473	      0.14947894635000211205	     -2.54643085947251268664	     -0.65021366183650464166	     -0.54304703311154112200	      0.30284289223787058676	     -0.63397108428472903618	     -1.34564569321506843913	      0.54353222442700943606
      0.62600000000000022293	      0.26616360312078463091	      0.26616360312078463091	      0.26616360312078463091	      0.01627724242480655531	      0.36597205291541901051	     -0.03593058904956105554	      0.75362437750384669854	      0.10573133342958886127	      0.13882795506887693482	     -2.59487690053224984155	     -0.66938633963665294946	     -0.53739790626306049859	      0.30307628622121096651	     -0.64239186887555355110	     -1.36505100913913346439	      0.53809022880329571148
      0.62700000000000022382	      0.26641012943614927888	      0.26641012943614927888	      0.26641012943614927888	      0.01442451868653652977	      0.36734741938551435103	     -0.03357778240369527906	      0.75550387676238051071	      0.11183520438298384658	      0.12832264318163011385	     -2.64198230027559510802	     -0.68814485233637967543	     -0.53156955606489331156	      0.30308715498899779783	     -0.65071506716501315015	     -1.38480129478338942484	      0.53254178638226734588
      0.62800000000000022471	      0.26664814781655482578	      0.26664814781655482578	      0.26664814781655482578	      0.01267319297897269784	      0.36864776438539470504	     -0.03117882447923511074	      0.75698025734203178150	      0.11773025782446251697	      0.11797881420226971616	     -2.68771517558311190399	     -0.70654584983574120205	     -0.52554268067395315533	      0.30287831163657763511	     -0.65891991809436512018	     -1.40490590561748240894	      0.52579609086326206668
      0.62900000000000022560	      0.26687767631823700043	      0.26687767631823700043	      0.26687767631823700043	      0.01102248276521049751	      0.36987086269664914973	     -0.02873533999799380081	      0.75805735444635291564	      0.12341167488343954273	      0.10780367193412972171	     -2.73207225369076711630	     -0.72456265097139660458	     -0.51930466641081274304	      0.30245168845703718219	     -0.66699823471366548322	     -1.42537455934800250112	      0.51783603720694326711
      0.63000000000000022649	      0.26710072312516336401	      0.26710072312516336401	      0.26710072312516336401	      0.00947058238969131910	      0.37101586311536333129	     -0.02624898306187307961	      0.75874013865249312349	      0.12888043305100699287	      0.09779675463739288810	     -2.77507651618330086762	     -0.74212129910063673321	     -0.51284983916573378959	      0.30180867641815456448	     -0.67495331275760239720	     -1.44621699227354838513	      0.50970080628555936020
      0.63100000000000022737	      0.26731804700179756518	      0.26731804700179756518	      0.26731804700179756518	      0.00801657731047476091	      0.37208077127603467193	     -0.02372145857695693444	      0.75903092359058887961	      0.13413420116548735450	      0.08796197381122672354	     -2.81672814690126660508	     -0.75918606077112193997	     -0.50616770954001122362	      0.30095159472951110713	     -0.68277822363807472161	     -1.46744436208257766907	      0.50139779004293705267
      0.63200000000000022826	      0.26752941815266423342	      0.26752941815266423342	      0.26752941815266423342	      0.00665937130012519019	      0.37306357681705709650	     -0.02115434815558919074	      0.75893439485686031709	      0.13916971920866777479	      0.07830340571570304498	     -2.85702567720390288031	     -0.77572745727764058632	     -0.49924529096491476743	      0.29988237204856021956	     -0.69046515518563733593	     -1.48906677666037734475	      0.49287411249193080476
      0.63300000000000022915	      0.26773318122412198550	      0.26773318122412198550	      0.26773318122412198550	      0.00539848535649781625	      0.37396058885429983576	     -0.01854997751516240453	      0.75845378913325101067	      0.14397302040372511600	      0.06884095744767407266	     -2.89593939357936580592	     -0.79183916635950091223	     -0.49206345821132796425	      0.29860559633275407521	     -0.69799070523103212693	     -1.51109072951991785239	      0.48305611612960491774
      0.63400000000000023004	      0.26792992404523258143	      0.26792992404523258143	      0.26792992404523258143	      0.00423257633369441937	      0.37476982208960346599	     -0.01591030798641787647	      0.75759290408696655650	      0.14854024138980811975	      0.05958036816979197375	     -2.93347061788974539098	     -0.80749538298763667843	     -0.48461115723050413040	      0.29712431448250009591	     -0.70534673550464133118	     -1.53352505073829803450	      0.47193699113262832512
      0.63500000000000023093	      0.26812234772419130113	      0.26812234772419130113	      0.26812234772419130113	      0.00315945042317443761	      0.37549094014796058350	     -0.01323702212806826886	      0.75635551984185966923	      0.15287712152715035585	      0.05051429190331695185	     -2.96964920198389670247	     -0.82259570434941242656	     -0.47688554064919863595	      0.29544039536299532278	     -0.71253924394190282232	     -1.55638063395746928386	      0.46056691125380011531
      0.63600000000000023181	      0.26831179779111624661	      0.26831179779111624661	      0.26831179779111624661	      0.00217771830040382457	      0.37612222659729693808	     -0.01053212194091215394	      0.75474294505583061632	      0.15698260858651405525	      0.04164552783641636835	     -3.00447794057752792796	     -0.83709957661475609125	     -0.46887817005684767624	      0.29355759942833048459	     -0.71956103571149976350	     -1.57966791690596020103	      0.44893025138325337586
      0.63700000000000023270	      0.26849858109581314913	      0.26849858109581314913	      0.26849858109581314913	      0.00128574618999906958	      0.37666193853715207451	     -0.00779747519164601666	      0.75275908005611913421	      0.16085424548178864357	      0.03297714349605141565	     -3.03795784471429142215	     -0.85097449694421412048	     -0.46057793199715563182	      0.29147909293924506580	     -0.72640390512025398984	     -1.60339601894688565942	      0.43695400478288137780
      0.63800000000000023359	      0.26868159620289305822	      0.26868159620289305822	      0.26868159620289305822	      0.00048229533470740609	      0.37710644179777563778	     -0.00503613340021212552	      0.75040792344315065954	      0.16447612961584184843	      0.02453176682118220903	     -3.07006558992274358744	     -0.86436714786911106323	     -0.45196740778319816068	      0.28921125862697821818	     -0.73304350672178764103	     -1.62756831517877875726	      0.42365293389009411884
      0.63900000000000023448	      0.26886200435544593823	      0.26886200435544593823	      0.26886200435544593823	     -0.00023447554898411933	      0.37745407293864807752	     -0.00225036057788847825	      0.74769235677643319793	      0.16784598529024849500	      0.01631349806755345855	     -3.10080702224496462804	     -0.87725415442124310417	     -0.44303809062420340670	      0.28675853984134402896	     -0.73947212577210663653	     -1.65219255614583593328	      0.40902978178072446624
      0.64000000000000023537	      0.26904305710371723137	      0.26904305710371723137	      0.26904305710371723137	     -0.00086700545427888785	      0.37770508904473842904	      0.00055828164900817434	      0.74461372726490482332	      0.17097471243687434317	      0.00830886633537200256	     -3.13021468650285861202	     -0.88949415879576809729	     -0.43379033507248226931	      0.28412373254311024118	     -0.74569778173329537285	     -1.67728072435527386652	      0.39407447952381174927
      0.64100000000000023626	      0.26922656886813117749	      0.26922656886813117749	      0.26922656886813117749	     -0.00141708835940143954	      0.37785813436677828658	      0.00338754277761330568	      0.74117190709064995069	      0.17386268670356880284	      0.00052027814827926983	     -3.15829359107043483590	     -0.90104177803161888960	     -0.42421830608360477921	      0.28131244741964478440	     -0.75171301918876276549	     -1.70284199744751174599	      0.37876041438196383915
      0.64200000000000023714	      0.26941331179095623360	      0.26941331179095623360	      0.26941331179095623360	     -0.00188681626099694772	      0.37791181054562927866	      0.00623528828522944625	      0.73736933323925191175	      0.17650847382338002989	     -0.00704958719062174534	     -3.18504717035465256814	     -0.91186210726728489373	     -0.41431361836196867188	      0.27832951203575945209	     -0.75750933240901996424	     -1.72888407038617386569	      0.36300952924338597549
      0.64300000000000023803	      0.26960267426374134869	      0.26960267426374134869	      0.26960267426374134869	     -0.00227811087563301127	      0.37786265487034514932	      0.00909776371924666226	      0.73321074695243493302	      0.17889647594197086167	     -0.01437808150901930850	     -3.21046245813889097320	     -0.92217143595309503112	     -0.40406163803953337732	      0.27518300326448713600	     -0.76306356919213635948	     -1.75540732425997969557	      0.34595542179273458538
      0.64400000000000023892	      0.26979617636363373290	      0.26979617636363373290	      0.26979617636363373290	     -0.00259319487549345210	      0.37770941575119637568	      0.01197248876254667672	      0.72869786385843304810	      0.18102666390570718025	     -0.02146266327692062867	     -3.23454938659515178756	     -0.93195005584148504774	     -0.39345676427356468530	      0.27187905909972109875	     -0.76836865779274099442	     -1.78241810349958740289	      0.32760529874684474194
      0.64500000000000023981	      0.26999727332428641313	      0.26999727332428641313	      0.26999727332428641313	     -0.00283460251064779388	      0.37745300934437725493	      0.01485818196385463308	      0.72382914914646523385	      0.18291429379935680855	     -0.02832031478078441897	     -3.25733844677888972896	     -0.94099838535022928276	     -0.38250216429139588525	      0.26842206043900568302	     -0.77343298631088719386	     -1.80992875882844872493	      0.30884393630088458060
      0.64600000000000024070	      0.27020793224933514765	      0.27020793224933514765	      0.27020793224933514765	     -0.00300444140902886596	      0.37709252608128152051	      0.01775243320097660144	      0.71860350914640358511	      0.18456140139109944442	     -0.03494853844068944448	     -3.27883677535163009509	     -0.94926845415306959630	     -0.37119446362890123892	      0.26481960801536497119	     -0.77824933542297691780	     -1.83794655900053061082	      0.28965664347263003764
      0.64700000000000024158	      0.27042911248705742144	      0.27042911248705742144	      0.27042911248705742144	     -0.00310514831048938275	      0.37662699563311080597	      0.02065290532134288898	      0.71302212870353010032	      0.18596798038379652729	     -0.04134468729262048836	     -3.29905044533930480455	     -0.95672589333743474072	     -0.35952816510938384598	      0.26107838233572322473	     -0.78280948383966153514	     -1.86647725233566785796	      0.26998331636362193908
      0.64800000000000024247	      0.27066040395946305841	      0.27066040395946305841	      0.27066040395946305841	     -0.00313915031783816188	      0.37605325165629771567	      0.02355531175114108922	      0.70709088458566926594	      0.18712134993439646924	     -0.04748900527360046253	     -3.31797905582216712261	     -0.96366654889555092289	     -0.34749162107315922920	      0.25720817066622819747	     -0.78709241990623457497	     -1.89551846563454695627	      0.24903990086888408428
      0.64900000000000024336	      0.27090329789018718909	      0.27090329789018718909	      0.27090329789018718909	     -0.00310891809275234705	      0.37537053920164481502	      0.02645710146257243198	      0.70081087730688573778	      0.18802411006169827967	     -0.05338023108740754669	     -3.33563580630452038989	     -0.97007462551027801023	     -0.33508170447549856519	      0.25321693220305208083	     -0.79109176826354454803	     -1.92507459974572103789	      0.22683125182219282534
      0.65000000000000024425	      0.27116099548899919025	      0.27116099548899919025	      0.27116099548899919025	     -0.00301699264935410393	      0.37458047571971109235	      0.02935740170269944896	      0.69417832702717918725	      0.18869405843237771481	     -0.05903547374045612500	     -3.35204527677162555932	     -0.97567838708710208362	     -0.32230336559142919173	      0.24911090495717580495	     -0.79481522440502616611	     -1.95515711223978350120	      0.20415106399494384326
      0.65100000000000024514	      0.27143519386757170020	      0.27143519386757170020	      0.27143519386757170020	     -0.00286571510861926421	      0.37368266667976979267	      0.03225377536524669936	      0.68719244935026790877	      0.18913503600253553372	     -0.06445212944076025852	     -3.36721686014569066003	     -0.98043213812013585429	     -0.30915488470710578151	      0.24489942377056250766	     -0.79825651066119007737	     -1.98577068451326876897	      0.18102041482851841114
      0.65200000000000024603	      0.27172664378923316875	      0.27172664378923316875	      0.27172664378923316875	     -0.00265775409958814894	      0.37267664153389540305	      0.03514380450267620692	      0.67985424995530707726	      0.18934884331473975094	     -0.06962767679161122047	     -3.38115955844811955089	     -0.98430690696350764402	     -0.29563305698484459993	      0.24059086047720243395	     -0.80140842572150083889	     -2.01691854664667280517	      0.15741734983991551022
      0.65300000000000024691	      0.27203474664077342826	      0.27203474664077342826	      0.27203474664077342826	     -0.00239581454022920904	      0.37155964996879764506	      0.03802298846301406521	      0.67217135860180832196	      0.18932764896418063927	     -0.07454731135431606759	     -3.39388507549628748450	     -0.98767283967429442271	     -0.28172848094869984426	      0.23619683635761293261	     -0.80425136603811553382	     -2.04859561759671970904	      0.13254264178038321909
      0.65400000000000024780	      0.27236054859818159546	      0.27236054859818159546	      0.27236054859818159546	     -0.00208251410550481554	      0.37033148665451681714	      0.04088887961960981782	      0.66414544194412095113	      0.18907651544528214504	     -0.07921066653678668357	     -3.40540879784372974015	     -0.99052053483952429147	     -0.26743944558413185186	      0.23172690438173609850	     -0.80677966957342339693	     -2.08080366267764960142	      0.10639421179770006121
      0.65500000000000024869	      0.27270658527288477169	      0.27270658527288477169	      0.27270658527288477169	     -0.00172041707328448408	      0.36899445943228470490	      0.04374105601508447572	      0.65577206476084726194	      0.18861351008904292392	     -0.08363215133400374313	     -3.41574763922748392275	     -0.99250793463251463233	     -0.25277141348656889663	      0.22718864497280430448	     -0.80900084499308855257	     -2.11355185677797186017	      0.07975404535182918642
      0.65600000000000024958	      0.27307393498828375078	      0.27307393498828375078	      0.27307393498828375078	     -0.00131204588436905582	      0.36754874758478800478	      0.04657724600691494354	      0.64705224970585595301	      0.18794439254259756589	     -0.08780998432925335440	     -3.42491356496412890920	     -0.99358050711080936335	     -0.23772326419725256508	      0.22259257602086793271	     -0.81090988527808871567	     -2.14684166856610536556	      0.05269136785901215592
      0.65700000000000025047	      0.27346279583059313056	      0.27346279583059313056	      0.27346279583059313056	     -0.00086022853730730736	      0.36599440545307926342	      0.04939509972984385683	      0.63798830903812597803	      0.18707283640704339134	     -0.09174215054541576264	     -3.43291858098198066074	     -0.99372344281024327373	     -0.22229297995378730080	      0.21794833443963915198	     -0.81250087201415122085	     -2.18067333337350355293	      0.02522829529247971533
      0.65800000000000025135	      0.27387204852867241822	      0.27387204852867241822	      0.27387204852867241822	     -0.00036777463790468867	      0.36432910057113654378	      0.05219017742745306332	      0.62859039003586170136	      0.18599582886214227617	     -0.09541821601489768045	     -3.43978305750368607008	     -0.99340503011058478577	     -0.20647183532273477580	      0.21326926061913359378	     -0.81375431949723975311	     -2.21503893169897514426	     -0.00356769157799334199
      0.65900000000000025224	      0.27430207076828228008	      0.27430207076828228008	      0.27430207076828228008	      0.00016262283543528829	      0.36255329478089282080	      0.05496043849220944022	      0.61886169618037156770	      0.18472101954116362799	     -0.09884020370793106247	     -3.44552418929818227156	     -0.99255819623589724987	     -0.19025867372333593597	      0.20856587388892311452	     -0.81466548010939532354	     -2.24993665150379085205	     -0.03370438548568777115
      0.66000000000000025313	      0.27475452020926155461	      0.27475452020926155461	      0.27475452020926155461	      0.00072826054799023337	      0.36066989511432751003	      0.05770583530044041953	      0.60879903564962900564	      0.18326474995172617466	     -0.10201848062822693741	     -3.45015201986279951285	     -0.99079372696435319412	     -0.17365850596554896490	      0.20384607215553329773	     -0.81524295384540435006	     -2.28537243615918850281	     -0.06429694535613544870
      0.66100000000000025402	      0.27522967081172439174	      0.27522967081172439174	      0.27522967081172439174	      0.00132640518624720506	      0.35867951131418229771	      0.06042424643420820501	      0.59840670733696987860	      0.18163358861176104320	     -0.10495128171603665401	     -3.45368044197084067548	     -0.98811499961551829685	     -0.15666953449861772962	      0.19912089280292744053	     -0.81548265358978366812	     -2.32134456653085985423	     -0.09523433683871940225
      0.66200000000000025491	      0.27572704990292884464	      0.27572704990292884464	      0.27572704990292884464	      0.00195412452856118159	      0.35658277167929286477	      0.06311363161064550975	      0.58768934646577575265	      0.17983335498212116299	     -0.10763889866390903560	     -3.45612464602873137309	     -0.98448257292704266508	     -0.13929004343136422439	      0.19440062547842196228	     -0.81537976332696671111	     -2.35784985772815192107	     -0.12646274816933303353
      0.66300000000000025580	      0.27624498135496067253	      0.27624498135496067253	      0.27624498135496067253	      0.00260865862213350121	      0.35437792116693056510	      0.06577008177060510163	      0.57665940132821436048	      0.17786562681315459811	     -0.11007605931501207586	     -3.45751004663356820146	     -0.98036049713673611983	     -0.12151115180319442544	      0.18969960611594260946	     -0.81491485693249920974	     -2.39487654776615732644	     -0.15913271582777854807
      0.66400000000000025668	      0.27678306936877039579	      0.27678306936877039579	      0.27678306936877039579	      0.00328714713146307765	      0.35206578691769602196	      0.06839173651839919321	      0.56532309545253900396	      0.17573814594054165683	     -0.11226375817173965543	     -3.45785359978433781691	     -0.97576005442376612109	     -0.10333082172342979155	      0.18502857227103430837	     -0.81408401785482309432	     -2.43241935809484921549	     -0.19325132350915355528
      0.66500000000000025757	      0.27734216511818871043	      0.27734216511818871043	      0.27734216511818871043	      0.00398665736983398050	      0.34964983783549768992	      0.07097890298236708695	      0.55367952844541412638	      0.17346525231245044085	     -0.11421055084602263485	     -3.45716190921532318114	     -0.97021778567167382690	     -0.08475373806782722508	      0.18039474584515372002	     -0.81289773655300268107	     -2.47048069980010209790	     -0.22773235450566059468
      0.66600000000000025846	      0.27792187788603200937	      0.27792187788603200937	      0.27792187788603200937	      0.00470428828952473149	      0.34713116799189236428	      0.07352983395624612672	      0.54173612235741541721	      0.17105457735457824109	     -0.11591712042622157042	     -3.45545125909274641884	     -0.96372447865126675826	     -0.06577750968553613964	      0.17580902107695434156	     -0.81135239115242385743	     -2.50905549861138998935	     -0.26244456424864709421
      0.66700000000000025935	      0.27852109109737771542	      0.27852109109737771542	      0.27852109109737771542	      0.00543697830319889424	      0.34451075859159224768	      0.07604269345723027596	      0.52950062245284723605	      0.16851258533657278993	     -0.11738451902052628173	     -3.45273870394413640028	     -0.95629793249579497783	     -0.04639979856229529964	      0.17128176287385535326	     -0.80944357376609377130	     -2.54813752396199300065	     -0.29732794804053286342
      0.66800000000000026024	      0.27913768239852504438	      0.27913768239852504438	      0.27913768239852504438	      0.00618203441073002756	      0.34178738187555307571	      0.07851420096162259332	      0.51698745475394281002	      0.16584339653105473200	     -0.11861043757813451160	     -3.44905040587555067333	     -0.94838514273235496876	     -0.02661108950088964670	      0.16682710647486617694	     -0.80715343866444100307	     -2.58771034147870393483	     -0.33376537241187870242
      0.66900000000000026112	      0.27977070480634058658	      0.27977070480634058658	      0.27977070480634058658	      0.00693646605793827621	      0.33896229664494609279	      0.08094285906171307110	      0.50420531679700020256	      0.16305503084186215301	     -0.11959719803066994059	     -3.44440371164939262982	     -0.93998913501231817769	     -0.00640905833387330620	      0.16245522295611092289	     -0.80447922118434400662	     -2.62776480351425600901	     -0.37175352394755312169
      0.67000000000000026201	      0.28042037291069110694	      0.28042037291069110694	      0.28042037291069110694	      0.00769704150047543362	      0.33603928273861827236	      0.08332904134673309315	      0.49115607942110639517	      0.16015944441937618459	     -0.12035232916677084114	     -3.43880499805374828526	     -0.93065365291573920459	      0.01420151769021376492	      0.15817233061285379536	     -0.80143230027035738949	     -2.66830093357209419125	     -0.40996806003562002996
      0.67100000000000026290	      0.28108584841443262636	      0.28108584841443262636	      0.28108584841443262636	      0.00846071879155628655	      0.33301978385561076257	      0.08567129307824764006	      0.47784949684392491465	      0.15716438729565088139	     -0.12087836182065068991	     -3.43227212903564282698	     -0.92038258483762902529	      0.03522312566298544528	      0.15398876703623520790	     -0.79800891137947005394	     -2.70931078645460354792	     -0.44828421495296771893
      0.67200000000000026379	      0.28176559239364318277	      0.28176559239364318277	      0.28176559239364318277	      0.00922436900100691987	      0.32990513414024597028	      0.08796808596508737255	      0.46429547846537844169	      0.15407679272160623718	     -0.12117811180497352341	     -3.42482363687786772743	     -0.90920547178772248564	      0.05665811745299799418	      0.14991450188700522483	     -0.79420470243911855945	     -2.75078513735404683871	     -0.48666078374374088789
      0.67300000000000026468	      0.28245721395335660064	      0.28245721395335660064	      0.28245721395335660064	      0.00998534695314593282	      0.32669457869195411837	      0.09021670324764700932	      0.45050961166848035866	      0.15090173550866209373	     -0.12125084595541503474	     -3.41648405180929515268	     -0.89753914652176958189	      0.07851595523091024764	      0.14596207613339359788	     -0.79000632811188276072	     -2.79270225091563384368	     -0.52665558050195759865
      0.67400000000000026557	      0.28315942529198240285	      0.28315942529198240285	      0.28315942529198240285	      0.01074056370953903675	      0.32338971380061404259	      0.09241591170058179039	      0.43650208064599416158	      0.14764699992146917973	     -0.12110021311496785290	     -3.40727117228508546987	     -0.88538789867660316890	      0.10079826300646579917	      0.14214065985535750958	     -0.78541221896460522434	     -2.83504951060855869827	     -0.56824867216422303429
      0.67500000000000026645	      0.28387204430927720500	      0.28387204430927720500	      0.28387204430927720500	      0.01148657010437354256	      0.31999451863940658880	      0.09456603832863789971	      0.42227647136797191729	      0.14432291225547153046	     -0.12073441506271179180	     -3.39719391792205804848	     -0.87232632870570991912	      0.12349893479704449062	      0.13845595467858570760	     -0.78043207946883774717	     -2.87782601983003605284	     -0.60991475435447395359
      0.67600000000000026734	      0.28459401487811220033	      0.28459401487811220033	      0.28459401487811220033	      0.01222027580566071789	      0.31651074162709780246	      0.09666586723781485369	      0.40784317673210790378	      0.14093691889736520428	     -0.12015739510599861284	     -3.38627107157159423778	     -0.85836685786442934454	      0.14661923113006411490	      0.13491747299369993840	     -0.77506216611140499317	     -2.92102136962023806177	     -0.65155385968874135472
      0.67700000000000026823	      0.28532354811795379579	      0.28532354811795379579	      0.28532354811795379579	      0.01293856438844413759	      0.31294002995402808720	      0.09871413864644164315	      0.39321274965020575065	      0.13749592504030652695	     -0.11937325646366861442	     -3.37452183571817210250	     -0.84354606673736121092	      0.17016035705947946122	      0.13153444559474078424	     -0.76929848086325958167	     -2.96462362801853052119	     -0.69315671430129344177
      0.67800000000000026912	      0.28605809690292249847	      0.28605809690292249847	      0.28605809690292249847	      0.01363883061675551060	      0.30928206893942222777	      0.10070854036361900907	      0.37840086883389900674	      0.13400557110972344255	     -0.11838293662355334201	     -3.36196900959554101362	     -0.82824195305222103602	      0.19413017607142823984	      0.12831698981802941439	     -0.76313430900153622627	     -3.00860571346428429251	     -0.73636204608626487644
      0.67900000000000027001	      0.28679618609542684160	      0.28679618609542684160	      0.28679618609542684160	      0.01431798404594850430	      0.30553875402972197062	      0.10264802147315889302	      0.36341767987282264096	      0.13047341129099784829	     -0.11719142250372599490	     -3.34863107465722986689	     -0.81246154017378391377	      0.21852818904089102436	      0.12527323125867445563	     -0.75656914018706600267	     -3.05295216593438123454	     -0.78113400725584047901
      0.68000000000000027089	      0.28753743087413241586	      0.28753743087413241586	      0.28753743087413241586	      0.01497253915000490605	      0.30171421844496193465	      0.10453284941323183477	      0.34826671883941251462	      0.12690869462958229152	     -0.11580775668517093169	     -3.33452021812306487192	     -0.79582627509121262044	      0.24334578729214395576	      0.12240915089587839359	     -0.74960849399872242493	     -3.09766244565915416231	     -0.82583241334676960044
      0.68100000000000027178	      0.28828070923562576500	      0.28828070923562576500	      0.28828070923562576500	      0.01559948631575057768	      0.29781051892657112168	      0.10636200865441222674	      0.33295728571731070256	      0.12331847554149701074	     -0.11423672704894860530	     -3.31965549001708648547	     -0.77835009331218230066	      0.26858157503100915653	      0.11973321092641364682	     -0.74224959479398266993	     -3.14272394420326817155	     -0.87038399895838147735
      0.68200000000000027267	      0.28902407547156583334	      0.28902407547156583334	      0.28902407547156583334	      0.01619583492745144820	      0.29382962174505589115	      0.10813447343462886940	      0.31749892856764716509	      0.11970949024147671536	     -0.11248321956513590569	     -3.30405611530993370550	     -0.76006905968486115910	      0.29423422530598752900	      0.11725361677653693693	     -0.73448978214438531698	     -3.18812224643689123837	     -0.91480756987780365019
      0.68300000000000027356	      0.28976484146388975516	      0.28976484146388975516	      0.28976484146388975516	      0.01675904484209638640	      0.28977160987169153783	      0.10984814930792458076	      0.30190662529992201568	      0.11608847748035371061	     -0.11055071202501402794	     -3.28774458250112378010	     -0.74133396239088289459	      0.32030853860932556598	      0.11497831106126496503	     -0.72632839374044289027	     -3.23382566185244657575	     -0.96074197441455677637
      0.68400000000000027445	      0.29050143427414687469	      0.29050143427414687469	      0.29050143427414687469	      0.01728615755180428273	      0.28563867596468384136	      0.11150213852415261084	      0.28618915441798542521	      0.11246296524331218791	     -0.10844530019410683619	     -3.27074006006721074158	     -0.72215622883978625168	      0.34680078328644731167	      0.11291452590375124221	     -0.71776580774849063626	     -3.27981650985445227775	     -1.00814228459717702968
      0.68500000000000027534	      0.29123343385432626240	      0.29123343385432626240	      0.29123343385432626240	      0.01777387037491359734	      0.28143514395301288955	      0.11309677249219181328	      0.27034830695514683319	      0.10884115615585578107	     -0.10617580900061261706	     -3.25305669642797390395	     -0.70219884909079111068	      0.37369918626422060637	      0.11106869242461585301	     -0.70880321691484204916	     -3.32609500568299099044	     -1.05534073077432011267
      0.68600000000000027622	      0.29195976006263502089	      0.29195976006263502089	      0.29195976006263502089	      0.01821937993980821471	      0.27716340855578652791	      0.11463125272716717662	      0.25439125591040950836	      0.10522981713681493765	     -0.10374741769110983058	     -3.23471322499543267881	     -0.68147082726155205901	      0.40099883924791618339	      0.10944804685522865895	     -0.69943982619321365402	     -3.37264638941087557811	     -1.10227799105504420396
      0.68700000000000027711	      0.29267837204180419119	      0.29267837204180419119	      0.29267837204180419119	      0.01861993427492202036	      0.27282577990864176343	      0.11610479270998728951	      0.23832551044798500062	      0.10163558409231208957	     -0.10116542189566132826	     -3.21572842161761229818	     -0.66000179437577244368	      0.42869498446050702256	      0.10805957862650551748	     -0.68967521452939828386	     -3.41945388383788229092	     -1.14898504168091708522
      0.68800000000000027800	      0.29338644501569710599	      0.29338644501569710599	      0.29338644501569710599	      0.01897312436210795566	      0.26842267206328968010	      0.11751538616076996624	      0.22216522614228412236	      0.09806706915707910643	     -0.09843676263858715247	     -3.19612624853665572289	     -0.63814081047184201267	      0.45678883522631791303	      0.10691003375169917666	     -0.67951185007354242273	     -3.46648251367384130361	     -1.19706882867679897942
      0.68900000000000027889	      0.29408240956799591714	      0.29408240956799591714	      0.29408240956799591714	      0.01927625132098582592	      0.26395658037095998116	      0.11886232905701593632	      0.20591728998477898394	      0.09453187271911199507	     -0.09556827763333038128	     -3.17592621190445179025	     -0.61590441315257116184	      0.48527318241087857853	      0.10600581136476261435	     -0.66895093576011233072	     -3.51371276195397364006	     -1.24648363460214595122
      0.69000000000000027978	      0.29476600724608970072	      0.29476600724608970072	      0.29476600724608970072	      0.01952637264520451152	      0.25943209548367618389	      0.12014622765900662138	      0.18958085073341160443	      0.09103661633875771708	     -0.09256698213654547536	     -3.15514192087042300017	     -0.59297352077654108538	      0.51413314593562764454	      0.10535304644055283607	     -0.65799173755407214248	     -3.56114493448776547879	     -1.29558147514791066612
      0.69100000000000028066	      0.29543633493937487833	      0.29543633493937487833	      0.29543633493937487833	      0.01972098496986440450	      0.25485195687674677689	      0.12136656204344813126	      0.17316103344008881848	      0.08758789891489822399	     -0.08943840627266896881	     -3.13379138570806148323	     -0.56934973307681402410	      0.54336044025106822186	      0.10495753977173398475	     -0.64663600731489589979	     -3.60876211302934279956	     -1.34429994414676134973
      0.69200000000000028155	      0.29609136948313025117	      0.29609136948313025117	      0.29609136948313025117	      0.01985766176730979077	      0.25021881634348641654	      0.12252282671400054059	      0.15666334117370983581	      0.08419234578532873436	     -0.08618826314691294121	     -3.11189267117168011367	     -0.54505498348976455514	      0.57294694229514198103	      0.10482487826505072770	     -0.63488592391916931490	     -3.65654529391058735754	     -1.39266563358950556939
      0.69300000000000028244	      0.29672825126016294517	      0.29672825126016294517	      0.29672825126016294517	      0.01993420754789893695	      0.24553332599217234100	      0.12361306689309617401	      0.14010173555442087534	      0.08086054856035752858	     -0.08282685679937724921	     -3.08947225041354611719	     -0.52046224554315823063	      0.60289101727193539215	      0.10496164967579296734	     -0.62274332308058888419	     -3.70445749862170847777	     -1.44227014429016753283
      0.69400000000000028333	      0.29734559178180225425	      0.29734559178180225425	      0.29734559178180225425	      0.01994827121751688304	      0.24079826763906500564	      0.12463686150846658984	      0.12348164524199964354	      0.07759995597658170263	     -0.07936137658021809316	     -3.06654933706559340578	     -0.49559245959555947580	      0.63318267829247798506	      0.10537320339419900539	     -0.61021034632573289969	     -3.75247744149181405859	     -1.49307149116347925855
      0.69500000000000028422	      0.29794353467306705641	      0.29794353467306705641	      0.29794353467306705641	      0.01989736945143862068	      0.23601856111438568320	      0.12559531297943082873	      0.10679967701560337534	      0.07441494477265168939	     -0.07579613061159760912	     -3.04313456016540362370	     -0.47011475198728153169	      0.66380454361254992435	      0.10606392860139914058	     -0.59728820220834066834	     -3.80060433276554388016	     -1.54343877401077556044
      0.69600000000000028511	      0.29852154814978737463	      0.29852154814978737463	      0.29852154814978737463	      0.01977935165622645222	      0.23119725475744473675	      0.12648826349659458845	      0.09005984970978217485	      0.07131191071264962600	     -0.07213733049534395980	     -3.01924494875559012996	     -0.44402521786162030271	      0.69474593535773210284	      0.10703799758046100843	     -0.58398093244003390634	     -3.84881920647800823687	     -1.59329565117126703555
      0.69700000000000028599	      0.29907782655482767487	      0.29907782655482767487	      0.29907782655482767487	      0.01959216627934088836	      0.22633729919752729187	      0.12731555599849278537	      0.07326655508547670614	      0.06829739349144750560	     -0.06839142429761087272	     -2.99489769431265440147	     -0.41734127370707063687	      0.72599630791874758540	      0.10829942952711697768	     -0.57029286840415360782	     -3.89710106694296776197	     -1.64265628480507341891
      0.69800000000000028688	      0.29960969980960372450	      0.29960969980960372450	      0.29960969980960372450	      0.01933390783638345642	      0.22143948399472015987	      0.12807533499841680658	      0.05643457408858204571	      0.06538292271419417212	     -0.06457044511791265595	     -2.97012155947200540140	     -0.39047434478671411151	      0.75755275224166684911	      0.10985492204055398446	     -0.55622305427557428015	     -3.94541157388275465223	     -1.69313527162322374764
      0.69900000000000028777	      0.30011619452677590347	      0.30011619452677590347	      0.30011619452677590347	      0.01900261814647972655	      0.21650683150084629180	      0.12876756053945054292	      0.03956884680375494234	      0.06257527870472828768	     -0.06068163853378426981	     -2.94493476387039088138	     -0.36344833149877919798	      0.78940368963023854754	      0.11170829330530245016	     -0.54177486504999650130	     -3.99372756340240675499	     -1.74469291873947929261
      0.70000000000000028866	      0.30059807877144179011	      0.30059807877144179011	      0.30059807877144179011	      0.01859630706482203605	      0.21154460383048970251	      0.12939398810062394118	      0.02266414827075258903	      0.05987644207655987844	     -0.05672735703283014741	     -2.91934357924513943061	     -0.33589895434404704044	      0.82152995168708875529	      0.11386085270880173803	     -0.52695448201711359015	     -4.04204634549443930780	     -1.79568227523095647058
      0.70100000000000028955	      0.30105539232898947954	      0.30105539232898947954	      0.30105539232898947954	      0.01811320641740069709	      0.20655608507670572549	      0.12995489056538050976	      0.00572447800232625190	      0.05729230927262229239	     -0.05271472400554359089	     -2.89336384333155516302	     -0.30782070337161426821	      0.85391971934305166414	      0.11631507798673669518	     -0.51176721176091932719	     -4.09034723584905446359	     -1.84601476843312828358
      0.70200000000000029043	      0.30148677781420524235	      0.30148677781420524235	      0.30148677781420524235	      0.01755166497213418719	      0.20154444617392644479	      0.13045051990581699175	     -0.01124579521390394604	      0.05482897636929710133	     -0.04865108052454455989	     -2.86701168630709224416	     -0.27923119727160411463	      0.88656129439999176167	      0.11907334386710974328	     -0.49621844925494956735	     -4.13860761388923670268	     -1.89569636488518522555
      0.70300000000000029132	      0.30189001073851562396	      0.30189001073851562396	      0.30189001073851562396	      0.01691013322594907622	      0.19651051165238214713	      0.13087918772916801169	     -0.02823016110149056609	      0.05249718167743405023	     -0.04454780876584112093	     -2.84031709528808473664	     -0.25058147688258092245	      0.91945200974335405952	      0.12214154906163397774	     -0.48030545334717505979	     -4.18678760831105289952	     -1.94638738754791229546
      0.70400000000000029221	      0.30226472615988086989	      0.30226472615988086989	      0.30226472615988086989	      0.01618707065095233502	      0.19145746456635215349	      0.13124129177420940096	     -0.04522333425408227303	      0.05030248479305786391	     -0.04041204253519137257	     -2.81329678957703821496	     -0.22189698620691608588	      0.95257969795021302239	      0.12552147667566931899	     -0.46403311392770785204	     -4.23486217013397769904	     -1.99804456968774712955
      0.70500000000000029310	      0.30261242690410239398	      0.30261242690410239398	      0.30261242690410239398	      0.01538098662052424584	      0.18639085770539076670	      0.13153929322720636641	     -0.06223178627092183085	      0.04824502018181784507	     -0.03624611747666691558	     -2.78595258654992816716	     -0.19277229941796794610	      0.98592383712861719758	      0.12921109815275003130	     -0.44741261435039197947	     -4.28282695417048664410	     -2.04897743063330439739
      0.70600000000000029399	      0.30293382746962910224	      0.30293382746962910224	      0.30293382746962910224	      0.01449052938035838740	      0.18131410053844659869	      0.13177390657455542722	     -0.07925098868402394303	      0.04632978128635700799	     -0.03205792927408214477	     -2.75829896497716298143	     -0.16320467984880318579	      1.01947232240619878318	      0.13321119830464500655	     -0.43044958590640158835	     -4.33066010348477981040	     -2.09909628360200661845
      0.70700000000000029488	      0.30322816851894801582	      0.30322816851894801582	      0.30322816851894801582	      0.01351447357738897251	      0.17623046703706757299	      0.13194580321499493891	     -0.09627598458127673009	      0.04456194280826072940	     -0.02785548083493349578	     -2.73035079819649340038	     -0.13321652395159758187	      1.05321322926318527990	      0.13752244564904630986	     -0.41314963456693987176	     -4.37833786494964627423	     -2.14841020298556983903
      0.70800000000000029576	      0.30349382704722138726	      0.30349382704722138726	      0.30349382704722138726	      0.01245168404526500634	      0.17114070548645241021	      0.13205348847684289515	     -0.11328818660453107703	      0.04294991342234349280	     -0.02364743375122454333	     -2.70213823431162625255	     -0.10328770473199509750	      1.08714481323555101078	      0.14214842148910819541	     -0.39551140480461127735	     -4.42581824229051878916	     -2.19861239061068491907
      0.70900000000000029665	      0.30373109444691176462	      0.30373109444691176462	      0.30373109444691176462	      0.01130107122676488052	      0.16604804215698182324	      0.13209777897015245740	     -0.13028178800038864305	      0.04149773767006384451	     -0.01944067828713885032	     -2.67367634653876118378	     -0.07344411202309843179	      1.12125467078048579594	      0.14708865166751286524	     -0.37754132275382107364	     -4.47307465676854310033	     -2.24965017103355835459
      0.71000000000000029754	      0.30394214041713696339	      0.30394214041713696339	      0.30394214041713696339	      0.01006166434634677559	      0.16095820269189650698	      0.13208178162513550813	     -0.14726454924133483559	      0.04020470659622012860	     -0.01523950057752716455	     -2.64496322252973836697	     -0.04324605086872490567	      1.15552095016348044254	      0.15233872721673538675	     -0.35925278919779085607	     -4.52010245098233287564	     -2.29979377361676240454
      0.71100000000000029843	      0.30412828675432435066	      0.30412828675432435066	      0.30412828675432435066	      0.00873259043004304472	      0.15587458182332272760	      0.13200658726524683306	     -0.16423168133549065351	      0.03907460328318909659	     -0.01105198369314754070	     -2.61601188081081259540	     -0.01269644614482621017	      1.18993138367445538961	      0.15789776172157204970	     -0.34065149533929162118	     -4.56687929485500276883	     -2.34896586898166992441
      0.71200000000000029932	      0.30428935566990406025	      0.30428935566990406025	      0.30428935566990406025	      0.00731310290298648347	      0.15080041066316979270	      0.13187322539861601189	     -0.18117780118618978524	      0.03811130975418512701	     -0.00688614134124293509	     -2.58683580154395187378	      0.01817502811140431218	      1.22447403024999368348	      0.16376465292146924480	     -0.32174315017620808144	     -4.61338090232041420080	     -2.39718941093156878708
      0.71300000000000030020	      0.30442429896626699293	      0.30442429896626699293	      0.30442429896626699293	      0.00580253979818838757	      0.14573623942976024481	      0.13168034954177618157	     -0.19808255120086698531	      0.03732033506288411073	     -0.00274702387059149768	     -2.55746496988977334297	      0.04887549761795611375	      1.25914769311771279625	      0.16993955725797008083	     -0.30253063103553545776	     -4.65956274763993061327	     -2.44614511366783160540
      0.71400000000000030109	      0.30453393311670889920	      0.30453393311670889920	      0.30453393311670889920	      0.00420032578867797837	      0.14068519311504779079	      0.13142910276038355377	     -0.21494012965565628681	      0.03670429833188081081	      0.00135889729201295155	     -2.52791300151544851005	      0.07937919860138993589	      1.29393942763834579601	      0.17641991293669948004	     -0.28302160236509732449	     -4.70539750560653757816	     -2.49576877031275712326
      0.71500000000000030198	      0.30462086667517307426	      0.30462086667517307426	      0.30462086667517307426	      0.00250607115805514917	      0.13565300608315167263	      0.13112309848510525501	     -0.23176023322654273895	      0.03626256093638587086	      0.00542447041857105957	     -2.49817502245630507218	      0.11014413701483508068	      1.32882585693816857031	      0.18320036105352002775	     -0.26322827848877783374	     -4.75088208597429240143	     -2.54432991380224038380
      0.71600000000000030287	      0.30468681022018667681	      0.30468681022018667681	      0.30468681022018667681	      0.00071947131864243900	      0.13064290257840346920	      0.13076368503208141147	     -0.24853864312784135215	      0.03599754896471597798	      0.00944240573447302500	     -2.46826254217541185554	      0.14116195076608842318	      1.36379410681940749228	      0.19027838198210819676	     -0.24315682007678751653	     -4.79599437631213998401	     -2.59177222729078859942
      0.71700000000000030376	      0.30473199382882493191	      0.30473199382882493191	      0.30473199382882493191	     -0.00115966021485590983	      0.12565791312474189345	      0.13035213638512554990	     -0.26527028525759205335	      0.03591168514059450007	      0.01340566270457134099	     -2.43818759509144067366	      0.17239665046017399463	      1.39883183295005264490	      0.19765109240809175528	     -0.22281355029699614900	     -4.84071016810565257771	     -2.63813679921614774315
      0.71800000000000030465	      0.30475575984483516123	      0.30475575984483516123	      0.30475575984483516123	     -0.00313145391840918483	      0.12069826364002156360	      0.12988715471114903321	     -0.28193369829124320658	      0.03600830868266100687	      0.01731198328271208245	     -2.40798066681235090059	      0.20335485978096995430	      1.43393737581003088977	      0.20531516245883305039	     -0.20220629926711777835	     -4.88498271582662990653	     -2.68503427253075610537
      0.71900000000000030553	      0.30475920691947849805	      0.30475920691947849805	      0.30475920691947849805	     -0.00519588884782663362	      0.11576683337523717421	      0.12937008614204081880	     -0.29852393165859819613	      0.03628896818058896523	      0.02115555746093079892	     -2.37765422490886901841	      0.23401140534925507497	      1.46909670540693260143	      0.21326637274332219119	     -0.18134352834483585815	     -4.92878497559959516394	     -2.73239182852411488511
      0.72000000000000030642	      0.30474509883922645814	      0.30474509883922645814	      0.30474509883922645814	     -0.00735269092859786727	      0.11086920451114336272	      0.12880490083946730118	     -0.31505346936714900830	      0.03675325406316690829	      0.02492730848589233203	     -2.34720052039400606247	      0.26482771683030387200	      1.50428486559329344097	      0.22149942507080114251	     -0.16023441277808117555	     -4.97211692156390938635	     -2.77853409807719309299
      0.72100000000000030731	      0.30471526923080671789	      0.30471526923080671789	      0.30471526923080671789	     -0.00960151343530949233	      0.10600829885749310511	      0.12819308210259730552	     -0.33151946196616211004	      0.03740229417584336330	      0.02862158352964737362	     -2.31662956273940867646	      0.29579135672208900498	      1.53948788863626728762	      0.23001018973253617439	     -0.13888635690070508244	     -5.01495722165898705214	     -2.82342727987201635997
      0.72200000000000030820	      0.30467012346070376783	      0.30467012346070376783	      0.30467012346070376783	     -0.01194190652848630720	      0.10118682564334889606	      0.12753603106627697805	     -0.34791791064755833718	      0.03823715343945273404	      0.03223308427854620212	     -2.28595198333622917630	      0.32686212510578127599	      1.57469253475127257680	      0.23879405550590734886	     -0.11730705190089549261	     -5.05728227936189700387	     -2.86712788295612108769
      0.72300000000000030909	      0.30460917459338193725	      0.30460917459338193725	      0.30460917459338193725	     -0.01437344273577845916	      0.09640461740134455282	      0.12683241734804573397	     -0.36422693063665395607	      0.03926049361050241299	      0.03576049394741104975	     -2.25519989064962889103	      0.35755506693733479784	      1.60989571649356988381	      0.24784524339499819368	     -0.09550740738286726816	     -5.09904404030954694349	     -2.91112751627663080001
      0.72400000000000030997	      0.30453357619106252718	      0.30453357619106252718	      0.30453357619106252718	     -0.01689544790999553125	      0.09166421966734142335	      0.12608369664458798920	     -0.38044306584177783881	      0.04047314056242120456	      0.03919891538470816894	     -2.22438474983611778057	      0.38784658910734765014	      1.64508206995513872606	      0.25715830519742627347	     -0.07349636944864178234	     -5.14021664588415649888	     -2.95535113241120139804
      0.72500000000000031086	      0.30444602936942477545	      0.30444602936942477545	      0.30444602936942477545	     -0.01950692676904228900	      0.08697095099384383188	      0.12529408544835879402	     -0.39658205037110044744	      0.04187419040059171815	      0.04253961234658790863	     -2.19349521977009942475	      0.41819091931753854530	      1.68022547377257147616	      0.26672798161623856306	     -0.05128091351211584714	     -5.18080366166437578102	     -2.99822919896732331679
      0.72600000000000031175	      0.30434829881844360777	      0.30434829881844360777	      0.30434829881844360777	     -0.02220685099489723424	      0.08232735640018776224	      0.12446512359942557557	     -0.41264266815027594859	      0.04346362790299266449	      0.04577885059962884251	     -2.16253988306251665463	      0.44857295496440130478	      1.71531085121636417412	      0.27654855213171808392	     -0.02887023797242147319	     -5.22078493615960503860	     -3.03974684889340585059
      0.72700000000000031264	      0.30424079304306916871	      0.30424079304306916871	      0.30424079304306916871	     -0.02499410629990415911	      0.07773576213010210956	      0.12359826374707370833	     -0.42862229451929151347	      0.04524140020740889667	      0.04891325320659047071	     -2.13152809467833614931	      0.47895040303558261696	      1.75032400026098744483	      0.28661379194134634085	     -0.00627382664094974438	     -5.26013792752240583184	     -3.07996974540489176775
      0.72800000000000031353	      0.30412306670561167765	      0.30412306670561167765	      0.30412306670561167765	     -0.02786774335112848777	      0.07319560931206053889	      0.12269213575518575499	     -0.44449905066958272926	      0.04721082244254366789	      0.05194074115618681209	     -2.10049425083522400826	      0.50885361138308293771	      1.78526002807733918942	      0.29691695392665268249	      0.01649747510341984663	     -5.29881426134798338978	     -3.12023946154531683916
      0.72900000000000031442	      0.30399621287560857352	      0.30399621287560857352	      0.30399621287560857352	     -0.03082643906497160163	      0.06870907722247833471	      0.12174826941627577004	     -0.46027105997571710061	      0.04937207486771080095	      0.05485750489079097014	     -2.06944866060705523481	      0.53826187557439286735	      1.82010262451962390173	      0.30745153521644058570	      0.03943426171139700898	     -5.33678985551944684573	     -3.16048586195401393084
      0.73000000000000031530	      0.30386277500799274698	      0.30386277500799274698	      0.30386277500799274698	     -0.03386847395833749580	      0.06428114775432104688	      0.12077106008433546869	     -0.47595700378417615806	      0.05172252633738372990	      0.05765742051115539668	     -2.03837546100385758052	      0.56761529138301924924	      1.85482549762516790715	      0.31821131832528970484	      0.06252894385752925943	     -5.37407163254333930524	     -3.19927865760785623550
      0.73100000000000031619	      0.30372439022101793693	      0.30372439022101793693	      0.30372439022101793693	     -0.03699219107136337420	      0.05991396529690423689	      0.11976208292170985314	     -0.49155691343236768143	      0.05426110289604627740	      0.06033839848640144832	     -2.00728190517414573080	      0.59689757749025218470	      1.88941308459260737251	      0.32918907449150852651	      0.08577071928744629814	     -5.41064088340710735991	     -3.23661612511457752461
      0.73200000000000031708	      0.30358142185007930269	      0.30358142185007930269	      0.30358142185007930269	     -0.04019586313622884599	      0.05560946085927687826	      0.11872282252582999629	     -0.50706923522552704853	      0.05698680555287724547	      0.06289862723657881072	     -1.97617620164159313312	      0.62606650419206932856	      1.92385077318711061878	      0.34037715157380549202	      0.10914862792569603178	     -5.44647646379962324659	     -3.27256655530759532624
      0.73300000000000031797	      0.30343346860235326234	      0.30343346860235326234	      0.30343346860235326234	     -0.04347810786102173503	      0.05136673725541777286	      0.11765194180490008702	     -0.52247226700850835091	      0.05990400435449669270	      0.06533456831072366466	     -1.94509459984664445642	      0.65467315522580404874	      1.95813218678728695465	      0.35176872204786518994	      0.13265394388561402295	     -5.48153034839425412628	     -3.30830945384726238245
      0.73400000000000031886	      0.30328156706069731019	      0.30328156706069731019	      0.30328156706069731019	     -0.04683702746979714199	      0.04718761042579310006	      0.11655105391246911584	     -0.53776527937036289195	      0.06301195823219118974	      0.06764354434203023736	     -1.91404587926660085806	      0.68270060481407557340	      1.99224099734272397377	      0.36335608566510807504	      0.15627662072100539925	     -5.51578053399957202174	     -3.34378546747001825779
      0.73500000000000031974	      0.30312810374913506939	      0.30312810374913506939	      0.30312810374913506939	     -0.05027024615892106141	      0.04307667050394455716	      0.11542467796074873387	     -0.55296891609829967873	      0.06630523057401981057	      0.06982319112335517997	     -1.88300932083934369210	      0.71057024483426944883	      2.02615206033126282748	      0.37513093102012889934	      0.18000599143347512099	     -5.54923685829189050622	     -3.37771781623053568566
      0.73600000000000032063	      0.30297462546568304509	      0.30297462546568304509	      0.30297462546568304509	     -0.05377560265182499549	      0.03903566053798492724	      0.11427443355829136618	     -0.56808371362387988235	      0.06978163124604440382	      0.07187248895628696455	     -1.85199099586737148115	      0.73826608386404135587	      2.05985029028515320704	      0.38708464856501595408	      0.20383046181715208656	     -5.58188226783023822009	     -3.41011186559108780969
      0.73700000000000032152	      0.30282149159660015636	      0.30282149159660015636	      0.30282149159660015636	     -0.05735087516405901198	      0.03506611724137594088	      0.11310184669882979158	     -0.58310853146974306327	      0.07343919314167510204	      0.07379059152973853342	     -1.82099810803615080879	      0.76574796016539814492	      2.09332156384548362382	      0.39920831854813126904	      0.22773843235088625514	     -5.61369730804938704694	     -3.44103317544378661808
      0.73800000000000032241	      0.30266841439124020363	      0.30266841439124020363	      0.30266841439124020363	     -0.06099434010788217647	      0.03116685655663663235	      0.11190571924811612559	     -0.59802195939965319127	      0.07728263429420541286	      0.07557297807495379216	     -1.79006717954799521308	      0.79259091241804990879	      2.12655873376331427949	      0.41149479534284905125	      0.25172306035183333872	     -5.64463458708893384141	     -3.47150340617036601287
      0.73900000000000032330	      0.30251642254649069308	      0.30251642254649069308	      0.30251642254649069308	     -0.06470364569252211318	      0.02733932724166703021	      0.11068775504199919457	     -0.61282380219300602864	      0.08130983680182377049	      0.07721805931888696406	     -1.75920512781335736108	      0.81878166275258934537	      2.15954650413317850166	      0.42393496609378050755	      0.27577362947041944574	     -5.67467440869892936206	     -3.50147958798081626597
      0.74000000000000032419	      0.30236775347013955528	      0.30236775347013955528	      0.30236775347013955528	     -0.06847588459367014158	      0.02358766016965507459	      0.10945251027835266322	     -0.62753541783048039093	      0.08551219812857416280	      0.07872692181509069465	     -1.72838724900488305281	      0.84472036534292560539	      2.19226203631949978501	      0.43651798910753530913	      0.29987605924645982514	     -5.70382941820676947486	     -3.52983909914285121090
      0.74100000000000032507	      0.30222388567681934823	      0.30222388567681934823	      0.30222388567681934823	     -0.07230852962817792273	      0.01991317804751083220	      0.10820164350930698560	     -0.64215720652158247983	      0.08988627105288633790	      0.08009905414298834625	     -1.69761871791340901439	      0.87039306433658802931	      2.22469135553510888315	      0.44923384941617600097	      0.32401866575082116650	     -5.73208428279605008981	     -3.55657931805916449619
      0.74200000000000032596	      0.30208521499258605969	      0.30208521499258605969	      0.30208521499258605969	     -0.07619901134663750741	      0.01631701552818727585	      0.10693671683866678990	     -0.65668790101839225049	      0.09442898080043787834	      0.08133406973280558894	     -1.66690590313817610379	      0.89576357627223401892	      2.25682163895362508654	      0.46207253072124793158	      0.34819013137835258531	     -5.75942166060690219354	     -3.58176362026392558491
      0.74300000000000032685	      0.30195160163098511141	      0.30195160163098511141	      0.30195160163098511141	     -0.08014532141233696172	      0.01279773755262715758	      0.10565674450933794370	     -0.67110675415095899510	      0.09914400379919258155	      0.08242775896672593916	     -1.63628331300825924366	      0.92042963713339143172	      2.28864582046192710507	      0.47502566141719831938	      0.37238369836107948485	     -5.78579519389589691514	     -3.60628674962069295518
      0.74400000000000032774	      0.30182404129153750372	      0.30182404129153750372	      0.30182404129153750372	     -0.08414476735431938859	      0.00935639704408395417	      0.10436348699207620427	     -0.68541371390458938340	      0.10402746529304608691	      0.08337950264214448459	     -1.60575598609204672762	      0.94438033150143563255	      2.32015010595436876883	      0.48808242311428279292	      0.39658792511457902075	     -5.81118752990866926922	     -3.63011346849789751090
      0.74500000000000032863	      0.30170455509117127813	      0.30170455509117127813	      0.30170455509117127813	     -0.08819405894143471369	      0.00599659088031175708	      0.10306140132971448875	     -0.69962983926904565024	      0.10906819333777310888	      0.08419242435848718620	     -1.57529736242649431865	      0.96799490340647553754	      2.35131444089603824921	      0.50122996082310589117	      0.42078710113831990780	     -5.83561444807743257002	     -3.65226094267466505627
      0.74600000000000032951	      0.30159450802175441497	      0.30159450802175441497	      0.30159450802175441497	     -0.09229043576228851409	      0.00271921298825263330	      0.10175214142175115217	     -0.71375531970430194928	      0.11426145346539984260	      0.08486638702243844146	     -1.54491194710724388806	      0.99126476297875665278	      2.38212627422513900655	      0.51445720536126482436	      0.44497019706723495158	     -5.85906280879793417427	     -3.67272046840107257992
      0.74700000000000033040	      0.30149426211639707152	      0.30149426211639707152	      0.30149426211639707152	     -0.09643108695190548418	     -0.00047503256995706181	      0.10043726443300493578	     -0.72778869254412470458	      0.11960287136749306325	      0.08540133032701380245	     -1.51460547075759133229	      1.01416093587762201622	      2.41257406290772813406	      0.52775288567521139171	      0.46912629779676373598	     -5.88151742439368074855	     -3.69153545918936210057
      0.74800000000000033129	      0.30140373362645661581	      0.30140373362645661581	      0.30140373362645661581	     -0.10061370810790348784	     -0.00358781757707646743	      0.09911598012945913028	     -0.74171052285161143125	      0.12509380394777594447	      0.08579447258975637924	     -1.48440837190401486723	      1.03629230556203877356	      2.44265151158197557635	      0.54110644376854821758	      0.49324676252341026483	     -5.90293383965562679094	     -3.70952509098161353762
      0.74900000000000033218	      0.30132377132068788317	      0.30132377132068788317	      0.30132377132068788317	     -0.10483535993361658978	     -0.00661850749520811240	      0.09779001739628462309	     -0.75552100125405008413	      0.13072864803263750666	      0.08604606983903277662	     -1.45432409005782137257	      1.05764808510008223585	      2.47234644128302205601	      0.55450566031930381694	      0.51731992847139895986	     -5.92329757333839079791	     -3.72666795871675304852
      0.75000000000000033307	      0.30125602761299852261	      0.30125602761299852261	      0.30125602761299852261	     -0.10909251880061894557	     -0.00956410829342572988	      0.09646358363403739755	     -0.76924040715287267389	      0.13649491793889836910	      0.08615981798785299350	     -1.42432690514176329977	      1.07859545357447705882	      2.50164107303006622018	      0.56793682107951470872	      0.54133098204235463591	     -5.94262773600046934064	     -3.74208052134002189248
      0.75100000000000033396	      0.30120159212748981448	      0.30120159212748981448	      0.30120159212748981448	     -0.11338223986736595261	     -0.01242417637619115840	      0.09513825288612151598	     -0.78286913322701634499	      0.14238667833377660621	      0.08613619250908677305	     -1.39442084100482976972	      1.09913540123961328554	      2.53052386582076804800	      0.58138790840674703375	      0.56526934197543410310	     -5.96091360851931995057	     -3.75573830519457851906
      0.75200000000000033484	      0.30116064806411224630	      0.30116064806411224630	      0.30116064806411224630	     -0.11770154591343996719	     -0.01519844910825196398	      0.09381550049188194795	     -0.79640601219492268559	      0.14839827870621480344	      0.08597575460028729355	     -1.36461103478208478634	      1.11924931895606483145	      2.55898428361822860566	      0.59484666334415581268	      0.58912451179966551784	     -5.97814258360184869190	     -3.76766642999656342639
      0.75300000000000033573	      0.30113297174257375177	      0.30113297174257375177	      0.30113297174257375177	     -0.12204778439305886961	     -0.01788883272274476022	      0.09249462108335038124	     -0.80983364262088408658	      0.15452825931246691460	      0.08567742465778709071	     -1.33492275215680167300	      1.13853509204084124562	      2.58701730978193245036	      0.60830007548509279491	      0.61288527427835404193	     -5.99427352692957704505	     -3.77867123773355473304
      0.75400000000000033662	      0.30111907739706189613	      0.30111907739706189613	      0.30111907739706189613	     -0.12641780943961850037	     -0.02049513669505358127	      0.09117720145609523041	     -0.82315285670957072384	      0.16076967738080741310	      0.08524227371081330440	     -1.30535833537622147915	      1.15698046393294262657	      2.61461196994751254863	      0.62173496017100537969	      0.63654007662425327041	     -6.00929521263660149089	     -3.78874246327163355375
      0.75500000000000033751	      0.30112009510678622304	      0.30112009510678622304	      0.30112009510678622304	     -0.13080799955522554034	     -0.02301501597111260330	      0.08986709466190032081	     -0.83638318601338601521	      0.16711007699411623006	      0.08467402154503501921	     -1.27589509062623762681	      1.17496075395767829441	      2.64175168243957747549	      0.63513805325948147207	      0.66007673015721879395	     -6.02322984118436988155	     -3.79704074787210554831
      0.75600000000000033840	      0.30113666948015210822	      0.30113666948015210822	      0.30113666948015210822	     -0.13521522847364914055	     -0.02544849010642299611	      0.08856571592349334054	     -0.84952580244534903198	      0.17354264527689636233	      0.08397413622845374681	     -1.24653658751105322899	      1.19248924587975002609	      2.66842550176160475672	      0.64849670859191055339	      0.68348461648318226125	     -6.03606941863628065903	     -3.80352730682851092325
      0.75700000000000033928	      0.30116863287661349569	      0.30116863287661349569	      0.30116863287661349569	     -0.13963636433495271727	     -0.02779575023591248847	      0.08727437376432509164	     -0.86258046958048495423	      0.18006069634233506926	      0.08314415014455717179	     -1.21728734069582356092	      1.20955876523231808939	      2.69462346044756806407	      0.66179793489954719110	      0.70675317530400849630	     -6.04780422031105491243	     -3.80821255149255089023
      0.75800000000000034017	      0.30121543360930475020	      0.30121543360930475020	      0.30121543360930475020	     -0.14406838187453563371	     -0.03005894339164314269	      0.08599229372272375327	     -0.87553223947951319683	      0.18666035809105208099	      0.08218423468004862342	     -1.18816747601406702550	      1.22572993508129202134	      2.72034225046141564519	      0.67502702261581803977	      0.72986982910568143357	     -6.05839804303739537517	     -3.81194387590355798778
      0.75900000000000034106	      0.30127711635383619404	      0.30127711635383619404	      0.30127711635383619404	     -0.14850795175430328565	     -0.03223834335508388160	      0.08472083130329909062	     -0.88838291030826455064	      0.19333397437039598343	      0.08109631881313857094	     -1.15917870204142592350	      1.24098909708396321072	      2.74557178100319676517	      0.68817050239912491705	      0.75282342764535925550	     -6.06784320475673766282	     -3.81472090712982936367
      0.76000000000000034195	      0.30135422168482184357	      0.30135422168482184357	      0.30135422168482184357	     -0.15295143920914130997	     -0.03433229339497669008	      0.08346346395475019719	     -0.90115141656088715294	      0.20007002442907986794	      0.07988455296220926816	     -1.13030237311638082076	      1.25574672423582534009	      2.77029562717109545389	      0.70121626443919471416	      0.77560412187413751983	     -6.07616411503589493037	     -3.81568920454680204912
      0.76100000000000034284	      0.30144687505579886855	      0.30144687505579886855	      0.30144687505579886855	     -0.15739552180157151406	     -0.03634129068946855001	      0.08222139728274227566	     -0.91383993895090587234	      0.20686126008998190207	      0.07855163728637484799	     -1.10154148354979608548	      1.27002862768270841087	      2.79450349581906998253	      0.71415149543113076724	      0.79820093155890270431	     -6.08335573635438908724	     -3.81480670074126360092
      0.76200000000000034373	      0.30155448077682145414	      0.30155448077682145414	      0.30155448077682145414	     -0.16183690628447089388	     -0.03826599418317130213	      0.08099571220301457486	     -0.92644946272219430572	      0.21370037509895187244	      0.07710025881641727197	     -1.07289981448338167525	      1.28383749968760363380	      2.81818600726305490412	      0.72696292871681544856	      0.82060298429253597519	     -6.08941146931840648904	     -3.81208235384789873024
      0.76300000000000034461	      0.30167609647071319534	      0.30167609647071319534	      0.30167609647071319534	     -0.16627224239467494615	     -0.04010882781877811443	      0.07978543646772831566	     -0.93896727628658849252	      0.22058201952821451797	      0.07553115194141983568	     -1.04439327977790008539	      1.29667496601637699527	      2.84134189680882398577	      0.73963544632383138033	      0.84279839732040162659	     -6.09430127696797097059	     -3.80842064997696905237
      0.76400000000000034550	      0.30181130378100007317	      0.30181130378100007317	      0.30181130378100007317	     -0.17069804876118138681	     -0.04187055809956011232	      0.07859165972545996415	     -0.95139601225045300481	      0.22749841136378548545	      0.07384718294778437608	     -1.01602322073290962656	      1.30852786295096934488	      2.86396206059851854420	      0.75215593183200479821	      0.86477651210292394435	     -6.09802104887181606330	     -3.80382668297744164221
      0.76500000000000034639	      0.30196013152685868830	      0.30196013152685868830	      0.30196013152685868830	     -0.17511070950344309605	     -0.04355024462731060808	      0.07741754166469443088	     -0.96375392191936282149	      0.23443925529086032111	      0.07205370867877254615	     -0.98777473756996791998	      1.31986748299092582215	      2.88603003007874203689	      0.76451345934582404240	      0.88652809741210814032	     -6.10059625196205246311	     -3.79739862341093603604
      0.76600000000000034728	      0.30212226685444409924	      0.30212226685444409924	      0.30212226685444409924	     -0.17950671887234601054	     -0.04514887960341887330	      0.07626406962751264285	     -0.97604381040157150995	      0.24139723970869428338	      0.07015469936904417114	     -0.95965005723719243313	      1.33072929380912596820	      2.90753691642293565778	      0.77669559112406838519	      0.90804198941055969119	     -6.10202489596425401430	     -3.78910967688924449348
      0.76700000000000034817	      0.30229676466225802178	      0.30229676466225802178	      0.30229676466225802178	     -0.18388264007676247136	     -0.04666760389343391907	      0.07513207969629433214	     -0.98826754988364073906	      0.24836483299298389715	      0.06815398739956128604	     -0.93165209501583234886	      1.34112162572278204031	      2.92847461341218995301	      0.78868935967602693538	      0.92930725500855826393	     -6.10230360283614547967	     -3.77898600171884124777
      0.76800000000000034905	      0.30248239973919299750	      0.30248239973919299750	      0.30248239973919299750	     -0.18823492808329678194	     -0.04810918489502272188	      0.07402035605789875072	     -1.00041380887272723932	      0.25533617895801058451	      0.06605232577619325751	     -0.90379380028419242787	      1.35047862061328927119	      2.94884401115852901043	      0.80048034828129999152	      0.95031406409267882296	     -6.10140899276978121435	     -3.76795042633160814916
      0.76900000000000034994	      0.30267844647914543543	      0.30267844647914543543	      0.30267844647914543543	     -0.19256001007980919071	     -0.04947490087747634380	      0.07292974876238057791	     -1.01248541377794265550	      0.26230371691279308344	      0.06385355617932732264	     -0.87607615727548271423	      1.35879058817780107304	      2.96863761219944288783	      0.81205624027589773384	      0.97105221954507192628	     -6.09934033238539097255	     -3.75600787528029833595
      0.77000000000000035083	      0.30288461446708919711	      0.30288461446708919711	      0.30288461446708919711	     -0.19685429324861941636	     -0.05076450529532810368	      0.07186319282804959352	     -1.02449953806268312384	      0.26925812071719862351	      0.06156488472559600023	     -0.84848680528022701886	      1.36660450962110546769	      2.98783987313357002336	      0.82340705645099043775	      0.99151160027736784386	     -6.09612312250804322389	     -3.74222788775704273689
      0.77100000000000035172	      0.30310034785158940229	      0.30310034785158940229	      0.30310034785158940229	     -0.20111415279723401928	     -0.05197948180209698010	      0.07082148134261657957	     -1.03645873595357151942	      0.27619227376062588375	      0.05919121292199249623	     -0.82102710193504713221	      1.37395900430065975861	      3.00644447491668387329	      0.83452117949496018579	      1.01168135273639747673	     -6.09175834844822450265	     -3.72661722253182237097
      0.77200000000000035261	      0.30332454899261324099	      0.30332454899261324099	      0.30332454899261324099	     -0.20533607353560745512	     -0.05312144420366701758	      0.06980522832579512393	     -1.04836490386086245152	      0.28309873008414110362	      0.05673717002754364441	     -0.79369906090417252642	      1.38086119356619430043	      3.02444568398219892913	      0.84538643456838291623	      1.03155099034427966131	     -6.08624578340784339048	     -3.70923490314622705810
      0.77300000000000035350	      0.30355593049346557555	      0.30355593049346557555	      0.30355593049346557555	     -0.20951650430431831285	     -0.05419356225466191723	      0.06881303379818146104	     -1.06020701964026176078	      0.28997165552332021532	      0.05420364903689711689	     -0.76651356144980420382	      1.38668904759904632051	      3.04184629390901495327	      0.85598969343963127177	      1.05111277272997716281	     -6.07956840889597494026	     -3.69093651358146157548
      0.77400000000000035438	      0.30379367943557156195	      0.30379367943557156195	      0.30379367943557156195	     -0.21365187537034738274	     -0.05519760836387903324	      0.06784556948067320403	     -1.07198724687868174321	      0.29680380177519616325	      0.05159539470684992163	     -0.73947107388890365165	      1.39143905154243197053	      3.05864127888446679648	      0.86631968027911832042	      1.07035693041127966119	     -6.07172856764617296932	     -3.67172275887502230773
      0.77500000000000035527	      0.30403738934159013629	      0.30403738934159013629	      0.30403738934159013629	     -0.21773862194584314711	     -0.05613393714314576788	      0.06690560240402411429	     -1.08372112490402727758	      0.30358645373430043213	      0.04892128245141767751	     -0.71256051519217200596	      1.39572883192066865554	      3.07481784362083576667	      0.87636719351865655092	      1.08927210005998031939	     -6.06275122098396224146	     -3.65070673546905188900
      0.77600000000000035616	      0.30428646195457309531	      0.30428646195457309531	      0.30428646195457309531	     -0.22177311835718468980	     -0.05700448313521384175	      0.06599376469285281321	     -1.09541007628959441433	      0.31031282275675142746	      0.04618667709847675690	     -0.68578241622007285461	      1.39959370463776222593	      3.09037321563273792435	      0.88612175076904853288	      1.10784832876565864090	     -6.05264011172998817045	     -3.62793763197716190305
      0.77700000000000035705	      0.30453985313677922608	      0.30453985313677922608	      0.30453985313677922608	     -0.22575188555107894572	     -0.05781129030235766103	      0.06511048984581144228	     -1.10705509522307066206	      0.31697574023160862700	      0.04339657714417795298	     -0.65913796285389003593	      1.40303397713571076366	      3.10530498480085359603	      0.89557233454592122257	      1.12607611239767879674	     -6.04139795556396475007	     -3.60351157656929643736
      0.77800000000000035794	      0.30479641863369394406	      0.30479641863369394406	      0.30479641863369394406	     -0.22967155730791097290	     -0.05855795406035142758	      0.06425431167957607048	     -1.11864467073715068146	      0.32356944394256315078	      0.04055265109692308273	     -0.63263626571943953891	      1.40539747024126016051	      3.11961728839596341700	      0.90470716316290300529	      1.14394862198338786996	     -6.02901340072242675205	     -3.57811896640336035702
      0.77900000000000035882	      0.30505542095696003280	      0.30505542095696003280	      0.30505542095696003280	     -0.23352868312354496672	     -0.05924667699316891328	      0.06342577320438021193	     -1.13017967403874219912	      0.33008699002919539289	      0.03766033671727429116	     -0.60627715244766533509	      1.40668773310711814339	      3.13330823924436385752	      0.91351614561588045937	      1.16145658969066145616	     -6.01549159771807495645	     -3.55175636519646564793
      0.78000000000000035971	      0.30531644793452350495	      0.30531644793452350495	      0.30531644793452350495	     -0.23731976245462529929	     -0.05987825913588376570	      0.06262744859422400556	     -1.14167362486080126160	      0.33652018823432533479	      0.03472918340407150917	     -0.58005017950294712747	      1.40756927760548511408	      3.14636963853137308078	      0.92199102160663704009	      1.17858849600506321309	     -6.00085685868467688664	     -3.52368047229722591851
      0.78100000000000036060	      0.30557895840433380030	      0.30557895840433380030	      0.30557895840433380030	     -0.24104131470116027525	     -0.06045500601810279567	      0.06185982417463754129	     -1.15312641735875476279	      0.34286266232172951662	      0.03176467578236981393	     -0.55395522935067331716	      1.40807063951037481075	      3.15880250713819776820	      0.93012264311970993536	      1.19533564725474428236	     -5.98511540407721653878	     -3.49397681022457806677
      0.78200000000000036149	      0.30584206825257492790	      0.30584206825257492790	      0.30584206825257492790	     -0.24469003385039050924	     -0.06097931548765192500	      0.06112318338963045050	     -1.16453764376983781581	      0.34910765224781092897	      0.02877190581345361389	     -0.52799282249075341067	      1.40818344314218824032	      3.17060804298389697919	      0.93790139181498011212	      1.21168979463003045893	     -5.96827263457156842463	     -3.46276767361789472588
      0.78300000000000036238	      0.30610485980304735776	      0.30610485980304735776	      0.30610485980304735776	     -0.24826288017731495961	     -0.06145517277617403712	      0.06041609233992824984	     -1.17589508410895726698	      0.35524934097645693987	      0.02575393928596007159	     -0.50217023158648499415	      1.40725422118159126939	      3.18179111116309609741	      0.94531674417578637204	      1.22764370715846427018	     -5.95032224433654999274	     -3.43051175440446298737
      0.78400000000000036326	      0.30636670074754879245	      0.30636670074754879245	      0.30636670074754879245	     -0.25175663400074543841	     -0.06188511045459155202	      0.05973896826865681547	     -1.18719822543492536937	      0.36128115666910182169	      0.02271662758413725558	     -0.47648669636127666260	      1.40529241761329970473	      3.19235308601352674174	      0.95235997044794029609	      1.24318885833441750144	     -5.93127202523280416813	     -3.39720573323661811926
      0.78500000000000036415	      0.30662715353306657651	      0.30662715353306657651	      0.30662715353306657651	     -0.25516793255036923638	     -0.06227020118153729633	      0.05909409539299032704	     -1.19845862433771399580	      0.36719568470486213529	      0.01966900803825861327	     -0.45093252691485258277	      1.40297784984405815578	      3.20229133236058549628	      0.95902418039050529863	      1.25831532592821604410	     -5.91114577411757657899	     -3.36233365115527549349
      0.78600000000000036504	      0.30688569683548633238	      0.30688569683548633238	      0.30688569683548633238	     -0.25849356423239361336	     -0.06261302965305828860	      0.05848179239428326348	     -1.20967489629171098819	      0.37298709743464675270	      0.01661645054340069386	     -0.42550726987526021894	      1.40033224520829180371	      3.21161004923605863937	      0.96530163479532915538	      1.27301556371281066049	     -5.88995201811824653504	     -3.32599855044988412800
      0.78700000000000036593	      0.30714157225793131678	      0.30714157225793131678	      0.30714157225793131678	     -0.26173050595113445116	     -0.06291626516561435456	      0.05790218730466226843	     -1.22084534834494173872	      0.37864920883638358839	      0.01356397595977714213	     -0.40021104835365950425	      1.39734021644072425872	      3.22031352232795331503	      0.97118422485350475171	      1.28728241207965199422	     -5.86769869789953535388	     -3.28832714083823463014
      0.78800000000000036682	      0.30739403430178280363	      0.30739403430178280363	      0.30739403430178280363	     -0.26487612165426038802	     -0.06318419029385539953	      0.05735389882053200383	     -1.23195741571337924469	      0.38417610100765670067	      0.01051653146710259182	     -0.37504919323347352123	      1.39336834027997991114	      3.22840697436134194120	      0.97666291356098333676	      1.30110805667558437904	     -5.84438420776459555128	     -3.24954077170866373336
      0.78900000000000036771	      0.30764246734272776562	      0.30764246734272776562	      0.30764246734272776562	     -0.26792750528682207634	     -0.06341955944415730850	      0.05683716891448242076	     -1.24300964580215200783	      0.38956177447941475744	      0.00748013473265410171	     -0.35002064011309602654	      1.38842955440924775701	      3.23589456771635575194	      0.98173056281922821409	      1.31448503838918173692	     -5.82001891315277664063	     -3.20964247111124212353
      0.79000000000000036859	      0.30788630226148960833	      0.30788630226148960833	      0.30788630226148960833	     -0.27088151589968878508	     -0.06362358492198340321	      0.05635387018852555663	     -1.25401211353019026440	      0.39480003318413281477	      0.00446229209596088472	     -0.32511709618618189754	      1.38319141383262422806	      3.24277886005826321281	      0.98638193540094254441	      1.32740603666329026744	     -5.79462631952407747349	     -3.16837304118967733046
      0.79100000000000036948	      0.30812492448196376893	      0.30812492448196376893	      0.30812492448196376893	     -0.27373529344917285622	     -0.06379903901254238563	      0.05590410339239244158	     -1.26496288908007459284	      0.39988577922072809923	      0.00146815305578850515	     -0.30033811898068418778	      1.37767229407062452573	      3.24906607421969217953	      0.99061077203408620662	      1.33986437870827401753	     -5.76821723526608209909	     -3.12583066830766975741
      0.79200000000000037037	      0.30835758212032721159	      0.30835758212032721159	      0.30835758212032721159	     -0.27648616708727780100	     -0.06394877689511038743	      0.05548780334362647670	     -1.27585961443942030868	      0.40481360511878761166	     -0.00149738686516977812	     -0.27568373633942849787	      1.37185444203763884374	      3.25476254659039954120	      0.99441058421136607759	      1.35185372980061457859	     -5.74080211255925121350	     -3.08212433809770747217
      0.79300000000000037126	      0.30858358161412352549	      0.30858358161412352549	      0.30858358161412352549	     -0.27913194005118929786	     -0.06407724170534294383	      0.05510357160872815518	     -1.28669002315077452003	      0.40957768551369599930	     -0.00442734431625113785	     -0.25115757693833340447	      1.36513054129737554376	      3.25987388596618465897	      0.99777442394400683856	      1.36336685463408535668	     -5.71238387475519981962	     -3.03729199743177513682
      0.79400000000000037215	      0.30880220830701565760	      0.30880220830701565760	      0.30880220830701565760	     -0.28167007688980011393	     -0.06418730590684711135	      0.05475139938835050374	     -1.29745243402636267760	      0.41417286670065533993	     -0.00731576915007646142	     -0.22675870933392894280	      1.35751435687413191111	      3.26440621552450238596	      1.00069697223391318452	      1.37439764384685680909	     -5.68297540126845657227	     -2.99134784479593918149
      0.79500000000000037303	      0.30901266741335331467	      0.30901266741335331467	      0.30901266741335331467	     -0.28409773563259488327	     -0.06428024734763555792	      0.05443266600133361832	     -1.30815612504844080988	      0.41859453894042442101	     -0.01015738482986663915	     -0.20248089494537785393	      1.34964745533826580015	      3.26836580687333855266	      1.00317456458624487681	      1.38494101392448865084	     -5.65260012044900239658	     -2.94425352827322894811
      0.79600000000000037392	      0.30921416959734332464	      0.30921416959734332464	      0.30921416959734332464	     -0.28641246313077356467	     -0.06435893639354381413	      0.05414720334385841188	     -1.31879944009285976492	      0.42283845615327297907	     -0.01294721697975584167	     -0.17832396164522279491	      1.34155055584178706241	      3.27175976949759617085	      1.00520255537155889236	      1.39499105971510695134	     -5.62127112930408756597	     -2.89608559236243134904
      0.79700000000000037481	      0.30940586952194393255	      0.30940586952194393255	      0.30940586952194393255	     -0.28861198730155812608	     -0.06442632523862788785	      0.05389470636993323738	     -1.32938012390511839378	      0.42690013501340201563	     -0.01568042882138577856	     -0.15428808696958393187	      1.33320952107694856714	      3.27459543943859676673	      1.00677624289276956837	      1.40454222274781059809	     -5.58900135737489378585	     -2.84692167994345357585
      0.79800000000000037570	      0.30958703841429102699	      0.30958703841429102699	      0.30958703841429102699	     -0.29069457395048342585	     -0.06448687076178394317	      0.05367363512955885402	     -1.33988669979219188200	      0.43077426710413885269	     -0.01834846142292939977	     -0.13037594145622669051	      1.32403244094051508739	      3.27687920230525397969	      1.00789138832751046237	      1.41358951948404398813	     -5.55579807971726591376	     -2.79670379406119584687
      0.79900000000000037659	      0.30975681688466505381	      0.30975681688466505381	      0.30975681688466505381	     -0.29265810772462647060	     -0.06454347106512930976	      0.05348367180314900216	     -1.35031786640075401884	      0.43445674258836841641	     -0.02094567590487841219	     -0.10658713840014585883	      1.31403230858745101450	      3.27861833966175808541	      1.00854462192721916480	      1.42212833354027878840	     -5.52167652561541100198	     -2.74545863606805973234
      0.80000000000000037748	      0.30991418759311506470	      0.30991418759311506470	      0.30991418759311506470	     -0.29450012113775198008	     -0.06459743354853610120	      0.05332571310371903711	     -1.36068274779213549408	      0.43794453214855166845	     -0.02346911498619488889	     -0.08291760689072960600	      1.30383047143983987759	      3.27982094511398747372	      1.00873352415649031322	      1.43015454573760170121	     -5.48666013114376838189	     -2.69328605279002797346
      0.80100000000000037836	      0.31005821229682767326	      0.31005821229682767326	      0.31005821229682767326	     -0.29621862349566707717	     -0.06465163808884671903	      0.05319929848710061582	     -1.37098044299084542708	      0.44123426457883435647	     -0.02591401690808811664	     -0.05936761742108111889	      1.29345327846413282735	      3.28049436014618178703	      1.00845521099786172847	      1.43766319742523140945	     -5.45076417743278529571	     -2.64023613833624182234
      0.80200000000000037925	      0.31018794941318067471	      0.31018794941318067471	      0.31018794941318067471	     -0.29781179562112392034	     -0.06470903824046006503	      0.05310385696141610434	     -1.38120931558983395249	      0.44432242565444535209	     -0.02827565434271017003	     -0.03593769157689458843	      1.28289295182990747968	      3.28064627574180311953	      1.00770692454129906501	      1.44464974089327546913	     -5.41400389347726207490	     -2.58635496982538848343
      0.80300000000000038014	      0.31030264280661018494	      0.31030264280661018494	      0.31030264280661018494	     -0.29927840850997011746	     -0.06477396566269605360	      0.05303761175077119361	     -1.39135886008890485854	      0.44720462376583219877	     -0.03054471461429888318	     -0.01263044126711444087	      1.27155672310418976778	      3.28028429854550207523	      1.00648739839486744962	      1.45111262632561066610	     -5.37639053306563763357	     -2.53156990309128238081
      0.80400000000000038103	      0.31040135216046016442	      0.31040135216046016442	      0.31040135216046016442	     -0.30061682861634297925	     -0.06484925199087143710	      0.05299993377067506450	     -1.40142841399457562801	      0.44987780611331645853	     -0.03271612743378520677	      0.01055377376814629550	      1.25945685480614533169	      3.27941640934575229238	      1.00479518711377746598	      1.45704866506683927696	     -5.33794127216346403486	     -2.47592052191356648549
      0.80500000000000038192	      0.31048295757887661717	      0.31048295757887661717	      0.31048295757887661717	     -0.30182503898598084247	     -0.06493618980254695083	      0.05299132819683425449	     -1.41142726410685614979	      0.45234015447464032134	     -0.03478895489614414194	      0.03361734248613627851	      1.24721061327942139840	      3.27805118546337448393	      1.00262876754028140702	      1.46245325818479710023	     -5.29867926379030773631	     -2.41956447118172413013
      0.80600000000000038280	      0.31054651015275364090	      0.31054651015275364090	      0.31054651015275364090	     -0.30290161241673457804	     -0.06503760806707994946	      0.05301108711979105742	     -1.42135527775122882943	      0.45458911213560854181	     -0.03675872992118574267	      0.05655944192114336494	      1.23485018067970298006	      3.27619560871241022326	      0.99998721387679367911	      1.46732334912469886135	     -5.25862213535174038981	     -2.36249951226967835893
      0.80700000000000038369	      0.31059105085824917358	      0.31059105085824917358	      0.31059105085824917358	     -0.30384527615905559950	     -0.06515639260591145343	      0.05305841171739981987	     -1.43121150288432663622	      0.45662210487354426558	     -0.03862095806739043041	      0.07937906537396456630	      1.22237347912801896932	      3.27385719778856154605	      0.99686990123009489029	      1.47165628680733484579	     -5.21778745892211404112	     -2.30472330430036143056
      0.80800000000000038458	      0.31061589188535887462	      0.31061589188535887462	      0.31061589188535887462	     -0.30465520874943646801	     -0.06529642066199684014	      0.05313114427440870230	     -1.44098610802381155160	      0.45843573248026403544	     -0.04036696062965244164	      0.10207323206540211413	      1.20917392297855563754	      3.27104828005126346824	      0.99327777973420017243	      1.47545073888393374340	     -5.17618667678352739614	     -2.24639647909604756038
      0.80900000000000038547	      0.31062024138731508804	      0.31062024138731508804	      0.31062024138731508804	     -0.30533045868008623636	     -0.06546050856168313115	      0.05322848649317801772	     -1.45067915129663771445	      0.46002789327605764225	     -0.04199229835234719044	      0.12464067926805483255	      1.19526488966168220607	      3.26777488493618450960	      0.98921138693116761331	      1.47870701537564386285	     -5.13384054425039426661	     -2.18742335912348728755
      0.81000000000000038636	      0.31060289141607450025	      0.31060289141607450025	      0.31060289141607450025	     -0.30587002353910403007	     -0.06565066737271683939	      0.05335117394306511385	     -1.46030036906087423709	      0.46139809830221129028	     -0.04349639175443856254	      0.14708220558058807126	      1.18127828532600442912	      3.26403425624930720872	      0.98467162900957849736	      1.48143017144759836512	     -5.09078293141114723852	     -2.12725968980034396694
      0.81100000000000038725	      0.31056284115732252227	      0.31056284115732252227	      0.31056284115732252227	     -0.30627189387829623080	     -0.06586782073879869637	      0.05349725531996127326	     -1.46984825096281745971	      0.46254363221956990015	     -0.04487768402620453956	      0.16939817590619352106	      1.16724204626616145930	      3.25986073732511849599	      0.97965680802450838538	      1.48359483885999887676	     -5.04700686118751651321	     -2.06749964039989420073
      0.81200000000000038813	      0.31050034493105960198	      0.31050034493105960198	      0.31050034493105960198	     -0.30653467331825606790	     -0.06611293532960019204	      0.05366466894254823261	     -1.47932223860256284453	      0.46346102517684051314	     -0.04613446741145649233	      0.19158793319318906390	      1.15315024779687824719	      3.25528318735113764149	      0.97416478244631055095	      1.48518011036305885852	     -5.00250768370919463024	     -2.00950249532287683607
      0.81300000000000038902	      0.31041422832489135031	      0.31041422832489135031	      0.31041422832489135031	     -0.30666494281832140656	     -0.06640061101073461980	      0.05385787879201872630	     -1.48872155321091814706	      0.46415458925905311860	     -0.04724431700828297248	      0.21363878267172178860	      1.13842716651701691966	      3.25015346784282854742	      0.96821655360600067386	      1.48633378390792758594	     -4.95746243651391527152	     -1.94366393825204775148
      0.81400000000000038991	      0.31029782467531580314	      0.31029782467531580314	      0.31029782467531580314	     -0.30665903547831785403	     -0.06673124253788130511	      0.05407473432327231100	     -1.49803625428105369188	      0.46462613237447758507	     -0.04820703379211782602	      0.23555439840825517783	      1.12307414639171954107	      3.24453731882209828186	      0.96181630669399043043	      1.48701243577752229008	     -4.91184566129093624909	     -1.87284894042700655881
      0.81500000000000039080	      0.31014587434632789886	      0.31014587434632789886	      0.31014587434632789886	     -0.30650216612467107158	     -0.06708511891023591356	      0.05430252615147431600	     -1.50725088086439718005	      0.46486753584559648012	     -0.04905156808124907369	      0.25735484449072904001	      1.10764807158480049765	      3.23876972820333364211	      0.95494029311301320551	      1.48692692590971753397	     -4.86534194375792150566	     -1.81636543380460446784
      0.81600000000000039169	      0.30996108212062623011	      0.30996108212062623011	      0.30996108212062623011	     -0.30620298579895033342	     -0.06747752414073195093	      0.05454793503514066000	     -1.51638215275851129249	      0.46488058634337564579	     -0.04975756145415463627	      0.27902544583327565375	      1.09223757315403502410	      3.23265434474571877743	      0.94760361367321865877	      1.48624900870090481675	     -4.81817478919397057524	     -1.76231835673477177373
      0.81700000000000039257	      0.30974996012949351787	      0.30974996012949351787	      0.30974996012949351787	     -0.30577089520413713863	     -0.06792324673424224302	      0.05481741124342700416	     -1.52545163387767845897	      0.46466413065480344224	     -0.05030617135313229793	      0.30055055507856109909	      1.07689592796773148109	      3.22598601138538931821	      0.93981594688360248213	      1.48515557245993545799	     -4.77059199198204808567	     -1.69860827728360574973
      0.81800000000000039346	      0.30951484297745202046	      0.30951484297745202046	      0.30951484297745202046	     -0.30520077712111198798	     -0.06841438186841471147	      0.05510178268603641710	     -1.53444369952428139037	      0.46421084105474441639	     -0.05070693804499749879	      0.32193352602338126678	      1.06095242448430782112	      3.21892917049569682320	      0.93156782506311186509	      1.48351866763044060171	     -4.72244458203965500331	     -1.63464859527264172456
      0.81900000000000039435	      0.30925396638980773290	      0.30925396638980773290	      0.30925396638980773290	     -0.30449127314427543167	     -0.06895105040995093415	      0.05539876748533986012	     -1.54335370238765001716	      0.46352088706157362763	     -0.05095996465336431053	      0.34317477709793975382	      1.04441594710636764809	      3.21152909238978168105	      0.92286329751212103911	      1.48131097159495017657	     -4.67370998831641859539	     -1.57246986341310779345
      0.82000000000000039524	      0.30896643142083879408	      0.30896643142083879408	      0.30896643142083879408	     -0.30364387307835860597	     -0.06953725511769980050	      0.05571043741371090735	     -1.55219188342185532292	      0.46259616394058050703	     -0.05106195685667896944	      0.36427306495050648660	      1.02795824507578559270	      3.20375051674358646281	      0.91370982411164614057	      1.47856883658588555974	     -4.62445626144112775791	     -1.50949824670659649151
      0.82100000000000039613	      0.30865218020644263897	      0.30865218020644263897	      0.30865218020644263897	     -0.30265877816135955403	     -0.07017455583174149469	      0.05603545016578268673	     -1.56095702305554295819	      0.46143640449583728236	     -0.05101102553621722491	      0.38522641613916186465	      1.01160895114208693180	      3.19560950159581969032	      0.90411167504322398347	      1.47528891434497722024	     -4.57469714151628004117	     -1.44612386441119333824
      0.82200000000000039702	      0.30831073636901246138	      0.30831073636901246138	      0.30831073636901246138	     -0.30153623070005503015	     -0.07086447887426546022	      0.05637236186692381329	     -1.56964702905899256002	      0.46004179915892295938	     -0.05080536670185985260	      0.40603275817647332957	      0.99536145165485645503	      3.18712391110533932448	      0.89407390985071522049	      1.47146702501768711357	     -4.52444357726569990064	     -1.38281332217139873997
      0.82300000000000039790	      0.30794176439811615786	      0.30794176439811615786	      0.30794176439811615786	     -0.30027723190588812008	     -0.07161019038720989327	      0.05671914894192147533	     -1.57825315398411936130	      0.45841324632811164541	     -0.05044211425001719762	      0.42668845750623490831	      0.97859702135743165119	      3.17830328483774726678	      0.88360257653621798735	      1.46710873526204332862	     -4.47371816475083328157	     -1.31943078869758445570
      0.82400000000000039879	      0.30754497947195214014	      0.30754497947195214014	      0.30754497947195214014	     -0.29888252915521090758	     -0.07241352624645042146	      0.05707479332942247408	     -1.58677427502327228481	      0.45655168961652858872	     -0.04991995343419523834	      0.44719150220001346874	      0.96133526313957806675	      3.16915764697407809081	      0.87270378503974077589	      1.46221691768466133254	     -4.42254089054561916328	     -1.25597604071260526837
      0.82500000000000039968	      0.30712006407026515298	      0.30712006407026515298	      0.30712006407026515298	     -0.29735262516959221069	     -0.07327506177881214222	      0.05743933409220091518	     -1.59521689430939606069	      0.45445822065394192446	     -0.04923907396286159727	      0.46754182865925553170	      0.94423337837697729480	      3.15969679826674987311	      0.86138388173583002594	      1.45679242789209562048	     -4.37092983900688381027	     -1.19253329832073218242
      0.82600000000000040057	      0.30666690597328116752	      0.30666690597328116752	      0.30666690597328116752	     -0.29568848581525003505	     -0.07419647561481293452	      0.05781172396426801502	     -1.60357928465840404719	      0.45213406024963681551	     -0.04839797237778831196	      0.48773672284454455683	      0.92731910460947630792	      3.14993167616725866509	      0.84964972118596826522	      1.45083831629055604040	     -4.31890410067986696419	     -1.12913327477043767821
      0.82700000000000040146	      0.30618524540277430868	      0.30618524540277430868	      0.30618524540277430868	     -0.29389120999024420655	     -0.07517942047244541293	      0.05819083325188576655	     -1.61185955089252619388	      0.44958064474710263125	     -0.04739532970945802004	      0.50777324584006511277	      0.91058461217391839515	      3.13987306600993631989	      0.83750850016918720886	      1.44435800883703624464	     -4.26648275931887166479	     -1.06580518190583251048
      0.82800000000000040234	      0.30567491292959708682	      0.30567491292959708682	      0.30567491292959708682	     -0.29196222384908698810	     -0.07622634507927114611	      0.05857463043893419707	     -1.62004943247661903349	      0.44680006381049469644	     -0.04623080410576991400	      0.52764913820763059693	      0.89342500039617589458	      3.12953350795583862265	      0.82496777106208296626	      1.43735589610299263619	     -4.21368445590154205860	     -1.00259219106848274095
      0.82900000000000040323	      0.30513579080153901968	      0.30513579080153901968	      0.30513579080153901968	     -0.28990280810297341940	     -0.07733865121178346014	      0.05896208926261526512	     -1.62814745238007430039	      0.44379428255519526303	     -0.04490409769860425476	      0.54736218838335137793	      0.87585992185253247477	      3.11892395212548123595	      0.81203538357096349820	      1.42983577749281187685	     -4.16052774872604036460	     -0.93953164518022413976
      0.83000000000000040412	      0.30456783197109621453	      0.30456783197109621453	      0.30456783197109621453	     -0.28771408988073798874	     -0.07851668243202788999	      0.05935319072091065074	     -1.63615901373124561502	      0.44056512796401148258	     -0.04341496444345019357	      0.56691057641331155104	      0.85853286682625562509	      3.10805376365410523931	      0.79871947116065877825	      1.42180083837014792358	     -4.10703114229230070720	     -0.87665594803024093906
      0.83100000000000040501	      0.30397115090494852829	      0.30397115090494852829	      0.30397115090494852829	     -0.28539757582594510454	     -0.07976171104210021123	      0.05974689987826568155	     -1.64408211428436490387	      0.43711488865777153867	     -0.04176303343342273322	      0.58629111388467569643	      0.84146984141785063915	      3.09693407539204423884	      0.78502855511725877502	      1.41325552438353918561	     -4.05321288910819355067	     -0.81400121906823230677
      0.83200000000000040590	      0.30334560623949941016	      0.30334560623949941016	      0.30334560623949941016	     -0.28295488433638527059	     -0.08107497289644086114	      0.06014210829331745334	     -1.65191467944620806740	      0.43344610958622853403	     -0.03994816623486301121	      0.60550048429243819026	      0.82466211237294761993	      3.08557581660919888478	      0.77097150702250849541	      1.40420461879571600861	     -3.99909112241791220299	     -0.75160339234192496960
      0.83300000000000040679	      0.30269107849588250403	      0.30269107849588250403	      0.30269107849588250403	     -0.28038791618470065847	     -0.08245840170550947090	      0.06053693544300700613	     -1.65964929956468298933	      0.42956203002698345461	     -0.03797175604737001303	      0.62453797787622455928	      0.80751872291549353644	      3.07399116121257964807	      0.75655750061679460927	      1.39465390210935735738	     -3.94468364119521108790	     -0.68950017058410384418
      0.83400000000000040767	      0.30200759106266145126	      0.30200759106266145126	      0.30200759106266145126	     -0.27769845772712709042	     -0.08391298568169243410	      0.06093038126764577234	     -1.66728439759174396073	      0.42546562899410733660	     -0.03583442504847800247	      0.64340109207203854957	      0.79005793809689872642	      3.06219091778463115006	      0.74179599859072642420	      1.38460865977304092844	     -3.89000815494089779989	     -0.62772626022425481729
      0.83500000000000040856	      0.30129533433003041765	      0.30129533433003041765	      0.30129533433003041765	     -0.27488817440548291016	     -0.08543875938440084750	      0.06132232832337299738	     -1.67482431807551424008	      0.42115959911266981353	     -0.03353594826959474529	      0.66208583644630880638	      0.77290561416161229769	      3.05018451489884290240	      0.72669674065685407882	      1.37407367268160784946	     -3.83508232094373191501	     -0.56631327594598956932
      0.83600000000000040945	      0.30055459694555053396	      0.30055459694555053396	      0.30055459694555053396	     -0.27195905334192582714	     -0.08703656824144195836	      0.06171177189732152818	     -1.68226704578124541811	      0.41664727697405867790	     -0.03107710955036069658	      0.68058867077497053888	      0.75608871376207664738	      3.03798280119604680038	      0.71126977334172336587	      1.36305484448153646504	     -3.77992343894443294516	     -0.50529502275031867864
      0.83700000000000041034	      0.29978530547518034144	      0.29978530547518034144	      0.29978530547518034144	     -0.26891317427745076163	     -0.08870721083428274867	      0.06209764138983867032	     -1.68961057746067933039	      0.41193227148613187349	     -0.02845894439821339966	      0.69890604097574882125	      0.73960016258709104786	      3.02559635914472613294	      0.69552547658171159917	      1.35155839743813066534	     -3.72454864503315308255	     -0.44470493739081684570
      0.83800000000000041123	      0.29898734621418815438	      0.29898734621418815438	      0.29898734621418815438	     -0.26575286360955180376	     -0.09045209459708576649	      0.06247818540014474231	     -1.69684839461291980811	      0.40701882069492356653	     -0.02568400908326221727	      0.71703869556478372349	      0.72285348842022845162	      3.01303677692461358006	      0.67947449039313412289	      1.33959144862758905425	     -3.66897464474809220647	     -0.38457810273409392954
      0.83900000000000041211	      0.29816084579758311834	      0.29816084579758311834	      0.29816084579758311834	     -0.26248035417105292089	     -0.09227177157487946590	      0.06285242728574096105	     -1.70397895957617317997	      0.40191086852787311079	     -0.02275382480424983575	      0.73498381526033973454	      0.70586442903119306358	      3.00031443208403736378	      0.66312769756098288720	      1.32716071810202973502	     -3.61321809381516301229	     -0.32494665893927487943
      0.84000000000000041300	      0.29730620346552444344	      0.29730620346552444344	      0.29730620346552444344	     -0.25909778158655510927	     -0.09416593413967763726	      0.06322016510267897127	     -1.71100576308304086481	      0.39661202583464871818	     -0.01966873872806990109	      0.75273523092969440995	      0.68924732358675400157	      2.98743848708166925832	      0.64649620760800674546	      1.31427252284438900176	     -3.55729562725174108806	     -0.26583974245082303556
      0.84100000000000041389	      0.29642385588131187069	      0.29642385588131187069	      0.29642385588131187069	     -0.25560755442856730735	     -0.09613497276098777189	      0.06358042730241852958	     -1.71792693364865156624	      0.39112655646847727109	     -0.01643058125417117335	      0.77028921693877616672	      0.67303157429054982774	      2.97441924883681263481	      0.62959136173681162774	      1.30093416389424687551	     -3.50122342393636776237	     -0.20728829743498292104
      0.84200000000000041478	      0.29551376790068972777	      0.29551376790068972777	      0.29551376790068972777	     -0.25201215474564492292	     -0.09817922131846293365	      0.06393218113024394522	     -1.72474067404745934340	      0.38545900294612472914	     -0.01304142673609347616	      0.78764214412605315641	      0.65721270534193332313	      2.96126671256159745838	      0.61242480675654842326	      1.28715323744898024749	     -3.44501746832746169602	     -0.14932276007578804133
      0.84300000000000041567	      0.29457581081487799191	      0.29457581081487799191	      0.29457581081487799191	     -0.24831428726561138864	     -0.10029956451450530719	      0.06427377106469812917	     -1.73144120376835353170	      0.37961447891375088570	     -0.00950476045501929753	      0.80479585927735819428	      0.64119624420786980323	      2.94799171174709018217	      0.59500840715726366348	      1.27293816587576524846	     -3.38869324508522584694	     -0.09197495263220986650
      0.84400000000000041656	      0.29361019929758380709	      0.29361019929758380709	      0.29361019929758380709	     -0.24451657323910069852	     -0.10249609605792152356	      0.06460424136323772437	     -1.73802705437668603139	      0.37359777375595287774	     -0.00582300836574738481	      0.82174727396672497814	      0.62499513335180434392	      2.93460401050037056336	      0.57735418622314493842	      1.25829703172904738828	     -3.33226621566187874990	     -0.03527380562284122140
      0.84500000000000041744	      0.29261752967916071499	      0.29261752967916071499	      0.29261752967916071499	     -0.24062154851213699014	     -0.10476811964531877741	      0.06492333377620562729	     -1.74450105941757227512	      0.36741331408902694333	     -0.00199739515102187373	      0.83848846922348463373	      0.60922381976316508645	      2.92111231366467549719	      0.55947430569516864995	      1.24323757551634339613	     -3.27575183636944666787	      0.02075468328357706060
      0.84600000000000041833	      0.29159838065987403466	      0.29159838065987403466	      0.29159838065987403466	     -0.23663198684101899305	     -0.10711554890877846014	      0.06523011354852750743	     -1.75086147759551269409	      0.36106611542137417858	      0.00196935555613205783	      0.85501569127601739773	      0.59391370899086337598	      2.90752626188706386756	      0.54138109981331472564	      1.22776841560744531812	     -3.21916502666506998409	      0.07608303693138872281
      0.84700000000000041922	      0.29055274953908477586	      0.29055274953908477586	      0.29055274953908477586	     -0.23255071603330970675	     -0.10953823373681270681	      0.06552358919661863124	     -1.75710669560714838333	      0.35456147466581944272	      0.00607429665677246353	      0.87132537150969324724	      0.57906187148334209436	      2.89385513627969803707	      0.52308717434809759439	      1.21189843926357232462	     -3.16252048274455788146	      0.13068440389036720117
      0.84800000000000042011	      0.28948049532352126967	      0.28948049532352126967	      0.28948049532352126967	     -0.22838076603724502545	     -0.11203654337623851489	      0.06580218348805956519	     -1.76323141036122521541	      0.34790524501117353617	      0.01031298733906890752	      0.88742009272767330419	      0.56405674902137337146	      2.88010893722113214821	      0.50460529664373410252	      1.19563730731819539699	     -3.10583232776866102753	      0.18453071684192484669
      0.84900000000000042100	      0.28838192280901986386	      0.28838192280901986386	      0.28838192280901986386	     -0.22412508628108479547	     -0.11461009720544058921	      0.06606497824773739647	     -1.76923416307452652241	      0.34110288808787503356	      0.01468214158529773314	      0.90329662840430591242	      0.54890909914816554682	      2.86629671479067660300	      0.48594829876547035452	      1.17899436811284630267	     -3.04911466596581215427	      0.23759679897656643677
      0.85000000000000042188	      0.28725782291476520403	      0.28725782291476520403	      0.28725782291476520403	     -0.21978654397165958700	     -0.11725777039782066258	      0.06631171055272706838	     -1.77511728620843478588	      0.33415943895853306156	      0.01917976312367475344	      0.91894594866684364831	      0.53424446061921304629	      2.85242658538343363261	      0.46712905552244210483	      1.16197865703007274796	     -2.99238158969096712525	      0.28986038441876815774
      0.85100000000000042277	      0.28610891903206064901	      0.28610891903206064901	      0.28610891903206064901	     -0.21536821576011780377	     -0.11997899406914248888	      0.06654150646953491122	     -1.78087904586208600755	      0.32708050296153162728	      0.02380225396116619069	      0.93436434879541718779	      0.52009305729577981481	      2.83850744019104439531	      0.44816055675008542591	      1.14460000733919531335	     -2.93564656875264562430	      0.34129794646521827151
      0.85200000000000042366	      0.28493524945272447058	      0.28493524945272447058	      0.28493524945272447058	     -0.21087321253363155993	     -0.12277313182256285873	      0.06675344377658457007	     -1.78651788959809465496	      0.31987196552558772034	      0.02854581675591887080	      0.94954837854680684828	      0.50645000492874492348	      2.82454775208704855771	      0.42905602559121647221	      1.12686849191992122243	     -2.87892280960090918285	      0.39188667431173607181
      0.85300000000000042455	      0.28373667857732831621	      0.28373667857732831621	      0.28373667857732831621	     -0.20630482942285194303	     -0.12564004277141940791	      0.06694605234696204832	     -1.79202881442041173088	      0.31254021023186528971	      0.03340523089816958835	      0.96450128866255313564	      0.49268718710929854110	      2.81055660768819670636	      0.40982879191933380136	      1.10879490902606958613	     -2.82222286056814697375	      0.44160267476574549539
      0.85400000000000042544	      0.28251360987573820305	      0.28251360987573820305	      0.28251360987573820305	     -0.20166627680383455989	     -0.12857886798439005505	      0.06711849886381972274	     -1.79741030233203513689	      0.30509118552310587891	      0.03837646167867924535	      0.97921989407813114781	      0.47881401276046642312	      2.79654223433754411943	      0.39049215709657070228	      1.09038975131667692509	     -2.76555923672758607879	      0.49042494968548155931
      0.85500000000000042633	      0.28126702418977078679	      0.28126702418977078679	      0.28126702418977078679	     -0.19696067823712570810	     -0.13158803866487250867	      0.06727058209053177196	     -1.80266425773741190142	      0.29753036569022761615	      0.04345682110590370212	      0.99369452463259966279	      0.46546955580537496822	      2.78251201002808379315	      0.37105937426150581437	      1.07166320527650094085	     -2.70894442068662399947	      0.53833540149629866001
      0.85600000000000042721	      0.27999779076470671102	      0.27999779076470671102	      0.27999779076470671102	     -0.19219134168248319661	     -0.13466650922540010504	      0.06740154018663790936	     -1.80778886674833816350	      0.28986379547561635928	      0.04864186406943075275	      1.00792161667983770634	      0.45267988042472034893	      2.76847394533663093696	      0.35154375623817424312	      1.05262618910574223818	     -2.65239017960034617616	      0.58531481499823567738
      0.85700000000000042810	      0.27870600384634131030	      0.27870600384634131030	      0.27870600384634131030	     -0.18736158975782163383	     -0.13781316538232693536	      0.06751057643476428283	     -1.81278254647126790822	      0.28209778884422725964	      0.05392698076561950465	      1.02189792444596982968	      0.44043531611285879901	      2.75443556960400526279	      0.33195880446346631709	      1.03328982861973650564	     -2.59590796452419914075	      0.63134475622026053898
      0.85800000000000042899	      0.27739155905942303182	      0.27739155905942303182	      0.27739155905942303182	     -0.18247491532000284509	     -0.14102736285665778970	      0.06759639215485074848	     -1.81764054471064406826	      0.27423899685378921864	      0.05930664406397936905	      1.03562750284177673699	      0.42809890688726404129	      2.74040491395000840313	      0.31231808194891719221	      1.01366592808932831637	     -2.53950847801972212636	      0.67640583238518381393
      0.85900000000000042988	      0.27605496729100875708	      0.27605496729100875708	      0.27605496729100875708	     -0.17753471447559979191	     -0.14430777248334333840	      0.06765830675192394117	     -1.82236128305132938365	      0.26629368149146337430	      0.06477622108262078016	      1.04910737412689791803	      0.41567911889835496009	      2.72638919771620802379	      0.29263503150679803788	      0.99376597813848921437	     -2.48320236566018648361	      0.72048152577460378154
      0.86000000000000043077	      0.27469738747774630205	      0.27469738747774630205	      0.27469738747774630205	     -0.17254428473711896919	     -0.14765238890422180407	      0.06769625214059571405	     -1.82694631097084814186	      0.25826766338822215729	      0.07033219814654369240	      1.06232745667081585061	      0.40382291168648587476	      2.71239482501940187831	      0.27292296125060855339	      0.97360115455097928638	     -2.42700021701844548261	      0.76355818998590363478
      0.86100000000000043165	      0.27331983070945004011	      0.27331983070945004011	      0.27331983070945004011	     -0.16750708688797250057	     -0.15105970589686654182	      0.06770964456556828603	     -1.83139376882560100945	      0.25016727336684707605	      0.07596935382514803659	      1.07528444334963113604	      0.39254951637662161001	      2.69842869556228581729	      0.25319518633822674092	      0.95318330499010306411	     -2.37091181583330135041	      0.80562116347914258796
      0.86200000000000043254	      0.27192246548969645215	      0.27192246548969645215	      0.27192246548969645215	     -0.16242657889561243345	     -0.15452814971926778775	      0.06769788056076893323	     -1.83570206363816756934	      0.24199908517147220022	      0.08168235743987366237	      1.08797541188251267741	      0.38184235892130136136	      2.68449718080794319519	      0.23346515688915606135	      0.93252445167231667877	     -2.31494657763184363830	      0.84665660712262136300
      0.86300000000000043343	      0.27050525047020113067	      0.27050525047020113067	      0.27050525047020113067	     -0.15730638259296986226	     -0.15805658478656156585	      0.06765990604319074841	     -1.83986679066173142161	      0.23376974314889187312	      0.08746604577393428392	      1.10040538323954528721	      0.37106885383229132325	      2.67060704485957156606	      0.21374635885069598329	      0.91163725222077107713	     -2.25911310388455932596	      0.88664985203064849983
      0.86400000000000043432	      0.26906881213546252063	      0.26906881213546252063	      0.26906881213546252063	     -0.15215000390438193634	     -0.16164323278048245425	      0.06759525334311641820	     -1.84388641099371430876	      0.22548565828024680346	      0.09331534001735773687	      1.11257170898713142471	      0.36023658032149963315	      2.65676426199896509317	      0.19405206116195219956	      0.89053403083472415513	     -2.20341993560000615204	      0.92558903780840406927
      0.86500000000000043521	      0.26761446881203809767	      0.26761446881203809767	      0.26761446881203809767	     -0.14696083199750215043	     -0.16528568031324566978	      0.06750403430249675429	     -1.84776223664010696979	      0.21715293868002585875	      0.09922554700069895206	      1.12446399428055943126	      0.34998847182457193394	      2.64297400208831945179	      0.17439530816996751117	      0.86922677640765400042	     -2.14787556341350782674	      0.96346510496716342153
      0.86600000000000043610	      0.26614336535071736467	      0.26614336535071736467	      0.26614336535071736467	     -0.14174240653468456186	     -0.16898198906801947805	      0.06738588495407242529	     -1.85149250984701896350	      0.20877804273774488997	      0.10519077393929587849	      1.13607931022461894344	      0.34033516816790249093	      2.62924181853778549112	      0.15478911245813567477	      0.84772809683084393573	     -2.09248762216731565289	      1.00026806857236771897
      0.86700000000000043698	      0.26465576639126531244	      0.26465576639126531244	      0.26465576639126531244	     -0.13649825093020451217	     -0.17273015767394850339	      0.06724043154258090016	     -1.85507574578082112815	      0.20036762782594680354	      0.11120510251752124820	      1.14741518473121328903	      0.33125222197790799017	      2.61557273581119886785	      0.13524655894576795290	      0.82605074208001927349	     -2.03726335497665145269	      1.03598878233516433767
      0.86800000000000043787	      0.26315173031060679065	      0.26315173031060679065	      0.26315173031060679065	     -0.13123205376104726816	     -0.17652858675765101260	      0.06706689941179705405	     -1.85850805190526258137	      0.19192806683841595605	      0.11726441301779098880	      1.15847764758922933126	      0.32212709101003128564	      2.60197208569897142638	      0.11578075618008654146	      0.80420805832390573897	     -1.98220917313862710074	      1.07061740031999086398
      0.86900000000000043876	      0.26163200591868113198	      0.26163200591868113198	      0.26163200591868113198	     -0.12594736327936217890	     -0.18037508747309588530	      0.06686505122091426778	     -1.86178808844337950745	      0.18346575331517708807	      0.12336329722837614808	      1.16926445187142502569	      0.31296615033362279457	      2.58844442145658248933	      0.09640449056998989796	      0.78221302936494541136	     -1.92733145224836044385	      1.10414676335246975114
      0.87000000000000043965	      0.26009804423746835100	      0.26009804423746835100	      0.26009804423746835100	     -0.12064758671030796633	     -0.18426688714998171181	      0.06663518000512531902	     -1.86491708365381980705	      0.17498702007439650985	      0.12949539303821192004	      1.17976498336701007830	      0.30439277584835672252	      2.57499349552862222268	      0.07713022507544421702	      0.76007827286466811412	     -1.87263655075750690138	      1.13657239133226206640
      0.87100000000000044054	      0.25855110895248939462	      0.25855110895248939462	      0.25855110895248939462	     -0.11533628104616065746	     -0.18820165794415619209	      0.06637714372229819304	     -1.86789360463799747336	      0.16649825765459688731	      0.13565442951123368731	      1.18997686273251468414	      0.29640940290276457381	      2.56162336132084789142	      0.05797037669218275263	      0.73781698257711048061	     -1.81812996656613923285	      1.16788897465962882016
      0.87200000000000044142	      0.25699157977077008441	      0.25699157977077008441	      0.25699157977077008441	     -0.11001697811815441819	     -0.19217701705828155179	      0.06609079512890611574	     -1.87071646874655472814	      0.15800599247340130216	      0.14183421255720871090	      1.19989823397366435209	      0.28898486369082837522	      2.54833758473756688545	      0.03893735895910568900	      0.71544246203765970993	     -1.76381680888902003801	      1.19809203289217935939
      0.87300000000000044231	      0.25541964562772706548	      0.25541964562772706548	      0.25541964562772706548	     -0.10469337262346184447	     -0.19619095424531807215	      0.06577562507920231560	     -1.87338241594536714096	      0.14951613928200777059	      0.14803174758808812506	      1.20953586274314606186	      0.28153923117841628265	      2.53513998326767042713	      0.02004357192508286409	      0.69296856355330571642	     -1.70970137210689410168	      1.22717648513235877417
      0.87400000000000044320	      0.25383617270137631694	      0.25383617270137631694	      0.25383617270137631694	     -0.09936899665680128113	     -0.20024092593181541666	      0.06543160507198407527	     -1.87589048119361034850	      0.14103490361207843273	      0.15424134810202388968	      1.21888794723970317335	      0.27407707844756074023	      2.52203361024699646009	      0.00130100754558803294	      0.67040874892723045786	     -1.65578796410756812207	      1.25513978544947035765
      0.87500000000000044409	      0.25224270117715258399	      0.25224270117715258399	      0.25224270117715258399	     -0.09404721629023421459	     -0.20432385915257206266	      0.06505918125278886688	     -1.87824201749540620199	      0.13256871167086842211	      0.16045487884742326568	      1.22794398270884275171	      0.26718843996661073570	      2.50902073544822989959	     -0.01727874849042315697	      0.64777608134710618071	     -1.60208092979144134382	      1.28198191555183638179
      0.87600000000000044498	      0.25064058040598768962	      0.25064058040598768962	      0.25064058040598768962	     -0.08873155325040826824	     -0.20843709369188972991	      0.06465840427707278404	     -1.88043612575269269982	      0.12412367053553138851	      0.16666614145886624043	      1.23670232132742730080	      0.26086932918495653322	      2.49610388471720323622	     -0.03568416005067207714	      0.62508416329523130983	     -1.54858378551537456680	      1.30770212057271728590
      0.87700000000000044587	      0.24903030525105626647	      0.24903030525105626647	      0.24903030525105626647	     -0.08342549910462618290	     -0.21257792658880100833	      0.06422931976781531827	     -1.88247211184907436987	      0.11570594364371368512	      0.17286910084065840176	      1.24516188004040806447	      0.25508418767684110096	      2.48328516460170245495	     -0.05390378592744424907	      0.60234667415421838665	     -1.49529968390143230828	      1.33230044205875097774
      0.87800000000000044675	      0.24741220158085164282	      0.24741220158085164282	      0.24741220158085164282	     -0.07813268685545585179	     -0.21674401360582823406	      0.06377163631561404145	     -1.88434736112630707439	      0.10732092778396629118	      0.17906107098201179406	      1.25332963731766167115	      0.24929330909152094820	      2.47056690401429746018	     -0.07192629634287672769	      0.57957776900109525542	     -1.44223099138162136335	      1.35577636616072250142
      0.87900000000000044764	      0.24578722153668611239	      0.24578722153668611239	      0.24578722153668611239	     -0.07285657628912947659	     -0.22093252684997288782	      0.06328549364664746990	     -1.88606141041723329721	      0.09897448118466516120	      0.18523614828035031565	      1.26120429857617644132	      0.24349918926902527905	      2.45795069805723542800	     -0.08974079009987495636	      0.55679120240251533946	     -1.38938015324730734790	      1.37813176422130623244
      0.88000000000000044853	      0.24415692435239177982	      0.24415692435239177982	      0.24415692435239177982	     -0.06760044461510576752	     -0.22514015750243418501	      0.06277145904379341501	     -1.88761596115358099013	      0.09067288848456644956	      0.19138525430368300007	      1.26877610064982104809	      0.23825004587531106726	      2.44543739590597075662	     -0.10733679229147917444	      0.53400031289624316777	     -1.33674971695752597967	      1.39937088529334485720
      0.88100000000000044942	      0.24252268250700814711	      0.24252268250700814711	      0.24252268250700814711	     -0.06236772062070503747	     -0.22936398792408801972	      0.06222973796172782956	     -1.88901073823053744505	      0.08242182400508116236	      0.19750257912634192059	      1.27604420161737919237	      0.23353707140959303890	      2.43302808416488369758	     -0.12470390633465007479	      0.51121893085123393252	     -1.28434144304932895686	      1.41949729904027321936
      0.88200000000000045031	      0.24088507152749408236	      0.24088507152749408236	      0.24088507152749408236	     -0.05716180004428299960	     -0.23360107449089553833	      0.06166053067399377557	     -1.89024561408335101120	      0.07422692715530455898	      0.20358251043556424564	      1.28300832261989539163	      0.22932222591136094958	      2.42072349902553307643	     -0.14183193284481410146	      0.48846092850899153204	     -1.23215676372787541482	      1.43851531778896890579
      0.88300000000000045119	      0.23924452045171631931	      0.23924452045171631931	      0.23924452045171631931	     -0.05198617467079334753	     -0.23784883190426980848	      0.06106371875121446163	     -1.89131855149616501244	      0.06609307782037450452	      0.20962156275982740672	      1.28967517645171692031	      0.22511013410715055572	      2.40852458290756876735	     -0.15871093776026740096	      0.46574054851976376401	     -1.18019634905319992235	      1.45642869631736782132
      0.88400000000000045208	      0.23760199974528986577	      0.23760199974528986577	      0.23760199974528986577	     -0.04684416781347706948	     -0.24210423290663349305	      0.06043957766186269787	     -1.89222961834635383660	      0.05802567301446655279	      0.21561377060365599645	      1.29604404443495146992	      0.22090110126489739817	      2.39643160022716061874	     -0.17533134565199462451	      0.44307165152421207344	     -1.12846102428364902792	      1.47324343364276133528
      0.88500000000000045297	      0.23595898902008941023	      0.23595898902008941023	      0.23595898902008941023	     -0.04173891831821241460	     -0.24636381065142773372	      0.05978877489153759661	     -1.89298098274774595495	      0.05003063393255012536	      0.22155051914993173501	      1.30210653504363005339	      0.21719631191136384851	      2.38444413558081569349	     -0.19168393981418430094	      0.42046769277363071904	     -1.07695179266076190849	      1.48896776369631633763
      0.88600000000000045386	      0.23431678944197043002	      0.23431678944197043002	      0.23431678944197043002	     -0.03667368920297570806	     -0.25062447899898931958	      0.05911164488334741396	     -1.89357296484537407366	      0.04211314120097837260	      0.22742655670698277981	      1.30786260362233774934	      0.21398517042461900894	      2.37256200665415750706	     -0.20775966328111319936	      0.39794254110316801265	     -1.02566891294438189419	      1.50360926136661632313
      0.88700000000000045475	      0.23267598153631216529	      0.23267598153631216529	      0.23267598153631216529	     -0.03165170838916903095	     -0.25488314682917778686	      0.05840851627480621311	     -1.89400596897779460726	      0.03427824409899081493	      0.23323679847662601161	      1.31331272795414499832	      0.21123021917142836834	      2.36078474540231608714	     -0.22354976366653650510	      0.37551006948869292135	     -0.97461236122708005958	      1.51717617110767055699
      0.88800000000000045564	      0.23103702244600290983	      0.23103702244600290983	      0.23103702244600290983	     -0.02667624006953508292	     -0.25913709726185191196	      0.05767940770845234044	     -1.89427836464984955533	      0.02653035282546575835	      0.23897607538279883044	      1.31846307883111113490	      0.20847735097225147949	      2.34911209388742703297	     -0.23904593352010211627	      0.35318440111663940151	     -0.92378136663986154531	      1.52967611920432222661
      0.88900000000000045652	      0.22940080269102028354	      0.22940080269102028354	      0.22940080269102028354	     -0.02175039522803449629	     -0.26338320195641889976	      0.05692470889496640402	     -1.89439067464903643234	      0.01887436060702659540	      0.24463860599726530709	      1.32331357831940166214	      0.20572463157788212218	      2.33754319209297101168	     -0.25424007962742750655	      0.33097931629665877651	     -0.87317540611846722332	      1.54111885778834412086
      0.89000000000000045741	      0.22776860765556203314	      0.22776860765556203314	      0.22776860765556203314	     -0.01687711153130225586	     -0.26761792431756564747	      0.05614517888366376414	     -1.89434555090190048787	      0.01131568482808105805	      0.25021769031213730861	      1.32785764570809949880	      0.20342778488682283777	      2.32607658528229688244	     -0.26912432800427160684	      0.30890822419202534910	     -0.82279422737087215545	      1.55151625103891332991
      0.89100000000000045830	      0.22614155903873522924	      0.22614155903873522924	      0.22614155903873522924	     -0.01205939922555485100	     -0.27183811273211433424	      0.05534126366148704040	     -1.89414377412804002532	      0.00385902601501870654	      0.25570865115416546720	      1.33209595535416114309	      0.20157746672331897098	      2.31471105653127562363	     -0.28369110486692483697	      0.28698483742625663373	     -0.77263686860072811058	      1.56087947426161033349
      0.89200000000000045919	      0.22452014121344174291	      0.22452014121344174291	      0.22452014121344174291	     -0.00730023094608510739	     -0.27604063458405420084	      0.05451340201350012016	     -1.89378614830292968385	     -0.00349113824997194979	      0.26110690029306732329	      1.33602964055524209286	      0.20013956421810072395	      2.30344516036606083986	     -0.29793324267680632023	      0.26522283294176468571	     -0.72270213861889709417	      1.56922028165299165536
      0.89300000000000046008	      0.22290474093061618532	      0.22290474093061618532	      0.22290474093061618532	     -0.00260256221434212271	     -0.28022276013151908858	      0.05366172218360358570	     -1.89327124736124874360	     -0.01073081774164906174	      0.26640551417291885583	      1.33966435503802050455	      0.19869214486841046963	      2.29227768223775063561	     -0.31184416729657027378	      0.24363603389318469472	     -0.67298810664874997300	      1.57654969533335287402
      0.89400000000000046096	      0.22129606419587388721	      0.22129606419587388721	      0.22129606419587388721	      0.00203079040653714573	     -0.28438136683839687624	      0.05278671336344570308	     -1.89259992149432099140	     -0.01785561380929784336	      0.27159922443090467326	      1.34300070798053483578	      0.19723109232673236013	      2.28120687674107003318	     -0.32541735840255370249	      0.22223795546713431825	     -0.62349319016866922016	      1.58288076886636619456
      0.89500000000000046185	      0.21969510041929457556	      0.21969510041929457556	      0.21969510041929457556	      0.00659716755523928004	     -0.28851294370593960625	      0.05188922270139328247	     -1.89177526233825865631	     -0.02486066911056324796	      0.27668414167499361112	      1.34603404014248551057	      0.19617451076907391205	      2.27023047802142441398	     -0.33864635888624128324	      0.20104177747863150039	     -0.57421617496463961405	      1.58822856699163228456
      0.89600000000000046274	      0.21810269959189951261	      0.21810269959189951261	      0.21810269959189951261	      0.01109390024265101936	     -0.29261438080318347144	      0.05096979497594432418	     -1.89079836529204126094	     -0.03174170830251712982	      0.28165595712981145171	      1.34876562541735389722	      0.19551665452696434522	      2.25934645717629800643	     -0.35152518227033358045	      0.18006085534839566531	     -0.52515514542779428986	      1.59260738238454613303
      0.89700000000000046363	      0.21651915293298204523	      0.21651915293298204523	      0.21651915293298204523	      0.01551835996471664231	     -0.29668260988406802703	      0.05002896720908221045	     -1.88967030227137655629	     -0.03849475191075978076	      0.28651036799337964434	      1.35119714023803005887	      0.19522856634708851686	      2.24855260013736657498	     -0.36404832406192022543	      0.15930846719690378022	     -0.47630799398368772746	      1.59603197947816766167
      0.89800000000000046452	      0.21494468704756439226	      0.21494468704756439226	      0.21494468704756439226	      0.01986795470761309676	     -0.30071500027304082225	      0.04906695836844403302	     -1.88838972520985315384	     -0.04511624138371363169	      0.29123982681281074258	      1.35333407017655482640	      0.19490696614093822037	      2.23784695475473549564	     -0.37621092309562187417	      0.13879798754132399718	     -0.42767186069871476750	      1.59851623071077764138
      0.89900000000000046541	      0.21337974580091351173	      0.21337974580091351173	      0.21337974580091351173	      0.02414023398219138777	     -0.30470853580651652281	      0.04808434935039530844	     -1.88695773490607998646	     -0.05160225386882287546	      0.29583988400200317281	      1.35517775136595131080	      0.19454574107649544312	      2.22722707040988243676	     -0.38800807624081157243	      0.11854247607086415561	     -0.37924431909439731969	      1.60007596536536111920
      0.90000000000000046629	      0.21182496483048932068	      0.21182496483048932068	      0.21182496483048932068	      0.02833289929133950280	     -0.30865982096451777261	      0.04708207757832332668	     -1.88537784482404990882	     -0.05794847354006373019	      0.30030910979303693242	      1.35672520795543638528	      0.19453832977387530700	      2.21669000698156670737	     -0.39943485189671579239	      0.09855465751275310771	     -0.33102339539231345755	      1.60072894238580021309
      0.90100000000000046718	      0.21028087791604463397	      0.21028087791604463397	      0.21028087791604463397	      0.03244369073603512593	     -0.31256588646898592065	      0.04606078015434345724	     -1.88365141104848321518	     -0.06415104360642058523	      0.30464336855780205227	      1.35797825219770218474	      0.19488379730660373990	      2.20623305543435632714	     -0.41048692799561969924	      0.07884732446562658925	     -0.28300639309742270378	      1.60049201357693116066
      0.90200000000000046807	      0.20874752437439828001	      0.20874752437439828001	      0.20874752437439828001	      0.03647039340630206516	     -0.31642382496075077691	      0.04502108758169511699	     -1.88177973368037876334	     -0.07020644512815238381	      0.30883850467089152270	      1.35893906749053128280	      0.19555884429508396671	      2.19585335360007327665	     -0.42116050131636162401	      0.05943315091643823489	     -0.23519044018033535837	      1.59938237991820098038
      0.90300000000000046896	      0.20722492008599449620	      0.20722492008599449620	      0.20722492008599449620	      0.04041080175450234568	     -0.32023120383001285605	      0.04396329945830557140	     -1.87976154450594434842	     -0.07611163082370712984	      0.31288826909492323258	      1.35961345207264705515	      0.19616404854213348452	      2.18554833663066538918	     -0.43145233975880359356	      0.04032492998676497076	     -0.18757188712007077935	      1.59741615524273816717
      0.90400000000000046985	      0.20571322272019745836	      0.20571322272019745836	      0.20571322272019745836	      0.04426288173080953486	     -0.32398520535777053375	      0.04288808601514588342	     -1.87759821778945723558	     -0.08186318133443434841	      0.31678921558685085857	      1.36000348355625066965	      0.19669155529049972553	      2.17531492154631100888	     -0.44135920278317031240	      0.02153506579977797902	     -0.14014758381517247732	      1.59461134768376355808
      0.90500000000000047073	      0.20421272072674778730	      0.20421272072674778730	      0.20421272072674778730	      0.04802477014330418931	     -0.32768263516099771504	      0.04179647996405053828	     -1.87529373078451433443	     -0.08745731742275587861	      0.32054088631722044145	      1.36010741325041961680	      0.19752497477268163295	      2.16514951623883256104	     -0.45087785820752990240	      0.00307556452412177314	     -0.09291489867363539323	      1.59098782562768437110
      0.90600000000000047162	      0.20272364983479410072	      0.20272364983479410072	      0.20272364983479410072	      0.05169465310376302608	     -0.33132075394239152155	      0.04068921049058027428	     -1.87284977538856134416	     -0.09289071192376759101	      0.32413937887572702445	      1.35992764849724845355	      0.19866911731588354773	      2.15504875723083566541	     -0.46000573257972615648	     -0.01504155231704659701	     -0.04587043961980630247	      1.58656437918085835292
      0.90700000000000047251	      0.20124579594305086472	      0.20124579594305086472	      0.20124579594305086472	      0.05527076857081671818	     -0.33489690189364851314	      0.03956700232498465419	     -1.87026797024331359331	     -0.09816037750834555320	      0.32758083763533590860	      1.35946696063309113711	      0.20010646948928115241	      2.14500914922900376425	     -0.46874076449649992870	     -0.03280442118348833591	      0.00098936145977309570	      1.58136001216733323993
      0.90800000000000047340	      0.19977897044191320064	      0.19977897044191320064	      0.19977897044191320064	      0.05875129507328315931	     -0.33840893650056619313	      0.03843022722440728178	     -1.86754720570229038046	     -0.10326387887196557258	      0.33086202878012616058	      1.35873174179124367456	      0.20142607155311662015	      2.13502753078141349619	     -0.47708129391924841700	     -0.05020097086024642719	      0.04766888515009665150	      1.57539240654776868666
      0.90900000000000047429	      0.19832308207704935077	      0.19832308207704935077	      0.19832308207704935077	      0.06213463864497906219	     -0.34185432191129483392	      0.03727964473163093706	     -1.86468924409490655059	     -0.10819840922464489530	      0.33398053511078973354	      1.35772480207842560773	      0.20261886328244801958	      2.12510016648489985513	     -0.48502582489569895374	     -0.06721966576717423869	      0.09417195715861936822	      1.56868109888629447823
      0.91000000000000047518	      0.19687813973753354180	      0.19687813973753354180	      0.19687813973753354180	      0.06541942133909807444	     -0.34523013910612754263	      0.03611639084801653021	     -1.86169866386944837799	     -0.11296084115900049960	      0.33693513759669829755	      1.35644528421207621882	      0.20407524606007151902	      2.11522276625129546090	     -0.49257304288803749337	     -0.08384950410280297972	      0.14050182475016953498	      1.56124744299097462097
      0.91100000000000047606	      0.19544415834749848115	      0.19544415834749848115	      0.19544415834749848115	      0.06860427433778865103	     -0.34853395855940033643	      0.03494128140263131482	     -1.85857760971387686588	     -0.11754857214977515456	      0.33972241224031202167	      1.35489627306510573845	      0.20580392827849972037	      2.10539129641947875271	     -0.49972221958067103431	     -0.10007944306810077906	      0.18666252821640744175	      1.55311150464133640448
      0.91200000000000047695	      0.19402072942403622569	      0.19402072942403622569	      0.19402072942403622569	      0.07168788637963195709	     -0.35176344207848275758	      0.03375512545707345935	     -1.85532814494184439269	     -0.12195929590358593753	      0.34233912805112348687	      1.35308121633433176001	      0.20779065185982106834	      2.09560161844453585189	     -0.50647308636468302279	     -0.11589863501129174517	      0.23265827059639027086	      1.54429342964140525751
      0.91300000000000047784	      0.19260751997619915410	      0.19260751997619915410	      0.19260751997619915410	      0.07466879704948599372	     -0.35491680338583231347	      0.03255835221463113799	     -1.85194945519060372163	     -0.12619129407040957647	      0.34478594092365349999	      1.35100714266891674953	      0.20960502842526665401	      2.08584997225145452049	     -0.51282555972989596338	     -0.13129591344274332831	      0.27849407706369344595	      1.53481181656677501124
      0.91400000000000047873	      0.19120428004122722032	      0.19120428004122722032	      0.19120428004122722032	      0.07754583731244013567	     -0.35799184857375215829	      0.03135179403350313310	     -1.84844380686963538629	     -0.13024252890975696051	      0.34706136755935884652	      1.34867756754265988306	      0.21123789124351946556	      2.07613199023692684975	     -0.51877997359767180630	     -0.14626083851635651722	      0.32417434801258626642	      1.52468709360684506748
      0.91500000000000047962	      0.18981085374171974278	      0.18981085374171974278	      0.18981085374171974278	      0.08031811150329959403	     -0.36098598650392582643	      0.03013667310453845005	     -1.84481647068549703405	     -0.13411071751199243884	      0.34916222019416515154	      1.34609239164850702508	      0.21309760842006317261	      2.06644273189452754025	     -0.52433709372627901324	     -0.16078368907652945685	      0.36970283024783240355	      1.51394148191480493182
      0.91600000000000048050	      0.18842715123420428203	      0.18842715123420428203	      0.18842715123420428203	      0.08298465048946353229	     -0.36389714749961160623	      0.02891386238070709630	     -1.84107011383055829690	     -0.13779418484442221282	      0.35108595305751111315	      1.34325545592746897761	      0.21519403337464704240	      2.05677757925709947529	     -0.52949808989550606331	     -0.17485461585839315313	      0.41508406772542549845	      1.50259569221300726127
      0.91700000000000048139	      0.18705267392921512415	      0.18705267392921512415	      0.18705267392921512415	      0.08554454432807445663	     -0.36672335748130546751	      0.02768421851041777751	     -1.83720732522708840584	     -0.14129147033941236167	      0.35283038382685472101	      1.34017095127679919386	      0.21751309996167639271	      2.04713184548996096623	     -0.53426450471417641364	     -0.18846400205796476346	      0.46032272506427679426	      1.49067039073172469266
      0.91800000000000048228	      0.18568704348886580502	      0.18568704348886580502	      0.18568704348886580502	      0.08799665120479083225	     -0.36946321396035136653	      0.02644819256702826346	     -1.83322768563486215854	     -0.14460161765832291181	      0.35439962336939256904	      1.33684632330685015944	      0.21960573296124544229	      2.03750126713465817829	     -0.53863786756729203908	     -0.20160182731208320384	      0.50542426804465667711	      1.47818450713661264651
      0.91900000000000048317	      0.18432997000682596611	      0.18432997000682596611	      0.18432997000682596611	      0.09034017324898659107	     -0.37211489153653548589	      0.02520664723225714624	     -1.82913400618405974640	     -0.14772349239207716032	      0.35579294325671728672	      1.33328575003778881936	      0.22146379793318166085	      2.02788099854725523130	     -0.54262037471322333015	     -0.21425898995743811182	      0.55039345631130898173	      1.46515876907948627839
      0.92000000000000048406	      0.18298126369495940069	      0.18298126369495940069	      0.18298126369495940069	      0.09257463885986245977	     -0.37467615131967846320	      0.02396084338339929398	     -1.82493222831331913802	     -0.15065585246557666732	      0.35700506994942032835	      1.32948998970125242813	      0.22351646000737368514	      2.01826566405079388389	     -0.54621489815919499478	     -0.22642729969884631269	      0.59523431200163179344	      1.45161566899044136569
      0.92100000000000048495	      0.18164085357986992086	      0.18164085357986992086	      0.18164085357986992086	      0.09469940078731593769	     -0.37714529918108208317	      0.02271165875793709418	     -1.82062551183536891486	     -0.15339807418962272956	      0.35803482722449231357	      1.32546370923127732055	      0.22577184795965299369	      2.00865030172733893821	     -0.54942446774360798045	     -0.23809832488282722807	      0.63995163116135045378	      1.43757597722599594903
      0.92200000000000048583	      0.18030827236629062837	      0.18030827236629062837	      0.18030827236629062837	      0.09671386713055839246	     -0.37952073418829357365	      0.02145993866111060855	     -1.81621695759444889973	     -0.15594964978405068123	      0.35888152004378370830	      1.32121188815181223042	      0.22821337713054754004	      1.99902991884065728279	     -0.55225238736396331518	     -0.24926390663413336424	      0.68455026146637243389	      1.42306030505715952472
      0.92300000000000048672	      0.17898320693983099661	      0.17898320693983099661	      0.17898320693983099661	      0.09861716989262257760	     -0.38180142784223342067	      0.02020610569901723150	     -1.81170656452606793074	     -0.15831034321633788431	      0.35955084287559330170	      1.31674198839940470585	      0.23038273934060840564	      1.98939997617899289040	     -0.55470183701842978863	     -0.25991547623909411202	      0.72903580616800423009	      1.40808739295464380170
      0.92400000000000048761	      0.17766544473592502107	      0.17766544473592502107	      0.17766544473592502107	      0.10040880568976530418	     -0.38398591891045008584	      0.01895099179029522199	     -1.80709762055493827759	     -0.16047997729533794442	      0.36004265551528169542	      1.31205882297641518441	      0.23227396149766577071	      1.97975545923690599004	     -0.55677681104730003536	     -0.27004552173423757022	      0.77341307718925456083	      1.39267771849612032042
      0.92500000000000048850	      0.17635487804699490066	      0.17635487804699490066	      0.17635487804699490066	      0.10208862638038389281	     -0.38607232179653866444	      0.01769582753668767078	     -1.80239658897714316588	     -0.16245847299340404613	      0.36035098196792264558	      1.30716434497323774622	      0.23433136711087013127	      1.97009094029786901991	     -0.55848212184066114983	     -0.27964758649785659284	      0.81768606574953373034	      1.37685347088216891720
      0.92600000000000048939	      0.17505155655353643596	      0.17505155655353643596	      0.17505155655353643596	      0.10365622574897505326	     -0.38805931160917817024	      0.01644143151808316952	     -1.79760697450932926955	     -0.16424623078186620373	      0.36047622639326160066	      1.30206403269492909658	      0.23655847961157169812	      1.96040148311030915096	     -0.55982251697935592194	     -0.28871488531025835123	      0.86185950372473218994	      1.36063493527704304498
      0.92700000000000049027	      0.17375515290788204337	      0.17375515290788204337	      0.17375515290788204337	      0.10511124826859929993	     -0.38994565650417545299	      0.01518857368291565493	     -1.79273226260783280495	     -0.16584368540063154640	      0.36041928497560710154	      1.29676360558989811622	      0.23893390287287261109	      1.95068213773622489704	     -0.56080293601163677675	     -0.29724094240073850592	      0.90593809952690373954	      1.34404213511533532355
      0.92800000000000049116	      0.17246551362913259409	      0.17246551362913259409	      0.17246551362913259409	      0.10645307316515793816	     -0.39173068462483223717	      0.01393760619085544945	     -1.78777283606655679193	     -0.16725124986314926501	      0.36018518887859574118	      1.29127018566433826585	      0.24100712560001621987	      1.94092839766668268098	     -0.56142819183884717926	     -0.30521894724487225181	      0.94992726578160813222	      1.32709316639731689236
      0.92900000000000049205	      0.17118259025955995245	      0.17118259025955995245	      0.17118259025955995245	      0.10768143289170245547	     -0.39341330461362034043	      0.01268927964852737018	     -1.78273230100571389301	     -0.16846966826562098651	      0.35977436292935494055	      1.28558918941878297382	      0.24277501802807849307	      1.93113544013681726064	     -0.56170391315645495922	     -0.31264318458447926119	      0.99383156706550346282	      1.30980775292703954804
      0.93000000000000049294	      0.16990643081618847510	      0.16990643081618847510	      0.16990643081618847510	      0.10879641617875508708	     -0.39499201315508364329	      0.01144473700774769655	     -1.77761738021282633682	     -0.16950001262738934038	      0.35918232010826750544	      1.27972407958097766922	      0.24468263553027241874	      1.92129818563855536695	     -0.56163654410963903540	     -0.31950904075651292979	      1.03765469388929854055	      1.29220723265868775442
      0.93100000000000049383	      0.16863726039414023150	      0.16863726039414023150	      0.16863726039414023150	      0.10979782360890365245	     -0.39646587963039275904	      0.01020470058260843256	     -1.77243172113869107420	     -0.17034356740996076107	      0.35841093850951749600	      1.27368102005088146278	      0.24672759238718652841	      1.91141206645163386213	     -0.56123233364188296335	     -0.32581154560846053991	      1.08140105132866004567	      1.27431092055600836410
      0.93200000000000049472	      0.16737495943941127496	      0.16737495943941127496	      0.16737495943941127496	      0.11068550540225959022	     -0.39783407709742435454	      0.00896983460823416387	     -1.76717900278588402330	     -0.17100161335944866203	      0.35746249035037153119	      1.26746631347504767895	      0.24888325334377311981	      1.90147248789978973171	     -0.56049767477254286430	     -0.33154606292032745563	      1.12507495962554093794	      1.25613778268902920310
      0.93300000000000049560	      0.16611958948464694563	      0.16611958948464694563	      0.16611958948464694563	      0.11145910405068047699	     -0.39909632016854762471	      0.00774041382498666646	     -1.76185990700412387078	     -0.17147516793706371607	      0.35633970633060768618	      1.26108653928684422141	      0.25072555683240610458	      1.89147525176754727205	     -0.55943891301696080376	     -0.33670775227841043264	      1.16868139387613334534	      1.23770487307270427024
      0.93400000000000049649	      0.16487130315330594810	      0.16487130315330594810	      0.16487130315330594810	      0.11211857881801105818	     -0.40025194304165612191	      0.00651709138650260686	     -1.75647815281070918125	     -0.17176579015407469897	      0.35504369998935431108	      1.25454763441685424041	      0.25225411965005922754	      1.88141602124083084924	     -0.55806307117350562041	     -0.34129280754526836184	      1.21222445671306955362	      1.21903071409352214971
      0.93500000000000049738	      0.16363032217398099100	      0.16363032217398099100	      0.16363032217398099100	      0.11266421973897156050	     -0.40129990595896469774	      0.00530089638581368941	     -1.75104041221158568398	     -0.17187553832554816613	      0.35357346937686323640	      1.24785464135756907211	      0.25389600588484834143	      1.87129036972035533992	     -0.55637784554529412517	     -0.34529847028653931629	      1.25570735348102791029	      1.20013529425068776746
      0.93600000000000049827	      0.16239704733170101658	      0.16239704733170101658	      0.16239704733170101658	      0.11309605565893665613	     -0.40223974410103147115	      0.00409245362524958411	     -1.74555028657198363362	     -0.17180638174534590412	      0.35193209197802610699	      1.24101422335670985575	      0.25564457576337473732	      1.86109434476106350154	     -0.55439071635237080482	     -0.34872167313636831532	      1.29913397487136039743	      1.18103654348526587725
      0.93700000000000049916	      0.16117158230771794214	      0.16117158230771794214	      0.16117158230771794214	      0.11341416646316336558	     -0.40307111692070429765	      0.00289232737889916821	     -1.74001145602249840394	     -0.17156029607336589771	      0.35012287197994462762	      1.23403306285404523734	      0.25747042162175914903	      1.85082393616396156943	     -0.55210929360002503063	     -0.35155969595769115399	      1.34250808042631653016	      1.16175196941758129832
      0.93800000000000050004	      0.15995421440029553017	      0.15995421440029553017	      0.15995421440029553017	      0.11361850173728389735	     -0.40379421237771062625	      0.00170073107449295654	     -1.73442474993199646782	     -0.17113887927102044983	      0.34814581958185275568	      1.22691707803237259888	      0.25898797840109649693	      1.84047546566659070422	     -0.54954124815116855984	     -0.35380975536912068202	      1.38583404447476121746	      1.14229720965636460939
      0.93900000000000050093	      0.15874528304059248862	      0.15874528304059248862	      0.15874528304059248862	      0.11370928177800621039	     -0.40440889274041652568	      0.00051823237757293167	     -1.72879380365240664652	     -0.17054434927724057558	      0.34600296392917556654	      1.21967256927495437679	      0.26019892423958640437	      1.83004527302615005446	     -0.54669470231014150041	     -0.35546997883348407932	      1.42911536304194397573	      1.12268919154075308420
      0.94000000000000050182	      0.15754514829133778320	      0.15754514829133778320	      0.15754514829133778320	      0.11368701625991606274	     -0.40491469959700965298	     -0.00065424835067190998	     -1.72312499985163447569	     -0.16977948046813634564	      0.34369787645761212813	      1.21230599077838308020	      0.26149787518229178351	      1.81952975136268468859	     -0.54357822317976212112	     -0.35653942117108067267	      1.47235462879005707393	      1.10294613750221026649
      0.94100000000000050271	      0.15635434156048305665	      0.15635434156048305665	      0.15635434156048305665	      0.11355202175602635561	     -0.40531174258715296777	     -0.00181616259261258451	     -1.71742175224508142328	     -0.16884672443725645685	      0.34123439167037927788	      1.20482423099277080603	      0.26287652646068498941	      1.80892568998353464593	     -0.54020023350686452446	     -0.35701693913380100343	      1.51555508881255907028	      1.08308423862550529115
      0.94200000000000050360	      0.15517315706171722067	      0.15517315706171722067	      0.15517315706171722067	      0.11330466569360077289	     -0.40560027587891145373	     -0.00296702112859010539	     -1.71168758253603470187	     -0.16774858300366235486	      0.33861639212848604341	      1.19723408493810978825	      0.26430576033226216293	      1.79822979245300107465	     -0.53656928984612484168	     -0.35690174550776698759	      1.55871982748073367731	      1.06311920577992347070
      0.94300000000000050449	      0.15400207788694803002	      0.15400207788694803002	      0.15400207788694803002	      0.11294524309456370481	     -0.40578106854041195994	     -0.00410665162161526470	     -1.70592330083540089092	     -0.16648721219698964235	      0.33584226472042139067	      1.18954082889793677502	      0.26544200548252960825	      1.78743904395801700424	     -0.53269407195135265454	     -0.35619309453477915328	      1.60185251483905943815	      1.04306491875881457432
      0.94400000000000050537	      0.15284157713811341583	      0.15284157713811341583	      0.15284157713811341583	      0.11247427931392472988	     -0.40585460716509413892	     -0.00523455532459083262	     -1.70013232005688053050	     -0.16506531221909376272	      0.33291516201705628752	      1.18175093733132219320	      0.26628812582359323580	      1.77655055948259166243	     -0.52858347874507227715	     -0.35489103398388294197	      1.64495594087062535493	      1.02293639005076575366
      0.94500000000000050626	      0.15169208404224088227	      0.15169208404224088227	      0.15169208404224088227	      0.11189254468466224013	     -0.40582109766037116616	     -0.00634991139256209456	     -1.69432061872070671704	     -0.16348606664082981910	      0.32984277225948566148	      1.17387190029522736623	      0.26719938333076304060	      1.76556160662123606819	     -0.52424661799895744263	     -0.35299641951238264204	      1.68803198982429814023	      1.00274977323808967000
      0.94600000000000050715	      0.15055419319881627183	      0.15055419319881627183	      0.15055419319881627183	      0.11120068680686817642	     -0.40568128615490528510	     -0.00745223845178733229	     -1.68849136009435163430	     -0.16175222859177104673	      0.32662922097215590922	      1.16591057228817529534	      0.26816875527085165531	      1.75446976894483430698	     -0.51969254887931248810	     -0.35051004598921398081	      1.73108316925360838923	      0.98251925565266196028
      0.94700000000000050804	      0.14942832919399232083	      0.14942832919399232083	      0.14942832919399232083	      0.11039939612705960970	     -0.40543606500772799706	     -0.00854111534984614701	     -1.68264781479717684398	     -0.15986665315498921336	      0.32327854950004741852	      1.15787363668724996302	      0.26917043346293434425	      1.74327254153021793392	     -0.51493046350272486666	     -0.34743307785661498022	      1.77411180740152008006	      0.96225850666213930129
      0.94800000000000050893	      0.14831511857876381044	      0.14831511857876381044	      0.14831511857876381044	      0.10948930354797563325	     -0.40508682040502125288	     -0.00961641963759084575	     -1.67679063293462271567	     -0.15783201156691523126	      0.31978963940793792009	      1.14976589214744850942	      0.26989797331201881292	      1.73196768202800299719	     -0.50996965463388854722	     -0.34376676347500911834	      1.81712080777009421517	      0.94197937779256302182
      0.94900000000000050981	      0.14721510139807716944	      0.14721510139807716944	      0.14721510139807716944	      0.10847124893336551610	     -0.40463467302563010941	     -0.01067773043698858233	     -1.67092294678525399299	     -0.15565131580182636761	      0.31616678217714294652	      1.14159381917648228288	      0.27035460731557287017	      1.72055312815805061533	     -0.50481946793378706939	     -0.33951308511382399802	      1.86011218472212047637	      0.92169475064857020463
      0.95000000000000051070	      0.14612870223324492258	      0.14612870223324492258	      0.14612870223324492258	      0.10734628694047081143	     -0.40408047891308307431	     -0.01172433695592466942	     -1.66505034241423977015	     -0.15332788063459681926	      0.31241980304121469425	      1.13336544408133876871	      0.27085786085010266078	      1.70902701123245015502	     -0.49948928868743447396	     -0.33467476543728474914	      1.90308703870350925946	      0.90141854288425460329
      0.95100000000000051159	      0.14505651441808417590	      0.14505651441808417590	      0.14505651441808417590	      0.10611539161577784873	     -0.40342559232346297815	     -0.01275584342945800323	     -1.65917575006249062852	     -0.15086465101333082495	      0.30855291084557012748	      1.12508743871955951832	      0.27140468190621103162	      1.69738772071109722539	     -0.49398851108150454436	     -0.32925457779147015991	      1.94604706986166009486	      0.88116277706884915677
      0.95200000000000051248	      0.14399902824807492285	      0.14399902824807492285	      0.14399902824807492285	      0.10477956555851755671	     -0.40267149765276838425	     -0.01377191736528246037	     -1.65330217529792555808	     -0.14826471668381863145	      0.30457019059254891724	      1.11676626365552400522	      0.27197495635292268101	      1.68563358036305688259	     -0.48832664658865326812	     -0.32325568181877706309	      1.98899379724168601236	      0.86093893784049890794
      0.95300000000000051337	      0.14295695861030999207	      0.14295695861030999207	      0.14295695861030999207	      0.10333971964651535169	     -0.40182015057849740369	     -0.01477252563694459939	     -1.64743000233826863976	     -0.14553118328576147844	      0.30047295600653689540	      1.10840635607830573228	      0.27228815342999579396	      1.67376318077982055854	     -0.48251320921370399741	     -0.31668129903959374438	      2.03192933282775944903	      0.84075666079257815877
      0.95400000000000051426	      0.14193085334406893572	      0.14193085334406893572	      0.14193085334406893572	      0.10179697625402632510	     -0.40087322896777644043	     -0.01575735873238577264	     -1.64156209803330521702	     -0.14266725459181919811	      0.29626641432585004710	      1.10001406010398050661	      0.27234750586610567691	      1.66177528634654114725	     -0.47655769526113656021	     -0.30953540101364912518	      2.07485487347005514991	      0.82062658359405860065
      0.95500000000000051514	      0.14092107397871284080	      0.14092107397871284080	      0.14092107397871284080	      0.10015266598149717703	     -0.39983213443484866279	     -0.01672584308554268817	     -1.63570377825344226430	     -0.13967622200810259070	      0.29196006512838473812	      1.09159752045315228131	      0.27244259488109551226	      1.64966884600249663606	     -0.47046956788582583453	     -0.30182270687882628568	      2.11777067866101509352	      0.80056034791325603184
      0.95600000000000051603	      0.13992816914371197790	      0.13992816914371197790	      0.13992816914371197790	      0.09840803557881974695	     -0.39869872474915851734	     -0.01767771109876216731	     -1.62985778511199130847	     -0.13656118062583924577	      0.28755821634005601650	      1.08316314120046408576	      0.27257420395323289641	      1.63744304204310409112	     -0.46425828066164781527	     -0.29354803223369968501	      2.16067760834482758270	      0.78056773363913911634
      0.95700000000000051692	      0.13895264542484322967	      0.13895264542484322967	      0.13895264542484322967	      0.09656434211661577005	     -0.39747496027421358455	     -0.01861276190517257428	     -1.62402688251051507962	     -0.13332539593471676165	      0.28306510394391226626	      1.07471710311058021858	      0.27272730657941907095	      1.62509702961571766977	     -0.45793337267389527812	     -0.28471659430304319116	      2.20357635132925366861	      0.76065797735104145882
      0.95800000000000051781	      0.13799525899759515490	      0.13799525899759515490	      0.13799525899759515490	      0.09462269646045387561	     -0.39616324930269636306	     -0.01953110131734514185	     -1.61821117144407744526	     -0.12997231805025352691	      0.27848539718519443875	      1.06626352877614771764	      0.27263862283100648298	      1.61263023809823091703	     -0.45150425799664040127	     -0.27533361622956165071	      2.24646822353320274601	      0.74083842153339263259
      0.95900000000000051870	      0.13705652659184194841	      0.13705652659184194841	      0.13705652659184194841	      0.09258443864584361971	     -0.39476569859539567542	     -0.02043257249760511984	     -1.61241331607252136315	     -0.12650528657671197830	      0.27382485734660677590	      1.05780851562694966361	      0.27231173061808849889	      1.60004222910894355891	     -0.44498033504717077191	     -0.26540512943136540525	      2.28935358700911040231	      0.72111743773917036382
      0.96000000000000051958	      0.13613671629330470481	      0.13613671629330470481	      0.13613671629330470481	      0.09045112988674275378	     -0.39328411835599702551	     -0.02131676899768024727	     -1.60663850424321763555	     -0.12292754254606164110	      0.26909083862337113136	      1.04936004358351930854	      0.27201831874184373428	      1.58733270700489370597	     -0.43837097049948708927	     -0.25493796175271626892	      2.33223182873222745215	      0.70150442928371892215
      0.96100000000000052047	      0.13523631126250926227	      0.13523631126250926227	      0.13523631126250926227	      0.08822420756599394509	     -0.39172074915935406469	     -0.02218358853942858228	     -1.60088935378043140112	     -0.11924232284640937096	      0.26428791545891633374	      1.04092419412796766132	      0.27176139374885066591	      1.57450160122202320601	     -0.43168543556278587969	     -0.24393900340077268041	      2.37510295829572193327	      0.68200693345110829924
      0.96200000000000052136	      0.13435580311068420767	      0.13435580311068420767	      0.13435580311068420767	      0.08590510042605720153	     -0.39007791205402292389	     -0.02303299356714117244	     -1.59516845113052685434	     -0.11545304687090945928	      0.25942070049561249956	      1.03250682186815545549	      0.27152905391555570702	      1.56154884687910322505	     -0.42493304979429119550	     -0.23241554348689918985	      2.41796682723769640333	      0.66263195388856344081
      0.96300000000000052225	      0.13349595062969352166	      0.13349595062969352166	      0.13349595062969352166	      0.08349504278922541267	     -0.38835835764214510224	     -0.02386525308253650834	     -1.58947569532174792784	     -0.11156343931074892695	      0.25449686420910377915	      1.02411164995152237367	      0.27107209256405834230	      1.54847464044101346126	     -0.41812290613745373147	     -0.22037481885803827941	      2.46082394890803568543	      0.64338457627525491578
      0.96400000000000052314	      0.13265721540833952385	      0.13265721540833952385	      0.13265721540833952385	      0.08099551496465688671	     -0.38656451714087519678	     -0.02468037993955202875	     -1.58381364518880030090	     -0.10757695296240951666	      0.24952235589172899743	      1.01574441601419129810	      0.27039489447283970858	      1.53527926138576265025	     -0.41126409613473874360	     -0.20782492053512763297	      2.50367384058090003407	      0.62427096802660553276
      0.96500000000000052403	      0.13183976079339071452	      0.13183976079339071452	      0.13183976079339071452	      0.07840823625991873158	     -0.38469850918488318614	     -0.02547814272886192791	     -1.57818747110478674323	     -0.10349678941590348402	      0.24450178627250590546	      1.00741277216100399983	      0.26975635328722774586	      1.52196308817549463832	     -0.40436569214371492764	     -0.19477477930826439523	      2.54651500385437401519	      0.60529838637885546859
      0.96600000000000052491	      0.13104399148480380677	      0.13104399148480380677	      0.13104399148480380677	      0.07573474634130124283	     -0.38276286789227359497	     -0.02625861049823133633	     -1.57259974997769957916	     -0.09932630300745681762	      0.23944035497570637094	      0.99912246408315330548	      0.26916052932341966164	      1.50852671949131234008	     -0.39743654910868297936	     -0.18123330620885805264	      2.58934659529457000815	      0.58647221165714336077
      0.96700000000000052580	      0.13027035919241344852	      0.13027035919241344852	      0.13027035919241344852	      0.07297655655638815575	     -0.38076019236530261880	     -0.02702191042132607440	     -1.56705299332863767781	     -0.09506903582239491224	      0.23434339233975279293	      0.99087899997525519247	      0.26859733737518576291	      1.49497077280980583680	     -0.39048553596424062651	     -0.16720979358625587263	      2.63216762488897249028	      0.56779731544432554546
      0.96800000000000052669	      0.12951958749089326206	      0.12951958749089326206	      0.12951958749089326206	      0.07013496457052474653	     -0.37869349576170863170	     -0.02776846641216274350	     -1.56154702236665410275	     -0.09072889324358782148	      0.22921976733306195784	      0.98268541212197424439	      0.26783185124280506351	      1.48129608223737530004	     -0.38352125794556185534	     -0.15271346203033958622	      2.67497779711631311628	      0.54927665930098901192
      0.96900000000000052758	      0.12879206071534121669	      0.12879206071534121669	      0.12879206071534121669	      0.06721151285842977274	     -0.37656546197456280956	     -0.02849844818895785892	     -1.55608438945570348722	     -0.08630938416531583335	      0.22407532667674504023	      0.97454697301320947211	      0.26686948747094807466	      1.46750354208638911224	     -0.37655227384489348141	     -0.13775437695371167690	      2.71777578376810069472	      0.53091434553551686282
      0.97000000000000052847	      0.12808782873461221907	      0.12808782873461221907	      0.12808782873461221907	      0.06420798729497285973	     -0.37437845325684321329	     -0.02921178071570953994	     -1.55067031425609158646	     -0.08181363182814424539	      0.21891297617294441791	      0.96647106623008027793	      0.26595714200730030674	      1.45359413367096723668	     -0.36958707633044723950	     -0.12234343708256034677	      2.76055920780938546244	      0.51271563229278849239
      0.97100000000000052935	      0.12740719768307268156	      0.12740719768307268156	      0.12740719768307268156	      0.06112595137537059353	     -0.37213523632640821415	     -0.02990867845889911419	     -1.54530740571060443145	     -0.07724500386781345262	      0.21373875671008185639	      0.95846308012326819625	      0.26510005003078923602	      1.43956903961303117612	     -0.36263383691236344974	     -0.10649144522207645847	      2.80332638141503620588	      0.49468390852154814352
      0.97200000000000053024	      0.12675054757060230659	      0.12675054757060230659	      0.12675054757060230659	      0.05796692041007849017	     -0.36983863264331068299	     -0.03058940534146972756	     -1.53999820914103757730	     -0.07260706378501746716	      0.20855884348451730892	      0.95052813246720113671	      0.26429002110364979705	      1.42542944177579067322	     -0.35570071633520622401	     -0.09020955885595163815	      2.84607547553090967085	      0.47682209350041820928
      0.97300000000000053113	      0.12611852147758678688	      0.12611852147758678688	      0.12611852147758678688	      0.05473220921184206861	     -0.36749186542649164844	     -0.03125450649487875737	     -1.53474257268101621499	     -0.06790375069527029850	      0.20338090922682128259	      0.94266816420690502376	      0.26330577708305386020	      1.41117666521144280445	     -0.34879563528271545492	     -0.07350888805973639084	      2.88880539005606484793	      0.45913122457672073118
      0.97400000000000053202	      0.12551139390922708139	      0.12551139390922708139	      0.12551139390922708139	      0.05142335642001412410	     -0.36509782138911045513	     -0.03190427110122633775	     -1.52954310873499421675	     -0.06313849671042386091	      0.19821056556780894398	      0.93488789964599205984	      0.26215353581074318789	      1.39681212093849138611	     -0.34192633811001316158	     -0.05640131162880561433	      2.93151396318780710359	      0.44161354369735400516
      0.97500000000000053291	      0.12492908090380835939	      0.12492908090380835939	      0.12492908090380835939	      0.04804213072623578218	     -0.36265905786669488942	     -0.03253874026294409361	     -1.52440510575700072238	     -0.05831421729221988870	      0.19305111927406037875	      0.92719467910749386874	      0.26106811168897520181	      1.38233734661619922512	     -0.33510037550777121984	     -0.03889947032992537024	      2.97419796089208787748	      0.42427251656679543235
      0.97600000000000053380	      0.12437175498123495543	      0.12437175498123495543	      0.12437175498123495543	      0.04459007210184895431	     -0.36017852244530557115	     -0.03315822914155482082	     -1.51933122437553969064	     -0.05343411060813654800	      0.18790927782216695907	      0.91959345447902107740	      0.26005719115673187058	      1.36775403997007871659	     -0.32832494125757299974	     -0.02101587856205042182	      3.01685487219553571947	      0.40710977061429626245
      0.97700000000000053468	      0.12383967857102162746	      0.12383967857102162746	      0.12383967857102162746	      0.04106865896554637990	     -0.35765920605881551531	     -0.03376309659276366393	     -1.51432409411120416642	     -0.04850159626123856649	      0.18279176847326528144	      0.91208884133922929482	      0.25911562108491897893	      1.35306384552790781584	     -0.32160721659388891158	     -0.00276337501127935092	      3.05948204287329872386	      0.39012651297782607873
      0.97800000000000053557	      0.12333335903059129690	      0.12333335903059129690	      0.12333335903059129690	      0.03747920502000216814	     -0.35510449083008843729	     -0.03435396958298422843	     -1.50938359615948636261	     -0.04352047624513258328	      0.17770318326851719526	      0.90468133914460990841	      0.25803032489424876372	      1.33826846545423050472	     -0.31495420179137023631	      0.01584520845893774843	      3.10207759352589684809	      0.37332209167231789060
      0.97900000000000053646	      0.12285291733103018141	      0.12285291733103018141	      0.12285291733103018141	      0.03382322116985287536	     -0.35251740943692472241	     -0.03493121346261818250	     -1.50451237438379048506	     -0.03849393701842759169	      0.17264886990871031180	      0.89737504494963415969	      0.25680742989289589984	      1.32336976638732206624	     -0.30837254315971041052	      0.03479639407337669493	      3.14463855862542329689	      0.35669713967935690047
      0.98000000000000053735	      0.12239810562180572506	      0.12239810562180572506	      0.12239810562180572506	      0.03010242583093515958	     -0.34990065310674639543	     -0.03549493928961445360	     -1.49971571589908503341	     -0.03342451531732458514	      0.16763447938976933083	      0.89017745484156673985	      0.25567210443320737001	      1.30836983321749289466	     -0.30186852030998700958	      0.05407606348795718221	      3.18716088433768440780	      0.34025359206240535226
      0.98100000000000053824	      0.12196891941295422146	      0.12196891941295422146	      0.12196891941295422146	      0.02631834103235750066	     -0.34725728397900085254	     -0.03604551342463517549	     -1.49499626483703473845	     -0.02831507004811758405	      0.16266698424473313711	      0.88309297242187001498	      0.25463829528444104078	      1.29327084963870486689	     -0.29544809796836363214	      0.07367020387599904074	      3.22964127153728908226	      0.32399160094713613800
      0.98200000000000053912	      0.12156544939289409824	      0.12156544939289409824	      0.12156544939289409824	      0.02247242226328779666	     -0.34459039439206617939	     -0.03658334375985470427	     -1.49035669018468097669	     -0.02316872090273286791	      0.15775317408101388605	      0.87612556946338904229	      0.25370721529463302613	      1.27807486448671525636	     -0.28911724367819574555	      0.09356451281383783292	      3.27207627002822798445	      0.30791095528818623883
      0.98300000000000054001	      0.12118801497035107395	      0.12118801497035107395	      0.12118801497035107395	      0.01856598971987084151	     -0.34190347084218031259	     -0.03710910571066378810	     -1.48579673593513095220	     -0.01798895131943830522	      0.15289371700671158805	      0.86927404361115445663	      0.25265746519940773807	      1.26278389671909563319	     -0.28288178407761876976	      0.11374469256050137589	      3.31446328971915926687	      0.29200954473045004356
      0.98400000000000054090	      0.12083654136800861534	      0.12083654136800861534	      0.12083654136800861534	      0.01460054684645214866	     -0.33919962323672137039	     -0.03762319596580605829	     -1.48131894351627080297	     -0.01277855572262289255	      0.14809371300279228212	      0.86254177808145326978	      0.25149388434540392856	      1.24740024705858298937	     -0.27674703339495415610	      0.13419591891866738953	      3.35679861258254197409	      0.27628668454284999179
      0.98500000000000054179	      0.12051058779398962639	      0.12051058779398962639	      0.12051058779398962639	      0.01057778899274363152	     -0.33648159538203220587	     -0.03812574078750336631	     -1.47692849855281949090	     -0.00753958389489457498	      0.14336222346898253033	      0.85593653032555094828	      0.25044474320746762386	      1.23192656184324977886	     -0.27071778797497281221	      0.15490285021556293721	      3.39907740009064962550	      0.26074312479650546548
      0.98600000000000054268	      0.12020994092506789852	      0.12020994092506789852	      0.12020994092506789852	      0.00649926312528271814	     -0.33375248885591723980	     -0.03861710892323083621	     -1.47262785982823118935	     -0.00227445370593750296	      0.13870590030774621049	      0.84946197694530767297	      0.24953303699624387879	      1.21636550963652045887	     -0.26479861249875308316	      0.17585021649311841085	      3.44129561989641663544	      0.24537786357160065731
      0.98700000000000054357	      0.11993447656037098392	      0.11993447656037098392	      0.11993447656037098392	      0.00236645270753531008	     -0.33101542094952429718	     -0.03909771159742612967	     -1.46841957905256426109	      0.00301411738015053363	      0.13413098446902702032	      0.84312125053264308505	      0.24876815326218337798	      1.20071952250895086500	     -0.25899409192694849979	      0.19702250007069757598	      3.48344907817980198317	      0.23018959672302544139
      0.98800000000000054445	      0.11968429143920245039	      0.11968429143920245039	      0.11968429143920245039	     -0.00181929509024657482	     -0.32827392175903757909	     -0.03956824113380096042	     -1.46430297702728573483	      0.00832310850298025734	      0.12963473083667292896	      0.83691140337130587312	      0.24789720253556790652	      1.18499092185888654782	     -0.25330864993328788826	      0.21840426223797337890	      3.52553457623402932697	      0.21517499587119970350
      0.98900000000000054534	      0.11945909314071806451	      0.11945909314071806451	      0.11945909314071806451	     -0.00605643773967267339	     -0.32553110051458267193	     -0.04002908078153164656	     -1.46028028545332078103	      0.01365018363110256060	      0.12522200821481418997	      0.83083501682551574863	      0.24692295889746501691	      1.16918244666762038975	     -0.24774612591031228148	      0.23997960381554384046	      3.56754771072374188279	      0.20033238447379417280
      0.99000000000000054623	      0.11925824091727486864	      0.11925824091727486864	      0.11925824091727486864	     -0.01034323679803632323	     -0.32278965895517919282	     -0.04048031576479640958	     -1.45635647279855451330	      0.01899376117735903507	      0.12090500709914021871	      0.82490001295083037469	      0.24609793012936617695	      1.15329732094409154186	     -0.24230977713909249149	      0.26173218121989666463	      3.60948288731427036069	      0.18566173800229845980
      0.99100000000000054712	      0.11908131292298206050	      0.11908131292298206050	      0.11908131292298206050	     -0.01467807195899998793	     -0.32005265787494102669	     -0.04092227571627247984	     -1.45253358061198678541	      0.02435186211527235953	      0.11668942222957526256	      0.81910911791070672994	      0.24545433086110840515	      1.13733870768856748512	     -0.23700269803051088324	      0.28364572389245140682	      3.65133540860641314652	      0.17116123974526165075
      0.99200000000000054801	      0.11892795966503867666	      0.11892795966503867666	      0.11892795966503867666	     -0.01905938297483732169	     -0.31732315713349301678	     -0.04135533721939022717	     -1.44881380680660876159	      0.02972219477062619519	      0.11258036059757059455	      0.81346441809297165282	      0.24500865791375486813	      1.12130943573136154789	     -0.23182800271746803467	      0.30570376635074386629	      3.69310040543295592386	      0.15682883252023968601
      0.99300000000000054889	      0.11879805436674044372	      0.11879805436674044372	      0.11879805436674044372	     -0.02348579550219481726	     -0.31460465547172711265	     -0.04178018257968353633	     -1.44519574885514745510	      0.03510228933668718687	      0.10857339173358653006	      0.80796151624341350228	      0.24445480370598007824	      1.10521216205253258735	     -0.22678854229709491386	      0.32789008632232508056	      3.73477417613034479160	      0.14266024250751813129
      0.99400000000000054978	      0.11869110366250952560	      0.11869110366250952560	      0.11869110366250952560	     -0.02795570169127679916	     -0.31190017203080017127	     -0.04219714940791457342	     -1.44168110733434939874	      0.04049025419487953248	      0.10467310513497836422	      0.80260213644351907636	      0.24379353973893896912	      1.08905009160375332300	     -0.22188663721612775226	      0.35018798461942224343	      3.77635169387582836364	      0.12865315545696609512
      0.99500000000000055067	      0.11860630012268957856	      0.11860630012268957856	      0.11860630012268957856	     -0.03246726955588177810	     -0.30921226149905867153	     -0.04260624537577609172	     -1.43827451412767404193	      0.04588484663520822626	      0.10089311035918455128	      0.79739399247171383056	      0.24332425491230610937	      1.07282703897547171401	     -0.21712408664196522490	      0.37258030834557198663	      3.81782661984424409596	      0.11480721318426855004
      0.99600000000000055156	      0.11854305744751546248	      0.11854305744751546248	      0.11854305744751546248	     -0.03701880097830127780	     -0.30654385118730381743	     -0.04300774186828126150	     -1.43497737538056502338	      0.05128445449535697781	      0.09723778626239040768	      0.79233871646943787592	      0.24308612832780887580	      1.05654667981320593562	     -0.21250252691971022179	      0.39505005765872025503	      3.85919364410216481076	      0.10112014134113936348
      0.99700000000000055245	      0.11850083540409107885	      0.11850083540409107885	      0.11850083540409107885	     -0.04160865731737868611	     -0.30389784706876027398	     -0.04340196485518696412	     -1.43179129553174488976	      0.05668717957020314585	      0.09371085352463823237	      0.78743724575385276587	      0.24309938712011860962	      1.04021228185369851715	     -0.20802358569518850095	      0.41758010206906925887	      3.90044727744251584767	      0.08758948676377634190
      0.99800000000000055334	      0.11847932307882733105	      0.11847932307882733105	      0.11847932307882733105	     -0.04623547377968732081	     -0.30127761770924027518	     -0.04378957512165584237	     -1.42871391968454397592	      0.06209113031218596590	      0.09030818524471140307	      0.78268422885629307384	      0.24299064915058757319	      1.02382689329260423428	     -0.20368846991336297947	      0.44015378007863259491	      3.94158338927868800994	      0.07421035330901454286
      0.99900000000000055422	      0.11847788392581630468	      0.11847788392581630468	      0.11847788392581630468	     -0.05089759322669065722	     -0.29868598594050316253	     -0.04417085686553329227	     -1.42574624213869882716	      0.06749478212227526253	      0.08703391774099629441	      0.77808050309660681254	      0.24275941387736896249	      1.00739421023921971177	     -0.19949802552099230035	      0.46275386041712668339	      3.98259636300892738703	      0.06098016807266763012
      1.00000000000000044409	      0.11849561596055607771	      0.11849561596055607771	      0.11849561596055607771	     -0.05559308268621933335	     -0.29612524436905607317	     -0.04454573592714328872	     -1.42289245619477489058	      0.07289703778624709307	      0.08390072190157857324	      0.77363302905093478401	      0.24276904326882897678	      0.99091862631475535750	     -0.19545275154933283712	      0.48536256968949859081	      4.02347910265862740431	      0.04789868243115399243
      1.00100000000000033396	      0.11853184756744837569	      0.11853184756744837569	      0.11853184756744837569	     -0.06032020818539079315	     -0.29359807915872426776	     -0.04491443401493901838	     -1.42015317433626830912	      0.07829654139848093997	      0.08091160718504319949	      0.76934228861697828705	      0.24306067368482420221	      0.97440432555781897328	     -0.19155289931193084096	      0.50796245552029828385	      4.06422571084562989085	      0.03496353276008398736
      1.00200000000000022382	      0.11858591988544808782	      0.11858591988544808782	      0.11858591988544808782	     -0.06507729708637637056	     -0.29110713114404201951	     -0.04527723608526972726	     -1.41752921551331989569	      0.08369171366053886063	      0.07806896756888581645	      0.76520806489011661267	      0.24365267760556974519	      0.95785504608855975839	     -0.18779865918837804206	      0.53053600812298706835	      4.10483010966674655151	      0.02217223858770986378
      1.00300000000000011369	      0.11865740479040742805	      0.11865740479040742805	      0.11865740479040742805	     -0.06986305015920665773	     -0.28865551322682103663	     -0.04563478480498728979	     -1.41501718485064809094	      0.08908119511674464364	      0.07537035767672962960	      0.76122459000662767714	      0.24410490451906566300	      0.94127426481630338539	     -0.18418963418988257286	      0.55306642152635165921	      4.14528775645373848135	      0.00951967607622563119
      1.00400000000000000355	      0.11874560534578824933	      0.11874560534578824933	      0.11874560534578824933	     -0.07467581082339246057	     -0.28624573168406775014	     -0.04598732758134448095	     -1.41261727648928969714	      0.09446371736364879423	      0.07281920692698293229	      0.75739180134336681061	      0.24441687104425743882	      0.92466615949865027524	     -0.18072529706033801933	      0.57553619194764105149	      4.18559244522811457756	     -0.00299659093758382691
      1.00499999999999989342	      0.11884961798402433886	      0.11884961798402433886	      0.11884961798402433886	     -0.07951358312055688271	     -0.28387970198292666879	     -0.04633473631329881881	     -1.41033316349823012459	      0.09983814550652982123	      0.07042527415117071088	      0.75371533600219453586	      0.24502013590312274327	      0.90803564009681658753	     -0.17740500621818383609	      0.59792714666135393653	      4.22573630293734581187	     -0.01537629820823102102
      1.00599999999999978328	      0.11896877575901168567	      0.11896877575901168567	      0.11896877575901168567	     -0.08437466513632575771	     -0.28155975733445903764	     -0.04667721114551364597	     -1.40816460926191977521	      0.10520327468891836620	      0.06819029879603762112	      0.75019452587510748742	      0.24595165417403860864	      0.89138733209594367413	     -0.17422772869238684068	      0.62022166241697496147	      4.26571284781058146507	     -0.02762153768083935867
      1.00699999999999967315	      0.11910238626389862970	      0.11910238626389862970	      0.11910238626389862970	     -0.08925741695231700912	     -0.27928816748747170573	     -0.04701501821091309125	     -1.40611156330257669467	      0.11055775675361100008	      0.06611553358117193413	      0.74682804981610062534	      0.24722207442834140401	      0.87472540547968058444	     -0.17119231188853892278	      0.64240214106503734648	      4.30551543313627771425	     -0.03973446671261539331
      1.00799999999999956302	      0.11924997316514349133	      0.11924997316514349133	      0.11924997316514349133	     -0.09416065349942159823	     -0.27706767240940571861	     -0.04734878343133645806	     -1.40416968846563383622	      0.11590065727563132747	      0.06420074417615903584	      0.74361017361496839495	      0.24834004144560972716	      0.85805371746915015674	     -0.16829688862741218336	      0.66445189353626665785	      4.34513908906893320250	     -0.05172001926420691925
      1.00899999999999945288	      0.11941085692610825530	      0.11941085692610825530	      0.11941085692610825530	     -0.09908277258226386164	     -0.27490037388206528535	     -0.04767873181145391992	     -1.40233841417270310714	      0.12123085198156688391	      0.06244840821879291820	      0.74053991896552384677	      0.24930608591821931674	      0.84137681080290249724	     -0.16553969687187436444	      0.68635343057119224675	      4.38457703429137879425	     -0.06358015065349764683
      1.00999999999999934275	      0.11958421420256337697	      0.11958421420256337697	      0.11958421420256337697	     -0.10402176876546222195	     -0.27278775229068330521	     -0.04800470639910642962	     -1.40062087145046421099	      0.12654704846537487284	      0.06086421673713801606	      0.73762109422957089500	      0.25060801167780510923	      0.82469992661064628336	     -0.16291909457632089420	      0.70808849047680644251	      4.42382066192773759639	     -0.07531380932502083903
      1.01099999999999923261	      0.11976944954221796502	      0.11976944954221796502	      0.11976944954221796502	     -0.10897602636428707634	     -0.27073173221777219188	     -0.04832689212382752092	     -1.39901608416046863148	      0.13184811426052325811	      0.05944900530971317099	      0.73485196533895846827	      0.25227471052243694016	      0.80802793514003989905	     -0.16043289411065173033	      0.72963961331663840237	      4.46286294770202474069	     -0.08692252826471864868
      1.01199999999999912248	      0.11996590159409525889	      0.11996590159409525889	      0.11996590159409525889	     -0.11394398875796268866	     -0.26873417269758936854	     -0.04864553076382246988	     -1.39752322609842827283	      0.13713284965687064232	      0.05820328694014922921	      0.73223022963355011150	      0.25430622694280302643	      0.79136525599529683461	     -0.15807874479482689201	      0.75098945852878640217	      4.50169674325846891350	     -0.09840787395851839647
      1.01299999999999901235	      0.12017309152783192672	      0.12017309152783192672	      0.12017309152783192672	     -0.11892459893465141818	     -0.26679739754528669637	     -0.04896120257137963339	     -1.39613727918173768927	      0.14240060147996214113	      0.05712834298699680236	      0.72975037306009782334	      0.25618262311864853364	      0.77471592286262080940	     -0.15585352479679717708	      0.77212174441535863512	      4.54031668309035474351	     -0.10977425320909962869
      1.01399999999999890221	      0.12039040547313170637	      0.12039040547313170637	      0.12039040547313170637	     -0.12391634119793092095	     -0.26492309511630102170	     -0.04927409272586007888	     -1.39485708265514718462	      0.14765030529631315015	      0.05622555050287734307	      0.72741049080295616669	      0.25790556053115859525	      0.75808458358388641773	     -0.15375439786651012852	      0.79301935653599919807	      4.57871549392954424462	     -0.12102290858416327179
      1.01499999999999879208	      0.12061714874619926252	      0.12061714874619926252	      0.12061714874619926252	     -0.12891724785200922576	     -0.26311233541906819955	     -0.04958400847738179268	     -1.39368529914472327746	      0.15288049169408768346	      0.05549675458853964294	      0.72521231895044202531	      0.25999714188504186030	      0.74147650357947125777	     -0.15177882443855394978	      0.81366437176650974195	      4.61688397308285125575	     -0.13215187366387384782
      1.01599999999999868194	      0.12085282674043305862	      0.12085282674043305862	      0.12085282674043305862	     -0.13392581324577920721	     -0.26136665386952884216	     -0.04989108825030080102	     -1.39262045456739147475	      0.15809006760633698141	      0.05494235677168332610	      0.72315320023405404992	      0.26247753867560741359	      0.72489648545821672165	     -0.14992359975038266340	      0.83403989426613389657	      4.65481466481548800118	     -0.14316193521369890984
      1.01699999999999857181	      0.12109684117657627811	      0.12109684117657627811	      0.12109684117657627811	     -0.13894058610404921850	     -0.25968753322967214059	     -0.05019550826868239557	     -1.39166118646578218510	      0.16327792871099691685	      0.05456256443553550439	      0.72123001050024748704	      0.26533680921291169508	      0.70834888863657230473	     -0.14818533858465826603	      0.85412924765663944537	      4.69250004973750645121	     -0.15405389891801110624
      1.01799999999999846167	      0.12134872888768609422	      0.12134872888768609422	      0.12134872888768609422	     -0.14396062252500310685	     -0.25807691777301211555	     -0.05049774542345602385	     -1.39080213296384669341	      0.16844357233108425698	      0.05435854109101239534	      0.71943735820717935603	      0.26804734347066749844	      0.69183759178502524101	     -0.14655989686721992982	      0.87391690782787634362	      4.72993447123071053539	     -0.16483142613825590983
      1.01899999999999835154	      0.12160795739813831662	      0.12160795739813831662	      0.12160795739813831662	     -0.14898450100114810080	     -0.25653614588402218200	     -0.05079789373083479220	     -1.39004180255354170548	      0.17358596110163160287	      0.05433057809887199829	      0.71777243643609256463	      0.27061136311574124358	      0.67536699278202760865	     -0.14504351394095266192	      0.89338656780371739075	      4.76711032247735388978	     -0.17549492291837398561
      1.01999999999999824141	      0.12187397411902693711	      0.12187397411902693711	      0.12187397411902693711	     -0.15401032145134024853	     -0.25506596584047419585	     -0.05109568001527198949	     -1.38938254995499654854	      0.17870352354364701930	      0.05447822235852967793	      0.71623502788499393557	      0.27356270364688906049	      0.65894201507363936443	     -0.14363281967254803995	      0.91252115494604235657	      4.80401801959079310933	     -0.18604148025882102924
      1.02099999999999813127	      0.12214638375869571463	      0.12214638375869571463	      0.12214638375869571463	     -0.15903668240955856628	     -0.25366760297794715973	     -0.05139113329316124384	     -1.38882268854189905305	      0.18379521921412370067	      0.05480168089161259470	      0.71482168176759985911	      0.27691407637990167467	      0.64256702977688162637	     -0.14232372218863295621	      0.93130478650303061272	      4.84064985163253336253	     -0.19647104172156099056
      1.02199999999999802114	      0.12242465670348182116	      0.12242465670348182116	      0.12242465670348182116	     -0.16406223143964396294	     -0.25234224635186391916	     -0.05168429933289733769	     -1.38836060695857299585	      0.18886002485199160361	      0.05530100642869687638	      0.71352857855868623282	      0.28064792402847238417	      0.62624597721836139375	     -0.14111195893331582307	      0.94972189018834407559	      4.87699810435423941612	     -0.20678356300800587730
      1.02299999999999791100	      0.12270834593701389348	      0.12270834593701389348	      0.12270834593701389348	     -0.16908610603393675609	     -0.25109153453030302883	     -0.05197548426380450143	     -1.38799091401427165948	      0.19389750484708470624	      0.05597555207856579756	      0.71235025101886484400	      0.28424347279986544867	      0.60998223242376437003	     -0.13999256320036840284	      0.96775808880871405648	      4.91305697084027848121	     -0.21698183585847910515
      1.02399999999999780087	      0.12299699823075817273	      0.12299699823075817273	      0.12299699823075817273	     -0.17410696439112485767	     -0.24991652964302329964	     -0.05226463384645146232	     -1.38771201953136591456	      0.19890666449081673139	      0.05682465287192409176	      0.71128306870081547952	      0.28770245484635681432	      0.59377962760497504657	     -0.13896097911416863124	      0.98539831943079903009	      4.94881867556193011382	     -0.22706536692174056347
      1.02499999999999769074	      0.12329020028575504719	      0.12329020028575504719	      0.12329020028575504719	     -0.17912297884064048992	     -0.24881772848433536538	     -0.05255134998991639605	     -1.38752609886097388880	      0.20388595434117845473	      0.05784749706646102191	      0.71032520805113263940	      0.29155240385999869890	      0.57764247390366163515	     -0.13801306729601131584	      1.00262684078760000439	      4.98427344219498724698	     -0.23703030784664544384
      1.02599999999999758060	      0.12358764650086313808	      0.12358764650086313808	      0.12358764650086313808	     -0.18413282092908284104	     -0.24779608707396943990	     -0.05283550553334874500	     -1.38743145187441263566	      0.20883442035847693541	      0.05904409995335382910	      0.70947256701651695288	      0.29580280795790236947	      0.56157447939900595468	     -0.13714397779589576620	      1.01942917518632736318	      5.01941342290837422269	     -0.24687568339807189344
      1.02699999999999747047	      0.12388887625683486782	      0.12388887625683486782	      0.12388887625683486782	     -0.18913520469198624729	     -0.24685252454520673071	     -0.05311697970556111120	     -1.38742641331059268772	      0.21375112942525778537	      0.06041425348172148324	      0.70872075606350115606	      0.30043334044965303020	      0.54557895593730942885	     -0.13634872319879304259	      1.03579121831674325627	      5.05423079618743020802	     -0.25660052199099020465
      1.02799999999999736033	      0.12419346336517742002	      0.12419346336517742002	      0.12419346336517742002	     -0.19412931073333739018	     -0.24598838352069340996	     -0.05339588520773038555	     -1.38750569254118771845	      0.21863568372603878198	      0.06195419879603288743	      0.70806402619508468366	      0.30493186191176235855	      0.52965859493303457661	     -0.13562167704048383454	      1.05170007694458789160	      5.08871966956326193809	     -0.26620668409789460807
      1.02899999999999725020	      0.12450103435401189966	      0.12450103435401189966	      0.12450103435401189966	     -0.19911384293534936663	     -0.24520444120368845020	     -0.05367200397549105884	     -1.38766769118335719924	      0.22348716447395675089	      0.06366242520004684879	      0.70749805369959450907	      0.30929845461620669722	      0.51381654757857575522	     -0.13495762045038561805	      1.06714227052398458184	      5.12287215358148184663	     -0.27569272291062546509
      1.02999999999999714007	      0.12481131304056371223	      0.12481131304056371223	      0.12481131304056371223	     -0.20408701971439224820	     -0.24450091765980341840	     -0.05394480474095390138	     -1.38791444284835008283	      0.22830414749216917936	      0.06553936969475418484	      0.70701987882760952697	      0.31404845708643297497	      0.49805646417939530846	     -0.13435174909074962257	      1.08210373144419991220	      5.15667833036481670916	     -0.28505381203823376701
      1.03099999999999702993	      0.12512408133036154179	      0.12512408133036154179	      0.12512408133036154179	     -0.20904753799453082430	     -0.24387845336989619205	     -0.05421400242355545185	     -1.38824426762555708237	      0.23308578344817637573	      0.06758459136783549759	      0.70662489016414398169	      0.31919216784970755318	      0.48238137537161973611	     -0.13379860496803355763	      1.09657166602425992785	      5.19013021918609496197	     -0.29428798564735780818
      1.03199999999999691980	      0.12543895313758204879	      0.12543895313758204879	      0.12543895313758204879	     -0.21399412878309662100	     -0.24333763495084770323	     -0.05447931954314792768	     -1.38865548470721522634	      0.23783123415738199879	      0.06979728162121466573	      0.70630824986762907880	      0.32471049239749527615	      0.46679396224846114727	     -0.13329263772252197828	      1.11053369283003955381	      5.22321986446471964172	     -0.30339327244562191987
      1.03299999999999680966	      0.12575553579794546133	      0.12575553579794546133	      0.12575553579794546133	     -0.21892597569515856448	     -0.24287943778514467508	     -0.05474070062920879248	     -1.38914285251404479027	      0.24254015122830382967	      0.07217012948414919249	      0.70606383500646752172	      0.33009201487848627288	      0.45129625606752332700	     -0.13282770671753707514	      1.12397866165167892305	      5.25594125748379426000	     -0.31237057497689374452
      1.03399999999999669953	      0.12607354290702274535	      0.12607354290702274535	      0.12607354290702274535	     -0.22384178111042810078	     -0.24250426186159818043	     -0.05499779084717698607	     -1.38970471263538875029	      0.24721170826196453563	      0.07470085483201013843	      0.70588681207120307359	      0.33533453518988548536	      0.43589081624241943214	     -0.13239809010563496905	      1.13689489999077575355	      5.28828633876553855231	     -0.32121743759534687745
      1.03499999999999658939	      0.12639283858111008407	      0.12639283858111008407	      0.12639283858111008407	     -0.22873975900859069843	     -0.24221193933592308212	     -0.05524995485475882318	     -1.39034290553012573888	      0.25184463182466848563	      0.07739191042095357187	      0.70577356354398690375	      0.34094671337379867104	      0.42058078229060458231	     -0.13199849586397627288	      1.14927020943849966805	      5.32024497043093180793	     -0.32992797771181670008
      1.03599999999999647926	      0.12671329934058470079	      0.12671329934058470079	      0.12671329934058470079	     -0.23361857743162248169	     -0.24200267650324991386	     -0.05549679027775301227	     -1.39105566048669326840	      0.25643814334799314159	      0.08024184080098231697	      0.70571907902096997489	      0.34694160283975999937	      0.40536867208177312927	     -0.13162305326040169007	      1.16109364930938330218	      5.35180894752848690388	     -0.33849918417390423286
      1.03699999999999636913	      0.12703462437490095627	      0.12703462437490095627	      0.12703462437490095627	     -0.23847692883103099870	     -0.24187660020185935972	     -0.05573791191047073462	     -1.39184117726968037410	      0.26099146794604999311	      0.08324867076471434424	      0.70571816877850501726	      0.35330281151652381810	      0.39025670397732253880	     -0.13126584054018855530	      1.17235471723296624802	      5.38297007087043155593	     -0.34692803934641230912
      1.03799999999999625899	      0.12735647124665586127	      0.12735647124665586127	      0.12735647124665586127	     -0.24331396740159372261	     -0.24183419224857510832	     -0.05597315374956275680	     -1.39269410494097622966	      0.26550435142902523156	      0.08640241359110362174	      0.70576450778359745009	      0.35950833536274601210	      0.37524643458040635169	     -0.13092035354454883977	      1.18304419728162724113	      5.41372211535211445010	     -0.35521449369504420890
      1.03899999999999614886	      0.12767865145549969763	      0.12767865145549969763	      0.12767865145549969763	     -0.24812834970105976384	     -0.24187534734058999120	     -0.05620207814243999289	     -1.39361258578901892058	      0.26997603795006597238	      0.08970007617017704271	      0.70585296270116748563	      0.36555363555336822801	      0.36034004306234268533	     -0.13058056806715076514	      1.19315236726169238146	      5.44405674166952735504	     -0.36335506256761751498
      1.03999999999999603872	      0.12800117523516116314	      0.12800117523516116314	      0.12800117523516116314	     -0.25291823300357074711	     -0.24199938582001859211	     -0.05642399475412897963	     -1.39459816188355167910	      0.27440531675293960978	      0.09314557935151718260	      0.70597953522972334284	      0.37195153368639599645	      0.34554038180028945337	     -0.13024095588343964636	      1.20266899829800189003	      5.47396347663165716568	     -0.37134276317493442043
      1.04099999999999592859	      0.12832402405959331126	      0.12832402405959331126	      0.12832402405959331126	     -0.25768222210648861203	     -0.24220597379331582077	     -0.05663843707018737655	     -1.39564882423761016383	      0.27879140733237267602	      0.09673600625250700080	      0.70613892467577343837	      0.37871896378448755005	      0.33084966536266424697	     -0.12989546479305316695	      1.21158512999880518812	      5.50343379719415093376	     -0.37917354597655505977
      1.04199999999999581846	      0.12864699211493535458	      0.12864699211493535458	      0.12864699211493535458	     -0.26241894038762242358	     -0.24249468752012459660	     -0.05684496415243908696	     -1.39676251832402464892	      0.28313354839575127775	      0.10046785073380555542	      0.70632569176335602279	      0.38584269587208325225	      0.31626984309310096632	     -0.12953801319750293808	      1.21989227742643491226	      5.53245917984370549902	     -0.38684337446700955976
      1.04299999999999570832	      0.12896979994264978764	      0.12896979994264978764	      0.12896979994264978764	     -0.26712751300966608436	     -0.24286544540504440004	     -0.05704335144701894872	     -1.39793362281869870678	      0.28743165097000639152	      0.10433031058111734424	      0.70653363871440388877	      0.39277750213239170929	      0.30180218054870888711	     -0.12916189909837863525	      1.22758335229588944060	      5.56103313929151443773	     -0.39435134174221325720
      1.04399999999999559819	      0.12929236585714118379	      0.12929236585714118379	      0.12929236585714118379	     -0.27180653947839100715	     -0.24331758237810158230	     -0.05723312410557396951	     -1.39915996314947621570	      0.29168498250880586786	      0.10831973416945839261	      0.70675750578109386435	      0.39951661492488249605	      0.28744864642602596660	     -0.12876102691135898892	      1.23465072632051997559	      5.58914701094200072617	     -0.40169300347334901957
      1.04499999999999548805	      0.12961485150734930460	      0.12961485150734930460	      0.12961485150734930460	     -0.27645409820095750986	     -0.24384986782504919356	     -0.05741357669198372815	     -1.40044271610467996325	      0.29589222253732172518	      0.11243986087343962876	      0.70699294654743127797	      0.40658970656234705299	      0.27321195648554685853	     -0.12832992731676476361	      1.24108623559929021063	      5.61678993795775483022	     -0.40886032155795282161
      1.04599999999999537792	      0.12993735277899332026	      0.12993735277899332026	      0.12993735277899332026	     -0.28106873770967805148	     -0.24446141014584177320	     -0.05758421989544579289	     -1.40177954036391416714	      0.30005250717602438559	      0.11668628502022461435	      0.70723449132591287292	      0.41401750570125323003	      0.25909415521006606831	     -0.12786261780537425126	      1.24688304755485446229	      5.64395306226074389144	     -0.41584831692570123352
      1.04699999999999526779	      0.13025976660575247501	      0.13025976660575247501	      0.13025976660575247501	     -0.28564902340986153551	     -0.24515123387557377632	     -0.05774459561460829754	     -1.40316803774872100874	      0.30416503558930890749	      0.12105406168771939979	      0.70747657670425923016	      0.42178919105850093407	      0.24509704537286799986	     -0.12735308578774509614	      1.25203485491514010519	      5.67062753695962307177	     -0.42265206652139108989
      1.04799999999999515765	      0.13058188412712531945	      0.13058188412712531945	      0.13058188412712531945	     -0.29019408569363536188	     -0.24591871151643790450	     -0.05789445746335042386	     -1.40460221848373922882	      0.30822993999747005933	      0.12553347914224979864	      0.70771347361675385201	      0.42932588283492478798	      0.23122170567347954950	     -0.12679463200210402962	      1.25653689358494768946	      5.69680665163906407855	     -0.42927000068829201940
      1.04899999999999504752	      0.13090373708468594494	      0.13090373708468594494	      0.13090373708468594494	     -0.29470249221645794524	     -0.24676265089949186993	     -0.05803332702544997113	     -1.40607954214800900949	      0.31224644122857536654	      0.13012029889513460068	      0.70793992273307504437	      0.43661915404486850711	      0.21746997238520313078	     -0.12618134520096754847	      1.26038378387140381776	      5.72248144312119144672	     -0.43569688541397805226
      1.04999999999999493738	      0.13122564355767152300	      0.13122564355767152300	      0.13122564355767152300	     -0.29917225728157698095	     -0.24768131755955372086	     -0.05816051457544964970	     -1.40760082641921457913	      0.31621290481000946526	      0.13481630702152447299	      0.70815114498004450017	      0.44422756586781719790	      0.20384447406522604451	     -0.12550812299252059323	      1.26356954031020229934	      5.74764068712245279613	     -0.44192376953997764000
      1.05099999999999482725	      0.13154782057312575105	      0.13154782057312575105	      0.13154782057312575105	     -0.30360191673223463349	     -0.24867332860947610751	     -0.05827553972821537809	     -1.40916337798258495262	      0.32012830607390818649	      0.13961585462155629012	      0.70834160063678697217	      0.45217334800585462506	      0.19034711334593268361	     -0.12476931511870262281	      1.26608962374496525349	      5.77227524360763943889	     -0.44794495899660707883
      1.05199999999999471711	      0.13187027280911015059	      0.13187027280911015059	      0.13187027280911015059	     -0.30799002501106625962	     -0.24973723654523052873	     -0.05837795588535575619	     -1.41076443442103061088	      0.32399174895496080095	      0.14451291200581409258	      0.70850570991091432749	      0.46044534534573355877	      0.17697956995281602377	     -0.12395922478753769458	      1.26794007814734932538	      5.79637601170359850755	     -0.45375487760114163738
      1.05299999999999460698	      0.13219286288056375511	      0.13219286288056375511	      0.13219286288056375511	     -0.31233577275088808545	     -0.25087195718729188298	     -0.05846751876649289997	     -1.41239764415273882925	      0.32780359738677117276	      0.14950033486840838548	      0.70863850042302711785	      0.46842789449530486401	      0.16374274676165240239	     -0.12307139770792362155	      1.26911864150078335101	      5.81993613727185898910	     -0.45935154961000601581
      1.05399999999999449685	      0.13251573703365560064	      0.13251573703365560064	      0.13251573703365560064	     -0.31663774578413145244	     -0.25207587261624647690	     -0.05854377146327206793	     -1.41406013357088466975	      0.33156294444074407846	      0.15457339096553004976	      0.70873479307298259400	      0.47611174105648285115	      0.15063833041588936545	     -0.12210037556383299129	      1.26962233758237386105	      5.84294643758318521520	     -0.46472920111512555641
      1.05499999999999438671	      0.13283936997256226564	      0.13283936997256226564	      0.13283936997256226564	     -0.32089393516843373044	     -0.25334685507371573765	     -0.05860606624489164695	     -1.41575242257136757473	      0.33526765821200876783	      0.15973051623687381517	      0.70878923870976773269	      0.48408994830236451445	      0.13766881929377622340	     -0.12104171464077352616	      1.26944748821968289576	      5.86539539523203501403	     -0.46987820698560800459
      1.05599999999999427658	      0.13316409749222052339	      0.13316409749222052339	      0.13316409749222052339	     -0.32510292004571078595	     -0.25468314636310096510	     -0.05865395635309272188	     -1.41747152833114964388	      0.33891649949745045189	      0.16496535397294223579	      0.70879634792981893732	      0.49238365941186612584	      0.12483592448652491846	     -0.11989035639050385496	      1.26859200192074661473	      5.88727368324976740865	     -0.47479244293948585920
      1.05699999999999416644	      0.13349002743536383941	      0.13349002743536383941	      0.13349002743536383941	     -0.32926329794601888468	     -0.25608294621044369599	     -0.05868702898869365692	     -1.41921438335626204363	      0.34250842599252379062	      0.17027138005930275710	      0.70875065679849758027	      0.50097874601404823736	      0.11214115768552246344	     -0.11864117902194316889	      1.26705441884090941329	      5.90857205260933771029	     -0.47946597818715691597
      1.05799999999999405631	      0.13381708043294426869	      0.13381708043294426869	      0.13381708043294426869	     -0.33337436003007231422	     -0.25754483166322367227	     -0.05870505912435031864	     -1.42097437010198124341	      0.34604394470515642546	      0.17564436589345022721	      0.70864807249991623728	      0.50922663123759548398	      0.09958519370082546951	     -0.11728825876836135311	      1.26483508413102496704	      5.92928360909605345341	     -0.48389672811496320382
      1.05899999999999394618	      0.13414550314663706287	      0.13414550314663706287	      0.13414550314663706287	     -0.33743475033161401955	     -0.25906688232488711554	     -0.05870763149494509503	     -1.42274838065246167496	      0.34952193227531880293	      0.18107915803057805793	      0.70848355686613484483	      0.51711804950482853638	      0.08716950447324192663	     -0.11582685966394815069	      1.26193353315872358600	      5.94939906058400147515	     -0.48807868969694945260
      1.05999999999999383604	      0.13447591086771273905	      0.13447591086771273905	      0.13447591086771273905	     -0.34144247289181200999	     -0.26064670520972654799	     -0.05869416275564517949	     -1.42453673423392501718	      0.35293966272643306770	      0.18657044315761281417	      0.70825116386034892013	      0.52527920958960339082	      0.07489638606346020466	     -0.11425344563947095744	      1.25834850498866890334	      5.96890671422973007054	     -0.49200188572986053304
      1.06099999999999372591	      0.13480873406873039588	      0.13480873406873039588	      0.13480873406873039588	     -0.34539618532038207643	     -0.26228229380613526933	     -0.05866425754429660522	     -1.42633627431371756700	      0.35629565803151014292	      0.19211186655270220958	      0.70794563138853894291	      0.53372786216829615213	      0.06276728815389077953	     -0.11256378975771708095	      1.25408045821535152342	      5.98779718439937802543	     -0.49566010376617275490
      1.06199999999999361577	      0.13514415671485260906	      0.13514415671485260906	      0.13514415671485260906	     -0.34929456153611754265	     -0.26397162374020288755	     -0.05861755260559537578	     -1.42814374664790189051	      0.35958868975870517115	      0.19769710643648460979	      0.70756178984021644851	      0.54244495326974262461	      0.05078348454175916210	     -0.11075359850723094646	      1.24913051493386983992	      6.00606120991277769861	     -0.49904741049039785805
      1.06299999999999350564	      0.13548211894530129418	      0.13548211894530129418	      0.13548211894530129418	     -0.35313699949323817950	     -0.26571305972362596615	     -0.05855385311636435164	     -1.42995241842383746800	      0.36281922189555038116	      0.20332391115774789414	      0.70709630349080443423	      0.55075967398404412911	      0.03894534388212395754	     -0.10881777705271851453	      1.24350164899831838738	      6.02369197947025813988	     -0.50216194124898394513
      1.06399999999999339551	      0.13582292787785324450	      0.13582292787785324450	      0.13582292787785324450	     -0.35692221732435414072	     -0.26750451027978522367	     -0.05847279829750697683	     -1.43175908173040422611	      0.36598584856252358577	      0.20898682593384185213	      0.70654434546349065283	      0.55866375085890052077	      0.02725405105737131045	     -0.10675255043617958017	      1.23719596645339979801	      6.04068023605802384424	     -0.50499782548192684306
      1.06499999999999328537	      0.13616729824236178947	      0.13616729824236178947	      0.13616729824236178947	     -0.36064825443019615792	     -0.26934345292984601672	     -0.05837388310774729167	     -1.43356396986489365020	      0.36908530165997366357	      0.21467779259118829893	      0.70589960987213062893	      0.56680923558212725766	      0.01571163964935814658	     -0.10455546766004716885	      1.23021471791056269396	      6.05701427678636417085	     -0.50754512413516583713
      1.06599999999999317524	      0.13651570352724176627	      0.13651570352724176627	      0.13651570352724176627	     -0.36431385447049247084	     -0.27122776787280139521	     -0.05825677274924603855	     -1.43536387878745341773	      0.37211587169521992413	      0.22039094775053805209	      0.70515722550626191989	      0.57520726657840071105	      0.00431923406337087444	     -0.10222332854150953385	      1.22256096978885353543	      6.07268482974075762826	     -0.50979793537416917548
      1.06699999999999306510	      0.13686834838704156625	      0.13686834838704156625	      0.13686834838704156625	     -0.36791777484635179718	     -0.27315534295324839231	     -0.05812116139460775377	     -1.43715550406794001503	      0.37507612107693777403	      0.22612059189388791780	      0.70431246828065863230	      0.58383140562819046959	     -0.00692220039503830230	     -0.09975288541061362591	      1.21423846443515315308	      6.08768279676440737802	     -0.51175072585667169545
      1.06799999999999295497	      0.13722512781591847397	      0.13722512781591847397	      0.13722512781591847397	     -0.37145949361538399547	     -0.27512446000551987746	     -0.05796688721773509551	     -1.43893218626827712470	      0.37796625845422204826	      0.23186500026076203862	      0.70336251237506319800	      0.59200788733482900827	     -0.01801266204726959322	     -0.09714013860630181518	      1.20525276838382211508	      6.10200158234215361830	     -0.51340217694017686867
      1.06899999999999284483	      0.13758634407861261573	      0.13758634407861261573	      0.13758634407861261573	     -0.37493779510244740205	     -0.27713299032688187840	     -0.05779364839111143098	     -1.44069075304166083207	      0.38078458118860319948	      0.23761862450695300786	      0.70230284195639891553	      0.59973029298140023702	     -0.02895129951703488344	     -0.09438245455402551054	      1.19560858043206441614	      6.11563214236897856324	     -0.51474694079385285850
      1.06999999999999273470	      0.13795274789369907364	      0.13795274789369907364	      0.13795274789369907364	     -0.37835076413008073004	     -0.27917841754709654678	     -0.05760102420671661672	     -1.44243143620033054120	      0.38352746769428824880	      0.24337244626520637691	      0.70112722765404644765	      0.60766036312412374798	     -0.03973636941513968013	     -0.09147856206084661879	      1.18530973818227680638	      6.12856298163042101379	     -0.51577556388090872730
      1.07099999999999262457	      0.13832478527755620590	      0.13832478527755620590	      0.13832478527755620590	     -0.38169721556262375950	     -0.28125863338709183870	     -0.05738874251251555036	     -1.44415110230712584460	      0.38619302402938521235	      0.24912138067284481102	      0.69983134971352889409	      0.61580141708361868513	     -0.05036709212934190050	     -0.08842641745426461919	      1.17436192153178975417	      6.14078512967566503278	     -0.51648285047843878193
      1.07199999999999251443	      0.13870260702062889302	      0.13870260702062889302	      0.13870260702062889302	     -0.38497597925108423267	     -0.28337155508008837757	     -0.05715655844905095234	     -1.44584652700197535680	      0.38877961840857255815	      0.25486053973932559780	      0.69841107045567507594	      0.62411948256937099799	     -0.06084283607207364997	     -0.08522396606234775018	      1.16277146867523217821	      6.15228982719586969807	     -0.51686405233834653572
      1.07299999999999240430	      0.13908598562522991871	      0.13908598562522991871	      0.13908598562522991871	     -0.38818657646925747162	     -0.28551548313329344619	     -0.05690434642277396315	     -1.44751129092454067226	      0.39128704367341687886	      0.26058730354730541556	      0.69686379349626870194	      0.63195935632361832646	     -0.07116397089211910776	     -0.08186848079930569844	      1.15054643933976374903	      6.16307081224298247690	     -0.51691869033554416202
      1.07399999999999229416	      0.13947514640348052106	      0.13947514640348052106	      0.13947514640348052106	     -0.39132784517908508759	     -0.28768834678918336900	     -0.05663186936561816209	     -1.44914236435280474602	      0.39371335675354734995	      0.26629624768944348823	      0.69518545021880617796	      0.63931661235461356707	     -0.08132996491441647768	     -0.07835855521501280951	      1.13769407103714770280	      6.17311941367419603210	     -0.51664230230476237971
      1.07499999999999218403	      0.13987081230210385296	      0.13987081230210385296	      0.13987081230210385296	     -0.39439792799873751861	     -0.28988772350390440424	     -0.05633879923221545710	     -1.45074002586383876690	      0.39605486330777089909	      0.27197924426443037538	      0.69337044088130361796	      0.64684197583378133523	     -0.09133933127846133315	     -0.07469409530602708069	      1.12422077701735823041	      6.18242454435270083479	     -0.51602635142760611142
      1.07599999999999207390	      0.14027333853014609111	      0.14027333853014609111	      0.14027333853014609111	     -0.39739569515290268376	     -0.29211158474120607620	     -0.05602493367100343929	     -1.45230131021216557485	      0.39830957517954312941	      0.27763210616107958373	      0.69141517365226379255	      0.65453274236787661877	     -0.10119158163088853852	     -0.07087425200729334518	      1.11013475011702422712	      6.19097767406316634720	     -0.51506668165479352339
      1.07699999999999196376	      0.14068275543571168162	      0.14068275543571168162	      0.14068275543571168162	     -0.40032003788255693388	     -0.29435793311906971459	     -0.05569009960298444001	     -1.45382318868455184813	      0.40047573122593660422	      0.28325078088508282015	      0.68931625009608687993	      0.66235020510678166428	     -0.11088637302802818729	     -0.06689821210413732233	      1.09544479122447313557	      6.19877049992247464161	     -0.51375964349308445023
      1.07799999999999185363	      0.14109865057627846152	      0.14109865057627846152	      0.14109865057627846152	     -0.40317049846598468354	     -0.29662513111509292152	     -0.05533422283693809063	     -1.45529959278062603900	      0.40255265406095758207	      0.28883056872849643959	      0.68707104603239366192	      0.66967273413542904859	     -0.12042438749848922985	     -0.06276457588875157534	      1.08016127362090053055	      6.20579717005171893618	     -0.51210585306120670612
      1.07899999999999174349	      0.14152112142631415037	      0.14152112142631415037	      0.14152112142631415037	     -0.40594596357918849572	     -0.29891119869093457639	     -0.05495714618021711739	     -1.45672771838214520912	      0.40453827658054636318	      0.29436633860738031787	      0.68467611683041829096	      0.67649719518368545135	     -0.12980533448125111673	     -0.05847315685491025206	      1.06429381501796727072	      6.21204949049242838299	     -0.51010203002629328495
      1.07999999999999163336	      0.14195082555797708390	      0.14195082555797708390	      0.14195082555797708390	     -0.40864464863410598916	     -0.30121383006689622652	     -0.05455864933927587201	     -1.45810794254320175156	      0.40642912949239079490	      0.29985242858908839336	      0.68212711342113052648	      0.68344608148862329156	     -0.13902788649227920681	     -0.05402497359897584506	      1.04785126770572634136	      6.21751691666562500416	     -0.50774089735989191841
      1.08099999999999152323	      0.14238799613304864433	      0.14238799613304864433	      0.14238799613304864433	     -0.41126547041108013625	     -0.30353108391476635308	     -0.05413861681164777728	     -1.45943754899004818348	      0.40822323376004876483	      0.30528544379547473131	      0.67942132470905680641	      0.69051439358197830298	     -0.14809173270359815566	     -0.04942034459115518530	      1.03084412478298270699	      6.22219143367578109149	     -0.50501958832987758896
      1.08199999999999141309	      0.14283250912738160165	      0.14283250912738160165	      0.14283250912738160165	     -0.41380737608527046190	     -0.30586104478662229367	     -0.05369696829804384425	     -1.46071380503808190277	      0.40991878897211098121	      0.31066199109069880802	      0.67655622192948150495	      0.69766301946705222559	     -0.15699671562866082675	     -0.04465967289542206731	      1.01328341198721383343	      6.22606525029241453240	     -0.50193578314730524781
      1.08299999999999130296	      0.14328374057924261886	      0.14328374057924261886	      0.14328374057924261886	     -0.41626993090650860063	     -0.30820212676608949032	     -0.05323370784587075355	     -1.46193105432646230923	      0.41151471603661332610	      0.31597465495973386940	      0.67352906703660631038	      0.70430774191448830557	     -0.16574372061058192940	     -0.03974283955268962526	      0.99518157185512345908	      6.22913296970106422634	     -0.49849142049534411747
      1.08399999999999119282	      0.14374164858216181839	      0.14374164858216181839	      0.14374164858216181839	     -0.41865207622975164625	     -0.31055241892172441576	     -0.05274878268505797663	     -1.46308678680710402276	      0.41300896553549054646	      0.32121871409291757882	      0.67033725014318112922	      0.71044560303688653047	     -0.17433257065483942494	     -0.03467081615899877955	      0.97655034603069956756	      6.23138692521279402570	     -0.49468462429617610088
      1.08499999999999108269	      0.14420682833953460400	      0.14420682833953460400	      0.14420682833953460400	     -0.42095211406540056220	     -0.31290970237044668512	     -0.05224210265644447376	     -1.46418154984567516763	      0.41439852005547961333	      0.32639194220237777166	      0.66697820109746785988	      0.71666305751149350645	     -0.18276195760532751300	     -0.02944566041699849326	      0.95740076263428397496	      6.23281717650458499946	     -0.49050960593320780401
      1.08599999999999097255	      0.14467940269916063079	      0.14467940269916063079	      0.14467940269916063079	     -0.42316901100511566947	     -0.31527208905900022673	     -0.05171366520742343154	     -1.46521294597587448116	      0.41568150460397856882	      0.33149153061147246246	      0.66345021545232185645	      0.72295810970755036706	     -0.19103160171984248650	     -0.02406880231668352688	      0.93774531484735035303	      6.23341625197418913729	     -0.48596495900676883739
      1.08699999999999086242	      0.14515910350172031573	      0.14515910350172031573	      0.14515910350172031573	     -0.42530177512085481917	     -0.31763771157572306958	     -0.05116351134302026676	     -1.46617862110120888985	      0.41685617835520305530	      0.33651451030631379657	      0.65975173057400515741	      0.72929648530521251626	     -0.19914140121898335489	     -0.01854179468234336270	      0.91759694712489547896	      6.23317689692111098765	     -0.48104985715770948174
      1.08799999999999075229	      0.14564511011855812983	      0.14564511011855812983	      0.14564511011855812983	     -0.42735002658163578904	     -0.32000501255540497736	     -0.05059175592128657001	     -1.46707332997046036027	      0.41792123154583632472	      0.34145070635247337654	      0.65587994807837390887	      0.73512015526127849618	     -0.20709233597533027726	     -0.01286568223255256382	      0.89696990612261440212	      6.23209424257067201580	     -0.47576780947748376072
      1.08899999999999064215	      0.14613727007743401720	      0.14613727007743401720	      0.14613727007743401720	     -0.42931278184826154876	     -0.32237212760604533335	     -0.04999847768833456246	     -1.46789489678531936967	      0.41887476677178553386	      0.34629588499660796108	      0.65183324634023431798	      0.74042494570483086136	     -0.21488421990918321614	     -0.00704250731239611325	      0.87587775465952688592	      6.23016121235682707180	     -0.47011853706513323514
      1.08999999999999053202	      0.14663615525554804520	      0.14663615525554804520	      0.14663615525554804520	     -0.43118844236615089249	     -0.32473690575760377763	     -0.04938373824196302248	     -1.46864411207767942003	      0.41971432440505168637	      0.35105153779857539709	      0.64761110460547399725	      0.74576737876384235904	     -0.22251563192420201198	     -0.00107531014148588063	      0.85433336231146039808	      6.22736853151451708044	     -0.46409789032276693721
      1.09099999999999042188	      0.14714182098321920700	      0.14714182098321920700	      0.14714182098321920700	     -0.43297604701284514439	     -0.32709750654565455941	     -0.04874767201618752932	     -1.46931892034330124908	      0.42043821512168622068	      0.35571532526029098209	      0.64321287591139664208	      0.75115372742040409371	     -0.22998620108341377710	      0.00503344240467198598	      0.83235090127759303602	      6.22370935272181569076	     -0.45770609291213765202
      1.09199999999999031175	      0.14765389744628468205	      0.14765389744628468205	      0.14765389744628468205	     -0.43467468839572220851	     -0.32945211472754959425	     -0.04809046546949532347	     -1.46991737074682249364	      0.42104485907051936167	      0.36028459442029092674	      0.63863798251327430489	      0.75655904565827514219	     -0.23729577839561544206	      0.01128114620482661631	      0.80994492266351814092	      6.21917705386170371895	     -0.45094398887984687985
      1.09299999999999020162	      0.14817140719136773219	      0.14817140719136773219	      0.14817140719136773219	     -0.43628410406257978060	     -0.33179922391916938373	     -0.04741236965188599245	     -1.47043454312543731000	      0.42153293573368039171	      0.36474679584455321768	      0.63388362422064847834	      0.76142791004720611348	     -0.24444537559823695250	      0.01766575711162118173	      0.78713122751506192643	      6.21376747452680877615	     -0.44381697762235000626
      1.09399999999999009148	      0.14869413456938981866	      0.14869413456938981866	      0.14869413456938981866	     -0.43780342471894434508	     -0.33413704062741272915	     -0.04671361450377094215	     -1.47086857563433204277	      0.42190080932275147996	      0.36909830112587221906	      0.62894920385897734594	      0.76575422567269590957	     -0.25143470788105470870	      0.02418426333322488964	      0.76392489111087369391	      6.20747427187898725975	     -0.43632658268561647086
      1.09499999999998998135	      0.14922267874650432806	      0.14922267874650432806	      0.14922267874650432806	     -0.43923116903552889001	     -0.33646350861727791770	     -0.04599442777752540956	     -1.47122054521061396137	      0.42214658372223151650	      0.37334426262335623781	      0.62383628143751057582	      0.77008545027959873774	     -0.25826212610620480348	      0.03083267964234868638	      0.74034026012981024589	      6.20028894557943477395	     -0.42847038831792494396
      1.09599999999998987121	      0.14975707229252888109	      0.14975707229252888109	      0.14975707229252888109	     -0.44056649515078538659	     -0.33877687944296502875	     -0.04525509758925529841	     -1.47148867943625583088	      0.42226880615548595399	      0.37748266439918920501	      0.61854519193205448335	      0.77443766624831322787	     -0.26492708343168103191	      0.03760758665097815867	      0.71639286916719135956	      6.19220544699287245294	     -0.42025044884093076814
      1.09699999999998976108	      0.15029688949395902942	      0.15029688949395902942	      0.15029688949395902942	     -0.44180862784476271354	     -0.34107544313011711745	     -0.04449597169554374287	     -1.47167136445180113391	      0.42226613530613055225	      0.38151105974161236833	      0.61307624717800990322	      0.77879555294858271441	     -0.27142930933342751532	      0.04450544163183912938	      0.69209857150603315556	      6.18321797800227912489	     -0.41166948714307294299
      1.09799999999998965095	      0.15084103480941696285	      0.15084103480941696285	      0.15084103480941696285	     -0.44295750532721317461	     -0.34335780913822200322	     -0.04371745057025658993	     -1.47176386351213017711	      0.42213749056283483840	      0.38541562349799246556	      0.60742674437829480283	      0.78258259492284165670	     -0.27776979940763074639	      0.05152337443178667264	      0.66747446784753938775	      6.17332334268339710803	     -0.40273511108486342858
      1.09899999999998954081	      0.15138926628670393293	      0.15138926628670393293	      0.15138926628670393293	     -0.44401243000589313281	     -0.34562232399467812671	     -0.04291992572097449304	     -1.47176453860337264068	      0.42188157366207440502	      0.38919351674477625780	      0.60159704644213729541	      0.78579141689074016863	     -0.28394809738280635258	      0.05865750183608277324	      0.64253683114519677400	      6.16251615025837296002	     -0.39345084553712444952
      1.09999999999998943068	      0.15194224350016233283	      0.15194224350016233283	      0.15194224350016233283	     -0.44497206796735533363	     -0.34786709836705193011	     -0.04210379906733732747	     -1.47167472738789228970	      0.42149695674070980500	      0.39285295007864123873	      0.59559058777099693760	      0.78898605390520193392	     -0.28996223122819053675	      0.06590291446009510778	      0.61730111177024127311	      6.15078884894212052359	     -0.38381607870326628351
      1.10099999999998932054	      0.15249999702686731218	      0.15249999702686731218	      0.15249999702686731218	     -0.44583576542936464993	     -0.35009056116715026041	     -0.04126952017488892677	     -1.47149280664625292658	      0.42098244689169939114	      0.39639206623899925219	      0.58940850633525143643	      0.79218948708046765805	     -0.29581142062807541659	      0.07325532500367058775	      0.59178389496578009954	      6.13813643861072666397	     -0.37383489933779773251
      1.10199999999998921041	      0.15306206677336584021	      0.15306206677336584021	      0.15306206677336584021	     -0.44660294621969026663	     -0.35229119569196432060	     -0.04041760256273032453	     -1.47121734887701438588	      0.42033698685424841779	      0.39980852634116387234	      0.58305182832989843611	      0.79539197471400724382	     -0.30149520888835884547	      0.08071035920285601906	      0.56600203234969526100	      6.12455420580629450455	     -0.36351210516963999853
      1.10299999999998910027	      0.15362725491440262782	      0.15362725491440262782	      0.15362725491440262782	     -0.44727382860683956300	     -0.35446781111818043142	     -0.03954859310280989942	     -1.47084365755169677037	      0.41955997258975935571	      0.40308907960643280965	      0.57651814065086748329	      0.79798411855316808694	     -0.30701450574139710348	      0.08826445509044457405	      0.53997362598801301736	      6.11004018505546131479	     -0.35285770838233537772
      1.10399999999998899014	      0.15419529945148077732	      0.15419529945148077732	      0.15419529945148077732	     -0.44784794626283963570	     -0.35661897922323998467	     -0.03866304166548893001	     -1.47037019358648013423	      0.41865046663451432885	      0.40623185503061093327	      0.56980865214754483628	      0.79995897530512238838	     -0.31236861535369725429	      0.09591293264546001118	      0.51371580966231389365	      6.09459018123602813688	     -0.34187736716588656982
      1.10499999999998888001	      0.15476691826533023333	      0.15476691826533023333	      0.15476691826533023333	     -0.44832414773726891877	     -0.35874306136661682221	     -0.03776152126500794542	     -1.46979847162732135679	      0.41760731448055427029	      0.40924672599542921692	      0.56292826970632114936	      0.80191451213491526939	     -0.31755517948663591898	      0.10364997317752999706	      0.48724476069316974280	      6.07819780081199922961	     -0.33057232799218189134
      1.10599999999998876987	      0.15534212658310336819	      0.15534212658310336819	      0.15534212658310336819	     -0.44870202921590995881	     -0.36083874404270577241	     -0.03684463426647995032	     -1.46912688595812146453	      0.41642958182071515560	      0.41213204908288197936	      0.55587876859502494131	      0.80387522114647425031	     -0.32257314389291641410	      0.11147049327271878194	      0.46057777509184660847	      6.06085933867219939231	     -0.31894885177900228479
      1.10699999999998865974	      0.15592041697941944056	      0.15592041697941944056	      0.15592041697941944056	     -0.44898126918461789270	     -0.36290477759074507569	     -0.03591304505563930327	     -1.46835404486338605423	      0.41511650133999761225	      0.41488572857625805046	      0.54866175322545129855	      0.80583109024918375685	     -0.32742180333616405230	      0.11936936957833339801	      0.43373235741966287282	      6.04257141171237677213	     -0.30701393083929046091
      1.10799999999998854960	      0.15650047951277107350	      0.15650047951277107350	      0.15650047951277107350	     -0.44916240421992342791	     -0.36494022885048310600	     -0.03496742317840283165	     -1.46747523273304047997	      0.41366806338358885764	      0.41749690714251042056	      0.54127537617263987713	      0.80714523921027614417	     -0.33210189097018688598	      0.12734241499098408745	      0.40672722195662636135	      6.02333347641151650720	     -0.29477998981009473356
      1.10899999999998843947	      0.15708201120591896993	      0.15708201120591896993	      0.15708201120591896993	     -0.44924523381246445064	     -0.36694395520436995373	     -0.03400845627357941547	     -1.46648893107720068585	      0.41208364937654329285	      0.41996475400964167202	      0.53372158246469814102	      0.80781327938559788215	     -0.33661242268928265320	      0.13538420370748183164	      0.37957998055279362770	      6.00314273208053439390	     -0.28225484809912293471
      1.10999999999998832934	      0.15766575973784688336	      0.15766575973784688336	      0.15766575973784688336	     -0.44922881494500371824	     -0.36891463029948406982	     -0.03303687152757159295	     -1.46539675542489855609	      0.41036216326327984438	      0.42229911699683703175	      0.52600626258551863579	      0.80846859725697783894	     -0.34095064993429308187	      0.14348804479339682949	      0.35230716072496615077	      5.98199414025875420009	     -0.26944164321345648316
      1.11099999999998821920	      0.15825169520255630284	      0.15825169520255630284	      0.15825169520255630284	     -0.44911302667753011386	     -0.37085124884823877922	     -0.03205340020813944590	     -1.46419706647823066881	      0.40850291570535823826	      0.42449875907120826479	      0.51813167481610711285	      0.80913069206858312388	     -0.34511524564766576928	      0.15164812683190018183	      0.32492639517164190188	      5.95988547851699657087	     -0.25634883090353782764
      1.11199999999998810907	      0.15883923430132496080	      0.15883923430132496080	      0.15883923430132496080	     -0.44889782967935504265	     -0.37275287261440886999	     -0.03105882708918713403	     -1.46288843207280128134	      0.40650540989230798949	      0.42656209498062247487	      0.51009988358697166966	      0.80978326987389026570	     -0.34910522646577207828	      0.15985864266503377329	      0.29745545650394844550	      5.93681487941941465891	     -0.24298559171785574784
      1.11299999999998799893	      0.15942694376058996752	      0.15942694376058996752	      0.15942694376058996752	     -0.44858406391000837932	     -0.37461885297157082597	     -0.03005390733772331929	     -1.46146619876839167773	      0.40437021096321718039	      0.42848191557806725172	      0.50190993951511153615	      0.80978473284945895472	     -0.35292106924625171738	      0.16811479150675204264	      0.26991321148952940323	      5.91278331182424565782	     -0.22936654566319200632
      1.11399999999998788880	      0.16001445867135918877	      0.16001445867135918877	      0.16001445867135918877	     -0.44817179719688626793	     -0.37644836489793187528	     -0.02903943454106140340	     -1.45992888902965445297	      0.40209695856240340595	      0.43025840601048709333	      0.49356440720545202705	      0.80913483986828793615	     -0.35656150609469861035	      0.17641045639457902938	      0.24231734615429104118	      5.88778950408014001283	     -0.21550157450394458181
      1.11499999999998777866	      0.16060252899772040069	      0.16060252899772040069	      0.16060252899772040069	     -0.44766031129173528003	     -0.37824043026902010034	     -0.02801626367524217079	     -1.45827819367389621696	      0.39968449324287225188	      0.43189996225898374949	      0.48506959685407646798	      0.80848463060267683478	     -0.36002348917781523685	      0.18473817471620196384	      0.21468438912535628416	      5.86182994574398286147	     -0.20139571697572639097
      1.11599999999998766853	      0.16119106618031295297	      0.16119106618031295297	      0.16119106618031295297	     -0.44704976273330576664	     -0.37999437203816838204	     -0.02698522230098883076	     -1.45651252470089853652	      0.39713237749357477302	      0.43340602989486570751	      0.47642810316874667498	      0.80784475673664957185	     -0.36330548641007787136	      0.19309149612820980524	      0.18703192011526428851	      5.83490400731524339051	     -0.18705950062207415963
      1.11699999999998755840	      0.16177939976110744524	      0.16177939976110744524	      0.16177939976110744524	     -0.44634038626951905160	     -0.38170957822823192718	     -0.02594717722545927807	     -1.45463046629092640494	      0.39444037615925148232	      0.43477585417970043835	      0.46764234286352540648	      0.80719008237546341356	     -0.36640627143053555725	      0.20146400747499726425	      0.15937757743307051639	      5.80701144643082312058	     -0.17250413788503085599
      1.11799999999998744826	      0.16236598903824006612	      0.16236598903824006612	      0.16236598903824006612	     -0.44553327008579612922	     -0.38338568591513411121	     -0.02490292893300238494	     -1.45262764705185798420	      0.39160951645770364360	      0.43600615566515826815	      0.45871257468179521544	      0.80590379255960897797	     -0.36932605126610656976	      0.20985031156256722662	      0.13173990907719609900	      5.77815476204078581901	     -0.15774606384229392098
      1.11899999999998733813	      0.16295041513613708895	      0.16295041513613708895	      0.16295041513613708895	     -0.44462872782033846519	     -0.38502219216604233187	     -0.02385334223909568729	     -1.45050277243349556855	      0.38863967922961478729	      0.43709802916615864143	      0.44964183815635672126	      0.80398990351479826533	     -0.37206336906479015036	      0.21824370764458245198	      0.10413628630109914019	      5.74833429186584776716	     -0.14279701173795361635
      1.11999999999998722799	      0.16353342979823939918	      0.16353342979823939918	      0.16353342979823939918	     -0.44362627704135620954	     -0.38661847446385561033	     -0.02279937027230978519	     -1.44825766833491198504	      0.38552969824591981629	      0.43805771383451658219	      0.44043624981286877418	      0.80208755206272031035	     -0.37461508144683003385	      0.22663616533423375232	      0.07658293080366887495	      5.71754820089941784289	     -0.12766388906330100594
      1.12099999999998711786	      0.16411491192371155390	      0.16411491192371155390	      0.16411491192371155390	     -0.44252632545796688479	     -0.38817417478339205639	     -0.02174190416342652171	     -1.44589102197009755635	      0.38227948207506434741	      0.43888573434693028963	      0.43109865262208679759	      0.80020005497718160736	     -0.37697960838350297319	      0.23502076280248923590	      0.04909699771917298838	      5.68579751218694617876	     -0.11235905110935966167
      1.12199999999998700773	      0.16469413482316228037	      0.16469413482316228037	      0.16469413482316228037	     -0.44132936022171559420	     -0.38968899416122837476	     -0.02068185679063025070	     -1.44340163527268905419	      0.37888913758266290488	      0.43958255453913314126	      0.42163176125963341967	      0.79829640089103248712	     -0.37915562125403612370	      0.24339064350672570680	      0.02169561033587193155	      5.65308367511872233990	     -0.09689547975105150535
      1.12299999999998689759	      0.16526950677119919830	      0.16526950677119919830	      0.16526950677119919830	     -0.44003666742307168125	     -0.39116283665383011492	     -0.01962004051224226775	     -1.44078570829739627257	      0.37536002366425486043	      0.44014786873922484567	      0.41203712700789701939	      0.79580462826549103195	     -0.38114318819332587696	      0.25173994218194678529	     -0.00560341756796064669	      5.61941074735860901512	     -0.08129104247278279294
      1.12399999999998678746	      0.16584060338334205564	      0.16584060338334205564	      0.16584060338334205564	     -0.43864878886987224149	     -0.39259549944670579791	     -0.01855735998493021968	     -1.43804236541562646678	      0.37169235192936350698	      0.44058353412508421965	      0.40231809761452319574	      0.79273147353199646670	     -0.38294087668740844910	      0.26006160270438599680	     -0.03278337395861453257	      5.58478075130667139803	     -0.06555907202142195744
      1.12499999999998667732	      0.16640821320102161529	      0.16640821320102161529	      0.16640821320102161529	     -0.43716549627437228942	     -0.39398669082556059262	     -0.01749483555805285764	     -1.43517372361575201722	      0.36788524257404925377	      0.44089409036059629132	      0.39248014081430848687	      0.78967848580760513499	     -0.38454573567278005353	      0.26834735674815896056	     -0.05982861892049824715	      5.54919365881930470863	     -0.04970823684259413622
      1.12599999999998656719	      0.16697224484313841208	      0.16697224484313841208	      0.16697224484313841208	     -0.43558742503566794113	     -0.39533633554824237910	     -0.01643339038413784217	     -1.43217904325495681839	      0.36393910721037486811	      0.44108131518518312042	      0.38252631048513435763	      0.78664707488422036530	     -0.38595637525596770967	      0.27659008356318182109	     -0.08672275835292082846	      5.51265220369176756066	     -0.03375240422995760825
      1.12699999999998645706	      0.16753198522973497542	      0.16753198522973497542	      0.16753198522973497542	     -0.43391529592766342471	     -0.39664440770956393978	     -0.01537395060003237009	     -1.42905763517210071534	      0.35985453787422450045	      0.44114701000971107137	      0.37245959794170918622	      0.78360667102640224613	     -0.38717160248921328458	      0.28478275300430516692	     -0.11344952366194926974	      5.47515958897330623500	     -0.01770599173411483568
      1.12799999999998634692	      0.16808587446944375787	      0.16808587446944375787	      0.16808587446944375787	     -0.43215057385267480194	     -0.39791103916383019357	     -0.01431731141091597236	     -1.42580654063575029689	      0.35563320386496921621	      0.44109238948714091233	      0.36228264908427804114	      0.78003177936155843053	     -0.38819160500932076152	      0.29291930982085789825	     -0.13999216303703029829	      5.43672150768314210723	     -0.00158796734300105727
      1.12899999999998623679	      0.16863355319748732364	      0.16863355319748732364	      0.16863355319748732364	     -0.43029402382457559995	     -0.39913627925441402811	     -0.01326438502610353086	     -1.42242556250115548266	      0.35127583159008118896	      0.44091998910342322660	      0.35199896719442197446	      0.77592977798034623582	     -0.38901525041044876518	      0.30099267394881545901	     -0.16633492580378275716	      5.39734175464820697954	      0.01458704284999243553
      1.12999999999998612665	      0.16917589804216265348	      0.16917589804216265348	      0.16917589804216265348	     -0.42834568697604025189	     -0.40032011145494822424	     -0.01221622199186161994	     -1.41891732559597971708	      0.34678222543412201562	      0.44063391945184754439	      0.34161322326292192786	      0.77185564857362543023	     -0.38964006502794729103	      0.30899472149797302389	     -0.19246303193322411573	      5.35702221793640109837	      0.03080887256423373022
      1.13099999999998601652	      0.16971291560560766709	      0.16971291560560766709	      0.16971291560560766709	     -0.42630641690474169181	     -0.40146268452427869011	     -0.01117374206533893778	     -1.41528193662591461610	      0.34215344768253364016	      0.44023698792243320943	      0.33112866939165863656	      0.76781509480458864925	     -0.39006510672033967158	      0.31691846797516171064	     -0.21836115798264155163	      5.31576742329084428462	      0.04706251882459471653
      1.13199999999998590638	      0.17024398482475111560	      0.17024398482475111560	      0.17024398482475111560	     -0.42417716135918737130	     -0.40256418389824683013	     -0.01013785050315826712	     -1.41151949882552529836	      0.33739071834920342230	      0.43973204573965479769	      0.32054855317669989079	      0.76378411278339164436	     -0.39028959260247042540	      0.32475704823919976372	     -0.24401419489546147257	      5.27358240659848309662	      0.06333251821607387144
      1.13299999999998579625	      0.17076765325292711517	      0.17076765325292711517	      0.17076765325292711517	     -0.42195958358878171701	     -0.40362491209019962790	     -0.00910929490990261895	     -1.40762805956513492589	      0.33249618952286152940	      0.43912095452252425387	      0.30987618174415887395	      0.75926773130613733898	     -0.39031414021462007558	      0.33250460185172459049	     -0.26940671275804733975	      5.23047462354596603973	      0.07959909329027661795
      1.13399999999998568612	      0.17128368539666899428	      0.17128368539666899428	      0.17128368539666899428	     -0.41965468215458867629	     -0.40464510568322459294	     -0.00808895893180338992	     -1.40360829075722115533	      0.32747129771825350675	      0.43840687800555822040	      0.29911509290070115163	      0.75427213742935850238	     -0.39013817491996821696	      0.34015438356340477188	     -0.29452420592938050037	      5.18644974660454227688	      0.09584669049444836941
      1.13499999999998557598	      0.17179308257835088081	      0.17179308257835088081	      0.17179308257835088081	     -0.41726277328560318347	     -0.40562495304258566753	     -0.00707788126280255517	     -1.39946351012196656960	      0.32231676973764233907	      0.43759439916334363918	      0.28826931215120099594	      0.74931535513999991682	     -0.38975989545117017965	      0.34769874100725201016	     -0.31935306048428868664	      5.14151166951293259189	      0.11206406932372812990
      1.13599999999998546585	      0.17229598925849345936	      0.17229598925849345936	      0.17229598925849345936	     -0.41478493358841733718	     -0.40656476302548311130	     -0.00607694157655878919	     -1.39519480190135980457	      0.31703441199026760611	      0.43668705531821866428	      0.27734229271401922290	      0.74441272855952966836	     -0.38917898721773852566	      0.35513113637455728799	     -0.34387931633512552887	      5.09566680616149181304	      0.12823551025252508118
      1.13699999999998535571	      0.17279192762460598987	      0.17279192762460598987	      0.17279192762460598987	     -0.41222233892481513484	     -0.40746487025886007904	     -0.00508699400394092838	     -1.39080320538317403489	      0.31162616915623708724	      0.43568841194965096664	      0.26633750158056851420	      0.73955118898227534263	     -0.38839527668241452529	      0.36244518297394046069	     -0.36808929948008067834	      5.04892210678711084171	      0.14434492137394513978
      1.13799999999998524558	      0.17327958645473270916	      0.17327958645473270916	      0.17327958645473270916	     -0.40957688813179621290	     -0.40832569538814506016	     -0.00410871305242489250	     -1.38628773127363635886	      0.30609490347824142020	      0.43460071910176711896	      0.25525826675278395772	      0.73423859219128950748	     -0.38741005202768574733	      0.36963558161633403021	     -0.39196912195638744514	      5.00128693202681073871	      0.16037196364428946138
      1.13899999999998513545	      0.17375887182346577697	      0.17375887182346577697	      0.17375887182346577697	     -0.40684982273787079210	     -0.40914760770325264705	     -0.00314292487652576176	     -1.38164992575291201149	      0.30044284797705911316	      0.43342770652917705920	      0.24410804305665165237	      0.72847932292418793310	     -0.38622342352638372454	      0.37669619661120373744	     -0.41550579216010047334	      4.95276892318046080277	      0.17630054670514705428
      1.13999999999998502531	      0.17423091064349979784	      0.17423091064349979784	      0.17423091064349979784	     -0.40404171775503755493	     -0.40993094479049335677	     -0.00219062392915349465	     -1.37689384170380857420	      0.29467161792608292936	      0.43217471119280453928	      0.23289059877862341996	      0.72278028789315162950	     -0.38483427191839758574	      0.38362002751206913942	     -0.43868717912928240077	      4.90337402156885548976	      0.19211888622185041564
      1.14099999999998491518	      0.17469597412129170277	      0.17469597412129170277	      0.17469597412129170277	     -0.40115388212121272371	     -0.41067613098353733525	     -0.00125262337699572589	     -1.37202142901065737846	      0.28878374315579480314	      0.43084574427967836652	      0.22160950097711951123	      0.71716681735091702965	     -0.38324294185824664405	      0.39040118848270755070	     -0.46150095644227789871	      4.85311061817541755659	      0.20781094894541940477
      1.14199999999998480504	      0.17515372653059527175	      0.17515372653059527175	      0.17515372653059527175	     -0.39818772421975684450	     -0.41138360797076717335	     -0.00032970777383613953	     -1.36703456852267946076	      0.28278188427043549069	      0.42944482215569634853	      0.21026829574599628647	      0.71163568792380693662	     -0.38144992600697635865	      0.39703397996338724019	     -0.48393513502979906837	      4.80198764733874750021	      0.22336041512160664801
      1.14299999999998469491	      0.17560297829188006857	      0.17560297829188006857	      0.17560297829188006857	     -0.39514541027679633833	     -0.41205387926490910644	      0.00057753660267710095	     -1.36193298762615655484	      0.27666975124443743406	      0.42797475076693558549	      0.19886968474859914591	      0.70567412551146224686	     -0.37945726440611982078	      0.40351390558979610690	     -0.50597758517541258083	      4.75001648178835367275	      0.23874666753495871196
      1.14399999999998458478	      0.17604374549455731325	      0.17604374549455731325	      0.17604374549455731325	     -0.39202843034668066746	     -0.41268741306628642374	      0.00146835834039897757	     -1.35671890383898152699	      0.27045030693583854697	      0.42643972188767192977	      0.18741691946843577754	      0.69928561984879467062	     -0.37726572030159327698	      0.40983558059261571138	     -0.52761709003655554717	      4.69720679510633409848	      0.25395349779500181464
      1.14499999999998447464	      0.17647724241619930363	      0.17647724241619930363	      0.17647724241619930363	     -0.38883759499047532149	     -0.41328466359343002390	      0.00234182561194672990	     -1.35139696142030385495	      0.26412579327913077165	      0.42484553187129203700	      0.17591393472631988715	      0.69299292967304115809	     -0.37487471525081023094	      0.41599269858850124182	     -0.54884330518879109739	      4.64356659027402773887	      0.26896914019706186227
      1.14599999999998436451	      0.17690381246020731032	      0.17690381246020731032	      0.17690381246020731032	     -0.38557445776422616390	     -0.41384614714245521183	      0.00319720543127769222	     -1.34596965561005199596	      0.25769934921365039715	      0.42319650461468988345	      0.16436419162680765416	      0.68682710026084325960	     -0.37228515787635474421	      0.42198012030840997832	     -0.56964579023069528141	      4.58910630327139212881	      0.28377764735096139281
      1.14699999999998425437	      0.17732321277138185511	      0.17732321277138185511	      0.17732321277138185511	     -0.38224066758153518730	     -0.41437239102259315615	      0.00403379015298212414	     -1.34043940070473488468	      0.25117424854957620672	      0.42149695362620615002	      0.15277105262578000167	      0.68078935682484253977	     -0.36949813030775158218	      0.42779292959976766841	     -0.59001447709880783243	      4.53383690392156513127	      0.29836286961146368801
      1.14799999999998414424	      0.17773431769250055967	      0.17773431769250055967	      0.17773431769250055967	     -0.37883866940955668312	     -0.41486396264254826738	      0.00485108778638953207	     -1.33480627924609862589	      0.24455497888470562051	      0.41975031563524178857	      0.14113620082017253043	      0.67433788516005255254	     -0.36651634087075318780	      0.43342752247811011657	     -0.60993922713133463809	      4.47777182996454836683	      0.31270429293166862594
      1.14899999999998403410	      0.17813719085067014625	      0.17813719085067014625	      0.17813719085067014625	     -0.37537020087219191700	     -0.41532141245120651751	      0.00564842834011634529	     -1.32907283337830617320	      0.23784504957995938890	      0.41796107083644151725	      0.12946255172309872883	      0.66747681303442174539	     -0.36334105966252017161	      0.43887930345450393288	     -0.62941084252038981273	      4.42092281754030747010	      0.32678603187759097670
      1.14999999999998392397	      0.17853307460506159798	      0.17853307460506159798	      0.17853307460506159798	     -0.37183628945233593299	     -0.41574529493996797980	      0.00642494968619216310	     -1.32324400123182717159	      0.23104702216933992176	      0.41613499441584844707	      0.11775437879713612777	      0.66075891360711391798	     -0.35997205140062382700	      0.44414265231781308030	     -0.64842101951043595864	      4.36329992913539310706	      0.34059685384573529232
      1.15099999999998381384	      0.17892231589119270141	      0.17892231589119270141	      0.17892231589119270141	     -0.36823873732239387202	     -0.41613620300543857633	      0.00718000693432439482	     -1.31732242262458809634	      0.22416452654457444393	      0.41427683547038762768	      0.10601476250886315844	      0.65421565659936431469	     -0.35641063210454687615	      0.44921321454676299556	     -0.66696142474668851374	      4.30491566997038166420	      0.35412130973958638736
      1.15199999999998370370	      0.17930469517563327186	      0.17930469517563327186	      0.17930469517563327186	     -0.36457943582441504349	     -0.41649473187212260328	      0.00791297903647090496	     -1.31131065757274467565	      0.21720132923118970480	      0.41239130594978151700	      0.09424659560291499816	      0.64784708343635488692	     -0.35265832744758152106	      0.45408689018052356134	     -0.68502412409723889564	      4.24578305616121287613	      0.36734383419805588522
      1.15299999999998359357	      0.17967908521128514443	      0.17967908521128514443	      0.17967908521128514443	     -0.36086109199046478846	     -0.41682149106251387138	      0.00862348300539945989	     -1.30520881004869671038	      0.21016235305546981937	      0.41048172038716879140	      0.08245045327691419290	      0.64108862629232521435	     -0.34871835368988379766	      0.45876095793295268432	     -0.70260119698433909363	      4.18591757709650114094	      0.38024448797220172791
      1.15399999999998348343	      0.18004553632343434089	      0.18004553632343434089	      0.18004553632343434089	     -0.35708567767822402272	     -0.41711708791305107669	      0.00931094841585230516	     -1.29901941628224015801	      0.20305144279102113614	      0.40855262818248072598	      0.07062877414705717727	      0.63394621867881761901	     -0.34459233570306413430	      0.46323162465993855674	     -0.71968566522671340024	      4.12533300665314861533	      0.39280816499595694324
      1.15499999999998337330	      0.18040526966358289007	      0.18040526966358289007	      0.18040526966358289007	     -0.35325442171822074577	     -0.41738214678019863735	      0.00997460351982380755	     -1.29274741150550309676	      0.19587137866485879178	      0.40660994005930828354	      0.05878602288529699571	      0.62700104071848905551	     -0.34028024706344428552	      0.46749399776372735360	     -0.73627143897507496551	      4.06404142166923598722	      0.40502461993653859906
      1.15599999999998326317	      0.18075858779942977073	      0.18075858779942977073	      0.18075858779942977073	     -0.34936935923728096309	     -0.41761730155408210985	      0.01061391772723228703	     -1.28639527831609146169	      0.18862618510813269901	      0.40465890041450469639	      0.04692461948945253480	      0.62027999147652634893	     -0.33578370479410896143	      0.47154456132672389890	     -0.75235245362587976903	      4.00205734846264782334	      0.41687933464088433588
      1.15699999999998315303	      0.18110524128564425839	      0.18110524128564425839	      0.18110524128564425839	     -0.34543260745498199915	     -0.41782317582042866055	      0.01122838918378346248	     -1.27996542351410957927	      0.18132000082954197184	      0.40270464496200081284	      0.03504672162465568425	      0.61377737659499553846	     -0.33110456749088751360	      0.47538006999453358281	     -0.76792306851473279838	      3.93939579101798020844	      0.42835776562375743604
      1.15799999999998304290	      0.18144406479859423453	      0.18144406479859423453	      0.18144406479859423453	     -0.34144708573529575224	     -0.41800037631224651324	      0.01181778092066022162	     -1.27345779150373394906	      0.17395770606773111600	      0.40074904416529938400	      0.02315197326171444803	      0.60692290073584898025	     -0.32624641978131774245	      0.47899866296214832495	     -0.78297775389758961229	      3.87607418932193770189	      0.43944109444115819763
      1.15899999999998293276	      0.18177506774996371464	      0.18177506774996371464	      0.18177506774996371464	     -0.33741496460654429868	     -0.41814951644473202785	      0.01238166049493670366	     -1.26687471199742907046	      0.16654333991132513892	      0.39879655616693049369	      0.01124217635327887793	      0.59972457016558600174	     -0.32121116501346130834	      0.48239740884840320856	     -0.79751187297951120492	      3.81210825224643423681	      0.45011546357309023536
      1.15999999999998282263	      0.18209943415570761793	      0.18209943415570761793	      0.18209943415570761793	     -0.33333765063057313460	     -0.41827123306371277733	      0.01291938535720198178	     -1.26022091589595519601	      0.15908009100149836379	      0.39685414740964064517	     -0.00067847514912513368	      0.59277667762324481870	     -0.31599897946916843949	      0.48557228555225917521	     -0.81152162253649628987	      3.74751196057782864912	      0.46037201593376181341
      1.16099999999998271250	      0.18241741830941091140	      0.18241741830941091140	      0.18241741830941091140	     -0.32921736480085089793	     -0.41836613842790787432	      0.01343058229862713164	     -1.25349860458876971592	      0.15157228935558064720	      0.39492729460144698761	     -0.01260848746930398091	      0.58609887126472337560	     -0.31061177586389543404	      0.48852072198492568766	     -0.82500328593583893699	      3.68230172429160740322	      0.47019762367338169273
      1.16199999999998260236	      0.18272872919797020219	      0.18272872919797020219	      0.18272872919797020219	     -0.32505640314544587133	     -0.41843481885553179822	      0.01391491884904841672	     -1.24670989412583899103	      0.14402431908924812065	      0.39302124214219391618	     -0.02454667256712885631	      0.57967799641216632978	     -0.30505171981186579577	      0.49124041267553036905	     -0.83795359642633426844	      3.61649439263491245811	      0.47957923030963239830
      1.16299999999998249223	      0.18303217281861405841	      0.18303217281861405841	      0.18303217281861405841	     -0.32085782187933781229	     -0.41847780816525814718	      0.01437235580845432244	     -1.23985455140667744089	      0.13644068376529433495	      0.39113555820290196730	     -0.03649402255442793508	      0.57295744375514590097	     -0.29932270324296683661	      0.49373039660985790222	     -0.85036949474009770888	      3.55010916866796888414	      0.48849971247055540280
      1.16399999999998238209	      0.18332773396342583183	      0.18332773396342583183	      0.18332773396342583183	     -0.31662393020614953976	     -0.41849564991518556356	      0.01480265022098331551	     -1.23293465840886229401	      0.12882557620002016430	      0.38927452452846356135	     -0.04844957135714886287	      0.56594653082720169923	     -0.29342694140248770651	      0.49598872918712738622	     -0.86224871848481521308	      3.48316351221761077994	      0.49694693194229894173
      1.16499999999998227196	      0.18361658064332814222	      0.18361658064332814222	      0.18361658064332814222	     -0.31235626983840308890	     -0.41848891255090325814	      0.01520533887169747689	     -1.22595467648216782663	      0.12118286154416485489	      0.38744691828641281139	     -0.06041008013231460860	      0.55923141694109990141	     -0.28736494213295393774	      0.49801246640322005543	     -0.87358974048932214185	      3.41567312729990213427	      0.50491378694517641268
      1.16599999999998216182	      0.18389895779686993293	      0.18389895779686993293	      0.18389895779686993293	     -0.30805717455952363881	     -0.41845810416481848959	      0.01558025506599105062	     -1.21891657911758022337	      0.11351710244497338620	      0.38565798620136748642	     -0.07237516466928441139	      0.55282552694807518545	     -0.28113901099184168686	      0.49980012666756945539	     -0.88439118931973703663	      3.34765608736346820251	      0.51238901089521926568
      1.16699999999998205169	      0.18417456574499757593	      0.18417456574499757593	      0.18417456574499757593	     -0.30372904751519963495	     -0.41840369258473569802	      0.01592728628557223136	     -1.21182222052395260903	      0.10583282707207494755	      0.38391260218103534507	     -0.08434474590929166848	      0.54671024846425142485	     -0.27475169006374533520	      0.50135047003354715756	     -0.89465216552794957217	      3.27913086890363869585	      0.51936150157359528556
      1.16799999999998194156	      0.18444223004534687771	      0.18444223004534687771	      0.18444223004534687771	     -0.29937500015391022012	     -0.41832605951812190659	      0.01624663514222018934	     -1.20467127100700466258	      0.09813411309281833139	      0.38220813042801454751	     -0.09632028642843797062	      0.54035437795937724115	     -0.26820722904853816493	      0.50266354214797048794	     -0.90437205323909686250	      3.21011819884119020685	      0.52581634300427837481
      1.16899999999998183142	      0.18470195986703896729	      0.18470195986703896729	      0.18470195986703896729	     -0.29499740939765733971	     -0.41822559982449331040	      0.01653828574137120380	     -1.19746563814017292771	      0.09042533222143320226	      0.38054860273340984644	     -0.10830184804908196683	      0.53376698862634119891	     -0.26150828242568885385	      0.50373853259633549762	     -0.91355091026250767605	      3.14063705336229936904	      0.53174354731681960917
      1.16999999999998172129	      0.18495495073377682393	      0.18495495073377682393	      0.18495495073377682393	     -0.29059789665322904861	     -0.41810273642785616977	      0.01680198543714624126	     -1.19020955849661125292	      0.08271114924623008957	      0.37894450973813459393	     -0.12028772330798946644	      0.52750961730375556247	     -0.25465588715848080925	      0.50457375809584215087	     -0.92218940764474499616	      3.07070463513452374116	      0.53713810987900689753
      1.17099999999998161115	      0.18520149599540366991	      0.18520149599540366991	      0.18520149599540366991	     -0.28617883123983284266	     -0.41795780101912349824	      0.01703779722134483518	     -1.18290491074994119636	      0.07499628518232075158	      0.37740038858698876645	     -0.13227867922550268220	      0.52159279185695495151	     -0.24765289396328829530	      0.50516894429865366600	     -0.93028843839464625542	      3.00034042925157651283	      0.54199105338077480098
      1.17199999999998150102	      0.18544134321049116076	      0.18544134321049116076	      0.18544134321049116076	     -0.28174264824181943778	     -0.41779107528607223321	      0.01724584708608740621	     -1.17555339829871674517	      0.06728533248573630166	      0.37592029652839703546	     -0.14427574760558256606	      0.51599631796417677609	     -0.24050235292982630186	      0.50552402239341209800	     -0.93784937749506336324	      2.92956429311862853737	      0.54629364463718232958
      1.17299999999998139089	      0.18567339781533412357	      0.18567339781533412357	      0.18567339781533412357	     -0.27729245056399909330	     -0.41760272642186901937	      0.01742658854921083286	     -1.16815467763328562079	      0.05958215954087518057	      0.37450034968382828193	     -0.15628091232130278398	      0.51021483416325263960	     -0.23320900489706961056	      0.50564016360978158993	     -0.94487392812725357061	      2.85839823135687876032	      0.55003356455042962114
      1.17399999999998128075	      0.18589774648366519383	      0.18589774648366519383	      0.18589774648366519383	     -0.27283061936115171608	     -0.41739294145896627120	      0.01758023717695649316	     -1.16071058485870515220	      0.05189133356501550443	      0.37314422171428374142	     -0.16829536934457622888	      0.50425573475640605992	     -0.22577610890099533703	      0.50551778529096658144	     -0.95136434682345405456	      2.78686249046477385605	      0.55320333070806571030
      1.17499999999998117062	      0.18611565215651607041	      0.18611565215651607041	      0.18611565215651607041	     -0.26835879679297913736	     -0.41716194259111621934	      0.01770675207397112705	     -1.15322523058887060898	      0.04421815383928427712	      0.37186309117079319186	     -0.18031914519920755335	      0.49865095216530530564	     -0.21820541924482264595	      0.50515652851792680611	     -0.95732338762573288005	      2.71497553150887327433	      0.55580034954660095803
      1.17599999999998106048	      0.18632750220482124925	      0.18632750220482124925	      0.18632750220482124925	     -0.26387932654133755550	     -0.41690983569935463615	      0.01780641919208593438	     -1.14570051796258098875	      0.03656740684179081435	      0.37066044548998894337	     -0.19235409677756290514	      0.49341136399997942430	     -0.21050048873678325889	      0.50455735856353156610	     -0.96275407846652372168	      2.64275799965137281333	      0.55781827586501120386
      1.17699999999998095035	      0.18653314142742907777	      0.18653314142742907777	      0.18653314142742907777	     -0.25939461526850210449	     -0.41663667064069154211	      0.01787959063830994733	     -1.13813811472564108129	      0.02894367425826377405	      0.36953924962840067892	     -0.20440228789971834344	      0.48851839418268272475	     -0.20266502970181946020	      0.50372140861197867157	     -0.96765992319296445512	      2.57023088276149547227	      0.55925107162164411356
      1.17799999999998084022	      0.18673160173861308442	      0.18673160173861308442	      0.18673160173861308442	     -0.25490771759334196478	     -0.41634235985028666960	      0.01792695124805567322	     -1.13053770199790148965	      0.02135089789948321076	      0.36849553942773177750	     -0.21646643993377798210	      0.48348371492558805951	     -0.19470444458671504195	      0.50265103188458892802	     -0.97204477015756174385	      2.49741722814559086174	      0.56008927386132811854
      1.17899999999998073008	      0.18692308047338634935	      0.18692308047338634935	      0.18692308047338634935	     -0.25042097255532630440	     -0.41602684690617386387	      0.01794892729983461888	     -1.12290111509061651951	      0.01379377358501513232	      0.36753241877811931859	     -0.22854887950135821528	      0.47831178502763460614	     -0.18662274767426448308	      0.50134786363765804218	     -0.97591292206963564659	      2.42433831383315911978	      0.56032817406912027725
      1.17999999999998061995	      0.18710892345955990046	      0.18710892345955990046	      0.18710892345955990046	     -0.24593599213674741111	     -0.41569012261624815885	      0.01794566957023335796	     -1.11523242063332439500	      0.00627780988664697250	      0.36666016478194013439	     -0.24065118264541315862	      0.47350969536754389244	     -0.17842253290889451001	      0.49981279356946761716	     -0.97926908552716551704	      2.35101362255863666206	      0.55996785933234782817
      1.18099999999998050981	      0.18728962793912706797	      0.18728962793912706797	      0.18728962793912706797	     -0.24145505319680332645	     -0.41533204234196618998	      0.01791766068089411038	     -1.10753359032734999268	     -0.00119223308404764732	      0.36588124606244909476	     -0.25277613626177208861	      0.46909242965482972343	     -0.17010815609662496839	      0.49804795417465325125	     -0.98211827091201664430	      2.27746472092865470671	      0.55900487285133315662
      1.18199999999998039968	      0.18746516175495206435	      0.18746516175495206435	      0.18746516175495206435	     -0.23698049130913631521	     -0.41495240288872892176	      0.01786544785642170050	     -1.09980631451051924508	     -0.00861184549922741800	      0.36519762317455239931	     -0.26492668696312332566	      0.46504620976134708465	     -0.16168410596587295958	      0.49605561516345897388	     -0.98446593995620312878	      2.20371348213112572267	      0.55743610813532640247
      1.18299999999998028954	      0.18763469785543979151	      0.18763469785543979151	      0.18763469785543979151	     -0.23251529478122714978	     -0.41455084639133255031	      0.01778991609166531360	     -1.09205024616867762965	     -0.01597693574649620973	      0.36460554850883186706	     -0.27710663664662915640	      0.46088147300989656951	     -0.15315659808848092194	      0.49383927880650652087	     -0.98631789231544908514	      2.12978378482027963514	      0.55525507661778905621
      1.18399999999998017941	      0.18779854651292307577	      0.18779854651292307577	      0.18779854651292307577	     -0.22806172658806458942	     -0.41412706385091740957	      0.01769167395798003362	     -1.08426720904977735849	     -0.02328284599423115567	      0.36410727410317206276	     -0.28931935489912030679	      0.45659885860487531284	     -0.14453047679265021430	      0.49140168755873836481	     -0.98768030673919204876	      2.05569770401517892822	      0.55246002927527337878
      1.18499999999998006928	      0.18795812514675799831	      0.18795812514675799831	      0.18795812514675799831	     -0.22362131791847186801	     -0.41368081216519542176	      0.01757103986781680116	     -1.07646124517603980486	     -0.03052430322817144617	      0.36371115008507726163	     -0.30156747314426857187	      0.45269607667468608758	     -0.13580916781183663411	      0.48874479585893448874	     -0.98855969424540435231	      1.98147548998121392216	      0.54905398158787765972
      1.18599999999997995914	      0.18811402401349430757	      0.18811402401349430757	      0.18811402401349430757	     -0.21919624646240543075	     -0.41321170014039132479	      0.01742866874994949966	     -1.06863432461716056920	     -0.03769666480625383231	      0.36341894417870140854	     -0.31385454927601197372	      0.44919461394774035101	     -0.12699782622345345828	      0.48587175493923012715	     -0.98896287232478075069	      1.90713938789847281541	      0.54503654373334986527
      1.18699999999997984901	      0.18826633142699664147	      0.18826633142699664147	      0.18826633142699664147	     -0.21478874012420270945	     -0.41271928015705205972	      0.01726527610652350483	     -1.06078811982713849815	     -0.04479555972181485657	      0.36323193942057790951	     -0.32618429040107538297	      0.44608685066102399253	     -0.11810173867635842537	      0.48278583006885250617	     -0.98889706642333530251	      1.83271189612569673777	      0.54040770229207490960
      1.18799999999997973887	      0.18841434791184819009	      0.18841434791184819009	      0.18841434791184819009	     -0.21040170149938963728	     -0.41220293867620405592	      0.01708192569272470873	     -1.05292210958086296380	     -0.05181701766527873482	      0.36314562746468898036	     -0.33856195179664411166	      0.44285951047386701296	     -0.10912800063097027881	      0.47949155373291812987	     -0.98836981580653016088	      1.75821750524361375412	      0.53516397227272605175
      1.18899999999997962874	      0.18855847457079780161	      0.18855847457079780161	      0.18855847457079780161	     -0.20603727965631932206	     -0.41166213555611413932	      0.01687938924462577955	     -1.04503799816188980287	     -0.05875663789734957704	      0.36316119823740589112	     -0.35099182406500839537	      0.43950905411954355184	     -0.10008224455167914757	      0.47599260468093429477	     -0.98738897285988680430	      1.68367883101178184013	      0.52930668616191467457
      1.18999999999997951861	      0.18870017078930376164	      0.18870017078930376164	      0.18870017078930376164	     -0.20169686739441258783	     -0.41109642133215834603	      0.01665813605479790280	     -1.03713973504946621595	     -0.06560957982953156964	      0.36328545153487573627	     -0.36347697350689184281	      0.43654525177063635555	     -0.09096857859371328126	      0.47229178537548160977	     -0.98596265802179228199	      1.60911659994303546384	      0.52284199946750742338
      1.19099999999997940847	      0.18884008333983454131	      0.18884008333983454131	      0.18884008333983454131	     -0.19738250299811047062	     -0.41050519152166525805	      0.01641897917275813440	     -1.02922911373752468123	     -0.07237147371623574299	      0.36351957741004303770	     -0.37602163557678924821	      0.43399656374901451894	     -0.08179284259499362830	      0.46839308887467628884	     -0.98409927463612911769	      1.53455347436175815190	      0.51577268426137434787
      1.19199999999997929834	      0.18897839937965099644	      0.18897839937965099644	      0.18897839937965099644	     -0.19309626226444182029	     -0.40988779171696015924	      0.01616278587074888862	     -1.02130764527848860723	     -0.07903823209645703673	      0.36386426419646644703	     -0.38863022012325215693	      0.43186075595454664899	     -0.07256103463161864275	      0.46430060667551054099	     -0.98180757240839788835	      1.46001230018591487969	      0.50810189415683215675
      1.19299999999997918820	      0.18911451688011418626	      0.18911451688011418626	      0.18911451688011418626	     -0.18884093128984841270	     -0.40924339350037641783	      0.01589078961970457823	     -1.01337440809897549876	     -0.08560639773815016673	      0.36431298006550805191	     -0.40130964740571761773	      0.42957895330852097215	     -0.06328108117543024269	      0.46001975792184646163	     -0.97909657460608978674	      1.38551794464535871221	      0.49982910112857237284
      1.19399999999997907807	      0.18924889406529873948	      0.18924889406529873948	      0.18924889406529873948	     -0.18461849513181796678	     -0.40857127283116090322	      0.01560391531069495186	     -1.00543079421085468361	     -0.09207202345421103273	      0.36486582383355836701	     -0.41406498063342900284	      0.42714367380868001334	     -0.05395924975786979549	      0.45555498437883684693	     -0.97597554784022111374	      1.31109328615775266869	      0.49095876756954803799
      1.19499999999997896794	      0.18938299763389096486	      0.18938299763389096486	      0.18938299763389096486	     -0.18043013782325703631	     -0.40787082671299595971	      0.01530277123133182496	     -0.99748051631828749120	     -0.09843069777291633959	      0.36552923567351530698	     -0.42689918532696008446	      0.42509959858982770964	     -0.04460008125058324141	      0.45090973584771437688	     -0.97245395878477391971	      1.23675920366475278200	      0.48150033408926162792
      1.19599999999997885780	      0.18951748818017244425	      0.18951748818017244425	      0.18951748818017244425	     -0.17627770653286517488	     -0.40714129285101779976	      0.01498832201210603156	     -0.98952494707142102381	     -0.10467852332573518437	      0.36630368182733274995	     -0.43981712292808539111	      0.42348010800510443863	     -0.03520990579992989283	      0.44608868691583014598	     -0.96854151272251365334	      1.16253849664822750398	      0.47145973883510400304
      1.19699999999997874767	      0.18965262141913913352	      0.18965262141913913352	      0.18965262141913913352	     -0.17216307100661376595	     -0.40638186810739779231	      0.01466157857102097159	     -0.98156521418666231593	     -0.11081189315380457483	      0.36718906293515379824	     -0.45282387663873779893	      0.42228518345963633740	     -0.02579525751538835204	      0.44109660080994461673	     -0.96424818656387922822	      1.08845406774110542436	      0.46084328513074906963
      1.19799999999997863753	      0.18978786239913122968	      0.18978786239913122968	      0.18978786239913122968	     -0.16808885297481829246	     -0.40559156646604210827	      0.01432394130159964779	     -0.97359973910093045024	     -0.11682814626877309483	      0.36817624746708427219	     -0.46592799366056003585	      0.42089597531200917402	     -0.01636473476720172460	      0.43593964231276144394	     -0.95958418106242104884	      1.01453089659539319456	      0.44965331594742774524
      1.19899999999997852740	      0.18992369319753635293	      0.18992369319753635293	      0.18992369319753635293	     -0.16405681564569044029	     -0.40476953930508241530	      0.01397648150077215878	     -0.96562937564099216026	     -0.12272393536086780019	      0.36926434693516524410	     -0.47913515799493161529	      0.41930186052177342848	     -0.00692501981689092744	      0.43062286441342967347	     -0.95455986590412678083	      0.94079182384524462357	      0.43789739485489370674
      1.19999999999997841726	      0.19006155450444608968	      0.19006155450444608968	      0.19006155450444608968	     -0.16006786660532959510	     -0.40391508975809553572	      0.01361993430031565276	     -0.95765742420009281055	     -0.12849525537947759091	      0.37046036090815953612	     -0.49244793815831872097	      0.41809950962511904793	      0.00251918691523000601	      0.42515020054550978212	     -0.94918574132003408206	      0.86725753916899028795	      0.42558828304699258815
      1.20099999999997830713	      0.19020208330634474914	      0.19020208330634474914	      0.19020208330634474914	     -0.15612361171664670967	     -0.40302735267036454703	      0.01325540901614704996	     -0.94968460065979831697	     -0.13413887978351982100	      0.37176375525534588462	     -0.50587176886504003903	      0.41732390803400559731	      0.01196128742180664964	      0.41952687023721535464	     -0.94347249653602727193	      0.79395068010526703706	      0.41273500405573204652
      1.20199999999997819700	      0.19034557433632276480	      0.19034557433632276480	      0.19034557433632276480	     -0.15222566757440092466	     -0.40210542796247500386	      0.01288405233610139845	     -0.94171142433649990267	     -0.13965187371747106448	      0.37317335407725510388	     -0.51941235709414412813	      0.41697327239354775585	      0.02139443004136991344	      0.41375817657766794655	     -0.93743101638575987433	      0.72089390406875852868	      0.39934691031940172667
      1.20299999999997808686	      0.19049153703981508423	      0.19049153703981508423	      0.19049153703981508423	     -0.14837644713452718959	     -0.40114821863761535026	      0.01250742442966092625	     -0.93373544375011596763	     -0.14503240750067905585	      0.37467792344451994468	     -0.53307964674586005849	      0.41636476435948838182	      0.03080956922989248198	      0.40785089798275908635	     -0.93107236012713578965	      0.64811200574317773260	      0.38542910448566958248
      1.20399999999997797673	      0.19064045021625414256	      0.19064045021625414256	      0.19064045021625414256	     -0.14457744870303740337	     -0.40015479605844617161	      0.01212673148097126799	     -0.92575679086199524903	     -0.15027782929840335924	      0.37627572911891060681	     -0.54687979914058160169	      0.41548594338605132625	      0.04019983914758386290	      0.40181055986655078716	     -0.92440768525694549940	      0.57562746792400409923	      0.37099214204402164441
      1.20499999999997786659	      0.19079370005675466704	      0.19079370005675466704	      0.19079370005675466704	     -0.14082926075925428222	     -0.39912441212175397975	      0.01174281819757460460	     -0.91777822122053664966	     -0.15538465751677407733	      0.37797431581209300910	     -0.56081490274277168151	      0.41499376447378660826	      0.04956061066166274343	      0.39564142901151905241	     -0.91744821546811239354	      0.50346044121745381350	      0.35605200523344349151
      1.20599999999997775646	      0.19095187142278438608	      0.19095187142278438608	      0.19095187142278438608	     -0.13713321960651028708	     -0.39805613531896683055	      0.01135692546990716388	     -0.90979963282571396643	     -0.16035052418172582311	      0.37977180484924077941	     -0.57489093418724557250	      0.41491950897150359223	      0.05888520898190531538	      0.38934913049172997779	     -0.91020531567736107093	      0.43163308287813739739	      0.34062062164672057829
      1.20699999999997764633	      0.19111527266863470587	      0.19111527266863470587	      0.19111527266863470587	     -0.13349066464549907973	     -0.39694900198937449476	      0.01097032299658313483	     -0.90182077153677153714	     -0.16517334271623712594	      0.38166564343378117652	     -0.58911418035384399694	      0.41525432579046350767	      0.06816666811890373379	      0.38293936774228376496	     -0.90269047315126704767	      0.36016748818879495975	      0.32471019162657527302
      1.20799999999997753619	      0.19128344898983518085	      0.19128344898983518085	      0.19128344898983518085	     -0.12990376577357853893	     -0.39580183551012892984	      0.01058471195158360197	     -0.89383821613335789902	     -0.16985191879761102340	      0.38364398799060106526	     -0.60349556600328324585	      0.41526232666277201888	      0.07739574383684050263	      0.37641936571460948846	     -0.89491530406310926260	      0.28908791527281429978	      0.30832843184606562037
      1.20899999999997742606	      0.19145685758248726094	      0.19145685758248726094	      0.19145685758248726094	     -0.12637373627241288432	     -0.39461365514067653359	      0.01020141364692263818	     -0.88585128950990299490	     -0.17438438568423986208	      0.38570434346671877979	     -0.61804161154508463483	      0.41493071199071251964	      0.08656557664164243882	      0.36979495590274313876	     -0.88689145839274319272	      0.21841614200639575261	      0.29148869577634411998
      1.20999999999997731592	      0.19163680523136761291	      0.19163680523136761291	      0.19163680523136761291	     -0.12290083753944441858	     -0.39338368636912846021	      0.00982136057763049151	     -0.87786213940484025819	     -0.17876814291333864571	      0.38785359988328188541	     -0.63275408742059602307	      0.41497039183887490799	      0.09567173632286134211	      0.36307056828891770550	     -0.87863059278200539293	      0.14817143219843212365	      0.27420997219116910459
      1.21099999999997720579	      0.19182380868015252995	      0.19182380868015252995	      0.19182380868015252995	     -0.11948613090542666015	     -0.39211095169932635995	      0.00944590150009765733	     -0.86986980734050955988	     -0.18300177539556014561	      0.39008856124024809953	     -0.64763946504798142190	      0.41540503938250739058	      0.10470760237813979410	      0.35625206406663922909	     -0.87014447479079448655	      0.07837510367757083429	      0.25650668094328149538
      1.21199999999997709565	      0.19201817309371374543	      0.19201817309371374543	      0.19201817309371374543	     -0.11613067702845626672	     -0.39079444256754158893	      0.00907640647006241995	     -0.86187321174327435891	     -0.18708412737367249856	      0.39240539408796087928	     -0.66270453963166964240	      0.41621556165726186771	      0.11366625045067674238	      0.34934537027703072010	     -0.86144492510234038640	      0.00904833573139433855	      0.23839346522256418814
      1.21299999999997698552	      0.19221948506579464300	      0.19221948506579464300	      0.19221948506579464300	     -0.11283637973259355580	     -0.38943292715689997729	      0.00871468763336467021	     -0.85386801146140400842	     -0.19101454068325351976	      0.39479277117650135587	     -0.67796077152156553058	      0.41663268138920622752	      0.12253844444597017382	      0.34235788302422909268	     -0.85254377916978663077	     -0.05978551547046827286	      0.21988134245191698346
      1.21399999999997687539	      0.19242817210103957404	      0.19242817210103957404	      0.19242817210103957404	     -0.10960416551015153552	     -0.38802538828274457661	      0.00836214813329331196	     -0.84585274967414991742	     -0.19479205391253825996	      0.39724736450075104344	     -0.69341496163953897369	      0.41664382860332294101	      0.13131744681966883714	      0.33529555803629573774	     -0.84345295667312925048	     -0.12810577415152013536	      0.20098552682820444715
      1.21499999999997676525	      0.19264543907110881493	      0.19264543907110881493	      0.19264543907110881493	     -0.10643398565060557814	     -0.38657103155988731258	      0.00801977028545975724	     -0.83782895032761162124	     -0.19841533007496056640	      0.39977400130535556411	     -0.70906885406218200796	      0.41699586116464731900	      0.13999907430352825921	      0.32816293473851998463	     -0.83418450725869375262	     -0.19589452158335385334	      0.18172452062459804045
      1.21599999999997665512	      0.19287174083817942849	      0.19287174083817942849	      0.19287174083817942849	     -0.10332663258125321382	     -0.38506887349664326026	      0.00768899450555923444	     -0.82979490414866385883	     -0.20188389022826208619	      0.40236870419023978984	     -0.72492925139100961029	      0.41770465952417146216	      0.14857681972194178299	      0.32096557612397330628	     -0.82474980910845685500	     -0.26313137254648844010	      0.16212220671549207318
      1.21699999999997654498	      0.19310738796574108966	      0.19310738796574108966	      0.19310738796574108966	     -0.10028288819182243352	     -0.38351789629328592035	      0.00737126420629789260	     -0.82174885559374022392	     -0.20519747322639447784	      0.40502692090660319391	     -0.74100328300243134549	      0.41874177008031687741	      0.15704381640017478494	      0.31370915659305181888	     -0.81516029371393594616	     -0.32979620284990535106	      0.14220157355073570482
      1.21799999999997643485	      0.19335197477821208789	      0.19335197477821208789	      0.19335197477821208789	     -0.09730434007242365346	     -0.38191671740398308588	      0.00706832344729035542	     -0.81368541680323125398	     -0.20835620926862291613	      0.40773724258319921088	     -0.75730281953307032605	      0.41932187756140443247	      0.16539117553150123330	      0.30640285441662223898	     -0.80543097805115748677	     -0.39586865521168584925	      0.12193199280992489397
      1.21899999999997632472	      0.19360591773571014795	      0.19360591773571014795	      0.19360591773571014795	     -0.09439165820634731752	     -0.38026442170412727561	      0.00678172679208762647	     -0.80560237929167621829	     -0.21136027355636965996	      0.41049551194090899697	     -0.77383455925446875678	      0.41943245300159626154	      0.17361245641030725873	      0.29905100384897553845	     -0.79557146258320865506	     -0.46132818025063632161	      0.10136330188501861682
      1.21999999999997621458	      0.19387051854162179465	      0.19387051854162179465	      0.19387051854162179465	     -0.09154455414157237902	     -0.37856064771645236977	      0.00651288357851211551	     -0.79750201038368240258	     -0.21420963492039901688	      0.41330488218037231274	     -0.79059961427023250913	      0.41983793518490536423	      0.18170259808126984491	      0.29165145418965893187	     -0.78558242280029189075	     -0.52615248128282776641	      0.08067228656583366742
      1.22099999999997610445	      0.19414583202878660240	      0.19414583202878660240	      0.19414583202878660240	     -0.08876327081163565280	     -0.37680331259044319570	      0.00626210062739606353	     -0.78938059697575169160	     -0.21690413962923868474	      0.41616001732736046526	     -0.80760718587153501602	      0.42054657827281161087	      0.18965621959211673153	      0.28422555377372477059	     -0.77550143243816549443	     -0.59033725418942228913	      0.05951375903903341480
      1.22199999999997599431	      0.19443160923101229787	      0.19443160923101229787	      0.19443160923101229787	     -0.08604832288562086484	     -0.37499068666172813424	      0.00603015532545774467	     -0.78123109006635604867	     -0.21944495965914712077	      0.41905544625592400232	     -0.82486537723211550421	      0.42152209368580623172	      0.19747096089367247029	      0.27679109184776801156	     -0.76536289278641844724	     -0.65387564204956283298	      0.03759589895306630902
      1.22299999999997588418	      0.19473006442467324928	      0.19473006442467324928	      0.19473006442467324928	     -0.08340218731011271591	     -0.37312784530992271215	      0.00582532008668135495	     -0.77306112842195340296	     -0.22183536674952739065	      0.42198427707496416472	     -0.84237381534263100491	      0.42198541299683878236	      0.20512672872268469804	      0.26926140863887915167	     -0.75502006133740573457	     -0.71666062356791815358	      0.01715872974410024079
      1.22399999999997577405	      0.19504215675920130724	      0.19504215675920130724	      0.19504215675920130724	     -0.08082363101017227269	     -0.37121102398198368988	      0.00564574138829997477	     -0.76488171405609284292	     -0.22407096033202628105	      0.42493849142518436146	     -0.86014770813617225098	      0.42191849129074537883	      0.21260326540463037048	      0.26167472963721971624	     -0.74452567550294912468	     -0.77870508343093036707	     -0.00237407917031126278
      1.22499999999997566391	      0.19536496559402258266	      0.19536496559402258266	      0.19536496559402258266	     -0.07830843485867849951	     -0.36922626270235703316	      0.00547854875962575094	     -0.75668510018662427097	     -0.22614392157003118666	      0.42790766485902442806	     -0.87821674726262310973	      0.42206444495274508810	      0.21990288595615833933	      0.25422458671656045226	     -0.73419728277561480123	     -0.84017733111717174399	     -0.02523048682806261836
      1.22599999999997555378	      0.19569999925196021606	      0.19569999925196021606	      0.19569999925196021606	     -0.07585857120455231917	     -0.36718023650193060137	      0.00533315486096803092	     -0.74847326703834238248	     -0.22805997203864661338	      0.43089476239030255478	     -0.89657156859270592530	      0.42245260816178969998	      0.22701615531644536716	      0.24680151459612598153	     -0.72385939002747845539	     -0.90094715175612472002	     -0.04892065797706628832
      1.22699999999997544364	      0.19604805877099482081	      0.19604805877099482081	      0.19604805877099482081	     -0.07347695576109017357	     -0.36508062510491512409	      0.00522016114993450325	     -0.74023691175061645531	     -0.22982833401977656451	      0.43390280581379747638	     -0.91519922161249456227	      0.42306662073751966080	      0.23394329529651494703	      0.23929089698980390843	     -0.71333627600317484063	     -0.96087718869280802636	     -0.07089691907931347514
      1.22799999999997533351	      0.19640598580336371404	      0.19640598580336371404	      0.19640598580336371404	     -0.07116389552818015718	     -0.36292122195139031593	      0.00513632349702173099	     -0.73195258034997279228	     -0.23145200217932868081	      0.43691070183589281184	     -0.93411929082358202692	      0.42308793098858993309	      0.24069202604548831093	      0.23178463520942862996	     -0.70278711314859432235	     -1.02003510331626134899	     -0.09302905046657600208
      1.22899999999997522337	      0.19677366158911999139	      0.19677366158911999139	      0.19677366158911999139	     -0.06891890421371860143	     -0.36069983244717057635	      0.00508157906625961858	     -0.72361724640781843743	     -0.23293183705723835564	      0.43991124870138442748	     -0.95334113044742641030	      0.42249713655430798376	      0.24725641974716161542	      0.22430699351972724354	     -0.69225289358909591897	     -1.07842529026169930972	     -0.11568519429797585740
      1.22999999999997511324	      0.19715233357890743493	      0.19715233357890743493	      0.19715233357890743493	     -0.06674132958764342205	     -0.35841753822589544898	      0.00505851344017096277	     -0.71523335438247193085	     -0.23426941628868505618	      0.44290953829825602250	     -0.97286286013836598130	      0.42207142420870613631	      0.25363100475868644024	      0.21683691746931182953	     -0.68170284181241425081	     -1.13601094228335042224	     -0.13827416340262307926
      1.23099999999997500311	      0.19754187392036398618	      0.19754187392036398618	      0.19754187392036398618	     -0.06463101000948863473	     -0.35607343795521356755	      0.00506833523303817923	     -0.70679528428810933782	     -0.23546691517607293287	      0.44590074657082179321	     -0.99269063706496230015	      0.42182614899609960357	      0.25981250590136373280	      0.20938243797292874215	     -0.67115354077190392257	     -1.19278145449234007636	     -0.16084671928843946587
      1.23199999999997489297	      0.19794205396537223329	      0.19794205396537223329	      0.19794205396537223329	     -0.06258766490303437069	     -0.35366653212747778401	      0.00511211992317422113	     -0.69829779595298002715	     -0.23652647884851329962	      0.44887923522946687749	     -1.01283099100203100029	      0.42172983367530986198	      0.26579700519470977893	      0.20195255226312824881	     -0.66062233341189091629	     -1.24872731100862721654	     -0.18347219500841938089
      1.23299999999997478284	      0.19835211234862229479	      0.19835211234862229479	      0.19835211234862229479	     -0.06061168634841122144	     -0.35119577782932898113	      0.00519155683591645059	     -0.68973193325193538072	     -0.23745331694187662985	      0.45182523433414123470	     -1.03329386907518827599	      0.42093807251035370021	      0.27157794892512659990	      0.19455110828939514711	     -0.65011629278011917599	     -1.30382513587053083803	     -0.20613432082125734968
      1.23399999999997467270	      0.19877198900226805689	      0.19877198900226805689	      0.19877198900226805689	     -0.05870264224710051992	     -0.34866053352376363828	      0.00530795281710951493	     -0.68109233807988045495	     -0.23825037171663476787	      0.45473238862381820669	     -1.05408449036541451704	      0.41943044676540219839	      0.27715158460726946332	      0.18718217039592041639	     -0.63964461967594143932	     -1.35806044945770443277	     -0.22880146062924536232
      1.23499999999997456257	      0.19920231968920748544	      0.19920231968920748544	      0.19920231968920748544	     -0.05685925288158397151	     -0.34606055504892230257	      0.00546221504933452721	     -0.67237776597932319422	     -0.23891841323853596490	      0.45760696399284517266	     -1.07520306541541743606	      0.41800443722299557292	      0.28251652479397637574	      0.17984947401038309245	     -0.62921755722336614181	     -1.41142665511867071437	     -0.25142144456050868895
      1.23599999999997445244	      0.19964313466334804303	      0.19964313466334804303	      0.19964313466334804303	     -0.05508091345739596356	     -0.34339529258175816029	      0.00565556434704957839	     -0.66358302014817749370	     -0.23946025577442583976	      0.46044337333767176856	     -1.09665468924373166182	      0.41668224444360502101	      0.28766932928674093795	      0.17255770475077536474	     -0.61884495353903690162	     -1.46391276745867271458	     -0.27396805574631938329
      1.23699999999997434230	      0.20009425261170668553	      0.20009425261170668553	      0.20009425261170668553	     -0.05336697424214992269	     -0.34066423593086198052	      0.00588924409572574512	     -0.65470203679684024767	     -0.23987892560251122820	      0.46323520309584226284	     -1.11844428527386652306	      0.41543723706774926541	      0.29260710792689037518	      0.16531152499795451205	     -0.60853633795018968744	     -1.51550751299263541938	     -0.29641832500089126956
      1.23799999999997423217	      0.20055480726337635011	      0.20055480726337635011	      0.20055480726337635011	     -0.05171731484318281558	     -0.33786637681905096198	      0.00616467278253354789	     -0.64572374715971647685	     -0.24018063580205764596	      0.46596100895287573262	     -1.14058067336759827448	      0.41336847784813246509	      0.29732496643115213786	      0.15811510960617036758	     -0.59829866881702398196	     -1.56618658029379331786	     -0.31879759642072796888
      1.23899999999997412203	      0.20102476036665312131	      0.20102476036665312131	      0.20102476036665312131	     -0.05013105472937949558	     -0.33500125947273368121	      0.00648297708466257644	     -0.63664184211028762572	     -0.24036868845444164799	      0.46861432678992787082	     -1.16306795314238686778	      0.41045287757096293735	      0.30182033337987179689	      0.15097266377928875158	     -0.58814034118854374711	     -1.61593792958705506635	     -0.34108265145758903669
      1.23999999999997401190	      0.20150485610298735084	      0.20150485610298735084	      0.20150485610298735084	     -0.04860654445985587713	     -0.33206894300540601428	      0.00684494967124808611	     -0.62745500432616740927	     -0.24044356627321972208	      0.47120316281037433193	     -1.18590528659213401141	      0.40753367553744368479	      0.30609270851397096802	      0.14388823704243103307	     -0.57807096385211298450	     -1.66476076252587623650	     -0.36321441873821386226
      1.24099999999997390177	      0.20199523907855276850	      0.20199523907855276850	      0.20199523907855276850	     -0.04714275400981540742	     -0.32906913548092830979	      0.00725166344285573840	     -0.61815750846328587631	     -0.24040880509444503832	      0.47372053652180834415	     -1.20909675735133137486	      0.40463616273506108900	      0.31013956796128838711	      0.13686613674790812367	     -0.56809873805201449581	     -1.71264716745143119603	     -0.38515822342853839322
      1.24199999999997379163	      0.20249577997988937872	      0.20249577997988937872	      0.20249577997988937872	     -0.04573859661322589309	     -0.32600161221733148231	      0.00770424926541124488	     -0.60874227260089652791	     -0.24026801872055456033	      0.47615864392606466193	     -1.23264607442040929897	      0.40173378898832728945	      0.31395942962627032546	      0.12991074721409714976	     -0.55823143466637137333	     -1.75958851285824380284	     -0.40688420870587788114
      1.24299999999997368150	      0.20300559952109376027	      0.20300559952109376027	      0.20300559952109376027	     -0.04439342640892753045	     -0.32286546182166181440	      0.00820385701075007287	     -0.59919630747116048308	     -0.24002715470384955454	      0.47849789992285934881	     -1.25656024118834253045	      0.39786314921546145351	      0.31754884538188066223	      0.12302580718979058694	     -0.54847374690313221990	     -1.80555632228302798126	     -0.42845023855549824177
      1.24399999999997357136	      0.20352477946412717014	      0.20352477946412717014	      0.20352477946412717014	     -0.04310593771133196250	     -0.31966049014689434937	      0.00875144063559473925	     -0.58951262953089789143	     -0.23968963785033825520	      0.48073195695265830141	     -1.28084197003200794818	      0.39300099693633699927	      0.32090634547698759782	      0.11621546187673237327	     -0.53883253949963583196	     -1.85054080980841462178	     -0.44983436877416854704
      1.24499999999997346123	      0.20405429863610199948	      0.20405429863610199948	      0.20405429863610199948	     -0.04187415753002444313	     -0.31638715989967675091	      0.00934769483802952092	     -0.57969049614305778739	     -0.23925639428021328037	      0.48286766983131468312	     -1.30548952925996819552	      0.38804908038947849569	      0.32403207442736436938	      0.10948414668543610118	     -0.52931689256521408105	     -1.89454935002112856424	     -0.47095756629116702907
      1.24599999999997335109	      0.20459451217899254916	      0.20459451217899254916	      0.20459451217899254916	     -0.04069667803989507338	     -0.31304549498089834225	      0.00999353197707129534	     -0.56972413535418164887	     -0.23873153959363199728	      0.48489694022677870544	     -1.33050597313371299357	      0.38302993194738982341	      0.32692404689931992001	      0.10283543097969424784	     -0.51993256570808810135	     -1.93757690103823487782	     -0.49177357766795004590
      1.24699999999997324096	      0.20514543285739589296	      0.20514543285739589296	      0.20514543285739589296	     -0.03957201115567008515	     -0.30963560898313491343	      0.01068995935194976508	     -0.55960585191043477060	     -0.23811900779366501624	      0.48681099136055117071	     -1.35589374464083500804	      0.37791127291212550654	      0.32958188401042171067	      0.09627318732611254981	     -0.51068479776237851731	     -1.97961715425098350174	     -0.51224370182919587435
      1.24799999999997313083	      0.20570622360559212560	      0.20570622360559212560	      0.20570622360559212560	     -0.03849898392998270247	     -0.30615662315098685076	      0.01143771651331160211	     -0.54932104373637291594	     -0.23742350808795684158	      0.48859477799270684129	     -1.38165746932728827900	      0.37168037145164334323	      0.33200348665455620134	      0.08980219447831749857	     -0.50157814559642666108	     -2.02063719631014926392	     -0.53248840587643797573
      1.24899999999997302069	      0.20627717554894947627	      0.20627717554894947627	      0.20627717554894947627	     -0.03747591847084488087	     -0.30260864013532068340	      0.01223754026343848271	     -0.53886269455644641990	     -0.23664855626229741592	      0.49024208736332136604	     -1.40779842248390152371	      0.36431675269553265295	      0.33418806302725240220	      0.08342651120742880511	     -0.49261791514762204303	     -2.06062987569029809620	     -0.55248713419048467443
      1.24999999999997291056	      0.20685961784133455321	      0.20685961784133455321	      0.20685961784133455321	     -0.03650062316660150630	     -0.29899266155508036347	      0.01309007899192445729	     -0.52823157203467019372	     -0.23579649850130918187	      0.49175580423639403405	     -1.43431442765024574904	      0.35677599046612290534	      0.33613568259377313296	      0.07714956721731658362	     -0.48381072651505596660	     -2.09961184036123249541	     -0.57211257515038183019
      1.25099999999997280042	      0.20745418051046835006	      0.20745418051046835006	      0.20745418051046835006	     -0.03557139686202938356	     -0.29530905635591953029	      0.01399602967920404728	     -0.51742256748912807129	     -0.23487188950141837940	      0.49312769797711086817	     -1.46120759464410920891	      0.34907166756487711945	      0.33784423872638963404	      0.07097383355417039019	     -0.47515964173109981328	     -2.13758054166121214124	     -0.59130796660438034174
      1.25199999999997269029	      0.20806108386536131816	      0.20806108386536131816	      0.20806108386536131816	     -0.03468641883649909580	     -0.29155829137841077214	      0.01495620684041524054	     -0.50642811893968364689	     -0.23387874941776387594	      0.49434907475804223953	     -1.48847917752488401177	      0.34116076550106877452	      0.33931377363415399229	      0.06490246281483297297	     -0.46666720548926438061	     -2.17453163070436472637	     -0.61002820375963706656
      1.25299999999997258016	      0.20867958062496558269	      0.20867958062496558269	      0.20867958062496558269	     -0.03384401009083728984	     -0.28773944389420441636	      0.01597074889534785824	     -0.49523286742255412385	     -0.23282056489773694796	      0.49540955118084295528	     -1.51613092626394685425	      0.33201289485292490022	      0.34054324797331930741	      0.05894262309256807081	     -0.45834045507310910983	     -2.21042933017789522410	     -0.62848071828739338063
      1.25399999999997247002	      0.20931021878653771617	      0.20931021878653771617	      0.20931021878653771617	     -0.03304220939707286364	     -0.28385292961731167782	      0.01704009359821210406	     -0.48383069623956481697	     -0.23170119163649946503	      0.49630300428845658400	     -1.54416278428516173804	      0.32161281557181847779	      0.34153184053792495778	      0.05309792413857360865	     -0.45018315343719988997	     -2.24526960462090929838	     -0.64664573003950154284
      1.25499999999997235989	      0.20995472148617050356	      0.20995472148617050356	      0.20995472148617050356	     -0.03227875896826730429	     -0.27990040531261378698	      0.01816487641031006364	     -0.47222483835763479076	     -0.23052499108750079682	      0.49702767654299939704	     -1.57257283486642274184	      0.31094572755974203560	      0.34227848514629799492	      0.04736877407529409278	     -0.44219692523067810619	     -2.27907792858594948626	     -0.66432153123569392950
      1.25599999999997224975	      0.21061398859559660179	      0.21061398859559660179	      0.21061398859559660179	     -0.03155177681000095186	     -0.27588258736727611087	      0.01934548300100885632	     -0.46041168965902368182	     -0.22929689079763362902	      0.49757660011295390401	     -1.60136232994051175282	      0.30001430497740994019	      0.34278016418695439471	      0.04175622127039272519	     -0.43438247949535002679	     -2.31185374052606373851	     -0.68144484264878968371
      1.25699999999997213962	      0.21128844514738970295	      0.21128844514738970295	      0.21128844514738970295	     -0.03085921170574385322	     -0.27180028037376147143	      0.02058241557718374151	     -0.44838482631856779737	     -0.22802092760493231083	      0.49794249118343503202	     -1.63053144783491665848	      0.28876478574723346560	      0.34303642008109552775	      0.03626247007718484683	     -0.42674011488968072170	     -2.34359430475002294969	     -0.69796902883747258262
      1.25799999999997202949	      0.21197742906311820010	      0.21197742906311820010	      0.21197742906311820010	     -0.03019893720360827122	     -0.26765245958162531270	      0.02187501517628349934	     -0.43612939575601300524	     -0.22670061665228968817	      0.49811664138893607667	     -1.66007885297598845042	      0.27618559364929795574	      0.34304690921810188087	      0.03089747457117280466	     -0.41928107716592388776	     -2.37426457517454547741	     -0.71420116405333688991
      1.25899999999997191935	      0.21268170069527198018	      0.21268170069527198018	      0.21268170069527198018	     -0.02956882897514912650	     -0.26343985947944975612	      0.02322332084376323852	     -0.42364117485861357837	     -0.22534059775825188154	      0.49809304331201292859	     -1.69000336229091985274	      0.26226756473856316365	      0.34281000251516374755	      0.02566373599618472154	     -0.41200761188406503921	     -2.40386407473598762152	     -0.73012164534373635849
      1.25999999999997180922	      0.21340329618828596248	      0.21340329618828596248	      0.21340329618828596248	     -0.02896673918194232755	     -0.25916487212746786017	      0.02462796425458190636	     -0.41092651803294510948	     -0.22394699524023209403	      0.49786776172643404381	     -1.72030396802047458316	      0.24799163188396575186	      0.34232239860387186914	      0.02055685618422282285	     -0.40491444064467896347	     -2.43242460850508779302	     -0.74543822276097393420
      1.26099999999997169908	      0.21414327286531859018	      0.21414327286531859018	      0.21414327286531859018	     -0.02839072908067938328	     -0.25482855377465218893	      0.02608891570070275348	     -0.39798403104908558481	     -0.22252513210640811891	      0.49743641512537745131	     -1.75098100928612243621	      0.23335504468480114393	      0.34157958628907680865	      0.01557633398060495264	     -0.39800086421205355114	     -2.45994716238385713325	     -0.76008548396466180108
      1.26199999999997158895	      0.21490214590353176605	      0.21490214590353176605	      0.21490214590353176605	     -0.02783864086767813897	     -0.25043201938425024844	      0.02760623268249041973	     -0.38480941924977341007	     -0.22107919643732135140	      0.49679424959873491607	     -1.78203360936657162483	      0.21830052122413529103	      0.34057977889735019383	      0.01072327550614595240	     -0.39126593797358361071	     -2.48643047388306204226	     -0.77401988009063071861
      1.26299999999997147881	      0.21567923389666091016	      0.21567923389666091016	      0.21567923389666091016	     -0.02730799510966867155	     -0.24597412671330162737	      0.02917831835581242289	     -0.37138957835055502743	     -0.21961488669599563139	      0.49592904313192320842	     -1.81345765604246889069	      0.20185625499974063635	      0.33932310595240089413	      0.00600927268333181861	     -0.38472472622252062990	     -2.51184509473731720774	     -0.78764995551666938667
      1.26399999999997136868	      0.21647534009364616248	      0.21647534009364616248	      0.21647534009364616248	     -0.02679663416366024828	     -0.24145593467020065592	      0.03080473899791510983	     -0.35772286436847811064	     -0.21813803913821755431	      0.49483514407868434137	     -1.84525101509277322798	      0.18401814391675114235	      0.33780662394485916344	      0.00143498021182693336	     -0.37837798736846706138	     -2.53619430691317049309	     -0.80095623056570997012
      1.26499999999997125855	      0.21729259262990871515	      0.21729259262990871515	      0.21729259262990871515	     -0.02630268017836572686	     -0.23688060777210551144	      0.03248612906329564898	     -0.34381882240173866627	     -0.21665523242839898610	      0.49351177393574285901	     -1.87741369780009681456	      0.16573844409213162043	      0.33602409069107047612	     -0.00300931791378830377	     -0.37221354421789354383	     -2.55951197021513987551	     -0.81355056702557981829
      1.26599999999997114841	      0.21813198270376810139	      0.21813198270376810139	      0.21813198270376810139	     -0.02582423938578660982	     -0.23224953487042321321	      0.03422198410481737396	     -0.32967848738950100707	     -0.21517234232748744249	      0.49195754800049040778	     -1.90994489442767556575	      0.14702088015342587579	      0.33396949027092681650	     -0.00732553702030659930	     -0.36623050523280892277	     -2.58180038328029715089	     -0.82536978200104238468
      1.26699999999997103828	      0.21899388487561802230	      0.21899388487561802230	      0.21899388487561802230	     -0.02535916060486674908	     -0.22756411487025787754	      0.03601183155931318020	     -0.31530026834818203341	     -0.21369406904415580439	      0.49017039621606223188	     -1.94284255889006618467	      0.12781697163134181361	      0.33163936829535856088	     -0.01151370313480625310	     -0.36042786518068864465	     -2.60305989535155957171	     -0.83637742826075933689
      1.26799999999997092814	      0.21987739134667450003	      0.21987739134667450003	      0.21987739134667450003	     -0.02490473148778439214	     -0.22282312922123578836	      0.03785312539090783523	     -0.30067350561451122726	     -0.21223027955215442719	      0.48812993174501961846	     -1.97610056164618508312	      0.10718459551220314852	      0.32903445628603139594	     -0.01556319642822764568	     -0.35482153781856634600	     -2.62327138035458506948	     -0.84707527802581861209
      1.26899999999997081801	      0.22078308251286479780	      0.22078308251286479780	      0.22078308251286479780	     -0.02445886484947604189	     -0.21802797340717108843	      0.03974495895716098626	     -0.28579915119990251249	     -0.21078811224642274302	      0.48583131986681860059	     -2.00971580308560549000	      0.08512250690908654271	      0.32615059587676714647	     -0.01947568118836093612	     -0.34941085202468469273	     -2.64244166873557517761	     -0.85744416949893498270
      1.26999999999997070788	      0.22171287531896094469	      0.22171287531896094469	      0.22171287531896094469	     -0.02402004053426929145	     -0.21318257568155993265	      0.04168799151954005050	     -0.27068926523898262371	     -0.20937271760762235506	      0.48328267588658224696	     -2.04368861936925716449	      0.06255634659324300906	      0.32297869900145526056	     -0.02326474814894036180	     -0.34417934147521678234	     -2.66060162489141083242	     -0.86700429385825927842
      1.27099999999997059774	      0.22266742518810048179	      0.22266742518810048179	      0.22266742518810048179	     -0.02358645377365772150	     -0.20828865804085683333	      0.04368126373490247016	     -0.25534679633554130396	     -0.20799068613713952991	      0.48048486196587780750	     -2.07801667170221016079	      0.03951064261406640049	      0.31951205436324758846	     -0.02693340750091928124	     -0.33912676812081893329	     -2.67775490053677689417	     -0.87569906642966721666
      1.27199999999997048761	      0.22364669100579448457	      0.22364669100579448457	      0.22364669100579448457	     -0.02315602523486265038	     -0.20334789085760374139	      0.04572377297593380879	     -0.23977267112021391493	     -0.20664761390007077568	      0.47743757142050091691	     -2.11269650604986036768	      0.01595847919671660592	      0.31574602798959799932	     -0.03048277463026195094	     -0.33425278806717040325	     -2.69390383461662219489	     -0.88350276582020825789
      1.27299999999997037747	      0.22464930770696403539	      0.22464930770696403539	      0.22464930770696403539	     -0.02272593370862886417	     -0.19835908203289803753	      0.04781217098162193757	     -0.22395843378046365046	     -0.20535820490319364739	      0.47411080538249877891	     -2.14772085729910333640	     -0.00905769608990649941	      0.31168253747219065719	     -0.03390619615167057843	     -0.32956979779896561356	     -2.70904258044596746302	     -0.89099256702617435355
      1.27399999999997026734	      0.22567537784503405307	      0.22567537784503405307	      0.22567537784503405307	     -0.02229420669141763192	     -0.19332398542492551519	      0.04994516263782190074	     -0.20790682078681851919	     -0.20413052733241190961	      0.47050108126137307751	     -2.18308537384267831172	     -0.03553856131114297573	      0.30731708977995714216	     -0.03720756427734665112	     -0.32507581971979826463	     -2.72318085349845118159	     -0.89815000004420153523
      1.27499999999997015721	      0.22672634948292533230	      0.22672634948292533230	      0.22672634948292533230	     -0.02185965343963145249	     -0.18824723635037338143	      0.05212345852963442411	     -0.19163107416116176296	     -0.20296670156528343054	      0.46662851130078364381	     -2.21878936809496352112	     -0.06254951393064421550	      0.30263885796870998446	     -0.04040129630069175248	     -0.32075448549396634590	     -2.73634219354091090537	     -0.90441775327743845203
      1.27599999999997004707	      0.22780235482639171751	      0.22780235482639171751	      0.22780235482639171751	     -0.02142053123634767020	     -0.18313090304164492128	      0.05434574719803900167	     -0.17513484959888558912	     -0.20187398056016511716	      0.46249474714190480507	     -2.25482851876257095469	     -0.09003287128749661028	      0.29764199072107039301	     -0.04349107676757051066	     -0.31660625552433674379	     -2.74853189568165712231	     -0.90974846078364013380
      1.27699999999996993694	      0.22890275507552240719	      0.22890275507552240719	      0.22890275507552240719	     -0.02097483253438649567	     -0.17797693657757021612	      0.05661059227416695427	     -0.15842058859267346693	     -0.20085895623472271865	      0.45809980444652936837	     -2.29119762875108712308	     -0.11798519067509241620	      0.29232200362063515131	     -0.04647897726941770113	     -0.31263133592819963846	     -2.75975476451023560287	     -0.91412884565024699057
      1.27799999999996982680	      0.23002560641558528198	      0.23002560641558528198	      0.23002560641558528198	     -0.02051973551673261231	     -0.17278430761029361928	      0.05891411696207710103	     -0.14148079607116653689	     -0.19993994594936803644	      0.45340686265099955365	     -2.32788894225765385926	     -0.14745146880097056985	      0.28668294645149633437	     -0.04936433321890110887	     -0.30883474293188684090	     -2.77001821547873694485	     -0.91818939768860818873
      1.27899999999996971667	      0.23117043062437092615	      0.23117043062437092615	      0.23117043062437092615	     -0.02005336312479157751	     -0.16755515026119227606	      0.06125478732302606921	     -0.12431855140239989055	     -0.19912512210455299289	      0.44841420338760340503	     -2.36489632958847639799	     -0.17843277462692871960	      0.28072148130452317938	     -0.05215255467492694447	     -0.30521333310147735762	     -2.77933386847536034736	     -0.92191236740379300940
      1.27999999999996960653	      0.23233813193146765630	      0.23233813193146765630	      0.23233813193146765630	     -0.01957472131930506135	     -0.16229470980201715635	      0.06363338672171992005	     -0.10694674021756624127	     -0.19841297595602735981	      0.44315267517932227515	     -2.40221648940383269988	     -0.20992018800927064737	      0.27442692506393656648	     -0.05485541599015297115	     -0.30175511475748573176	     -2.78771581898600828708	     -0.92468209662581735131
      1.28099999999996949640	      0.23352832507734819223	      0.23352832507734819223	      0.23352832507734819223	     -0.01908206126026201765	     -0.15700540417343769595	      0.06604840210895350505	     -0.08936817936495226877	     -0.19781107230256200769	      0.43762312235837996788	     -2.43984282619053249874	     -0.24181952252808236459	      0.26779613055524897902	     -0.05747682546287889715	     -0.29846053491323032425	     -2.79517131399919582790	     -0.92646473818199137629
      1.28199999999996938627	      0.23473979904624139858	      0.23473979904624139858	      0.23473979904624139858	     -0.01857341142268243567	     -0.15168947998356771545	      0.06849813180926905831	     -0.07158530158012096911	     -0.19732666250305272437	      0.43182452189838910206	     -2.47776814550807866766	     -0.27409824331473148229	      0.26082653381956399929	     -0.06001956576127303461	     -0.29532948098021216676	     -2.80170792745157193337	     -0.92725989843644807120
      1.28299999999996927613	      0.23597012704977091135	      0.23597012704977091135	      0.23597012704977091135	     -0.01804606039303507242	     -0.14634621658609350825	      0.07097852208669488960	     -0.05358984285163258254	     -0.19697872964232943094	      0.42571966703987096370	     -2.51598411244493602723	     -0.30796217679673432155	      0.25352524492564548764	     -0.06248908286259828582	     -0.29235777841280147227	     -2.80734335060424688990	     -0.92771724027601132345
      1.28399999999996916600	      0.23721836442196403416	      0.23721836442196403416	      0.23721836442196403416	     -0.01749817180251262566	     -0.14097809752494913638	      0.07348794288480128833	     -0.03538363843201151882	     -0.19677451522211458768	      0.41930873693489156828	     -2.55448226791719346096	     -0.34341121020570092304	      0.24589173498614125268	     -0.06489112743679645301	     -0.28954145706785494596	     -2.81208989299732925460	     -0.92783325953587869606
      1.28499999999996905586	      0.23848501177521266858	      0.23848501177521266858	      0.23848501177521266858	     -0.01692877764111201319	     -0.13559082841145089771	      0.07602724131957823428	     -0.01697803985373044777	     -0.19670963694214993467	      0.41262777102165848486	     -2.59325565580218020401	     -0.37928857058357384746	      0.23791749280262403099	     -0.06723232062606963877	     -0.28687538752597002700	     -2.81595295307036108667	     -0.92696086638608177211
      1.28599999999996894573	      0.23976938827311947144	      0.23976938827311947144	      0.23976938827311947144	     -0.01633610856307627854	     -0.13018720849107462412	      0.07859491699521661823	      0.00162608392453000156	     -0.19679135876088638124	      0.40567578802673404104	     -2.63229531235462577143	     -0.41547134687791587027	      0.22960331264491576353	     -0.06951657144848916170	     -0.28435848313559669576	     -2.81894225560829214672	     -0.92505332123520023213
      1.28699999999996883560	      0.24106993165652798594	      0.24106993165652798594	      0.24106993165652798594	     -0.01571818469526630943	     -0.12476972474373405897	      0.08118914291891109192	      0.02042784734937240845	     -0.19702690997418542684	      0.39844998399056219540	     -2.67159207597453596250	     -0.45190988816786720195	      0.22095020026128020518	     -0.07174699983776565426	     -0.28198938660184369454	     -2.82106779939280727376	     -0.92214569000736756887
      1.28799999999996872546	      0.24238400158478232149	      0.24238400158478232149	      0.24238400158478232149	     -0.01507249763052004657	     -0.11933800853935229436	      0.08380596009757743103	      0.03943786129767735960	     -0.19743225840099540291	      0.39092065635209549690	     -2.71113614356423093810	     -0.49001694182359584184	      0.21196895534211004919	     -0.07393311888828853207	     -0.27975627337752795309	     -2.82235226107102654680	     -0.91889462133029597979
      1.28899999999996861533	      0.24371047936751866203	      0.24371047936751866203	      0.24371047936751866203	     -0.01439726929356216142	     -0.11389489747508746431	      0.08644383796303756196	      0.05865633124266990406	     -0.19801280303404036887	      0.38308978214283234687	     -2.75091618619584776795	     -0.52978683120664626927	      0.20266270319424467550	     -0.07608005418211127857	     -0.27765415439024609956	     -2.82280822702138589619	     -0.91528131254557354435
      1.28999999999996850519	      0.24504972101990182831	      0.24504972101990182831	      0.24504972101990182831	     -0.01369143915484685031	     -0.10844637288898789640	      0.08910364805788366371	      0.07807370013309840318	     -0.19876326130239768686	      0.37499053210265997915	     -2.79092176743208852940	     -0.56986151836054510511	      0.19302640411581717395	     -0.07818886156248071317	     -0.27568430787370967749	     -2.82243580792485948550	     -0.91065185255231895223
      1.29099999999996839506	      0.24640100802606859642	      0.24640100802606859642	      0.24640100802606859642	     -0.01295320771127620070	     -0.10299544569507539105	      0.09178391556224145542	      0.09769161464433719078	     -0.19968993968697482111	      0.36662014631877137827	     -2.83114203723648438782	     -0.61010603952758124535	      0.18306536181940669117	     -0.08026313979414637090	     -0.27384369102764738457	     -2.82124650012277555788	     -0.90499289394089121874
      1.29199999999996828492	      0.24776275407281145302	      0.24776275407281145302	      0.24776275407281145302	     -0.01218068066190982311	     -0.09754488185676382650	      0.09448293086846268340	      0.11751118940551552594	     -0.20079906837721878121	      0.35797468667587484248	     -2.87156584594358710305	     -0.65047155931755140656	      0.17278445634066466607	     -0.08230619094264260416	     -0.27212834146319625495	     -2.81925281959064433224	     -0.89832561920719777859
      1.29299999999996817479	      0.24913240770549632819	      0.24913240770549632819	      0.24913240770549632819	     -0.01137165603837774971	     -0.09209463096144880623	      0.09719699627513866957	      0.13754591575159952344	     -0.20210071029491041839	      0.34903798684842662903	     -2.91218043783060887009	     -0.69257720456651250540	      0.16219802405843330995	     -0.08432854381213895911	     -0.27052252087755723764	     -2.81647714240932112162	     -0.89129657224736291710
      1.29399999999996806466	      0.25050892123540385859	      0.25050892123540385859	      0.25050892123540385859	     -0.01052443546880152576	     -0.08664770639252812601	      0.09992466882207601264	      0.15779803291998756309	     -0.20359810910681641616	      0.33981329749277849883	     -2.95297169195579201073	     -0.73640637145617371395	      0.15131295094784280586	     -0.08633404940136604755	     -0.26902073350600658186	     -2.81293165458282290459	     -0.88390321683853656509
      1.29499999999996795452	      0.25189271158106485426	      0.25189271158106485426	      0.25189271158106485426	     -0.00963787803015506844	     -0.08121018648336357504	      0.10266679426847365175	      0.17825893170960679934	     -0.20528739962007450104	      0.33032374466810221492	     -2.99392717710968803146	     -0.78038819779596113602	      0.14012761264667650263	     -0.08831994848314887736	     -0.26762760650898514969	     -2.80861597847780997128	     -0.87549448138806285069
      1.29599999999996784439	      0.25328321912993839726	      0.25328321912993839726	      0.25328321912993839726	     -0.00871030290144978250	     -0.07578521767329644832	      0.10542198951346698488	      0.19893188101911585264	     -0.20717332561257162382	      0.32056614291295276731	     -3.03503462594446471456	     -0.82439525360659615671	      0.12865067371047636535	     -0.09028956453517184011	     -0.26633782241854681017	     -2.80354325359231459913	     -0.86606490194349028400
      1.29699999999996773425	      0.25467901065833820073	      0.25467901065833820073	      0.25467901065833820073	     -0.00773998602675153753	     -0.07037569031352082505	      0.10818865560771062651	      0.21981970445854126517	     -0.20926038072619207453	      0.31053689816515805955	     -3.07628134126214103361	     -0.86839756988377159175	      0.11689037961430870372	     -0.09224607619125779756	     -0.26514517362495099162	     -2.79772742117743122847	     -0.85564525171986460794
      1.29799999999996762412	      0.25607777781112295301	      0.25607777781112295301	      0.25607777781112295301	     -0.00672510246240758027	     -0.06498175469538909621	      0.11096334294677473453	      0.24093795481205132480	     -0.21155182996335725187	      0.30023517918939562898	     -3.11765019911334428926	     -0.91417043825593347073	      0.10486369220699112703	     -0.09419853059961411090	     -0.26403408827607399711	     -2.79118705688397605869	     -0.84486130549717153304
      1.29899999999996751399	      0.25747864046503932123	      0.25747864046503932123	      0.25747864046503932123	     -0.00566414455254375844	     -0.05960647508254943855	      0.11374466395920214412	      0.26228963602962357404	     -0.21404903203987649118	      0.28966503822936839896	     -3.15912472307876024402	     -0.96168202476451514205	      0.09258001938878684944	     -0.09614967687487947778	     -0.26299868874021875564	     -2.78393432758858550002	     -0.83371605153317518422
      1.29999999999996740385	      0.25888210031224578866	      0.25888210031224578866	      0.25888210031224578866	     -0.00455600160120260556	     -0.05425583789033841531	      0.11653332419636877604	      0.28386560250561171381	     -0.21675116637787669727	      0.27883623298826526460	     -3.20069294937027271075	     -1.00918614328460809482	      0.08003988171146779462	     -0.09809571526726597324	     -0.26204334126102390989	     -2.77597241103905778559	     -0.82158196507229697136
      1.30099999999996729372	      0.26028775110530300019	      0.26028775110530300019	      0.26028775110530300019	     -0.00339927167890500832	     -0.04893298538622019300	      0.11932795247802525929	      0.30566910972455790807	     -0.21966118314451205107	      0.26774697146308790163	     -3.24234185968384647225	     -1.05657888492071383446	      0.06725333809218925207	     -0.10003979845348182076	     -0.26116129241053470667	     -2.76731547595376836668	     -0.80845816711234130825
      1.30199999999996718358	      0.26169429702368879331	      0.26169429702368879331	      0.26169429702368879331	     -0.00219254125912881140	     -0.04364081261730050343	      0.12212700200253125138	      0.32770331680376285632	     -0.22278152182968696815	      0.25639580027213071389	     -3.28405767575287432791	     -1.10386035696748718848	      0.05423032099644878312	     -0.10198491394005984589	     -0.26034504609397307595	     -2.75797808804213362421	     -0.79437915118188195951
      1.30299999999996707345	      0.26309959623705375664	      0.26309959623705375664	      0.26309959623705375664	     -0.00093437428168806347	     -0.03837948825441769157	      0.12492708863268314756	      0.34998398606352648654	     -0.22611001195611363235	      0.24479428640999589817	     -3.32581820596695765246	     -1.15287768768375853412	      0.04098914804152747893	     -0.10393781904433541108	     -0.25958172734234025159	     -2.74797432174871403276	     -0.77995402609749486800
      1.30399999999996696332	      0.26450283194622714600	      0.26450283194622714600	      0.26450283194622714600	      0.00037642865975922972	     -0.03315197683051380323	      0.12772675090768514927	      0.37251309857263992242	     -0.22964682575500361406	      0.23294692143232550996	     -3.36760551477100822382	     -1.20358325509192254366	      0.02753993623608393809	     -0.10590084165367438795	     -0.25886531902301218588	     -2.73731685448421657725	     -0.76519235488515324750
      1.30499999999996685318	      0.26590447372745873444	      0.26590447372745873444	      0.26590447372745873444	      0.00174074665600425921	     -0.02796405958135796121	      0.13052647961099003715	      0.39527938347920954509	     -0.23339438684883970221	      0.22085163696167983693	     -3.40941055609121423942	     -1.25413106800601403812	      0.01388321925752741652	     -0.10787147039034052087	     -0.25819748888224136607	     -2.72601442369310653646	     -0.74949083717110054348
      1.30599999999996674305	      0.26730411859469205282	      0.26730411859469205282	      0.26730411859469205282	      0.00315955858532099634	     -0.02281874424917663263	      0.13332478943396805504	      0.41828426179155447917	     -0.23735384745136053897	      0.20850983821179158717	     -3.45122009867328394250	     -1.30444642785006137409	      0.00002833983262566162	     -0.10985279133533080997	     -0.25757140061188799063	     -2.71408155970248587963	     -0.73285008527437067727
      1.30699999999996663291	      0.26870043161803613962	      0.26870043161803613962	      0.26870043161803613962	      0.00463384468192200652	     -0.01771880505888306923	      0.13612005977914018451	      0.44152950316979844292	     -0.24152564530961340150	      0.19592373664298115554	     -3.49301972381707370729	     -1.35455922605629219824	     -0.01401503326396433442	     -0.11184764165651349399	     -0.25697966056511784005	     -2.70153275807395054642	     -0.71530564681371278102
      1.30799999999996652278	      0.27009121387838208594	      0.27009121387838208594	      0.27009121387838208594	      0.00616469407827099566	     -0.01266424253613692222	      0.13890872898130898760	      0.46502896572923863028	     -0.24590524899283222604	      0.18311045150932009351	     -3.53478257232069470462	     -1.40630084766069751723	     -0.02822837393135900486	     -0.11386152447369554674	     -0.25641208925239944438	     -2.68837954069015871994	     -0.69745993136684458769
      1.30899999999996641264	      0.27147552683837344878	      0.27147552683837344878	      0.27147552683837344878	      0.00775290011224513687	     -0.00765780336367723538	      0.14168913596529403298	      0.48878203046698492917	     -0.25049232575360280695	      0.17007480322617665736	     -3.57649026959637339473	     -1.45961181816466400996	     -0.04260255719067126273	     -0.11589707862600176491	     -0.25586277890623815301	     -2.67463555282631926246	     -0.67932841528389042995
      1.30999999999996630251	      0.27285368029226653164	      0.27285368029226653164	      0.27285368029226653164	      0.00939889831347215897	     -0.00270501482048437353	      0.14446154848659298331	      0.51277435594276921105	     -0.25529097381083770690	      0.15680888336665030347	     -3.61813815236763414163	     -1.51263176453141179323	     -0.05713905039711394962	     -0.11795375287867945757	     -0.25533067628630740087	     -2.66031427563960942706	     -0.66032484312537798044
      1.31099999999996619238	      0.27422512967076428936	      0.27422512967076428936	      0.27422512967076428936	      0.01110316536538357053	      0.00219134611146197533	      0.14722427466339202407	      0.53700430786710096065	     -0.26030066002761020894	      0.14331826962721580521	     -3.65971308495304636921	     -1.56531047284635427275	     -0.07183062349868851726	     -0.12003452896976379849	     -0.25481011344714538103	     -2.64543002551441253090	     -0.64044904927600432298
      1.31199999999996608224	      0.27558832155209028736	      0.27558832155209028736	      0.27558832155209028736	      0.01286617835665217029	      0.00702872770541175529	      0.14997551997221875153	      0.56147095614274589170	     -0.26552010301160938743	      0.12960939197852222593	     -3.70120033932254877129	     -1.61769800494231508203	     -0.08666929119634289580	     -0.12214211515264503105	     -0.25429499205678651741	     -2.62999680488066367445	     -0.61973593668286608427
      1.31299999999996597211	      0.27694080544724580806	      0.27694080544724580806	      0.27694080544724580806	      0.01468875034534066620	      0.01180744387825857084	      0.15271137429790365703	      0.58618478168071774803	     -0.27094584867209187129	      0.11569676457445243756	     -3.74256963340525228290	     -1.67154530733526773822	     -0.10163686403101902800	     -0.12428282132636954416	     -0.25377563087405435871	     -2.61402687209041939553	     -0.59879294083008471894
      1.31399999999996586197	      0.27828142321549081961	      0.27828142321549081961	      0.27828142321549081961	      0.01657121124558615100	      0.01652503523126287038	      0.15542994691102704485	      0.61114187819684229197	     -0.27657731031285592849	      0.10158567972996622453	     -3.78380291444116112487	     -1.72678775919276805695	     -0.11672611819661045385	     -0.12645990226755651764	     -0.25324643574961636094	     -2.59753491358529631228	     -0.57763909423294246270
      1.31499999999996575184	      0.27961033035765298083	      0.27961033035765298083	      0.27961033035765298083	      0.01851338669296286391	      0.02117622542930577834	      0.15813138878906818352	      0.63632492543161733867	     -0.28241737671639927099	      0.08727054761081987078	     -3.82489989491799731169	     -1.78161868379091448134	     -0.13194164178916401031	     -0.12867351890548572868	     -0.25270587412794953686	     -2.58053610409869715880	     -0.55569298604275652043
      1.31599999999996564171	      0.28092684310793597513	      0.28092684310793597513	      0.28092684310793597513	      0.02051524958021177375	      0.02575852530563352283	      0.16081381858390683681	      0.66172911816563007026	     -0.28846399969505859273	      0.07276066469891950828	     -3.86584763280363574722	     -1.83600139744504442518	     -0.14727849342519822029	     -0.13092634765088403959	     -0.25215001965999805922	     -2.56304416988967398439	     -0.53295391795330027129
      1.31699999999996553157	      0.28222916153002020057	      0.28222916153002020057	      0.28222916153002020057	      0.02257677113698696586	      0.03026967212877818003	      0.16347527307273312935	      0.68735051439449756927	     -0.29471455165883103655	      0.05806584134659544677	     -3.90663131437185340289	     -1.88999289549581939163	     -0.16273070384365406760	     -0.13322090028829680630	     -0.25157452791952189530	     -2.54507248505599248389	     -0.50945678250385573183
      1.31799999999996542144	      0.28351457360488002690	      0.28351457360488002690	      0.28351457360488002690	      0.02469854516337071856	      0.03471036335616130286	      0.16611149983746842373	      0.71319593173845163836	     -0.30116887503540251680	      0.04319197427224833602	     -3.94721854821570827809	     -1.94523417336589310445	     -0.17828021713991029640	     -0.13556599686416290207	     -0.25096739456870958973	     -2.52663695048300196433	     -0.48581933964004003768
      1.31899999999996531130	      0.28478179579830015244	      0.28478179579830015244	      0.28478179579830015244	      0.02688043201896973822	      0.03907844650865213709	      0.16872048128186198368	      0.73925864100651406119	     -0.30782581784328016949	      0.02814510815232100852	     -3.98759190188460177495	     -2.00166216287800180496	     -0.19392154023491769976	     -0.13796517381366726895	     -0.25032351695553728410	     -2.50775287038338667855	     -0.46206110329417954263
      1.31999999999996520117	      0.28603101472421127438	      0.28603101472421127438	      0.28603101472421127438	      0.02912158290598738930	      0.04336887565793881572	      0.17130244279895354143	      0.76551944480091449474	     -0.31468412954348401467	      0.01292882034741058006	     -4.02775443905389973764	     -2.05756024060908471185	     -0.20966224122315876843	     -0.14041696964216779375	     -0.24964410114278656749	     -2.48843328417382414486	     -0.43759744475331202596
      1.32099999999996509104	      0.28726159352669949909	      0.28726159352669949909	      0.28726159352669949909	      0.03142152746792668122	      0.04757946680420419711	      0.17385544892039675458	      0.79197130911894775274	     -0.32174035975712345081	     -0.00244538966704302939	     -4.06769339438346655413	     -2.11289256789579837914	     -0.22549871862060913430	     -0.14292345499782979634	     -0.24892666046023115278	     -2.46869119736399245113	     -0.41242783987954073632
      1.32199999999996498090	      0.28847165872326235858	      0.28847165872326235858	      0.28847165872326235858	      0.03377978468042466126	      0.05170827059849593399	      0.17637749307652111908	      0.81860802393768838936	     -0.32899079187924801237	     -0.01796605883193320291	     -4.10739401055493136283	     -2.16771091789896530599	     -0.24142626973145786540	     -0.14548676713833530449	     -0.24816819798214515003	     -2.44853944125516687080	     -0.38658760866543812051
      1.32299999999996487077	      0.28965844507756860482	      0.28965844507756860482	      0.28965844507756860482	      0.03619675274760206229	      0.05575636455551607334	      0.17886416006967931214	      0.84543364831620226862	     -0.33643877666239330182	     -0.03363771651746197411	     -4.14682252783608529256	     -2.22355124667425263496	     -0.25742622732790276796	     -0.14811852112089007871	     -0.24735286082874907709	     -2.42799866174899525717	     -0.36070482344736198854
      1.32399999999996476063	      0.29082080173862218109	      0.29082080173862218109	      0.29082080173862218109	      0.03867185799976519817	      0.05972189416546772045	      0.18131350449223496146	      0.87243993512447481908	     -0.34408193209280601987	     -0.04945332411918992171	     -4.18596203931012400545	     -2.28035628355831354597	     -0.27349383633008456096	     -0.15082175603194769575	     -0.24647618104811247486	     -2.40708399637293712914	     -0.33479765618594525822
      1.32499999999996465050	      0.29195922707692695264	      0.29195922707692695264	      0.29195922707692695264	      0.04120361384017932893	      0.06360003890778274938	      0.18372603708203533168	      0.89960735317296491864	     -0.35191313318826089596	     -0.06539716133020544164	     -4.22481780632326220370	     -2.33650239023160732899	     -0.28963853865989069858	     -0.15359142250114352080	     -0.24554428385705442950	     -2.38580348383896723163	     -0.30827559770085227742
      1.32599999999996454036	      0.29307340833852679740	      0.29307340833852679740	      0.29307340833852679740	      0.04379118893721763162	      0.06738892252856007459	      0.18609996770621572981	      0.92692807984206937455	     -0.35992763350528172994	     -0.08145748792233814539	     -4.26337726855245602309	     -2.39194537593157896538	     -0.30585665031876224651	     -0.15642867313899300186	     -0.24455534515169052856	     -2.36416946100939462383	     -0.28113827384300027479
      1.32699999999996443023	      0.29416168657466107428	      0.29416168657466107428	      0.29416168657466107428	      0.04643372753318258939	      0.07108691710637671246	      0.18843343695095507440	      0.95439496873736606730	     -0.36812075952908873688	     -0.09762313635471848994	     -4.30162586135669222642	     -2.44672492489354453937	     -0.32214345200913369061	     -0.15933500298707850562	     -0.24350690588798254432	     -2.34219436909969891403	     -0.25342076421838438671
      1.32799999999996432010	      0.29522155814866340995	      0.29522155814866340995	      0.29522155814866340995	      0.04913141328526855756	      0.07469545701362574619	      0.19072212162544069369	      0.98201083585067461268	     -0.37649762905971861926	     -0.11390623054179106755	     -4.33952831928349169743	     -2.50229790236953242299	     -0.33847884260884286700	     -0.16232363649191799970	     -0.24237983929339862454	     -2.31990251674766279066	     -0.22576030901950411289
      1.32899999999996420996	      0.29625228255444674419	      0.29625228255444674419	      0.29625228255444674419	      0.05188329380609731090	      0.07821300034570080606	      0.19296434149132829505	      1.00976735562774044830	     -0.38505397663390655838	     -0.13029860844104701467	     -4.37706801665279954250	     -2.55861365323674849748	     -0.35485762322417041537	     -0.16539631613797059484	     -0.24117045230284930857	     -2.29730805725783282512	     -0.19817408289460791693
      1.32999999999996409983	      0.29725488290246226963	      0.29725488290246226963	      0.29725488290246226963	      0.05468735132828597689	      0.08163500671896350980	      0.19516102360197809529	      1.03764589351199365552	     -0.39377699866286786090	     -0.14677416288856884319	     -4.41425198932626905446	     -2.61412262659657113062	     -0.37128977267364804415	     -0.16854379338186806225	     -0.23988995364384249620	     -2.27441327629866352211	     -0.17006507012975660698
      1.33099999999996398969	      0.29822957417007134318	      0.29822957417007134318	      0.29822957417007134318	      0.05754246714287238051	      0.08495995127833025351	      0.19731067340753219441	      1.06563900810066258806	     -0.40266088478788153449	     -0.16332270562732764674	     -4.45106802482992591763	     -2.66876836677156203947	     -0.38777042235948999682	     -0.17176613855133845976	     -0.23853650802788456398	     -2.25122996071677183849	     -0.14143237474624034689
      1.33199999999996387956	      0.29917514914214060617	      0.29917514914214060617	      0.29917514914214060617	      0.06044748560417689820	      0.08818657589535013053	      0.19941172294915390784	      1.09373980240296053701	     -0.41170013304751545968	     -0.17993493763957510434	     -4.48750190990082398201	     -2.72257737712667191587	     -0.40429376226682584017	     -0.17506398700484082642	     -0.23710757114524066980	     -2.22777023867078272090	     -0.11230979928857069694
      1.33299999999996376943	      0.30008960328019329555	      0.30008960328019329555	      0.30008960328019329555	      0.06340231747303268217	      0.09131670324261931260	      0.20146013127288275868	      1.12195119119242159300	     -0.42089870393949530003	     -0.19662429818096935352	     -4.52351614328533191411	     -2.77696023343775388881	     -0.42083785564621051245	     -0.17845021841610161917	     -0.23558309381426495444	     -2.20405955747524862076	     -0.08334633934113364062
      1.33399999999996365929	      0.30097273844759664385	      0.30097273844759664385	      0.30097273844759664385	      0.06640568088068690700	      0.09434918972825943884	      0.20345457437980535298	      1.15026561601771049048	     -0.43025018178180812756	     -0.21338159602583325891	     -4.55909427330928540556	     -2.83187094173404307895	     -0.43739637818966936589	     -0.18192487537173321344	     -0.23396031553198667896	     -2.18011057539002717220	     -0.05456042907258017161
      1.33499999999996354916	      0.30182611665251624089	      0.30182611665251624089	      0.30182611665251624089	      0.06945515910667632298	      0.09727990733505779974	      0.20539639686906566163	      1.17866566971655029050	     -0.43973830246332906713	     -0.23017625615175013598	     -4.59424574319965017821	     -2.88580780918998636153	     -0.45397905317048409257	     -0.18547549611941963055	     -0.23225377462890708924	     -2.15592122606174152466	     -0.02534571136531924701
      1.33599999999996343902	      0.30265048260587018580	      0.30265048260587018580	      0.30265048260587018580	      0.07254937719116232031	      0.10010779580710850445	      0.20728444110572838421	      1.20714460081088503784	     -0.44935645784499234079	     -0.24700043869684895625	     -4.62895889923524794796	     -2.93870191109084410996	     -0.47057964784733424812	     -0.18910109732726820830	     -0.23046150409413523885	     -2.13150281018178322512	      0.00430039062572416114
      1.33699999999996332889	      0.30344512855851896171	      0.30344512855851896171	      0.30344512855851896171	      0.07568691614413321223	      0.10283208218273647006	      0.20911747271748429289	      1.23569618133740899424	     -0.45909839103964544815	     -0.26384717841079530221	     -4.66322003786962291372	     -2.99056869183648110777	     -0.48719101583453766624	     -0.19280135880135326754	     -0.22858085511965559045	     -2.10686706691517233736	      0.03434616970720850981
      1.33799999999996321876	      0.30420857363600811718	      0.30420857363600811718	      0.30420857363600811718	      0.07886733235648782370	      0.10545509562023160088	      0.21089178408063405379	      1.26432404163451295176	     -0.46896417628255265830	     -0.28072454610637315175	     -4.69698888753121757134	     -3.04280399931160028260	     -0.50378969004811835486	     -0.19658720958027395276	     -0.22659359497616224366	     -2.08203801134060784150	      0.06412286173035026959
      1.33899999999996310862	      0.30494106781688440355	      0.30494106781688440355	      0.30494106781688440355	      0.08208903748972615211	      0.10797625152029605156	      0.21260637459937928306	      1.29302128259707704849	     -0.47894553754616620012	     -0.29762273242939685236	     -4.73024936335193757486	     -3.09536304330052036704	     -0.52036841728887639480	     -0.20045714891018845405	     -0.22449806211884429374	     -2.05702677064685390818	      0.09360824619383573131
      1.33999999999996299849	      0.30564450909028212378	      0.30564450909028212378	      0.30564450909028212378	      0.08534932758869040459	      0.11039202254833095640	      0.21426290360695454673	      1.32177103481340085800	     -0.48902602398958178176	     -0.31451415442920466203	     -4.76301454028577353483	     -3.14676728044640441340	     -0.53693680637296314906	     -0.20439736199867417077	     -0.22230970673737526777	     -2.03182946250571294655	      0.12342572085134936866
      1.34099999999996288835	      0.30631996302676217647	      0.30631996302676217647	      0.30631996302676217647	      0.08864655571357804575	      0.11270198403758695249	      0.21586048641076630017	      1.35056664682787164189	     -0.49919841701427464242	     -0.33139286310175780637	     -4.79527353951064227999	     -3.19693757847214321544	     -0.55348804704016385525	     -0.20840597828862925112	     -0.22002697995240405593	     -2.00645681836791878183	      0.15358039205134299543
      1.34199999999996277822	      0.30696705536798879477	      0.30696705536798879477	      0.30696705536798879477	      0.09197903074275509683	      0.11490601268442224292	      0.21739816337585782247	      1.37940209982012618184	     -0.50945570448291188637	     -0.34825347067906831100	     -4.82701331833944635719	     -3.24588188626050877517	     -0.57001434584330790134	     -0.21248176792704182025	     -0.21764776141628891515	     -1.98091995579393431726	      0.18404250154548421059
      1.34299999999996266808	      0.30758463609289032892	      0.30758463609289032892	      0.30758463609289032892	      0.09534588665469298507	      0.11700711187381448997	      0.21887247756455621706	      1.40828156009763438838	     -0.51979281300965674006	     -0.36509482523626179962	     -4.85819116995362154654	     -3.29500641122097714941	     -0.58649158771322573713	     -0.21663324576801468169	     -0.21515732865369127658	     -1.95524013764655113512	      0.21411302350066865885
      1.34399999999996255795	      0.30817313931275447381	      0.30817313931275447381	      0.30817313931275447381	      0.09874522918106780345	      0.11900542327689776767	      0.22028264615945253313	      1.43719791499349724972	     -0.53020033122583187790	     -0.38190712608557059182	     -4.88879180954314040974	     -3.34426322672743747688	     -0.60291252172536891063	     -0.22085794552855964046	     -0.21255524375780021629	     -1.92942730800422279636	      0.24376510673579326882
      1.34499999999996244782	      0.30873448929762803417	      0.30873448929762803417	      0.30873448929762803417	      0.10217413204662374737	      0.12089817077725323324	      0.22163052649991174525	      1.46613352446676947771	     -0.54066440583777553019	     -0.39867122543271105162	     -4.91883287117400236355	     -3.39217674005694602712	     -0.61928755411881986070	     -0.22514235422984960056	     -0.20985619537055952288	     -1.90347793042489543680	      0.27365077770239787380
      1.34599999999996233768	      0.30926977060358562532	      0.30926977060358562532	      0.30926977060358562532	      0.10563063999290449313	      0.12268569622964667354	      0.22291540848479540760	      1.49508086045631816141	     -0.55117731077858578281	     -0.41538182634289033679	     -4.94830448942224876419	     -3.43866341739643921471	     -0.63561055626598084167	     -0.22948394969003138577	     -0.20705991517571042948	     -1.87740191325943617251	      0.30377578406962918445
      1.34699999999996222755	      0.30977866905411893805	      0.30977866905411893805	      0.30977866905411893805	      0.10911275981689880221	      0.12436863575412430982	      0.22413651588363936451	      1.52403320633789229888	     -0.56173129131174259765	     -0.43203374536076855073	     -4.97719448027839739268	     -3.48372934670511869015	     -0.65187428541011549488	     -0.23388077925224051712	     -0.20416567451331424365	     -1.85120942323906856330	      0.33410930259307014545
      1.34799999999996211741	      0.31026008419534489846	      0.31026008419534489846	      0.31026008419534489846	      0.11261918447038327118	      0.12595075502306513071	      0.22529052830129345231	      1.55299455452144608003	     -0.57231677074961850860	     -0.44861701422553507124	     -5.00545887414246060132	     -3.52880037512608346617	     -0.66805504317115271817	     -0.23833973339941255665	     -0.20116205207764734086	     -1.82491943260988098707	      0.36392002049499688754
      1.34899999999996200728	      0.31071435602091007633	      0.31071435602091007633	      0.31071435602091007633	      0.11614771535131514224	      0.12743298723640719694	      0.22637679531685786505	      1.58195655264033208098	     -0.58292405262731983306	     -0.46512246469156259820	     -5.03308366373303073260	     -3.57382132573191269032	     -0.68414670201074712086	     -0.24285804870051846960	     -0.19804984245196169401	     -1.79854114013087107438	      0.39317864264340562919
      1.34999999999996189715	      0.31114318481433900221	      0.31114318481433900221	      0.31114318481433900221	      0.11969523107852145238	      0.12881334333544472437	      0.22739731852575675863	      1.61089969242644803771	     -0.59354307037860820628	     -0.48154073215815218489	     -5.06009111705119352109	     -3.61731048766632667935	     -0.70016151256608694098	     -0.24742314732502954100	     -0.19484291324009714308	     -1.77207194103158505172	      0.42257255487747086287
      1.35099999999996178701	      0.31154744315136762012	      0.31154744315136762012	      0.31154744315136762012	      0.12325945092137935433	      0.13009295369994350322	      0.22835150205043705518	      1.63981491613243179906	     -0.60416556181912195456	     -0.49786572729335248910	     -5.08647259112999794439	     -3.65918854593612064008	     -0.71609501763083893700	     -0.25203207641900615688	     -0.19154290361976245016	     -1.74552056975257441351	      0.45210366890164066511
      1.35199999999996167688	      0.31192665542345787699	      0.31192665542345787699	      0.31192665542345787699	      0.12683806738922559498	      0.13127321805661659737	      0.22923869323166437550	      1.66869412527566640669	     -0.61478305018452084063	     -0.51409113420666929795	     -5.11221696758422883278	     -3.69946641612830839918	     -0.73194152065008399877	     -0.25668242292957804684	     -0.18815102894643681575	     -1.71889592865350171458	      0.48173517393649534224
      1.35299999999996156674	      0.31227957361889374654	      0.31227957361889374654	      0.31227957361889374654	      0.13042939433137007432	      0.13235861862898834485	      0.23005565654313564483	      1.69754038468592938216	     -0.62538368134741195714	     -0.53020256403037935300	     -5.13728052396418011227	     -3.73957696091290703322	     -0.74767850700518512230	     -0.26138084565269253945	     -0.18465757488269909925	     -1.69221647005042008516	      0.51071851649314181643
      1.35399999999996145661	      0.31260630246926063291	      0.31260630246926063291	      0.31260630246926063291	      0.13403096030619632284	      0.13335082108443011006	      0.23080186284486819970	      1.72634359660022940197	     -0.63595811346914921103	     -0.54619190229906622314	     -5.16165087133337152636	     -3.77945544451076331782	     -0.76330165104545733001	     -0.26612470253604730841	     -0.18106450584234873302	     -1.66549086338212770642	      0.53902634719983377742
      1.35499999999996134648	      0.31290824441163700431	      0.31290824441163700431	      0.31290824441163700431	      0.13763946384076852780	      0.13424855533068472124	      0.23147948093588147089	      1.75508221115193796535	     -0.64649929292844487971	     -0.56205655462427706048	     -5.18535407820795679612	     -3.81762036456420483788	     -0.77882551795420729146	     -0.27090187684921868128	     -0.17738615781546140937	     -1.63871620598946821090	      0.56737280079470331362
      1.35599999999996123634	      0.31318601266726819876	      0.31318601266726819876	      0.31318601266726819876	      0.14125232991267644422	      0.13505364469731229171	      0.23208804509407165995	      1.78374580759406398123	     -0.65699832642008360040	     -0.57778867801367850277	     -5.20838290759287136922	     -3.85400850813301376618	     -0.79424753246115964433	     -0.27570911530148767277	     -0.17362609519569383032	     -1.61189974490881637870	      0.59575159200982097385
      1.35699999999996112621	      0.31343891847920907212	      0.31343891847920907212	      0.31343891847920907212	      0.14486697140585891308	      0.13576814658253261170	      0.23262703799673983829	      1.81232492993730076591	     -0.66744608294146645644	     -0.59338016226001244480	     -5.23072749300494344027	     -3.88864286806637871052	     -0.80956382747458621729	     -0.28054377241569400381	     -0.16978739521186245187	     -1.58504893308730898660	      0.62411631712641124636
      1.35799999999996101607	      0.31366556526323413623	      0.31366556526323413623	      0.31366556526323413623	      0.14848147514025791804	      0.13639709523249674006	      0.23309337154678574922	      1.84082115097428311579	     -0.67783129628923444177	     -0.60881860446859881186	     -5.25234538604187672917	     -3.92291900210354915757	     -0.82475326726698028335	     -0.28541340702826056841	     -0.16586029159868329041	     -1.55818367260096413141	      0.65173151802931705845
      1.35899999999996090594	      0.31386588015260724616	      0.31386588015260724616	      0.31386588015260724616	      0.15209316271310302504	      0.13694273354892666505	      0.23348670668049920085	      1.86922306785859104750	     -0.68814517890625137575	     -0.62409698361140841794	     -5.27322611733599888595	     -3.95677113699822102788	     -0.83981327484449797005	     -0.29031549252791311044	     -0.16184779546134306361	     -1.53131194232081790929	      0.67857634915954179178
      1.35999999999996079580	      0.31404107403465653103	      0.31404107403465653103	      0.31404107403465653103	      0.15569855621083036890	      0.13740438575682603628	      0.23380944410769596842	      1.89750825555821256430	     -0.69838141010895149474	     -0.63921360427079609856	     -5.29339852883555472829	     -3.98875684538213182151	     -0.85476034259335775811	     -0.29523729568758200204	     -0.15776619882022599461	     -1.50442826560985332129	      0.70536612297100476088
      1.36099999999996068567	      0.31419163107984976469	      0.31419163107984976469	      0.31419163107984976469	      0.15929490278633762212	      0.13778443395113623704	      0.23406133548646390619	      1.92566527963436517901	     -0.70853058151082948246	     -0.65415917638304132975	     -5.31285612016829400517	     -4.01880140105489047642	     -0.86959313934721937933	     -0.30017531171326750083	     -0.15362047015843821596	     -1.47753838043547203185	      0.73208454313867166174
      1.36199999999996057554	      0.31431678032648208143	      0.31431678032648208143	      0.31431678032648208143	      0.16287941963506816223	      0.13808544125284480386	      0.23424206696583396714	      1.95368413780142113900	     -0.71858310748881482066	     -0.66892424088347623989	     -5.33159057396169089316	     -4.04695197150288432653	     -0.88430917893224081361	     -0.30512675581746540043	     -0.14941492541589396215	     -1.45064833052371389144	      0.75867538330145523062
      1.36299999999996046540	      0.31441516710086514497	      0.31441516710086514497	      0.31441516710086514497	      0.16645007697818142711	      0.13831274097893292430	      0.23434883052658864178	      1.98156623199870240981	     -0.72853024341966154953	     -0.68350318004189747345	     -5.34956294627592310320	     -4.07460601177525472139	     -0.89888855767343434078	     -0.31010017738709932944	     -0.14513886270487638686	     -1.42378028086795715978	      0.78445213030841287605
      1.36399999999996035527	      0.31448672079010703273	      0.31448672079010703273	      0.31448672079010703273	      0.17000418752165855074	      0.13846906835485237042	      0.23438162264606401952	      2.00929769090888177274	     -0.73836385712247021296	     -0.69789043264795003196	     -5.36676183835266584765	     -4.10155861648073916115	     -0.91332962681764118251	     -0.31509292877110528508	     -0.14079636523665187142	     -1.39694143966240336141	      0.80940398353542297727
      1.36499999999996024513	      0.31453265351151593610	      0.31453265351151593610	      0.31453265351151593610	      0.17353810363198290956	      0.13855422851909990345	      0.23434311635209817415	      2.03685733922555378683	     -0.74807584565280005329	     -0.71207948856766978274	     -5.38321840694902409297	     -4.12647767902689732722	     -0.92764981570119176002	     -0.32009075827194255481	     -0.13640623944247576294	     -1.37012182159150341931	      0.83421111724485019767
      1.36599999999996013500	      0.31455355285801972487	      0.31455355285801972487	      0.31455355285801972487	      0.17704891849627646394	      0.13857093660592875728	      0.23423334043320184761	      2.06423595735715892374	     -0.75765623951873162234	     -0.72606018831916152578	     -5.39892957879121038189	     -4.14942330176480123072	     -0.94184831814091884983	     -0.32508969905591700300	     -0.13197388354081643347	     -1.34332554201683551653	      0.85884861795490419212
      1.36699999999996002487	      0.31454877241300333024	      0.31454877241300333024	      0.31454877241300333024	      0.18053385111260322748	      0.13852216981718187827	      0.23405231327562539545	      2.09142245504051693672	     -0.76709556386873722911	     -0.73982352486127067603	     -5.41388656669704637636	     -4.17036470109330803524	     -0.95592306289656714391	     -0.33008684560849516076	     -0.12750416380034937380	     -1.31655770426372065174	      0.88325546018499190293
      1.36799999999995991473	      0.31451723035792916727	      0.31451723035792916727	      0.31451723035792916727	      0.18399102012713822174	      0.13841346882663702056	      0.23379772599141135370	      2.11841574889772310542	     -0.77638847839706470744	     -0.75337299989692863011	     -5.42805075479741816480	     -4.19048576824945850916	     -0.96985491932881862098	     -0.33509102514101729575	     -0.12298619106874426887	     -1.28984264061289422010	      0.90682168952633157577
      1.36899999999995980460	      0.31445910164393148234	      0.31445910164393148234	      0.31445910164393148234	      0.18741760513957625434	      0.13824775120258833705	      0.23346991641166081610	      2.14520533604606100653	     -0.78552647002914821606	     -0.76670281517374894165	     -5.44141592846378063797	     -4.20976626750558047263	     -0.98364283741683189444	     -0.34009870775853096037	     -0.11842458188916112072	     -1.26318575858851422922	      0.92954415482285701611
      1.36999999999995969446	      0.31437573452656430995	      0.31437573452656430995	      0.31437573452656430995	      0.19080993167596940752	      0.13802529390486856231	      0.23307186075403460435	      2.17177111431951352927	     -0.79449857320011374462	     -0.77979955227429464948	     -5.45401255144905316996	     -4.22691566353818348745	     -0.99730396352326511344	     -0.34509412129121841417	     -0.11383995446038258637	     -1.23657238203227226592	      0.95203545801025646345
      1.37099999999995958433	      0.31426796022143277387	      0.31426796022143277387	      0.31426796022143277387	      0.19416519514589414275	      0.13774911626148911292	      0.23260399893041613928	      2.19810403436276624589	     -0.80329506084971058488	     -0.79265453259965301669	     -5.46583749772312810222	     -4.24194040749212764041	     -1.01083718626989993439	     -0.35007289462207225039	     -0.10923760501448989690	     -1.21000576896248079883	      0.97427097683855057308
      1.37199999999995947420	      0.31413546077250381616	      0.31413546077250381616	      0.31413546077250381616	      0.19748061041295802975	      0.13742237280627817020	      0.23206670585921806982	      2.22419547464178135598	     -0.81190654290776620439	     -0.80525986043069019971	     -5.47688519588819389128	     -4.25491822294046073694	     -1.02424055889045417800	     -0.35503164982759283230	     -0.10462207760629226028	     -1.18349007877905831876	      0.99619366766354666698
      1.37299999999995936406	      0.31397760342185021543	      0.31397760342185021543	      0.31397760342185021543	      0.20075447872612658951	      0.13705066048784020349	      0.23145826810667527451	      2.25004301855477306660	     -0.82032991274192035291	     -0.81762564537111936946	     -5.48711834261369091337	     -4.26685247205504314394	     -1.03749578187050683908	     -0.35997803471473183157	     -0.09998365410929738184	     -1.15705002270368040307	      1.01726992248169412214
      1.37399999999995925393	      0.31379488490219631380	      0.31379488490219631380	      0.31379488490219631380	      0.20398408477172641495	      0.13663709666739429216	      0.23077945355060477950	      2.27563702990160710016	     -0.82855649222013338928	     -0.82974657382586514132	     -5.49653197999147113961	     -4.27770674411724627362	     -1.05060183286782038437	     -0.36490751832219281425	     -0.09532744774959292511	     -1.13068950694476422214	      1.03750127358276156286
      1.37499999999995914379	      0.31358881805131122444	      0.31358881805131122444	      0.31358881805131122444	      0.20716574845923524384	      0.13618230531741343237	      0.23003346297665533404	      2.30096087867653187331	     -0.83657262290931466708	     -0.84160315894912729462	     -5.50515779971362739786	     -4.28637036273223959171	     -1.06357510915953445974	     -0.36980346629478666465	     -0.09067392689323823529	     -1.10439026145235108523	      1.05742221979927797371
      1.37599999999995903366	      0.31336050373180918127	      0.31336050373180918127	      0.31336050373180918127	      0.21029682699805954393	      0.13568948299201372132	      0.22922114129679616035	      2.32600667119264858940	     -0.84436917619092677345	     -0.85318917006846994866	     -5.51299373502491718568	     -4.29285373244102341772	     -1.07641433117104656780	     -0.37466102195446443490	     -0.08602788030252242479	     -1.07815501678863490120	      1.07701766757081962567
      1.37699999999995892352	      0.31310998797943218053	      0.31310998797943218053	      0.31310998797943218053	      0.21337472299008466980	      0.13516194037178566600	      0.22834326274615845964	      2.35076666975555159667	     -0.85193744705950824603	     -0.86449938310411478248	     -5.52003541400652153470	     -4.29722671962692537306	     -1.08911758079577580816	     -0.37947627078043461024	     -0.08139341181104524370	     -1.05198756421910033509	      1.09624496426879414201
      1.37799999999995881339	      0.31283709001627590940	      0.31283709001627590940	      0.31283709001627590940	      0.21639790384963641934	      0.13460526374239742409	      0.22739866485104884286	      2.37523818086142624040	     -0.85927452591886399613	     -0.87554548276557508935	     -5.52624802383116087157	     -4.30036242758708020517	     -1.10166767144125077316	     -0.38425440948746930614	     -0.07676331505412563316	     -1.02591085675905469010	      1.11461777289812080660
      1.37899999999995870326	      0.31254257155463410767	      0.31254257155463410767	      0.31254257155463410767	      0.21936382673395921072	      0.13402271733690995781	      0.22638846987087038465	      2.39941280413464941290	     -0.86637160221448306086	     -0.88632254673146149138	     -5.53162834511260559367	     -4.30223537218485141409	     -1.11406378107483416962	     -0.38898994928563757068	     -0.07214289184811524536	     -0.99992747066268927725	      1.13213674562027044601
      1.37999999999995859312	      0.31222799179165061645	      0.31222799179165061645	      0.31222799179165061645	      0.22226896355955694240	      0.13341524170810936667	      0.22531601988492999666	      2.42327665319722918014	     -0.87321430312940695462	     -0.89680952018415061033	     -5.53620861438616884698	     -4.30189034424777894117	     -1.12632158248967151337	     -0.39366672332838142934	     -0.06755060447776328747	     -0.97401806668900881014	      1.14927887147271379220
      1.38099999999995848299	      0.31189458894999888550	      0.31189458894999888550	      0.31189458894999888550	      0.22511091524100362848	      0.13278617533305839271	      0.22418248859395212280	      2.44682253584934583657	     -0.87979459779273894160	     -0.90700320882440288450	     -5.53998785032723173316	     -4.29933213528205726561	     -1.13844009424369096983	     -0.39827954468230702956	     -0.06299090205567894896	     -0.94818520942408446306	      1.16604635902581343920
      1.38199999999995837285	      0.31154267237228816523	      0.31154267237228816523	      0.31154267237228816523	      0.22788736484716551334	      0.13213895975629291746	      0.22298896324052344675	      2.47004329222807417210	     -0.88610478291280958540	     -0.91690138029550960486	     -5.54296298548321964006	     -4.29461825558162590966	     -1.15041784027265814316	     -0.40282397339216796661	     -0.05846765510931473120	     -0.92243254971623322991	      1.18241695775917143862
      1.38299999999995826272	      0.31117235467217435607	      0.31117235467217435607	      0.31117235467217435607	      0.23059691235813642440	      0.13147919158164209086	      0.22173464804953277318	      2.49293664032886441717	     -0.89214021511218111193	     -0.92651196097946220132	     -5.54510263035229122863	     -4.28853982496381558320	     -1.16223905252703985092	     -0.40730227820358638757	     -0.05397658546841575117	     -0.89677973498469609748	      1.19790357336981889702
      1.38399999999995815259	      0.31078448569666466961	      0.31078448569666466961	      0.31078448569666466961	      0.23323725771090789149	      0.13081028736732591700	      0.22042087446616892565	      2.51549512887054405041	     -0.89789238746063204655	     -0.93583066588309471445	     -5.54640538852028974759	     -4.28108432300165908657	     -1.17390344696905901678	     -0.41170845568860692243	     -0.04952297185781406874	     -0.87122848466524072109	      1.21250218594475689393
      1.38499999999995804245	      0.31038049227099778760	      0.31038049227099778760	      0.31038049227099778760	      0.23580519269660948911	      0.13013347929654991986	      0.21905103553022498009	      2.53770643654668104361	     -0.90334893258549719963	     -0.94484055819771395335	     -5.54690340847917884304	     -4.27141260170350545167	     -1.18542635477765334606	     -0.41602815380511687371	     -0.04512239385389862217	     -0.84576096154642432801	      1.22667797243573795107
      1.38599999999995793232	      0.30996154267409042893	      0.30996154267409042893	      0.30996154267409042893	      0.23829860645237549432	      0.12945225415365038679	      0.21762649142259848922	      2.55956366886816777395	     -0.90850322097136482213	     -0.95354107331822701710	     -5.54659684231444849445	     -4.25951980500163962517	     -1.19680753545729801068	     -0.42025621191219986184	     -0.04077935896321141507	     -0.82037974825696091674	      1.24045307353391076610
      1.38699999999995782218	      0.30952802554112890387	      0.30952802554112890387	      0.30952802554112890387	      0.24071551778756442030	      0.12877020418237178356	      0.21614848846364284607	      2.58105994614292733047	     -0.91334870894825714860	     -0.96193235718998604256	     -5.54548398301358869134	     -4.24544947238517522692	     -1.20804632790060018088	     -0.42438792134119335264	     -0.03649787238080286905	     -0.79508843895612979491	      1.25382506232069834695
      1.38799999999995771205	      0.30908013037508758059	      0.30908013037508758059	      0.30908013037508758059	      0.24305463988711634160	      0.12809298659894222117	      0.21461634421650646609	      2.60219418785142098116	     -0.91787818357231365507	     -0.97001540628996896221	     -5.54353785099888973775	     -4.22996479105562173118	     -1.21912841526683957127	     -0.42842304176096540624	     -0.03227604059553285110	     -0.76990284887805471303	      1.26625805050711393029
      1.38899999999995760191	      0.30861860223679532522	      0.30861860223679532522	      0.30861860223679532522	      0.24531397150707606736	      0.12742419024020684715	      0.21303143374970340274	      2.62295969551682217613	     -0.92208411945116597330	     -0.97778697596906016809	     -5.54075883982265260386	     -4.21306555106169611236	     -1.23005420532847131732	     -0.43235572737760918915	     -0.02811907819370018657	     -0.74482436632001969290	      1.27774326220453615655
      1.38999999999995749178	      0.30814458579818254647	      0.30814458579818254647	      0.30814458579818254647	      0.24749076300616593138	      0.12676531684234390585	      0.21139714107827131673	      2.64334453341107433744	     -0.92595841222000596638	     -0.98523850564474824143	     -5.53717808745737283260	     -4.19397266466944351748	     -1.24083897176286828135	     -0.43617438735635444269	     -0.02404004759318534995	     -0.71983834420435677259	      1.28878703148343687346
      1.39099999999995738165	      0.30765900447657701378	      0.30765900447657701378	      0.30765900447657701378	      0.24958320054763047380	      0.12612000243424056900	      0.20971486541410425120	      2.66334221084265809765	     -0.92949595187203604141	     -0.99237100886380980036	     -5.53279692818150703459	     -4.17267859886451919493	     -1.25148323982666065390	     -0.43987437736799162025	     -0.02004383121092436632	     -0.69494738301546310488	      1.29942721038555619728
      1.39199999999995727151	      0.30716216158638787181	      0.30716216158638787181	      0.30716216158638787181	      0.25158964575746967096	      0.12549198535138109123	      0.20798586761190884786	      2.68294628397078227522	     -0.93269141500654251242	     -0.99918586260285602307	     -5.52761504557209537580	     -4.14922220563477672783	     -1.26198716927127629894	     -0.44345117735945721593	     -0.01613480070777898595	     -0.67015495898817722953	      1.30967372154263461681
      1.39299999999995716138	      0.30665416782101906357	      0.30665416782101906357	      0.30665416782101906357	      0.25350894324504341659	      0.12488697247278301994	      0.20620940853522679026	      2.70215742163099603701	     -0.93553566137397337066	     -1.00567727693703190539	     -5.52161040641276912311	     -4.12436376874140542270	     -1.27233761544846002423	     -0.44690309154341456566	     -0.01231237743198639739	     -0.64547338707022949844	      1.31891404843239579137
      1.39399999999995705124	      0.30613554775259649299	      0.30613554775259649299	      0.30613554775259649299	      0.25533941141172772360	      0.12430866760993761200	      0.20438682786043047002	      2.72096974769845845188	     -0.93802282911699375045	     -1.01184338530103334897	     -5.51478498867669575390	     -4.09811132578738313015	     -1.28253552444422203038	     -0.45022511082389493620	     -0.00858172588165597577	     -0.62090402683686340968	      1.32713828593767768638
      1.39499999999995694111	      0.30560710113948302835	      0.30560710113948302835	      0.30560710113948302835	      0.25707879997206478651	      0.12375873874185421009	      0.20252152112352952984	      2.73937120641450793102	     -0.94014996061349687118	     -1.01768504859605624091	     -5.50716799984819527225	     -4.06970703778796050187	     -1.29259610196943430793	     -0.45340876739114072125	     -0.00495434115946089861	     -0.59643579423525017180	      1.33493238427437366234
      1.39599999999995683098	      0.30506943741623093747	      0.30506943741623093747	      0.30506943741623093747	      0.25872556677832730943	      0.12324087166511796254	      0.20061487134971014989	      2.75735628695915124808	     -0.94191348798203289316	     -1.02320373893203697691	     -5.49876190827578259501	     -4.03915575993741793326	     -1.30252026233013795675	     -0.45645039909446449844	     -0.00143553294775033806	     -0.57207112296017348374	      1.34233989056822844432
      1.39699999999995672084	      0.30452270060749830893	      0.30452270060749830893	      0.30452270060749830893	      0.26027838000763425796	      0.12275883392474769285	      0.19866811184464591711	      2.77491954763282677732	     -0.94330938208374492948	     -1.02840098256823830880	     -5.48956770659386616984	     -4.00650737439548088048	     -1.31230862458574382146	     -0.45934618203329069530	      0.00196998410365519828	     -0.54781317281195418545	      1.34937132954105210025
      1.39799999999995661071	      0.30396688436683266810	      0.30396688436683266810	      0.30396688436683266810	      0.26173626198961208456	      0.12231823719731049760	      0.19668047034988472843	      2.79206339277909565411	     -0.94432831625652602359	     -1.03326707068025580583	     -5.47956821070179511679	     -3.97249757152596894016	     -1.32194886239036413222	     -0.46209419461112888339	      0.00526259064120218265	     -0.52367142818813261496	      1.35534276704573541927
      1.39899999999995650057	      0.30340228406025465668	      0.30340228406025465668	      0.30340228406025465668	      0.26309784120486268133	      0.12192272712271509660	      0.19465329251931751120	      2.80878306376711206482	     -0.94496658517060672100	     -1.03780165402172341871	     -5.46876666571908565118	     -3.93713765615126698449	     -1.33144209495359833184	     -0.46469075883593480292	      0.00843719085562857213	     -0.49964720467933415593	      1.36024816010528581955
      1.39999999999995639044	      0.30282938048840146728	      0.30282938048840146728	      0.30282938048840146728	      0.26436132158948627557	      0.12157394463000299745	      0.19259004364143453292	      2.82506684815881570216	     -0.94522580560909219560	     -1.04201293425679675231	     -5.45718971176523659494	     -3.89969602604905407617	     -1.34080311246519778834	     -0.46713032777637308879	      0.01148283850059573369	     -0.47573233888887933585	      1.36475896421057130148
      1.40099999999995628031	      0.30224850188879193169	      0.30224850188879193169	      0.30224850188879193169	      0.26552539804571029247	      0.12127542194949207655	      0.19049213333045955654	      2.84091088881878528483	     -0.94510386175235328032	     -1.04590189044847448052	     -5.44484073762072107172	     -3.86020354710706303791	     -1.35003269837653472329	     -0.46941055332807601896	      0.01439420090374131031	     -0.45192887113291940748	      1.36891423978870219180
      1.40199999999995617017	      0.30165964732182698471	      0.30165964732182698471	      0.30165964732182698471	      0.26658899439122218933	      0.12103073330498530236	      0.18836082757020083944	      2.85631137943898494314	     -0.94459807501320725009	     -1.04946939925516025127	     -5.43172181279814392241	     -3.81873315596124962568	     -1.35913143043871409432	     -0.47152874273653216930	      0.01716664501883947286	     -0.42823942930800179552	      1.37271539139933018703
      1.40299999999995606004	      0.30106275802243065431	      0.30106275802243065431	      0.30106275802243065431	      0.26755140202600724564	      0.12084514256530923260	      0.18619550544182303375	      2.87127187253784699195	     -0.94370126228444528582	     -1.05270643008227615667	     -5.41782012725744888115	     -3.77593911898613665556	     -1.36808761130709677367	     -0.47348371480812739831	      0.01980075332938261573	     -0.40467119031068721213	      1.37543876327053227193
      1.40399999999995594990	      0.30045796277313757683	      0.30045796277313757683	      0.30045796277313757683	      0.26841154598076455429	      0.12072197905834483600	      0.18399763431579246875	      2.88578902419825888970	     -0.94241208783183993969	     -1.05561408500307218894	     -5.40313986532488765846	     -3.73183284501182122028	     -1.37690220419548436936	     -0.47527335458490194142	      0.02229164936641286898	     -0.38122520146751426307	      1.37708564902124708240
      1.40499999999995583977	      0.29984548443453473698	      0.29984548443453473698	      0.29984548443453473698	      0.26916798230272120929	      0.12066260401968897931	      0.18177078750696051834	      2.89985255131230657000	     -0.94073498518937681556	     -1.05820353031535030475	     -5.38770475784240332473	     -3.68575574962875185392	     -1.38558913912986780836	     -0.47689452760561867883	      0.02462876782852312096	     -0.35789525811419797829	      1.37838779694608226656
      1.40599999999995572963	      0.29922545328324445801	      0.29922545328324445801	      0.29922545328324445801	      0.26981963740775599669	      0.12067013726342622204	      0.17951649203128330901	      2.91346060232394954426	     -0.93866921947265136161	     -1.06047489081210044581	     -5.37151881506997952442	     -3.63777053739720557246	     -1.39414875717332731320	     -0.47834629201637912654	      0.02680740411649107369	     -0.33468287938389246206	      1.37937291328936884049
      1.40699999999995561950	      0.29859777861705655289	      0.29859777861705655289	      0.29859777861705655289	      0.27036566799086014790	      0.12074769861483640454	      0.17723614487481767488	      2.92661134242416975937	     -0.93621357813937777781	     -1.06242824011488168345	     -5.35458489913514679159	     -3.58797588225786956428	     -1.40258125784388898438	     -0.47962731682287534918	      0.02882359408430356165	     -0.31159005591446592431	      1.38002852494646965908
      1.40799999999995550937	      0.29796244276998823386	      0.29796244276998823386	      0.29796244276998823386	      0.27080575577354476513	      0.12089993780650172550	      0.17492949348861319692	      2.93930855121226253246	     -0.93336505343117948108	     -1.06405967954610658488	     -5.33689406796190901616	     -3.53688031252588253039	     -1.41087569655335376417	     -0.48073767800438715891	      0.03067776765632130448	     -0.28862183469769059352	      1.37963497172635829457
      1.40899999999995539923	      0.29731947662435959101	      0.29731947662435959101	      0.29731947662435959101	      0.27113913280924906157	      0.12112963697226387938	      0.17259820239375112116	      2.95155042883622487082	     -0.93012455760783863123	     -1.06537151477261815558	     -5.31845121303716439343	     -3.48449549486332932346	     -1.41903275315359955755	     -0.48167676818989185739	      0.03236554796699554759	     -0.26577881936596264856	      1.37820128777603367887
      1.40999999999995528910	      0.29666888701132482220	      0.29666888701132482220	      0.29666888701132482220	      0.27136460896403397092	      0.12143768792908356258	      0.17024587612557626204	      2.96332930591056209479	     -0.92649709782283151682	     -1.06637293033882341042	     -5.29927705385168756891	     -3.43030187409919351538	     -1.42706511963607218796	     -0.48244320503723653326	      0.03387753607694782287	     -0.24305621016714468174	      1.37647491359758333829
      1.41099999999995517896	      0.29601068323151480399	      0.29601068323151480399	      0.29601068323151480399	      0.27148139899025686139	      0.12182661554061068043	      0.16787418286797287093	      2.97464521761120659349	     -0.92248336147715637168	     -1.06706370444179987622	     -5.27937601594894978518	     -3.37438894440136927244	     -1.43497272520253482675	     -0.48303727310709559939	      0.03521012323603042726	     -0.22045510648184596381	      1.37447227781867375995
      1.41199999999995506883	      0.29534473084557683054	      0.29534473084557683054	      0.29534473084557683054	      0.27148893334743884331	      0.12229891724392315255	      0.16548467117656964764	      2.98549821271942183998	     -0.91808379810913043340	     -1.06744378260871353170	     -5.25875158776745976752	     -3.31687289782533367699	     -1.44275534929907500725	     -0.48345895999501758977	      0.03636037350377462063	     -0.19797697652391099687	      1.37216970086107648008
      1.41299999999995495870	      0.29467110076322661216	      0.29467110076322661216	      0.29467110076322661216	      0.27138739481754575733	      0.12285847909237815334	      0.16307753721352624687	      2.99589151797240527131	     -0.91330042901966579372	     -1.06751673477563180370	     -5.23739837680887276861	     -3.25807637370607672267	     -1.45040309430597980089	     -0.48370964621428275132	      0.03732796733698717784	     -0.17562475169579877532	      1.36888509375514799693
      1.41399999999995484856	      0.29398976019730582721	      0.29398976019730582721	      0.29398976019730582721	      0.27117636797863076126	      0.12350742341020126691	      0.16065459437709148083	      3.00582479022791959622	     -0.90813602493527045834	     -1.06728577271839042417	     -5.21532188632083215651	     -3.19801454955044617279	     -1.45791646348525461008	     -0.48378992883774535327	      0.03810935416017471183	     -0.15339866297619825231	      1.36463274677360835163
      1.41499999999995473843	      0.29330051954266928016	      0.29330051954266928016	      0.29330051954266928016	      0.27085488542915731047	      0.12424609437033340420	      0.15821929332405873514	      3.01529369370817290630	     -0.90259445086507572586	     -1.06675485171088624270	     -5.19253989533814408475	     -3.13635961677590247021	     -1.46530678702107275413	     -0.48369950032013125929	      0.03869746306168372202	     -0.13129540755232765870	      1.36013429710310385090
      1.41599999999995462829	      0.29260331080786583513	      0.29260331080786583513	      0.29260331080786583513	      0.27042254904996498865	      0.12507635391456370377	      0.15577336967074240093	      3.02429961590512119685	     -0.89667783163153147452	     -1.06592431135113829832	     -5.16905718988257589785	     -3.07321274559764345824	     -1.47257392212115201247	     -0.48343948522331348094	      0.03909004075481480045	     -0.10931596303639459777	      1.35540049441087639970
      1.41699999999995451816	      0.29189796934620199087	      0.29189796934620199087	      0.29189796934620199087	      0.26987914887278108278	      0.12600002317008796027	      0.15331844598977886762	      3.03284400663698461287	     -0.89038836677384991525	     -1.06479493608552688855	     -5.14487786531050339534	     -3.00869091379088349214	     -1.47971749325039425571	     -0.48301089874318009487	      0.03928534927390206488	     -0.08746156610134558917	      1.35040391321715591566
      1.41799999999995440803	      0.29118463740499195280	      0.29118463740499195280	      0.29118463740499195280	      0.26922543702750056926	      0.12702019177601553412	      0.15085506991896530105	      3.04092925479067899275	     -0.88373261620938059480	     -1.06337745897505175918	     -5.11999995393396734045	     -2.94293648583724687384	     -1.48672896959084011037	     -0.48241613797734828051	      0.03928198011910215975	     -0.06573308658090724899	      1.34451121685203967004
      1.41899999999995429789	      0.29046321947622738557	      0.29046321947622738557	      0.29046321947622738557	      0.26846141683063939887	      0.12813831337674366773	      0.14838505080366182209	      3.04855624759331966800	     -0.87671469340189933650	     -1.06167573724521080436	     -5.09442949799352806650	     -2.87597434770762072631	     -1.49360894565406843171	     -0.48165655099773957426	      0.03907751842548182197	     -0.04413068039439065060	      1.33773844328899316203
      1.41999999999995418776	      0.28973335233303271208	      0.28973335233303271208	      0.28973335233303271208	      0.26758639124838379253	      0.12935419158706276677	      0.14591146938301810532	      3.05572400924455500615	     -0.86933663728851029440	     -1.05968781996636840503	     -5.06818130645817443991	     -2.80768524275470143792	     -1.50036753946024314921	     -0.48073228929582761948	      0.03866819081034032074	     -0.02265305332429898635	      1.33075991889762246245
      1.42099999999995407762	      0.28899490958327284096	      0.28899490958327284096	      0.28899490958327284096	      0.26660045676726484842	      0.13066906145649603843	      0.14343599219269295708	      3.06243437937065232646	     -0.86160192856599471245	     -1.05741567662500268732	     -5.04126114293888694107	     -2.73814720088112117935	     -1.50700498596218257497	     -0.47964482490923693314	      0.03805306729253438158	     -0.00130145234919617006	      1.32358884948198052278
      1.42199999999995396749	      0.28824767329981887398	      0.28824767329981887398	      0.28824767329981887398	      0.26550385887760541426	      0.13208411014595053401	      0.14096018046695765746	      3.06868943995237408728	     -0.85351444142042931507	     -1.05486190554833858535	     -5.01367426311495645308	     -2.66744681945792860844	     -1.51352112428180962667	     -0.47839576603180428149	      0.03723153596600832504	      0.01992276186319385037	      1.31620266418421105747
      1.42299999999995385735	      0.28749183774249920109	      0.28749183774249920109	      0.28749183774249920109	      0.26429793559822756244	      0.13360156970290587575	      0.13848465164284190498	      3.07449266249511943272	     -0.84508390097127272789	     -1.05204092062651755057	     -4.98541861090731330819	     -2.59570422110272236438	     -1.51990888191467821144	     -0.47698816537499943990	      0.03620148248234094507	      0.04102071880283610777	      1.30800320781077283883
      1.42399999999995374722	      0.28672726433901779552	      0.28672726433901779552	      0.28672726433901779552	      0.26298318381218882545	      0.13522233538452879675	      0.13601105830686824327	      3.07984451412534854242	     -0.83631504519929611430	     -1.04895768023336488639	     -4.95650311633708451353	     -2.52287735874794361024	     -1.52616941449928233965	     -0.47542355476093300926	      0.03496187867868948834	      0.06199179115167871568	      1.29900584171555122381
      1.42499999999995363709	      0.28595324900167085058	      0.28595324900167085058	      0.28595324900167085058	      0.26155921059432823972	      0.13694607181706769383	      0.13354219532992625541	      3.08474122912845061251	     -0.82720793118519986287	     -1.04560911208729234723	     -4.92695170778763991137	     -2.44863661273290489362	     -1.53231194541020676603	     -0.47370196050313517766	      0.03351238831065542212	      0.08283425047168715971	      1.28984427963241787829
      1.42599999999995352695	      0.28516980685194143197	      0.28516980685194143197	      0.28516980685194143197	      0.26002675544273096131	      0.13877256666284290554	      0.13107910851196324931	      3.08919863199163780010	     -0.81776926516324088823	     -1.04199231657381252703	     -4.89674339764371335804	     -2.37392825123617434713	     -1.53833642929897429497	     -0.47182555678604265470	      0.03185335270860144979	      0.10354785824874808420	      1.28053529646841846024
      1.42699999999995341682	      0.28437753538678872678	      0.28437753538678872678	      0.28437753538678872678	      0.25838691388709639218	      0.14070161665347866164	      0.12862262140385749554	      3.09322843101207567429	     -0.80800503126420575306	     -1.03810642191712299010	     -4.86586038256601316476	     -2.29956243136854832088	     -1.54424446133076798127	     -0.46979590752117739161	      0.02998544458350685046	      0.12413150853223581249	      1.27106216644788538872
      1.42799999999995330668	      0.28357446986121276344	      0.28357446986121276344	      0.28357446986121276344	      0.25664074036950135227	      0.14273996787695467092	      0.12617613574851693770	      3.09675395319861967991	     -0.79791572071862604254	     -1.03400903117841891365	     -4.83447280558778391679	     -2.22021175899093892170	     -1.55003341797507010469	     -0.46761315540295278481	      0.02790561898513401959	      0.14457996074226944772	      1.26086431255716013844
      1.42899999999995319655	      0.28275752801070974662	      0.28275752801070974662	      0.28275752801070974662	      0.25478862609932473315	      0.14488669099396137008	      0.12374116887173680635	      3.09981061810628188979	     -0.78751798651476756508	     -1.02969811635703267783	     -4.80253791796094908761	     -2.13740653777947686720	     -1.55569424163593073018	     -0.46528454510342431849	      0.02561334348190813168	      0.16489777213179682147	      1.24994727502719005230
      1.42999999999995308642	      0.28192735095285842428	      0.28192735095285842428	      0.28192735095285842428	      0.25283267805276532503	      0.14713092615170852984	      0.12131529002681200324	      3.10256194201159152257	     -0.77684777205805155553	     -1.02510685996156403199	     -4.76971955511940937100	     -2.06149492115117904945	     -1.56122105420217383021	     -0.46282123480210851652	      0.02311126359616955464	      0.18509918207505271504	      1.23887045978493248732
      1.43099999999995297628	      0.28108344544987096114	      0.28108344544987096114	      0.28108344544987096114	      0.25077288590390645062	      0.14947863555180290751	      0.11890192157385226501	      3.10491263350585411374	     -0.76587623774421653700	     -1.02025721536502111952	     -4.73624015502599515770	     -1.98639893136260514694	     -1.56662633186286326392	     -0.46021196721229368221	      0.02040250658985376733	      0.20516938719393132406	      1.22769410865893413565
      1.43199999999995286615	      0.28022741338283491119	      0.28022741338283491119	      0.28022741338283491119	      0.24860980395015327971	      0.15193544968695707476	      0.11650389363485939842	      3.10676051600478597692	     -0.75457192429058239647	     -1.01517475677651192179	     -4.70233799984554856621	     -1.90598109771207457896	     -1.57192851966367563854	     -0.45744343514737279000	      0.01749157971817286161	      0.22509201258324260109	      1.21644487299049708362
      1.43299999999995275601	      0.27936281318964578668	      0.27936281318964578668	      0.27936281318964578668	      0.24634848662628294758	      0.15449734304676099317	      0.11411893417124552297	      3.10817304846462905132	     -0.74296936290959580962	     -1.00986922410926971416	     -4.66784482257279353945	     -1.82496150503487086780	     -1.57712420319991553086	     -0.45452374092817271478	      0.01437864688795907966	      0.24487745124159282506	      1.20449780668350969748
      1.43399999999995264588	      0.27848883618263792217	      0.27848883618263792217	      0.27848883618263792217	      0.24399067604068316872	      0.15716298342552137424	      0.11174784833553123853	      3.10916981928236824118	     -0.73108307244464143526	     -1.00434599680869252047	     -4.63272699894750239480	     -1.74437332863712657449	     -1.58221232848214565792	     -0.45145809526974312043	      0.01106471889073442141	      0.26452654481594833902	      1.19186123184594094937
      1.43499999999995253575	      0.27760413730370603336	      0.27760413730370603336	      0.27760413730370603336	      0.24153660229042361873	      0.15993204118157647309	      0.10939313497761903038	      3.10973410760364865624	     -0.71891126089682300115	     -0.99860888925713542363	     -4.59704184791103465102	     -1.66297366430330284537	     -1.58720165707637472785	     -0.44824605587892840663	      0.00755288232703360020	      0.28403114042831195674	      1.17916254500892492274
      1.43599999999995242561	      0.27670869434673794895	      0.27670869434673794895	      0.27670869434673794895	      0.23898808917697592080	      0.16280363657917606979	      0.10705557212108179899	      3.10987167286098031838	     -0.70646183116641259048	     -0.99266365718697724407	     -4.56079057084173555836	     -1.58099041931737427369	     -1.59209408336152513641	     -0.44488984296030514853	      0.00384484736540439314	      0.30338877866975783038	      1.16643629146739313818
      1.43699999999995231548	      0.27580212625611622013	      0.27580212625611622013	      0.27580212625611622013	      0.23634701001125504871	      0.16577679891493610209	      0.10473586989071435871	      3.10958968902804455681	     -0.69374362110302112416	     -0.98651604999283770692	     -4.52397218224093400352	     -1.49868761056331090131	     -1.59689054413199449378	     -0.44139240784148786600	     -0.00005758965588162010	      0.32259742383470796367	      1.15368222490830274474
      1.43799999999995220534	      0.27488407308974438514	      0.27488407308974438514	      0.27488407308974438514	      0.23361563090432563294	      0.16885163105325429189	      0.10243406414736275223	      3.10889264848656132756	     -0.68076431073927334836	     -0.98017297313362439226	     -4.48659742776160008759	     -1.41603395409418708617	     -1.60158711314095181244	     -0.43775791118143198011	     -0.00415029877081330833	      0.34166135604324882058	      1.14028322050489361317
      1.43899999999995209521	      0.27395421122371865774	      0.27395421122371865774	      0.27395421122371865774	      0.23079586796911646940	      0.17202704712266278508	      0.10015092249064912189	      3.10778454675124526929	     -0.66753142078264504633	     -0.97364023171535718504	     -4.44867459245794627520	     -1.33306433682245684125	     -1.60618547811605982822	     -0.43398908984780210085	     -0.00843007981286411287	      0.36057857142091281899	      1.12625419976019514046
      1.43999999999995198507	      0.27301221066101855062	      0.27301221066101855062	      0.27301221066101855062	      0.22788925011530500320	      0.17530080284558277604	      0.09788796986117767607	      3.10626870764170925909	     -0.65405222858647438233	     -0.96692249321101364501	     -4.41021035737041078306	     -1.24985396491035682942	     -1.61069281485159110368	     -0.43008734440303275637	     -0.01289456775829819074	      0.37934116381668037121	      1.11223531499149275170
      1.44099999999995187494	      0.27205798025539129625	      0.27205798025539129625	      0.27205798025539129625	      0.22489791099549732989	      0.17867155534593667787	      0.09564585431105204760	      3.10434993969080519349	     -0.64033464503611570162	     -0.96002571945841275181	     -4.37121243539134063383	     -1.16645340885719805968	     -1.61511033828763639342	     -0.42605535027595931030	     -0.01754104240850543409	      0.39794624557685082111	      1.09825967731862839116
      1.44199999999995176481	      0.27109116958499540617	      0.27109116958499540617	      0.27109116958499540617	      0.22182406660554396249	      0.18213788366209188174	      0.09342511943895290272	      3.10203323492395588445	     -0.62638690822116238621	     -0.95295595157384282992	     -4.33168861835617224898	     -1.08291288359182891199	     -1.61943903859155580172	     -0.42189615824576304215	     -0.02236648464202579956	      0.41639118680589909394	      1.08432489545642574136
      1.44299999999995165467	      0.27011151795543036913	      0.27011151795543036913	      0.27011151795543036913	      0.21867041549414692470	      0.18569903315991187487	      0.09122559022860643463	      3.09932509758781460363	     -0.61221791803632708007	     -0.94572019505605575684	     -4.29164632390721489941	     -0.99929079845926593872	     -1.62367552974578144287	     -0.41761474091386635576	     -0.02736371818904295011	      0.43468128239796627321	      1.06980923370765101943
      1.44399999999995154454	      0.26911885111505751134	      0.26911885111505751134	      0.26911885111505751134	      0.21543930467099411952	      0.18935323485112753872	      0.08904778950662532722	      3.09623089809414686613	     -0.59783607491468604422	     -0.93832446110448153309	     -4.25109318308343109294	     -0.91564167360378689864	     -1.62782114344478667789	     -0.41321427950393818662	     -0.03252847281686546688	      0.45281428100162440797	      1.05473072446706317429
      1.44499999999995143440	      0.26811311479806076985	      0.26811311479806076985	      0.26811311479806076985	      0.21213271952445331148	      0.19309770377660878671	      0.08689293860443353390	      3.09275489834962113989	     -0.58324926575679958418	     -0.93077375703088871539	     -4.21003705922981374954	     -0.83201653689869115027	     -1.63188194731807323379	     -0.40869620878067475234	     -0.03785928466825690814	      0.47078066433284754266	      1.03974152484810744568
      1.44599999999995132427	      0.26709445331032183324	      0.26709445331032183324	      0.26709445331032183324	      0.20875320271516889514	      0.19693045391639127373	      0.08476144895761902887	      3.08890301071120143561	     -0.56846611566321680886	     -0.92307423065131555262	     -4.16848563391399995481	     -0.74846967524795005033	     -1.63585867208595248101	     -0.40406376089681012020	     -0.04335212070508264598	      0.48857735573200838930	      1.02486624651365709759
      1.44699999999995121414	      0.26606262486891102403	      0.26606262486891102403	      0.26606262486891102403	      0.20530335205919605923	      0.20084942520981383107	      0.08265363790907417907	      3.08468126431324840553	     -0.55349557613622146768	     -0.91523206300314208228	     -4.12644661422402947437	     -0.66505546108651969472	     -1.63975191758471261494	     -0.39932057232059542384	     -0.04900259975758609887	      0.50620161940017693869	      1.01009424535796110689
      1.44799999999995110400	      0.26501738369094152148	      0.26501738369094152148	      0.26501738369094152148	      0.20178612783533275699	      0.20485309673786680773	      0.08056924008752006094	      3.08009679985427631266	     -0.53834705080816369627	     -0.90725416169956463186	     -4.08392749767009899386	     -0.58183011366239489881	     -1.64355893548300691087	     -0.39447194343527913762	     -0.05480168873698094967	      0.52365964696302291781	      0.99482598741272310061
      1.44899999999995099387	      0.26395870925868214485	      0.26395870925868214485	      0.26395870925868214485	      0.19820420390236709318	      0.20893907208916012719	      0.07850858276043540251	      3.07515590910921465806	     -0.52302954948199631424	     -0.89914661165524356612	     -4.04093598241661489112	     -0.49884739220075757782	     -1.64728068197012667007	     -0.38952146362383871514	     -0.06074433418729500295	      0.54094903332313470923	      0.97908265193526367032
      1.44999999999995088373	      0.26288683699029791185	      0.26288683699029791185	      0.26288683699029791185	      0.19455995273153184333	      0.21310407594746241799	      0.07647259171721074167	      3.06986402723610618537	     -0.50755167627299213606	     -0.89091465668487279661	     -3.99747999385237440251	     -0.41615848962309492931	     -1.65092187735215278899	     -0.38447101756070467538	     -0.06682955445148688889	      0.55805897760454314938	      0.96350405429129659662
      1.45099999999995077360	      0.26180211560658245284	      0.26180211560658245284	      0.26180211560658245284	      0.19085619752530472160	      0.21734553774319620434	      0.07446149037793785286	      3.06422793296458717549	     -0.49192261751302779338	     -0.88256447547369676343	     -3.95356721040487446572	     -0.33381683097351999567	     -1.65448274369773340453	     -0.37932448762204268311	     -0.07305176821718514790	      0.57498630951131790567	      0.94810463411964351899
      1.45199999999995066347	      0.26070438901607334570	      0.26070438901607334570	      0.26070438901607334570	      0.18709578665224751992	      0.22166082014975516112	      0.07247542310511503882	      3.05825442981394601816	     -0.47615184281444244974	     -0.87410224308103756652	     -3.90920532136656673217	     -0.25187566303093666953	     -1.65796348181120745124	     -0.37408612686357511912	     -0.07940507052159462287	      0.59172828504707197794	      0.93286531444709042127
      1.45299999999995055333	      0.25959339946803877686	      0.25959339946803877686	      0.25959339946803877686	      0.18328181583050862091	      0.22604766912534371426	      0.07051410667355351158	      3.05195108658021307946	     -0.46024913574319931131	     -0.86553462346631915292	     -3.86440176880319130603	     -0.17038949214563889334	     -1.66136217684060705224	     -0.36876109844695270645	     -0.08588081111403367274	      0.60829211062423294010	      0.91723348930696246839
      1.45399999999995044320	      0.25846924767387258193	      0.25846924767387258193	      0.25846924767387258193	      0.17941715851939088466	      0.23050313722355972312	      0.06857771854680590196	      3.04532487765941572988	     -0.44422397443709893405	     -0.85686764687113214922	     -3.81916421489599056116	     -0.08941055303140145460	     -1.66467944215820629061	     -0.36335340773851704244	     -0.09247341643656105392	      0.62467536070107376744	      0.90123163600963762665
      1.45499999999995033306	      0.25733242304468684214	      0.25733242304468684214	      0.25733242304468684214	      0.17550445303608244729	      0.23502357657152209147	      0.06666690674248590409	      3.03838214908693027283	     -0.42808552212908201895	     -0.84810668747464534878	     -3.77350056394422983530	     -0.00898870374248211812	     -1.66791853664823030989	     -0.35786583016600786999	     -0.09918077533695096593	      0.64086612921827501577	      0.88545936004314940160
      1.45599999999995022293	      0.25618342829771284519	      0.25618342829771284519	      0.25618342829771284519	      0.17154666913524305172	      0.23960591551063664673	      0.06478175126124255390	      3.03113024702108768693	     -0.41184334404838279786	     -0.83925781521737263802	     -3.72741842494954811471	      0.07082457311650136589	     -1.67107933263442820504	     -0.35230281802672702707	     -0.10599590288827206996	      0.65686124258018785405	      0.86992431818991533543
      1.45699999999995011279	      0.25502215024683533295	      0.25502215024683533295	      0.25502215024683533295	      0.16754677558482364286	      0.24424702624662317230	      0.06292226621514235285	      3.02357647825320485779	     -0.39550723699214224149	     -0.83032706737914008244	     -3.68092541090650016145	      0.14997822266208968300	     -1.67416176868323129945	     -0.34666913228554796511	     -0.11291162369543035482	      0.67265804196574241480	      0.85460348993540313778
      1.45799999999995000266	      0.25384828386771030040	      0.25384828386771030040	      0.25384828386771030040	      0.16350790562829600749	      0.24894401979327082652	      0.06108818086600747294	      3.01572860762429861836	     -0.37908724181021474786	     -0.82132078335375380274	     -3.63402890006836010173	      0.22842062215638403444	     -1.67716488102415373085	     -0.34096944391204031533	     -0.11992177804581971579	      0.68826486800200437077	      0.83900075123624262563
      1.45899999999994989253	      0.25266200568070440458	      0.25266200568070440458	      0.25266200568070440458	      0.15943302517536114826	      0.25369351469744250149	      0.05927953955230248761	      3.00759402917163010116	     -0.36259311181643638644	     -0.81224483690291227056	     -3.58673649695553331540	      0.30610216038446164122	     -1.68008903816179921975	     -0.33520811402548400526	     -0.12702040498993721895	      0.70367935512014923027	      0.82313705134977865896
      1.45999999999994978239	      0.25146400500280402524	      0.25146400500280402524	      0.25146400500280402524	      0.15532492437975706223	      0.25849162782821127893	      0.05749671421355830037	      2.99917971592007059911	     -0.34603430282558517161	     -0.80310461449961167979	     -3.53905604939153128896	      0.38297534525314613774	     -1.68293609828980272880	     -0.32938904517027967067	     -0.13420235132940463996	      0.71888855987340494202	      0.80755506717441760678
      1.46099999999994967226	      0.25025488436219822663	      0.25025488436219822663	      0.25025488436219822663	      0.15118662329910406705	      0.26333490548508114992	      0.05573965437822873958	      2.99049330586881456640	     -0.32942053348976441107	     -0.79390597494821768532	     -3.49099511226223757632	      0.45899175539836634119	     -1.68570580439083972379	     -0.32351701938816518345	     -0.14145976460720807721	      0.73388937842299428738	      0.79226180856832839616
      1.46199999999994956212	      0.24903452919458057835	      0.24903452919458057835	      0.24903452919458057835	      0.14702112035955611224	      0.26821985428448003042	      0.05400825161214570236	      2.98154236823692464498	     -0.31276170078544102138	     -0.78465472338948460962	     -3.44256124670645924368	      0.53410363518477121936	     -1.68839801731045202615	     -0.31759705781754282716	     -0.14878482006614693334	      0.74867930953866823618	      0.77723657461019390880
      1.46299999999994945199	      0.24780255841263945649	      0.24780255841263945649	      0.24780255841263945649	      0.14283152936189755233	      0.27314312114414474042	      0.05230221518486052878	      2.97233471095940560147	     -0.29606790694416534881	     -0.77535684520746961379	     -3.39376181410815735973	      0.60826323432913076417	     -1.69101264245069282666	     -0.31163318721876570594	     -0.15617464820434195927	      0.76326785652203632537	      0.76202960777911576962
      1.46399999999994934186	      0.24655918345693661475	      0.24655918345693661475	      0.24655918345693661475	      0.13862083624052287667	      0.27810104501594340443	      0.05062143906840453622	      2.96287794045184460501	     -0.27934891468107053702	     -0.76601798455819858358	     -3.34460440250301926923	      0.68142460591750353416	     -1.69354989671992961497	     -0.30562996081501991874	     -0.16362293154802884376	      0.77765274983393806174	      0.74665781726878033275
      1.46499999999994923172	      0.24530524134721368168	      0.24530524134721368168	      0.24530524134721368168	      0.13439189392528158584	      0.28308964862285612707	      0.04896601437693823278	      2.95317941012129248080	     -0.26261413643016495723	     -0.75664342565405529051	     -3.29509683658061103273	      0.75354370483631138988	     -1.69601046634535035373	     -0.29959227987904174517	     -0.17112050929243979858	      0.79182006328588772082	      0.73160930048373051804
      1.46599999999994912159	      0.24404139182167919331	      0.24404139182167919331	      0.24404139182167919331	      0.13014771139905564890	      0.28810524739143533735	      0.04733574367450457676	      2.94324685893630144662	     -0.24587316148621427003	     -0.74723874572834303454	     -3.24524668903710011847	      0.82457623865683637998	     -1.69839414476488270722	     -0.29352492155580778288	     -0.17865935363351609366	      0.80576684416641697339	      0.71689683370321410916
      1.46699999999994901145	      0.24276748851056278999	      0.24276748851056278999	      0.24276748851056278999	      0.12589126095183905685	      0.29314414083615275564	      0.04573037295977799843	      2.93308795451761916695	     -0.22913570253820297884	     -0.73780945466639413777	     -3.19506154958144783507	      0.89447880054965389629	     -1.70070085804358184234	     -0.28743283796012425446	     -0.18623170035673855538	      0.81949082185956967361	      0.70250750638531644920
      1.46799999999994890132	      0.24148306949241676866	      0.24148306949241676866	      0.24148306949241676866	      0.12162561089248354051	      0.29820274169255378549	      0.04414950954054717991	      2.92271049926687798148	     -0.21241163871626833615	     -0.72836119044576042025	     -3.14454883608074675649	      0.96320835636566426441	     -1.70293105404758882138	     -0.28131943563033473543	     -0.19383729642419161854	      0.83300253922006395335	      0.68801113519562240306
      1.46899999999994879119	      0.24018835900707197206	      0.24018835900707197206	      0.24018835900707197206	      0.11735371908813581332	      0.30327728502403178412	      0.04259286000695514107	      2.91212219162173679976	     -0.19571043072407959262	     -0.71889931346558633152	     -3.09371620306724404159	      1.03072361134579715269	     -1.70508483684383027601	     -0.27518922685051599997	     -0.20146951629158818542	      0.84629984407949099268	      0.67341936708358951513
      1.46999999999994868105	      0.23888430161824150688	      0.23888430161824150688	      0.23888430161824150688	      0.11307842852411942314	      0.30836382295569081391	      0.04106024086217176239	      2.90133058407576749360	     -0.17904111309037473720	     -0.70942889065451408825	     -3.04257154252112282933	      1.09698508260898819344	     -1.70716208327333585082	     -0.26904767937962303925	     -0.20911573383500986489	      0.85936798436389583156	      0.65918727239194063738
      1.47099999999994857092	      0.23757159391092297351	      0.23757159391092297351	      0.23757159391092297351	      0.10880269399725842061	      0.31345860258274882426	      0.03955128048523882944	      2.89034342276443645403	     -0.16241285791317927600	     -0.69995516357238274363	     -2.99112254633566188033	      1.16195358385988156691	     -1.70916270214073406919	     -0.26289926540053532023	     -0.21676839934696612300	      0.87220424572365096161	      0.64533635364366659370
      1.47199999999994846078	      0.23625005241104563014	      0.23625005241104563014	      0.23625005241104563014	      0.10452942301468114150	      0.31855787743977037607	      0.03806555368022553759	      2.87916838177292122580	     -0.14583490464543280574	     -0.69048329356189142025	     -2.93937693935344368512	      1.22559100101903850621	     -1.71108673276448364220	     -0.25674857921403682059	     -0.22442039654498868728	      0.88480666265425145234	      0.63186287836163734788
      1.47299999999994835065	      0.23491915691156933788	      0.23491915691156933788	      0.23491915691156933788	      0.10026161337446677646	      0.32365804684992133256	      0.03660249374462502120	      2.86781325481542870293	     -0.12931659483163196467	     -0.68101855978641034906	     -2.88734227152046951659	      1.28785973426242650319	     -1.71293473970400311757	     -0.25059857020391385074	     -0.23207227994911031055	      0.89718659173705839205	      0.61832584551733626999
      1.47399999999994824051	      0.23357914395701312449	      0.23357914395701312449	      0.23357914395701312449	      0.09600214865012514365	      0.32875538297976675262	      0.03516161232308057105	      2.85628574917181055071	     -0.11286681076990316697	     -0.67156596741843488374	     -2.83502636413246467129	      1.34872402700177906887	     -1.71470673629919767578	     -0.24445350734430063011	     -0.23971721576842305867	      0.90934205034089043984	      0.60473229338444778325
      1.47499999999994813038	      0.23223103963026314744	      0.23223103963026314744	      0.23223103963026314744	      0.09175379213954916457	      0.33384603048242622592	      0.03374250629486578307	      2.84459345923425033220	     -0.09649397448028429469	     -0.66213023338117960037	     -2.78243730176832393397	      1.40815000254624189679	     -1.71640223336737873794	     -0.23831890429485927396	     -0.24734097559756770823	      0.92125776802949999045	      0.59153459410885533831
      1.47599999999994802025	      0.23087557664245772493	      0.23087557664245772493	      0.23087557664245772493	      0.08751939675086051196	      0.33892628473073599382	      0.03234464198980852023	      2.83274407263254035527	     -0.08020662522835370067	     -0.65271618556457033922	     -2.72958300241843732081	      1.46610440414902321038	     -1.71802125454049869901	     -0.23219878236901858592	     -0.25493688929806446186	      0.93293139814770931206	      0.57876151459406766087
      1.47699999999994791011	      0.22951255259482694626	      0.22951255259482694626	      0.22951255259482694626	      0.08330176214230125553	      0.34399246340414924017	      0.03096744113981643454	      2.82074519137164658744	     -0.06401330879241409755	     -0.64332855514113340689	     -2.67647143673779197570	      1.52255519459700772167	     -1.71956395161654218562	     -0.22609723845907059303	     -0.26249877004119093193	      0.94436139381273909166	      0.56641553669974065155
      1.47799999999994779998	      0.22814143211392501343	      0.22814143211392501343	      0.22814143211392501343	      0.07910377357246663188	      0.34904109839206565180	      0.02961015469196535271	      2.80860457004583086160	     -0.04792257701546810689	     -0.63397219378602287509	     -2.62311036442853939832	      1.57747082407997440967	     -1.72103066689062078609	     -0.22001697499478839459	     -0.27002598843716341115	      0.95555964984751451397	      0.55402366703751959598
      1.47899999999994768984	      0.22676247878124300428	      0.22676247878124300428	      0.22676247878124300428	      0.07492818441241105853	      0.35406857515166650918	      0.02827214539087933437	      2.79632983623729192146	     -0.03194255875856312488	     -0.62465164357227864755	     -2.56950788386499739957	      1.63082182471107839383	     -1.72242136817570168361	     -0.21396191394599550772	     -0.27751175168427905104	      0.96652445624716698536	      0.54159015910991936682
      1.47999999999994757971	      0.22537678316711554083	      0.22537678316711554083	      0.22537678316711554083	      0.07077760937112197170	      0.35907113863152800848	      0.02695288952726782733	      2.78392847961289824354	     -0.01608096865116176791	     -0.61537112551606687472	     -2.51567241826922805004	      1.68258081075426124684	     -1.72373562586233819438	     -0.20793720001966720101	     -0.28494280554669532135	      0.97724047994780571802	      0.52958983413027693743
      1.48099999999994746958	      0.22398511911824225962	      0.22398511911824225962	      0.22398511911824225962	      0.06665473552647808997	      0.36404519334584023449	      0.02565174938730432896	      2.77140805165791137554	     -0.00034558632814843740	     -0.60613493414218710953	     -2.46161222315122829585	      1.73272112533344180285	     -1.72497357287013941551	     -0.20194646590252121610	     -0.29231320344498118446	      0.98770589465941693863	      0.51805445043702291752
      1.48199999999994735944	      0.22258729301926705180	      0.22258729301926705180	      0.22258729301926705180	      0.06256219553002177747	      0.36898717577080447638	      0.02436805717036969257	      2.75877598911478116861	      0.01525587012983669298	     -0.59694724737873217091	     -2.40733563016861618067	      1.78121744440586815550	     -1.72613547592898819438	     -0.19599336737330219638	     -0.29961742114378231427	      0.99791970498644300136	      0.50698757226721158364
      1.48299999999994724931	      0.22118280695370010069	      0.22118280695370010069	      0.22118280695370010069	      0.05850271395761372922	      0.37389381670430421600	      0.02310093749642604111	      2.74603993014596703404	      0.03071575338965518154	     -0.58781238501869759183	     -2.35285070713916821816	      1.82804481532466955862	     -1.72722129592250794872	     -0.19008045419005026311	     -0.30685301502822553976	      1.00789406329027642073	      0.49587757097077139745
      1.48399999999994713917	      0.21977196683507624342	      0.21977196683507624342	      0.21977196683507624342	      0.05447884981498707369	      0.37876163856677913522	      0.02184969253999802935	      2.73320730849588633404	      0.04602676142019600236	     -0.57873429010471721945	     -2.29816595258225397913	      1.87318067574344082615	     -1.72823104610155020566	     -0.18421130755356951436	     -0.31401357545704516872	      1.01762766932245796170	      0.48472772978655803700
      1.48499999999994702904	      0.21835590291502152138	      0.21835590291502152138	      0.21835590291502152138	      0.05049299293540586431	      0.38358696931804298069	      0.02061379724389639234	      2.72028535546067784523	      0.06118191943941317379	     -0.56971652591376786834	     -2.24329027958938631571	      1.91660482233459061874	     -1.72916470888992490629	     -0.17839058739039453938	     -0.32108836318779898633	      1.02710566650459789173	      0.47404697923072358634
      1.48599999999994691890	      0.21693542723715592002	      0.21693542723715592002	      0.21693542723715592002	      0.04654759381541495600	      0.38836634805810954507	      0.01939259729538980737	      2.70728137564690385375	      0.07617427216272057433	     -0.56076271700066349091	     -2.18823239789783396958	      1.95829772975150784298	     -1.73002256452488722971	     -0.17262167032069791750	     -0.32807182716079030804	      1.03632688993258348376	      0.46386562653144119972
      1.48699999999994680877	      0.21551037787096274934	      0.21551037787096274934	      0.21551037787096274934	      0.04264505039684073767	      0.39309635840267470597	      0.01818542106650988463	      2.69420252498307455369	      0.09099700130548167565	     -0.55187635967871673248	     -2.13300111430799699264	      1.99824128588934812889	     -1.73080502761007548607	     -0.16690788737688355692	     -0.33495874532769376319	      1.04529101003473789966	      0.45418381528652002066
      1.48799999999994669864	      0.21408033914793359043	      0.21408033914793359043	      0.21408033914793359043	      0.03878788001687431125	      0.39777396355166744213	      0.01699134981345771025	      2.68105621226474521990	      0.10564337835393025622	     -0.54306115563222534526	     -2.07760491379016887237	      2.03641760318407127883	     -1.73151167441822217974	     -0.16125160449088873915	     -0.34174567782248588266	      1.05401018294040449419	      0.44445689688829248531
      1.48899999999994658850	      0.21264566223175562776	      0.21264566223175562776	      0.21264566223175562776	      0.03497838006643549935	      0.40239585440143732509	      0.01580970915094145890	      2.66784955273403223686	      0.12010697446490556373	     -0.53432034577119869034	     -2.02205280700051481801	      2.07281149089749217040	     -1.73214265538191458660	     -0.15565609631505336607	     -0.34842690761271138955	      1.06248363584300187235	      0.43468823479274376620
      1.48999999999994647837	      0.21120747674344375611	      0.21120747674344375611	      0.21120747674344375611	      0.03121863045261481784	      0.40695847150066777331	      0.01464005773695254212	      2.65458937935849670353	      0.13438163602024133514	     -0.52565671973303385034	     -1.96635431502360580325	      2.10741040087916653434	     -1.73269857152697803748	     -0.15012559874734385246	     -0.35499420013050647649	      1.07069748244345275268	      0.42541904919584061506
      1.49099999999994636823	      0.20976661715533317931	      0.20976661715533317931	      0.20976661715533317931	      0.02751077845010322515	      0.41145855196718345015	      0.01348178517895729130	      2.64128263780879457556	      0.14846130064878385046	     -0.51707316753694065881	     -1.91051869550343056403	      2.14020231510848990553	     -1.73317987300236864279	     -0.14466328750831819461	     -0.36144229135074779080	      1.07865128907802332314	      0.41667502222336694206
      1.49199999999994625810	      0.20832296394478966306	      0.20832296394478966306	      0.20832296394478966306	      0.02385692126436123744	      0.41589290176382925912	      0.01233426781958941315	      2.62793609618515988657	      0.16234012398952826772	     -0.50857245809180451346	     -1.85455531612048241108	      2.17117667520343982090	     -1.73358712659676772461	     -0.13927220546764657039	     -0.36776619822313483255	      1.08634542992244731430	      0.40845019179319175251
      1.49299999999994614797	      0.20687620705486062245	      0.20687620705486062245	      0.20687620705486062245	      0.02025931898209478929	      0.42025879227241774716	      0.01119659584975248728	      2.61455681704339593097	      0.17601232863664981187	     -0.50015766571747455327	     -1.79847316622499442396	      2.20032300228114330309	     -1.73391956961738413767	     -0.13395437616473013231	     -0.37396296534105100129	      1.09379180588270363828	      0.40017852562237704594
      1.49399999999994603783	      0.20542673046632253797	      0.20542673046632253797	      0.20542673046632253797	      0.01671994268949206219	      0.42455317738310766051	      0.01006815669966043547	      2.60115148438425025645	      0.18947245746766011587	     -0.49183131501571997202	     -1.74228184540919905920	      2.22763377160325815041	     -1.73417752630132415703	     -0.12871273155737264493	     -0.38002777954314620468	      1.10099021771402849623	      0.39186345757529944533
      1.49499999999994592770	      0.20397561531834748627	      0.20397561531834748627	      0.20397561531834748627	      0.01324048329124704639	      0.42877272096864493811	      0.00894861921018771066	      2.58772642202512326293	      0.20271534557579082292	     -0.48359540161503955513	     -1.68599155126028210638	      2.25310434449512086985	     -1.73436226092917911146	     -0.12355114721806026434	     -0.38595391625067138053	      1.10792811748968356156	      0.38406796028946105226
      1.49599999999994581756	      0.20252369094810232508	      0.20252369094810232508	      0.20252369094810232508	      0.00982272629615740279	      0.43291448142439548086	      0.00783743511731327218	      2.57428811257900447274	      0.21573595764325312341	     -0.47545210589242509203	     -1.62961214992698888437	      2.27673043168809119408	     -1.73447439045703921678	     -0.11847250682832174973	     -0.39173649000813437482	      1.11460579139605631127	      0.37681221228569111714
      1.49699999999994570743	      0.20107087749930846465	      0.20107087749930846465	      0.20107087749930846465	      0.00646840927709082560	      0.43697562022178698671	      0.00673403960449891689	      2.56084283964884340534	      0.22852955923182671771	     -0.46740351043212768900	     -1.57315362270708525294	      2.29850921975483268866	     -1.73451461238263537901	     -0.11347946169202793865	     -0.39737092243624322352	      1.12102427938423199194	      0.37008392339158258100
      1.49799999999994559730	      0.19961697601094322008	      0.19961697601094322008	      0.19961697601094322008	      0.00317948533976801550	      0.44095384962863537481	      0.00563754370873043899	      2.54739721424373488645	      0.24109143849246511548	     -0.45945212758032860645	     -1.51662551627251285247	      2.31843783205027875738	     -1.73448184554853113148	     -0.10857346650947150013	     -0.40285604129854324373	      1.12719498565699116632	      0.36330669706346402359
      1.49899999999994548716	      0.19816238409561923173	      0.19816238409561923173	      0.19816238409561923173	     -0.00004245851903467005	      0.44484654005481583106	      0.00454739333178087908	      2.53395739738710767952	      0.25341728541669789054	     -0.45159983272213349847	     -1.46003805815693921133	      2.33651654447295120676	     -1.73437656121063299430	     -0.10375697387925285342	     -0.40818802921916413906	      1.13311826960420525268	      0.35648350483229873653
      1.49999999999994537703	      0.19670809190406438050	      0.19670809190406438050	      0.19670809190406438050	     -0.00319618879886380408	      0.44865074961230549944	      0.00346335118315429201	      2.52052912482327418076	      0.26550316183068450870	     -0.44384789092607740413	     -1.40340214776577476563	      2.35274870888414300296	     -1.73420062294448706908	     -0.09903345716960190726	     -0.41336045269092686061	      1.13878315533365648271	      0.35018741260922137126
      1.50099999999994526689	      0.19525489883198096641	      0.19525489883198096641	      0.19525489883198096641	     -0.00628032928644654820	      0.45236402603708980585	      0.00238491664919785948	      2.50711833658438809636	      0.27734524340724137081	     -0.43619787354339911722	     -1.34672828644734887682	      2.36713783909266162198	     -1.73395476760250222270	     -0.09440528107288909121	     -0.41836927191232092804	      1.14419059348516261032	      0.34443382463364724533
      1.50199999999994515676	      0.19380276132765172914	      0.19380276132765172914	      0.19380276132765172914	     -0.00929354898632378697	      0.45598405532434216347	      0.00131156698505938661	      2.49373075635483409940	      0.28894008155524919523	     -0.42865128327955082099	     -1.29002708994802262055	      2.37968891014226002767	     -1.73363977219084919312	     -0.08987448428995559180	     -0.42321082583881719508	      1.14934221991947271846	      0.33920540278133876066
      1.50299999999994504662	      0.19235159041910115940	      0.19235159041910115940	      0.19235159041910115940	     -0.01223425601180565085	      0.45950915041967033137	      0.00024242259225082559	      2.48037245588229859905	      0.30028422097896478871	     -0.42121016147434436894	     -1.23330867697294421781	      2.39040667942632012455	     -1.73325422083038227505	     -0.08544179126978945771	     -0.42788588214548878286	      1.15424873190245902421	      0.33392310154705612257
      1.50399999999994493649	      0.19090178532323645588	      0.19090178532323645588	      0.19090178532323645588	     -0.01510129278702664578	      0.46293725951811548480	     -0.00082302766773229875	      2.46704900378470037836	      0.31137468434441023524	     -0.41387583286287688011	     -1.17658391135264683847	      2.39929919776398214992	     -1.73279868869916153784	     -0.08110900670406709367	     -0.43239162808395670279	      1.15891102422696312679	      0.32858910162105758879
      1.50499999999994482636	      0.18945422346165161076	      0.18945422346165161076	      0.18945422346165161076	     -0.01789392403985199179	      0.46626599274643315551	     -0.00188494374188764337	      2.45376549627757034600	      0.32220894089565005336	     -0.40664892876126274013	     -1.11986439589318287346	      2.40637772726967424930	     -1.73227557691140909846	     -0.07687905157301848369	     -0.43672158259868082419	      1.16331987538255843262	      0.32377846469187177014
      1.50599999999994471622	      0.18800966639455118923	      0.18800966639455118923	      0.18800966639455118923	     -0.02061120969534580710	      0.46949352756689088917	     -0.00294378583813774582	      2.44052727650941037041	      0.33278450739000953185	     -0.39953051482897039559	     -1.06316126688852108373	      2.41165348105925536615	     -1.73168570135837729396	     -0.07275358082667271464	     -0.44087308131699476377	      1.16747686695621633035	      0.31950160933292298671
      1.50699999999994460609	      0.18656811472240264482	      0.18656811472240264482	      0.18656811472240264482	     -0.02325224790648348916	      0.47261820106067581326	     -0.00400003567618388046	      2.42733945350219615378	      0.34309933015199273187	     -0.39252160700267740845	     -1.00648577130682159719	      2.41513908312393077438	     -1.73102989896874315257	     -0.06873385348049755594	     -0.44484388431174665124	      1.17138420228031114867	      0.31573641662962359522
      1.50799999999994449595	      0.18512958809034299468	      0.18512958809034299468	      0.18512958809034299468	     -0.02581585837417884124	      0.47563902511159494857	     -0.00505454704375214899	      2.41420748129057116671	      0.35315136619649240002	     -0.38562380588763667255	     -0.94984859481429473327	      2.41684679451595174626	     -1.73030650147384590376	     -0.06481985534329907928	     -0.44863567969971507310	      1.17505180484642379746	      0.31191023421812746896
      1.50899999999994438582	      0.18369449013631569678	      0.18369449013631569678	      0.18369449013631569678	     -0.02830133520580594558	      0.47855462113982993877	     -0.00610777444888137462	      2.40113629001809192332	      0.36293904845588964569	     -0.37883795012039706007	     -0.89326122588806022851	      2.41679223367634365971	     -1.72951620652430038128	     -0.06101266101188217161	     -0.45224666489612264098	      1.17848115704738143350	      0.30802479042006414289
      1.50999999999994427569	      0.18226359241706702186	      0.18226359241706702186	      0.18226359241706702186	     -0.03070844030142503428	      0.48136324174823608146	     -0.00715978809516446425	      2.38813031883713255965	      0.37246125821798936606	     -0.37216412979576168896	     -0.83673595329981964586	      2.41499429660543230014	     -1.72866192167904220156	     -0.05731449907932720939	     -0.45567122680121197043	      1.18166498036083300605	      0.30464982265482726254
      1.51099999999994416555	      0.18083762539103703793	      0.18083762539103703793	      0.18083762539103703793	     -0.03303668211581720082	      0.48406376313591437111	     -0.00821098318318925005	      2.37519428082307504368	      0.38171686760769302227	     -0.36560296141454284857	     -0.78028452534594638923	      2.41147160802450244432	     -1.72774456082929028788	     -0.05372628973514836925	     -0.45890819870830723559	      1.18460553268424795270	      0.30179026577432860323
      1.51199999999994405542	      0.17941664898955528296	      0.17941664898955528296	      0.17941664898955528296	     -0.03528559729020357139	      0.48665522914328851467	     -0.00926176978993707538	      2.36233263514198776889	      0.39070521063282681595	     -0.35915502010182553949	     -0.72391879493208988183	      2.40624412043404323214	     -1.72676506489264625088	     -0.05024851219021666399	     -0.46195682093454065731	      1.18730563872768457578	      0.29941922121940056645
      1.51299999999994394528	      0.17800079353832679030	      0.17800079353832679030	      0.17800079353832679030	     -0.03745445207165169071	      0.48913737360157477640	     -0.01031292501126666525	      2.34955015821499513251	      0.39942567288750796539	     -0.35282145468050973847	     -0.66764999864534069207	      2.39933130647401604563	     -1.72572169784555229377	     -0.04688050715017565151	     -0.46481881150717369033	      1.18977454012708538933	      0.29698192877724149952
      1.51399999999994383515	      0.17659047872927483014	      0.17659047872927483014	      0.17659047872927483014	     -0.03954299641439828344	      0.49150951808713905233	     -0.01136480369551177115	      2.33685111276705681504	      0.40787803067385569600	     -0.34660265010256124940	     -0.61149022050837964493	      2.39075596814867763484	     -1.72461536026564465907	     -0.04362266786242195715	     -0.46749347794238077514	      1.19201443012124097542	      0.29447995661530063094
      1.51499999999994372502	      0.17518639145341194374	      0.17518639145341194374	      0.17518639145341194374	     -0.04155146251028707383	      0.49377058762030856531	     -0.01241735040630769990	      2.32423927869877422481	      0.41606243193843189809	     -0.34049823041232535337	     -0.55545239497179488275	      2.38054416612369124095	     -1.72344945706662944218	     -0.04047651874705636421	     -0.46997727659961430202	      1.19402014041029724822	      0.29246777526577272255
      1.51599999999994361488	      0.17378923960204162302	      0.17378923960204162302	      0.17378923960204162302	     -0.04347980945482071702	      0.49592016071005223798	     -0.01347084356790623910	      2.31171870989844574495	      0.42397900499508622829	     -0.33450837804322958169	     -0.49954884372588237440	      2.36872148618666011899	     -1.72222509895976227945	     -0.03744236758925863912	     -0.47227029423580207945	      1.19579471584385221838	      0.29094530034272086949
      1.51699999999994350475	      0.17239915178510312188	      0.17239915178510312188	      0.17239915178510312188	     -0.04532801337930429664	      0.49795798125023549296	     -0.01452556658569559636	      2.29929318725042053373	      0.43162835001935162538	     -0.32863323532012916894	     -0.44379198477780951171	      2.35531473028523707924	     -1.72094344781489061447	     -0.03452005909691154006	     -0.47437296173274934308	      1.19734171689403856575	      0.28988184350331008821
      1.51799999999994339461	      0.17101636590488203393	      0.17101636590488203393	      0.17101636590488203393	     -0.04709579436883909453	      0.49988447210662012576	     -0.01558215130788794672	      2.28696676766502093869	      0.43901113677082626019	     -0.32287348791342979082	     -0.38819358188326869019	      2.34035012753930926621	     -1.71960293930404617413	     -0.03170842915855331956	     -0.47628709195396562448	      1.19866989707834670220	      0.28875084715662252544
      1.51899999999994328448	      0.16964132160119138604	      0.16964132160119138604	      0.16964132160119138604	     -0.04878334743751740199	      0.50169963370204628816	     -0.01664079911021215663	      2.27474302720445376025	      0.44612832010308278718	     -0.31722908386199272224	     -0.33276626995721031443	      2.32385711869332389767	     -1.71820479412412763232	     -0.02900733154038030379	     -0.47801320172545996856	      1.19978230060085677700	      0.28755356910173446305
      1.51999999999994317434	      0.16827463433138062365	      0.16827463433138062365	      0.16827463433138062365	     -0.05039134284856709028	      0.50340305523740369598	     -0.01770129158389009000	      2.26262508921739957657	      0.45298113369530634831	     -0.31169923164611595956	     -0.27752356459765520347	      2.30586829612928978506	     -1.71675291152250353299	     -0.02641770003229425290	     -0.47955015058802880068	      1.20067596481402816266	      0.28681867279101630475
      1.52099999999994306421	      0.16691698664874665692	      0.16691698664874665692	      0.16691698664874665692	     -0.05192018197622030873	      0.50499498584474356022	     -0.01876374325597505999	      2.25061633058449750422	      0.45957081993891324423	     -0.30628368801741917560	     -0.22247830944022001232	      2.28641560754710138070	     -1.71524871386256716477	     -0.02393937562123380977	     -0.48089898076049225617	      1.20135478285584262892	      0.28654351846356601596
      1.52199999999994295408	      0.16556856699601849026	      0.16556856699601849026	      0.16556856699601849026	     -0.05337027450283339525	      0.50647583416338382012	     -0.01982826918886612319	      2.23871984439229709807	      0.46589908554711134681	     -0.30098217318350445337	     -0.16764343285013416640	      2.26553207512628951292	     -1.71369368967039403806	     -0.02157173201842258262	     -0.48206102395077515821	      1.20182309258581110356	      0.28669643065118521896
      1.52299999999994284394	      0.16422970396076011501	      0.16422970396076011501	      0.16422970396076011501	     -0.05474177358343507160	      0.50784666708252224065	     -0.02089531632975891520	      2.22693896296660520662	      0.47196767363287117636	     -0.29579494523384902704	     -0.11303118148074739469	      2.24325004099394753609	     -1.71208659744318802964	     -0.01931322413881941119	     -0.48303905807513541903	      1.20208935472131073219	      0.28678187762863188714
      1.52399999999994273381	      0.16290084520609190988	      0.16290084520609190988	      0.16290084520609190988	     -0.05603529730149931637	      0.50910812948808159550	     -0.02196490835388194979	      2.21527657815820955278	      0.47777856391815942683	     -0.29072154968241614714	     -0.05865467775029713227	      2.21960487547672080666	     -1.71042903640163657109	     -0.01716328339761240968	     -0.48383484124209852340	      1.20215749066161148306	      0.28679994019443738607
      1.52499999999994262367	      0.16158253300079647441	      0.16158253300079647441	      0.16158253300079647441	     -0.05725192561214915987	      0.51026045315140744485	     -0.02303665618036119384	      2.20373516876659492070	      0.48333397668260785762	     -0.28576081923911883509	     -0.00452793391203019924	      2.19463492219128486482	     -1.70872535647796985891	     -0.01512234288149114092	     -0.48444897978199813471	      1.20202661278655087429	      0.28724735369741760671
      1.52599999999994251354	      0.16027540906359044603	      0.16027540906359044603	      0.16027540906359044603	     -0.05839247881722837291	      0.51130451518548125645	     -0.02411049572513534328	      2.19231743551940372328	      0.48863616831149458974	     -0.28091211276103772443	      0.04933574791111867974	      2.16837774026215557299	     -1.70697736402962885194	     -0.01318983058193577175	     -0.48488329265485891062	      1.20170139863033531569	      0.28812331311279126833
      1.52699999999994240341	      0.15897969447441220869	      0.15897969447441220869	      0.15897969447441220869	     -0.05945777910596032612	      0.51224134395413578602	     -0.02518636531340949503	      2.18102579353507941562	      0.49368783217734474311	     -0.27617476050134304177	      0.10292299605768123749	      2.14087179121620962974	     -1.70518693325600279032	     -0.01136472400190035106	     -0.48513987641877315271	      1.20118688239087068048	      0.28939941932408497216
      1.52799999999994229327	      0.15769578431846059674	      0.15769578431846059674	      0.15769578431846059674	     -0.06044835816259754024	      0.51307261587292662952	     -0.02626453390755570383	      2.16986288175944652679	      0.49849159927276459614	     -0.27154868156357148123	      0.15622116318638346044	      2.11215467037746362777	     -1.70335313125345555463	     -0.00964516822232015965	     -0.48522347841310736749	      1.20049134535811097280	      0.29060059027322410197
      1.52899999999994218314	      0.15642411402660777453	      0.15642411402660777453	      0.15642411402660777453	     -0.06136521788499978841	      0.51379958077561538321	     -0.02734485682153462577	      2.15883093323187802426	      0.50305038846615623971	     -0.26703307043692686706	      0.20921672259195270294	      2.08226681276915304153	     -1.70147792584173362940	     -0.00803019688340852501	     -0.48513699474888849483	      1.19961948043534571973	      0.29172452320514952184
      1.52999999999994207300	      0.15516514284973290105	      0.15516514284973290105	      0.15516514284973290105	     -0.06220982055552715800	      0.51442307208317583633	     -0.02842678816975599890	      2.14793180789381121798	      0.50736741434295073994	     -0.26262640483988963780	      0.26189525480993214313	      2.05125143200861614901	     -1.69956608595240643567	     -0.00651972494688786604	     -0.48488154112828385500	      1.19857215413735174181	      0.29324142934080404954
      1.53099999999994196287	      0.15391945932200323810	      0.15391945932200323810	      0.15391945932200323810	     -0.06298336072377680450	      0.51494454641042874954	     -0.02951010084834586322	      2.13716756555035924947	      0.51144590913433618518	     -0.25832769292932394878	      0.31424308037121473358	      2.01915080382932199399	     -1.69761980085003472141	     -0.00511269808104345726	     -0.48445978063603045705	      1.19735465487418424324	      0.29515685865534552201
      1.53199999999994185274	      0.15268729097368080594	      0.15268729097368080594	      0.15268729097368080594	     -0.06368702994120337135	      0.51536560171733125646	     -0.03059457751729706063	      2.12653998736731386643	      0.51528949505794996444	     -0.25413592694163122943	      0.36624647023261192036	      1.98600790710261732031	     -1.69564131328673317611	     -0.00380765250824806160	     -0.48387468211048667577	      1.19597253131209813048	      0.29744947521447751004
      1.53299999999994174260	      0.15146908538007416989	      0.15146908538007416989	      0.15146908538007416989	     -0.06432166017593508867	      0.51568849795097149169	     -0.03168035211086923236	      2.11605109053687767684	      0.51890158106116435199	     -0.25005079905974858523	      0.41789250629333257736	      1.95186454839183620713	     -1.69362982523324778761	     -0.00260247749939516776	     -0.48313308353671341466	      1.19443393047834178766	      0.29964282021464910821
      1.53399999999994163247	      0.15026525823881353716	      0.15026525823881353716	      0.15026525823881353716	     -0.06488858304512924724	      0.51591504241894925453	     -0.03276714313958090097	      2.10570251165691724182	      0.52228600278062065065	     -0.24607121115679103651	      0.46916736511969731049	      1.91676524332585218602	     -1.69158759039736339425	     -0.00149574526601299173	     -0.48223878274941028854	      1.19274412156998721457	      0.30173174261286239695
      1.53499999999994152233	      0.14907618869727329303	      0.14907618869727329303	      0.14907618869727329303	     -0.06538961440794581470	      0.51604660351004227881	     -0.03385426876910908878	      2.09549554751815847453	      0.52544702705448553814	     -0.24219529145376675339	      0.52005631034878074814	      1.88075714288964412901	     -1.68951978712228068069	     -0.00048670025138176963	     -0.48119260110669354047	      1.19090529327405159066	      0.30417886558302548172
      1.53599999999994141220	      0.14790242758298424719	      0.14790242758298424719	      0.14790242758298424719	     -0.06582625738395155024	      0.51608516408753446481	     -0.03494137224199721919	      2.08543169556137231169	      0.52838883355569132849	     -0.23842176583121812983	      0.57054540192601499449	      1.84388622666265167283	     -1.68742888076416863719	      0.00042630533499395627	     -0.47999834989003986596	      1.18892312368257835331	      0.30699678881227060456
      1.53699999999994130206	      0.14674421104345200528	      0.14674421104345200528	      0.14674421104345200528	     -0.06620000688954834345	      0.51603283697402002606	     -0.03602811516407843084	      2.07551218312610163963	      0.53111592578025390576	     -0.23474936063286769294	      0.62062067914154250836	      1.80619895985654177473	     -1.68531736932328057854	      0.00124526055254757387	     -0.47866016537878974813	      1.18680346822613813629	      0.31017085235678004684
      1.53799999999994119193	      0.14560204770279791542	      0.14560204770279791542	      0.14560204770279791542	     -0.06651191968290476320	      0.51589242685827163548	     -0.03711454196566128100	      2.06573849480980120674	      0.53363244083529648432	     -0.23117762960761917279	      0.67026912918781900164	      1.76774024426546083610	     -1.68318437791780417534	      0.00197246159688820857	     -0.47718575906476656812	      1.18455438588344175166	      0.31320263024384192851
      1.53899999999994108180	      0.14447635600234889908	      0.14447635600234889908	      0.14447635600234889908	     -0.06676359482194489658	      0.51566623660457477918	     -0.03820026562666451603	      2.05611175968529114044	      0.53594309496764169776	     -0.22770524262727684373	      0.71947677874414894816	      1.72855762501244814011	     -1.68103231908576034037	      0.00260986209257695924	     -0.47557957072337608828	      1.18218152604432735764	      0.31608501117789000734
      1.53999999999994097166	      0.14336746994641491604	      0.14336746994641491604	      0.14336746994641491604	     -0.06695715771106855452	      0.51535608416766287565	     -0.03928448539081863533	      2.04663279962344324403	      0.53805318174130678521	     -0.22433000644765305198	      0.76822869249774627942	      1.68870120552255054136	     -1.67886673731383839758	      0.00315905826645225540	     -0.47384262305450819408	      1.17968795304037610272	      0.31929565395696229979
      1.54099999999994086153	      0.14227595033772338917	      0.14227595033772338917	      0.14227595033772338917	     -0.06709434799462529742	      0.51496441556987893051	     -0.04036674795000623484	      2.03730265868310711497	      0.53996773885345594746	     -0.22105044504369689151	      0.81651084145813956905	      1.64821957501259075407	     -1.67669018543089620721	      0.00362230487504514032	     -0.47197995145688198537	      1.17707956112965983486	      0.32285035896490754670
      1.54199999999994075139	      0.14120207882566268576	      0.14120207882566268576	      0.14120207882566268576	     -0.06717689090520161110	      0.51449379374095027817	     -0.04144662662569287975	      2.02812212267699365498	      0.54169205043606594163	     -0.21786510146029824941	      0.86430921548237793495	      1.60716157732606879094	     -1.67450522100811682868	      0.00400211334748876765	     -0.46999687215724178513	      1.17436235788359866206	      0.32673649268294452375
      1.54299999999994064126	      0.14014645356779475982	      0.14014645356779475982	      0.14014645356779475982	     -0.06720601417847080206	      0.51394749590300181641	     -0.04252410333815317273	      2.01909224704404932638	      0.54323091691500746681	     -0.21477344188539185255	      0.91161090932507804485	      1.56557410012981312875	     -1.67231073513061812008	      0.00430088715536759529	     -0.46790028456435461823	      1.17154434880919566808	      0.33042805042136702554
      1.54399999999994053113	      0.13910954249243537295	      0.13910954249243537295	      0.13910954249243537295	     -0.06718352466555727043	      0.51332824070827465235	     -0.04359871066508189813	      2.01021377032912562655	      0.54458981351456536846	     -0.21177397118493221373	      0.95840198896861295008	      1.52350661828233646666	     -1.67010912915840359361	      0.00452108591593484033	     -0.46569512135090679328	      1.16863139253007375373	      0.33391819864627103609
      1.54499999999994042099	      0.13809169271082138986	      0.13809169271082138986	      0.13809169271082138986	     -0.06711179659870193659	      0.51263820527130388172	     -0.04466955054041835127	      2.00148716288154870924	      0.54577488471278001736	     -0.20886425059344970734	      1.00466749010965328281	      1.48101110963056115111	     -1.66790615679023490614	      0.00466517965979975757	     -0.46338398957724025173	      1.16562704229548264045	      0.33771250447752615420
      1.54599999999994031086	      0.13709353212279665191	      0.13709353212279665191	      0.13709353212279665191	     -0.06699274188866856383	      0.51188022336910721233	     -0.04573610478668577173	      1.99291314014158005286	      0.54679184373150924170	     -0.20604268899321959152	      1.05039351657244606209	      1.43813761504772563704	     -1.66570421524064782304	      0.00473589768199664078	     -0.46097275538892906743	      1.16253727399062456449	      0.34182266514542058999
      1.54699999999994020072	      0.13611543713670559708	      0.13611543713670559708	      0.13611543713670559708	     -0.06682825105159563572	      0.51105722999215907887	     -0.04679788863917103137	      1.98449217650212217379	      0.54764656845052339662	     -0.20330773325340834035	      1.09556623928912055810	      1.39493619269339985678	     -1.66350567424100659331	      0.00473613921632469025	     -0.45846745540168604149	      1.15936813018185791435	      0.34623085728686459062
      1.54799999999994009059	      0.13515811685161016609	      0.13515811685161016609	      0.13515811685161016609	     -0.06661969230072610493	      0.51017286026295416423	     -0.04785482745655382508	      1.97622500439955661733	      0.54834437307793304495	     -0.20065878944228002223	      1.14017305225185561213	      1.35145465935299124993	     -1.66130915637933895823	      0.00466836049912724722	     -0.45587355089392278540	      1.15612754321279753711	      0.35040069138644358571
      1.54899999999993998046	      0.13422212560744775645	      0.13422212560744775645	      0.13422212560744775645	     -0.06636902685306503291	      0.50923015373930369254	     -0.04890639644908941625	      1.96811208972744200452	      0.54889126564938883757	     -0.19809427357572273465	      1.18420027904521796280	      1.30774328455139121630	     -1.65911687576680022538	      0.00453539494222281615	     -0.45319644905250494604	      1.15282142341072968428	      0.35432804312971655225
      1.54999999999993987032	      0.13330786818676623739	      0.13330786818676623739	      0.13330786818676623739	     -0.06607880328292824179	      0.50823156712794015366	     -0.04995163747383052355	      1.96015367163457354671	      0.54929394529038055861	     -0.19561162008178833993	      1.22763316110834508343	      1.26385472544839605469	     -1.65693451770504496245	      0.00434040106595274654	     -0.45044115070486945296	      1.14945350979697202831	      0.35853792294901842830
      1.55099999999993976019	      0.13241606137300154789	      0.13241606137300154789	      0.13241606137300154789	     -0.06575104916090530882	      0.50718023195743755505	     -0.05098999690413639346	      1.95235023622934233956	      0.54955853848668378969	     -0.19320920870501342992	      1.27045817609785127722	      1.21983929717829941985	     -1.65476412781904214100	      0.00408635692394493464	     -0.44761374019157040838	      1.14602974734957396841	      0.36303110304720648260
      1.55199999999993965005	      0.13154719151291119350	      0.13154719151291119350	      0.13154719151291119350	     -0.06538776367122588196	      0.50607936041777512592	     -0.05202095720564080955	      1.94470205378505744953	      0.54969125726038692292	     -0.19088547266901745303	      1.31266191931654785385	      1.17574709906065710818	     -1.65260769852849409567	      0.00377633416523810283	     -0.44472035212308458352	      1.14255611963332959213	      0.36777892086165586694
      1.55299999999993953992	      0.13070205139539090022	      0.13070205139539090022	      0.13070205139539090022	     -0.06499043770181878177	      0.50493279769994348083	     -0.05304437825479389051	      1.93720961290082649420	      0.54969771038961201537	     -0.18863976907577739706	      1.35423223783312507429	      1.13162587980948181610	     -1.65046371039636197153	      0.00341281852814865044	     -0.44176579623305611833	      1.13904039470215234786	      0.37226903399371091830
      1.55399999999993942978	      0.12988126413236789070	      0.12988126413236789070	      0.12988126413236789070	     -0.06456113334137714155	      0.50374379687223791446	     -0.05405969787594404330	      1.92987318392019724378	      0.54958416265106968535	     -0.18647049868949844287	      1.39515593134540338838	      1.08752555633944347768	     -1.64833409811980180493	      0.00299882501224033472	     -0.43875592203021335225	      1.13548839904396969835	      0.37650119576339119432
      1.55499999999993931965	      0.12908528053652973400	      0.12908528053652973400	      0.12908528053652973400	     -0.06410248381164732057	      0.50251502402288439342	     -0.05506594438903535116	      1.92269284430228570848	      0.54935754023390415135	     -0.18437510270810861246	      1.43541872390334557252	      1.04349817953742785015	     -1.64622419516337159529	      0.00253787108822163023	     -0.43569751463133266078	      1.13190387394444180735	      0.38099040479246704116
      1.55599999999993920952	      0.12831485377690848848	      0.12831485377690848848	      0.12831485377690848848	     -0.06361657629387693080	      0.50124979795954538453	     -0.05606254779144170114	      1.91566888688779912719	      0.54902411284438412675	     -0.18235199815544994584	      1.47500768568140028236	      0.99959318214545822556	     -1.64413567342875577282	      0.00203297458563676424	     -0.43259633549051068613	      1.12829265431423353405	      0.38572493480007719047
      1.55699999999993909938	      0.12757052193709647603	      0.12757052193709647603	      0.12757052193709647603	     -0.06310546242907209835	      0.49995149153010037812	     -0.05704897175451807689	      1.90880142046814005319	      0.54859016223264167600	     -0.18039966571476245827	      1.51391005299137226814	      0.95585955763972219046	     -1.64207013984321603672	      0.00148718574330510890	     -0.42945813360093332278	      1.12466059918706795528	      0.39066545956759257674
      1.55799999999993898925	      0.12685306701524862172	      0.12685306701524862172	      0.12685306701524862172	     -0.06257072337479362145	      0.49862400260834932597	     -0.05802500004598190597	      1.90209071373062377219	      0.54806135500525210436	     -0.17851742622732158505	      1.55211425366911037749	      0.91234398616821654748	     -1.64002616998990569108	      0.00090302457326666319	     -0.42628875931201526406	      1.12101514887999464953	      0.39535744761778485179
      1.55899999999993887911	      0.12616309079159349071	      0.12616309079159349071	      0.12616309079159349071	     -0.06201445583390634980	      0.49727068061788964881	     -0.05899004888066496782	      1.89553684720813175879	      0.54744395484585783862	     -0.17670372619123461688	      1.58960776780479728920	      0.86909488218513974989	     -1.63800546828754800543	      0.00028351771067151638	     -0.42309437295418461655	      1.11736193742641409798	      0.39980351646147060940
      1.55999999999993876898	      0.12550100823050491794	      0.12550100823050491794	      0.12550100823050491794	     -0.06143927443746392825	      0.49589432478757933254	     -0.05994317508718829957	      1.88913972749457248490	      0.54674483521755901094	     -0.17495612683205827298	      1.62637708614443798893	      0.82616238705471756187	     -1.63601286943688006836	     -0.00036778385904634404	     -0.41988171215064523656	      1.11370465269339957715	      0.40447208292231839888
      1.56099999999993865885	      0.12486748611749666493	      0.12486748611749666493	      0.12486748611749666493	     -0.06084726064439437837	      0.49449831195469956535	     -0.06088380005922539029	      1.88289941812069661076	      0.54597018904906502446	     -0.17327311917631438298	      1.66241005483103609919	      0.78359393634510887683	     -1.63404985060482976778	     -0.00104793119867678877	     -0.41665596052962389217	      1.11004895115371837733	      0.40934450187171389501
      1.56199999999993854871	      0.12426298780428408908	      0.12426298780428408908	      0.12426298780428408908	     -0.06024045249254478263	      0.49308604155529195401	     -0.06181137282485848344	      1.87681583212366964730	      0.54512615312457468608	     -0.17165326339086542373	      1.69769473089123690279	      0.74143631268102860865	     -1.63211782710276831487	     -0.00175399282325259696	     -0.41342231372000354250	      1.10640050352343655149	      0.41437774294163365330
      1.56299999999993843858	      0.12368814882598017091	      0.12368814882598017091	      0.12368814882598017091	     -0.05962044965240829303	      0.49166132587046840197	     -0.06272560481695312051	      1.87088898587446461619	      0.54421823440425209917	     -0.17009587953123600501	      1.73222027369234887750	      0.69973404577695519357	     -1.63021568496746915855	     -0.00248343071675005949	     -0.41018904490289592735	      1.10276622254428646741	      0.41918736249070698285
      1.56399999999993832844	      0.12314341581181918739	      0.12314341581181918739	      0.12314341581181918739	     -0.05898929976754268417	      0.49022748687634432052	     -0.06362590149033106601	      1.86511871928119576936	      0.54325249324891977665	     -0.16859950094879413984	      1.76597503634766628267	      0.65853291126272461842	     -1.62834506774227771864	     -0.00323331098361028359	     -0.40696230050915105370	      1.09915147305634053332	      0.42377611883702709372
      1.56499999999993821831	      0.12262904546693480234	      0.12262904546693480234	      0.12262904546693480234	     -0.05834949981053348667	      0.48878735256346189653	     -0.06451136873221624546	      1.85950471019327312483	      0.54223555681730173372	     -0.16716186406531780007	      1.79894652324594050974	      0.61787993265925988950	     -1.62651038953289361899	     -0.00400025264086361926	     -0.40374656818554810478	      1.09555993457927969281	      0.42854385427525526486
      1.56599999999993810818	      0.12214547886241873542	      0.12214547886241873542	      0.12214547886241873542	     -0.05770304782432656571	      0.48734421782286796443	     -0.06538141896744906201	      1.85404673611761139362	      0.54117337334212878286	     -0.16578154779858203516	      1.83112351554367647211	      0.57781948893843082526	     -1.62471320830981991179	     -0.00478138487378232564	     -0.40054674279866597786	      1.09199701674213600633	      0.43347534790005359806
      1.56699999999993799804	      0.12169296482093473755	      0.12169296482093473755	      0.12169296482093473755	     -0.05705189026914956468	      0.48590136912889270171	     -0.06623548773395887546	      1.84874445411028553998	      0.54007177484377300036	     -0.16445720381143838495	      1.86249504498949258746	      0.53839510686717806376	     -1.62295502603112851148	     -0.00557389880751478668	     -0.39736781295544382209	      1.08846812248192392758	      0.43853438131594829619
      1.56799999999993788791	      0.12127187326650247512	      0.12127187326650247512	      0.12127187326650247512	     -0.05639754136493460579	      0.48446243228726038055	     -0.06707324201399281205	      1.84359758388861627587	      0.53893593592422817107	     -0.16318820944651699079	      1.89305121444232837824	      0.49964800506807743874	     -1.62123508916922287604	     -0.00637533398806672692	     -0.39421997480741410858	      1.08497946046979421020	      0.44338781653766079494
      1.56899999999993777777	      0.12088238207662507784	      0.12088238207662507784	      0.12088238207662507784	     -0.05574191217092257927	      0.48303058199786791382	     -0.06789409035745865018	      1.83860568290855841411	      0.53777156765090805557	     -0.16197321199187825203	      1.92278143571730919525	      0.46162024622547698227	     -1.61955514014594981198	     -0.00718289253260695308	     -0.39110893114526784631	      1.08153605345378567293	      0.44803556336214450662
      1.56999999999993766764	      0.12052449056422283313	      0.12052449056422283313	      0.12052449056422283313	     -0.05508730945603460688	      0.48160854221163751365	     -0.06869719100887757002	      1.83376817346325537983	      0.53658492210360897445	     -0.16081012662584695527	      1.95167440133896574750	      0.42435472661324263877	     -1.61791938846874128188	     -0.00799338891569970414	     -0.38803621064453064360	      1.07814160652906387838	      0.45281642812437683521
      1.57099999999993755750	      0.12019832887191642112	      0.12019832887191642112	      0.12019832887191642112	     -0.05443557400761452753	      0.48019939767634484129	     -0.06948195707036186608	      1.82908454464818670537	      0.53538156663824043591	     -0.15969763489302693515	      1.97971998335474896891	      0.38789178091228720957	     -1.61632963823743014409	     -0.00880403232498241928	     -0.38500686100323006089	      1.07480116704902206592	      0.45772802234891118989
      1.57199999999993744737	      0.11990384748474940124	      0.11990384748474940124	      0.11990384748474940124	     -0.05378848674306550143	      0.47880619936411605853	     -0.07024782670125670481	      1.82455418529282642481	      0.53416690536753952401	     -0.15863449618903138760	      2.00690833976661497928	      0.35227070526071552203	     -1.61478763630785593364	     -0.00961213307922410831	     -0.38202607804048821505	      1.07151973318468485274	      0.46274909206590375543
      1.57299999999993733724	      0.11964110123269247610	      0.11964110123269247610	      0.11964110123269247610	     -0.05314736920261486225	      0.47743232366420512713	     -0.07099447648496881591	      1.82017652352030623319	      0.53294564008210676409	     -0.15762022355415361563	      2.03323079073681656226	      0.31752823497554338861	     -1.61329279602253872206	     -0.01041545562036025330	     -0.37910373617803838631	      1.06830268249176230100	      0.46755569323594958764
      1.57399999999993722710	      0.11940996020297395264	      0.11940996020297395264	      0.11940996020297395264	     -0.05251392473483539047	      0.47608068927459779029	     -0.07172134231426002815	      1.81595087261388821176	      0.53172299979321824281	     -0.15665360597654043318	      2.05867799184268296386	      0.28370174236149747760	     -1.61184697677466326482	     -0.01121138009501240589	     -0.37624476279012147861	      1.06515459515057897555	      0.47214319394424103526
      1.57499999999993711697	      0.11921014080379921385	      0.11921014080379921385	      0.11921014080379921385	     -0.05189023424172308635	      0.47475376511049960371	     -0.07242763129858392768	      1.81187647702978216202	      0.53050473018918142820	     -0.15573271793395210283	      2.08323992855011397296	      0.25082919978310358466	     -1.61045438385439432238	     -0.01199688411534232182	     -0.37344908726346054406	      1.06207913538817289023	      0.47682490766983010033
      1.57599999999993700683	      0.11904146612493042567	      0.11904146612493042567	      0.11904146612493042567	     -0.05127792795603572373	      0.47345431473875426720	     -0.07311278066915888330	      1.80795264181199732967	      0.52929587176181613906	     -0.15485636423511059401	      2.10690773815377507816	      0.21894598478386989582	     -1.60911701330906908858	     -0.01276932590333232712	     -0.37072197331499107120	      1.05908083652731255242	      0.48161564815502261316
      1.57699999999993689670	      0.11890359169900041603	      0.11890359169900041603	      0.11890359169900041603	     -0.05067856654451215193	      0.47218504915385883791	     -0.07377626153883978799	      1.80417857954543747745	      0.52810126694220826948	     -0.15402343498574214142	      2.12967287758430234845	      0.18808625882463939072	     -1.60783679529881129433	     -0.01352619596095757694	     -0.36806878347950311436	      1.05616412491012612307	      0.48651124095352360488
      1.57799999999993678657	      0.11879628770659243775	      0.11879628770659243775	      0.11879628770659243775	     -0.05009318547121779930	      0.47094904277013782679	     -0.07441782143247412107	      1.80055352982191307909	      0.52692496495275753521	     -0.15323367367111015436	      2.15152818724167493869	      0.15828117802359656374	     -1.60661293462860976788	     -0.01426568109059061541	     -0.36549652965981455077	      1.05333351583246170868	      0.49115014524559835740
      1.57899999999993667643	      0.11871915745795361130	      0.11871915745795361130	      0.11871915745795361130	     -0.04952323487845438493	      0.46974885525345649873	     -0.07503695404318527773	      1.79707671167226368247	      0.52577154420912419752	     -0.15248604306572752232	      2.17246575434504851643	      0.12956255392761847900	     -1.60544725365862306354	     -0.01498543659969390693	     -0.36300923580067451235	      1.05059302941688903488	      0.49552389215465697525
      1.57999999999993656630	      0.11867168302463780571	      0.11867168302463780571	      0.11867168302463780571	     -0.04897057263790034753	      0.46858654697202739570	     -0.07563291509807465451	      1.79374738429983482391	      0.52464608880456697904	     -0.15177874397313032007	      2.19247692545173444856	      0.10196279516448970848	     -1.60434403139618142475	     -0.01568261023910521440	     -0.36060755131192384626	      1.04794609457175358358	      0.49996924225178662748
      1.58099999999993645616	      0.11865345611646974100	      0.11865345611646974100	      0.11865345611646974100	     -0.04843658216601271632	      0.46746446601080582361	     -0.07620520170157431272	      1.79056487033668099151	      0.52355291679771565061	     -0.15111074374556451860	      2.21155430231310567990	      0.07551147798043092441	     -1.60330518572301583546	     -0.01635487462349227358	     -0.35829664688784473858	      1.04539656963114602206	      0.50451453031431281460
      1.58199999999993634603	      0.11866390780245474057	      0.11866390780245474057	      0.11866390780245474057	     -0.04792256561374080848	      0.46638489484321893341	     -0.07675335757683264537	      1.78752839331381663257	      0.52249612253533450623	     -0.15048110433766945238	      2.22969083829284064890	      0.05023680001164367720	     -1.60233255940690155761	     -0.01700005554366148738	     -0.35608162947802241005	      1.04294814676553304622	      0.50916671157019499638
      1.58299999999993623589	      0.11870259467879146209	      0.11870259467879146209	      0.11870259467879146209	     -0.04742921320608050467	      0.46535053647427648826	     -0.07727724797956307679	      1.78463718369609991576	      0.52147888357284699623	     -0.14988987759910588071	      2.24688115659477283259	      0.02616344121375521747	     -1.60142477389708415281	     -0.01761694577930593766	     -0.35396519144089000353	      1.04060452522555846322	      0.51349831437978299409
      1.58399999999993612576	      0.11876893499265470111	      0.11876893499265470111	      0.11876893499265470111	     -0.04695769747581480386	      0.46436349476555277560	     -0.07777645306524925972	      1.78189057382204651958	      0.52050492493478850431	     -0.14933623317507599415	      2.26311895094069281953	      0.00331691610176406901	     -1.60058336768028319774	     -0.01820362435224211900	     -0.35195050831910185130	      1.03836904409405894611	      0.51749972356099271931
      1.58499999999993601563	      0.11886226296228569188	      0.11886226296228569188	      0.11886226296228569188	     -0.04650966495188978145	      0.46342529469527882213	     -0.07825028602475971040	      1.77928806220052004861	      0.51957849144681766962	     -0.14881848010869577759	      2.27839700212027862491	     -0.01827648812461019762	     -1.59981261291439991190	     -0.01875751244700454498	     -0.35004075318667837724	      1.03624461064299011603	      0.52156862987750007843
      1.58599999999993590549	      0.11898203143855903829	      0.11898203143855903829	      0.11898203143855903829	     -0.04608622426783768461	      0.46253778984394766649	     -0.07869833557352047537	      1.77682919141323836243	      0.51870296624679690378	     -0.14833579385611095347	      2.29270957003215558601	     -0.03859372269622646234	     -1.59911402423145587726	     -0.01927679795023161044	     -0.34824035313864826202	      1.03423428689155794125	      0.52573787277623129643
      1.58699999999993579536	      0.11912753060377953562	      0.11912753060377953562	      0.11912753060377953562	     -0.04568838926343281315	      0.46170275892791984296	     -0.07912024761564998010	      1.77451338482421383524	      0.51788149121350246507	     -0.14788745396421812406	      2.30605129453562662789	     -0.05761325376174630808	     -1.59848903914962070516	     -0.01975982963378445853	     -0.34655345830347639158	      1.03234092532191046310	      0.53001533671395073544
      1.58799999999993568522	      0.11929816561965353450	      0.11929816561965353450	      0.11929816561965353450	     -0.04531647634263900187	      0.46092244233969392742	     -0.07951601878735566065	      1.77234003384584948293	      0.51711616094202716987	     -0.14747386161349820832	      2.31841874394194302766	     -0.07531749543224808274	     -1.59793549728994865866	     -0.02020612536414310989	     -0.34497881309126166016	      1.03056748994185598534	      0.53390862239611436291
      1.58899999999993557509	      0.11949324358688524772	      0.11949324358688524772	      0.11949324358688524772	     -0.04497136146689122843	      0.46019840417634216845	     -0.07988533201206297896	      1.77030874763970036412	      0.51640966055261161571	     -0.14709441951657470371	      2.32980735696173546501	     -0.09168780549821957393	     -1.59745444447883166994	     -0.02061433357066894123	     -0.34351885183343228158	      1.02891653518948089641	      0.53741021859259530125
      1.58999999999993546496	      0.11971203211563928581	      0.11971203211563928581	      0.11971203211563928581	     -0.04465447206082860665	      0.45953155353176233788	     -0.08022757556081801245	      1.76841941061623630915	      0.51576524431569303886	     -0.14674754949515395053	      2.34021144757966981231	     -0.10670453101608980140	     -1.59704996898155759943	     -0.02098229921540702494	     -0.34217940062168439308	      1.02739015023128343884	      0.54098894471268998974
      1.59099999999993535482	      0.11995391286018963761	      0.11995391286018963761	      0.11995391286018963761	     -0.04436661038948673530	      0.45892318550297206414	     -0.08054245109103268241	      1.76667189532573409849	      0.51518519411736618530	     -0.14643267022381686870	      2.34962708370485851006	     -0.12035171186284433775	     -1.59672296196464991169	     -0.02130886658660262334	     -0.34096343129609785194	      1.02599052935142975862	      0.54467265341080983720
      1.59199999999993524469	      0.12021809511865491626	      0.12021809511865491626	      0.12021809511865491626	     -0.04410847036860583714	      0.45837451250617033960	     -0.08082972423042880661	      1.76506592981729037994	      0.51467153844005453234	     -0.14614931225499466771	      2.35805073568303003029	     -0.13261500524495434261	     -1.59647424143524951923	     -0.02159303770633482986	     -0.33987347407130735766	      1.02471962996426069203	      0.54846099445200380273
      1.59299999999993513455	      0.12050386689925833561	      0.12050386689925833561	      0.12050386689925833561	     -0.04387998208051895749	      0.45788721442957125429	     -0.08108951588572828328	      1.76360115420878971193	      0.51422514829052889951	     -0.14589822365174096030	      2.36548096409420693931	     -0.14348426906879610532	     -1.59630088842168826879	     -0.02183508100482105946	     -0.33890627463914679840	      1.02357966303431990873	      0.55182220854277985733
      1.59399999999993502442	      0.12081047188758423094	      0.12081047188758423094	      0.12081047188758423094	     -0.04368169778117393653	      0.45746225137604057398	     -0.08132162345990034957	      1.76227750277287720237	      0.51384755476741006408	     -0.14567905097823846683	      2.37191504082719450963	     -0.15294815032812145161	     -1.59620336722302780252	     -0.02203429224977845532	     -0.33806352241505310818	      1.02257228342625516859	      0.55475274610371372308
      1.59499999999993491429	      0.12113717036595582355	      0.12113717036595582355	      0.12113717036595582355	     -0.04351478579680821690	      0.45709988332582895953	     -0.08152553953492924776	      1.76109525171874392591	      0.51354093945725987069	     -0.14549034872182534106	      2.37734893390157298043	     -0.16099410290105528598	     -1.59618540196348202009	     -0.02218904814945553763	     -0.33735190177644541754	      1.02169853096255169866	      0.55777375145019270075
      1.59599999999993480415	      0.12148331083502854344	      0.12148331083502854344	      0.12148331083502854344	     -0.04337970094799636911	      0.45680079667151901601	     -0.08170109315967710728	      1.76005458341353460128	      0.51330640178330877443	     -0.14533179342816668345	      2.38178060016351755834	     -0.16761363629776412920	     -1.59624722474479519008	     -0.02229887807214064877	     -0.33677271180689577479	      1.02095968428791983307	      0.56090319904913499283
      1.59699999999993469402	      0.12184805614140641061	      0.12184805614140641061	      0.12184805614140641061	     -0.04327677874008006159	      0.45656558812267866720	     -0.08184818006629471232	      1.75915551301661299277	      0.51314477971316208027	     -0.14520317814441358051	      2.38520841347674039667	     -0.17279994160062803199	     -1.59638900245754400409	     -0.02236346325400733609	     -0.33632675279785800848	      1.02035676869048730353	      0.56412905611135688577
      1.59799999999993458388	      0.12223059584948713086	      0.12223059584948713086	      0.12223059584948713086	     -0.04320555608997686536	      0.45639529813651347201	     -0.08196703630014404163	      1.75839790111401517159	      0.51305569592560507086	     -0.14510555460463803179	      2.38763289415096080504	     -0.17655048152413971296	     -1.59660723633058609927	     -0.02238376953277865927	     -0.33601048822959123097	      1.01989104144791942197	      0.56691300125053101233
      1.59899999999993447375	      0.12263014139126557356	      0.12263014139126557356	      0.12263014139126557356	     -0.04316622654519457897	      0.45629024415558733230	     -0.08205758572894353287	      1.75778193714946140425	      0.51303950842671253163	     -0.14503880642068939233	      2.38905318375954855981	     -0.17886145574979567252	     -1.59690185454753064143	     -0.02235972699413621423	     -0.33582465969654878846	      1.01956313974553758328	      0.56925523618596440834
      1.59900000000000019895	      0.12263014139129237157	      0.12263014139129237157	      0.12263014139129237157	     -0.04316622654519308711	      0.45629024415558261385	     -0.08205758572894854275	      1.75778193714942565506	      0.51303950842671397492	     -0.14503880642068597839	      2.38905318375960895594	     -0.17886145574989995022	     -1.59690185454755262384	     -0.02235972699413311254	     -0.33582465969654129445	      1.01956313974552048585	      0.56925523618613715904
