ActuatorForces
version=1
nRows=1201
nColumns=17
inDegrees=no

This file contains either the forces, speeds, or powers developed
by the actuators of a model during a simulation.

An actuator force is a generalized force, meaning that it can be either a force (N) or a torque (Nm).

An actuator speed is the rate at which an actuator shortens. Depending on the actuator,
a speed can be either a translational speed (m/s) or an angular speed (deg/s or rad/s).

An actuator power (Watts) is the rate at which an actuator does work.  Positive power means
that the actuator is delivering energy to the model; negative power means that the actuator
is absorbing energy from the model.

Units are S.I. units (second, meters, Newtons, ...)
If the header above contains a line with 'inDegrees', this indicates whether rotational values are in degrees (yes) or radians (no).

endheader
time	FX	FY	FZ	MX	MY	MZ	hip_flexion_r	hip_adduction_r	hip_rotation_r	knee_flexion_r	ankle_dorsiflexion_r	hip_flexion_l	hip_adduction_l	hip_rotation_l	knee_flexion_l	ankle_dorsiflexion_l
      0.40000000000000002220	      1.81897326103450041046	      2.38071309669561514966	      1.47193401217947439363	     20.85676399469024033806	    -10.75218330579005510117	      2.00989171148741263551	      0.50572818706382527409	     -7.57779800054880769977	     -3.96988953979650061044	     -2.41941726713350568900	      0.86973438327305752082	    -10.14743571585399095625	     51.46769280292111403696	      1.66177224261923051074	    -18.08871117920971727244	    -66.41856863950495437621
      0.40100000000000002309	      1.84379009809784122353	      2.40209846594490272764	      1.54530246968189999279	     20.85830640975983385488	    -10.52115947315655830607	      1.97989445294059862590	      0.57184712663158610013	     -7.48785627918535645620	     -3.89989309628114844131	     -2.44203499765115461528	      0.87570839047871329441	    -10.22908630592417367211	     51.41299121089259926976	      1.63875704796262455787	    -18.27582461901159405215	    -66.59289181938838453334
      0.40200000000000002398	      1.88370782117203816597	      2.40614213788111896974	      1.70725376428471520285	     20.96695816015881064232	    -10.29414883884500397926	      1.95763626462320416977	      0.63638930131132420698	     -7.37673315382454397593	     -3.82353124678687095184	     -2.46555078689338902365	      0.88166697533766935635	    -10.29589882118617794049	     51.38308034199992135882	      1.61492968766127065194	    -18.44661643502689685192	    -66.74599505232504270680
      0.40300000000000002487	      1.92268388021459202264	      2.40864740926019749168	      1.86932102083306972418	     21.06787626461300533265	    -10.06402587113673519070	      1.93636242024001603568	      0.70606483129979080715	     -7.26167152677887894896	     -3.74395493422233771597	     -2.48812039967614140323	      0.88771748021122531824	    -10.35975877545738299546	     51.34350353863683835698	      1.59063960097305390207	    -18.60646060415627189855	    -66.88097195156423424578
      0.40400000000000002576	      1.96161709244195492374	      2.41505785525765759303	      2.03089828631273405790	     21.16408363144844884118	     -9.83151233541730107390	      1.90852440650034793634	      0.77965367343085789642	     -7.14332946944824520585	     -3.66142786829435351592	     -2.50995966753079224887	      0.89385572473978935903	    -10.43504624504008049257	     51.29792356796856012124	      1.56938374222355125909	    -18.78298516333638445985	    -67.03791864419180512868
      0.40500000000000002665	      2.00067954936990588521	      2.42526719842206262001	      2.19175983403749796707	     21.25616042265433236480	     -9.59695586565666758361	      1.87446192069010919568	      0.85689829911640424953	     -7.02185579672498505488	     -3.57605422402195172182	     -2.53115684930250717244	      0.90008093439984948603	    -10.52181787822079606087	     51.24716420651265025299	      1.55138852405354299435	    -18.97754273856118345520	    -67.21943889265673988120
      0.40600000000000002753	      2.03952961203953009317	      2.43544592758917133324	      2.35197928653664689591	     21.34245985337926754255	     -9.36030116714390203470	      1.83945456381077576680	      0.93820966922786297459	     -6.89714283768729785606	     -3.48785121481032245327	     -2.55170273090972177243	      0.90639451925490499562	    -10.61101744145221914550	     51.18981872223873352823	      1.53487487178768367002	    -19.17454562107979754160	    -67.40387470183948437352
      0.40700000000000002842	      2.07771502875213798234	      2.44166728801133103843	      2.51174293495907363649	     21.42075037897951972354	     -9.12106575662676277716	      1.80823034390509462810	      1.02404922682599597294	     -6.76907343784549642152	     -3.39683381458821820331	     -2.57158011344623682604	      0.91279908464120262934	    -10.69424475795641704678	     51.12381418287819201396	      1.51849145705578170151	    -19.35905172013829655953	    -67.57023590988444539107
      0.40800000000000002931	      2.11538466164033422956	      2.44374269606205984928	      2.67085728854810611210	     21.49142084506372896158	     -8.87949651457175548330	      1.78104817770341128380	      1.11414043874756840680	     -6.63780285054171859116	     -3.30311334381447885278	     -2.59087929341179634690	      0.91929317758273620953	    -10.77164042680444033806	     51.04978991873163352011	      1.50255524236205806332	    -19.53254155622432364225	    -67.72129336269091481881
      0.40900000000000003020	      2.15366071478518961158	      2.44729455656403160901	      2.82851036828216706454	     21.55906477806490784133	     -8.63716213410977218246	      1.75149245776506745642	      1.20707861717301856430	     -6.50390815987369474982	     -3.20695242792469192850	     -2.60985748629980474078	      0.92586967644682216516	    -10.85619221166699333025	     50.97278013247466077473	      1.48972581367385892293	    -19.72132431116585493669	    -67.89578944680468453043
      0.41000000000000003109	      2.19271033520649893944	      2.45239284081281994077	      2.98447525775954147775	     21.62422430114709470672	     -8.39458146195147492108	      1.71987205373024210076	      1.30258588203885361523	     -6.36754574834432762742	     -3.10847000970471132320	     -2.62859762329917812096	      0.93252667761206664565	    -10.94787004174565581138	     50.89361423983624632683	      1.47999905267827136512	    -19.92652304305171284682	    -68.09587887234359016020
      0.41100000000000003197	      2.23210673843219353785	      2.45528002595989391921	      3.13890986738957167290	     21.68479275193408284395	     -8.15147658596387714169	      1.69099119418878274246	      1.40108383099519784309	     -6.22860583572910631034	     -3.00769281579689184980	     -2.64708173197114593478	      0.93926505139082516749	    -11.03807658155247040099	     50.81038654037084256743	      1.47177436029025665576	    -20.13291700026524821965	    -68.30014361574320957970
      0.41200000000000003286	      2.27150447921944476093	      2.45146958236841783219	      3.29199690014010570849	     21.73854402316605671786	     -7.90723895130646781126	      1.67002888675490623882	      1.50291593874213313953	     -6.08702500894897635675	     -2.90466456413308593554	     -2.66533227589274002156	      0.94608565090400498221	    -11.11801135530339124102	     50.72119473185608029553	      1.46390523905036706864	    -20.32558966524882038129	    -68.48815823632624244510
      0.41300000000000003375	      2.31108804940255652127	      2.44080268653249277122	      3.44351933931689302426	     21.78597546308446908370	     -7.66229089570521182395	      1.65741316644991343310	      1.60776246210235784773	     -5.94298355522262511386	     -2.79951577894652636758	     -2.68344366742179207819	      0.95298563858948748262	    -11.18754187336972094613	     50.62688934352455305543	      1.45649884233787219046	    -20.50571081154756214460	    -68.66231041934091194889
      0.41400000000000003464	      2.35181998376116041527	      2.43012109406510035114	      3.59264799579297289256	     21.83175816376427746945	     -7.41878374507501803237	      1.64604054114434461553	      1.71434954658258309479	     -5.79701801515142278731	     -2.69250522455884988560	     -2.70160104923752308892	      0.95995761070412077842	    -11.25998160877987785966	     50.53249870284821554378	      1.45137431343009826179	    -20.69893458614304648790	    -68.85938782506319455479
      0.41500000000000003553	      2.39377636651340708340	      2.41989258212214508603	      3.73918825021840461886	     21.87630464079921921439	     -7.17726661879680705169	      1.63576315075114564479	      1.82244739961999746569	     -5.64928466946255092296	     -2.58375957460432736923	     -2.71986037615311593285	      0.96699922477975208679	    -11.33564853425115259711	     50.43870194945541385323	      1.44840314495844335596	    -20.90639082358329758904	    -69.08111308036876607730
      0.41600000000000003642	      2.43652970394526846576	      2.40609852200594787064	      3.88333786798212088343	     21.91736116300182857231	     -6.93720762743362229230	      1.63132207624123282130	      1.93244254940375670415	     -5.49970812149238597044	     -2.47332407006568555374	     -2.73821582583059219829	      0.97411049737713417684	    -11.40606185183999876642	     50.34351044815701214930	      1.44626825090146127195	    -21.11314601465359430676	    -69.30659334196586485177
      0.41700000000000003730	      2.47988584262110123291	      2.38359523989879562578	      4.02522805293625651757	     21.95298458467894420210	     -6.69800624829717605735	      1.63861614464263993796	      2.04455140655555034357	     -5.34829208532703326284	     -2.36127300183428534552	     -2.75673273123845374855	      0.98129037945414721023	    -11.46174578865863935562	     50.24552071415406828692	      1.44390326229689724968	    -21.30407310271752407971	    -69.51579861851449493315
      0.41800000000000003819	      2.52396618536141659206	      2.35252803955904710165	      4.16464912256240893385	     21.98370324603648384709	     -6.46015270950880449163	      1.65777944790593778635	      2.15849580743775470992	     -5.19522739736983929504	     -2.24774644211662710802	     -2.77548179688787977071	      0.98853555478879417961	    -11.50276745825232715958	     50.14562213302156123973	      1.44126971301826722893	    -21.48025637300419177222	    -69.71067409532390968252
      0.41900000000000003908	      2.56927536250017851671	      2.32168951162412895428	      4.30090903966291193683	     22.01365482729718792143	     -6.22582988365125800101	      1.67951247122269364809	      2.27334190557332282978	     -5.04096310779484912956	     -2.13297493907643742617	     -2.79450965571801379639	      0.99584073041064646858	    -11.54434054427150257993	     50.04793699369238879626	      1.43980193298948178082	    -21.66768965692619275387	    -69.92636622230207876783
      0.42000000000000003997	      2.61575557507281075686	      2.29198087829308860819	      4.43387215954281543873	     22.04307725644034121615	     -5.99545295455199322987	      1.70299432306487119604	      2.38894643775106052530	     -4.88565337700914703589	     -2.01708746933096927378	     -2.81383559450609777031	      1.00320360229986249578	    -11.58741018279636492139	     49.95289734831524697256	      1.43942028974402003172	    -21.86775681419035421982	    -70.16440360437511003511
      0.42100000000000004086	      2.66306739357193578144	      2.25882351855295837595	      4.56372398109917298825	     22.06987877251921759125	     -5.76832166130007806260	      1.73337309487988022738	      2.50561454378082082428	     -4.72928191254362584317	     -1.90015347014484969890	     -2.83348407668864155085	      1.01062285985934474652	    -11.62318046092800649660	     49.85882472031568823922	      1.43906017407902098171	    -22.06559720122397294517	    -70.40449912196299919742
      0.42200000000000004174	      2.71113351003172908804	      2.21653189562715624561	      4.69051156806466451599	     22.09265599649278044581	     -5.54389274829722467075	      1.77718408111873316102	      2.62348773319549533056	     -4.57193531629582761155	     -1.78227742277810019544	     -2.85354793005706541820	      1.01809610906961056642	    -11.64155818055899693775	     49.76508892898377212077	      1.43766205036167660225	    -22.24576700384974969893	    -70.62674202766892506133
      0.42300000000000004263	      2.75994472882240415856	      2.16566943178955284566	      4.81406324044232292181	     22.11189982484619065417	     -5.32256745613874215906	      1.83393991004062684169	      2.74238603245747780690	     -4.41380937806494788589	     -1.66360193426873248512	     -2.87405834966930617824	      1.02562020261248720843	    -11.64318366950420902128	     49.67248544792555264848	      1.43519053611385061231	    -22.40953037759326704759	    -70.83279684402000953014
      0.42400000000000004352	      2.80948527901016120722	      2.11690255518664116607	      4.93394393839380995814	     22.13066420808530665454	     -5.10611033923882473573	      1.89169719388594614884	      2.86173299611139908549	     -4.25523001352803298403	     -1.54431435855072463070	     -2.89492250453560195922	      1.03319227424333304199	    -11.64579990238547857473	     49.58352167029001122955	      1.43319472038010431447	    -22.58399923096670036671	    -71.05715311728556571325
      0.42500000000000004441	      2.85959171045936955124	      2.07139990455297606786	      5.05008828184760716340	     22.14897513548608287692	     -4.89475319783380768968	      1.94906927800364826453	      2.98145106578613372506	     -4.09634102297560254158	     -1.42454073952559268079	     -2.91613167073579981903	      1.04080980613919793498	    -11.65094399075931086429	     49.49832666371480627276	      1.43173010331064665124	    -22.77092978751653618019	    -71.30146638096702815801
      0.42600000000000004530	      2.91005832936714625703	      2.02390775113104837146	      5.16261898990441636670	     22.16517660850662707617	     -4.68778724912448296891	      2.01188138809008876251	      3.10175212981026460213	     -3.93719733427875251408	     -1.30437554389494225759	     -2.93774547444619615888	      1.04846996766062572348	    -11.64923009523867136750	     49.41586200185273014540	      1.42983677340037251824	    -22.95531140123756586036	    -71.54591315863845579770
      0.42700000000000004619	      2.96082688902683344168	      1.96844277651885590785	      5.27148338180033704248	     22.17858118077349161013	     -4.48470014645802450559	      2.08689559463944362960	      3.22280686290481455103	     -3.77798647605107618119	     -1.18395165291749204783	     -2.95985493243331454494	      1.05617027595629187076	    -11.63033835521279968361	     49.33644719855929849928	      1.42644373129481305540	    -23.12147521939552774484	    -71.77047376448646787139
      0.42800000000000004707	      3.01175507993745839030	      1.90589620538500525981	      5.37656719855972653477	     22.18955890901406746707	     -4.28573189797947406987	      2.17295750140314680721	      3.34453628413239334449	     -3.61890059285625564911	     -1.06340794944392857957	     -2.98245361816188436777	      1.06390779161927850893	    -11.59558995067113684740	     49.26067872281873860629	      1.42161094589764447349	    -23.27104731503722945263	    -71.97682466268348377980
      0.42900000000000004796	      3.06251261297995824862	      1.84804640539010733846	      5.47775027184721352569	     22.19963809845856417269	     -4.09217027929480536841	      2.25629149014963559239	      3.46651661737933380891	     -3.46008967237783071624	     -0.94287650224680330524	     -3.00537447912904154279	      1.07167964177481422894	    -11.56463296158822728898	     49.18897680001879280098	      1.41720261035934713689	    -23.43243152124020411975	    -72.19991284542011555914
      0.43000000000000004885	      3.11291296773008241416	      1.79604440407010201852	      5.57503385971516252084	     22.20859586469430269062	     -3.90412083763726514007	      2.33532408804850888373	      3.58866481411008741986	     -3.30167444491722417155	     -0.82247574342538820602	     -3.02860407977851853190	      1.07948217337913154878	    -11.53925053468338646212	     49.12115463440627394220	      1.41338903366843293696	    -23.60765977014956007451	    -72.44172624861776910166
      0.43100000000000004974	      3.16285789764970104443	      1.74404396472215239555	      5.66844782720838225032	     22.21536915823345736953	     -3.72095833901261130450	      2.41649108539880330682	      3.71113980234992757445	     -3.14379163867037902946	     -0.70232365818539976843	     -3.05222637550068842671	      1.08731140630736744512	    -11.50947879548704833041	     49.05702324838694039499	      1.40918243785238539445	    -23.78142141126267006257	    -72.68258425490489571530
      0.43200000000000005063	      3.21218554016029145259	      1.68601721512280278148	      5.75786014580165783627	     22.21988116448019923155	     -3.54216595870850881056	      2.50617166375165822956	      3.83425838954752906673	     -2.98672489250544348494	     -0.58257221091391198087	     -3.07629874907128231243	      1.09516618816464239572	    -11.46537106530871596988	     48.99776702840019737550	      1.40346540829334731626	    -23.93809342125371486532	    -72.90227864238528354690
      0.43300000000000005151	      3.26068249550525024461	      1.62294220193876981284	      5.84322641744219595239	     22.22221523704112655651	     -3.36787407414230699487	      2.60279232934739468419	      3.95798433185080567043	     -2.83063971950532344835	     -0.46334814104916910438	     -3.10079681722289501877	      1.10304298042868120788	    -11.40870634743776967923	     48.94365252655457254605	      1.39635673314426611569	    -24.07963897015212850761	    -73.10271693512746082888
      0.43400000000000005240	      3.30808852058537183893	      1.56664554225855567893	      5.92471900009660146225	     22.22223597193070077083	     -3.19913521041121384769	      2.69253289326064759734	      4.08168759490017407643	     -2.67546539952296935638	     -0.34472491110907332867	     -3.12558682618736538572	      1.11093430102822132710	    -11.35930654098943293207	     48.89294122421925692379	      1.38995224880227308262	    -24.23509338451548345006	    -73.31986437652037125190
      0.43500000000000005329	      3.35428843294361911376	      1.51802240868539684016	      6.00238603798223380181	     22.21948279852985308480	     -3.03604491517565122649	      2.77408695019327922182	      4.20519511823100877734	     -2.52128873953210153047	     -0.22681010278743363173	     -3.15067661652985719911	      1.11883417176625865608	    -11.31872326801355299608	     48.84519513557796699388	      1.38443561403486237182	    -24.40649969954169407060	    -73.55602169367236342623
      0.43600000000000005418	      3.39919804974546480025	      1.47089525436274470849	      6.07615983866585906981	     22.21350259483524780535	     -2.87808914619121480882	      2.85406687600790576198	      4.32870787487479269373	     -2.36833054522158636956	     -0.10973902857417394685	     -3.17614744729769471476	      1.12673849448438057053	    -11.27679315641118051872	     48.80113022970051872562	      1.37868605307766012302	    -24.57830123747357475850	    -73.79134407373827286847
      0.43700000000000005507	      3.44246502084718031256	      1.41929992461658116554	      6.14586932170460897851	     22.20452056338329782648	     -2.72476282985299178563	      2.93799357839574781792	      4.45277324046607958508	     -2.21693824127151550840	      0.00633402664217408429	     -3.20200107191674909757	      1.13464844023587474453	    -11.22442005027178879573	     48.76250336395359852304	      1.37144933674410163249	    -24.73516354663563987515	    -74.00543472407544243197
      0.43800000000000005596	      3.48390005307072669893	      1.36404313132328525171	      6.21153224517355795342	     22.19225279743048417913	     -2.57621016290902105084	      3.02431540085333949719	      4.57731168296624524316	     -2.06722731936603842939	      0.12130175163683754036	     -3.22822145819304795467	      1.14255864439949395006	    -11.16338488429222763898	     48.72920761463825556348	      1.36278877099348383339	    -24.87914980329245651092	    -74.20044531427973311111
      0.43900000000000005684	      3.52368091401039862376	      1.31626043276185100694	      6.27351307507228739269	     22.17531022153708875067	     -2.43353921744281365136	      3.10101060477376222480	      4.70114767231989461038	     -1.91891176100358329393	      0.23513668487810113206	     -3.25480555557198236727	      1.15045249006588967688	    -11.11177458979455323629	     48.69783143597317121021	      1.35487582589119970322	    -25.03888163916043652080	    -74.41325540318135267626
      0.44000000000000005773	      3.56182253219701294711	      1.27651885828203148776	      6.33188090487153942831	     22.15308348644472857814	     -2.29692353817266337046	      3.16734716906067603759	      4.82396488558588565354	     -1.77204062038751608554	      0.34774353069262353699	     -3.28179822177895319513	      1.15832083415773334778	    -11.07055126908402797881	     48.66780129801377796639	      1.34781374224800520878	    -25.21613623952072558154	    -74.64628208613270032856
      0.44100000000000005862	      3.59813810834231162517	      1.23857903308194750025	      6.38649753543030840319	     22.12555835258439174140	     -2.16593656409472146152	      3.22953358791778555315	      4.94611872760857274045	     -1.62690067653774583789	      0.45898260485852659940	     -3.30924669640922930469	      1.16616073790273278021	    -11.02990477530718749222	     48.64056663830611171306	      1.34028337335639902150	    -25.39531002938520032330	    -74.87932375541657847862
      0.44200000000000005951	      3.63205711318821045097	      1.19649017188703510328	      6.43719244705454229916	     22.09293194898238255064	     -2.04013811427053326497	      3.29204893101419315826	      5.06841960399327895459	     -1.48385685741458939191	      0.56871649736885965254	     -3.33709035800309194997	      1.17397604513647113578	    -10.98177920915872718410	     48.61814058641333957667	      1.33078296630511072607	    -25.56145771982453140936	    -75.09181230307163446014
      0.44300000000000006040	      3.66349183961037283552	      1.15075577094833647607	      6.48402118218240275382	     22.05464522573932129035	     -1.91975224225242868670	      3.35377201718701201116	      5.19067435496496365488	     -1.34296972689762483810	      0.67685855509447279132	     -3.36534267565911093811	      1.18175854729901663731	    -10.92750375047361011127	     48.60015575467097903584	      1.31925933069328982228	    -25.71642692451671052822	    -75.28597285195949950776
      0.44400000000000006128	      3.69325516083233651443	      1.11171451486271166686	      6.52741287548278137365	     22.00886541835534160327	     -1.80599218537315664435	      3.40560391833798803418	      5.31097315056867635974	     -1.20380960427515226741	      0.78339736428670869728	     -3.39418347872376680030	      1.18947984787499683179	    -10.88217133333483310764	     48.58236133121931743517	      1.30799872725569921172	    -25.88753036519575445595	    -75.49905734254292610785
      0.44500000000000006217	      3.72149067907068342720	      1.07971769256729999142	      6.56742988512921499478	     21.95504987755808201655	     -1.69906185845091783904	      3.44743234677838472635	      5.42885780071098444921	     -1.06640970036635529539	      0.88824427060696375946	     -3.42369546194181140208	      1.19712760959963526730	    -10.84606255834904509072	     48.56426251962417950381	      1.29706732668797286578	    -26.07613245631698006832	    -75.73337703402540910247
      0.44600000000000006306	      3.74781676459124923895	      1.04862023640907864319	      6.60389807059296174430	     21.89343730404232246656	     -1.59856091116235177196	      3.48459732037535729887	      5.54492866739213496885	     -0.93110360765493727087	      0.99126751152852632387	     -3.45386849978769339131	      1.20470123401754669601	    -10.81019203146563789630	     48.54783604271055708068	      1.28495339684964182680	    -26.26681595021650394983	    -75.96834839648913373367
      0.44700000000000006395	      3.77148386458765116913	      1.01231876464026981921	      6.63666997545109893508	     21.82397497319200851962	     -1.50422616761062499791	      3.52072794573817304808	      5.66022702150377199359	     -0.79822760642247470031	      1.09236303351786245841	     -3.48458986205760767874	      1.21220674825253116325	    -10.76733921354421319450	     48.53510245599539274508	      1.26977387030187127692	    -26.44488305292226471011	    -76.18315699414949904167
      0.44800000000000006484	      3.79253210742086821483	      0.97106505630219430714	      6.66580525272796364789	     21.74609336471287690529	     -1.41634007856907828682	      3.55533051457861404288	      5.77442024029265432716	     -0.66781168306890847930	      1.19145754646632351381	     -3.51591057046780619544	      1.21963273320065956895	    -10.71814036754239474192	     48.52567302345613597936	      1.25140234612930445479	    -26.61175201697969328052	    -76.37989536075563989925
      0.44900000000000006573	      3.81235824983669147059	      0.93493071423881701776	      6.69168454612172070028	     21.65852918942637472810	     -1.33592226659598622973	      3.58213659798158801095	      5.88490543984084801821	     -0.53942501838455392260	      1.28851012316311130945	     -3.54818225136093179373	      1.22693961804281048700	    -10.67470951733077200174	     48.51545306608215923916	      1.23261191693734284414	    -26.79328047241182986227	    -76.59581728196170047340
      0.45000000000000006661	      3.83117537075595748775	      0.90428186389462439365	      6.71434409243840946147	     21.56105124739312373094	     -1.26308762714275246708	      3.60140276892559541011	      5.99113989320799689153	     -0.41312334930878602535	      1.38342914790304805095	     -3.58151139284937913843	      1.23411272598820120905	    -10.63689152775771873394	     48.50423924695939348339	      1.21356503074395716268	    -26.99052605208395050340	    -76.83306755278790944885
      0.45100000000000006750	      3.84837615593839643680	      0.87304641844241359649	      6.73360572089582376520	     21.45394574627798078836	     -1.19747791971724382165	      3.61743366068813543279	      6.09400318609887303722	     -0.28925797525027885371	      1.47610348489309872733	     -3.61582332307258669246	      1.24115433671614372457	    -10.59671731209256329009	     48.49428629833727200094	      1.19252560912662675108	    -27.18839388059543082932	    -77.07075868655441297506
      0.45200000000000006839	      3.86311386930124456285	      0.83477242208005009161	      6.74934357167090581697	     21.33688999501065097775	     -1.13908468191362999278	      3.63346750930683981551	      6.19469137511220502290	     -0.16811312228990349382	      1.56646819218569932630	     -3.65097506548172079377	      1.24807164960083483152	    -10.54731232175920574434	     48.48755035834953019958	      1.16717189080209893248	    -27.37212312056577090402	    -77.28769862469948748185
      0.45300000000000006928	      3.87552590165375931974	      0.78963739411540245783	      6.76159618954281427250	     21.20958949529598669415	     -1.08812128747437952825	      3.64954369477683826517	      6.29276184684656136881	     -0.04972902987803173858	      1.65445075368915173186	     -3.68704898498750655023	      1.25485058566505713884	    -10.48870645894121089725	     48.48386908475328027635	      1.13746197176485264180	    -27.54272810543715266363	    -77.48578953746266506641
      0.45400000000000007017	      3.88734268718658881880	      0.74826439086487539498	      6.77065086433628948726	     21.07200546422072306996	     -1.04495287278822956978	      3.66101292591766025453	      6.38515823238509128146	      0.06619221537211839035	      1.73994411040208074581	     -3.72450610747284693858	      1.26144397183592937850	    -10.43130006247389118812	     48.47994782958864590228	      1.10714581284120372473	    -27.72535009658906446361	    -77.70244270810755438106
      0.45500000000000007105	      3.89876684863726552521	      0.71123958876350457103	      6.77652355872982070650	     20.92427972394304447334	     -1.00949689015378396562	      3.66809482818915455482	      6.47133475812970981877	      0.17955476913449341936	      1.82285069158880652651	     -3.76345706778016264593	      1.26783610531578938563	    -10.37494697536587295872	     48.47590485732584397738	      1.07659717965346013457	    -27.92103259863488773362	    -77.93976346462625315326
      0.45600000000000007194	      3.90900929285098186483	      0.67238393493417447644	      6.77905332893105594394	     20.76655860802814856925	     -0.98151949399043303401	      3.67427297690034038169	      6.55241347359938330897	      0.29002900135035591944	      1.90309176761781495557	     -3.80377487710651385200	      1.27403179758751594619	    -10.31249316163816942549	     48.47403918785830967408	      1.04378097357874510820	    -28.11492586139198124329	    -78.17661761822385813048
      0.45700000000000007283	      3.91721200668254709853	      0.62478497724910653233	      6.77809857563958928495	     20.59853513890372767037	     -0.96120906598427779954	      3.68291470512117768976	      6.62966691081220460546	      0.39735279990384952953	      1.98062664238298768993	     -3.84530871176562705216	      1.28003851193636553063	    -10.23686006615357513283	     48.47648370003086171209	      1.00605987895404647148	    -28.29188429917597247254	    -78.39134017975042922899
      0.45800000000000007372	      3.92354421844200373926	      0.56875498369197430293	      6.77366610702925697751	     20.42037041604584146626	     -0.94856880800661258490	      3.69427202686230771178	      6.70261214677254635319	      0.50144021215137168923	      2.05537277598017986691	     -3.88815581741885907263	      1.28584075113660212253	    -10.14782998450455231421	     48.48345535289324459427	      0.96364435415327021062	    -28.45277301784957657560	    -78.58578117131411033824
      0.45900000000000007461	      3.92975722270615790421	      0.51612736333592579285	      6.76600609829644383808	     20.23305634422791854377	     -0.94310447608162917277	      3.70358697785742663200	      6.76805150835722013625	      0.60244371974980115425	      2.12716540722093228055	     -3.93280630436688705132	      1.29138844047678169602	    -10.05597921160379470962	     48.49226476111778794120	      0.92140749604644467396	    -28.62325464485963166794	    -78.79807257462431380191
      0.46000000000000007550	      3.93597952400934048001	      0.46779811044032726386	      6.75513877878137236621	     20.03696326356013912573	     -0.94452858414753393390	      3.71066383554517642551	      6.82550894729125889882	      0.70024468473808276769	      2.19590960799309620199	     -3.97935775540092517844	      1.29666615593151401953	     -9.96161300770767077495	     48.50318460399556386164	      0.87993217714249505335	    -28.80468872924515366662	    -79.03050041590620367060
      0.46100000000000007638	      3.94133154396251939033	      0.41726399049517226558	      6.74091107900774488826	     19.83210317134150102447	     -0.95279724029775536565	      3.71864308430434675756	      6.87627054552120142716	      0.79454989249385654659	      2.26155954277953430420	     -4.02765326457094019474	      1.30168044172302987960	     -9.85791080883990922246	     48.51852435428980214738	      0.83685362988703548837	    -28.98222041239741741947	    -79.26167752085642348447
      0.46200000000000007727	      3.94500881701205230456	      0.35715678902255376670	      6.72311471437568286547	     19.61857130367974377805	     -0.96817231729539798835	      3.73140512056856721301	      6.92163247641138745792	      0.88506127777254750555	      2.32407320311943665914	     -4.07754773821814531232	      1.30643859905197334825	     -9.73720081764112244116	     48.54093515209456910497	      0.78941968419177221961	    -29.14013111173971992685	    -79.46947003139433718388
      0.46300000000000007816	      3.94714876820805216084	      0.28805336036498374597	      6.70174142859661969851	     19.39688770605512502243	     -0.99041693510974937453	      3.74901936523562540060	      6.96114816389256141349	      0.97165019539204866561	      2.38336112809827138648	     -4.12913337488647336215	      1.31092510803453299317	     -9.59948394533897086944	     48.57089587573413069777	      0.73811458513669547798	    -29.27948422838222342079	    -79.65590410669535970101
      0.46400000000000007905	      3.94927674133624861952	      0.22321048856687752959	      6.67714157581971790023	     19.16808170624803153714	     -1.01836915950973150302	      3.76509156363826491543	      6.99173899864767811607	      1.05445211876644684423	      2.43926046931224327352	     -4.18286267174395831603	      1.31509094661489411848	     -9.45722402681500362576	     48.60534717184064135154	      0.68858419763224709698	    -29.42758670647197405401	    -79.86038692512539682866
      0.46500000000000007994	      3.95142731708394023826	      0.16377875168885225321	      6.64937246976083429217	     18.93246890267926119122	     -1.05163423253715393457	      3.77883172289401159105	      7.01303636263398466610	      1.13336781930781782535	      2.49169648155501688436	     -4.23881030039200368265	      1.31892177539352228877	     -9.31140937642750365910	     48.64442060399720446640	      0.64148479567456284656	    -29.58627704747111053507	    -80.08549303037146671613
      0.46600000000000008082	      3.95273320553148721501	      0.10278359032616890545	      6.61825285786261474641	     18.69014191834645544077	     -1.09034818623605644916	      3.79359634004238444049	      7.02640534810088368545	      1.20811400575417948744	      2.54064166659030421513	     -4.29681053568097226503	      1.32242498793960772119	     -9.15497540170575518914	     48.69061684288678293342	      0.59417953014209157203	    -29.74035230856937417343	    -80.30947796824558793105
      0.46700000000000008171	      3.95245925733284764192	      0.03253019691229042110	      6.58347110591073203523	     18.44191790448240908518	     -1.13466832429362796120	      3.81384811348318919499	      7.03316338041217736787	      1.27829010539330933938	      2.58602609197556843057	     -4.35672121897007258440	      1.32560803567016716187	     -8.97962773163484229144	     48.74738289109319566705	      0.54404531882372708651	    -29.87360283918882686294	    -80.50991594519125271745
      0.46800000000000008260	      3.95067256204895045357	     -0.04613189349186086474	      6.54504036377312559125	     18.18838865673498617070	     -1.18419352275157052645	      3.83918571422606191845	      7.03295657166598253696	      1.34376504654081241341	      2.62777043210135063944	     -4.41861365894176127966	      1.32845649005572941093	     -8.78593744842258672634	     48.81515612709983287232	      0.49172248532000084609	    -29.98753292416034099688	    -80.68915003260407559083
      0.46900000000000008349	      3.94858992728508439995	     -0.11882566663555849118	      6.50355786204708863352	     17.92937519362419607205	     -1.23762342424214466519	      3.86097156984853029371	      7.02293204519962621646	      1.40487528018500285043	      2.66580280111786693809	     -4.48287813615411145918	      1.33092412998212505926	     -8.58893146041021005033	     48.88928736684903242349	      0.44288576398154866354	    -30.11138121407359591331	    -80.88781209400004001964
      0.47000000000000008438	      3.94617661969759581098	     -0.18430056627869362273	      6.45914902216425446113	     17.66484289804184015793	     -1.29461777697278535015	      3.87790524594311136752	      7.00282183321938589415	      1.46160075869878891552	      2.70009164384372724044	     -4.54956780947269834314	      1.33299791367755826599	     -8.39020990867561700099	     48.96945218386197495875	      0.39805300150386191405	    -30.24737560222973087320	    -81.10867003207870595816
      0.47100000000000008527	      3.94264243807414516141	     -0.24999809499436764781	      6.41156761887945947365	     17.39525522574818694466	     -1.35539725178115588733	      3.89392016301135868162	      6.97401888952616744177	      1.51362321475976280283	      2.73060755490908135812	     -4.61851850296364219162	      1.33468573034961623947	     -8.18209951868803564423	     49.05858930187094557596	      0.35446421735149113985	    -30.37976977431916481009	    -81.32958301246927135253
      0.47200000000000008615	      3.93728599883205276910	     -0.32373661602304082407	      6.36038576759948171002	     17.12233315864591531863	     -1.41985071193862211203	      3.91384240851512288373	      6.93791221977856409353	      1.56039150617217625694	      2.75723556373119738083	     -4.68957323286378624516	      1.33599622892577318822	     -7.95596476013193942833	     49.16109518860962879216	      0.30982461311285236505	    -30.49212993867803689341	    -81.52806434647195032994
      0.47300000000000008704	      3.93009980915103085408	     -0.40448117114078740997	      6.30567259739358121351	     16.84644592073399849141	     -1.48755571399010477762	      3.93672994107171803080	      6.89426456443472623903	      1.60182810214841708785	      2.77992943438795103717	     -4.76277513912284344855	      1.33691671526975364159	     -7.71304090477820114558	     49.27706352906131570535	      0.26473111214171396455	    -30.58641198808501471262	    -81.70671058615954507331
      0.47400000000000008793	      3.92207947526723899045	     -0.47735040281139617946	      6.24836555979500474223	     16.56525865024192967212	     -1.55770391912119521294	      3.95212149548709135161	      6.84038734284927407714	      1.63868193616585333672	      2.79878977868930345352	     -4.83847373367724031823	      1.33740321268847051073	     -7.47043137327550965665	     49.39932350367417512871	      0.22407000471276194986	    -30.69319355350635802893	    -81.90673753968010828430
      0.47500000000000008882	      3.91317235150748388151	     -0.54115544439289919865	      6.18866342384646372921	     16.27830862357039620747	     -1.63011406912937673042	      3.95849623017289786731	      6.77608176635424719336	      1.67104344043633723516	      2.81383998976980631568	     -4.91670905900747357009	      1.33744398148963883344	     -7.23003820636234362240	     49.52700872172115253989	      0.18808895232281797050	    -30.81481527915155282926	    -82.13087376664768157752
      0.47600000000000008971	      3.90266874879317526847	     -0.60365242745251634915	      6.12622212893316486770	     15.98677991530095710004	     -1.70488659849830526127	      3.96041957299050295660	      6.70278013360059432557	      1.69849211750143780364	      2.82502269613676970650	     -4.99731196974892988294	      1.33704804381955533188	     -6.98354895635112704610	     49.66382795309061037869	      0.15416638918058778174	    -30.93502119517017590056	    -82.35665924491571843191
      0.47700000000000009059	      3.88982264141876044050	     -0.67258210870596712994	      6.06052683933620528478	     15.69319228745681016335	     -1.78154372580625874889	      3.96264088940316128173	      6.62203147075478604222	      1.72032605172500741020	      2.83218132391283017313	     -5.08008303415242679080	      1.33622678969641528468	     -6.72249214526950922277	     49.81501146294371551448	      0.12041587374601592231	    -31.03751548551469952031	    -82.56174092147341525560
      0.47800000000000009148	      3.87457453341275481762	     -0.74686685069130476222	      5.99172519423201777045	     15.39749393825735523933	     -1.85975571770656245008	      3.96382667697155000042	      6.53370755283488868770	      1.73656543522706652283	      2.83532032264065536609	     -5.16504016465599846697	      1.33496957046113084999	     -6.44860131609379383377	     49.98012695599953758574	      0.08723343209824374611	    -31.12451408879123349038	    -82.74876051217989925135
      0.47900000000000009237	      3.85791106175489062480	     -0.81180455019494957014	      5.92107766431595905487	     15.09506723113256043689	     -1.93959545761642004891	      3.95295723171800261753	      6.43509640344598388140	      1.74844877577311486050	      2.83473669879072964761	     -5.25255085478089078777	      1.33323265792756329162	     -6.17963065088199492436	     50.14940931909279697720	      0.05828123222775261070	    -31.22675297670628324909	    -82.95864274074050115360
      0.48000000000000009326	      3.83981589462376859956	     -0.86639142757178433385	      5.84883380608090419628	     14.78514807427391986039	     -2.02104361425020329079	      3.92866481771299902448	      6.32602848419967500604	      1.75615583988726342568	      2.83049903165938365746	     -5.34265484721874184260	      1.33100552209051148367	     -5.91737328085915059717	     50.32161800372219317978	      0.03355423690221126520	    -31.34637328845136750033	    -83.19387078450485262238
      0.48100000000000009415	      3.81960061886792345831	     -0.91848390100869892194	      5.77454665910983067079	     14.46977790825533816133	     -2.10388628339501337905	      3.89587188916016202711	      6.20804223026162382837	      1.75910858689229954166	      2.82250246258847203862	     -5.43515799135659882779	      1.32829956689682893156	     -5.65319881345512875725	     50.50140440059678326179	      0.01079904195524505894	    -31.46688656721041610353	    -83.43187358292946953497
      0.48200000000000009504	      3.79638121116785498543	     -0.97563360000879129075	      5.69767715417823694679	     14.15190216550321622435	     -2.18727523930463974011	      3.85876558132578395544	      6.08294123799768549077	      1.75649556812733642630	      2.81056945584009509886	     -5.52979107761006893895	      1.32513033583161465856	     -5.37932851451352611605	     50.69450837977880297558	     -0.01151921929365418151	    -31.57246246318737803449	    -83.65053829484963898722
      0.48300000000000009592	      3.77009030170363246270	     -1.03687386464156361399	      5.61844384855758960384	     13.83104562285853944559	     -2.27102435946652292387	      3.81593765884629476659	      5.95067525637043015507	      1.74843456316233769599	      2.79475400931991080355	     -5.62655743882981518311	      1.32148921277002173724	     -5.09764245402523030748	     50.90003035662304853304	     -0.03325500154993665802	    -31.66529542807108299485	    -83.85235112551946201620
      0.48400000000000009681	      3.74197431958417325859	     -1.08818641068850752163	      5.53828546282466049888	     13.50109163785629107224	     -2.35614661908212497110	      3.75743537393037740912	      5.80827646026595978412	      1.73654887547447511764	      2.77549676200693484773	     -5.72591373096852329638	      1.31733055365078621790	     -4.82477067919525559603	     51.10646561110496577385	     -0.05189018397885325484	    -31.77505704833615141069	    -84.07732869325143099104
      0.48500000000000009770	      3.71210023499378394263	     -1.12880067867573075091	      5.45746123217207923517	     13.16121292498712591623	     -2.44273259220628347066	      3.68235737239828608836	      5.65557613931200187096	      1.72105763905630038124	      2.75288880700848004324	     -5.82790828413314265788	      1.31264527750876158763	     -4.56207623919353544295	     51.31248271246177949934	     -0.06757370079518709716	    -31.90351243652884605240	    -84.32768001400661717071
      0.48600000000000009859	      3.67970930936638751518	     -1.16648548540015895014	      5.37545604389903530773	     12.81412958400872525999	     -2.53016152340694588929	      3.59548687240241804375	      5.49431853908286527144	      1.70122686444291737473	      2.72678174104458159732	     -5.93229182328809390157	      1.30744883045267323851	     -4.30118047082375110080	     51.52353606906267913246	     -0.08211226628845880171	    -32.03437761917938786382	    -84.58100365632375883251
      0.48700000000000009948	      3.64371082480016639238	     -1.20862440977163032585	      5.29176547529606011722	     12.46284928679622794334	     -2.61723926317129951258	      3.50012778276969527269	      5.32664094551711375658	      1.67618728647407344567	      2.69700148522504790094	     -6.03870269398475478795	      1.30176221079517651091	     -4.03534763846373767393	     51.74558951021721497909	     -0.09678159971673316875	    -32.15247413614178384478	    -84.81544774952983800631
      0.48800000000000010036	      3.60408386159016913552	     -1.25448217007732409911	      5.20664332661907280908	     12.10667112391683986061	     -2.70388544222535642803	      3.39516328601750672078	      5.15253643785131831834	      1.64611607879812105182	      2.66363355568129955842	     -6.14714004606231601002	      1.29557897618831630027	     -3.76622444535742451066	     51.97752885849069315327	     -0.11160139791785983476	    -32.25974895451068391594	    -85.03328323861335036327
      0.48900000000000010125	      3.56256649745222375714	     -1.29089779343306076953	      5.12151690591585406764	     11.73910300862860367488	     -2.79187826802048277841	      3.27303595180534045994	      4.96858447125067037575	      1.61282627517174148579	      2.62717040191891015866	     -6.25820664303887674862	      1.28885015356792198560	     -3.50793187551101670607	     52.20723587493019124395	     -0.12477589831992874636	    -32.38407345804040460280	    -85.27355568209652858513
      0.49000000000000010214	      3.51933813861977284887	     -1.31731281296274005399	      5.03661336245218649310	     11.35949705712543789105	     -2.88133497032133334415	      3.13349257273816306224	      4.77460717792580524588	      1.57652259119487325734	      2.58770060909543353489	     -6.37196091346340409700	      1.28156861408814659598	     -3.26124173158173213949	     52.43355823330757914391	     -0.13644712569471639796	    -32.52681472930867556670	    -85.53831455683589979344
      0.49100000000000010303	      3.47348814134714700685	     -1.34134121197593003671	      4.95140136959909682446	     10.97092426560628553034	     -2.97122372801455014724	      2.98074088538201920073	      4.57264638426462255438	      1.53635896188522025341	      2.54505279653363114534	     -6.48806996572568461801	      1.27375533851897815296	     -3.01852020119430797251	     52.66247331292264277636	     -0.14802208927616744560	    -32.67222921916589228886	    -85.80549509860838952591
      0.49200000000000010392	      3.42371359611496473008	     -1.37040665697293206904	      4.86545418841920707109	     10.57612811651848971906	     -3.06008674438123762229	      2.81721709206684067794	      4.36519199027596283003	      1.49146929641874592676	      2.49908052372391775720	     -6.60607383823853488991	      1.26543744269635993760	     -2.77406583694934649742	     52.89990856286903664341	     -0.16065194105630009602	    -32.80575928002404140216	    -86.05346897691447338730
      0.49300000000000010481	      3.37009676566495386396	     -1.40407414649124007155	      4.77901675307560935835	     10.17441183907803292641	     -3.14791413038858536311	      2.64241738759717748053	      4.15223946936506038696	      1.44204907916418711977	      2.44987929955335914656	     -6.72597714279533676063	      1.25661078000410819655	     -2.52897420888353874346	     53.14477438399723041584	     -0.17441881411601745100	    -32.92897539892675240480	    -86.28435477963981270477
      0.49400000000000010569	      3.31498487832777755102	     -1.42976944780329517926	      4.69333361395787562742	      9.75996894628967481822	     -3.23700570613519289509	      2.45175619311187631411	      3.92981763645606774205	      1.38990012471034152242	      2.39790137374397138714	     -6.84855139024829195904	      1.24722273682549289475	     -2.29430538757513513559	     53.38531387285622997751	     -0.18775613694456128044	    -33.06784239253086354893	    -86.53653680523842695038
      0.49500000000000010658	      3.25867153879974580377	     -1.44704306905691737484	      4.60857309506995704851	      9.33247980902835649886	     -3.32746569974484884824	      2.24560577266902328120	      3.69774387911357971248	      1.33517931588102989338	      2.34321624501938607921	     -6.97385928977132252271	      1.23726864344623210812	     -2.07028774864671527567	     53.62067435171640283897	     -0.20070719746673182371	    -33.22343516115746808737	    -86.81204911166717863580
      0.49600000000000010747	      3.20005288005773991244	     -1.46344023104586540285	      4.52424291712102899510	      8.89498029867273487525	     -3.41795829279590179794	      2.02736458244865502820	      3.45839771706288878761	      1.27699866892816427111	      2.28565857991984699993	     -7.10146929261702375413	      1.22677571936544715925	     -1.85027856595230133507	     53.85698108944198736481	     -0.21444851735505920942	    -33.38067949613051865754	    -87.08916961194272232660
      0.49700000000000010836	      3.13768470972729573987	     -1.48677450337774530453	      4.44000928526646987393	      8.44974842405864023931	     -3.50693584711351036276	      1.79897450177703888130	      3.21455520449831499974	      1.21454944411385490355	      2.22512545617655765895	     -7.23084016788196848324	      1.21577686367562165515	     -1.62921000529506754262	     54.09994045840163323646	     -0.23019089244891155488	    -33.52538886954107510974	    -87.34641595956347259744
      0.49800000000000010925	      3.07178917346298874236	     -1.51688528174202019727	      4.35607413586224367918	      7.99627151084882825671	     -3.59446763767064680906	      1.56069691981122105062	      2.96617665999531210375	      1.14801520196414763575	      2.16170487111445597250	     -7.36198760815415198522	      1.20427020488392821918	     -1.40747431667652689313	     54.34861562797465950325	     -0.24802437205229121986	    -33.65872983417490615921	    -87.58583414061116911853
      0.49900000000000011013	      3.00525654016760768172	     -1.54106708789481672284	      4.27340959349763238606	      7.53009152880390786322	     -3.68310621995627229808	      1.31045415118357766460	      2.70879586887112777660	      1.07903828512601052125	      2.09574778931447269770	     -7.49582528985816054501	      1.19220039229464003228	     -1.19359698722157903106	     54.59211743993306242828	     -0.26619256662016033133	    -33.80524768549252456751	    -87.84550673055100844522
      0.50000000000000011102	      2.93846098883906847732	     -1.55880893391579888885	      4.19212802138535778340	      7.05120811265423697023	     -3.77294455988561594495	      1.04901524119350142428	      2.44224881364133450390	      1.00772832885820395887	      2.02730398508185194473	     -7.63240715270139258308	      1.17956568457527888327	     -0.98750286873472425953	     54.82982101182793854832	     -0.28462956334719402562	    -33.96589301860978338254	    -88.12751336983514249823
      0.50100000000000011191	      2.87012508701738511263	     -1.57782807192063501134	      4.11182066037757465438	      6.56227471706418441499	     -3.86251702658847761995	      0.77907436590221834649	      2.16922446306998528698	      0.93323850786837247995	      1.95624503185028997265	     -7.77120798522885625204	      1.16639946236513081246	     -0.78340077489686965606	     55.06764693072998539947	     -0.30451067966464906434	    -34.12611270916008265885	    -88.41032422685641734006
      0.50200000000000011280	      2.79879224029967588194	     -1.60674538751345608034	      4.03223030843690821712	      6.06507936664949909300	     -3.95035284522128904428	      0.50278709299408319566	      1.89265466122000569626	      0.85485036152033178070	      1.88251407279889093616	     -7.91164077866229931146	      1.15273942309134236339	     -0.57607730890715247440	     55.31104046615529057362	     -0.32724778944065446851	    -34.27158892315064520062	    -88.67240443002867777977
      0.50300000000000011369	      2.72481993061825278346	     -1.64554536333875489618	      3.95350279122685321909	      5.55936893264637888024	     -4.03660828760288836747	      0.22112397527469340730	      1.61245790186496096297	      0.77272692184464641940	      1.80618557886206287932	     -8.05372824414545362970	      1.13858611285797550750	     -0.36526415962033764728	     55.55922288448811485750	     -0.35292230134253976814	    -34.40310962113846215971	    -88.91570559762593006781
      0.50400000000000011458	      2.65138406185133135295	     -1.68035061126968798817	      3.87635678227778157634	      5.04211785075359841812	     -4.12385578514033568354	     -0.06697899386041683556	      1.32390086424467590120	      0.68830204189229693412	      1.72750343106278236860	     -8.19844807165196520771	      1.12388366082117885369	     -0.15853989415908209537	     55.80211016260767564745	     -0.37936792111126216298	    -34.54479471829338876887	    -89.17828384839174304943
      0.50500000000000011546	      2.57887467145982896000	     -1.71038436624141354514	      3.80086940163310771368	      4.51355029848021160888	     -4.21218712771792525018	     -0.36072965307283766379	      1.02688635621338564263	      0.60165813329016160083	      1.64650877042882282097	     -8.34582545428796862552	      1.10863379823076257935	      0.04410066233702103489	     56.03916072566099870755	     -0.40644444503376009337	    -34.69766261747577829055	    -89.46223956425298240447
      0.50600000000000011635	      2.50592170722832463525	     -1.74387769323479346895	      3.72672308662795614964	      3.97579465503110895952	     -4.30018295981447806753	     -0.65767733506147862954	      0.72432235072605877235	      0.51204515293090668848	      1.56312641737705870781	     -8.49526561625658693799	      1.09287534587257928465	      0.24813044253829685815	     56.27594549604821594357	     -0.43551930948044770275	    -34.84728313734467519680	    -89.74599461549657064552
      0.50700000000000011724	      2.43120247174593373529	     -1.79058900750490579412	      3.65369917416791167852	      3.43022218333894102216	     -4.38665635474924897608	     -0.95466898577527103953	      0.41914094065322871074	      0.41885827385899077058	      1.47734296732805470143	     -8.64617781129051188316	      1.07664941024936400282	      0.45979111082602441840	     56.51766953982255614619	     -0.46837805997529402546	    -34.97860861514217845070	    -90.00766444224151996423
      0.50800000000000011813	      2.35515582013887581070	     -1.85041260645783722794	      3.58189395581153746662	      2.87682440303066755405	     -4.47185620376933457010	     -1.25033874789303922626	      0.11125437159851259139	      0.32224897543324804161	      1.38922538171347698110	     -8.79857563457555613695	      1.05995934665512603345	      0.67970908830219389785	     56.76363993386475215175	     -0.50511473144939644797	    -35.09218846885793396950	    -90.24904771450626128626
      0.50900000000000011902	      2.28085365714261456560	     -1.90721096161433933958	      3.51186735706889407993	      2.31376714303925723470	     -4.55805374292390297342	     -1.54686946923314394553	     -0.20398229745021145831	      0.22344361663486633773	      1.29893817630466479329	     -8.95338796316209695192	      1.04275210970394827115	      0.89898542426627425783	     57.00429759024014941815	     -0.54294646324283268868	    -35.21307912613691826209	    -90.50851504238598010943
      0.51000000000000011990	      2.20861984881707940076	     -1.95976438223669902072	      3.44368623171938281757	      1.74141375084860783318	     -4.64529046595937700204	     -1.84386911890305782435	     -0.52653567464852057967	      0.12251365362685451288	      1.20652604518962647262	     -9.11058855987676352584	      1.02503356404129997159	      1.11712719408302296742	     57.23910098541134061634	     -0.58164643320711695296	    -35.34259439253793999569	    -90.78819340248557523410
      0.51100000000000012079	      2.13710929896106449632	     -2.01717432923211958951	      3.37710015775085992118	      1.16139323715637488021	     -4.73233253351271798692	     -2.13845530651576609671	     -0.85340865001288790381	      0.01882927102432319089	      1.11196746903636789483	     -9.26954961729214943489	      1.00684679022107204105	      1.34005215092573015667	     57.47330581663878490417	     -0.62289970955350382198	    -35.46590656992505330436	    -91.06621103704287634173
      0.51200000000000012168	      2.06524170284504293704	     -2.09047551257123132018	      3.31189504097753228962	      0.57471506264931804253	     -4.81844486184351694646	     -2.42589350129770764397	     -1.18179949057009014979	     -0.08808362170587002993	      1.01529006965267454277	     -9.42971094640017071242	      0.98823481679835012415	      1.57571593176699664696	     57.71186833149475603477	     -0.66902205704129080743	    -35.56672449820384684926	    -91.31999298431047407121
      0.51300000000000012257	      1.99344745397230838080	     -2.17922390716171321401	      3.24813924016007149476	     -0.01846472169562218824	     -4.90390906216673272411	     -2.70489898700324715719	     -1.51173370155128772296	     -0.19807742662263372324	      0.91656256404804015148	     -9.59105299840701164271	      0.96920435641447699737	      1.82461761039408587592	     57.95410613040021985398	     -0.72010024346538248352	    -35.64562367426683664462	    -91.55120323860825237716
      0.51400000000000012346	      1.92430558696474918179	     -2.26428697906129627881	      3.18634495258538663620	     -0.61908763861232785075	     -4.99027431954542066705	     -2.98082410643841910769	     -1.84739813980566713880	     -0.31013688387171445271	      0.81589842603837503532	     -9.75434423517798165904	      0.94970889206393849236	      2.07430473555305638911	     58.19082862180601978253	     -0.77243058783520446298	    -35.73004977015149563613	    -91.79914566505566142496
      0.51500000000000012434	      1.85800986053588701452	     -2.34393784211903266623	      3.12658804627410802368	     -1.22673423384368618372	     -5.07746911603140915759	     -3.25400033222530282728	     -2.18858312706834423622	     -0.42419434795863963927	      0.71335340608524866468	     -9.91949133355733891904	      0.92975886246176031591	      2.32344342547770033036	     58.42146732967734834574	     -0.82566328079035633536	    -35.82185056361559816196	    -92.06610698342917942227
      0.51600000000000012523	      1.79336378189506717717	     -2.42841418999552161040	      3.06864464596573327526	     -1.84019309927266760951	     -5.16459594939674104808	     -3.52044235463564803013	     -2.53234681273283301906	     -0.54075092615184505718	      0.60895278593557922164	    -10.08587385934567315360	      0.90940012531071090507	      2.57915471375711469193	     58.65103114733049949336	     -0.88192419595095605800	    -35.90530833766967333531	    -92.32971863582542937365
      0.51700000000000012612	      1.72956429007975032164	     -2.52992184742973336142	      3.01226513823736752329	     -2.45864712249024819357	     -5.25143745606973766371	     -3.77363755342979345642	     -2.87607855691472957815	     -0.66016500715897485918	      0.50275502380600078922	    -10.25297614960706304998	      0.88867674632933102430	      2.85138017936334975388	     58.88435382726344613502	     -0.94411544968662219901	    -35.96263803156845995090	    -92.56647210955561888568
      0.51800000000000012701	      1.66694149309137173987	     -2.64750873027895750056	      2.95750396502700141355	     -3.08179280197003890862	     -5.33819920002238745838	     -4.01286020526981701551	     -3.21967045241695615232	     -0.78230172539104358975	      0.39483331725274073420	    -10.42072250458637761028	      0.86759948968767597322	      3.13998131624374510196	     59.12080307138239021469	     -1.01222678395070930790	    -35.99479951618268813718	    -92.77809528249328252514
      0.51900000000000012790	      1.60733572517143841196	     -2.75895015334899085246	      2.90492203592239661702	     -3.71001768540035925525	     -5.42536805568620650320	     -4.24792098689189856486	     -3.56661928590200627553	     -0.90634500262922745861	      0.28527410483405457597	    -10.58965385763782585116	      0.84613116099491181288	      3.42747546737617314605	     59.35144005078105777784	     -1.08134901962101404038	    -36.03280372333249914618	    -93.00571724551916474866
      0.52000000000000012879	      1.55079123321493739240	     -2.86210009512120677755	      2.85460969605614423017	     -4.34288228641418072584	     -5.51271277599501274835	     -4.47996409655397087590	     -3.91654280080434569200	     -1.03222875231778754568	      0.17414561176991583125	    -10.75960978254006938926	      0.82428681809397774671	      3.71158461075253853778	     59.57569908548847337215	     -1.15095942370602166704	    -36.07918660542599553764	    -93.25200465749995260012
      0.52100000000000012967	      1.49634624351828904310	     -2.96842093376628213264	      2.80632149887959769785	     -4.97942932677661076468	     -5.59977743714347298010	     -4.70344240260756407679	     -4.26666944350646559769	     -1.16033649198763466615	      0.06150699763343148163	    -10.93000841838638237391	      0.80211376060669303811	      4.00117263248067622783	     59.79847304378041172868	     -1.22369608575896293701	    -36.11698586423300838533	    -93.49392825953438546094
      0.52200000000000013056	      1.44341156741643317218	     -3.09096971275772602894	      2.75974577051049152487	     -5.61886736341369896763	     -5.68681998145893885521	     -4.91042545964560872562	     -4.61454386232136304358	     -1.29094503287094930499	     -0.05256321058532131829	    -11.10036422063029881713	      0.77965711676983850964	      4.30781478942330320336	     60.02462561959853815097	     -1.30300000346823541264	    -36.12714101002395494788	    -93.70710270871798286407
      0.52300000000000013145	      1.39215565428777665602	     -3.22827120593888139410	      2.71493445186976600780	     -6.26077715462646722244	     -5.77386777190108091418	     -5.10106966935440198085	     -4.95988944158762823378	     -1.42393869019268315412	     -0.16798670587466757453	    -11.27053406720105499517	      0.75693208252012311732	      4.63037385349162100567	     60.25361395234587291725	     -1.38865976634245935628	    -36.11133784424054482542	    -93.89364979199298488766
      0.52400000000000013234	      1.34368850315573240550	     -3.35564279216993099908	      2.67255709729387547213	     -6.90532671871952175024	     -5.86021550958483317117	     -5.28953862939943064703	     -5.30554791544532999836	     -1.55865450314476294835	     -0.28468712918187089045	    -11.44084565502194728026	      0.73391109027566292511	      4.94637182780157669271	     60.47660768383798313153	     -1.47442220089103459557	    -36.10441638072614267685	    -94.09716175469587540192
      0.52500000000000013323	      1.29794225238292426639	     -3.47074365498082215709	      2.63271224825049898755	     -7.55206832846175757368	     -5.94546809655513186499	     -5.47756173188898287663	     -5.65103435158139610905	     -1.69502121968703178823	     -0.40258596145761327278	    -11.61109218240130580568	      0.71061310428779389525	      5.25284279256047526019	     60.69307427049026415489	     -1.55956837991041430413	    -36.10951988267991907833	    -94.32080249657866488633
      0.52600000000000013411	      1.25420193696466242272	     -3.58612507990778794920	      2.59509222902897818130	     -8.20011260607157055347	     -6.02964221292739921410	     -5.65798025653158731529	     -5.99379238357651278335	     -1.83333001702608022754	     -0.52160381727961446785	    -11.78074140265636948754	      0.68708596853246373115	      5.56050076418447325466	     60.90794165814712357587	     -1.64725692253661071263	    -36.10835562898802919563	    -94.54080216975930284207
      0.52700000000000013500	      1.21195172239299608918	     -3.71525143822304926289	      2.55931340416412922423	     -8.84855017163320667350	     -6.11333382409435444060	     -5.82226810075127332311	     -6.33140608018315553807	     -1.97382181661978073350	     -0.64165217011290520688	    -11.94930121520259014289	      0.66337659877307997291	      5.88166825975029450291	     61.12628230077987723234	     -1.74132093983777602730	    -36.08125947566891511542	    -94.73232258459724164368
      0.52800000000000013589	      1.17119552475152488569	     -3.85626407047104180492	      2.52542954096334426595	     -9.49689077644984536164	     -6.19636173703298709370	     -5.97148233272558570661	     -6.66345941987206380475	     -2.11639418585156668939	     -0.76264716908541752005	    -12.11657091947699882439	      0.63950414638409558421	      6.21419168796504273189	     61.34765713502810058344	     -1.84130307663690206965	    -36.03077095817003083766	    -94.89813422010529109230
      0.52900000000000013678	      1.13258844569426742055	     -3.98318574573286809937	      2.49423125878067253325	    -10.14539551823406782205	     -6.27703584343548470770	     -6.12254096009890247387	     -6.99246182420188944207	     -2.26044325467078532910	     -0.88450722392436897934	    -12.28276704997223234272	      0.61544768895777091089	      6.53235394664518587149	     61.56309107417146009311	     -1.93978813406494587923	    -35.99450932036018002691	    -95.08404737300037368186
      0.53000000000000013767	      1.09602854876231958769	     -4.09374072182646386864	      2.46581684088616270856	    -10.79366078278124518874	     -6.35488757734712805814	     -6.27731968595927014576	     -7.31794354059825913339	     -2.40586736852717031354	     -1.00714102172351216424	    -12.44767313587381529771	      0.59122852636021017148	      6.83302673534297255742	     61.77202976873981299377	     -2.03594428236723024028	    -35.97589144082585477236	    -95.29359658785543274462
      0.53100000000000013856	      1.06096785409916094522	     -4.20121342303983169586	      2.43980084839728306179	    -11.44075259867926774859	     -6.43036891459074411159	     -6.42753489237776420850	     -7.63751286223348646587	     -2.55289290764690868230	     -1.13045588846608646705	    -12.61079047327184810001	      0.56689479768232686752	      7.12828767482729386273	     61.97953586950524140775	     -2.13341244476952240916	    -35.95561892531156900077	    -95.50239877593925541532
      0.53200000000000013944	      1.02678664005564712625	     -4.31904177996634075498	      2.41573424682786708217	    -12.08554531317547287017	     -6.50419659098015756626	     -6.56510366424916469441	     -7.94863435264052675677	     -2.70177637267758896655	     -1.25436327345734843774	    -12.77157268742271689632	      0.54249632639193912098	      7.43004629135236527304	     62.19107295159367509996	     -2.23618268778776885242	    -35.91437394345003752960	    -95.68587603096462146368
      0.53300000000000014033	      0.99337680240080317162	     -4.44521905176634390955	      2.39367326364202881450	    -12.72754839400755599854	     -6.57602569974029904643	     -6.69168265756428581881	     -8.25084261023164522442	     -2.85240675682065791818	     -1.37877080906306792585	    -12.92979066019898048978	      0.51805488077645289735	      7.73549374519784116444	     62.40625253175893050184	     -2.34359057378796808990	    -35.85535189999282579265	    -95.84742974538509940885
      0.53400000000000014122	      0.96138622324194500379	     -4.55375887193605421999	      2.37451064393441413358	    -13.36743269488836460823	     -6.64370403990587021781	     -6.82434929996037453748	     -8.54683089247732041827	     -3.00409780776029755600	     -1.50356803631113145059	    -13.08570995200281039672	      0.49355055123623259306	      8.01866083848786814769	     62.61550864324647847070	     -2.44760180814842520647	    -35.81671309981578588122	    -96.03367604875687391086
      0.53500000000000014211	      0.93077135745565442448	     -4.64266239722533669010	      2.35833698162981875157	    -14.00490598114740237179	     -6.70682361806260018966	     -6.96459265820035966499	     -8.83627744077305443682	     -3.15668501294932291046	     -1.62864497329975321804	    -13.23914651828194166683	      0.46900496523499812795	      8.27691803738860265582	     62.81815182997148383492	     -2.54741977141154096742	    -35.80161350620236504483	    -96.24811560595495052439
      0.53600000000000014300	      0.90100687081448427307	     -4.72549107456674732930	      2.34469286770755047655	    -14.63890624425131647968	     -6.76613213510383104676	     -7.10385113868913720125	     -9.11682845188469492825	     -3.31037028100771291150	     -1.75390210386222600292	    -13.38959746555184970873	      0.44446703867910830610	      8.52279058980959192127	     63.01949493476630692612	     -2.64703088488470461570	    -35.79041368288184088442	    -96.46612732679444945916
      0.53700000000000014388	      0.87121356611159228578	     -4.81531884167483781312	      2.33307762615031322184	    -15.26803895121454957007	     -6.82226510293656929207	     -7.23541050858929679634	     -9.38568391871789131642	     -3.46546975593819972516	     -1.87925907975153849705	    -13.53641959499113411880	      0.41999042299076805307	      8.76671745271328006766	     63.22554483328741525838	     -2.75036107059963841337	    -35.76504658583474594025	    -96.66412885064688964576
      0.53800000000000014477	      0.84126059246756312859	     -4.91021555332244474812	      2.32354567841073844647	    -15.89189162141568090192	     -6.87484514281706537986	     -7.36101813047604025542	     -9.64245309843422226947	     -3.62183229752572888316	     -2.00460915917494153504	    -13.67939551915494611478	      0.39559752958939764511	      9.00585524421398986306	     63.43585431134061991543	     -2.85668302868011814155	    -35.72887340270904132922	    -96.84580085225726975295
      0.53900000000000014566	      0.81225794577498788840	     -4.98520940822243119328	      2.31705388024549563397	    -16.51179748589004248061	     -6.92192257534021848642	     -7.49517563621233762206	     -9.89055213701395175008	     -3.77854534567121369548	     -2.12978603217036654982	    -13.81900744537761838160	      0.37126296095973954081	      9.21722794418245960912	     63.63975371899384469998	     -2.95807789197759518629	    -35.71786557760396618733	    -97.05638392221838728346
      0.54000000000000014655	      0.78429057313279315622	     -5.03866877043881800091	      2.31367437576561485457	    -17.12759079097435233052	     -6.96326780060775263337	     -7.63856935222088395676	    -10.12990539364693276525	     -3.93536641061811298670	     -2.25465899054091423181	    -13.95513667464799389961	      0.34700683373345420080	      9.39924601601438425291	     63.83635237681674823307	     -3.05392376130076970142	    -35.73439940284814753113	    -97.29884152002928487946
      0.54100000000000014744	      0.75668619358125965846	     -5.08398691150904369351	      2.31288624352579574861	    -17.73799674312198249027	     -6.99971848678046626446	     -7.78335354566593196068	    -10.35802988724845441482	     -4.09252855113104718754	     -2.37913248477683580973	    -14.08722762955476603963	      0.32287977594444017271	      9.56376455901016875316	     64.03138071184382340562	     -3.14833776972859302745	    -35.75936514834944546237	    -97.54891060207924624592
      0.54200000000000014833	      0.72821474794595530966	     -5.13368334187612163078	      2.31416551309008866610	    -18.34145011861630791827	     -7.03174761973754414157	     -7.92478836518479567985	    -10.57178277610617556093	     -4.25041606604736887931	     -2.50313194088994661612	    -14.21451846450302269886	      0.29893931765684333968	      9.71904999411763448336	     64.23134793920009144585	     -3.24509687124392431912	    -35.77657356086120188365	    -97.78454709528762123227
      0.54300000000000014921	      0.69881319125855156926	     -5.18605382746312670861	      2.31756230644225524884	    -18.93770198261863413336	     -7.05910695163170487376	     -8.06421126119072084748	    -10.77096773418909592124	     -4.40881153190821883925	     -2.62653146771848478025	    -14.33684316881049802817	      0.27520641210894147832	      9.86285486457568794094	     64.43560085047386110091	     -3.34359629743495867515	    -35.78897885516756360857	    -98.00919369883499143725
      0.54400000000000015010	      0.67038858798753153678	     -5.21769426400996394477	      2.32404018844761139917	    -19.52873095820073956475	     -7.08052641034294083511	     -8.21152793409454773155	    -10.96010318074993605819	     -4.56651981455984401492	     -2.74910678687481091487	    -14.45502140602152962856	      0.25164521287444063802	      9.97767488311554018310	     64.63215244482445598351	     -3.43657140733004684563	    -35.82806871033989182251	    -98.26460312920883666266
      0.54500000000000015099	      0.64317676411951651971	     -5.22730601406129835595	      2.33364619373678294778	    -20.11448182878852719568	     -7.09600781605224995019	     -8.36650201541203841771	    -11.13939660924537733422	     -4.72323511066905510347	     -2.87071334739743555531	    -14.56901497788012278534	      0.22827313701440088423	     10.06315685590071140609	     64.81990198264666958039	     -3.52363869198488721679	    -35.89518741721858674509	    -98.55288024200396534980
      0.54600000000000015188	      0.61621688671756658096	     -5.22778600280150840263	      2.34582550927744648561	    -20.69348888605999547963	     -7.10630813670672978333	     -8.52289215365412644587	    -11.30609500093634522955	     -4.87926578424542345402	     -2.99126870488705121076	    -14.67817551047298962885	      0.20514325736831207081	     10.12945927466710749343	     65.00506357480242058955	     -3.60885878362432466204	    -35.97262190869635389845	    -98.85081129965469415311
      0.54700000000000015277	      0.58793138901974373312	     -5.23107944333682439719	      2.36005873151493972273	    -21.26414682217509266593	     -7.11175403171405662306	     -8.67798774969801911539	    -11.45673774832594027373	     -5.03505401854102974113	     -3.11070160888223812279	    -14.78163302865807082753	      0.18231586270331945343	     10.18262185919962448111	     65.19452248179369746595	     -3.69587905808150818388	    -36.04613088732398296088	    -99.13797572413317027440
      0.54800000000000015365	      0.55838938706790486322	     -5.23576619713472268813	      2.37638552301136485312	    -21.82637265370335910575	     -7.11231365259986603178	     -8.83235194491072661549	    -11.59140484896015266258	     -5.19032177149558737739	     -3.22887385762101741804	    -14.87930232461559576507	      0.15980877038127561107	     10.22146783864317143298	     65.38737465733794351763	     -3.78431481564160954179	    -36.11778819547915020394	    -99.41709957300379585377
      0.54900000000000015454	      0.53038990700875388029	     -5.22005561325929079430	      2.39571779008464602612	    -22.38255179004215733585	     -7.10751112266802920203	     -8.99065088441822979348	    -11.71581128699812346383	     -5.34364550854278252956	     -3.34552960772930285671	    -14.97237591803549605629	      0.13757396397887644568	     10.23482181467687546217	     65.57047896495807037809	     -3.86768163230786221618	    -36.21364624143982524629	    -99.72537891459727177335
      0.55000000000000015543	      0.50428995867969206301	     -5.18287632961337862980	      2.41807585991975315665	    -22.93270001305842242800	     -7.09753394542316584648	     -9.15191299688835613324	    -11.83041642760722567118	     -5.49469674586497980329	     -3.46052514504098240877	    -15.06089126435449188079	      0.11562580199724337149	     10.22337718546598672731	     65.74258904815972925917	     -3.94577937446499715790	    -36.33412595207612127979	   -100.06407523844130480484
      0.55100000000000015632	      0.47877301381392101121	     -5.13649591529448912297	      2.44290442470223467808	    -23.47526778467253905092	     -7.08296529138175401386	     -9.31196893894636446021	    -11.93213537257178380457	     -5.64387575448437317505	     -3.57379502522793268682	    -15.14409180966572776583	      0.09401973358398318936	     10.19503687780125567031	     65.91035238387001982119	     -4.02250518672357948446	    -36.46343170008481138211	   -100.41150353727039146179
      0.55200000000000015721	      0.45200266087930174308	     -5.09240013536395963456	      2.46971387531097263945	    -24.00877203538493631640	     -7.06409461024161089426	     -9.46968038644803300485	    -12.01730783669752256060	     -5.79164845844455378199	     -3.68526494505848623007	    -15.22103937334034995388	      0.07281664453570035889	     10.15416439911066603941	     66.08080589987257269513	     -4.10150130978153004691	    -36.58879658380237742676	   -100.74847206874608218641
      0.55300000000000015810	      0.42419394525695963694	     -5.04942802650080579951	      2.49852982244652821464	    -24.53326149986536108827	     -7.04109738827756359569	     -9.62475766369250607113	    -12.08630523800061595807	     -5.93770699213864716626	     -3.79479834635094714912	    -15.29173931586368340163	      0.05203039224659367079	     10.10077346646013296549	     66.25282791465502896244	     -4.18258760916138072616	    -36.71125565376431865161	   -101.07678504494924709434
      0.55400000000000015898	      0.39886959035372626658	     -4.98706420122653071303	      2.53016874206039688033	    -25.05117370890260986016	     -7.01401465771330379084	     -9.77752340048213852697	    -12.14581898702529194622	     -6.08054995355564731341	     -3.90215741979469399325	    -15.35769639450664847402	      0.03160284497450982499	     10.02900117980234284687	     66.41262410511090763521	     -4.25973050374344186508	    -36.85218315689569834603	   -101.42955398659047716592
      0.55500000000000015987	      0.37643920241293926665	     -4.90433875503035210386	      2.56462159717520421509	    -25.56250676559574230851	     -6.98308761693314750119	     -9.92667044020457467468	    -12.19647458322827837662	     -6.21988845102900977935	     -4.00722197151630599166	    -15.41900232031996331727	      0.01154566340170193328	      9.94011575229988331159	     66.55897152018759754810	     -4.33275081535335893079	    -37.01147763266527590531	   -101.80752212108495768916
      0.55600000000000016076	      0.35525790403012535990	     -4.81294257296653427147	      2.60135873137166129254	    -26.06573938545749058449	     -6.94872477139654165512	    -10.06998491155417241316	    -12.23489681238713089328	     -6.35620376922565455402	     -4.10994359859887481434	    -15.47480890783293716595	     -0.00808450790925618890	      9.83988413934664407634	     66.69883589663783141077	     -4.40537651699124399585	    -37.17520144401456860805	   -102.19054092490739549248
      0.55700000000000016165	      0.33336531439134375887	     -4.72409594399829302347	      2.63995630342456877315	    -26.55973447613258997535	     -6.91130091354304454399	    -10.20711861716380042253	    -12.25740186763020211913	     -6.48992337793277140889	     -4.21022928072628488394	    -15.52416787843736756258	     -0.02722899137853618257	      9.73192812392578154856	     66.83904616224067751773	     -4.48140081068388873575	    -37.33121775963198274439	   -102.55989306777541969495
      0.55800000000000016254	      0.31108468889034668337	     -4.63682924776637150899	      2.68043127044771267720	    -27.04463073492124181030	     -6.87108588832379041378	    -10.33710909020710744244	    -12.26460290462962987590	     -6.62074418828644262192	     -4.30795594060968678463	    -15.56716478582734808356	     -0.04587789191469182626	      9.61722649160732245832	     66.97833081354855266909	     -4.56072094266298755372	    -37.47969232808745232433	   -102.91656893730433353085
      0.55900000000000016342	      0.29231375765039047110	     -4.53138108553983443016	      2.72346004800613172847	    -27.52243294700635090066	     -6.82811646315954590136	    -10.45787444507251962023	    -12.26371776494258369894	     -6.74728686259840060302	     -4.40296357072100796870	    -15.60548415340984362842	     -0.06409454064290054376	      9.49287956476665328864	     67.10305825841294335987	     -4.63713176730827747463	    -37.63938389505785409028	   -103.29136213229877228059
      0.56000000000000016431	      0.27742862049778693745	     -4.40676887515837734099	      2.76900590038475513666	    -27.99304572273392466286	     -6.78255046210585987865	    -10.56824323591681036305	    -12.25542416099630926851	     -6.86933699197771474587	     -4.49516466110326806671	    -15.63924091222197532147	     -0.08186916326262672072	      9.36012161097389316922	     67.21217892546980010593	     -4.71031576219723646659	    -37.81022340235411149933	   -103.68499920342416942276
      0.56100000000000016520	      0.26455367340456348302	     -4.27426950753530832117	      2.81659758863780496085	    -28.45516191584897569555	     -6.73472305268994375638	    -10.66737090638294205291	    -12.23618116596888505399	     -6.98738301222414648350	     -4.58450370799307016512	    -15.66753683328074941983	     -0.09914599059829276584	      9.22324169275821148517	     67.31267349362168772586	     -4.78396626693683479914	    -37.97956027648131538399	   -104.07838966099421895706
      0.56200000000000016609	      0.25174277113491427826	     -4.14503732068240537956	      2.86591626116315012496	    -28.90817178399009890200	     -6.68514833923630646950	    -10.75477217839792842824	    -12.20246668992820460176	     -7.10173292171638603776	     -4.67084377416369100899	    -15.68947466963056491807	     -0.11587134638862961467	      9.08621629524924934174	     67.41078754262063910119	     -4.86212999381521182585	    -38.13484851186639446041	   -104.45230572995245665879
      0.56300000000000016698	      0.23935395303881534801	     -4.01819479743338092703	      2.91697364188942742658	    -29.35222585200028788677	     -6.63404795567362270958	    -10.82916154662628116512	    -12.15503750604123212042	     -7.21211312806204762893	     -4.75407986742454369278	    -15.70519414355703347042	     -0.13203865115444246570	      8.95052622324539193244	     67.50521906146119022196	     -4.94462680039190516368	    -38.27577861096015254816	   -104.80724743369592033559
      0.56400000000000016787	      0.23124561966028522875	     -3.87417243202335725982	      2.97025274173613240691	    -29.78843433709130295028	     -6.58104015012692400433	    -10.88849981988636272945	    -12.10108489511311269382	     -7.31745159478258688779	     -4.83417981902393201210	    -15.71639299010083590247	     -0.14771033977836189877	      8.81320477659689416328	     67.58339442222541038063	     -5.02455741984284554036	    -38.42127952133858315165	   -105.17423782004938459522
      0.56500000000000016875	      0.22768915110376042321	     -3.71190320647806970555	      3.02569129952959769980	    -30.21658646215547605607	     -6.52615107978419928259	    -10.93215673670229648451	    -12.04123741339595454747	     -7.41761676771486300197	     -4.91108759240699299653	    -15.72318128759772015712	     -0.16287791075232371796	      8.67490671234600796424	     67.64451688858383704428	     -5.10141075702238389056	    -38.57182466997493008876	   -105.55446603738690214414
      0.56600000000000016964	      0.22672011899628330411	     -3.54247410280137842165	      3.08291359155711575113	    -30.63581817215677460808	     -6.46978196365532198797	    -10.95975998948831886537	    -11.97197349652917530705	     -7.51300848566081036495	     -4.98470946275651982660	    -15.72467107007963171839	     -0.17748927010199366805	      8.53949589142350973248	     67.69516358095660280014	     -5.17904010261919189873	    -38.71507201376781637236	   -105.92899627965795161799
      0.56700000000000017053	      0.22650763236347870588	     -3.37710997694935599611	      3.14174158395687186385	    -31.04616830575091057653	     -6.41255193146044177865	    -10.96991116481638073310	    -11.89008066858223600093	     -7.60375659529666236836	     -5.05484669519337082022	    -15.72006603141876723839	     -0.19149810540983747131	      8.41224212454676489870	     67.74069134953339244021	     -5.26175583206453012508	    -38.83711736893247490343	   -106.27712469475835632693
      0.56800000000000017142	      0.22736486896985752537	     -3.21493007005742015281	      3.20218173282218288023	    -31.44774660384388198509	     -6.35455272909597113085	    -10.96142659883942371835	    -11.79634932295306981587	     -7.68963553857251458368	     -5.12141470213084382124	    -15.70952942783726591358	     -0.20490037999956189907	      8.29457176318547695359	     67.77987708940611355501	     -5.34921029649328971800	    -38.93766776497293591319	   -106.59928993059494928275
      0.56900000000000017231	      0.23277360425385040799	     -3.03615273936955532008	      3.26446818934196869577	    -31.84049419043918760508	     -6.29491157058235728528	    -10.93451079617467769367	    -11.69746061664521619150	     -7.76999866427241503430	     -5.18453643390247620459	    -15.69462439329120151399	     -0.21775233412502092989	      8.18067132631127336140	     67.80190170833846252663	     -5.43365555899336705181	    -39.03849428293376888632	   -106.92932969985592706053
      0.57000000000000017319	      0.24287041127050201794	     -2.83961857871415190857	      3.32850718016240421093	    -32.22406421936315723542	     -6.23356503338646916745	    -10.88926837298393479614	    -11.59393654432749798389	     -7.84479258586263661357	     -5.24418399703303617088	    -15.67544087332342073182	     -0.23004652766153155241	      8.07032377192917849129	     67.80628279297862093244	     -5.51442738141698640675	    -39.14091256324808654199	   -107.26921353751536969412
      0.57100000000000017408	      0.25574336614515402744	     -2.63642602721185426162	      3.39404762792702285878	    -32.59818250982510789981	     -6.17105449794544824726	    -10.82484521400559174253	    -11.48246446366680828532	     -7.91425400630123565549	     -5.30020385809151228784	    -15.65116304786952028394	     -0.24173729066236937513	      7.96811580658892637530	     67.79885022927629734113	     -5.59566220040991169071	    -39.23178133754308305470	   -107.59909209789201156582
      0.57200000000000017497	      0.26971487676956940049	     -2.43789514360292969286	      3.46109226081054544011	    -32.96370095670701516610	     -6.10804665382246980698	    -10.73855528347733923056	    -11.36021585930651056628	     -7.97829090473105573267	     -5.35231911807149174365	    -15.62112236074941762354	     -0.25278723180612860943	      7.88109063699684586624	     67.78375532766587241440	     -5.68192509380408594666	    -39.29525924986268137218	   -107.89609502039630228865
      0.57300000000000017586	      0.28499878521067500969	     -2.24307385728181429840	      3.52963690452484968318	    -33.32069451192671749595	     -6.04454014743295431344	    -10.62969502373056229771	    -11.22792485671618756271	     -8.03673403110116701953	     -5.40046572338723773754	    -15.58548007390544398731	     -0.26319427743203283043	      7.81012384950072746648	     67.75990909342885970545	     -5.77273712221935131339	    -39.33153116337518895307	   -108.16103357943337925917
      0.57400000000000017675	      0.30455028060447375537	     -2.03183981297993909720	      3.59958599747299956562	    -33.66768686680640598752	     -5.97941599055204164870	    -10.50198501111336213398	    -11.09147506769253510583	     -8.08943557287025072355	     -5.44494486463490368067	    -15.54557576579546029905	     -0.27300518390979133798	      7.74486688321838201432	     67.71886310707384382113	     -5.85967312612878377109	    -39.36702174527295738926	   -108.43254213475817948620
      0.57500000000000017764	      0.32839047600128878912	     -1.80297845812404489152	      3.67080201616120405106	    -34.00420895253205344488	     -5.91263880408790498677	    -10.35626418641598434078	    -10.95127412706421488053	     -8.13641821937443054935	     -5.48575891413662919405	    -15.50147882477835814541	     -0.28221384028692675372	      7.68419623157273790071	     67.66047753606869719079	     -5.94203730077171865531	    -39.40396948910584029591	   -108.71351755875495825876
      0.57600000000000017852	      0.35475824226855934285	     -1.56769566632112855586	      3.74319048106518437180	    -34.33075895011020861602	     -5.84490007693050017679	    -10.19056342598800313226	    -10.80435402260136967811	     -8.17771523969410552013	     -5.52268507903870276010	    -15.45249087250165587193	     -0.29078313094645924508	      7.63423113379428919245	     67.58950466060468897922	     -6.02430922072457697425	    -39.42758863756905896025	   -108.98231571236802039948
      0.57700000000000017941	      0.38211985061386144480	     -1.33733029260056923704	      3.81696134543847165332	    -34.64916633532648404525	     -5.77685964995087886109	    -10.00095834047495202412	    -10.64826836446972535555	     -8.21301086726351492473	     -5.55536734355233097205	    -15.39807393277222757888	     -0.29868514255178002514	      7.60378067196092466418	     67.50866382201023441212	     -6.11129106568842850322	    -39.41997470086443655646	   -109.21363654607586113343
      0.57800000000000018030	      0.41058584995724345390	     -1.11084288065134728640	      3.89208193479521469271	    -34.95947393846898876291	     -5.70851669775467485124	     -9.78742292705150873644	    -10.48365139995324213373	     -8.24221345181934594848	     -5.58377326867760537255	    -15.33837543311868856222	     -0.30591962769795921773	      7.59290501500031744797	     67.41708190306501080613	     -6.20246004328552924534	    -39.38208943396783467961	   -109.40902033858901631902
      0.57900000000000018119	      0.44263729934284867795	     -0.86792647831518365820	      3.96804253165215925492	    -35.25854382600734027164	     -5.63885672514891211904	     -9.55731015035188136153	    -10.31554387891909740915	     -8.26571344568953847443	     -5.60840767966517272924	    -15.27449665673721312942	     -0.31252327507641508575	      7.58643285018689716992	     67.30919323469777282298	     -6.28899895303989264761	    -39.34563080462566375672	   -109.61291752079647210394
      0.58000000000000018208	      0.47824158476812783647	     -0.60740173005643782744	      4.04465219718844082308	    -35.54580877457375720496	     -5.56796368676299380240	     -9.31196351198578042840	    -10.14428136712011152554	     -8.28361295120063623187	     -5.62931142482691093676	    -15.20650036498864032808	     -0.31849128271096427412	      7.58258895309160685372	     67.18520557930631298404	     -6.37027423358676969656	    -39.31359292640402713914	   -109.82909924090621700543
      0.58100000000000018296	      0.51583165082556092784	     -0.34058410722002463444	      4.12200263715305936785	    -35.82269934345990236579	     -5.49660442438148777455	     -9.04802357287567815547	     -9.96730492321352734564	     -8.29573461471571071968	     -5.64619372832070354207	    -15.13382793929640612873	     -0.32379605827564938991	      7.58940725669828886168	     67.04853749034482746083	     -6.45106675920269445612	    -39.26909134528163747291	   -110.03359910462722837110
      0.58200000000000018385	      0.55398072658493902054	     -0.07867761193082856153	      4.20050157034461335570	    -36.09202234177022461381	     -5.42538364039114640036	     -8.76065731011638604286	     -9.78249689237641284478	     -8.30157959502528797202	     -5.65863761764927630793	    -15.05606045198020126463	     -0.32842253233656970579	      7.61708212837041109822	     66.90049312608159937099	     -6.53635122360054499069	    -39.19247662158542766520	   -110.19894706540553386276
      0.58300000000000018474	      0.59273898681225034579	      0.17939845696758993654	      4.28006156964578110546	    -36.35371883359240996469	     -5.35437034380193210836	     -8.45043299191060270914	     -9.59039590048377199594	     -8.30116274860652758605	     -5.66665976213929223348	    -14.97332999155365129695	     -0.33236863006301797796	      7.66490957372485404164	     66.74055236190770301619	     -6.62560572817827431180	    -39.08554911657044073081	   -110.32761506765376680050
      0.58400000000000018563	      0.63431277480643188937	      0.45372026516869823354	      4.35972234340692921251	    -36.60287248558920936148	     -5.28289048536845484705	     -8.12735802868401435717	     -9.39534944809679117839	     -8.29540273437234887410	     -5.67097861878321829465	    -14.88653372934595253696	     -0.33564935520870031738	      7.71394889191298105402	     66.56624360117058358810	     -6.70983981184682942711	    -38.98459907375663391349	   -110.46962470200450923130
      0.58500000000000018652	      0.67867953731196450917	      0.74537899804195717479	      4.43922952226839129253	    -36.83877469334232301890	     -5.21115480693582355798	     -7.79295956631820274652	     -9.19774830874526827529	     -8.28447058186891993614	     -5.67169110867067338688	    -14.79579951417356831200	     -0.33829901193432876383	      7.76223082421360111027	     66.37815888389826568527	     -6.78847672185163286684	    -38.89300775731116033285	   -110.62936011591678209243
      0.58600000000000018741	      0.72445086080772114201	      1.04308638825889943291	      4.51886210432242307888	    -37.06378390613539863807	     -5.13988808094379123759	     -7.44260739681892857789	     -8.99544740950595311801	     -8.26800665908486998035	     -5.66845721941694513646	    -14.70072308400668426032	     -0.34031363300249806159	      7.81961494827306857758	     66.17835886332892414430	     -6.86646907200555389750	    -38.79181129536428329629	   -110.78047828153523823858
      0.58700000000000018829	      0.77033339349013374431	      1.33572672965598826522	      4.59920247275738347525	    -37.28163348761128759179	     -5.06961389904176940036	     -7.07066693684758718064	     -8.78627668018793173133	     -8.24550148975851016075	     -5.66080350524700293136	    -14.60072299464194500729	     -0.34149840116570739923	      7.89708417315941879622	     65.96690810444691521752	     -6.94892112851190901779	    -38.66023198383670944622	   -110.89400769309303029786
      0.58800000000000018918	      0.81633516247018178547	      1.62458414407475970620	      4.68007075838764308173	    -37.49200528186513281526	     -5.00053548742732800747	     -6.67829533491304516701	     -8.57105289802792036369	     -8.21698241265094253549	     -5.64883552635145846921	    -14.49619807709416896557	     -0.34204648420369521133	      7.99356222129385951547	     65.74373487912890823281	     -7.03529546962002871879	    -38.50068635143307460567	   -110.97329198326674770669
      0.58900000000000019007	      0.86442452239043632289	      1.92983658303688798696	      4.76002551064907208911	    -37.68796883628760951979	     -4.93242673826657096470	     -6.27768287364679622442	     -8.35479879398016755943	     -8.18344495282556927407	     -5.63356034495782154181	    -14.38884381961824665552	     -0.34263506596865500597	      8.08839883225012101775	     65.50935885948841530535	     -7.11641349091186548037	    -38.35230237541023257108	   -111.07241999953468791773
      0.59000000000000019096	      0.91512788782350185102	      2.25021366067156236568	      4.83893495865345357743	    -37.86929377299968280113	     -4.86505645529526020709	     -5.86729488808549604073	     -8.13489388836189419862	     -8.14623703530747889090	     -5.61491355773559064346	    -14.27627922420539086090	     -0.34142485567930647150	      8.17924745877046710518	     65.26486152843284571645	     -7.19171148279517069568	    -38.21857549221272165596	   -111.19592610392136577957
      0.59100000000000019185	      0.96737838332850856204	      2.57381248839146792307	      4.91731402395909356073	    -38.03940516260780668745	     -4.79884949002810401453	     -5.44048040590767811864	     -7.90835284815817374238	     -8.10528526766258750058	     -5.59243991723809052985	    -14.15724961024732486692	     -0.33771003244977837454	      8.27711027134742138855	     65.01108225519757866095	     -7.26620331427589860596	    -38.07893758334092382256	   -111.31544468441865092245
      0.59200000000000019273	      1.01746782562722160037	      2.90128677084604191805	      4.99493785781156418579	    -38.19924270161584445304	     -4.73673400969438773700	     -5.00595384454302916311	     -7.68908078876981981864	     -8.05435936889866610500	     -5.56678187492297738004	    -14.04441990576570375993	     -0.34102986680579761014	      8.39669123947417439524	     64.74658170061043449550	     -7.34481441673269230819	    -37.91107523183172389736	   -111.40127077015945644689
      0.59300000000000019362	      1.06802760124479334536	      3.22233651965547096552	      5.07245616745997551789	    -38.35147421254941946245	     -4.67640246902203671198	     -4.54974731888094652277	     -7.46164523679591074057	     -7.99942719774469068739	     -5.53697173714862156402	    -13.92470316507792205130	     -0.34160491810873994112	      8.53361555562725015989	     64.47252769719860054920	     -7.42705079118932687265	    -37.71859845094952845557	   -111.45722873830409582752
      0.59400000000000019451	      1.13000078410834703391	      3.51605155931909507672	      5.15130051888777984459	    -38.49937676978732525868	     -4.60901348892456041995	     -4.03183997459848342260	     -7.17450186497041730860	     -7.96212198161421191855	     -5.50027514680029305794	    -13.75296584606162753062	     -0.30558449119824082629	      8.65547691816297515288	     64.19430476824759068677	     -7.50410185203131963050	    -37.54492427908092366806	   -111.53912294541635219502
      0.59500000000000019540	      1.17888959240541169038	      3.89332752519112545997	      5.22246776750868946237	    -38.61018132282522685728	     -4.55868991219732322406	     -3.59669775565554061814	     -6.98342233585727001355	     -7.88677326248519161567	     -5.46762579587565245021	    -13.65833125404021330951	     -0.32815444321396824989	      8.79288600426556499201	     63.90621528286641961358	     -7.57384642468759139433	    -37.38344857605926563338	   -111.65105402734715767110
      0.59600000000000019629	      1.20407087213216357213	      4.38549055624861239266	      5.28322073287405657993	    -38.67543426616209956137	     -4.53491213733539666464	     -3.29285291406242208723	     -6.94568687451263500066	     -7.75124158137832086624	     -5.44256623346691625898	    -13.68949275009041599560	     -0.44530242928886298870	      8.96997076558269057500	     63.60536496623310398491	     -7.64066735042373501585	    -37.20887717327456556404	   -111.76323321935512922209
      0.59700000000000019718	      1.33436850855190414222	      4.40309268949852139485	      5.37995730121882331787	    -38.86733072104398445390	     -4.41264964103298495957	     -2.35842655342628404469	     -6.24316453246331892757	     -7.85105251404198956067	     -5.36888965185715605344	    -13.16803495111217259250	     -0.15710694382632395261	      9.03093060402987468649	     63.32701757789518381969	     -7.71735566988771548580	    -37.04930930089280849415	   -111.84585113744695661353
      0.59800000000000019806	      1.58283569375511490307	      3.89285455197313012832	      5.51572274107770965657	    -39.19583745514771777607	     -4.18116880186727257751	     -0.72467308089268556159	     -4.80478657532703579136	     -8.21003569560059176524	     -5.24290989852848099417	    -12.03476325220863607512	      0.57918709970709025825	      8.95948727522803878287	     63.07460952762613715095	     -7.80373252121933091985	    -36.91166148659350199068	   -111.90256314941451876166
      0.59900000000000019895	      1.73036863562519727111	      3.85974581430352259304	      5.60845541318842322198	    -39.35258620659745076864	     -4.05462367215665153708	      0.30458126040331023887	     -4.03646757822053725562	     -8.31049954412044300511	     -5.16171963121458965418	    -11.45550226021395623377	      0.90501584573942084333	      9.02195970046797413033	     62.78736763142720178621	     -7.87626421038236657068	    -36.75014725693782935423	   -111.98832094662655833872
      0.60000000000000019984	      1.78207424652059387427	      4.27623847234536924589	      5.66108740764650519850	    -39.34967280379906640064	     -4.02642005926668389293	      0.76074789456960445477	     -3.90259494743773194259	     -8.17108505756105607531	     -5.12139035545077270228	    -11.39886897635740226065	      0.84650140869964030088	      9.21094167207350267290	     62.46881349794681881349	     -7.93483815234424838536	    -36.56897766313380770953	   -112.10648765628856438070
      0.60100000000000020073	      1.85656790125325699137	      4.59203076077378113951	      5.71931924438894156992	    -39.36104611766349137270	     -3.97925301174736034682	      1.35155350731444912071	     -3.63917143787032548730	     -8.08274072919983410657	     -5.06831765295184766273	    -11.22837414469967143305	      0.87519201555525949487	      9.38225301772814823664	     62.15508617290736737004	     -7.99249319534960367406	    -36.39246206588902055046	   -112.22666824507678029477
      0.60200000000000020162	      1.94381301173760334677	      4.83538380346843155166	      5.78034218802048371799	    -39.37697345684024696766	     -3.92178897212332344679	      2.02996533309861604266	     -3.30297000675640051170	     -8.02478797240910779465	     -5.00626852844772152196	    -10.99031267083038265753	      0.95869427682627739173	      9.55857625837541746705	     61.84298557065996959636	     -8.05302542203479809757	    -36.19552950218311337949	   -112.31852220576587342293
      0.60300000000000020250	      2.02086392638983625147	      5.10877288418066655140	      5.83543434486479384304	    -39.36480607658416630557	     -3.87675162231340664221	      2.65980958022511515537	     -3.04234726200736105284	     -7.94309334638731989742	     -4.94587517507291174468	    -10.80697522308437008576	      1.00815494921610016021	      9.76943585018599236491	     61.52659437068239611790	     -8.11404556299973833688	    -35.97111103864708780975	   -112.38490741189120569743
      0.60400000000000020339	      2.09658108073558935303	      5.39651239621986178463	      5.88631668027122145759	    -39.33112202992505501697	     -3.83770181444975833074	      3.27197481755013086513	     -2.81385816671553268264	     -7.85944447076918351058	     -4.88545496505180487645	    -10.64040543818591899594	      1.05178478263350250188	      9.98562353347068842879	     61.21217755305154639700	     -8.16771063989709666942	    -35.76032315779998072003	   -112.47946266723451458347
      0.60500000000000020428	      2.17310710012738184105	      5.68883500041368961320	      5.93373636721658215265	    -39.27949893682063731148	     -3.80299998873304900826	      3.87792784663103873299	     -2.60443142823437723266	     -7.78027202434239395501	     -4.82454702223041920206	    -10.47912306744364130395	      1.09856186968058100462	     10.20348963256032526203	     60.90116443188667005870	     -8.21377888306209413827	    -35.56583328956672573895	   -112.60472260382452702743
      0.60600000000000020517	      2.24725904424147415739	      5.98365158994496937339	      5.97745080848487475578	    -39.20993242063644856898	     -3.77502151882427483542	      4.47009866784475207169	     -2.42861848553870274259	     -7.70009861885678770221	     -4.76400629020792276691	    -10.33469410753870043607	      1.14156144302625106590	     10.43791477677262768964	     60.59176231232985543329	     -8.25663683752068067179	    -35.36450426439826344449	   -112.72970608404460790553
      0.60700000000000020606	      2.31736071485467221009	      6.26964086345654436627	      6.01790666958389408592	    -39.12421595646374328226	     -3.75435548039830280231	      5.04747416277480454028	     -2.29538777792778203590	     -7.61987560673813568712	     -4.70433246253492143296	    -10.21114988889620889267	      1.18262288753413491449	     10.70204935454811590034	     60.28365949650720523323	     -8.30009838703261770831	    -35.13353847152541931109	   -112.82297271941955330021
      0.60800000000000020695	      2.38322919180779990711	      6.54605257017496455774	      6.05506851586568473067	    -39.02256142286360329763	     -3.74142887590188877311	      5.60712169498924595246	     -2.20798193554671007277	     -7.54137354368615842048	     -4.64617401775856464496	    -10.10930040460983292405	      1.22308695324685468009	     10.99536861702718937295	     59.97767668774536531373	     -8.34352126113491188164	    -34.87436577365251366700	   -112.88644342079271609691
      0.60900000000000020783	      2.44638142727633578488	      6.83212698273032970064	      6.08789417444720015737	    -38.90208692459651018680	     -3.73712926763901975846	      6.14058325562855600310	     -2.16266745731039655709	     -7.46486976622529052605	     -4.59048705945058799216	    -10.02781646626443823322	      1.26019422581725715204	     11.29677546203634541655	     59.67566585401924328380	     -8.37977724606265894636	    -34.62555321118870921282	   -112.97326876994191025005
      0.61000000000000020872	      2.50668328926752792540	      7.12839002801936771903	      6.11628624699145007071	    -38.76313050480806055020	     -3.74188832237702229122	      6.64649347993119476996	     -2.15966022516316247248	     -7.39019742162343451497	     -4.53754287963260516392	     -9.96676928608787271457	      1.29388829525406423571	     11.60502014221764710555	     59.37753209423544120682	     -8.40872814917373823107	    -34.38901236382756110288	   -113.08573141123933680774
      0.61100000000000020961	      2.56252846759336705418	      7.42379607888889836431	      6.14068291222676521102	    -38.60754259766126494924	     -3.75612647375483277301	      7.12496995827643786470	     -2.20587651547815566389	     -7.31713100256030646307	     -4.48751887152752892973	     -9.92930023016039875472	      1.32565758107647813091	     11.93258035755467894035	     59.08215161692697847684	     -8.43451104500394421848	    -34.14218934805421667988	   -113.19237346737716620737
      0.61200000000000021050	      2.61064942185448956025	      7.70984694821703442358	      6.16121886926121931083	    -38.43497666571981596917	     -3.78145114675986349084	      7.56371748130541732280	     -2.32331633260787207007	     -7.24584229673241875247	     -4.44184500348516753121	     -9.92651252158155372740	      1.35630593003053245837	     12.29396965138515085414	     58.78907959962275953103	     -8.46042186414130981120	    -33.86109210260651281033	   -113.25978275121568117356
      0.61300000000000021139	      2.65021409199728452677	      7.98788292536247013231	      6.17767321612572573031	    -38.24471143850711030154	     -3.81856667018817574899	      7.95636571804752179560	     -2.51799268938353026925	     -7.17583596010846758162	     -4.40111812535510793509	     -9.96142652787416160720	      1.38557096351085151653	     12.68835417351203886938	     58.49807646140372696664	     -8.48603437809334337771	    -33.54718808774826044328	   -113.28939536454494430018
      0.61400000000000021227	      2.68486642211689741089	      8.27331344072572960613	      6.18940876480316148900	    -38.03637158847951127427	     -3.86625487453892446865	      8.31108098806160455752	     -2.76456897174117699478	     -7.10537528945229812649	     -4.36406634392093550900	    -10.02100569717413414139	      1.41223266047224571551	     13.09032137455925592917	     58.20890146155270628014	     -8.50566422401690758193	    -33.24161623950892874291	   -113.33675319283747739973
      0.61500000000000021316	      2.71475479915619644089	      8.56611737656515970230	      6.19634728806452983463	    -37.81020001908904504262	     -3.92431991146779068913	      8.62877557826001861940	     -3.05993760516942714389	     -7.03335131185589546021	     -4.33036296795481501221	    -10.10347425192040837771	      1.43648422818206666918	     13.49744465759407141547	     57.92081356523932811342	     -8.51937627060894797637	    -32.94706069333903997176	   -113.40478590459200347595
      0.61600000000000021405	      2.73711057763249243635	      8.85719381472327427218	      6.19865381892677191900	    -37.56598219724580189904	     -3.99363292111459600164	      8.90094360037043941247	     -3.42103663406670976954	     -6.95884014195911060341	     -4.30069976520727159652	    -10.21728142091555824322	      1.45915306387737198079	     13.92291376690831761209	     57.63265336825986651093	     -8.53074638891624381642	    -32.64051015363260432878	   -113.46112932356719227300
      0.61700000000000021494	      2.74678729526593201626	      9.14066092414950048806	      6.19606305080918673411	    -37.30029420319972643938	     -4.07645496819164065982	      9.10214486734849970162	     -3.88397815572477655977	     -6.87984575673601383983	     -4.27707570375017720465	    -10.38063878264833306275	      1.48083568058953174429	     14.38137789656129861271	     57.34278620537174475658	     -8.54267413613837334196	    -32.29720543466799398402	   -113.46989225349140895105
      0.61800000000000021583	      2.74297712386672287721	      9.41770560006514756424	      6.18828438564503358066	    -37.01166913951274040073	     -4.17277220408286098063	      9.22665657067594224827	     -4.45276217419607878156	     -6.79405781615960435715	     -4.25937450809515993910	    -10.59537179186489375127	      1.50139786901034577582	     14.87036572131982303802	     57.04989312429176351316	     -8.55493662474560068176	    -31.91961376556677976168	   -113.43301574114427410223
      0.61900000000000021672	      2.73261477655003659493	      9.69906474349602376606	      6.17516172230088500328	    -36.70294970957281321944	     -4.27847622444868136427	      9.30660963274770836051	     -5.07354355880629270814	     -6.69915215804099961616	     -4.24363418291381400138	    -10.83373561502941662127	      1.52026563659645175264	     15.36057601906581915330	     56.75337062262344289820	     -8.56289906435537773177	    -31.55253130194071076176	   -113.41168456197604541558
      0.62000000000000021760	      2.71635798319751131658	      9.98401855847319552595	      6.15662905154914597006	    -36.37425395121397286857	     -4.39254125075062518135	      9.34650210358944377731	     -5.73887953921611249086	     -6.59347573383537444158	     -4.22886783496116969161	    -11.09168598915250036896	      1.53768521128528901087	     15.84864376749375303177	     56.45240305683647363821	     -8.56663234005202767207	    -31.19960355032344168080	   -113.41020146370308907535
      0.62100000000000021849	      2.68995132561686034478	     10.26562397550267746738	      6.13249278673193032319	    -36.02254582451145381583	     -4.51618833631910376880	      9.32701610708856776455	     -6.47774672770117199150	     -6.47464909087347439964	     -4.21623419734429294436	    -11.38375190558985572409	      1.55415377300271995153	     16.34806744373577913620	     56.14533608235716855006	     -8.56909814739928954452	    -30.83735928913712243116	   -113.39468729189145790315
      0.62200000000000021938	      2.64619272899980728653	     10.54092869574282076428	      6.10187094758757098134	    -35.63952514146876637824	     -4.65135479253817152312	      9.20854267085077538013	     -7.34003311241223599382	     -6.33582161347776562366	     -4.20742286284471234126	    -11.73479058473850855648	      1.57036707458282354111	     16.87162379832064473817	     55.82793285472560285143	     -8.57279239547952265355	    -30.44155096241527758139	   -113.32726676125830067576
      0.62300000000000022027	      2.58468736702236867586	     10.81052519268061473667	      6.06439400512007864563	    -35.22282056504749903070	     -4.79675821696591242471	      8.98832296545988640446	     -8.32538752624430955507	     -6.17302334159246512968	     -4.20130047280525786846	    -12.14419037032049608626	      1.58632979632981063745	     17.41497955173642964155	     55.49820515718339919431	     -8.57745703829442263100	    -30.01619249379843168413	   -113.21144571642905418685
      0.62400000000000022116	      2.51684963535609540486	     11.07888431381005034382	      6.02075313753965701835	    -34.78131794824324174442	     -4.94593742741206199298	      8.72934771618086813305	     -9.34716972453394312481	     -5.98867782315881669319	     -4.19217247061188835744	    -12.56767246670701432265	      1.60171083579961903709	     17.94820235678736963791	     55.15876768213166059240	     -8.57891874218684691300	    -29.60853831870167240936	   -113.11541749280935675870
      0.62500000000000022204	      2.44407387175357371234	     11.34430230874787071116	      5.97097329830454270905	    -34.31564664438560896542	     -5.09724375079349556472	      8.44081254016045079425	    -10.39322508594965377426	     -5.78191367795433119880	     -4.17872060936160849565	    -12.99876765123393340673	      1.61678582541666671091	     18.46786784341184528557	     54.80954960725013336287	     -8.57707816421721069844	    -29.22274860921467620756	   -113.04489589276774097470
      0.62600000000000022293	      2.36037755204597488046	     11.60237344667208958526	      5.91437019871818847605	    -33.81887647906617644367	     -5.25184049865376323396	      8.09097140857467422848	    -11.50544993179119046545	     -5.54727406467163675075	     -4.16220215387617109570	    -13.45828691763358797573	      1.63199097546544713566	     18.98669419864021890021	     54.44737347732528576216	     -8.57429761596711870197	    -28.83536347147640555022	   -112.96418013096524646244
      0.62700000000000022382	      2.25686419935115623048	     11.85276093897525129250	      5.84922856614078057191	    -33.27580112806776924117	     -5.40960945002068172016	      7.62829305881534480704	    -12.74381404918943871962	     -5.27036149199016090705	     -4.14265678181346963527	    -13.97538532670893296483	      1.64865058385975649102	     19.51319201528707480975	     54.06425957687670802443	     -8.57243703803217727000	    -28.42446547562460423819	   -112.83482951843076591558
      0.62800000000000022471	      2.13400913492132815463	     12.09493786738804033121	      5.77517814362064996203	    -32.68369065936587958277	     -5.56789766774926420112	      7.05550038935433576626	    -14.10174606372305206037	     -4.94682129231360789845	     -4.11805423882886145748	    -14.54600933513496840988	      1.66698279117489800427	     20.04183935463982280112	     53.65842731337438209493	     -8.57096720080764384875	    -27.99539692924219025372	   -112.66228950386937412986
      0.62900000000000022560	      2.00803552501896831473	     12.32661117964573804784	      5.69432761619781047102	    -32.06239204006405429936	     -5.72089297173158684018	      6.46762176402201305336	    -15.46281109235805217850	     -4.59159349566724550584	     -4.08375171488231103467	    -15.11158049965452043750	      1.68617155912879068680	     20.54800077955297865628	     53.23967171627910488496	     -8.56606381954139095569	    -27.59393303454896795301	   -112.51975219769121849822
      0.63000000000000022649	      1.88110297728329101119	     12.54515129053129385284	      5.60691206420561627510	    -31.41411606017301494376	     -5.86709267870658379707	      5.87837032024911820827	    -16.81128585336040259790	     -4.20626545011599795032	     -4.03878368784855723561	    -15.66388723475469291202	      1.70647183510310718191	     21.02954408682713349776	     52.80939805420666033342	     -8.55747468817147449727	    -27.22367926929443271433	   -112.41346349252522429651
      0.63100000000000022737	      1.74557727624055303295	     12.74880092065475878371	      5.51159787954989610625	    -30.72662099777758726304	     -6.00663405595814481330	      5.24397979992684781791	    -18.20042793881970766279	     -3.78016367584241841371	     -3.98367190920700942058	    -16.22885565425384868377	      1.72870465056126354497	     21.49664925790720815257	     52.36171155081365924389	     -8.54696093803960543767	    -26.86223644502540963686	   -112.30622520935489205840
      0.63200000000000022826	      1.59180863123080484911	     12.93891484597918406507	      5.40574177180688764111	    -29.97656801278752425333	     -6.13554127663233828116	      4.50657087609070572398	    -19.69365393011181097904	     -3.28986278587366509640	     -3.91552809949154978497	    -16.83598588512701255127	      1.75548844988121510724	     21.95151064877395441499	     51.88433199306694376673	     -8.53543526329004720310	    -26.49178661539940549119	   -112.16084767553543599661
      0.63300000000000022915	      1.42142448445837032978	     13.11366547354245426504	      5.28914190186483779144	    -29.16227383580238097238	     -6.25051726947762631426	      3.67563718097235891946	    -21.27793137633778997042	     -2.73273921005827702402	     -3.83210513400615848667	    -17.47770682763257710235	      1.78726602732568462528	     22.38883756977485717243	     51.37659983696853771562	     -8.52211098025841273795	    -26.11795265008868227596	   -111.98400958498885415793
      0.63400000000000023004	      1.25432494565879437687	     13.26544069395126257405	      5.16587780005230001734	    -28.31990479469700972004	     -6.35134623816746568536	      2.87059475234812566669	    -22.81884782765498798085	     -2.14350870170953999860	     -3.73366584338927776088	    -18.08827357433078120152	      1.82161668259153142202	     22.79605369673048897994	     50.85831037196499693209	     -8.50416144552363917342	    -25.77943623483210799918	   -111.84874956521379374408
      0.63500000000000023093	      1.09313168158244877759	     13.39126569887883988486	      5.03650236211966273459	    -27.45433356279113468190	     -6.43780227818101025150	      2.10755667106663224786	    -24.29993367033506146413	     -1.52743115095728132502	     -3.62039743586578532941	    -18.65937028042369405512	      1.85862920874865222842	     23.17354585855668602790	     50.33256564355323803284	     -8.48143990767492539362	    -25.47806340362639332398	   -111.76038509717579927383
      0.63600000000000023181	      0.92905302806975953445	     13.49173180091966628424	      4.89891457541958175170	    -26.54672938541592941419	     -6.50765491678326668534	      1.33372387392293489938	    -25.78154831387756829031	     -0.86662584699206401950	     -3.49098973137266233024	    -19.21940581459003993814	      1.90006732317882232053	     23.52689535245122698370	     49.78967318444358625129	     -8.45505082588740108918	    -25.19397034902560861269	   -111.68124829680607490445
      0.63700000000000023270	      0.75305560122794190647	     13.56860593673013681837	      4.74966847469079311850	    -25.56599859356228421348	     -6.55191233738399603226	      0.49286007980950330420	    -27.32232127720407532934	     -0.12929125534981711354	     -3.33892806400820640889	    -19.79342910021599877268	      1.95059154919754451640	     23.85107845181342156593	     49.21329534015810480696	     -8.42473853098242386750	    -24.91435049193671957823	   -111.57665323679523794453
      0.63800000000000023359	      0.56782198072443179626	     13.61919106587731675972	      4.58892428409748731610	    -24.51320954072787117184	     -6.56800033226362245387	     -0.39969155089339380993	    -28.90470391210847722618	      0.68343073603245318992	     -3.16275301391869545498	    -20.37152455489987801229	      2.01076787871858897461	     24.14269333759615676627	     48.60442510808427130087	     -8.38976068377118622266	    -24.64358147201151183481	   -111.45288243557148177842
      0.63900000000000023448	      0.39417196905429818798	     13.63403273615443822564	      4.42293486239111643954	    -23.44386332523512805892	     -6.56638537944533595692	     -1.21700485968544569459	    -30.39556429199861042889	      1.51412260486287753025	     -2.97103545416504966070	    -20.89205299678686955644	      2.07501598576438350818	     24.40613731378033079977	     47.99320412871501417840	     -8.34943726447504630528	    -24.40843078311517544421	   -111.37683967443921062568
      0.64000000000000023537	      0.23455526376704938230	     13.61083551420065873572	      4.25259140381749034532	    -22.36587018721871800153	     -6.54908242911702132005	     -1.94440083178791667251	    -31.78158105054261639566	      2.35392041879067814847	     -2.76564847651955547647	    -21.34885542823151638459	      2.14299597022833410165	     24.64477146554279229917	     47.38398008790964865966	     -8.30407434476549966007	    -24.20823852634639195003	   -111.35164615967299539534
      0.64100000000000023626	      0.07993892317510642442	     13.55180794339906924506	      4.07502479667358841198	    -21.25323858115014274972	     -6.51016058089599880532	     -2.63812998070780224680	    -33.12366645595169245553	      3.22881798618865900607	     -2.54245363434071336428	    -21.76897369799668524593	      2.21804380717929294775	     24.85784008422805513305	     46.76274544054454906927	     -8.25399807641270477632	    -24.02710065458722965559	   -111.34051027914073017655
      0.64200000000000023714	     -0.07666551387859499300	     13.45802303472970606890	      3.88634971003624229979	    -20.06936634697113674974	     -6.43567158714785136908	     -3.34446961096833206284	    -34.46798081559505533278	      4.17603691343140237535	     -2.29152417871317792830	    -22.16861231867214243607	      2.30752103158127219729	     25.03372799433634199318	     46.11007274366411934352	     -8.19784907979677157641	    -23.85676306882174202428	   -111.31110101576425108760
      0.64300000000000023803	     -0.23207868871332948402	     13.32698399980981207591	      3.68720320335776818865	    -18.81917063968617753744	     -6.32515073428490381957	     -4.04560249328181953388	    -35.79625752240875868893	      5.18977306713035435592	     -2.01305232110394749512	    -22.53776175610309095987	      2.41185701735155966219	     25.17199269135181793899	     45.42852976750693017038	     -8.13535798839872725807	    -23.69913955239112368645	   -111.26756571710687637733
      0.64400000000000023892	     -0.36840553270575071565	     13.15189025110601050983	      3.48559496146361880164	    -17.57558746925572279451	     -6.20245513691324390493	     -4.62960125860021776134	    -36.99843410307885704924	      6.19388373528548807911	     -1.72520250876134761953	    -22.83150061783454276565	      2.52054532433964029181	     25.29459397235457274178	     44.75627404527622132946	     -8.06885276001306728233	    -23.56763990227451799342	   -111.26732245851231084544
      0.64500000000000023981	     -0.48412511310078798488	     12.93216946528761468471	      3.28263456061338843028	    -16.34865373627124540690	     -6.07192357832163054354	     -5.08741456867002739273	    -38.06781658292063497129	      7.17757254048432269400	     -1.43140361886952005577	    -23.04783716914804614362	      2.63254794490860311029	     25.40717785696766739534	     44.09799883222378014125	     -7.99922485149666684379	    -23.45945292703991569283	   -111.31106226207360521130
      0.64600000000000024070	     -0.58729848832479092380	     12.67063202478678363150	      3.07485494600797437670	    -15.10584245309229345366	     -5.92301148278069433672	     -5.47134707016897436915	    -39.05818024047722758496	      8.17404639793191023500	     -1.12415229676993133623	    -23.20802155936049260276	      2.75343001163931289099	     25.50192730008637909123	     43.43571251617743911311	     -7.92585763531943321425	    -23.36335397787096113120	   -111.36382107033526267514
      0.64700000000000024158	     -0.68189641220598673499	     12.36746262483350733419	      2.85846154153303189105	    -13.80882186927416910294	     -5.73830253979768656336	     -5.81205659860785317505	    -39.99854349181279644654	      9.22144782620080150082	     -0.79134147799331255868	    -23.31689250111288558287	      2.89351712049449316666	     25.56247628688119633011	     42.74816361043542656262	     -7.84669119285827942889	    -23.27394600238304889217	   -111.39385958486639083276
      0.64800000000000024247	     -0.76513364238007852691	     12.02175348602750659666	      2.63452404710459120452	    -12.46612026248985216625	     -5.52009811056018406816	     -6.09423191480581749602	    -40.87443133750210222388	     10.31018749635512676832	     -0.43512920537062127480	    -23.36702282336034031118	      3.05270060238198581715	     25.59125304517030485840	     42.03885231308041880993	     -7.76215029943413448166	    -23.19047316872644515229	   -111.40233299595257676629
      0.64900000000000024336	     -0.82567795109893893368	     11.63269194637754821997	      2.41173031764003553690	    -11.16034812447016122405	     -5.30390865936340105691	     -6.24139257346986653374	    -41.61598596971671781830	     11.35604547515633910848	     -0.08138766650831463778	    -23.33992418456852746544	      3.21421335612577241392	     25.62358568155748272943	     41.35002432718548703861	     -7.67723611920115800444	    -23.11615530725511646892	   -111.43897438776564001728
      0.65000000000000024425	     -0.86349479696609421353	     11.20192899349575554879	      2.19116071755311736524	     -9.90153909543788302017	     -5.09535568577979347538	     -6.25287696310950025236	    -42.22475451762478826367	     12.34905203703668874482	      0.26572621319751466018	    -23.23866522624391706131	      3.37617645725923898326	     25.66579621829439972203	     40.68582669980869326309	     -7.59315353753798838454	    -23.04739749129351977786	   -111.50319225003305234623
      0.65100000000000024514	     -0.88449697841944896481	     10.73206580707503121630	      1.96909867834058616154	     -8.65277872512005785666	     -4.87939571641754810116	     -6.16993583087686658928	    -42.74066427975525783722	     13.32669969678337196228	      0.61675707580819416620	    -23.07494789265671641942	      3.54685119736517506794	     25.70360928775203746000	     40.02539660632693596654	     -7.50830260216110989546	    -22.97726356951982396026	   -111.56173030444732319211
      0.65200000000000024603	     -0.88948126302527441567	     10.22349187071762344203	      1.74238828930828049124	     -7.37820925975280772491	     -4.63751912684126921249	     -6.00657188324326796192	    -43.17527093697472651002	     14.32340857765244024336	      0.98413649232427236058	    -22.84238578337694036691	      3.73920665602404111993	     25.71816455206808882394	     39.34680173183626550326	     -7.42046291875965202678	    -22.90098571982051112172	   -111.58063401215127896648
      0.65300000000000024691	     -0.87691209513620549387	      9.67789877198666204094	      1.51231420387173898234	     -6.08821621925213207760	     -4.37424105838452703665	     -5.75446662430054800552	    -43.52122387768536526664	     15.32821684613907464723	      1.36420085981147076737	    -22.53806417543290407934	      3.95231070279546958801	     25.71348819517860206929	     38.65365233332775574127	     -7.33054011048737130807	    -22.81618066889120655105	   -111.55871669227241227418
      0.65400000000000024780	     -0.84397099463781444229	      9.10041901755397475426	      1.28676619656189927809	     -4.86336991406307106445	     -4.13069239472557114823	     -5.38284498521947796235	    -43.75505245781240404312	     16.26266996265670528032	      1.72804824237422494093	    -22.17295649466467466482	      4.16302217449989697684	     25.73099053068677122269	     37.98850745061939448988	     -7.24459851052818848416	    -22.72261381189265705416	   -111.54506882168038828240
      0.65500000000000024869	     -0.79221076868293494044	      8.49453974296943670197	      1.06653547182401098325	     -3.71135974684536051882	     -3.91201728995416431189	     -4.89965120367703832471	    -43.88584310308061020578	     17.12018898025777957628	      2.07202598659407266624	    -21.75485944736813692657	      4.36831555055215936534	     25.77589701480652450982	     37.35444280579778109086	     -7.16363197761824554988	    -22.61769973538338973640	   -111.53991210981341453135
      0.65600000000000024958	     -0.72462795986125172476	      7.86253933213797040480	      0.84813894387981747514	     -2.59445940478268255447	     -3.70007717703083471861	     -4.33053652226213614540	    -43.93591657988511656185	     17.93814501305019959432	      2.40844703519798031266	    -21.28395574463434058998	      4.57928961839635384479	     25.82924967726407672330	     36.72913765623950865802	     -7.08527718325069333360	    -22.49728705564834996267	   -111.51019538719006618521
      0.65700000000000025047	     -0.63941182720557776520	      7.20690013685361918760	      0.62941041646664075415	     -1.48228200150191469220	     -3.47760769084518983618	     -3.67561762031783700877	    -43.90198691914903861289	     18.74407094325501077492	      2.74816810475106976241	    -20.74404126953499627461	      4.81188800511987935238	     25.87142635570632975828	     36.09081432486615881317	     -7.00744405355328048302	    -22.35544198149413830379	   -111.41705174368054542811
      0.65800000000000025135	     -0.53682709669392636442	      6.53223716354636962933	      0.41158046379031532069	     -0.38469114175450158655	     -3.24959948343986582131	     -2.93656208298081367047	    -43.78596591773503376999	     19.52833162732281380158	      3.08723990082454546879	    -20.13852032158665039674	      5.06282781546779681037	     25.90639142164471309115	     35.44261787673244157304	     -6.93093156188793191319	    -22.18991780232169119813	   -111.25892318372684997030
      0.65900000000000025224	     -0.42199580454668250695	      5.84544588988146074371	      0.20042415055856110939	      0.63082368919586429001	     -3.05500481388548905670	     -2.12453941574815985405	    -43.60468335900979752751	     20.22992375055583380572	      3.39945660192152443457	    -19.50375172247327171249	      5.30321109829691117454	     25.97461333669596328377	     34.82495271144696857846	     -6.86092311270478649732	    -22.00424926972662831304	   -111.09364288073778936905
      0.66000000000000025313	     -0.29723872332334622115	      5.14973286286942766310	     -0.00381480592146488107	      1.56095153273551545681	     -2.89715002290907364113	     -1.25066241369920305715	    -43.36864295244728850776	     20.84738106560291015512	      3.68248069680128242709	    -18.84728025960395925154	      5.53209500460815029044	     26.07894301278194149063	     34.23980040471705876826	     -6.79772421891465761234	    -21.79821196908706681938	   -110.92422020812476546325
      0.66100000000000025402	     -0.16267852900969614893	      4.44827994333661536075	     -0.20385972845292599231	      2.44005493006098106434	     -2.75691036385347842952	     -0.32556801322728290415	    -43.08430496382430163749	     21.41311406885400003830	      3.94868391348067726554	    -18.15977255088075992262	      5.76149295346192147349	     26.19826332251255962547	     33.66476435257172994397	     -6.73858065946342232877	    -21.56825120276183582746	   -110.71529249792800442265
      0.66200000000000025491	     -0.01535339125280188455	      3.74875516462631708237	     -0.40068897978467532539	      3.29135624029760265330	     -2.61946030489407633013	      0.65594808149195671376	    -42.74204705644041268897	     21.94617702622876365126	      4.20631664809891780976	    -17.42162954183608292169	      6.00669591627664978262	     26.31329039240171141500	     33.07869801138998155920	     -6.68141740869326916652	    -21.30645710656569136177	   -110.42157531738426712309
      0.66300000000000025580	      0.14327729084213558508	      3.05663559110240612426	     -0.59348385263842828863	      4.10816072514134589255	     -2.48888737282226202296	      1.68656900787678409870	    -42.34761159320063228506	     22.44075502690670020911	      4.45197319139689628997	    -16.63759351514364581703	      6.26607772220222347670	     26.42626738285671450512	     32.48402495608446827191	     -6.62634822880202634110	    -21.01246695740830361387	   -110.04345918355177502690
      0.66400000000000025668	      0.30331281824034306283	      2.37282408733886995833	     -0.77931346257420841539	      4.84252236553606962843	     -2.39593639023021864887	      2.73117167976236885352	    -41.94071479552691528170	     22.85889706134962651163	      4.66666857497395337617	    -15.85805092857716047661	      6.50804798149851038147	     26.57285200139052250279	     31.91828078234031451643	     -6.57673152738540434115	    -20.69791311054830629246	   -109.65488050369532402328
      0.66500000000000025757	      0.46216677612022749599	      1.69939215380907171493	     -0.95834368968338878858	      5.49475516739259717269	     -2.34112532849137267021	      3.77717298081527985687	    -41.53332169318190381091	     23.20294892563086364135	      4.85020162444567137783	    -15.09231423127401683359	      6.72933044051859940993	     26.75416151213148197030	     31.38283965190888835650	     -6.53220310471972531730	    -20.36482311344445150780	   -109.26240762983266563424
      0.66600000000000025846	      0.62228941607537535674	      1.04147567545044239523	     -1.13228313580454198473	      6.09322414721164307139	     -2.30697248942573196473	      4.82776902997008505736	    -41.11706860245539729704	     23.49749390955757633037	      5.01291953785972843605	    -14.32094951169345975472	      6.94551476622704555552	     26.94876692580228194629	     30.85603618061363206948	     -6.48994580823023525795	    -20.00842797751064594536	   -108.82579016024870099955
      0.66700000000000025935	      0.78675326429495839875	      0.41338890015575202597	     -1.30105658769186049994	      6.65458706954649414911	     -2.28158134436598913908	      5.88790201312501437769	    -40.68071686108877571542	     23.75392213215949865912	      5.15991771576349567141	    -13.52318082959096301465	      7.17192687985365218140	     27.13767187996205620948	     30.31736371504676341715	     -6.44744804293423356967	    -19.61930172874721733933	   -108.29349809705951201977
      0.66800000000000026024	      0.95343146292609048942	     -0.17982894979510888334	     -1.46424902029389158997	      7.17547128260657984811	     -2.26692718259454295548	      6.94665004109711503588	    -40.23312320239433859115	     23.97003617227495553266	      5.28933223279823838681	    -12.70594481093718641773	      7.40569394114119994299	     27.32149877064594534204	     29.76869091945446399450	     -6.40405372638962511189	    -19.19943468952881460154	   -107.66930508539384447886
      0.66900000000000026112	      1.11193600830537775437	     -0.75133279884028070228	     -1.62169626763673591086	      7.62725322533643179668	     -2.28362367110429431705	      7.96866559349402336920	    -39.81627391553386985379	     24.12912627303973778226	      5.39122813259933497676	    -11.92058023105588837609	      7.61596197810553476870	     27.53154103404956742907	     29.24534959044466830846	     -6.36210005051905902462	    -18.76811763544067446219	   -107.04513089540795078847
      0.67000000000000026201	      1.26060841946919310885	     -1.30228369142147926141	     -1.77387800007171847483	      8.01276824830407008449	     -2.33027282527164913972	      8.94681970312731777994	    -39.43743819353322521692	     24.23575532723763004128	      5.46700396191469550899	    -11.17323783559703898050	      7.80037638491817286734	     27.76820667734063619037	     28.74854459476143730967	     -6.32105700902794165330	    -18.32852488013269010025	   -106.43024367818496500604
      0.67100000000000026290	      1.40314846889950217701	     -1.82290769781408812378	     -1.92128976085864167089	      8.35248973630774571575	     -2.39260462763023440402	      9.88993526078962759129	    -39.08200395580882258173	     24.30507888660149262705	      5.52383770233040305442	    -10.44059849412754026332	      7.97495342700306153461	     28.01116576770741417590	     28.25756801497954029401	     -6.27816512968960616092	    -17.87368533902638034760	   -105.77793242705078569088
      0.67200000000000026379	      1.54205459720851933980	     -2.29187419382353141373	     -2.06299867717862639438	      8.65784484461349279627	     -2.46111981504112975472	     10.79839998331158312794	    -38.74171007684449108410	     24.34229373693386122568	      5.56403393321061034982	     -9.70350098343991618322	      8.15415542049966468596	     28.24168944123096736121	     27.75239572014371702835	     -6.22993778454170588077	    -17.39362360828994269468	   -105.03192572787195047113
      0.67300000000000026468	      1.67567061778457571108	     -2.70680811051724390381	     -2.19892597636844300268	      8.92811834849867125286	     -2.53594761858013839628	     11.66387887595986683209	    -38.42357232029547731145	     24.34776369384792360506	      5.58728833570594218827	     -8.96751407122065025135	      8.33550573153103435686	     28.45968368589545249847	     27.23458642276390762049	     -6.17538454806253511720	    -16.89194248159521194452	   -104.19919737066355480692
      0.67400000000000026557	      1.79652963497026973982	     -3.09949913558526191082	     -2.33096614832196280531	      9.14837302917977979178	     -2.62995285678073287272	     12.46935308779836759641	    -38.15640457640371607795	     24.31919785063712069473	      5.59155888411321200238	     -8.27560463826214665062	      8.49103394515365827999	     28.69520451647149528185	     26.73837035025912101105	     -6.11803948262362773391	    -16.39131808182045091371	   -103.38552419402869020360
      0.67500000000000026645	      1.90433892808331961533	     -3.47458594912666285381	     -2.45966806002360272032	      9.32178181668736272059	     -2.74129051304949200585	     13.21522919607224366700	    -37.94159188182807440626	     24.26103021269339166111	      5.57895535782532192570	     -7.63012940837560726948	      8.61938801964662282273	     28.94938584682256177416	     26.26509248318489397889	     -6.05792485444535167005	    -15.89438489100404261478	   -102.60087767651019419191
      0.67600000000000026734	      2.00290790981904365253	     -3.81599694695816538115	     -2.58440541657719791147	      9.46137820797450501686	     -2.85935662989669481249	     13.90927298308415061001	    -37.76477283612842228422	     24.17991137539663526468	      5.55315587734063242920	     -7.00778021524295358091	      8.73617167443451236863	     29.20327503942100477730	     25.79473406324503770293	     -5.99207471933111968099	    -15.39223187807215964540	   -101.79213205029115840716
      0.67700000000000026823	      2.09424226292134108007	     -4.09677033720569738762	     -2.70357499449205818109	      9.57472455869192629052	     -2.97638498569894238699	     14.54701879331182112765	    -37.62233705706685782388	     24.07631800960290391345	      5.51442702631087477982	     -6.39174324508304803061	      8.85485453934856714397	     29.43879788419592102855	     25.30744571480074611713	     -5.91584963470674907171	    -14.87515768777716296256	   -100.90022808325849723587
      0.67800000000000026912	      2.17785685395585915103	     -4.31817898186713478026	     -2.81723630026166915741	      9.66201938221399814211	     -3.09181056335263804158	     15.12623549320022675602	    -37.51714108940304015505	     23.95127708865072335698	      5.46346779048774155996	     -5.78475695880772455837	      8.97375772121117343261	     29.65652753324832247017	     24.80467230290219760036	     -5.82869506995032971020	    -14.34685187381894522218	    -99.93376516124374120409
      0.67900000000000027001	      2.25028040405787521649	     -4.52957948161471790627	     -2.92850671588671218615	      9.71510982765850883425	     -3.21511219431044992234	     15.65452642969802354855	    -37.45854468747544530061	     23.80963656482362011957	      5.40310846208775785726	     -5.21800883400307391469	      9.06875540178777583833	     29.88785089095171798590	     24.32050346336076529496	     -5.73746254535192345969	    -13.82831767944081491351	    -99.00488844127160348307
      0.68000000000000027089	      2.31232129766884497712	     -4.73791029266524788000	     -3.03783959429193828328	      9.73604204218310087526	     -3.34526003259593096573	     16.13831809093183267123	    -37.44328624349316925191	     23.65432344663134145435	      5.33525903852339844491	     -4.69094278063757474939	      9.13933433502025494022	     30.13522268009844040648	     23.85656083306908570307	     -5.64312159966191551064	    -13.32053084916222651657	    -98.12232220539412708149
      0.68100000000000027178	      2.36716848640428167982	     -4.92043612953156639378	     -3.14372485118502709156	      9.73222624060946372992	     -3.47464049453020606961	     16.57988422573372133684	    -37.46189151874133926867	     23.48565038187349074406	      5.26063839774754171685	     -4.18293544833474584266	      9.20004373389069485256	     30.38082578874683292725	     23.39310735764048487795	     -5.54200905778505781285	    -12.81374246428962315747	    -97.22809023798848215847
      0.68200000000000027267	      2.41697127304269088199	     -5.04711617875713614012	     -3.24398982603182162165	      9.70806804461894046199	     -3.59696316129785031990	     16.97257302245172638777	    -37.51487567648934629005	     23.30024390512171095224	      5.17814961579698973537	     -3.67876434859886192186	      9.26371561089943718059	     30.60818620244790722040	     22.91005680425910639997	     -5.42864622069947344585	    -12.29874580825475227641	    -96.26185046376464526929
      0.68300000000000027356	      2.46241784149205500398	     -5.12235625354887247340	     -3.33867344725135239969	      9.66326687990382993121	     -3.71218857227766818596	     17.32022245255495818128	    -37.60104532145361844186	     23.09844188587160118686	      5.08868484675897292391	     -3.17845075863565362795	      9.32951319404595835749	     30.81929757993339080713	     22.40884741022635040508	     -5.30343984172969573621	    -11.77805796331083953987	    -95.23188963155233466296
      0.68400000000000027445	      2.50242001618482845515	     -5.20652381829572163952	     -3.43160272564692547803	      9.59223356119767345263	     -3.82960003939886917124	     17.64746706820726274145	    -37.71365915993892770075	     22.88808812407645376652	      4.99686394570032454965	     -2.70439230395584928601	      9.37628343334909786222	     31.04642732292173334940	     21.92425448121950637415	     -5.17699552578325672414	    -11.26830008266326288435	    -94.25001197994377832856
      0.68500000000000027534	      2.53805072190232294815	     -5.30674591011728580270	     -3.52311672667455866303	      9.49570457127919098639	     -3.94941275618486997701	     17.96236174985233446932	    -37.84776364705260220944	     22.67063200508674469802	      4.90383538054683931762	     -2.25514664553946309056	      9.40381183526656272420	     31.29272039871937494127	     21.45819022333022019211	     -5.05103675295722709393	    -10.76887086768340040521	    -93.32283902481944437568
      0.68600000000000027622	      2.57182194204389702463	     -5.39491698402335373430	     -3.61107875063817118644	      9.37747824042666877631	     -4.06598641876387034699	     18.26092641924812198795	    -38.00047175287647149844	     22.44227142028969268495	      4.80828879601778957920	     -1.81348475960091404247	      9.42548841439009343901	     31.54135283802742506509	     20.99076919135505292502	     -4.92089178323459286446	    -10.27039176152655386431	    -92.38979618586495234922
      0.68700000000000027711	      2.60679166143289364754	     -5.44073282300658433996	     -3.69280975271280453853	      9.23915132646685322015	     -4.17459514461438629951	     18.53799946621204242092	    -38.17486024616512452212	     22.19615252207154298958	      4.70820010369539243555	     -1.36430022956461893813	      9.45415799155402325482	     31.77859017754195392058	     20.50143535759807633667	     -4.78082842565129517709	     -9.76377972322313070208	    -91.38985349295755611365
      0.68800000000000027800	      2.64416484340928548136	     -5.45003818591092681345	     -3.76831600489320805991	      9.07973418432079881768	     -4.27618388232454549325	     18.80023981642690955596	    -38.36768080282963211403	     21.93178496967542656648	      4.60408544159183197308	     -0.90626410488000574972	      9.48950045671911368572	     32.00739132109367801604	     19.99177878291069632155	     -4.63212997619831767793	     -9.25017002237635921347	    -90.32982813859689485980
      0.68900000000000027889	      2.68202438809687748744	     -5.48495278851956413746	     -3.84207657310469130607	      8.89585342558461888984	     -4.38030706095671007461	     19.07337958992363269317	    -38.56492588192793391499	     21.65993134438659595276	      4.50051010454664002225	     -0.45967065642810167603	      9.51116414678412347428	     32.25719313169209812031	     19.49785345239820699703	     -4.48762388829754321762	     -8.74281509652379185127	    -89.31840261992040552741
      0.69000000000000027978	      2.72078202951676928478	     -5.55079625561242551157	     -3.91443150540165163420	      8.68791456882465240597	     -4.48785541522337894094	     19.36240295523809606948	    -38.76284277858512439252	     21.38165483198708471946	      4.39786623196720682927	     -0.02419648072664593030	      9.51861218729412783546	     32.53041492142183699343	     19.02189171427060188080	     -4.34909550429364344382	     -8.24064981848914257512	    -88.36065297770926463272
      0.69100000000000028066	      2.76282866568142537744	     -5.61672684109979059031	     -3.98282191253660755592	      8.45764490636817356517	     -4.59430406212675279676	     19.65978328826975030097	    -38.96408160921788521591	     21.09051376107056086084	      4.29375510577957264502	      0.41511414963636417141	      9.52452433343121640519	     32.81159511145790474984	     18.54364159202528483661	     -4.21090358111931806206	     -7.73530648151817779024	    -87.39533070583311769042
      0.69200000000000028155	      2.81252270353112976409	     -5.65427672144815574029	     -4.04415535136291737217	      8.20420882368131287876	     -4.69680404211462132480	     19.96392093461206229676	    -39.17323667218815330671	     20.77643517722280819271	      4.18530028321768554633	      0.87436224498177450570	      9.54232084646878853107	     33.09031789218942520847	     18.04211329451206324848	     -4.06761521021637939555	     -7.21742342778635137535	    -86.36066664034643736159
      0.69300000000000028244	      2.87065635874033375785	     -5.66875161657898729572	     -4.09851898296466288230	      7.92679777863287426953	     -4.79686237467130638379	     20.27974623298493384027	    -39.38757447161398772550	     20.43893871870758971454	      4.07249335248962562872	      1.35444112924117954222	      9.57165551736613906542	     33.36909663565852213196	     17.51925524138176015754	     -3.92075481821525517745	     -6.68765476854296103681	    -85.26219419453586567670
      0.69400000000000028333	      2.93161805875935499444	     -5.71609122202698927140	     -4.15123060517323949625	      7.62633453886755319218	     -4.90225034678658744269	     20.61975682202769633022	    -39.59389271163736623294	     20.09395589000584436690	      3.95974037620878682731	      1.83093532647770063093	      9.59065614749005135309	     33.67000856042965040160	     17.01271180848928921137	     -3.78271433011386770673	     -6.15921830738664866089	    -84.20689109994532373094
      0.69500000000000028422	      2.99467422324808296707	     -5.79892540223278274425	     -4.20276631038383641226	      7.30410580342572757218	     -5.01350501470645326663	     20.98350081854601967279	    -39.79100637235979576189	     19.74332502972535507979	      3.84711056374527071711	      2.30205517020946048845	      9.59806305931323322511	     33.99361396158664661016	     16.52509414168701340486	     -3.65460344204604492546	     -5.63184626342422234302	    -83.19967466840789427351
      0.69600000000000028511	      3.06289237339738917854	     -5.88677380264505245577	     -4.25026580608611936896	      6.96046738514732510339	     -5.12700734239861333208	     21.36405984799527857376	    -39.98476997654221065659	     19.37841575924099757344	      3.73167798755003055078	      2.78246160094813843600	      9.60660029141772220385	     34.32662636443404124975	     16.03580412482263994889	     -3.53027714283277171958	     -5.09804976317393965246	    -82.17956401566756596822
      0.69700000000000028599	      3.14173028794141373510	     -5.95395255405128409620	     -4.29040197139535450788	      6.59300748772679412468	     -5.24199973536785535089	     21.76268204567227826374	    -40.18149934481407825615	     18.98651586419430969954	      3.60954042688733656163	      3.28947797666041541476	      9.63054014836713889736	     34.66153855319299736948	     15.52376163174320566895	     -3.40483629269321408373	     -4.54822224955641019051	    -81.08384986811194039547
      0.69800000000000028688	      3.23092361950457984676	     -6.00401014532056365169	     -4.32348056486911502816	      6.20222595108673147024	     -5.35967737893278695083	     22.17947012893920089027	    -40.38056796693000194409	     18.56818164628402101357	      3.48041892864880963998	      3.82240471630056477537	      9.66906820320884108355	     34.99903492688412143252	     14.99145209686933988280	     -3.27931978424933490146	     -3.98380517644499887453	    -79.91793410257766083760
      0.69900000000000028777	      3.32031428647584903047	     -6.08315932208577692109	     -4.35570813007116441895	      5.79478462448170716925	     -5.48337780115684836346	     22.60926510838139336101	    -40.57221552141908915701	     18.14613492309482722931	      3.34976197886936999382	      4.35015767666897534838	      9.69741085424660198555	     35.35174587774987742250	     14.47789611261456244051	     -3.16364878855999176466	     -3.42078741582846346247	    -78.79050229371583213833
      0.70000000000000028866	      3.40822507831836674086	     -6.19186046457616612315	     -4.38772828665686631666	      5.37324078674654970200	     -5.61264025158432389162	     23.04722117863470032262	    -40.75726819527277910993	     17.72337447289145018203	      3.21783184162662827532	      4.86913926791062756649	      9.71354216414952453817	     35.71835234395939551177	     13.98599555597785837335	     -3.05803773780238818958	     -2.86021903074772376740	    -77.70751526576970036331
      0.70100000000000028955	      3.49894100332672053355	     -6.30244444942152881595	     -4.41645114383048564832	      4.93667500860216534875	     -5.74521088104866350932	     23.48994128171426609697	    -40.94292877752641857114	     17.28895100936509265921	      3.08120390350989925565	      5.39534144301799756249	      9.73090774730421870231	     36.08839534109983304688	     13.49496610479425839912	     -2.95653708811945969970	     -2.29497203270943028741	    -76.60820584871291316631
      0.70200000000000029043	      3.59839114199851906051	     -6.39209729167200180200	     -4.43857910250382303730	      4.48260331614295637337	     -5.88217824977992620461	     23.93880181682409613586	    -41.13820753001202490395	     16.82844587176681727669	      2.93484961479099082382	      5.94692339552675974801	      9.76464871409799073376	     36.45592311986629852072	     12.98436629286148225049	     -2.85459671851641116902	     -1.71589429126365322631	    -75.42917305771416636162
      0.70300000000000029132	      3.70526096074799227154	     -6.46270839669239194336	     -4.45467669120148457296	      4.01329048229182205887	     -6.02373369256137891625	     24.38917895592329898591	    -41.34436702049443113083	     16.34382617886580391087	      2.77866867855627308614	      6.52162830879171551146	      9.81334426993772979131	     36.81938150959671673945	     12.45726802366200480776	     -2.75242829273878442109	     -1.12595644746030787431	    -74.17695325481841450710
      0.70400000000000029221	      3.80636193807472977824	     -6.55191615867070709101	     -4.47145684222341799341	      3.53938415258113536765	     -6.16778300960092451533	     24.82532480077657055517	    -41.55188807733266287414	     15.86361224838581662766	      2.62046976961068933676	      7.08320946286269403913	      9.84919391637936136874	     37.18417433887439926821	     11.95287737373385006379	     -2.65733995871576533787	     -0.54384574439551025549	    -72.96421165178767864745
      0.70500000000000029310	      3.89980445654633456343	     -6.65947029419061209410	     -4.48961564192904916126	      3.06396558269456420476	     -6.31298053483952514853	     25.24161160362062616969	    -41.76176904115968824271	     15.39136110791525879904	      2.46100830743154475044	      7.62745927602348494645	      9.86967509854263980174	     37.54831597405979692894	     11.47410079232655810699	     -2.56903326209262372615	      0.02864031465901195617	    -71.79822298025806048827
      0.70600000000000029399	      3.99108999682133003262	     -6.76173153824390738009	     -4.50593268545398473179	      2.58510161765656221178	     -6.45895914241560831215	     25.63840768879822462623	    -41.98204383723855670496	     14.91374802040546043713	      2.29609113755154803371	      8.17235824704351010439	      9.88934022485112862455	     37.90409541020345329798	     11.00037947535159688073	     -2.48221934713360736779	      0.59856520698780002476	    -70.61798959879280346286
      0.70700000000000029488	      4.08594456108556869367	     -6.83864817762744792162	     -4.51738942234986495805	      2.10174180151035727704	     -6.60820319060663052824	     26.01419784582691363539	    -42.22549403423629854615	     14.41553018748276215888	      2.11960289648582822508	      8.73629387927402589753	      9.92398392548401453439	     38.24557164954405408253	     10.51277153250780216354	     -2.39238960438435954714	      1.17360622678426285148	    -69.36022850638056524986
      0.70800000000000029576	      4.18261171944929799338	     -6.89159657109752288306	     -4.52469062626123275095	      1.61717450673154417018	     -6.75995384779746188997	     26.36258915485490206265	    -42.49370390248336804007	     13.89949895708555516194	      1.93192688851967497854	      9.31639611568759740123	      9.97171751878153145299	     38.56986858737560197596	     10.01470441516125831072	     -2.29923819836355125545	      1.74957563893665124510	    -68.03313114510183368111
      0.70900000000000029665	      4.26774164535778766094	     -6.95324170431237575940	     -4.53430890701682187682	      1.14133224144453038207	     -6.90794719905244392066	     26.67082962773589827066	    -42.77116473296932497306	     13.39668618235887365131	      1.74379995887340433214	      9.87508223985640398723	     10.00264847246496913158	     38.88066014360023103791	      9.54353180014278024146	     -2.20905770158105196899	      2.30820922954515506120	    -66.75259376089813656563
      0.71000000000000029754	      4.34004141767879048075	     -7.02405785576638663770	     -4.54680513082288939586	      0.67646896388296795521	     -7.05064059148661215204	     26.93644908745940824701	    -43.05715288617288649675	     12.91013544198795770512	      1.55646281304990807826	     10.40881811505900422787	     10.01416486267060435011	     39.17698427705258268361	      9.10176475035784449119	     -2.12174452948578062816	      2.84819098618990240723	    -65.52649925750588977280
      0.71100000000000029843	      4.40571116594030343094	     -7.08447058355019976261	     -4.55899239286625856948	      0.22044766573289109601	     -7.18970811189176117750	     27.16124108002127002237	    -43.36133802213088017652	     12.42454491585558429279	      1.36468577011521485787	     10.93720716711174034685	     10.02190884125848668873	     39.45285729132416463472	      8.66972373706673593574	     -2.03272480824856494053	      3.37614352974828779708	    -64.29354739565260956624
      0.71200000000000029932	      4.46988944478498240187	     -7.11741629298651901081	     -4.56824936513160650975	     -0.22565675628163717192	     -7.32874398388359793444	     27.33903749399108562557	    -43.70066387702730281717	     11.92416667480546976776	      1.16139051081426414314	     11.47851924683828173102	     10.04201190248224051516	     39.70117873198910274368	      8.23066816634661080343	     -1.93744356191836164527	      3.89725922336742192087	    -62.99185669448458213537
      0.71300000000000030020	      4.53116717001282154342	     -7.12504847743727509624	     -4.57519828727663480095	     -0.65908120672389713945	     -7.46672701156144569268	     27.46543191201482159158	    -44.07520786765093134818	     11.41145822763303030456	      0.94743584723973039985	     12.03039847050416710772	     10.07238444154326906244	     39.91931527501139242986	      7.78794278699297404245	     -1.83576477415802186144	      4.40716153184959047451	    -61.63089260041618899777
      0.71400000000000030109	      4.57853450123188565613	     -7.13782464115504922120	     -4.58533858075023204037	     -1.07554238518048350670	     -7.59553416255131708112	     27.54248305461125312377	    -44.45846756613975969685	     10.91655293001261384234	      0.73611597662982530821	     12.55729442440465248865	     10.08236442794459009065	     40.11494517633327205886	      7.37486666475759555794	     -1.73484234026755057556	      4.89234243443731386947	    -60.32628776645472612472
      0.71500000000000030198	      4.61167374634453608451	     -7.15742691601317915229	     -4.59895200284118743639	     -1.47467888465909879869	     -7.71416669546702848947	     27.57263745978889346588	    -44.84729522732852302624	     10.44123662851723643996	      0.52886075389273479175	     13.05686524298822526191	     10.06953083454873443259	     40.28919959957855212451	      6.99319574876544614028	     -1.63525455861663893131	      5.35298228522927921347	    -59.08542696879190714299
      0.71600000000000030287	      4.63671655364942125743	     -7.16773284087119577634	     -4.61306146246364789931	     -1.85778021640747681431	     -7.82611557920637324059	     27.55545511538630876203	    -45.25446107974645570948	      9.96893245449013143400	      0.31925093992375419560	     13.54933423652685497984	     10.05022868905511757021	     40.43617423107671271509	      6.62485680950235522602	     -1.53286879778921081297	      5.79420216930295328694	    -57.84743228309105944618
      0.71700000000000030376	      4.65828903199974320160	     -7.15546496366479800599	     -4.62537533452378113452	     -2.22210918446799610138	     -7.93603865580473666341	     27.48058508630023766273	    -45.70027219272262186678	      9.48289872726471116948	      0.09944008330503573134	     14.05309670146463929541	     10.04067659630963937900	     40.54725048426713840399	      6.25572954177000539744	     -1.42329723877113734076	      6.21809236906106832521	    -56.55324460499737426744
      0.71800000000000030465	      4.67581919393431633125	     -7.12410449263634859562	     -4.63624195443784969939	     -2.56677310995038965302	     -8.04337477312827786591	     27.34791793545147697841	    -46.18230984887461687549	      8.98435287793954984181	     -0.12947204140306700637	     14.56690079794873327046	     10.03880861849411054720	     40.62129351307434177443	      5.88864803043229745327	     -1.30709612199093605511	      6.62114796347891321204	    -55.21267781161250098876
      0.71900000000000030553	      4.68135726981091693233	     -7.10140429544858875488	     -4.64989890121785265364	     -2.89521744051869234227	     -8.13986373712027955207	     27.17742183914640463627	    -46.66273056341336911146	      8.50150719458802051065	     -0.35265166097774303111	     15.05787301513400500141	     10.01415309286384314191	     40.67284082998456540281	      5.55126345878831362057	     -1.19297326137354220421	      6.99769832455928764148	    -53.93660983646852002948
      0.72000000000000030642	      4.67531960324173212484	     -7.08953641321289751431	     -4.66635454061797361192	     -3.20898173649547402420	     -8.22527483195666775373	     26.97519013830404333021	    -47.13673439195073200381	      8.03504339580651816277	     -0.56882530510897755249	     15.52443538005279322078	      9.96455930367277176174	     40.70492414633313416061	      5.24444767851253157431	     -1.08210162407302856735	      7.34960091918526181587	    -52.73110488145594842990
      0.72100000000000030731	      4.66318974403927200001	     -7.07538427856931662063	     -4.68295706185716653636	     -3.50774825735901174539	     -8.30442435884089036335	     26.73584940352840533251	    -47.62103686080583031526	      7.56760314072835171828	     -0.78550951982684358299	     15.98663925069745417318	      9.90660249871679887690	     40.71018725232931956270	      4.95244516948931678968	     -0.97046261770996622431	      7.67921554606121326003	    -51.53712233645083529154
      0.72200000000000030820	      4.64943628015981857970	     -7.05036802705114951095	     -4.69754088646206469093	     -3.78853018138906350032	     -8.38330453235438710635	     26.44672757093412940321	    -48.13777342807179593365	      7.08039308701668979040	     -1.01120374589155348488	     16.46351099883155555403	      9.85635506924079685120	     40.67873343311414657819	      4.66389914403506633533	     -0.85429231586479081884	      7.98529458506089806491	    -50.29972688351323029110
      0.72300000000000030909	      4.63422753609140158915	     -7.01866048481767279554	     -4.71014501917984773627	     -4.05258230663099539015	     -8.46207577562159940499	     26.11152285635355951854	    -48.68243616798810791124	      6.57337123987100646616	     -1.24486292781946783492	     16.95458739574270268236	      9.81182939607987414377	     40.61110013606587187951	      4.38094239938338070317	     -0.73483274424093192323	      8.26563257444617960346	    -49.02821265996425381672
      0.72400000000000030997	      4.61145285514393776793	     -7.00169912599585586577	     -4.72409237905938539370	     -4.30874575269420745371	     -8.53218011257050079621	     25.76183529447662579059	    -49.21010512644549095285	      6.07511168142274016191	     -1.47102054286376571213	     17.42767287996294101049	      9.74322453566713875261	     40.52757561511018735700	      4.12499554791643241458	     -0.62122316770049090806	      8.52291684828786522132	    -47.82505743115855523229
      0.72500000000000031086	      4.58161965227914436127	     -7.00077038581355282076	     -4.73928839479668795320	     -4.55926242522971847393	     -8.59367758707810480701	     25.40426565018624671666	    -49.71590738912509266356	      5.58624411205093096555	     -1.68867974325261904767	     17.88103440343590122552	      9.64861576208444482461	     40.43190113648910966049	      3.89621101199690844652	     -0.51463131930448158258	      8.76006363765261575338	    -46.69480258522622762030
      0.72600000000000031175	      4.54944081757136586930	     -7.00592818985984422397	     -4.75340302152157789806	     -4.80220440572740869811	     -8.65230206181412597743	     25.02816495899278947945	    -50.22009434136308669849	      5.08857383805485508077	     -1.90615842181037775660	     18.33439300051973219752	      9.54440724725695943675	     40.31457910992979520870	      3.68166120441835165167	     -0.41108433793654031163	      8.97582439518113162080	    -45.58184552476954820577
      0.72700000000000031264	      4.51949605095899187290	     -7.01357600969109284961	     -4.76415835271073717649	     -5.03606871139501777179	     -8.71575061045813015426	     24.62011723672817709030	    -50.74521173110112215454	      4.56022818669936658154	     -2.13262648963040701844	     18.80764622168144128977	      9.44628364516855256738	     40.16473300596605611190	      3.47259099511947333383	     -0.30784151079972232878	      9.16552510255725927379	    -44.43637518723605239757
      0.72800000000000031353	      4.49212243220276263855	     -7.02710741410524519779	     -4.77142958828244445613	     -5.26327290824903570865	     -8.78452310579547201996	     24.18494365849049643202	    -51.28613129870982589864	      4.00085184093865731114	     -2.36724202096550984109	     19.30016474397500303439	      9.35227539332689161711	     39.98378240497212487981	      3.27049442378459787051	     -0.20628725337740183576	      9.32801203801367861956	    -43.26664872622174584649
      0.72900000000000031442	      4.46101275536875618855	     -7.05745119893970240810	     -4.77844731794640154021	     -5.49225222280186642365	     -8.84786948038036769049	     23.75570587581088943807	    -51.79699361695610804190	      3.44382865947934213580	     -2.59410037344274257975	     19.77763345115096527138	      9.23347237187784841694	     39.79450220806610616364	      3.09110430990990892042	     -0.11378624380142809969	      9.47305742796685734675	    -42.16465103675295722496
      0.73000000000000031530	      4.42615703653794412276	     -7.10389262639407093047	     -4.78524637364387217531	     -5.72431525705711408136	     -8.90539306587827184103	     23.33658140023415228370	    -52.27429989571269430826	      2.89101459766274437868	     -2.81236257885520979372	     20.23739572061665725755	      9.08811768072258452378	     39.60006040044111585985	      2.93416131186703399436	     -0.03084972978569799906	      9.60380622819543283697	    -41.13363830911548291169
      0.73100000000000031619	      4.39176226879403941439	     -7.16020100611336829388	     -4.78967932309041088956	     -5.95695442763245353035	     -8.96378581514983352463	     22.91328934880240808525	    -52.74045016404132724119	      2.32265915982086124103	     -3.03089837026961905764	     20.69916396560264004734	      8.93217456292178013655	     39.38907216174087011495	      2.78970544238836826167	      0.04612170950877292341	      9.71523571295961296812	    -40.12267530334317200413
      0.73200000000000031708	      4.36249821860229758386	     -7.22694161887275754452	     -4.78924938046426973415	     -6.19108387573488982980	     -9.03248311982537188669	     22.47217120499010434287	    -53.21750504798414738161	      1.71357194623082964569	     -3.25951691900793205647	     21.18349261394751792409	      8.78076795165120316256	     39.14975790865508287197	      2.65136469220619286347	      0.11878039524461092569	      9.79925388429193588991	    -39.08755816162678797809
      0.73300000000000031797	      4.33826741575369112525	     -7.30532933452005295294	     -4.78393107065876677098	     -6.42849852672173938117	     -9.11156346501022085249	     22.01645672703104139600	    -53.70117257928215082075	      1.06450602578069819515	     -3.49743480975215348394	     21.68874119053570836968	      8.63194093178750776474	     38.88347491801704336467	      2.52026181492552847629	      0.18625404624066366210	      9.85533883172665703398	    -38.03524829338459056771
      0.73400000000000031886	      4.31120132546946877028	     -7.39413274081238114377	     -4.77766350831086583639	     -6.67142191300578701885	     -9.18610599773570868365	     21.57349512124044110806	    -54.14933452757073695238	      0.41747211487195290402	     -3.72787705254807866240	     22.17702094808756640987	      8.45790374625861041125	     38.61280925090464677396	      2.40744502870045007370	      0.24458800649238554570	      9.89888579260412804217	    -37.04650697500913025806
      0.73500000000000031974	      4.28059179572065318098	     -7.49055695127893272911	     -4.77076031019842616843	     -6.91917260488317253930	     -9.25476862133720601378	     21.14419385806347406742	    -54.56032494600595583734	     -0.22372376927533021984	     -3.94989177268125768450	     22.64468486408813774347	      8.25709859622115693867	     38.33985339757780508307	      2.31244101594034745517	      0.29415672226833500247	      9.93285648523901620877	    -36.12361119605084525119
      0.73600000000000032063	      4.25053935971079965839	     -7.59240443283547961073	     -4.76107472516623886349	     -7.17009667458546573471	     -9.32550245584467063509	     20.71314916508833903208	    -54.95691518211550885553	     -0.88125331411308405194	     -4.17272989696766405388	     23.11188645959748555470	      8.04493891618074385974	     38.05220506338785924072	      2.22809069618243871247	      0.33769421869923599289	      9.94890839663317194663	    -35.22081982952408907295
      0.73700000000000032152	      4.22549324509840573683	     -7.70245999188938412772	     -4.74601159618812573626	     -7.42699566456613524679	     -9.40902770044357339430	     20.26593093045640614491	    -55.36041202894722346173	     -1.58271402926326576477	     -4.40658976104258925943	     23.59919352849385631998	      7.83595376955570355193	     37.73713144779966910392	      2.15034170870505025874	      0.37603169464460739491	      9.93574540079752388522	    -34.29934441651099064075
      0.73800000000000032241	      4.20469225181459194118	     -7.81933111523073876015	     -4.72584931288903931090	     -7.68966571585691838209	     -9.50437319939904057264	     19.80331017211018718172	    -55.76797582993702206977	     -2.32518166638100431953	     -4.65041838384396832851	     24.10376670392994213898	      7.62832615708974870472	     37.39568675386119167570	      2.08002131642421872471	      0.40913980640533420541	      9.89344419668326580108	    -33.36460969135578125133
      0.73900000000000032330	      4.17892494654957147304	     -7.93241529105142717526	     -4.70548249455399059116	     -7.95197529678155490274	     -9.59198463717333993372	     19.34684477405031088892	    -56.14244661940285396895	     -3.05746895163179210897	     -4.88614701615591684458	     24.58517860628998263905	      7.39569312196107730983	     37.04998625997859562631	      2.02412283982189578069	      0.43647237895837465160	      9.84251888345716352546	    -32.48635342979312667921
      0.74000000000000032419	      4.14713158908807599801	     -8.03780532790443658087	     -4.68554616694159165036	     -8.21094678779169839800	     -9.66980962940287724905	     18.89568297803315033434	    -56.48325522167925072381	     -3.77418874715735874759	     -5.11251743847178641289	     25.03951100703012500048	      7.13681481011719753837	     36.70137948027696239706	      1.98259816800239185852	      0.45885901171834886370	      9.78574490320800549625	    -31.66627521448258519854
      0.74100000000000032507	      4.11354976906184788277	     -8.13690815482652851642	     -4.66376135937166225176	     -8.46697811250480469880	     -9.74716363732896695637	     18.43532137841293661040	    -56.81212802586043153497	     -4.50023206377598850025	     -5.33901075381325540548	     25.48751476161277196297	      6.86659213584024374910	     36.33746996398969741904	      1.95045551311099352176	      0.47792249191969116140	      9.71229962531833201922	    -30.86357796754723992194
      0.74200000000000032596	      4.08202553226350062232	     -8.23236911352600486680	     -4.63768583037946768854	     -8.72344911986131421600	     -9.83522540065288808364	     17.95005099419265093275	    -57.14985419044013781331	     -5.26369400110220375666	     -5.57574253072298198219	     25.94890509895544283836	      6.59911208718499953108	     35.94521523697714826540	      1.92538776056971894235	      0.49412822100298736672	      9.60876627521674109289	    -30.04349389583460450126
      0.74300000000000032685	      4.05139520319926305092	     -8.32074545940079701722	     -4.60802121664043795590	     -8.97741482051849004620	     -9.93216559470697291090	     17.43927922594595258943	    -57.49455599412909378998	     -6.05948229973316543351	     -5.82116961079034389570	     26.42022818050800836431	      6.33292737737587430047	     35.52559154966580479140	      1.90858415885122312261	      0.50790675971827958790	      9.47580173361535216259	    -29.21015119068425391902
      0.74400000000000032774	      4.01273413210140006413	     -8.38869121948920337672	     -4.58016208634539623290	     -9.21695050902582124763	    -10.01550568743023461593	     16.92467775975504196140	    -57.81194118777941071130	     -6.83091752104778571208	     -6.05616417720273858549	     26.86165407938473492777	      6.04330257732155207151	     35.10171412032108406720	      1.90356504327826581147	      0.52044887135700435010	      9.33901788217070816245	    -28.42365243006475949983
      0.74500000000000032863	      3.96524221431450030195	     -8.43323655384432413484	     -4.55475270289255718126	     -9.43889297610395772153	    -10.08291180931138342203	     16.40655002730304090619	    -58.10138465352270031872	     -7.57223116942193907875	     -6.27919438479994695967	     27.26995388372173323432	      5.72937751782459692151	     34.67550244614992749348	      1.90958768889537555680	      0.53256413145024161793	      9.20179723029020912861	    -27.68494947481844192794
      0.74600000000000032951	      3.91319052861545912947	     -8.45758270454805938243	     -4.52953225421363470105	     -9.64506089352563833472	    -10.14508822572700807996	     15.87157489322254377839	    -58.38302103406151388754	     -8.31038186366694908713	     -6.49981454167891659068	     27.66604648159706059118	      5.40565883913215472489	     34.23496430599814033258	      1.92416670227260055981	      0.54467766910181181217	      9.05137489627073676957	    -26.95771322565138206073
      0.74700000000000033040	      3.85965547911479234244	     -8.46190859469783163149	     -4.50265136101660345957	     -9.83685964660389799974	    -10.21307414189232076751	     15.30309114350218635536	    -58.67696212835119240481	     -9.07176874366131258398	     -6.72739322312441156981	     28.06835720646256859823	      5.08626581884391626431	     33.76757086494470883054	      1.94713087833868758736	      0.55699890852166644706	      8.87331894256586650727	    -26.20983761846652626559
      0.74800000000000033129	      3.80369636783620990172	     -8.44270916199178600436	     -4.47498263645323390847	    -10.01033229254105094697	    -10.28455109336086081839	     14.70215525071827755710	    -58.98122335578367625430	     -9.85006406367825348980	     -6.95988011298172004615	     28.47380941202465365336	      4.77033113765084060276	     33.27570281612183578090	      1.97895732037964844352	      0.56998211127536890785	      8.66984899687493992815	    -25.44373703066331415812
      0.74900000000000033218	      3.73844490497177162069	     -8.39154555403871427188	     -4.45138278235221207524	    -10.15416471691800381905	    -10.33706573382576721087	     14.09633202971431842343	    -59.26159193428625826527	    -10.58968420091703777075	     -7.17836100815907318662	     28.84632604913082332132	      4.43429244749322659658	     32.78407928529684056684	      2.01994852645022149318	      0.58455598507181072421	      8.47045954803782308318	    -24.71302810281030915007
      0.75000000000000033307	      3.66377644492030185575	     -8.30763540328283056624	     -4.43231753572409559183	    -10.26625673971324204103	    -10.36897225848886705535	     13.48852178143657454257	    -59.51654930983113445109	    -11.28608791452587745141	     -7.38140711835374396799	     29.18395188507300019864	      4.07752363504788561954	     32.29541467196317228172	      2.06928950195812699775	      0.60088628734218385574	      8.27892798802722928997	    -24.01864559576102209348
      0.75100000000000033396	      3.58366911320483438885	     -8.19379211875622104344	     -4.41573801896812767609	    -10.34888722416182815778	    -10.39166462450037897725	     12.86608376429445854683	    -59.76485177231908352269	    -11.96652534594202421658	     -7.57829993902264753558	     29.50697444390468859865	      3.71439055414547469880	     31.79866320995666839622	      2.12621555946093110379	      0.61868692571992456308	      8.08145240083401006359	    -23.32754683573826781640
      0.75200000000000033484	      3.50070552174952354108	     -8.04682346055076891389	     -4.40067321379552822691	    -10.39990783678628361031	    -10.41553399104915911266	     12.21390481989776333194	    -60.02523390767395028433	    -12.65384574813157669837	     -7.77695638197943850400	     29.83270391105759955508	      3.35974980168333159369	     31.28396319622648391601	      2.19220391212215925947	      0.63789609792899160112	      7.86468696882215390076	    -22.60833557182185771239
      0.75300000000000033573	      3.41466165587981151930	     -7.86474009637760218538	     -4.38796223206895774638	    -10.41566874000633902142	    -10.43867982675976691098	     11.53643008424674576418	    -60.29465609166311423905	    -13.34204386950503717912	     -7.97515286490489927473	     30.15922143488156592639	      3.01330481008093009621	     30.75537904150762358313	      2.26744690486477828983	      0.65840891414115088054	      7.63218045431136538070	    -21.86257772582951375284
      0.75400000000000033662	      3.32131896861444886326	     -7.64933883339122644429	     -4.38074383448980597677	    -10.39269107321879914707	    -10.44120051025475959250	     10.86701519407952787333	    -60.53825940516409787051	    -13.98325667865656285471	     -8.15620493153945602671	     30.45535949406116316140	      2.65129088624513897798	     30.23693744113062820134	      2.34900697707467465136	      0.67999290274500800990	      7.41404777362573152999	    -21.14178707197527273820
      0.75500000000000033751	      3.22118404145594183774	     -7.40248810437583415478	     -4.37908585902245306443	    -10.33128359468405221833	    -10.42245621168318336913	     10.21051695857589436400	    -60.75370218170414204906	    -14.57516492640558070093	     -8.31921221071243444101	     30.72030474109800479710	      2.27297574730564999612	     29.73153007956790361277	      2.43585371311914045123	      0.70223764353891660051	      7.21378769830227639659	    -20.44770195974552251528
      0.75600000000000033840	      3.11770864425578508872	     -7.12453824617634268179	     -4.38152098149194557664	    -10.23195679647744782415	    -10.39371868799528897398	      9.55488161167588145872	    -60.95853820853740501207	    -15.14304310482963344953	     -8.47261321176321402504	     30.97313942202343284293	      1.89305551364928881242	     29.22979494315001147697	      2.52889000010063647039	      0.72458031894363505998	      7.01762816406587042195	    -19.74928154210501318744
      0.75700000000000033928	      3.01352672895944806442	     -6.80924793995160371196	     -4.38809575696382125898	    -10.08832874248524547056	    -10.36478010035153829449	      8.88978009728958795677	    -61.16905416048854249311	    -15.70529997116334541829	     -8.62243030194863635529	     31.23067487085485893772	      1.52782812057602468414	     28.72664740361655688616	      2.63094074074234907101	      0.74636801437754085597	      6.81504663450690451043	    -19.01477757714693694879
      0.75800000000000034017	      2.90916995657050847512	     -6.45706723045822172935	     -4.39936059924629319084	     -9.89859437546100195959	    -10.33460840773479105792	      8.22260301358764422730	    -61.38114417289466473449	    -16.25749899050841307258	     -8.76674605586790178791	     31.49218623917319348493	      1.17725161471484707221	     28.22716200620581972203	      2.74185413901986141383	      0.76692433329788034513	      6.61010079334304379017	    -18.24606844079819012450
      0.75900000000000034106	      2.80198041741495273982	     -6.08075982570417750139	     -4.41598684647527761626	     -9.67129276744604737814	    -10.28651416382916750081	      7.58489903994650660479	    -61.56146672637217420743	    -16.76339165047193802138	     -8.89292239512755600117	     31.73001933903184479391	      0.81537011022128069726	     27.74909076786182993146	      2.85590906977573055769	      0.78563980262933430510	      6.42845968477868723312	    -17.49704168710522012020
      0.76000000000000034195	      2.69259961022113714080	     -5.68406879543064746940	     -4.43759832965135103677	     -9.40925062476965479163	    -10.22055700536168387771	      6.98083207133379346487	    -61.70776471100792548441	    -17.22289276660637824534	     -9.00083340480552962504	     31.94372223206568506271	      0.44090888730830002373	     27.29401895131253752425	      2.97195446687328335145	      0.80205166490671109258	      6.27222831219590482021	    -16.77102976359224939529
      0.76100000000000034284	      2.58399925154986931375	     -5.26384200163954574236	     -4.46361815011306362067	     -9.10931649354098738058	    -10.14722056005811623436	      6.40004532469198750277	    -61.83621644543476492117	    -17.65733665605306867974	     -9.09744534827127182552	     32.15106479139847550641	      0.06947856639812899360	     26.85553305550514124889	      3.09237433164741837288	      0.81553807425167601508	      6.12903680259655470053	    -16.03776319405853101330
      0.76200000000000034373	      2.47940072952876278123	     -4.81208658838775704680	     -4.49506158164504654451	     -8.76122855439821535128	    -10.07590179072754210665	      5.83968546067451654835	    -61.95965881411083131525	    -18.08066108935135929414	     -9.18677628634146969944	     32.36906920516945262989	     -0.28070377620028619248	     26.43467478104821566376	      3.22101541896890886107	      0.82464466901532862408	      5.99210130972153187656	    -15.26533691935636483095
      0.76300000000000034461	      2.37963516234201222233	     -4.33143278621284366636	     -4.53206739192712859676	     -8.36555872257173405160	    -10.00622777903015503398	      5.30741356439092726305	    -62.07381697156267819082	    -18.49035760889465862533	     -9.26758032962919919839	     32.59752516706998193285	     -0.60994348461566039177	     26.03584845464723684927	      3.35744033499019156608	      0.82863911367789810924	      5.86463833856099014952	    -14.45717177628011995694
      0.76400000000000034550	      2.28142932739476123061	     -3.84195371080440395417	     -4.57276212332097031776	     -7.94268315164177352017	     -9.92350011754163574551	      4.82147338188153185001	    -62.15098459024638088977	    -18.86193150475769897412	     -9.33212106236700478235	     32.80916831540508837861	     -0.94833075239612041329	     25.66421898300222892431	      3.49385398876846942073	      0.82832128067922283776	      5.76327164744768793980	    -13.67169853960336034504
      0.76500000000000034639	      2.18493408929923305095	     -3.34775973772204338275	     -4.61644107000101655558	     -7.49702502116136315635	     -9.82782775792767893108	      4.38238251001858714062	    -62.19017640873922658784	    -19.19664855966480843108	     -9.38100991422336960568	     33.00293288854872031379	     -1.29802151362695683545	     25.31874428495852669130	      3.62906224458332538063	      0.82375905437017671318	      5.68798054502276428934	    -12.91388904271191151452
      0.76600000000000034728	      2.09299578170363531626	     -2.84249868158300955656	     -4.66356245841053862478	     -7.02090379652433682622	     -9.72869931860836345550	      3.98371768904337386630	    -62.20552179283242111296	    -19.51080454982143663756	     -9.41929314401102146803	     33.19571333996726991700	     -1.64192167211785200465	     24.99744942136191738769	      3.76660750248583031663	      0.81413889580890241859	      5.62914423014050413485	    -12.15352995571039684819
      0.76700000000000034817	      2.00964436223416953453	     -2.31801995034845731425	     -4.71592558658910832037	     -6.50114075375320510375	     -9.63508428914843761959	      3.63087294273759653152	    -62.20590771029400656289	    -19.81437173942741480914	     -9.44912150731876998577	     33.40518857106757621978	     -1.95979880083968494020	     24.70733756131059521977	      3.91109795273736349230	      0.79733497174078182823	      5.58343157747019880333	    -11.36006079843103755422
      0.76800000000000034905	      1.93533833671057209358	     -1.77797234754265787160	     -4.77329299816850038951	     -5.94016355129600981400	     -9.54659110923115861169	      3.32841256848016087133	    -62.18810329828446015199	    -20.10624159369205443681	     -9.46997504263098477395	     33.63072970777290038313	     -2.25269901799055594083	     24.45032279630409277615	      4.06189290205889452778	      0.77318665437140499108	      5.55208005823507555476	    -10.53899972015245367629
      0.76900000000000034994	      1.86424092361909288229	     -1.24386853357046334168	     -4.83176130316955720900	     -5.36663110906208373763	     -9.44879863999859992418	      3.07240196402483434213	    -62.13371290443478756060	    -20.37093811134667120655	     -9.47869126380965809631	     33.84249192436765696357	     -2.55590911644624219079	     24.21545621378881207875	      4.20971392425772972246	      0.74514347683882764528	      5.54097798038463196235	     -9.75144636612755810745
      0.77000000000000035083	      1.79566916547868515863	     -0.71878151500240505811	     -4.89049895579458393513	     -4.78521447789296416886	     -9.34127688325138194614	      2.85847657135037991338	    -62.04358566579934120000	    -20.60992922393876014553	     -9.47628379997357228604	     34.03830292212831665211	     -2.87246391512784304823	     23.99880738294361037788	      4.35336879346910343713	      0.71402210637632190782	      5.54818012061026877291	     -9.00306447731981052129
      0.77100000000000035172	      1.73282120271328210492	     -0.19458143220433044007	     -4.95093719277838317794	     -4.18404889624409292992	     -9.23256307330821357482	      2.68657952607206595985	    -61.92878773088214927611	    -20.83448816188471397481	     -9.46569497315625696388	     34.23499025554971098018	     -3.18336255545869084571	     23.80386510839072045087	      4.49722909761296474329	      0.67858165816325755060	      5.56761324883404640218	     -8.26394551584213132855
      0.77200000000000035261	      1.68023613366267454694	      0.33594075033838066702	     -5.01539249645570350822	     -3.54827432084491078967	     -9.13086949305748873940	      2.56828461882919611980	    -61.79476474300593480393	    -21.05115394697511987943	     -9.44756380213322977113	     34.45064699955263876063	     -3.46677184299567509029	     23.64172855321239197224	      4.64627376089310484275	      0.63650435981897901527	      5.59798655234954267712	     -7.50714610356902944943
      0.77300000000000035350	      1.63750177505920646581	      0.86951226636148248872	     -5.08338077785494135696	     -2.88118218628683564475	     -9.03520396225128763490	      2.50285775568468693564	    -61.64022362540153210375	    -21.25927603997144288428	     -9.42191210979567195238	     34.68352402107226595263	     -3.72471900638128294858	     23.51091702107008885037	      4.79961901890755271438	      0.58849416678817823012	      5.63830610752602545688	     -6.73970641722526586648
      0.77400000000000035438	      1.59578691726652266425	      1.38813668293272485244	     -5.14978623022854264946	     -2.21501073605971043889	     -8.93066712580476007588	      2.46392835401877619006	    -61.45684896746293190972	    -21.44906585568438117662	     -9.38892667324565621811	     34.90030357539757233098	     -3.99722449020533110442	     23.38632677302540230357	      4.94703116649986007758	      0.54032286422573960749	      5.68625610335220521563	     -6.01957837634571291119
      0.77500000000000035527	      1.55373807384113149510	      1.89039538145956953485	     -5.21383133439366019957	     -1.55370048115466374838	     -8.81626295040447871543	      2.44359141019862136091	    -61.24696234737380962088	    -21.62146856496482882903	     -9.34963738811741507106	     35.09792843663661443543	     -4.28785222074388183700	     23.26232483806946049754	      5.08731223365987972329	      0.49321413718345086252	      5.73914569177157396496	     -5.35146569926000559292
      0.77600000000000035616	      1.51516590456769506545	      2.38443561348424282187	     -5.27767538480985365368	     -0.88257347028427091118	     -8.69978486589610611190	      2.44903593241032524475	    -61.01799579952932361948	    -21.78353461301225735269	     -9.30509831710514312419	     35.29371628529873561320	     -4.57567272228956944957	     23.14767758406964759388	      5.22526039556039378908	      0.44538316157533008877	      5.79422578547300659579	     -4.70708655010264642726
      0.77700000000000035705	      1.48442239971330991466	      2.87619669575687453289	     -5.34386278043253071246	     -0.18625672472141729941	     -8.58810737595544537726	      2.49396254117755233892	    -60.77311904483161697499	    -21.93867170258334553523	     -9.25484991562368719542	     35.50547322023918184186	     -4.83794465200866330434	     23.05460800990477565620	      5.36566456800542379568	      0.39496510896799286172	      5.85032655730841621988	     -4.06521791684288924529
      0.77800000000000035794	      1.46021133749165699101	      3.36363829333680541822	     -5.41180312145955610958	      0.53190336448879804720	     -8.47958188761353426344	      2.57269924496473834097	    -60.51290719850265986679	    -22.08601199124409220076	     -9.19916952173015545213	     35.73034971946218263383	     -5.07749926768111770059	     22.97880200593421662347	      5.50730338333786928473	      0.34324567529747662675	      5.90503384449805324152	     -3.43288941823886029070
      0.77900000000000035882	      1.43217031826216611989	      3.83421858421695560537	     -5.47597400511547505175	      1.23974013186840181788	     -8.35996056282419885974	      2.64579157547240129134	    -60.23642375906383961137	    -22.21956847942367829774	     -9.14018031420971155399	     35.93322316238043612202	     -5.33724452648611791261	     22.88828436961365397906	      5.63967086767838132744	      0.29629418362608905824	      5.95358191460126917605	     -2.85748633640098281816
      0.78000000000000035971	      1.39883910762071650424	      4.28786742599274361964	     -5.53574587224309766498	      1.93423737533029793667	     -8.22826610308761985380	      2.70494843282145325247	    -59.94640226988936149155	    -22.33978418119386688545	     -9.07870838717027517362	     36.11090570122257048524	     -5.62073300974808010011	     22.77775789963555297390	      5.76155466716403719118	      0.25502764112925735418	      5.99404013674056379557	     -2.34124744438229948074
      0.78100000000000036060	      1.36444058166718207303	      4.73148697343961543993	     -5.59366065762117159466	      2.63109225561309756358	     -8.09157654590021024887	      2.76289442146155295177	    -59.64691419662789684253	    -22.45047105282316124431	     -9.01441951629922044731	     36.28115816044831376530	     -5.90552764557248366373	     22.65944791057236074039	      5.87767090958142279788	      0.21734563818558427784	      6.02560158815902369156	     -1.85962343605716728945
      0.78200000000000036149	      1.33238435804896937498	      5.16998476955473051930	     -5.65221571398954836241	      3.34518425015220088881	     -7.95485255260260260002	      2.83126312611783248485	    -59.33997820015812862948	    -22.55204672665287546351	     -8.94607892773379198559	     36.46081175760891568416	     -6.16864738440812132581	     22.54370633218923813956	      5.99193841581675545882	      0.18231967378304902994	      6.04560303788416142368	     -1.39821750233181107959
      0.78300000000000036238	      1.30096520745439647726	      5.60252712910886430109	     -5.71080249513207149903	      4.07335724762216955241	     -7.81630417374435637612	      2.90218624785751444506	    -59.02705801468336233029	    -22.64341517778303369823	     -8.87400167918865889760	     36.64660718041780995691	     -6.41323616241057337106	     22.42515867806288554220	      6.10277836319343958138	      0.15114279818446707537	      6.05164214792703880619	     -0.96232490289509531323
      0.78400000000000036326	      1.26088208782336153035	      6.02088384176161639516	     -5.76409754877107616267	      4.78527961124143530469	     -7.66477805783121368677	      2.93753866646954975295	    -58.71008451824479834613	    -22.72253824823033951930	     -8.80129712616164461281	     36.80465016161888058832	     -6.68272656495850725378	     22.27457903806969596872	      6.20047682246889220181	      0.12766808795375839125	      6.04270837007884153991	     -0.58316726894701576001
      0.78500000000000036415	      1.21122636325172550187	      6.42541744629411937240	     -5.81163820925110030657	      5.47856924686750801357	     -7.50001069591436930750	      2.93204744499820435522	    -58.39100575197279852091	    -22.78993279774916658198	     -8.72856877295032873576	     36.93248504618122751708	     -6.98016000714416495754	     22.08893956943057546027	      6.28398621564323356381	      0.11196400253909999378	      6.01871234139812472108	     -0.25995096441288056965
      0.78600000000000036504	      1.15604252184947142723	      6.82134873090666360440	     -5.85601295648547193196	      6.16846739013971046006	     -7.32798139945923310279	      2.90034104139478188245	    -58.07143948003810152159	    -22.84687298704766078572	     -8.65461543794837595556	     37.04779579696692337620	     -7.28226248099771389377	     21.88101604430634594678	      6.35745650248031868301	      0.10219860406647240936	      5.97883575274124012822	      0.02607429344340106425
      0.78700000000000036593	      1.09728583833319248697	      7.21300517340247893117	     -5.89941196370773468516	      6.86826279082156077038	     -7.15166767613581555452	      2.84909612916420940110	    -57.75299905656815724342	    -22.89105350539091432438	     -8.57775604996119334089	     37.16601938741934674226	     -7.56627216247023337559	     21.65728197237967123101	      6.42314429439185818893	      0.09840257493407555955	      5.91819217592087731816	      0.28277372388471055942
      0.78800000000000036682	      1.03351574239938770461	      7.60009500025424244996	     -5.94124377620576638037	      7.57477203995046011187	     -6.96993812459322725772	      2.77176562974229057090	    -57.43681960165682198749	    -22.92169374769927969737	     -8.49831434058223678107	     37.28436262696317271548	     -7.83511102923544200394	     21.41339386061188321264	      6.47927658136329132077	      0.10101662310239012399	      5.83568314642565155737	      0.50765352313573153253
      0.78900000000000036771	      0.95892420373289155577	      7.97594360937983992699	     -5.97683533738833716598	      8.26045250773502459651	     -6.77669936646016424220	      2.64443671502766619597	    -57.12362363939205067709	    -22.94184708419866325357	     -8.41989797092381664356	     37.37290989622403003523	     -8.13080418199899668252	     21.13081485116258306789	      6.51868655248231121391	      0.11026260624295014523	      5.73790391594321036450	      0.68686743561876539843
      0.79000000000000036859	      0.87355106935825688197	      8.34045627741863881965	     -6.00588780698129198754	      8.92329178265831046701	     -6.57272257414398097808	      2.46675443251066894845	    -56.81390491565589684342	    -22.95269938590822533797	     -8.34296815171729022609	     37.43041569916859856448	     -8.45565008914878113444	     20.80969679255678528307	      6.54085930791248326699	      0.12530130651897675165	      5.62674778286201870969	      0.82359217198754164357
      0.79100000000000036948	      0.78052080323536188189	      8.69753588290888046686	     -6.03076062975520699183	      9.57703478675702513101	     -6.36239643984568203905	      2.25100033321632508887	    -56.50801337826705150746	    -22.95329268214063489495	     -8.26587099868482155784	     37.47374515376331771677	     -8.78624499071671749562	     20.46034097595877909725	      6.54882567539081250629	      0.14511245716236631509	      5.49964990388026642165	      0.92964209326431568314
      0.79200000000000037037	      0.68024486269023043405	      9.05125832696163001856	     -6.05313389441585059103	     10.23233283832342976893	     -6.14714428958900782618	      1.99819964067340549718	    -56.20714488174591849656	    -22.93919041364649302750	     -8.18678791289150176169	     37.51705133409642201059	     -9.10016143099906571479	     20.08471359492636310051	      6.54259421589620249193	      0.17030873212408037531	      5.34972848128353284380	      1.00776954431304188731
      0.79300000000000037126	      0.57205656438810592590	      9.40112614776217014878	     -6.07247008374407926112	     10.88587319979978929041	     -5.92693441819967858919	      1.70565651855190481001	    -55.91125743968827777053	    -22.91053215293714728773	     -8.10609979362553190185	     37.55860253305889528974	     -9.39976603650851672000	     19.68088928688762706543	      6.52065322463759589056	      0.20040312842888319267	      5.17770918738119689806	      1.05819486869491719006
      0.79400000000000037215	      0.45475637326660489634	      9.73970119507123399671	     -6.08512176576552121787	     11.51427296837789526762	     -5.70076561000661286016	      1.36943343137288309208	    -55.61832240946438332685	    -22.87593434027663619190	     -8.02761183869040806371	     37.57337068507587929389	     -9.72494740408233937501	     19.24437507797498625450	      6.48043971730380974350	      0.23254667274561491297	      4.99790500636201340257	      1.08095780398833607450
      0.79500000000000037303	      0.32925292565101926812	     10.06613660380631358748	     -6.09096393585956263905	     12.11599921635671250897	     -5.47013477891984223334	      0.99351480239015188545	    -55.32767653118179396188	    -22.83737170803548011122	     -7.95173075962141151507	     37.56107511480674077120	    -10.07743955405512359391	     18.77803558768435010506	      6.42234326219466300500	      0.26549950632935859218	      4.81340344388462249015	      1.08013201399451697071
      0.79600000000000037392	      0.19717127310228477199	     10.38381055530325625114	     -6.09192923440710387695	     12.70260579696987690568	     -5.23757506416531271043	      0.58458179216881944740	    -55.03936665998416799539	    -22.79177763932680278458	     -7.87665636869300200829	     37.53715424786742005381	    -10.43424957610735681612	     18.28758747463476908024	      6.34770290631618827604	      0.29929151553015342913	      4.61905558940549632041	      1.06091351120426446997
      0.79700000000000037481	      0.05774318155700086663	     10.69651473254319284933	     -6.08909745515043709929	     13.28151244406410569354	     -5.00356191141860051630	      0.13969914630425250834	    -54.75337834432991712674	    -22.73351411189159421156	     -7.80062018636925635917	     37.51514663797846083071	    -10.77305811637551080651	     17.77131004991928620029	      6.25429408217192950303	      0.33463480893275443506	      4.40703665459785121072	      1.02296326160917772086
      0.79800000000000037570	     -0.08879887864853230894	     11.00318305788474049223	     -6.08205795667485915601	     13.84967614995322549021	     -4.76893028718825462420	     -0.33943489035434026846	    -54.46843175246819157564	    -22.66382459426090534294	     -7.72404635380696813485	     37.49439466680346555449	    -11.09568518828152328126	     17.22995983376396367248	      6.14147882716027382344	      0.37052259392622577394	      4.17958995632582386293	      0.96822014573259007619
      0.79900000000000037659	     -0.23970964976761877097	     11.29517958896653340162	     -6.06847219024005823940	     14.38978915721818907514	     -4.53586899930394338298	     -0.84024005315039573816	    -54.18157925732590740608	    -22.59555797480949834721	     -7.65067014606341011529	     37.45319600996105435797	    -11.44059561258649004856	     16.67114897834529685383	      6.01256600941248997572	      0.40311078627223162485	      3.95554686613274197882	      0.90428885616621323962
      0.80000000000000037748	     -0.39366497921992049669	     11.57125230476950150660	     -6.04841489276977029022	     14.90126955756718984958	     -4.30583570433984164083	     -1.35680362874734328216	    -53.89193386296378918132	    -22.53100203342333074374	     -7.58082422932634436563	     37.39152287970897958758	    -11.80937199648344204661	     16.09901094152533929105	      5.86900555524776379457	      0.43148995519824984157	      3.73799324574934921372	      0.83461929437445014912
      0.80100000000000037836	     -0.55064387861399666235	     11.83485082060582271879	     -6.02329198274949817460	     15.39311488422291063216	     -4.07963869057097383575	     -1.88870551244808382307	    -53.59928254412401571471	    -22.46528860611973854589	     -7.51269619728415172233	     37.32344877171892250090	    -12.17952806419702049823	     15.51421520164572065426	      5.71015212037215835750	      0.45653230945488232351	      3.51958696677628912752	      0.75947968197844772931
      0.80200000000000037925	     -0.71200878233807429751	     12.08931146840316728230	     -5.99364024007356022139	     15.86960778768489888080	     -3.85741958917515148642	     -2.44007615291219792653	    -53.30149510476162078021	    -22.39262021087882104098	     -7.44468773724689114601	     37.26262501127943949086	    -12.52858117425199679928	     14.91301436255095858030	      5.53225190940538347206	      0.47868722380208783562	      3.29288329728866235868	      0.67734302455206840676
      0.80300000000000038014	     -0.87692773299720272462	     12.33328780836856708447	     -5.95925199915292580499	     16.32866644902637176529	     -3.64016416920451035821	     -3.00641781496487681125	    -52.99678273333488220942	    -22.31495214335168597586	     -7.37718630948133125003	     37.20888770333902328957	    -12.85813393716745878237	     14.29797800922064610063	      5.33592188027240954540	      0.49712885930590644534	      3.06075760365367433025	      0.59061906829606103386
      0.80400000000000038103	     -1.04065098914779241568	     12.55829429532599306185	     -5.91915106229468790389	     16.76051234705907688749	     -3.43035247408460008955	     -3.56836120228614106509	    -52.68489940571478769016	    -22.24646453471354945464	     -7.31349236075211628361	     37.14100370954661656242	    -13.20662923775241992530	     13.68315193165700094369	      5.12982872910270337741	      0.50935437517621862114	      2.84190846473783009785	      0.50828759540695322983
      0.80500000000000038192	     -1.20187910141807208220	     12.76300500808883953141	     -5.87370530637079468761	     17.16613054925412029661	     -3.22902214867094983219	     -4.12051088291202916025	    -52.36579321419612398358	    -22.18906695564260189713	     -7.25379479140928484782	     37.05841780969664256418	    -13.57591247370539733197	     13.07263173333778105700	      4.91658491180748669080	      0.51506331342632272197	      2.63842290947600144335	      0.43167416578445694242
      0.80600000000000038280	     -1.36177456805124563743	     12.95097281690553359113	     -5.82381262784377895514	     17.55186461104284489920	     -3.03594530695259834374	     -4.66672205219707336710	    -52.03832081180577517898	    -22.13681334610304674015	     -7.19634031981900612607	     36.97441566299433901577	    -13.94378711953929794731	     12.46331971384507752987	      4.69380359165119109832	      0.51535968973450696495	      2.44210755448596161798	      0.35831644336995482902
      0.80700000000000038369	     -1.52234613759165426927	     13.12667687125107818247	     -5.76911088889465872853	     17.91817361431236577118	     -2.84949330027278335820	     -5.21180321154778880555	    -51.69739567609600072728	    -22.08429476041118277863	     -7.13960900106073204086	     36.90329924884848367128	    -14.28747268396920411249	     11.84951435982135592440	      4.45540463908391526360	      0.51146590842949812838	      2.24701801361203434837	      0.29003907072648882348
      0.80800000000000038458	     -1.68207848377136315321	     13.28751850996621897139	     -5.71016978687293885741	     18.26601454600952934015	     -2.67179715778154047712	     -5.74905755860197587026	    -51.34208530287415328530	    -22.03370691908084211263	     -7.08394884153954507156	     36.84447849322587131837	    -14.60876931358571262365	     11.23588935636161778575	      4.20517967364837375044	      0.50223444876685841010	      2.05565208730269510795	      0.22553012171123709706
      0.80900000000000038547	     -1.83430459365479237022	     13.42119610525548978330	     -5.64900537577007355594	     18.59815005978038016110	     -2.50960635743723514679	     -6.25597178341362791798	    -50.97929108492570549060	    -21.99835722074865529407	     -7.03234239939121152929	     36.77421064271161554871	    -14.94730285899051835941	     10.64239637612929278987	      3.96166219474627379071	      0.48393212941303387353	      1.88253670964183550396	      0.15986891399639713285
      0.81000000000000038636	     -1.98371666975425853252	     13.54231310737080207218	     -5.58097795682417086027	     18.90184248385612875154	     -2.34698222138560197436	     -6.74836622349953074718	    -50.60722939812350062994	    -21.97661083937303416747	     -6.98384734698714915169	     36.69216334125292888757	    -15.30541130165891061665	     10.05620673657259267486	      3.70841071181000625501	      0.46677234793289779091	      1.72876436643377706659	      0.12331190736327712898
      0.81100000000000038725	     -2.13411556651597322798	     13.66027570050309236649	     -5.50454360628906158581	     19.17511046693073240021	     -2.17720651613683457981	     -7.23824633712283116438	    -50.22171281621648830651	    -21.96143455771462171811	     -6.93649687119504143595	     36.61201906810104134138	    -15.66086774291589556185	      9.46656922883892804066	      3.43447393813685053487	      0.45532789608547785676	      1.58692514186314914681	      0.12461746609859769563
      0.81200000000000038813	     -2.25896215501519748159	     13.70008808525889776320	     -5.44581734957723995194	     19.49362503193718509920	     -2.08210242334835982092	     -7.63263923241808583953	    -49.83110712755044602318	    -21.96189367153591476267	     -6.89384363216538620378	     36.54260300131073790908	    -15.99056912655252205013	      8.94907612820021824973	      3.23389340122357538121	      0.40006959245285633742	      1.45193423675287203167	      0.00892914188231896944
      0.81300000000000038902	     -2.38619766735627081289	     13.74179128948111383579	     -5.37825165318044184914	     19.78154073663060330546	     -1.97703707511395521124	     -8.02494702558450967445	    -49.41903988561152516468	    -21.96576762524365022955	     -6.85088868422335472985	     36.48876782815575836594	    -16.29680801208661478086	      8.42450189465280274703	      3.00918791047135592009	      0.35274203114153968031	      1.32628497929935251776	     -0.06413454312839128590
      0.81400000000000038991	     -2.62710999981722181928	     14.10489605654265687917	     -5.19414863500766443849	     19.73128797109343679494	     -1.52063524256264770429	     -8.79343358860252521936	    -48.93300850796725853797	    -21.92707518619258877379	     -6.78963950461997090002	     36.44864347826523953700	    -16.62101199509415749844	      7.57732574165859151805	      2.36834810004962204033	      0.52154659921299639791	      1.22104871137567183581	      0.54714389379073580244
      0.81500000000000039080	     -2.88770648499152571276	     14.52549171596564292486	     -4.98214142251627833957	     19.60475084516616561814	     -0.98029088792135610220	     -9.61227697868991981522	    -48.42998828964560686927	    -21.89162754203395166996	     -6.72713710339707393615	     36.39949123628639426897	    -16.96570654747472417512	      6.69122165753023345758	      1.64944017390042940718	      0.74886607669485405481	      1.15189727649318562896	      1.34168548644573171202
      0.81600000000000039169	     -3.01035701298077640331	     14.55389009072209205442	     -4.89370893202821832801	     19.84272775605717242797	     -0.82105857489678157890	     -9.93932719517013651966	    -47.99714545058849779480	    -21.93215167907718310403	     -6.69036722375276937669	     36.32046645582705934885	    -17.30801534831026700090	      6.23199954664633892776	      1.41855600938050052662	      0.75708851001993204832	      1.13235380185040535039	      1.44866711805992087747
      0.81700000000000039257	     -3.07956274909294336339	     14.42988595744910185203	     -4.84954849351619543540	     20.20698109937303854622	     -0.80931300483484847064	    -10.06959163694089909313	    -47.57595630751799831160	    -22.00342350930488777294	     -6.66234502701216158016	     36.24489650188046141466	    -17.62495908695800395094	      5.93504331334272450249	      1.36681308053407946090	      0.68190314319966915946	      1.13094365618486847325	      1.29790794398813025268
      0.81800000000000039346	     -3.17418655598636689774	     14.37993615612700182282	     -4.77432085192639021898	     20.47248223615922313456	     -0.72037664959786695817	    -10.28293901731039738934	    -47.12058219978412410001	    -22.06548401457208896659	     -6.62838258740569052918	     36.18825809709402818726	    -17.91931311327396159072	      5.55361557847003872723	      1.20427749266458494759	      0.65431528248616199761	      1.12073127773354430659	      1.30251568297415909470
      0.81900000000000039435	     -3.26555394362780759820	     14.32320291085426333666	     -4.69457907169497445921	     20.71638406454130176826	     -0.63287338968940787254	    -10.49153471696796202650	    -46.66594751193823498170	    -22.13638040422683062047	     -6.59533489525561122946	     36.11614027540951354922	    -18.23315662611102538904	      5.17325159780024357303	      1.03447985220836979892	      0.62775879049594696113	      1.10997970505022358623	      1.31574488129113653656
      0.82000000000000039524	     -3.34595317234244760130	     14.23714003873990918692	     -4.61813685436631260472	     20.96211489808757733044	     -0.56952845060308732172	    -10.66936281029101962758	    -46.21984684824565903227	    -22.21951770389502911485	     -6.56468809407973985515	     36.02424902802565753746	    -18.56922025035703427420	      4.81927294159618657687	      0.88699826129365888505	      0.58901548653563784441	      1.10164412193927141459	      1.29579295431540009176
      0.82100000000000039613	     -3.42375126112465011374	     14.14535545570660701742	     -4.53796315729246657611	     21.18987575375595611149	     -0.50853132353030616741	    -10.83973321555068025646	    -45.76973236136393552442	    -22.30746787340311954040	     -6.53380932359296551226	     35.92864005058442700147	    -18.90461619561607520268	      4.46854941385077530924	      0.73282230180795604468	      0.55115745875575772317	      1.09317396997232751943	      1.28357713624640545902
      0.82200000000000039702	     -3.49856497984285397251	     14.04916207366991898198	     -4.45483979542041197419	     21.40220887663176085880	     -0.45162576790360731138	    -10.99413194564843365697	    -45.30529787684496056954	    -22.39819854037097357491	     -6.50128480589380330912	     35.84363783255197688504	    -19.21643237394133763019	      4.12389660935359447791	      0.57406477734505134691	      0.51328595361543882802	      1.08497957183968374295	      1.27607189655207786672
      0.82300000000000039790	     -3.56899797888655712086	     13.94528954856974678478	     -4.37029258338465353972	     21.60337495906716753780	     -0.40298569972361519831	    -11.12858226674346440177	    -44.82948161475416526400	    -22.49223021129849087174	     -6.46735879143026615168	     35.76636539970076000827	    -19.50743485963629808566	      3.79029749597227239022	      0.41645977186299809603	      0.47294413534616497330	      1.07769565510511533546	      1.26545978048674401251
      0.82400000000000039879	     -3.63561291413866172206	     13.83249801518687149837	     -4.28380406034314376029	     21.79118274000828137105	     -0.36081253548944403065	    -11.25896069138539701271	    -44.36423484263647765147	    -22.59176107491460783194	     -6.43433974221477811284	     35.66858189350753605140	    -19.81951753216889500209	      3.46520230177768118196	      0.25846639563544826501	      0.43101526268257694952	      1.07073185345282206882	      1.25454730022872551487
      0.82500000000000039968	     -3.69873709439787035080	     13.71112911849385795904	     -4.19541573648622545534	     21.96582243537022804958	     -0.32477715997792699909	    -11.38769245454031420195	    -43.91214250352438597247	    -22.69621242585948550641	     -6.40243932960089523476	     35.54824391539265349138	    -20.15515311347111548912	      3.14836555228897863046	      0.09968249034806309083	      0.38779851137704657305	      1.06397908114103101340	      1.24414179245426748111
      0.82600000000000040057	     -3.75848034998433888632	     13.58313691780497833861	     -4.10552797951146430933	     22.12882992201889464923	     -0.29556843465974225182	    -11.50811939279876128239	    -43.46299759900325909712	    -22.80332268993745614694	     -6.37038897968636952385	     35.42001737013739415261	    -20.49128969681864731456	      2.84123461971964585970	     -0.05934050821849723434	      0.34312051860779790857	      1.05773606318110280355	      1.23347434335128181004
      0.82700000000000040146	     -3.81503707007627212988	     13.45362615944986828254	     -4.01420468351605563839	     22.28009308164091351045	     -0.27310929865885213985	    -11.61327463352999700419	    -43.00532251014501383679	    -22.91113352142304293579	     -6.33651115891613603281	     35.29763356695026033094	    -20.80527730296879340699	      2.54482129207412866023	     -0.21856819843315555829	      0.29705346375039631823	      1.05239411281627948114	      1.22260764644344099850
      0.82800000000000040234	     -3.86856960073102129627	     13.32365089394417623225	     -3.92150678012750120160	     22.41951648513844475019	     -0.25733959515972060217	    -11.70468051477155313478	    -42.54114498492707951982	    -23.01945932632632008108	     -6.30096380113570653236	     35.17876624112792427468	    -21.09967913912067416504	      2.25923125894350595999	     -0.37788458505056965464	      0.24968463079599878540	      1.04796450530232343468	      1.21170082606265605563
      0.82900000000000040323	     -3.91910447892212232546	     13.18656448866150299182	     -3.82763793831888676777	     22.54775914209224652041	     -0.24854047111254828906	    -11.79667081039963250078	    -42.09328636878286999945	    -23.13075192173659289097	     -6.26689706125524992331	     35.03719172396229453170	    -21.41527664210013526258	      1.98335530167511597810	     -0.53681168349160035547	      0.20102071285649225629	      1.04382118200126994267	      1.20071949439346514765
      0.83000000000000040412	     -3.96670497581915526553	     13.04170901228167167574	     -3.73274157958363161924	     22.66521973564952929792	     -0.24685738064984263929	    -11.89040389420624421746	    -41.66355223315316891330	    -23.24496687345831702487	     -6.23470088133110067474	     34.87162777273626090846	    -21.75414815124689837944	      1.71725429582029187614	     -0.69510129835472778126	      0.15110517566335746054	      1.03988095313728434732	      1.18965830863256849526
      0.83100000000000040501	     -4.01149127380186598657	     12.89320396876092900129	     -3.63688159835803048736	     22.77183950930464106932	     -0.25229807921840574636	    -11.97861996835878528600	    -41.24015851386322140115	    -23.36040445286959865712	     -6.20287249249302785614	     34.69650306635418957057	    -22.09335901822779746340	      1.46179590907109524522	     -0.85266245952992925083	      0.10000500136078116498	      1.03647803105653135702	      1.17853603951479923850
      0.83200000000000040590	     -4.05364378284328097379	     12.74828976817900638707	     -3.53999829856159919927	     22.86662296327570231824	     -0.26472210992960754083	    -12.05396333716325329988	    -40.81096450091939686899	    -23.47535729265210946437	     -6.16962483835417074829	     34.52476862351009145868	    -22.41045000156444189088	      1.21803161872519050135	     -1.00936409227518897325	      0.04777152154641362003	      1.03414444227731827652	      1.16735408874354407160
      0.83300000000000040679	     -4.09322258606896127731	     12.60752413519676906617	     -3.44214818862134563915	     22.94942363010923713773	     -0.28417260633553098614	    -12.11736793576707782449	    -40.37739727755235463746	    -23.58994053017691072682	     -6.13524788087614858512	     34.35474241182565435793	    -22.70761632676037322653	      0.98599550212522535375	     -1.16494175153933898770	     -0.00554891693046455359	      1.03287217874565850906	      1.15611810449309793114
      0.83400000000000040767	     -4.13001764637097323885	     12.45968956447427444800	     -3.34362813470978892383	     23.02185270896970337162	     -0.31101726096652271281	    -12.18211107443731577860	    -39.96131589813089135532	    -23.70709873199956518874	     -6.10332116614306130487	     34.16327069797938520423	    -23.02438801070642071522	      0.76408691704217268637	     -1.31892294596640535786	     -0.05991321928402459918	      1.03172151460312333526	      1.14484598664403858237
      0.83500000000000040856	     -4.16397805531495635023	     12.30356200581803705063	     -3.24453989661671471367	     23.08420700748972365091	     -0.34524356130057753944	    -12.24861974108560502827	    -39.56367350905968294228	    -23.82708045179640166111	     -6.07420592268026471316	     33.94980275905265187930	    -23.36256897223210060588	      0.55217151693927046807	     -1.47104423074395640469	     -0.11526456339394641759	      1.03056467411785090960	      1.13354524606475992599
      0.83600000000000040945	     -4.19519559423554255773	     12.14531638952706771306	     -3.14481591826724127259	     23.13560111518019368759	     -0.38661740256705456886	    -12.30917741171174384363	    -39.17196089098190725508	    -23.94836658318311251037	     -6.04614313564003680312	     33.72799433652711087461	    -23.69951218939134918173	      0.35111501764757413468	     -1.62117719467853582671	     -0.17154027233913238248	      1.02987041279132274241	      1.12221674118555547750
      0.83700000000000041034	     -4.22382593032642716935	     11.99427104374396435560	     -3.04425379751241109716	     23.17407382873581411786	     -0.43497959321905454999	    -12.35599973244745797274	    -38.77326675310301595800	    -24.06950148859456817263	     -6.01731242131589016964	     33.51021257250510387848	    -24.01274022508206229531	      0.16195164364291025905	     -1.76915275237072844305	     -0.22868949311793951296	      1.03030695119181725516	      1.11086038874422809997
      0.83800000000000041123	     -4.24983718721877323787	     11.85048225939698340881	     -2.94288145320324190379	     23.19943530976583190295	     -0.49026199177366436288	    -12.38945636299267505365	    -38.36835353997322073383	    -24.19079538447104127386	     -5.98800510381157735651	     33.29544301564519770409	    -24.30414545459994712928	     -0.01546076412475283490	     -1.91470543439997697988	     -0.28665401279327484829	      1.03182938372409216399	      1.09948265023228630710
      0.83900000000000041211	     -4.27281986109987599320	     11.69823193659709659187	     -2.84114975835035465934	     23.21474611016616051984	     -0.55248053738503699606	    -12.42200169344067717248	    -37.97855447654288241210	    -24.31525090091615126653	     -5.96174994948934777739	     33.06302913617891192644	    -24.61265700319541593899	     -0.18312351472764554217	     -2.05742214158561864679	     -0.34536095139801048504	      1.03319717282314149642	      1.08809904048767780438
      0.84000000000000041300	     -4.29268751702797146663	     11.53592837282994310044	     -2.73916190893608302304	     23.22046126463736470669	     -0.62139555385221001416	    -12.45381781427357736902	    -37.60454396898673934402	    -24.44309402119293395117	     -5.93876787894306268356	     32.81269405049863507884	    -24.94008881980163039316	     -0.34128526375049039743	     -2.19707461446787544190	     -0.40473871175700226743	      1.03425882810106450904	      1.07671548311064624315
      0.84100000000000041389	     -4.30957507604342993091	     11.37197087650278604087	     -2.63674257347443585786	     23.21495461331718956899	     -0.69665853450896975119	    -12.47718361128433173235	    -37.23353920539354788843	    -24.57279740907038956266	     -5.91714537979729549022	     32.55710462516845637992	    -25.26406163176553221206	     -0.48904260302657931447	     -2.33354416420574750646	     -0.46472123828013023328	      1.03563297570560264305	      1.06533149716103725524
      0.84200000000000041478	     -4.32356466695006247392	     11.21752228750492008658	     -2.53355070714137298182	     23.19535543769964647254	     -0.77808585475462166414	    -12.48366375507499981268	    -36.85163278801826436393	    -24.70311276179648629636	     -5.89503413506667861554	     32.30835579813374636160	    -25.56186192229495901529	     -0.62542997533526767384	     -2.46664596165451222021	     -0.52525790951574169441	      1.03810980918158657360	      1.05394381829975181120
      0.84300000000000041567	     -4.33459155750058755530	     11.07224155634273188298	     -2.42962145505970283921	     23.16164854687967533664	     -0.86543251363613649119	    -12.47344173465002370449	    -36.45936989324533783474	    -24.83429826843148902071	     -5.87263396528143744035	     32.06575520040574645009	    -25.83532304025026959948	     -0.75071381763098798956	     -2.59616259586386011193	     -0.58627595364154627688	      1.04161844587487006919	      1.04255764464162847815
      0.84400000000000041656	     -4.34232170820502005881	     10.91670487621260576816	     -2.32565207541546214998	     23.11881435564708908714	     -0.95827485650524124594	    -12.45973224004632129436	    -36.07931858271995650966	    -24.96880422055545167836	     -5.85323249423939095948	     31.80957469062411036020	    -26.12379517073646439940	     -0.86704962530175233582	     -2.72183790613058640417	     -0.64766402843664527822	      1.04467892054166400229	      1.03119100091920712359
      0.84500000000000041744	     -4.34674015760603538183	     10.74923036032663503647	     -2.22178030548194271887	     23.06757905245089546042	     -1.05624612545881291226	    -12.44312494629267007440	    -35.71257379715417101806	    -25.10664940597804317690	     -5.83696217130801286999	     31.53927431861723817974	    -26.42938033697146238410	     -0.97470791809962653574	     -2.84351229765491542167	     -0.70933586224882771987	      1.04713959330547945470	      1.01985014352269365290
      0.84600000000000041833	     -4.34801569815540744912	     10.58032641740524582019	     -2.11772322400540247145	     23.00551810148968456815	     -1.15905154210290106676	    -12.41589749135221154575	    -35.34605781176269090338	    -25.24635292407486630850	     -5.82191430899878792360	     31.26669884230558338345	    -26.72977520158317332744	     -1.07276306165372536938	     -2.96107466070201219566	     -0.77122656412029755302	      1.04976342116572807228	      1.00853297252099238790
      0.84700000000000041922	     -4.34612782373164918681	     10.42270379611537123310	     -2.01302173434406483921	     22.92900907673939059350	     -1.26648052434219948736	    -12.36885788829741272821	    -34.96478714687388844595	    -25.38678833906276111065	     -5.80621353155408304048	     31.00391526132236919011	    -27.00189862324844369823	     -1.16035836107059031619	     -3.07434369807897400761	     -0.83328694110411660745	      1.05344246558021215066	      0.99723277747912897340
      0.84800000000000042011	     -4.34106990053928143425	     10.27580446485521292743	     -1.90775017489343667876	     22.83834351909435156358	     -1.37819145055489400420	    -12.30255556863937727030	    -34.56969391354177645326	    -25.52801279304397397141	     -5.79000133962983554170	     30.75010451298854263769	    -27.24778540629747425328	     -1.23780238717488000333	     -3.18317155499101556160	     -0.89543184032098155356	      1.05809536849067464814	      0.98595494779096792826
      0.84900000000000042100	     -4.33286219634129565748	     10.11748036384835813806	     -1.80289123830935693604	     22.74041425497576085490	     -1.49359788107373958610	    -12.23254418328966153240	    -34.18622548040751496501	    -25.67174408806587138088	     -5.77647383600621289190	     30.48495322290667530751	    -27.50801758234210225851	     -1.30713236019940337584	     -3.28747433510061526363	     -0.95751665384411488446	      1.06207796068203963458	      0.97472405116770799438
      0.85000000000000042188	     -4.32160949244767778055	      9.94610958991225402315	     -1.69861927150985536628	     22.63616904450293532136	     -1.61233751842198103077	    -12.16010257976213893016	    -33.81617656807950567099	    -25.81782317730272424683	     -5.76576565792479289740	     30.20743351910469698396	    -27.78506558305575779855	     -1.36858727535118518404	     -3.38715269811169505942	     -1.01944707001963008608	      1.06525045018907027483	      0.96354745310726075402
      0.85100000000000042277	     -4.30744738998076570624	      9.77395611601167502158	     -1.59453481618653825080	     22.52235989948233907398	     -1.73422655279176751719	    -12.07715855772492830056	    -33.44580387585639158488	    -25.96493381272286882222	     -5.75603853692350231341	     29.92901827698961625401	    -28.05642253652368367511	     -1.42128274061477100076	     -3.48208782094632240955	     -1.08116540464541222022	      1.06849446188717056572	      0.95242057545980030042
      0.85200000000000042366	     -4.29031202171988468308	      9.61506914625911690564	     -1.49009860009897465716	     22.39476256945592069769	     -1.85917999330857242057	    -11.97419894990392208456	    -33.05954764051868011165	    -26.11203029143585041538	     -5.74552335186038209969	     29.66160578395926705753	    -28.29875890875170796335	     -1.46444235098840414011	     -3.57211331128886033781	     -1.14262590839052657898	      1.07279182217725477244	      0.94133431562595237807
      0.85300000000000042455	     -4.27033047905183593684	      9.46881840201493218956	     -1.38543234618376231992	     22.25392135693687123421	     -1.98694614993300433525	    -11.85259939935843931380	    -32.65920307878671735580	    -26.25902135120896474518	     -5.73444689002887741935	     29.40389631533776437777	    -28.51449951274808114476	     -1.49834371770731777929	     -3.65714073498109026872	     -1.20373722100014513003	      1.07806305827693460486	      0.93029541236696600137
      0.85400000000000042544	     -4.24792167323440139626	      9.31095452855763028310	     -1.28174551627213872962	     22.10819685173923687671	     -2.11696902323716074079	    -11.73040443591068537899	    -32.27315355685882281023	    -26.40715927099770254927	     -5.72604067218008871976	     29.13457655843111382410	    -28.74557246898125129064	     -1.52480791490200440208	     -3.73720433306623522896	     -1.26433543113831925453	      1.08254352522015873106	      0.91933548526809127921
      0.85500000000000042633	     -4.22328814051451217892	      9.13990067102585612702	     -1.17922303602099987074	     21.95858860770218257130	     -2.24898725765658014097	    -11.60945015860488638282	    -31.90372658331631683382	    -26.55628131331588903663	     -5.72052232521017600675	     28.85222363792584587827	    -28.99473840298478677369	     -1.54404438956877720912	     -3.81223765783236245852	     -1.32432589526475519293	      1.08610378249954786511	      0.90846271624916985488
      0.85600000000000042721	     -4.19650190890779128949	      8.96928910498650111549	     -1.07735658946768353417	     21.80107744302820549365	     -2.38299569234037278420	    -11.48120921062800903201	    -31.53643252781816030961	    -26.70531061291920948975	     -5.71620082520850658625	     28.56820345077629852426	    -29.23918814053818593379	     -1.55525016025886975157	     -3.88210995184501417299	     -1.38366102292499792981	      1.08971660382035651082	      0.89766973470387645406
      0.85700000000000042810	     -4.16754230963712757330	      8.81425419642988572377	     -0.97557689543661751941	     21.63103884052547698502	     -2.51921532699046224479	    -11.33645881129724841685	    -31.15584087329725804238	    -26.85322222919188561718	     -5.71157601766096867379	     28.29398218757234317877	    -29.45558873536910837743	     -1.55768391805892747470	     -3.94668467342180750990	     -1.44229900576695602155	      1.09443745097961286916	      0.88694649667417913008
      0.85800000000000042899	     -4.13665871099190951554	      8.67404471939491372723	     -0.87403779404455406166	     21.44917131922967712399	     -2.65755761535015722075	    -11.17733528853945301762	    -30.76453122205274937073	    -26.99989898286032641295	     -5.70701886508838640566	     28.02781712630634203265	    -29.64674547462130504982	     -1.55158783656569321252	     -4.00591389768099048752	     -1.50014828573491465491	      1.10018435482718279772	      0.87630093559049049290
      0.85900000000000042988	     -4.10445792436047440788	      8.52252486355229166293	     -0.77404074138978273822	     21.26468000525505885889	     -2.79734981310815555844	    -11.02297575991467226686	    -30.39222343415380933607	    -27.14658269908889565158	     -5.70565243455409820683	     27.74811123689296010753	    -29.85539169180459850850	     -1.53866173379301196533	     -4.05987312142774836587	     -1.55704050267704285915	      1.10508196899979926897	      0.86576841465690890232
      0.86000000000000043077	     -4.07115953474927039224	      8.35803443450842564744	     -0.67575149115641863773	     21.07852113828768381154	     -2.93837523867566119407	    -10.87528035476483978528	    -30.04125107777579728463	    -27.29320936519712503809	     -5.70772491609573506821	     27.45338895070057461112	    -30.08437699951055321890	     -1.51913321010773705311	     -4.10851492660866401962	     -1.61288526633688311662	      1.10899993889481685017	      0.85535674477059675525
      0.86100000000000043165	     -4.03679289680600561496	      8.19522387573499599966	     -0.57859504996804389521	     20.88615164375480048875	     -3.08083806755124101073	    -10.72547431083079061409	    -29.69667619430884641929	    -27.43882679170881289110	     -5.71172709285951984981	     27.15491815015100840469	    -30.31068850298245109798	     -1.49228411425307294635	     -4.15172177866829361648	     -1.66764360504944031405	      1.11297730556449980810	      0.84505620566363015556
      0.86200000000000043254	     -4.00145854714699567012	      8.04995107412378274603	     -0.48202333896524862666	     20.68278524838436283062	     -3.22537373329595311588	    -10.56522089980983025725	    -29.34393543898156053729	    -27.58236294511788955219	     -5.71654032196919903441	     26.86343028390093579105	    -30.51136748259369824154	     -1.45737076372061125085	     -4.18940593522949544791	     -1.72127746923347313412	      1.11811905112408904728	      0.83485716009350507960
      0.86300000000000043343	     -3.96544969161267601976	      7.92117482838926889599	     -0.38619972537603075580	     20.46923439386011978058	     -3.37194270863794542947	    -10.39694746888274323737	    -28.98592321061339660559	    -27.72372877527677914600	     -5.72258136021510654956	     26.57703396335757872748	    -30.68947608711620844701	     -1.41464721447911445651	     -4.22155278613349782546	     -1.77369943071559177383	      1.12432641680652034566	      0.82476752542841591520
      0.86400000000000043432	     -3.92922264472193205620	      7.78101965380096771696	     -0.29237632149975922857	     20.25507904968145567182	     -3.51926544703491117616	    -10.23865105408025044653	    -28.65123099579474086340	    -27.86437789518700824942	     -5.73240741906921869031	     26.27516216293584960795	    -30.88756349057314309903	     -1.36588410719910013924	     -4.24823614648328629073	     -1.82474691074909767252	      1.12961547141113838322	      0.81482100822251046779
      0.86500000000000043521	     -3.89291467399171153829	      7.62761463565382769048	     -0.20068152359385749151	     20.04125214033565782756	     -3.66697310882780413976	    -10.09168178540099347629	    -28.34158435572069478781	    -28.00429815247706955006	     -5.74611897475161281790	     25.95668178795983394025	    -31.10833641931706239347	     -1.31138937110725217750	     -4.26943618827684279182	     -1.87433629997372230847	      1.13384344213106613708	      0.80502348739500684260
      0.86600000000000043610	     -3.85656855790492159031	      7.47629009875470273983	     -0.11053628371438151134	     19.82302987383411618794	     -3.81548194183739042273	     -9.94746443894693754828	    -28.04220241558231663248	    -28.14245143616385291807	     -5.76240304900035305025	     25.63254619053245875193	    -31.32887711773391004044	     -1.25050541924811575711	     -4.28508735685748654021	     -1.92243540232338583351	      1.13809248609001434360	      0.79536386228035160784
      0.86700000000000043698	     -3.82046643276038366821	      7.34317319635476906114	     -0.02147497845959378537	     19.59581328894846308231	     -3.96585688595799013001	     -9.79906340512110318741	    -27.74009533622935208541	    -28.27754645363669183666	     -5.78056008168950086201	     25.31245225711727897533	    -31.52706112449194009173	     -1.18245841118915784307	     -4.29517926470304178821	     -1.96900953690857249967	      1.14348614702856066216	      0.78583404140791790482
      0.86800000000000043787	     -3.78485314473553557946	      7.22678637244572996678	      0.06634007679679143621	     19.36060458794096916790	     -4.11789718669291460174	     -9.64863411171050699977	    -27.43792962725060036178	    -28.40942347661981060014	     -5.80086079631719719885	     24.99469595580998770856	    -31.70603955379268512615	     -1.10756716249572617627	     -4.29974361180067710109	     -2.01397797976867742875	      1.14989670067914273588	      0.77644052732457335964
      0.86900000000000043876	     -3.74971509400229763287	      7.09791700773351408316	      0.15182830342315867256	     19.12699578013570089752	     -4.26916452851482119968	     -9.51085115384603341226	    -27.16073898480861714688	    -28.53975661906314087446	     -5.82475233097352607103	     24.66103990861836336990	    -31.90701104291041545480	     -1.02784654192965563269	     -4.29884507985360819760	     -2.05719036125375787094	      1.15525357838776043806	      0.76721015184398888564
      0.87000000000000043965	     -3.71505585045309771886	      6.95449999060633672343	      0.23490708429307005645	     18.89592204878195502715	     -4.41899998269497018555	     -9.38618501354045520202	    -26.90932625146280798845	    -28.66849661220067702061	     -5.85205074127092039760	     24.31088000940260229754	    -32.13237970214966310323	     -0.94370424948524433972	     -4.29250680421193742120	     -2.09857193064250102665	      1.15940291794460748065	      0.75814608823970841556
      0.87100000000000044054	     -3.68102301700498912851	      6.81222938720057413775	      0.31609159006353593213	     18.66282453842816835277	     -4.56808901967546887590	     -9.26694219910100969173	    -26.66993734187340692188	    -28.79431761551936119758	     -5.88170138878568771190	     23.95444089898097672631	    -32.35977965542108591990	     -0.85448530101530639769	     -4.28075053151240059179	     -2.13809646877057835113	      1.16345023640008760069	      0.74923751603128696530
      0.87200000000000044142	     -3.64806766618106337319	      6.68690666268892641710	      0.39569401678225801788	     18.42385465740234451459	     -4.71770718847248815564	     -9.14764993964413974936	    -26.43141939636176473982	    -28.91533967696029350236	     -5.91323979447950787147	     23.60035607155227665999	    -32.56828083921031691261	     -0.75940988502636308510	     -4.26369681001794731401	     -2.17573147158651725164	      1.16849357771076078905	      0.74047799414138637530
      0.87300000000000044231	     -3.61631645862306072559	      6.57660044248441977288	      0.47355581605999930161	     18.18030034833871866340	     -4.86729966354550924734	     -9.02974201956145350323	    -26.19577536952616370058	    -29.03117794077234492534	     -5.94659923513417609797	     23.24736222289546105912	    -32.76093579116174936416	     -0.65889153100676667307	     -4.24144590496107198874	     -2.21140533935897387607	      1.17437447295554164839	      0.73187160114558391655
      0.87400000000000044320	     -3.58518199172125662244	      6.45177884865637452094	      0.54888532901439646139	     17.94104067452678918926	     -5.01324676432201954412	     -8.92366432668657694194	    -25.98330187621484910210	    -29.14398251503143200125	     -5.98203253767702847199	     22.88003182242790245482	    -32.97663568130870004325	     -0.55518968551190317484	     -4.21401889377497340661	     -2.24498758982202284429	      1.17901024794069275714	      0.72343633856885025679
      0.87500000000000044409	     -3.55456377915538723755	      6.31041429205853887652	      0.62164834643007793602	     17.70691608992591170590	     -5.15468153980995680286	     -8.82916498878013555895	    -25.79404210434546129704	    -29.25366956261772344305	     -6.01912912249776788087	     22.49815756752833095788	    -33.21742927958825930546	     -0.44876548850178998862	     -4.18148520452439331763	     -2.27641533784146421482	      1.18225479984640502451	      0.71517316152077681224
      0.87600000000000044498	     -3.52478734211122457509	      6.16820058916428592966	      0.69222573741490123211	     17.47392452609747692804	     -5.29258490853240459728	     -8.74000356117794297006	    -25.61602079269751186530	    -29.35839480588722238963	     -6.05712597369270078218	     22.11088317316682960723	    -33.46195705487799898492	     -0.33892087259739245297	     -4.14398894683485341517	     -2.30566843691255574100	      1.18521177667383348364	      0.70707297061188834064
      0.87700000000000044587	     -3.49640760517705473376	      6.03998629776768325428	      0.76071689217339155675	     17.23960217801325711662	     -5.42804279537058675942	     -8.65186924631812814823	    -25.43978902824539645167	    -29.45523900933697447613	     -6.09542747511965288254	     21.72597955563800908863	    -33.69069736375615775614	     -0.22492919457232085634	     -4.10183951066105390026	     -2.33271673370637477873	      1.18890501702904050063	      0.69913030317826363458
      0.87800000000000044675	     -3.46943105228282888675	      5.92356745318531352495	      0.82697900424989256862	     17.00543498750458581981	     -5.56015761394097296488	     -8.56542267446786809160	    -25.26660533418539955619	    -29.54359956714167623204	     -6.13361503142499930874	     21.34264200838245173486	    -33.90646016185709044066	     -0.10727310185859595393	     -4.05520120394144978349	     -2.35750195126928074885	      1.19315974008408209883	      0.69134688442281655441
      0.87900000000000044764	     -3.44285370720777450515	      5.79064227289865129933	      0.89062404713577336679	     16.77829765290519503651	     -5.68495088145981242178	     -8.48760776027036456526	    -25.11243456796665896036	    -29.62690297257273286391	     -6.17144391564489147584	     20.94774600601067149341	    -34.14524938724925107181	      0.01174121236402481117	     -4.00394079444592598804	     -2.37992315549286903575	      1.19600143039397810441	      0.68373395481420295994
      0.88000000000000044853	     -3.41653840927556018414	      5.63950200710252147474	      0.95167666141624351894	     16.55868446541828120644	     -5.80160934841430275810	     -8.41785099084692944871	    -24.97691424007096827609	    -29.70522837645008706886	     -6.20850078862329457507	     20.54124980093498109568	    -34.40873245496560883794	      0.13167126078634794339	     -3.94813960867708146907	     -2.39993350481996214896	      1.19731372094946664220	      0.67629136352014285194
      0.88100000000000044942	     -3.39098158135431049232	      5.48531301060211262666	      1.01032952652539620431	     16.34359506625139601965	     -5.91125455984764869299	     -8.35143139716954863161	    -24.85003365086775417581	    -29.77597968353740043312	     -6.24417587847560007219	     20.13122986048416862559	    -34.67683280228851572247	      0.25324129564782138502	     -3.88808447718538285898	     -2.41752009619474739210	      1.19815709218458188445	      0.66901199211938378042
      0.88200000000000045031	     -3.36679516556820601636	      5.34154925214104991937	      1.06642445463705826114	     16.13244916499812120492	     -6.01447775083831004395	     -8.28495170440157835401	    -24.72387634316766025222	    -29.83484360619084085897	     -6.27744342503473440331	     19.72477671182850755827	    -34.93153593369484610776	      0.37708822625310833843	     -3.82430447888180147231	     -2.43265762817737041246	      1.19944563181224594928	      0.66189092222166401314
      0.88300000000000045119	     -3.34392969385973515273	      5.20607905034216855711	      1.11985648100309731490	     15.92660177806952503943	     -6.11032230979071755428	     -8.21865512632331274290	    -24.59922637769920328310	    -29.88125752156687298111	     -6.30777166039213632587	     19.32134314544253683721	    -35.17531979020590426899	      0.50273537696784442730	     -3.75698213847781570252	     -2.44530608954485195738	      1.20101462517074875080	      0.65492859474425291211
      0.88400000000000045208	     -3.32121635711537521729	      5.05331006794341419663	      1.17075895932472917593	     15.72932274607303781977	     -6.19568925939250902957	     -8.15740145654599757563	    -24.48882130728576811407	    -29.92115607967882340290	     -6.33554119933640258466	     18.90925340573926760612	    -35.44100270621385107006	      0.62807954944384958296	     -3.68566512752201980163	     -2.45540120708286346840	      1.20111462031774474113	      0.64813303989897930180
      0.88500000000000045297	     -3.29855509024221760228	      4.88208485405039027683	      1.21923288307785071538	     15.54043248576167002284	     -6.27013409258807996594	     -8.10076359775027299293	    -24.39230843193711706363	    -29.95509592952123512077	     -6.36062444886125177845	     18.48837039313590935308	    -35.72991699155970479751	      0.75276472713514674950	     -3.61039749414446831111	     -2.46291447633883997526	      1.19967542049033148999	      0.64150415377559610874
      0.88600000000000045386	     -3.27657496014057869615	      4.70655222714918863858	      1.26524653048087998286	     15.35835019940499535096	     -6.33466687245764603631	     -8.04537424042057125462	    -24.30156126215810985514	    -29.97949233376149180685	     -6.38233299152625122019	     18.06584605663099551975	    -36.02345185304199759457	      0.87750202282379508034	     -3.53162843193934872232	     -2.46784085699629507360	      1.19767291288153110429	      0.63503647422077369455
      0.88700000000000045475	     -3.25592671811212142075	      4.53865800384380690957	      1.30838371356333027506	     15.18450815166823986146	     -6.38926342241622080564	     -7.98857886841899755836	    -24.20999922106624779872	    -29.98856238476390601022	     -6.39907434652582374213	     17.64828911245481890546	    -36.30496202139850225876	      1.00283803961567219432	     -3.45010148172122388388	     -2.47016373669166622307	      1.19589732849154639638	      0.62872550601724697117
      0.88800000000000045564	     -3.23658002226629548659	      4.37666574483361614512	      1.34861324209677491126	     15.01966248028087136390	     -6.43328523727825540846	     -7.93064034335786516294	    -24.11827395905200432935	    -29.98219876572953879190	     -6.41054779261717122552	     17.23519190557173530465	    -36.57652668786852956373	      1.12837798166895986185	     -3.36595561445780511178	     -2.46986383231986295073	      1.19421809672733969521	      0.62257156767496768524
      0.88900000000000045652	     -3.21740697762028560192	      4.19859161715746154186	      1.38666202091897616810	     14.86224960349976242924	     -6.46558079416178088650	     -7.87568012372524606235	    -24.03708801409347728395	    -29.96991787321301359270	     -6.41878561645432554883	     16.81547307400598256777	    -36.86794634944578774594	      1.25239222520802107042	     -3.27828533851235448537	     -2.46691200667582544170	      1.19117920963484058561	      0.61658236473294270041
      0.89000000000000045741	     -3.19838244271133476104	      4.00388076201443254831	      1.42271240914531915678	     14.71123970673427550082	     -6.48628024158139737665	     -7.82369903557852808262	    -23.96635850308388526742	    -29.95296303658721015495	     -6.42414956991490537774	     16.38875874147213096421	    -37.18030766445345136617	      1.37463811331233198842	     -3.18706640790378248340	     -2.46129656471919533445	      1.18675642441274931116	      0.61075838609445654015
      0.89100000000000045830	     -3.18021352687593150677	      3.80529408725240614331	      1.45649375063936759034	     14.56677211687741646529	     -6.49603599014942290069	     -7.77234364319976123170	    -23.89952633968699302613	    -29.92657185902338667916	     -6.42563829573790101790	     15.96156509397712497389	    -37.49642810827383954120	      1.49577021298146206618	     -3.09292559579366077571	     -2.45302053074510917341	      1.18180833058550982528	      0.60509514900967120710
      0.89200000000000045919	     -3.16359076839124497837	      3.61333004263084944796	      1.48739553861537388002	     14.43188402163309547177	     -6.49434445119997860729	     -7.71959822724545574602	    -23.83111666965235286852	    -29.88387231108562502868	     -6.42120466566797887253	     15.54022941245552047462	    -37.80069370136978079699	      1.61627631928994430766	     -2.99676147589746921795	     -2.44208028132943955057	      1.17700927881696504329	      0.59958872507455129863
      0.89300000000000046008	     -3.14853530004451442892	      3.42678603024435801672	      1.51549478666662196247	     14.30635211008429052981	     -6.48114620427377019496	     -7.66596272434938441620	    -23.76180829263314819855	    -29.82558469738940587490	     -6.41103585568570899511	     15.12419508787787947313	    -38.09476300989149422094	      1.73587552763659891397	     -2.89862055300209586761	     -2.42847565601058690277	      1.17227203957072090290	      0.59423980422710354077
      0.89400000000000046096	     -3.13401076262111644155	      3.22730237565880884176	      1.54206574901033377500	     14.18376690150790864209	     -6.45750970752578723477	     -7.61538927230141382552	    -23.70094627994732050524	    -29.76490453477556030748	     -6.39913001613261478440	     14.70249329952751971007	    -38.40599291171684370738	      1.85320778579192158020	     -2.79714580101693144343	     -2.41220093536766988507	      1.16642563168387614070	      0.58905631046708428755
      0.89500000000000046185	     -3.12003441326717734228	      3.01473704536650188857	      1.56735579235790112307	     14.06240498302935293395	     -6.42403904772021405734	     -7.56817337780256593760	    -23.64863320074928054737	    -29.70367922052261633326	     -6.38625935469424632629	     14.27458952099247468936	    -38.73533298228620935788	      1.96810794928108379054	     -2.69225422611834019904	     -2.39325701435111337645	      1.15947293112292904027	      0.58403885128658350467
      0.89600000000000046274	     -3.10733282575559144334	      2.80028096967896544811	      1.59088310080404937707	     13.94413219750383348128	     -6.38085840466862919129	     -7.52254221587693905349	    -23.59941301759335274824	    -29.63599386218862719033	     -6.37093767381734465971	     13.84672147720955592831	    -39.06678726680894442325	      2.08114917696412549120	     -2.58473516190207419641	     -2.37165647277577384955	      1.15214340555428451651	      0.57918326971706513007
      0.89700000000000046363	     -3.09666875231128813084	      2.59327760136162055460	      1.61195175561451264912	     13.83271468570016793365	     -6.32741107538133462640	     -7.47718809046958199360	    -23.54880611503244836058	    -29.55468053994334454160	     -6.35105559665214425280	     13.42508038287451022086	    -39.38532771115779951288	      2.19283822890892210467	     -2.47552852918380139613	     -2.34741219394810629595	      1.14502836305491184632	      0.57448697406323745440
      0.89800000000000046452	     -3.08810003015965151008	      2.39299324460748152887	      1.63074927491740595542	     13.72690710755793475073	     -6.26424345350612554739	     -7.43281022977976135735	    -23.49750624744428861845	    -29.46136854135978921931	     -6.32732909334918769417	     13.00907691175678948525	    -39.69225656711365957108	      2.30299677171829086930	     -2.36457588052976230841	     -2.32053848579767407756	      1.13807851500282719570	      0.56995089796713083174
      0.89900000000000046541	     -3.08055212395647970425	      2.18386185957564293858	      1.64890215133945616799	     13.61706701127380370053	     -6.19380273011751114609	     -7.39274762835401588745	    -23.45345463087751269882	    -29.37159482363735918398	     -6.30498044374329147388	     12.58782311402289977309	    -40.01340393705214637521	      2.41044218892207950944	     -2.25025270230860829912	     -2.29103692914772727462	      1.13032394844008177159	      0.56558102830011058870
      0.90000000000000046629	     -3.07401443076919633768	      1.96583335665809499915	      1.66667569572013007928	     13.50127359448366348715	     -6.11683202768250566805	     -7.35722642423704087378	    -23.41668088945287706792	    -29.28740323593521566181	     -6.28488331969978553104	     12.16079382526205066029	    -40.34972358983952744893	      2.51501891717058612130	     -2.13246754004621230649	     -2.25891679427280278603	      1.12176595890918218146	      0.56137712375277093457
      0.90100000000000046718	     -3.06921534224623826503	      1.74861890720055157544	      1.68344441232952135579	     13.38269144738811178286	     -6.03304563432715212912	     -7.32483908016389761997	    -23.38250782742581179718	    -29.20210525326476513897	     -6.26516305959654573599	     11.73419626349785360730	    -40.68603069614151479527	      2.61724724405945075034	     -2.01211277290771484161	     -2.22420271429852878242	      1.11302014638422486215	      0.55733539423953315506
      0.90200000000000046807	     -3.06700927610405926771	      1.54073698246583035143	      1.69855754777191236826	     13.26472455397211547279	     -5.94236505024151995258	     -7.29502629948223102474	    -23.34729257884792374966	    -29.10923033757293154622	     -6.24415822983321877615	     11.31419803287747605225	    -41.00743812949038158422	      2.71772750700831622339	     -1.89003420064330907024	     -2.18692476804438484805	      1.10463365278208325293	      0.55345521654178719828
      0.90300000000000046896	     -3.06742837449608884981	      1.34167774448448540170	      1.71227789093254045838	     13.14546824432503058233	     -5.84568800500784391261	     -7.26838594003628202245	    -23.31153291958499806924	    -29.01102103626251960122	     -6.22288652672536812815	     10.90029560580876299980	    -41.31503698412344505186	      2.81632520298433774997	     -1.76610700713928370220	     -2.14710615520493641739	      1.09657335366016850386	      0.54973692028965626122
      0.90400000000000046985	     -3.06915655923461372367	      1.13743637659652563343	      1.72627110906329050977	     13.01489926436038047086	     -5.74522334813273971577	     -7.24670720335549845004	    -23.28139303609610877288	    -28.92284224497288036559	     -6.20627443886816454466	     10.48184987926981115436	    -41.63419996640060816162	      2.91175744952522075337	     -1.63877199657405103750	     -2.10474402214856359805	      1.08794652572665739854	      0.54618125855144805669
      0.90500000000000047073	     -3.07210258101595456992	      0.92778875699249852005	      1.74075462001528080691	     12.87154852344994537816	     -5.64146378427741979067	     -7.22986792947700962486	    -23.25667180556179047812	    -28.84634826045291333685	     -6.19491879341841311657	     10.05842355579035185542	    -41.96606748282667354033	      3.00382533401785112304	     -1.50800042160237346422	     -2.05985449209712401242	      1.07872846562082624899	      0.54278647287474557359
      0.90600000000000047162	     -3.07702079653857651920	      0.72128876521017559753	      1.75505892536905605539	     12.71905775543562810981	     -5.53410887952230723386	     -7.21687634099029651225	    -23.23335431525226368876	    -28.77479442111688001660	     -6.18691949827180387445	      9.63627523220520387781	    -42.29586218964105626128	      3.09307124296157587295	     -1.37468563357674433689	     -2.01247680689247143704	      1.06945834799739847298	      0.53954984800749228313
      0.90700000000000047251	     -3.08479715837354717678	      0.52577565866477016243	      1.76869926866910986973	     12.55952997463496956243	     -5.42388182409825958530	     -7.20753870245215466639	    -23.20807906401819309394	    -28.70328249470887982397	     -6.18139680257003831798	      9.22189760314306994360	    -42.60838588406225824201	      3.18019390481175667773	     -1.23946980026823361243	     -1.96265613591416476780	      1.06066278135205083188	      0.53647214218502936589
      0.90800000000000047340	     -3.09536171548138838716	      0.34066592491612368576	      1.78194967419821637122	     12.39105072017819964003	     -5.31159147855305491248	     -7.20195154654621205736	    -23.18087255514148381508	    -28.63408288568536264052	     -6.17925496876156010728	      8.81501380767696396390	    -42.90469587999392331312	      3.26502745572799790708	     -1.10223882324138600097	     -1.91042154445306699984	      1.05229725867993506583	      0.53355202040098470562
      0.90900000000000047429	     -3.10709201378617194678	      0.15261511503317137795	      1.79616290546148604790	     12.20631330723117002890	     -5.19765557301424507841	     -7.20011119918946462803	    -23.15645298877754143518	    -28.57953385470841567439	     -6.18359796113789883520	      8.40494609722233221305	    -43.21085511600960415990	      3.34602681968600990103	     -0.96185791669314291141	     -1.85576571931966860518	      1.04344765460528954293	      0.53078385605277444981
      0.91000000000000047518	     -3.11980632076202368808	     -0.03888701733288257856	      1.81145192948783062548	     12.00481569512501778263	     -5.08203950135587945169	     -7.20148354975640359044	    -23.13441540114975580877	    -28.54040090229772630437	     -6.19446544300195078847	      7.99131032802546936722	    -43.52832260940411401862	      3.42293762891661135228	     -0.81841915188307634565	     -1.79871430541221899446	      1.03405267752305629614	      0.52816439862770625524
      0.91100000000000047606	     -3.13428483269998992000	     -0.22612607146305663264	      1.82722259353036520224	     11.78966281085597245237	     -4.96486590498244595437	     -7.20542641975949038624	    -23.11115219905964934810	    -28.51078764488697103729	     -6.21036401657018011235	      7.58057826957695368719	    -43.84227636134115613231	      3.49637963992635025789	     -0.67269600963728581888	     -1.73932263712789358934	      1.02461315978719103015	      0.52569233353857436342
      0.91200000000000047695	     -3.15135384225693826465	     -0.40191730905178246758	      1.84322447619261708951	     11.56116551592320718100	     -4.84770471963325633169	     -7.21160966746124643123	    -23.08301475906844402175	    -28.48781476684571956071	     -6.23128587763942576316	      7.17983535340834855276	    -44.13703830134907235561	      3.56710578978814973894	     -0.52507026687835800516	     -1.67764767354849908543	      1.01564234048259205423	      0.52336863073736417107
      0.91300000000000047784	     -3.17082009636884265547	     -0.56706928297759873203	      1.85966884763396933522	     11.31805625493912259572	     -4.73090435056252545110	     -7.21952760340451504817	    -23.04959025096895430806	    -28.47314377442426902576	     -6.25766677726148401462	      6.78895918838585643584	    -44.41387956198317255030	      3.63488693008613417135	     -0.37551120121046555056	     -1.61372588455532817164	      1.00706773469798616105	      0.52119008775362019037
      0.91400000000000047873	     -3.19087990907979701660	     -0.73456046801462093754	      1.87732821525050042055	     11.05790504396564699618	     -4.61227723039283432627	     -7.22808404855582864457	    -23.01522976614177551369	    -28.47402055526890762849	     -6.28992203170614061492	      6.39659879510133855263	    -44.70030635126106233201	      3.69794972601916738242	     -0.22354506132522544704	     -1.54755769511008001160	      0.99791543660382453496	      0.51914667564683103507
      0.91500000000000047962	     -3.21130177165916563808	     -0.90511784427482666615	      1.89618460319364601219	     10.78134832879489124480	     -4.49123159464151910925	     -7.23653800297176985623	    -22.97956539872057035723	    -28.49011902971256660067	     -6.32749349336274580224	      6.00227463589990684056	    -44.99814359873555957847	      3.75602369095422439216	     -0.06939566184049894559	     -1.47918372911144402337	      0.98809491876076238626	      0.51723450352462174706
      0.91600000000000048050	     -3.23285490970026501145	     -1.07165921318642176630	      1.91582038626425799066	     10.49010150408921049348	     -4.36861985289820609069	     -7.24437022313770739856	    -22.93903376009022210269	    -28.51715525756251068401	     -6.36962804291268902546	      5.61285177885074659798	    -45.29221999664512310346	      3.80981739749982617482	      0.08638499329909343771	     -1.40867456332912643902	      0.97809460033314588046	      0.51545333847500263147
      0.91700000000000048139	     -3.25619073778835854682	     -1.22778088118408845730	      1.93622369004819461225	     10.18275230918472118447	     -4.24658220628131743979	     -7.25049541721209322986	    -22.88912031171476257896	    -28.55419193194541804814	     -6.41697302761855503661	      5.23622687247829965429	    -45.56645011829035496476	      3.86004882182445774319	      0.24366000434292711674	     -1.33609635095850443065	      0.96840236925636036247	      0.51380269301735115306
      0.91800000000000048228	     -3.28102472732025773894	     -1.37451155843726269268	      1.95749042837240949666	      9.85907463700206676549	     -4.12485403872169342776	     -7.25398102818923007362	    -22.82923052525352858311	    -28.60187500297459806120	     -6.46933834172466148971	      4.87224674992476902702	    -45.82248701231480225715	      3.90644626694077734541	      0.40233573397812083527	     -1.26149784675376741561	      0.95891693483287632205	      0.51227815126571041304
      0.91900000000000048317	     -3.30566390991960190604	     -1.52411033513493521241	      1.97971552657800486941	      9.52199283828363718385	     -3.99894636883391285664	     -7.25420532538680618018	    -22.76498317805219073762	    -28.66183153211272482963	     -6.52463739927774355465	      4.50806548469468992835	    -46.08942939295543794742	      3.94724263006068776249	      0.56219858859247739957	     -1.18490390178358495632	      0.94863806319169796666	      0.51087008726651284007
      0.92000000000000048406	     -3.32991497959879723112	     -1.67729357581734461746	      2.00276528468548065121	      9.17300313229834785034	     -3.86798912442247910803	     -7.25069741483055452136	    -22.69648821310074993107	    -28.73286984173555325128	     -6.58197037675251017674	      4.14286764308057264827	    -46.36941716983255901141	      3.98224170956403833443	      0.72293608659295127694	     -1.10637489733457217156	      0.93747094045021350794	      0.50957556830728556463
      0.92100000000000048495	     -3.35447476541841638209	     -1.82755564286514982086	      2.02645293403924142694	      8.81199011527344566730	     -3.73363217291158377975	     -7.24273382002566279425	    -22.61984934091923094002	    -28.81271902864588341231	     -6.64143557970137088375	      3.78405165940493004584	    -46.64685372169986266044	      4.01220961424996147571	      0.88426498598008773655	     -1.02599376713432555164	      0.92589968914658093979	      0.50839460478824261003
      0.92200000000000048583	     -3.37970126418738914253	     -1.96951198953431116934	      2.05094097477825698661	      8.43651199951780483843	     -3.59800131314703719454	     -7.22782740149865787771	    -22.52918003970978588768	    -28.90170117132362292978	     -6.70380607208109768891	      3.44045838776123602543	    -46.90554208522750201382	      4.03771134824654254203	      1.04620011992997419270	     -0.94383569012188583969	      0.91435807748625475000	      0.50732337127681326194
      0.92300000000000048672	     -3.40529097909610811712	     -2.10428317509465045987	      2.07619471732297711242	      8.04740373800663633119	     -3.46033427054997844152	     -7.20500565959052607923	    -22.42410081495973628307	    -28.99939192552041333784	     -6.76836100052216060874	      3.11167877397339198708	    -47.14755507606712825464	      4.05849738097934231718	      1.20852857781210687449	     -0.85996695889610785812	      0.90272957486959848339	      0.50635753964004548422
      0.92400000000000048761	     -3.43004813010584541644	     -2.24259651530420001109	      2.10173935349412488449	      7.65145674297080802262	     -3.31529692877616355418	     -7.17621872354003187411	    -22.31332328960071720303	    -29.10316691870555771970	     -6.83183026345172095262	      2.78260785450656911166	    -47.40306881356204371514	      4.07318497294919534824	      1.37056418893866105435	     -0.77444721443055142274	      0.89008138621353705133	      0.50549441065709244114
      0.92500000000000048850	     -3.45388963601621412636	     -2.38494715378732280442	      2.12737758810808941234	      7.25044321178243933446	     -3.16216391722554135413	     -7.14165432649856768421	    -22.19771745154857001125	    -29.21151228815845968256	     -6.89337874128899130710	      2.45199514614249380884	    -47.67433609888259837817	      4.08173370585392980558	      1.53198417458499935861	     -0.68735708308763632246	      0.87634116517881777142	      0.50473332015387173399
      0.92600000000000048939	     -3.47732400546136943831	     -2.52560007035731359792	      2.15314414960805322607	      6.84263483792544491280	     -3.00306171547332212413	     -7.09975088197502657295	    -22.07245416487215550205	    -29.32396784703465897337	     -6.95368856430100823474	      2.12801497048230592313	    -47.94543745860275407722	      4.08485842062938964148	      1.69273857691063511766	     -0.59878777330394372669	      0.86196792003320199527	      0.50407265375611576275
      0.92700000000000049027	     -3.50036101493705587018	     -2.66040297833558270213	      2.17927445399877228738	      6.42550154865203637655	     -2.83956105929644309072	     -7.04634114878250272795	    -21.93015244108653760691	    -29.44121464248339492542	     -7.01314042551032201800	      1.82034577055948387780	    -48.20052716180642704558	      4.08288546406500074681	      1.85287705112957556963	     -0.50882462054493426962	      0.84731096945463990622	      0.50350428488554754836
      0.92800000000000049116	     -3.52276693894420134257	     -2.79038803374896815512	      2.20563110649131033369	      6.00055937806027372972	     -2.67078202114427654124	     -6.98089886536169501596	    -21.77103360143617294398	    -29.56213038450283647762	     -7.07083017036705996361	      1.52815355764771565461	    -48.44197786371956482299	      4.07566770088836349828	      2.01212808556470168497	     -0.41755204846042337508	      0.83225983444504825215	      0.50302547951419640526
      0.92900000000000049205	     -3.54412329989929730800	     -2.92396237398784819561	      2.23143145951176791186	      5.57578203388460735823	     -2.49239832998351573679	     -6.90944109985485965808	    -21.60786036348785188466	    -29.68243107864425667231	     -7.12405862069690520855	      1.23395832891837198275	    -48.69988946263404017145	      4.06252602378339666700	      2.16969326687748154114	     -0.32505968560164744119	      0.81605259462707024909	      0.50264524137528798775
      0.93000000000000049294	     -3.56448076745888897676	     -3.06129642029290494065	      2.25648352303424815091	      5.15259225124253816830	     -2.30418741833922524620	     -6.83293376938880214766	    -21.44222468151957272653	    -29.80091253063559264547	     -7.17240820082450980522	      0.93617952374264179483	    -48.97634405530575207877	      4.04360440259128317564	      2.32532628280850417468	     -0.23144241126060727254	      0.79865560802716561994	      0.50236554633282803906
      0.93100000000000049383	     -3.58405690739836302328	     -3.19771142051712331522	      2.28097675713746639303	      4.72839619637477426295	     -2.10820914423160843398	     -6.74842220780232082689	    -21.26790500636395364609	    -29.91823940165849649020	     -7.21664012876602711799	      0.64388590667143752455	    -49.25542329624682480471	      4.01943812622295126857	      2.47911619892406953625	     -0.13679581480176006281	      0.78046671262759215182	      0.50218133340138582099
      0.93200000000000049472	     -3.60255492365645579866	     -3.33035798162342189244	      2.30510996369893916835	      4.30144528470184184243	     -1.90518654522180952426	     -6.65031715693014291446	    -21.07640373487508256289	    -30.03462960745901710879	     -7.25643161945450643202	      0.36723266433313916934	    -49.52210902971297912245	      3.99010482463216797910	      2.63104598173338199985	     -0.04121691144544081808	      0.76173319649300852419	      0.50208071130886100519
      0.93300000000000049560	     -3.61987863813189392204	     -3.46002195815458435391	      2.32869884146944627901	      3.87334302424443421842	     -1.69456967511413836291	     -6.53890623559092887263	    -20.86875749491910880806	    -30.14886127802933657449	     -7.29112024616989096160	      0.10492773419944478874	    -49.77883004394294630401	      3.95562319013695873338	      2.78086828271804087365	      0.05519636218024315255	      0.74237152457460320321	      0.50206362555311745410
      0.93400000000000049649	     -3.63643330882923976333	     -3.59237386524841895152	      2.35097578595453171602	      3.45039579053960210331	     -1.47448558695666065432	     -6.42446523173596517609	    -20.66139646362046278227	    -30.25778544909007905517	     -7.32002216093163848853	     -0.16222010266971897963	    -50.05421775180190024912	      3.91613814053991537989	      2.92803447235774338964	      0.15234289966026270946	      0.72186124658814021515	      0.50215159994072555705
      0.93500000000000049738	     -3.65238583638652869467	     -3.72725143318399432246	      2.37181330742599527639	      3.03320599081791897333	     -1.24540211968650282870	     -6.30863712939174092753	    -20.45640752823567609653	    -30.36099687933988633404	     -7.34334068851832988400	     -0.43593449152125041124	    -50.34996369191934206810	      3.87196046032861618258	      3.07243445556959482445	      0.25012297651531012477	      0.70021212525678278027	      0.50234881717593493633
      0.93600000000000049827	     -3.66763565185205209218	     -3.86123550946408045093	      2.39145135638827355251	      2.61926988855776698983	     -1.00882595270346087091	     -6.18694674184476411938	    -20.24619006998475967407	    -30.45938553690821137820	     -7.36144073249518360313	     -0.70642140909531470072	    -50.65063159086915334228	      3.82337218107225984554	      3.21417589022505723051	      0.34843790105978378335	      0.67772969918264980294	      0.50264613202191110730
      0.93700000000000049916	     -3.68166024366590249883	     -3.99280010644949356902	      2.40996912765913862131	      2.20817636183065246769	     -0.76462417011207151063	     -6.05283136114076114609	    -20.02163066863261775552	    -30.55218495519329735544	     -7.37325241285428134574	     -0.96337464690334773110	    -50.94229483833044724861	      3.77024058520780691595	      3.35311358099370515617	      0.44717840048611456893	      0.65455274176614564041	      0.50302918701670140678
      0.93800000000000050004	     -3.69450376834879534726	     -4.12245299604936121796	      2.42719779031064319952	      1.80108091525434588220	     -0.51285469305125275241	     -5.90738587659249958506	    -19.78443041649768829870	    -30.63862125872902453239	     -7.37863743433300189878	     -1.20836172548831610740	    -51.22714626542337157389	      3.71275459621551728873	      3.48909236787109389155	      0.54624133856794321318	      0.63063369140304859073	      0.50350054942420729986
      0.93900000000000050093	     -3.70723225571123293776	     -4.25309430699817880850	      2.44265752925579704424	      1.40061919349477648211	     -0.25458655734891522116	     -5.76419209137806376475	    -19.55333323228649788916	    -30.71866529392062261650	     -7.37950368362878528217	     -1.46125973320149205037	    -51.53130750352843136852	      3.65178368499393668500	      3.62204842320730246996	      0.64553791104163815717	      0.60571453480765535815	      0.50409123187405979749
      0.94000000000000050182	     -3.72006430245104979804	     -4.38432223965946832323	      2.45631201607241678175	      1.00649285230802831848	      0.00914894821957545901	     -5.62518905047798511987	    -19.33048821536437245072	    -30.79280320825768058057	     -7.37658124084471467086	     -1.72367751228390542195	    -51.85597125707831622776	      3.58773200720716722856	      3.75201003602376736978	      0.74497221048951400846	      0.57983834310076920460	      0.50480626156178542985
      0.94100000000000050271	     -3.73261038475411055515	     -4.51409004792060386535	      2.46834208829734791379	      0.61719655334637479882	      0.27773205886424534583	     -5.48453317343096102832	    -19.10720390511719912752	    -30.86126810709719592296	     -7.36949208978062664244	     -1.98536652738026120346	    -52.18658876420337833224	      3.52060962321542048059	      3.87898709512484174411	      0.84444079236201119443	      0.55319831037874411805	      0.50563274668472546480
      0.94200000000000050360	     -3.74425623551601916006	     -4.64209468427708316085	      2.47867553563904152725	      0.23367274167891594061	      0.55182969087786659657	     -5.33542096225819761912	    -18.87447610127045294348	    -30.92230888391853582675	     -7.35669925859531126378	     -2.23624479804226394819	    -52.51040720192379041009	      3.45017984019189150047	      4.00270620489866502112	      0.94382409510387343943	      0.52583915858709362467	      0.50655616291840344090
      0.94300000000000050449	     -3.75515355602074407670	     -4.76859278215857784744	      2.48720531391037980029	     -0.14368274929439905918	      0.83075209466656474433	     -5.17953789543598475120	    -18.63439444700972913438	    -30.97590390342146449143	     -7.33864350084452166101	     -2.47795943063348067525	    -52.82921972943918120791	      3.37676619841448255599	      4.12312973351365297248	      1.04302223064979271427	      0.49775062258714530827	      0.50758093227414313731
      0.94400000000000050537	     -3.76669758288225864362	     -4.89402697183138002401	      2.49387235869973267199	     -0.51632731440412271695	      1.11120448480467359786	     -5.03185799254274002124	    -18.40602477655362179121	    -31.02552437031831544800	     -7.31926187776580405853	     -2.72995914143107087924	    -53.16623786340938551120	      3.30165505806316872395	      4.24069191424825131520	      1.14197519788136192531	      0.46890242785154745420	      0.50874125814356352393
      0.94500000000000050626	     -3.77907869108219074405	     -5.01789778965624577722	      2.49872528372381452755	     -0.88519991560866628788	      1.39197005805552009861	     -4.89412665392428891664	    -18.19114857490518133432	    -31.07227105031082814435	     -7.29948167771988742913	     -2.99354930416038111929	    -53.52223352142993917369	      3.22524533384758171906	      4.35550638521136068704	      1.24059523037479690899	      0.43935336602208829859	      0.51004133789461780779
      0.94600000000000050715	     -3.79171703475910248926	     -5.13950746689556581259	      2.50180993820040953324	     -1.25033281045007527155	      1.67331969068594332839	     -4.75965498494868199941	    -17.98061588054354942301	    -31.11524275148898155408	     -7.27815264206359557875	     -3.25843124446936194261	    -53.88383398368582533067	      3.14733763196621829650	      4.46741942504060851604	      1.33877175739076648142	      0.40918655935348047237	      0.51146620477450221998
      0.94700000000000050804	     -3.80405762257463209153	     -5.25957927464230579062	      2.50289797456777307616	     -1.60973105797032189912	      1.95594264312535415229	     -4.62221047155406949969	    -17.76630753164333142990	    -31.15198600862827404967	     -7.25374276716366228612	     -3.51510105098679082047	    -54.23938659164697639881	      3.06773039234924382868	      4.57606611260485962589	      1.43637908659777213671	      0.37838230404210193569	      0.51300381119162574706
      0.94800000000000050893	     -3.81629853442801447727	     -5.37819449366770641063	      2.50194961827327233550	     -1.96366433539253648632	      2.23875908821231917045	     -4.48368379910593262139	    -17.55035102451428841164	    -31.18310959277523863875	     -7.22707182615826049243	     -3.76511718770102810083	    -54.59029026164409970079	      2.98680894957596976269	      4.68149638729631334400	      1.53332519709900028104	      0.34695901055620259612	      0.51465910654840962835
      0.94900000000000050981	     -3.82975922661165668615	     -5.49390060681659520014	      2.49932086132331221506	     -2.31666968849289389709	      2.51785106449347040325	     -4.35811459916271815018	    -17.35001128878439402570	    -31.21453146852148918811	     -7.20267355046331214652	     -4.02655951576571524697	    -54.95712374357311347239	      2.90584996312176491173	      4.78446964990777434679	      1.62958039173846103154	      0.31503527823506516370	      0.51646175436206309683
      0.95000000000000051070	     -3.84454541238875435738	     -5.60620582582930637727	      2.49510864303708501666	     -2.66984255911006584938	      2.79223789525472909645	     -4.24670652599770903635	    -17.16646768372366338440	    -31.24745593743904947814	     -7.18128595086280352433	     -4.30040307205189442641	    -55.34046847655338297045	      2.82516402480839090572	      4.88510846149079469569	      1.72506387277633344013	      0.28266789259527858036	      0.51841385955755381332
      0.95100000000000051159	     -3.86003871639887563560	     -5.71557781690239607997	      2.48918089770630501789	     -3.02171172304666413311	      3.06271902445232058199	     -4.14275885297278989583	    -16.99097678940179179108	    -31.27980322307024607653	     -7.16130150393892161986	     -4.57676945332275941780	    -55.72823774737430113646	      2.74447493325751246118	      4.98309467776798520333	      1.81965672400755673621	      0.24985353290905010226	      0.52050107085731545098
      0.95200000000000051248	     -3.87582930582735230018	     -5.82363888127764539604	      2.48116505647995211348	     -3.36957890216770294955	      3.32961790634460896854	     -4.04103265716021553544	    -16.81666808924654432644	    -31.30875524608556048634	     -7.14155562320747350213	     -4.84682633565683929078	    -56.10965701306263042625	      2.66370820508200489840	      5.07801349779390953643	      1.91323092812525352713	      0.21653239931991308254	      0.52271543053866720285
      0.95300000000000051337	     -3.89208286679792081486	     -5.93041221478191005190	      2.47106412846503076253	     -3.71397873691765312287	      3.59189235700267772700	     -3.94313782802514367631	    -16.64531054649312125093	    -31.33512695792850522025	     -7.12285754256453174094	     -5.11189958173078373704	    -56.48586096047938553966	      2.58321554567630951027	      5.16993710423185870440	      2.00570122046367371738	      0.18273423223726936726	      0.52506081126100223599
      0.95400000000000051426	     -3.90974255591379460384	     -6.03301406174287535578	      2.45955005207545696067	     -4.06084698608191274616	      3.84666897416768449602	     -3.86048992643117117041	    -16.49103138904235521522	    -31.36555648574328358791	     -7.10879408773643639563	     -5.38835467122171785093	    -56.87559546212906980145	      2.50390411279670654920	      5.25970823836188206002	      2.09705638333429478237	      0.14864568016417223362	      0.52755638168091589790
      0.95500000000000051514	     -3.92880581959347807697	     -6.13101147720067274349	      2.44672237913970036516	     -4.41096910510516693193	      4.09349971086366792861	     -3.79359566532265546357	    -16.35436022194902605520	    -31.40086228755445318939	     -7.09963132714708233806	     -5.67689942351211662697	    -57.27947422897240414841	      2.42594991579848651142	      5.34739307306535405218	      2.18721765860457884045	      0.11430953302282720330	      0.53020159155002799523
      0.95600000000000051603	     -3.94874295471187508610	     -6.22584665685295135518	      2.43226214904146331719	     -4.76165688173405499128	      4.33321261110731370536	     -3.73642734034122270259	    -16.22759880729240933306	    -31.43806657584724462140	     -7.09375706916419712655	     -5.96833512914782815528	    -57.68654714800095462124	      2.34913283468964895206	      5.43255212438777945749	      2.27605831173723904826	      0.07966543097130962536	      0.53298514827148091300
      0.95700000000000051692	     -3.96931871109124756458	     -6.31995120960954182010	      2.41565970697556053892	     -5.10968187016652564125	      4.56560756860231720111	     -3.68486631978856848946	    -16.10522430853853492749	    -31.47414635858332232488	     -7.09051977626515839148	     -6.25451553916416269630	    -58.08678261708487866599	      2.27354747302002113685	      5.51474181475894997817	      2.36344912332596690518	      0.04462844263768417363	      0.53590388755764273299
      0.95800000000000051781	     -3.99061089099244270528	     -6.41337160362849090234	      2.39692455230863288307	     -5.45537950582945541100	      4.79004994121321203693	     -3.63992195487033143309	    -15.98842649711384922284	    -31.50963956378596364516	     -7.09036993594300835042	     -6.53650996879631129843	    -58.48126033230413867159	      2.19944250003166752450	      5.59399250871939202057	      2.44930683918617164707	      0.00922293500068560590	      0.53895959585673614001
      0.95900000000000051870	     -4.01304318783607527621	     -6.50209243417538118592	      2.37693914392735905494	     -5.80472413357823313618	      5.00572521351394073008	     -3.60962623854562991710	    -15.88771734876398511460	    -31.55051977953649000597	     -7.09499079506449348287	     -6.82898977289824138381	    -58.88761353393368125353	      2.12715789392744492048	      5.67105045441262944905	      2.53362450621275048235	     -0.02635477548039721896	      0.54215812208507907499
      0.96000000000000051958	     -4.03650383490409581100	     -6.58576562821130551129	      2.35578543288103503528	     -6.15799436198209093618	      5.21279004035326920530	     -3.59379185984582250057	    -15.80302130939396043630	    -31.59701630058911092647	     -7.10410427101748620515	     -7.13244474715909504425	    -59.30658135376319961551	      2.05672907914390412643	      5.74590239460806007088	      2.61632210495271744222	     -0.06208256357508323831	      0.54549640284800027246
      0.96100000000000052047	     -4.06061414660534580889	     -6.66668040601786060506	      2.33298031358135915525	     -6.51168677480116286915	      5.41170493683002007401	     -3.58740184300684461505	    -15.72793470917667235653	    -31.64565600994126981504	     -7.11646058323099950371	     -7.43838452030962660189	    -59.72809050464784519363	      1.98807956717674816360	      5.81804364652660499502	      2.69726781223820211153	     -0.09805655501957666331	      0.54896771707906300009
      0.96200000000000052136	     -4.08527641022800480641	     -6.74803500526681432348	      2.30786415057463045741	     -6.86191632124115358238	      5.60184922640223703638	     -3.58723076674368712702	    -15.65805369858920315096	    -31.69305879393671432354	     -7.13181629238811609639	     -7.73923734794470519205	    -60.14278009759700438508	      1.92145086594054381735	      5.88697866136649317070	      2.77632758155939018962	     -0.13438732375811168751	      0.55257329412219391429
      0.96300000000000052225	     -4.11045210927150606040	     -6.82993134552401670589	      2.28043023647629183870	     -7.20854980285287183506	      5.78316327197737223287	     -3.59354361232489338818	    -15.59389201472888331068	    -31.73920359599780027793	     -7.15010195782823654298	     -8.03580737787840071462	    -60.55177791100710749106	      1.85695692154114189165	      5.95266158459299976613	      2.85341582437822482987	     -0.17106698248261498208	      0.55631249354238798688
      0.96400000000000052314	     -4.13607380372346256081	     -6.90732880415995964540	      2.25174992508510740663	     -7.55735557155682613484	      5.95693027106322858799	     -3.61122503053431387343	    -15.54266528220359333545	    -31.78917660423146074322	     -7.17106555497774067476	     -8.34128642614362370011	    -60.97189204837059151032	      1.79437504443107354035	      6.01572812642336973710	      2.92852780907169041313	     -0.20790646120512068507	      0.56017847035593204552
      0.96500000000000052403	     -4.16196175903462517454	     -6.97990483537125783187	      2.22189806567425307549	     -7.90829023586795187839	      6.12370066426717585273	     -3.63965821923513033198	    -15.50393126312306080195	    -31.84281199567238118675	     -7.19408472216545025191	     -8.65603900572636852928	    -61.40393932494417583712	      1.73364973579589465302	      6.07611877434592884129	      3.00158407344258693072	     -0.24489684020156943234	      0.56416665463329129793
      0.96600000000000052491	     -4.18790100409006527116	     -7.05068494352153152249	      2.19024735786213398114	     -8.25731196561125102562	      6.28336837509773715738	     -3.67489804589321522599	    -15.47257157459153198431	    -31.89641005016476782430	     -7.21845732834160980218	     -8.97221374864021115059	    -61.83849549308789761426	      1.67488583921895362039	      6.13329962248032600769	      3.07244941895598033810	     -0.28215581771348086093	      0.56827544452617839710
      0.96700000000000052580	     -4.21381380523328630261	     -7.12372129724661817818	      2.15597324241194598926	     -8.59952951765450279709	      6.43529164599542014003	     -3.71388896254447331557	    -15.44459773614923392415	    -31.94584188834481608410	     -7.24396504485963532716	     -9.28244815935734735035	    -62.26676513275533153546	      1.61836716224778021100	      6.18666577001905082511	      3.14097673859612402936	     -0.31983748995587646391	      0.57250861652734519325
      0.96800000000000052669	     -4.23954470160691698766	     -7.19917703716691903537	      2.11906306101401753494	     -8.93442117405425051402	      6.57992119017015397731	     -3.75615950296491973859	    -15.41983862949920514041	    -31.99060719217667880798	     -7.27008307153708166481	     -9.58723980969206124314	    -62.68985485528391166099	      1.56407947226602228596	      6.23611281937124228847	      3.20707853098697315275	     -0.35795160345567511584	      0.57686333023531100039
      0.96900000000000052758	     -4.26476757969821562710	     -7.27078170520925937126	      2.08083810364117027802	     -9.26854766841520927301	      6.71960833191998574421	     -3.80490565550965698094	    -15.40356135042236829236	    -32.03598555898052779867	     -7.29561650401706618396	     -9.89888122373098156004	    -63.12368035403640220693	      1.51147591837917927293	      6.28233760856742318168	      3.27077150038577180169	     -0.39627757607828550945	      0.58132445961568413040
      0.97000000000000052847	     -4.28929629749622165491	     -7.33814224235808865160	      2.04139681635342640220	     -9.60197437348772098176	      6.85492036868232901270	     -3.85947016844258428137	    -15.39527704608940616993	    -32.08186892030291659239	     -7.31996428172914104238	    -10.21770391846410497294	    -63.56898740549608106676	      1.46048817478363623934	      6.32530620741582616517	      3.33198510211120124680	     -0.43480337974720617567	      0.58588728473788487250
      0.97100000000000052935	     -4.31300688273859123001	     -7.40503829227489518416	      1.99997782598578055513	     -9.93010055725852680553	      6.98533181577626294256	     -3.91652062935706624103	    -15.39065854208216954646	    -32.12428339654967146544	     -7.34283495361703941740	    -10.53619323920361772196	    -64.01679406546350037388	      1.41134711754365982372	      6.36444796465782669515	      3.39057955239737696118	     -0.47367310943675633439	      0.59055420647664558231
      0.97200000000000053024	     -4.33568677629141063790	     -7.47653269022907807084	      1.95559756188778521846	    -10.24674698850515142112	      7.11065032474105862548	     -3.97218998782693688554	    -15.38513938671620628895	    -32.15801600241030655525	     -7.36359201909239047268	    -10.84662663913782409963	    -64.45863210960594358312	      1.36423088488628607706	      6.39899574158109274435	      3.44638683341356166778	     -0.51310969186592059188	      0.59532885833539772591
      0.97300000000000053113	     -4.35709991902216131621	     -7.55279580565880337417	      1.90827578505698625122	    -10.55141141962909046015	      7.23155709054485384968	     -4.02548216618490073415	    -15.37799792409154697737	    -32.18251017902713329022	     -7.38153007664821281253	    -11.14917326823072762920	    -64.89538844803701067576	      1.31904082195593019833	      6.42885126004939522204	      3.49932561519480378465	     -0.55313008813252517726	      0.60020690778873619919
      0.97400000000000053202	     -4.37702260031818468633	     -7.62589331734568531829	      1.85966902242876130913	    -10.85299566937355564278	      7.34992156890244530132	     -4.08014908313219848424	    -15.37461173432096472879	    -32.20492375531498652208	     -7.39600083172793354436	    -11.45615163256384860802	    -65.34196530958020332491	      1.27528129889940000652	      6.45503162424232446170	      3.54947024532068500235	     -0.59340822963425132741	      0.60517147335957810483
      0.97500000000000053291	     -4.39532351855467595669	     -7.69527018571406529190	      1.80993260555592883065	    -11.15210170355892671523	      7.46600283593899405332	     -4.13585359105941563485	    -15.37472831847216347967	    -32.22566793443080257475	     -7.40674051941954125766	    -11.76793615193288999876	    -65.79888672817429551287	      1.23293505760045940534	      6.47759522882640492725	      3.59677133708600216266	     -0.63391290910242981127	      0.61021868976599558110
      0.97600000000000053380	     -4.41183982761759807545	     -7.76558223016570536856	      1.75818040628196570196	    -11.44333926744236862305	      7.57929128914570071629	     -4.18902025627808427544	    -15.37393001981005546952	    -32.24021903045062487081	     -7.41345604580676553752	    -12.07685056121203714952	    -66.25739995301228191238	      1.19221811125873600190	      6.49588314624780505113	      3.64108071330593308090	     -0.67483618143717727378	      0.61535233658424060010
      0.97700000000000053468	     -4.42610707293810889951	     -7.84296649842315218848	      1.70330484095919132415	    -11.71925451227808423482	      7.69033106291485069050	     -4.23416820211596700574	    -15.36618481816548431595	    -32.24222367981430892314	     -7.41482470420141659417	    -12.37425311689157680917	    -66.70899439509862816067	      1.15306815459282896441	      6.50894348454964521977	      3.68220759730788493869	     -0.71648668119257408193	      0.62057327899833758522
      0.97800000000000053557	     -4.43788638597736451175	     -7.92746219690232578614	      1.64539747767580024629	    -11.97986192116111681116	      7.79965315655846325171	     -4.27022093941798175365	    -15.35056714313985892773	    -32.23159006021336381309	     -7.41032768378899753259	    -12.66009169949570178915	    -67.15417037357197216352	      1.11536814880778267778	      6.51675608381843129990	      3.72009064080339735270	     -0.75887024019830606747	      0.62587669858436001391
      0.97900000000000053646	     -4.44742535482423306803	     -8.00904855017986960775	      1.58648022648351627595	    -12.23750413380881241210	      7.90732148212146057631	     -4.30380482673841413543	    -15.33479766015459766493	    -32.21863325675127498471	     -7.40112585492692609535	    -12.94786896235579121139	    -67.60704174769139740420	      1.07904440452366578995	      6.52085693780621866722	      3.75489859209271470419	     -0.80148483401029091411	      0.63125050950590955168
      0.98000000000000053735	     -4.45471313929083123639	     -8.08689799460975677903	      1.52676911102582835156	    -12.49348370705719446505	      8.01308951961944160303	     -4.33529742707956700087	    -15.31922980571056669419	    -32.20448275434388563099	     -7.38747985731832379486	    -13.23821542919590932286	    -68.06796640715823798473	      1.04418102370983367777	      6.52142674689371037999	      3.78661375554522061648	     -0.84426783890405587840	      0.63669254429584709598
      0.98100000000000053824	     -4.45942872872399220796	     -8.16661718329052632726	      1.46526227155244725964	    -12.74137324338079224617	      8.11689584839403721617	     -4.36007499626759909006	    -15.29852015283583810401	    -32.18375301493657048013	     -7.36868349678757539323	    -13.52283967133285358386	    -68.52823941361673121264	      1.01083176162526378050	      6.51766497018022583632	      3.81507556585363172275	     -0.88748136710665725957	      0.64220521782137884870
      0.98200000000000053912	     -4.46077531396510096329	     -8.25541488410462420688	      1.40080685075265876094	    -12.97286473011185137238	      8.22009272110747701845	     -4.37040774657189956542	    -15.26435735517146596862	    -32.14930163397602314035	     -7.34267142303711750628	    -13.79154450999318015647	    -68.97867942531226503888	      0.97859327436324861083	      6.50847241983043556246	      3.84007837074986646542	     -0.93152587332349101601	      0.64778438801974536077
      0.98300000000000054001	     -4.45858766432884578990	     -8.35306588769194036104	      1.33358579091600404354	    -13.18879252519857914194	      8.32279575121830816897	     -4.36557577346115976979	    -15.21599010512824179386	    -32.10183669052286603574	     -7.30936516038289685326	    -14.04422466004244895998	    -69.41934777167067238679	      0.94739012773925601607	      6.49395773470846648934	      3.86159437127083782215	     -0.97638097022776371148	      0.65342569206221501332
      0.98400000000000054090	     -4.45388223764742008370	     -8.44716715513638405355	      1.26588278121357689088	    -13.40475219848448773519	      8.42265018848159741083	     -4.35706630754646084824	    -15.16566097643394783745	    -32.05483259613662028187	     -7.27229704928219433668	    -14.29704463106867784461	    -69.86460282121326770266	      0.91785544725208056960	      6.47620319974167024668	      3.87990242600869672529	     -1.02132780274700740719	      0.65912742156335468735
      0.98500000000000054179	     -4.44680401115036261217	     -8.53656604265086116357	      1.19794342481019100433	    -13.62253627127861932422	      8.51894073746393587498	     -4.34618918184357028167	    -15.11459240694545869133	    -32.00996038307035718162	     -7.23220843037046812185	    -14.55112208808401241811	    -70.31486727683599724514	      0.89018908560637433069	      6.45549105530605071834	      3.89501965229305247007	     -1.06627141402184655306	      0.66488947476442961104
      0.98600000000000054268	     -4.43676873227521184617	     -8.62786919451110634327	      1.12868662361016447448	    -13.83467523721908776224	      8.61236922257741355224	     -4.32650940336931455477	    -15.05565972844155098187	    -31.96089954803258592619	     -7.18768283325357248970	    -14.79699461174760521942	    -70.76109838300234855524	      0.86414941426482538844	      6.43086114083220028448	      3.90677307568603193744	     -1.11156144080769569982	      0.67071029354617284213
      0.98700000000000054357	     -4.42264673252148554639	     -8.72918309291844707332	      1.05701430025959552950	    -14.03273438979093157286	      8.70490892141643257673	     -4.28788738582973394386	    -14.97788927918601942224	    -31.90038097185523469079	     -7.13610271414567520765	    -15.02247258522301187611	    -71.19276458621530423443	      0.83897088814164355597	      6.40116100809271504346	      3.91495965132103718176	     -1.15767684565224460158	      0.67657972492929374653
      0.98800000000000054445	     -4.40441431147476691876	     -8.83989952398201239703	      0.98318070552683423102	    -14.21830231540741351637	      8.79618309808016363149	     -4.23036969057133660499	    -14.88114142839669362672	    -31.82988034871405602644	     -7.07789612833381553969	    -15.22769885818515689380	    -71.60968233624923584557	      0.81466860957604136928	      6.36663285949383705997	      3.91959202413005858290	     -1.20456230972887379238	      0.68249476692450183890
      0.98900000000000054534	     -4.38398209673525229846	     -8.94530517472151132097	      0.90950087244736721459	    -14.40862686111348978102	      8.88173133303763506774	     -4.17131036601938376407	    -14.78365394730549731150	    -31.76461206168668027772	     -7.01862607372147895290	    -15.43287754423152691174	    -72.02811940089368647477	      0.79268978386342059395	      6.32972400151885494779	      3.92104003118196597910	     -1.25129357559506937392	      0.68846723742865822970
      0.99000000000000054623	     -4.36163783500424528938	     -9.04398363966768670252	      0.83619603435064959740	    -14.60548193823038332084	      8.96062356270022064564	     -4.11288456320455964033	    -14.68756368724917216184	    -31.70629727281095711078	     -6.95926282040446597676	    -15.63977129300280211055	    -72.44890205098568003450	      0.77332294887431096697	      6.29075092466249152778	      3.91934826207278597110	     -1.29775575913947394113	      0.69449889313525359213
      0.99100000000000054712	     -4.33647813038584217793	     -9.14349964837552420249	      0.76217485196399081815	    -14.80071531133526718804	      9.03439479440018544665	     -4.04637223190523798166	    -14.58335513699665675347	    -31.64795146134564873819	     -6.89762468115323557072	    -15.83724782354618554336	    -72.86211995292957510628	      0.75596309903050995516	      6.24862573657218867140	      3.91433690218107033232	     -1.34438804047672944009	      0.70058253768178202492
      0.99200000000000054801	     -4.30715155964117002441	     -9.25245883752378972531	      0.68648608426906321256	    -14.98662898483050298637	      9.10520483877692754504	     -3.95977950733828265584	    -14.45776947308643478607	    -31.58296764682666690760	     -6.83096247890304653083	    -16.01115204821559245829	    -73.25540122997480807499	      0.73958617365506018615	      6.20226032164847840278	      3.90582651879545217355	     -1.39170838322852929991	      0.70670306378771696743
      0.99300000000000054889	     -4.27381401609382294282	     -9.36983140638926670363	      0.60940507241882357903	    -15.16518819790785244095	      9.17229369556216056480	     -3.85418034487653926590	    -14.31166440725927202493	    -31.51321689157706629203	     -6.76009901822651748660	    -16.16222401100224459469	    -73.62870833953962801388	      0.72433107278703223741	      6.15197793554165262009	      3.89386507717460750300	     -1.43962614191105453543	      0.71285958252236270027
      0.99400000000000054978	     -4.23912423769245094718	     -9.47927099167534947810	      0.53300464695848859265	    -15.35281991839154613899	      9.23024437961940691366	     -3.75215518737492459422	    -14.16923442254830511899	    -31.45329976108430969362	     -6.69150307823387358042	    -16.31531826793121098262	    -74.00193625208534342619	      0.71230955695976705400	      6.10024427872872809786	      3.87885966322166764186	     -1.48708897931656425229	      0.71907658421425102446
      0.99500000000000055067	     -4.20345623143165880720	     -9.57926678720878044260	      0.45743480330851582494	    -15.55076542322996147050	      9.27823723079640672040	     -3.65641746842527481931	    -14.03333129434263248925	    -31.40446305038100405227	     -6.62606295498644470854	    -16.47284998350147944279	    -74.37660677350105231653	      0.70384237759009149471	      6.04732425097436188111	      3.86086725064039848476	     -1.53398227063424874572	      0.72535698966131878507
      0.99600000000000055156	     -4.16562417512247407103	     -9.67811491025878467553	      0.38168371158369041041	    -15.75093058890786323900	      9.31837481645746379399	     -3.55606743186979201710	    -13.89198756353185970625	    -31.35971774733301487004	     -6.56109866661911400598	    -16.62178558249652837731	    -74.74138425744712321830	      0.69799935131670265420	      5.99209291424511736324	      3.83971456760145990472	     -1.58081098393466623619	      0.73168794909045375974
      0.99700000000000055245	     -4.12421076839451927754	     -9.78447672517600608444	      0.30500421149140777288	    -15.94700867493834550714	      9.35256819232650116192	     -3.43812320230104262464	    -13.73042415333291010882	    -31.31372169148436412911	     -6.49413944965945333365	    -16.74631988776730295854	    -75.08181215989647228071	      0.69365342339966495899	      5.93362974288789146726	      3.81526411157967482168	     -1.62808546038920587407	      0.73805145897208879191
      0.99800000000000055334	     -4.07952702047919046890	     -9.89702005948649343736	      0.22763461458443146057	    -16.14079190754375758843	      9.37995846662892063250	     -3.30456622054281012879	    -13.55052313494030613583	    -31.26819945091103747359	     -6.42612476968480450523	    -16.84794544856592679594	    -75.39837790627834124280	      0.69104378234088326138	      5.87225854338939701194	      3.78758515230989134537	     -1.67569372613085576518	      0.74444863793881044245
      0.99900000000000055422	     -4.03462813107104523169	     -9.99884995575229140741	      0.15118986831018332850	    -16.34556479427021713491	      9.39561267858164228528	     -3.18124602689775315412	    -13.38096977873963666639	    -31.23489934677401436147	     -6.36305273196290421822	    -16.95583254709945819627	    -75.71578388909382795191	      0.69259847975995381120	      5.81010228078366885995	      3.75705543344122538940	     -1.72257189910129948629	      0.75091237996093296303
      1.00000000000000044409	     -3.98989557059562116592	    -10.08857478453441558486	      0.07572770863497169103	    -16.56172716916816511912	      9.39908683159266900020	     -3.07093411537364602282	    -13.22491893706800780706	    -31.21427512280980920423	     -6.30548147652600921020	    -17.07286606278988116969	    -76.03633667749757307774	      0.69859676749522980899	      5.74731603601494889233	      3.72372988272835492296	     -1.76862659966594559791	      0.75744571388536297007
      1.00100000000000033396	     -3.94397614357988857137	    -10.17485262804584067453	      0.00039780579571413455	    -16.78207715509158504119	      9.39259480725638695731	     -2.96115956258019252800	    -13.06840276225392827314	    -31.20011463196885515003	     -6.25067200435668368641	    -17.18418225014260869443	    -76.34682146963591264921	      0.70790552448036780930	      5.68286029546005710955	      3.68746058946808341616	     -1.81438614856518354301	      0.76403153366612075459
      1.00200000000000022382	     -3.89555776946579612741	    -10.26600119036578462328	     -0.07533393194380266777	    -17.00196577515444573692	      9.37749977297943360099	     -2.83897627711432676278	    -12.89616045225390195128	    -31.18860075900700223883	     -6.19669781082106130299	    -17.27293389401945944428	    -76.63084509039987324286	      0.71946830000612083111	      5.61604334175609398727	      3.64816209729122986616	     -1.86030949730451311552	      0.77065161070437593338
      1.00300000000000011369	     -3.84503821742718798760	    -10.36061234911991846275	     -0.15130488139855913232	    -17.22257008516882592630	      9.35314718768145780814	     -2.70688345828496323975	    -12.71081756523157935135	    -31.18088471925815241548	     -6.14432566303281291198	    -17.34130626461439916852	    -76.88965952482274701651	      0.73356313939392236989	      5.54712141374988920717	      3.60590917822517509350	     -1.90628436853598204337	      0.77730832040160402485
      1.00400000000000000355	     -3.79540941866210346234	    -10.44244979560110664352	     -0.22643448252723885616	    -17.45278017161696482162	      9.31622739098845897843	     -2.59126586654889479178	    -12.54298626254096760135	    -31.18463491217104888165	     -6.09803587261582613621	    -17.42145625986510992789	    -77.15287024557078154885	      0.75248954939388656982	      5.47763938206173861545	      3.56099880017540781907	     -1.95135660780740849418	      0.78403643320269500450
      1.00499999999999989342	     -3.74696488354362600148	    -10.51047025160696080093	     -0.30074129540840033314	    -17.69216239873188101228	      9.26681293388962501467	     -2.49435580496476916323	    -12.39549755546472908918	    -31.19951057317895504184	     -6.05793325261153547956	    -17.51632419561682851850	    -77.42336089839089652287	      0.77640099896238989885	      5.40763077434982530889	      3.51347643391480835007	     -1.99547303768586870021	      0.79083766809646682816
      1.00599999999999978328	     -3.69832888609136034574	    -10.57330165293095092238	     -0.37486496719155582014	    -17.93501530338691907218	      9.20680329812668674094	     -2.40296093347947703478	    -12.25313536038210671109	    -31.22067479123060707025	     -6.02161098480469281213	    -17.60953818976007667629	    -77.68583558503256369931	      0.80411874711804331994	      5.33624872030722396943	      3.46323702204648364855	     -2.03913932098954697736	      0.79769280088741734147
      1.00699999999999967315	     -3.64845004927153127028	    -10.63861493425704907168	     -0.44916153396640368101	    -18.17823237474355835275	      9.13686654047154434011	     -2.30518700168582313381	    -12.10127637311280146548	    -31.24576687570428390472	     -5.98778632925991427527	    -17.68398977209222522333	    -77.92244797988242055453	      0.83482381535956440288	      5.26304291537251778266	      3.41024759791151987898	     -2.08272733379857299951	      0.80458624216791507777
      1.00799999999999956302	     -3.59772310701731612426	    -10.70516070013633225244	     -0.52354930108717212534	    -18.42220879131593846978	      9.05674663088467468697	     -2.20354068265444880126	    -11.94278911377941732042	    -31.27521683021952014769	     -5.95686267769963695429	    -17.74228302324662820411	    -78.13519215872315726301	      0.86876027993846305364	      5.18816751871176151667	      3.35457746593723626916	     -2.12614370947479258689	      0.81152053039736937734
      1.00899999999999945288	     -3.54860996401754391627	    -10.75837754070352048075	     -0.59740467665223206950	    -18.67152520365470991237	      8.96533890579414105559	     -2.12204482528254345652	    -11.80709212924454476479	    -31.31264790013008791902	     -5.93130992705872550630	    -17.81747940719802159037	    -78.35747441075689323497	      0.90765555807597042559	      5.11252870019456295836	      3.29642328498089831612	     -2.16864311731714831666	      0.81852486372854249552
      1.00999999999999934275	     -3.50125345284330080631	    -10.79766874042607582851	     -0.67077923468919209427	    -18.92522474668942322751	      8.86317604978084716549	     -2.06201553103602464034	    -11.69619978700105988878	    -31.35722779421104178255	     -5.91083455497485310559	    -17.91216858765091046735	    -78.59237635782369579829	      0.95149294962275643428	      5.03607171672020292874	      3.23582354396475535552	     -2.21021796338533027537	      0.82559870326277540187
      1.01099999999999923261	     -3.45442860835829890220	    -10.83121522228492494833	     -0.74409996853503912462	    -19.17935344191116087131	      8.75150494853005511686	     -2.01065591513879837748	    -11.59476920743083283583	    -31.40577572107932269319	     -5.89364328190733477442	    -18.00915044387333452391	    -78.82273306860098216475	      0.99924076841725328890	      4.95820513084543890159	      3.17272672859109095000	     -2.25130349952663566526	      0.83272371572337133827
      1.01199999999999912248	     -3.40742173508091639178	    -10.86594804599948815849	     -0.81760288726945873350	    -19.43190125934243894790	      8.63041339006643681842	     -1.95769987887122454140	    -11.48954087593410022805	    -31.45701037437649461026	     -5.87893772352551202687	    -18.09166415136601457903	    -79.02982691568267625826	      1.05041089570940826547	      4.87867504679766472719	      3.10714146915205269295	     -2.29217058245961835539	      0.83988880228603735034
      1.01299999999999901235	     -3.36053542225558032897	    -10.90095323586393760706	     -0.89126188791348681661	    -19.68260140807555558240	      8.50010040863608651307	     -1.90514329764226886255	    -11.38303039677312966660	    -31.51076428919474636814	     -5.86670313672759125012	    -18.16230938492579127796	    -79.21611368567322131184	      1.10514352336390508924	      4.79753975578487423803	      3.03912866831753669672	     -2.33275861965265285392	      0.84709539448523107907
      1.01399999999999890221	     -3.31540300678872768003	    -10.92378242579033553739	     -0.96473352657983468816	    -19.93300587646704968847	      8.36143440492622858073	     -1.87271314227429286348	    -11.30104278005602580492	    -31.56778318745481115570	     -5.85769915055911472024	    -18.25309669602759399254	    -79.41704867986273086444	      1.16431933844824975210	      4.71519668460838037305	      2.96880490435170729668	     -2.37257291070189779703	      0.85436161081762218572
      1.01499999999999879208	     -3.27200976037731550150	    -10.93421155296221058961	     -1.03805816419036034404	    -20.18207348586412308578	      8.21517945278137062814	     -1.86078476463336528468	    -11.24461799249486482211	    -31.62716493145367735451	     -5.85145258363133358159	    -18.36603771401525975193	    -79.63553134908345043641	      1.22776252900764770715	      4.63156579492616238269	      2.89621205665498981929	     -2.41164185579165746276	      0.86168448840010514189
      1.01599999999999868194	     -3.22941939018305390618	    -10.93968586710892054725	     -1.11149412483617027192	    -20.42738506516258212287	      8.06183081676185508968	     -1.85789977804381578608	    -11.19934180351168606649	    -31.68722313093508091697	     -5.84682999118256674365	    -18.48386448506861157171	    -79.85304254844298554872	      1.29474352888074850654	      4.54630846544843425505	      2.82135073966585103733	     -2.45029822395336216445	      0.86904926363826628943
      1.01699999999999857181	     -3.18723809679714520371	    -10.94653578470973798176	     -1.18520584889657243366	    -20.66748249155560301915	      7.90123213227792575708	     -1.85540862825477859133	    -11.15345275953398740398	    -31.74727731883209003172	     -5.84316134928938346604	    -18.59041899710596368323	    -80.05047906517749822797	      1.36510088030462606312	      4.45929192293330611818	      2.74425428449943664688	     -2.48872264230330930701	      0.87644965905570026976
      1.01799999999999846167	     -3.14562127127378232672	    -10.95423576306976087835	     -1.25917906629402409635	    -20.90176918874620071165	      7.73394974762430820192	     -1.85447426316555663561	    -11.10866964159846759230	    -31.80687949038161121962	     -5.84010356684437859087	    -18.68791319740268264127	    -80.23037110246491465659	      1.43883182687607469319	      4.37052016244257046651	      2.66498118114334436868	     -2.52689113729854808454	      0.88388508500324425299
      1.01899999999999835154	     -3.10533028099557384394	    -10.95217613881928286901	     -1.33316712612885623912	    -21.13056377515472661344	      7.56191435874967510244	     -1.87015326763732048221	    -11.08627167925657630576	    -31.86554723938348487877	     -5.83763978106118841538	    -18.80617846583767516222	    -80.42852745224783461708	      1.51594803209129658228	      4.28012939672608450081	      2.58361669862195997283	     -2.56453439527044579904	      0.89136077092054621929
      1.01999999999999824141	     -3.06622580285436185932	    -10.94033419245297977795	     -1.40716805359200236580	    -21.35311374640279780124	      7.38586848658559347314	     -1.90209462756385505600	    -11.08643551884983580180	    -31.92266164227812907939	     -5.83535658916954957931	    -18.94660198919467930523	    -80.64739181278460478097	      1.59616030672639075405	      4.18807699808663169705	      2.50021878509576467309	     -2.60170034802122973616	      0.89887172960848582548
      1.02099999999999813127	     -3.02771189547465269243	    -10.92538064190853219770	     -1.48132908057276324598	    -21.56802086405159002425	      7.20576719726238934527	     -1.94057909476416057259	    -11.09624190886176009485	    -31.97757253564164159343	     -5.83254067821173904917	    -19.09237254315599940924	    -80.86767821573440073735	      1.67910004195619411149	      4.09421703553538574027	      2.41482728107691446695	     -2.63861489781509472863	      0.90640808115087789787
      1.02199999999999802114	     -2.98966527395771208830	    -10.91321014677430412121	     -1.55576889378323812707	    -21.77400379830552878957	      7.02153580644505836972	     -1.97834570119195518600	    -11.10530920007715138809	    -32.02986476646161406734	     -5.82832972823240602622	    -19.22801704794851929137	    -81.07025594996241579793	      1.76488553918134893905	      3.99847397452870456647	      2.32748525984534104794	     -2.67538615198242846205	      0.91396788053300648258
      1.02299999999999791100	     -2.95210919336803101487	    -10.90355200347644881731	     -1.63044817177583922785	    -21.97054626877832106402	      6.83387548058057348044	     -2.01581153958997560949	    -11.11454651465926346532	    -32.07918048160054524942	     -5.82228782648630538432	    -19.35524777618563518899	    -81.25744280092162341589	      1.85339072580752439734	      3.90085379210285410068	      2.23825936755525090049	     -2.71201567070614713018	      0.92154846403059709203
      1.02399999999999780087	     -2.91509144252366070305	    -10.88694694955040631612	     -1.70510164157815324870	    -22.15825718223210571978	      6.64465628905307426066	     -2.06421310441233174515	    -11.14116826966214901518	    -32.12518421926324663218	     -5.81472954859311208509	    -19.50151551769845426065	    -81.46424814221299470773	      1.94392732648294153108	      3.80146977681778963643	      2.14725457858698787206	     -2.74839464227057961310	      0.92914357620681453653
      1.02499999999999769074	     -2.87842299944630042319	    -10.86334669177298906106	     -1.77967967607466448499	    -22.33687981153885004915	      6.45437260185688899128	     -2.12292802502881272630	    -11.18492584088262020714	    -32.16771499053970018167	     -5.80551998447346129240	    -19.66781498452751009154	    -81.69265649122588968112	      2.03616784012814466820	      3.70035126230749966680	      2.05455246064295549147	     -2.78457037613357716310	      0.93674718173012427869
      1.02599999999999758060	     -2.84184582808423158440	    -10.83875015556688481411	     -1.85426742751863571357	    -22.50551284743328039895	      6.26276908890774564043	     -2.18401648811568804831	    -11.23461576453534860320	    -32.20666438420063570902	     -5.79403933285459515901	    -19.83813936724404669576	    -81.92320309560848556885	      2.13009444895362332062	      3.59745893192435772789	      1.96021289157127798219	     -2.82067431551121794442	      0.94435450500767181836
      1.02699999999999747047	     -2.80542753165494218592	    -10.81880129785221811289	     -1.92893340889071396305	    -22.66294630183854508232	      6.07009443330289855112	     -2.24112377907336224325	    -11.28078202790369033437	    -32.24176501144550854860	     -5.77902040103341896327	    -19.99747840697807532706	    -82.13676715664499283776	      2.22601564279562014192	      3.49273075535672106184	      1.86427900370155219534	     -2.85676552651653592463	      0.95196647569634196273
      1.02799999999999736033	     -2.76911079363553369603	    -10.80329209049475025495	     -2.00359549214236665193	    -22.80905202569144307745	      5.87693560188129993094	     -2.29420959184919581730	    -11.32375432371656209796	    -32.27301018402874888125	     -5.76018484107612138700	    -20.14710628770696132506	    -82.33529803960215076586	      2.32372956817763487436	      3.38621775533121116553	      1.76683475079451035583	     -2.89285592948748115916	      0.95957879296451054074
      1.02899999999999725020	     -2.73251451252174604178	    -10.78310793166787107111	     -2.07795725281771126447	    -22.94546834490597575495	      5.68415201483892928991	     -2.35237396369875284563	    -11.37824672719477447913	    -32.30087099795488825293	     -5.73907624049031461766	    -20.31283534615598895812	    -82.55280005218365602104	      2.42213958251006333811	      3.27816328201033790890	      1.66803794420579132307	     -2.92891792436401621202	      0.96717775011103679361
      1.02999999999999714007	     -2.69548004136665042552	    -10.75798635505586275940	     -2.15194074662494472250	    -23.07242274167015239072	      5.49185971766758029844	     -2.41520626236446389612	    -11.44410857451827467912	    -32.32562066151108126633	     -5.71595678390993633400	    -20.49561169000875082702	    -82.79097816005243259951	      2.52095480746198363775	      3.16867233472304388187	      1.56799396584933470322	     -2.96498204169429735444	      0.97475740366120833258
      1.03099999999999702993	     -2.65802813080901501053	    -10.73345044165594686092	     -2.22559057227265100209	    -23.18917161103119894960	      5.29992331475580158440	     -2.47619941636769169691	    -11.51160173557413912704	    -32.34736677448317720973	     -5.68999064916153596272	    -20.68021387959005963353	    -83.03047746625810532350	      2.62043423117492846330	      3.05774078036082919141	      1.46676632412356955371	     -3.00110970547737831993	      0.98231710477181266583
      1.03199999999999691980	     -2.62033844093903667272	    -10.71500853892632676434	     -2.29888902705747000255	    -23.29476983760116581834	      5.10899497499028143466	     -2.52940758034831958412	    -11.57164128306711248229	    -32.36614274879836727905	     -5.65946757983637471767	    -20.85173272118526810459	    -83.25199346938798328210	      2.72098445553199397295	      2.94532537905223268382	      1.36440094003371648057	     -3.03733070232863333615	      0.98985891277955095902
      1.03299999999999680966	     -2.58234156862572206137	    -10.70232215751190096853	     -2.37171443583019936341	    -23.38959597456359063017	      4.91937059392211040176	     -2.57472816811532823067	    -11.62436624929307171783	    -32.38238345543047103092	     -5.62443822894724831940	    -21.01121957629547054580	    -83.45713771044789552889	      2.82238832270549355741	      2.83154301621331150329	      1.26100353078173466059	     -3.07365263203656091662	      0.99737768497186740646
      1.03399999999999669953	     -2.54352646226672618468	    -10.68600216738013841677	     -2.44382843232236268705	    -23.47607879969869770775	      4.73044527592753638601	     -2.62092357786212915016	    -11.68392676716893952005	    -32.39714383885308279787	     -5.58804114173448951419	    -21.18407813423047869605	    -83.67948639382032638423	      2.92343913299236701775	      2.71677609302427569560	      1.15678221585138185645	     -3.11006409788116000570	      1.00485720353293839224
      1.03499999999999658939	     -2.50381006833379160526	    -10.66551770031742307765	     -2.51515847200889197666	    -23.55469482752599219566	      4.54200768411219257814	     -2.66804424426956643401	    -11.75058760376548327997	    -32.41089905131702408880	     -5.55087078358190666449	    -21.37145354756818704800	    -83.92069375201855052637	      3.02391499979062228221	      2.60117012153744386893	      1.05185618043526218912	     -3.14657629527779203471	      1.01229223548847668823
      1.03599999999999647926	     -2.46339463008371239994	    -10.64614312033086207521	     -2.58569552052772166917	    -23.62478076382156189084	      4.35429309540197095885	     -2.71040095255200697011	    -11.81545272502992816044	    -32.42388025182998489981	     -5.51165867953892174569	    -21.55855779960831242192	    -84.16145694989648973205	      3.12423522080621518526	      2.48472044853484952398	      0.94628460340665521144	     -3.18321079059621370178	      1.01968434665006268958
      1.03699999999999636913	     -2.42255517370142570144	    -10.63316008215321062380	     -2.65529227324040562053	    -23.68609446367898385688	      4.16815347658507562301	     -2.74235759360009012653	    -11.86960559282843519213	    -32.43682042621389882697	     -5.46848767656701362228	    -21.73038820076873633980	    -84.38203488667735996387	      3.22488308495583186897	      2.36746342184801505937	      0.84013173646348970891	     -3.21996669169792859577	      1.02703586331591711911
      1.03799999999999625899	     -2.38127386867007828641	    -10.62596541158643503877	     -2.72381314907788407709	    -23.73942123076271570881	      3.98350815664917945469	     -2.76413354587512571925	    -11.91341657877984516745	    -32.45050089154770489586	     -5.42180459293495342621	    -21.88805707319237825459	    -84.58387489809810233510	      3.32568516779513378978	      2.24957636522100656862	      0.73352184836574796378	     -3.25683606296773842104	      1.03434171635932159461
      1.03899999999999614886	     -2.33905840270848841556	    -10.61484810512101262248	     -2.79122011146945681048	    -23.78684394455321182704	      3.79857795676498710691	     -2.78503166096284360265	    -11.96164072504004494135	    -32.46550522204670130577	     -5.37595701361960287556	    -22.05748985265451977966	    -84.80102585560085515226	      3.42546140882140637274	      2.13143147548118250256	      0.62666978069925161066	     -3.29381178704291066595	      1.04158630939356067202
      1.03999999999999603872	     -2.29589609991789700416	    -10.59910359681111913233	     -2.85747615285201561619	    -23.82874627262009425976	      3.61301243666085269979	     -2.80552497962594316050	    -12.01498933289430937066	    -32.48219190972776715398	     -5.33166535017103271343	    -22.24011877497094147316	    -85.03530500003891745564	      3.52404575213864923455	      2.01315928262100207746	      0.51969145609324085555	     -3.33089558128613072441	      1.04876512628043760955
      1.04099999999999592859	     -2.25209305111096114160	    -10.58385856110922418338	     -2.92247804009593892260	    -23.86478241010172496317	      3.42743665449086165609	     -2.82027824245481895105	    -12.06485825938149503145	    -32.50113494567445826533	     -5.28723753749789082690	    -22.42120359113112115779	    -85.26720599662510835515	      3.62193744624164093437	      1.89477771544326323294	      0.41264706025186947969	     -3.36808490069898658348	      1.05588030868716264976
      1.04199999999999581846	     -2.20803259200401669204	    -10.57398471683558227596	     -2.98591756541323150032	    -23.89584480008619493674	      3.24256743479048736845	     -2.82405509244362917798	    -12.10246684390861027225	    -32.52416671804763126374	     -5.24089255756523542118	    -22.58549921325637654945	    -85.47621023137129725455	      3.71972092104277951563	      1.77647964201872454737	      0.30563835521897342318	     -3.40533438105476982116	      1.06293414474621927823
      1.04299999999999570832	     -2.16376438587560926408	    -10.56863213975722715077	     -3.04767870202726953721	    -23.92281969657409490537	      3.05805252882682054860	     -2.81748822148794886289	    -12.12856292490610599089	    -32.55213092210267689097	     -5.19333994585454661319	    -22.73430464846813947588	    -85.66376031107037647416	      3.81727946387580008292	      1.65845964265582956898	      0.19879410807804864803	     -3.44262274010098678900	      1.06992193995042450538
      1.04399999999999559819	     -2.11879527873176698449	    -10.55822680440493854803	     -3.10804944798013593754	    -23.94594816674752735253	      2.87185627934523779459	     -2.81026957694808743327	    -12.15868918195345216304	    -32.58375166062337058293	     -5.14914276375717516743	    -22.89450113428670618987	    -85.86532904702968949096	      3.91340710696719273898	      1.54083298703862059398	      0.09226450402077812640	     -3.47998674532409291160	      1.07682935426215431463
      1.04499999999999548805	     -2.07315283053232235488	    -10.54203603093031915705	     -3.16704899369595693770	    -23.96520725780463578758	      2.68371788083618412202	     -2.80311468841691180387	    -12.19387448491858805255	    -32.61898086073049540801	     -5.10890185136753061101	    -23.06779561517897647605	    -86.08305515474943092613	      4.00795245297053170930	      1.42365829263320087250	     -0.01385712392721893949	     -3.51743412945461075836	      1.08365215331954756195
      1.04599999999999537792	     -2.02722411614632846977	    -10.52495151126743166969	     -3.22444235950200663865	    -23.98097486156761704024	      2.49441779253203321787	     -2.79092532642845014834	    -12.22556698080585846355	    -32.65911390283098114651	     -5.07075213313958883532	    -23.23924335968310472822	    -86.29688815618159480891	      4.10147714852751033021	      1.30704065582527562128	     -0.11949429380097020825	     -3.55493494328016357287	      1.09039216407642580720
      1.04699999999999526779	     -1.98152114580368277075	    -10.51127615560108097270	     -3.27975394335882697305	    -23.99551393368200535861	      2.30425784305883496472	     -2.76898986133058144787	    -12.24515670023686908507	    -32.70729525296807338464	     -5.03332310747023292663	    -23.39325786412702612438	    -86.48524917108699128221	      4.19469662933441611585	      1.19138257515669643283	     -0.22449437451182996384	     -3.59238711029160606714	      1.09705150735937007056
      1.04799999999999515765	     -1.93613429357804989195	    -10.50006760026801089225	     -3.33291643507439516725	    -24.00943574914487044225	      2.11285139313596914690	     -2.73818692402683439013	    -12.25366038310363769881	    -32.76407886075594433350	     -4.99732884865894355642	    -23.53131857338098953392	    -86.64973613175476430115	      4.28751241047072895185	      1.07683245214205136620	     -0.32874428034728175874	     -3.62977222354856632336	      1.10362550351205124244
      1.04899999999999504752	     -1.89045004238595026891	    -10.48256409019620605250	     -3.38461105651433058483	    -24.01992486267386084364	      1.91894158632813116583	     -2.70786972156150795854	    -12.26694549725554317376	    -32.82520662521799437172	     -4.96647795282832937858	    -23.68131793470445956018	    -86.82804276155741263210	      4.37852712716675362969	      0.96301627122425959016	     -0.43222869372891992157	     -3.66723471399491574019	      1.11010002024323206626
      1.04999999999999493738	     -1.84448028001659736219	    -10.45819992534273978890	     -3.43491476959952990455	    -24.02636538572501478939	      1.72256726062337861549	     -2.67866418851713206095	    -12.28603829478173103951	    -32.89004677068696480546	     -4.94103708316479028895	    -23.84508162501738226524	    -87.02266966169838724454	      4.46753442849797721692	      0.84987932024833678923	     -0.53489199948154597664	     -3.70480943794712080930	      1.11647021567115034557
      1.05099999999999482725	     -1.79868958862863337345	    -10.43151087415000688452	     -3.48343657200692291553	    -24.03022274265138946703	      1.52436815841521422499	     -2.64570472908300757808	    -12.30231435832316222445	    -32.96094753543405886376	     -4.91927189719850765925	    -24.00725290043462933909	    -87.21266023431874714333	      4.55516370796874525695	      0.73768207529825158275	     -0.63662399605639574673	     -3.74243118290827903039	      1.12273707841082925896
      1.05199999999999471711	     -1.75375055444425242968	    -10.40612294225377354451	     -3.52956197989735187548	    -24.03510091542636928352	      1.32403464188595876294	     -2.60502527884361256838	    -12.30754057704774950821	    -33.04233998825909424113	     -4.90039893470747323079	    -24.15198707990778714816	    -87.37533246848944656904	      4.64230318768978911237	      0.62705197126806666574	     -0.73721873493307610303	     -3.77993073011109181891	      1.12890293740304237247
      1.05299999999999460698	     -1.70975181635223805188	    -10.38119500444628329205	     -3.57328949146494778688	    -24.04105245857410011467	      1.12137348955782556459	     -2.55751479179235730044	    -12.30281463146121190277	    -33.13422565602224523218	     -4.88489831338784163961	    -24.28090661563215846286	    -87.51260422866903354588	      4.72881913364924244547	      0.51803947654758264463	     -0.83659680549956760842	     -3.81731149616142406700	      1.13496263399851526898
      1.05399999999999449685	     -1.66578877787389956211	    -10.34942720341445010490	     -3.61566805122023993135	    -24.04172522972601200308	      0.91672761590250217978	     -2.51116631009081459069	    -12.30339967579642213025	    -33.22891437639110279179	     -4.87481979207148263811	    -24.42256727159165663466	    -87.66472673066544984977	      4.81290955668914932630	      0.40965467032969549166	     -0.93491908381576616094	     -3.85489003541933383801	      1.14090007365408308004
      1.05499999999999438671	     -1.62181498336502727398	    -10.31054695615492278193	     -3.65681522984718299085	    -24.03595754371021087081	      0.71051911710878812301	     -2.46628966923491077523	    -12.31007067363099061197	    -33.32523649763341211383	     -4.87001833171975029302	    -24.57878207817716287309	    -87.83454795122213454306	      4.89426700162486305601	      0.30173135629159020255	     -1.03217076178609978854	     -3.89274026798276384653	      1.14670922319451973337
      1.05599999999999427658	     -1.57840708488190273329	    -10.26857219817728150701	     -3.69619116930101654361	    -24.02651762101898214041	      0.50293535211280016028	     -2.41850704452537001998	    -12.31432758182523556911	    -33.42679714290359527240	     -4.86919381894544933687	    -24.73382780013383452911	    -88.00005957554149915723	      4.97364398443688138229	      0.19474251859101787687	     -1.12819378071180587142	     -3.93074388175705946580	      1.15239069773508395755
      1.05699999999999416644	     -1.53640852199787047994	    -10.22649779863996855056	     -3.73310950605618074860	    -24.01798155889258623574	      0.29303447061671761276	     -2.36470979740408893122	    -12.30849043302841749892	    -33.53896411821910561457	     -4.87213782542489326488	    -24.87175635994660538586	    -88.13766593347919808821	      5.05212218941847268638	      0.08950002408194546177	     -1.22274245674403037043	     -3.96866476001848100807	      1.15794753883134982075
      1.05799999999999405631	     -1.49586441743504394708	    -10.18375787748877314698	     -3.76763758345612131961	    -24.00974475917193728947	      0.08094340994273352408	     -2.30559253509302664042	    -12.29355202431186100398	    -33.66109819049751905595	     -4.87896840790161867574	    -24.99428495963469387675	    -88.24972297241593821582	      5.12949176373616033686	     -0.01406175975862122840	     -1.31577995796777758031	     -4.00654115429267498882	      1.16337380372539822559
      1.05899999999999394618	     -1.45547065929463315115	    -10.13478338398155642608	     -3.80107104023463193698	    -23.99249387800915656044	     -0.13117514139709385290	     -2.24718021707549553412	    -12.28345964339547791155	    -33.78263647028012428564	     -4.88991516582667529178	    -25.13023603451326337677	    -88.37890321286478467755	      5.20343057028943611897	     -0.11748748499544880985	     -1.40763121560747439531	     -4.04488539171562422325	      1.16864992932504963008
      1.05999999999999383604	     -1.41512110008531521999	    -10.07957021704737599066	     -3.83354300627568989057	    -23.96478765290349599582	     -0.34263993920986024477	     -2.18951779949732383557	    -12.27874197344521789432	    -33.90213305834668489069	     -4.90455407286386524390	    -25.28140514966040797162	    -88.52835576803519757050	      5.27354448021435384675	     -0.22100355690415351972	     -1.49831064877882225161	     -4.08380338056980640715	      1.17376885960270849196
      1.06099999999999372591	     -1.37554789477302108480	    -10.02151809668345094906	     -3.86441154949491760817	    -23.93060457186565770371	     -0.55394044971572498071	     -2.12904294845539254766	    -12.27137321942944936382	    -34.02436782801338921445	     -4.92221859466560651697	    -25.43191748504121107999	    -88.67511487879353637709	      5.34077805406162298141	     -0.32391067718648969276	     -1.58760997422225935694	     -4.12310728858894570692	      1.17873183511533197176
      1.06199999999999361577	     -1.33772000802508728157	     -9.96330525336864525343	     -3.89299316064057165931	    -23.89487876173366487365	     -0.76644312722110896630	     -2.06329532981632723931	    -12.25413991246458955686	    -34.15506633435001759835	     -4.94304247251858797085	    -25.56580587825934003376	    -88.79504907637547717059	      5.40636753071876974275	     -0.42530172840220537012	     -1.67526989366744150090	     -4.16251587541803758086	      1.18354273119744002329
      1.06299999999999350564	     -1.30160942592041806165	     -9.90475385624063164869	     -3.91940350580107121914	    -23.85647488516185887875	     -0.97969367650047445295	     -1.99264993459736672321	    -12.22778557612421757028	    -34.29307896334910310543	     -4.96678487899523446458	    -25.68482083222928125110	    -88.89097505256988540623	      5.47000962277580704551	     -0.52533516153372428192	     -1.76129165227205675137	     -4.20210639222361415079	      1.18819474564832994190
      1.06399999999999339551	     -1.26554666852678110445	     -9.84163705795208443305	     -3.94500780487564384202	    -23.80459192360089559770	     -1.19018408004546927259	     -1.92140582467355613971	    -12.20490935858001790848	    -34.42639109619525328299	     -4.99239573847518602889	    -25.81782804876898751445	    -89.00734391828454761253	      5.52892778957194686029	     -0.62587118260277740944	     -1.84609921697338474900	     -4.24254700428101649834	      1.19266485658410248405
      1.06499999999999328537	     -1.22938351108687982105	     -9.77410150013147926984	     -3.96992289599518244358	    -23.73787629281275712856	     -1.39716706632931675358	     -1.84947917873620326645	    -12.18585472762556776161	    -34.55363745008219922283	     -5.01937256924605001984	    -25.96656844346923875833	    -89.14741607370774545416	      5.58268234310608235660	     -0.72712458980690453103	     -1.92971592482922282841	     -4.28395939423716853867	      1.19694531918344004850
      1.06599999999999317524	     -1.19399982881365929188	     -9.70507199110423357524	     -3.99346847770775070785	    -23.66109762447456432710	     -1.60175752205282151408	     -1.77411593423225610877	    -12.16314195990404556369	    -34.68037763168867115837	     -5.04760294462663949844	    -26.11511807369031146209	    -89.28748131307116864264	      5.63241733401177491203	     -0.82822252737011492485	     -2.01189768440003247107	     -4.32609195895751241778	      1.20103849801365125671
      1.06699999999999306510	     -1.16043702099105416892	     -9.63732480153677784074	     -4.01503182306549888381	    -23.57890814829021053356	     -1.80548109887372731919	     -1.69328263110944021719	    -12.12997072485888594429	    -34.81211424832659417916	     -5.07728293144225073519	    -26.24768826563690282683	    -89.40347491450629036080	      5.67948056409914858733	     -0.92826091118940468050	     -2.09240072465757265263	     -4.36864369826186482726	      1.20494953439097551851
      1.06799999999999295497	     -1.12860496070204874286	     -9.57102030409879489525	     -4.03474523089971626177	    -23.48995407650890854256	     -2.00769876391036916630	     -1.60713738989683463387	    -12.08689202846926491475	    -34.94750154820471976791	     -5.10796749045437969983	    -26.36607102549312031670	    -89.49859800820554767142	      5.72350889212359703606	     -1.02743077449376496446	     -2.17124770390408894372	     -4.41171824338768558960	      1.20867121078294115222
      1.06899999999999284483	     -1.09660014433235630804	     -9.50237817568802256574	     -4.05385940486253559811	    -23.38378964735257170560	     -2.20439747470619806791	     -1.51895848611657413585	    -12.04545921553476972576	    -35.07481648719566180716	     -5.13821468059221242441	    -26.49886935648516583797	    -89.61781287762077852221	      5.76144647874677851007	     -1.12758907320043011424	     -2.24886809287239142208	     -4.45606036923116288762	      1.21217753340502332193
      1.06999999999999273470	     -1.06426744322942568033	     -9.43150513579075777670	     -4.07244760761678037397	    -23.25948483224169649475	     -2.39495377865466707590	     -1.42872320512888961730	    -12.00595173131366877328	    -35.19309676964294908430	     -5.16764084153781233510	    -26.64773465352941883566	    -89.76423474592969853347	      5.79286161039560543173	     -1.22887070998605185679	     -2.32527218056493012455	     -4.50178779462477862694	      1.21546047282353741892
      1.07099999999999262457	     -1.03259898263387128736	     -9.36117332993254080975	     -4.08985804255591745004	    -23.12198108468771806656	     -2.58086549629706496489	     -1.33429334666746512994	    -11.96139362841152120609	    -35.30810799825496815174	     -5.19643230049561211104	    -26.79682861615544453571	    -89.91384769026802814551	      5.81906205671125498213	     -1.33032278751670229866	     -2.40020572217531924508	     -4.54860717330904940070	      1.21852384699220328557
      1.07199999999999251443	     -1.00264955492679064264	     -9.29473571030075618182	     -4.10559101523232072850	    -22.97510846270785123124	     -2.76352560918154210867	     -1.23374604183258895773	    -11.90524499364609134489	    -35.42465587275951577340	     -5.22456399682157446307	    -26.93067500767904931536	    -90.04322391295507088671	      5.84144983414466345550	     -1.43112887098137964159	     -2.47346513594038919237	     -4.59622678509646931388	      1.22137440293442756101
      1.07299999999999240430	     -0.97429405328662710417	     -9.23255457929010958651	     -4.11975968982729057188	    -22.81763704591709540637	     -2.94226045988412465704	     -1.12712731243874486609	    -11.83790465818523784947	    -35.54153056679485445102	     -5.25155466979744289802	    -27.05102690020232358847	    -90.15568151118674222744	      5.85963918280876239209	     -1.53144684105770423344	     -2.54507346143403312411	     -4.64476138048597331220	      1.22400476461546059426
      1.07399999999999229416	     -0.94556694845950062245	     -9.17013290552887383456	     -4.13335813859603717901	    -22.64111119082133427582	     -3.11338278536584311951	     -1.01751557432636730027	    -11.77029125527057118461	    -35.64879997987786452995	     -5.27642365713686345430	    -27.18583833960030915478	    -90.29511072019728601390	      5.87048817507997977572	     -1.63284334538700282025	     -2.61537568223472183249	     -4.69494655763048562847	      1.22638607460598958454
      1.07499999999999218403	     -0.91634455797543523659	     -9.10732622096000454803	     -4.14640437365670777581	    -22.44521046715492218482	     -3.27650569515179768132	     -0.90510024348446904696	    -11.70273118939358880652	    -35.74607003693515139275	     -5.29902441754645003869	    -27.33662259059130761329	    -90.46420929432156299299	      5.87361346301445941265	     -1.73533488027479698701	     -2.68435406933416054187	     -4.74688106371520213145	      1.22851020246805830993
      1.07599999999999207390	     -0.88767434855314775177	     -9.04719247955517857918	     -4.15832999798966795879	    -22.23440669458588558882	     -3.43317090179694162089	     -0.78801240241595849056	    -11.62857810101010080928	    -35.83872151088647228789	     -5.31950415562015876958	    -27.48772315060910997886	    -90.63916706094677522287	      5.87042052596190622182	     -1.83799736462080254285	     -2.75177443801654098010	     -4.80026151726747940529	      1.23038258155696578200
      1.07699999999999196376	     -0.86054246569193537653	     -8.99417355209476454547	     -4.16874148896920360130	    -22.01144824128289201326	     -3.58432210299601194947	     -0.66390466800802983016	    -11.54110479703058800283	    -35.93065407686222556549	     -5.33732858975651858202	    -27.62382888642807188262	    -90.79746294134449158264	      5.86228303437124065312	     -1.94015709258605895116	     -2.81748667855175050079	     -4.85483794443149996312	      1.23201139554395266984
      1.07799999999999185363	     -0.83481060322482392166	     -8.94866303225930437293	     -4.17770090523319481690	    -21.77552030074799915838	     -3.72933917754734522987	     -0.53273598819508549695	    -11.44051040137417096787	    -36.02105530047631987145	     -5.35207977470232343364	    -27.74647057757518808785	    -90.94213820020307537106	      5.84881668185511749414	     -2.04189366524869519992	     -2.88149649204548774506	     -4.91072424588622169495	      1.23338905166946455338
      1.07899999999999174349	     -0.80864416381797354916	     -8.90419097784194946144	     -4.18590413078179324202	    -21.52110574005791931995	     -3.86554738648111140265	     -0.39835680972824150103	    -11.33777865293166264848	    -36.10258106963266300227	     -5.36389796121942197260	    -27.88283643483620011239	    -91.11472836043094503111	      5.82698721134806696398	     -2.14431294444752396089	     -2.94400788800763812958	     -4.96856749959162513619	      1.23448405360329083180
      1.07999999999999163336	     -0.78197310325410285259	     -8.86020770686607761490	     -4.19332281460584965771	    -21.24847776322458514642	     -3.99281218546285288085	     -0.26122720268053001291	    -11.23334281363849207480	    -36.17535828558824562151	     -5.37288597807743517620	    -28.03426229254898416343	    -91.31733923557088417056	      5.79647608750005716161	     -2.24731876151929022001	     -3.00497267439336912531	     -5.02844176943769660681	      1.23528818304515786153
      1.08099999999999152323	     -0.75581635093074339693	     -8.82058232827506571994	     -4.19949310973568401550	    -20.96116239132128100664	     -4.11234630377872178997	     -0.11921815329280605056	    -11.12049287578569334300	    -36.24394886544779126325	     -5.37879499602007538073	    -28.18521130845359579098	    -91.52677730827976176897	      5.75869533441469805268	     -2.35011132752789286826	     -3.06420217135852102075	     -5.09007113067682048779	      1.23580836612360300819
      1.08199999999999141309	     -0.73103186125673857987	     -8.79120090950149801756	     -4.20408156267576771370	    -20.66091075853329073198	     -4.22442819821775117362	      0.03089809901068463205	    -10.99186125987178286323	    -36.31146541580547904005	     -5.38039609849002609110	    -28.32025841853128511616	    -91.72138060545019300207	      5.71493784700255424980	     -2.45216754325527919178	     -3.12159803614375785941	     -5.15326598784247025264	      1.23605409020904888351
      1.08299999999999130296	     -0.70749177795792661527	     -8.77229407361275548283	     -4.20708738242232982429	    -20.34748154882109361097	     -4.32855854849549359642	      0.18919476185737948981	    -10.84746321289316028924	    -36.37761248274673420156	     -5.37740273326970985579	    -28.44059625363086851735	    -91.90360563137480198748	      5.66484444438039069780	     -2.55347211915597505083	     -3.17713903835136202147	     -5.21812915047462588802	      1.23601755233339050122
      1.08399999999999119282	     -0.68363344012129800831	     -8.75445687275237105496	     -4.20897978410104656177	    -20.01831583370666578503	     -4.42350841824546137104	      0.35023959345937782928	    -10.69911483755124947947	    -36.43750861244630101510	     -5.37145777324038498080	    -28.57288512391299306614	    -92.11214173586603237709	      5.60560981097929555972	     -2.65465577893817528121	     -3.23087952331783112569	     -5.28517393659810874595	      1.23566480806299727746
      1.08499999999999108269	     -0.65943879500844104768	     -8.73668703547772906859	     -4.20970984727591712726	    -19.67410445303104893355	     -4.50936096373447981023	      0.51332232742701933148	    -10.54738461471832522420	    -36.49159868749070056992	     -5.36287366648901020483	    -28.71831387648412459157	    -92.34854043694207348381	      5.53697286471538419050	     -2.75554719510973100682	     -3.28274848918359563044	     -5.35445373382871281365	      1.23498757707837247821
      1.08599999999999097255	     -0.63581493684557699453	     -8.72412716811459176824	     -4.20889877637129927734	    -19.31728022760660223867	     -4.58671873520731310236	      0.68135052413829555462	    -10.38503886398338593722	    -36.54352102017131187495	     -5.35074836625795136058	    -28.86128379277640476630	    -92.59042672094840042973	      5.46027527186669914272	     -2.85551672773951548123	     -3.33261284563987070229	     -5.42574907246802240479	      1.23399417426299784495
      1.08699999999999086242	     -0.61345114968693792434	     -8.72425534105806832486	     -4.20620401290265988337	    -18.94897375247035142820	     -4.65512015383249888600	      0.85878256110487427577	    -10.20361750678679868543	    -36.59599780984707706466	     -5.33310402306219621948	    -28.98582514028757017854	    -92.81657978783141516033	      5.37670476236974437256	     -2.95415154634508514420	     -3.38040832486882214525	     -5.49893514614733192047	      1.23269511058846648055
      1.08799999999999075229	     -0.59224485283311878447	     -8.73696871489988780013	     -4.20157766674240917837	    -18.56949521254256296743	     -4.71424738926724273824	      1.04562169820121653174	    -10.00305288074350151817	    -36.64920597070371144355	     -5.30983398669101447354	    -29.09280677280400340123	    -93.02877180905943532707	      5.28594530324283340406	     -3.05134665102477775633	     -3.42608456867299349113	     -5.57409693852958199045	      1.23108247271546122903
      1.08899999999999064215	     -0.57098821056440840493	     -8.74940832626458586674	     -4.19543028622911151615	    -18.17838825232432498069	     -4.76450802668840367460	      1.23412345655189881199	     -9.79694873493817119936	    -36.69979342403470923273	     -5.28421311191313858302	    -29.20917675461518570046	    -93.26351463588444801189	      5.18548148243178630423	     -3.14737104053171012907	     -3.46958150726155434285	     -5.65160066206720212989	      1.22912068412531771955
      1.08999999999999053202	     -0.54971887215053527598	     -8.76010467372185530621	     -4.18773629200296682029	    -17.77648090029073557616	     -4.80620724384993991407	      1.42319967734020735861	     -9.58623212352625131416	    -36.74825280534683713540	     -5.25675451805095406144	    -29.33623664274377418337	    -93.52214211154513634483	      5.07512062186110668449	     -3.24201807491379945247	     -3.51081690807433233203	     -5.73147930552657669523	      1.22680196823349296764
      1.09099999999999042188	     -0.52918837824027775696	     -8.77571256381904163391	     -4.17815696781124756853	    -17.36530109308593239348	     -4.83925419561101932686	      1.61680300215004990605	     -9.36285070803323193900	    -36.79753891215804628700	     -5.22583719655638212487	    -29.45813116815997290132	    -93.78304555359008531923	      4.95611511712819030606	     -3.33480676633870487535	     -3.54970374944246769289	     -5.81357593663609506507	      1.22413624037880364170
      1.09199999999999031175	     -0.50988860796294943611	     -8.80527983340152786695	     -4.16627200362376015619	    -16.94586035514045363470	     -4.86250372038537648223	      1.82088297432682111321	     -9.11683136371100921735	    -36.85048208579581796585	     -5.18880341477313500320	    -29.55784874502531778262	    -94.02481372734077069708	      4.82953785048864148166	     -3.42536990411421715663	     -3.58618531104040183521	     -5.89782650435701771841	      1.22113457079574549979
      1.09299999999999020162	     -0.49175302179340008024	     -8.84827347902370320298	     -4.15202645337548403859	    -16.51882719925676212824	     -4.87589282967181247841	      2.03521089473476024523	     -8.84825131780301354922	    -36.90753081991196182798	     -5.14578500217703904696	    -29.63614618083681051530	    -94.24874326276373892597	      4.69513632676759051776	     -3.51354007921873545683	     -3.62018908414002416052	     -5.98429352801263014783	      1.21778945219489509455
      1.09399999999999009148	     -0.47399305005983194405	     -8.88829199899001309859	     -4.13598955426056136275	    -16.08445864005149417153	     -4.88151437918777730829	      2.24892776826783347133	     -8.57376870596069373676	    -36.96548520334561516165	     -5.10168204408879510936	    -29.72168397051315835711	    -94.49091266492291651957	      4.55074622705011755386	     -3.59940929798385766958	     -3.65160703217419779776	     -6.07319456401488366737	      1.21406597655637771282
      1.09499999999998998135	     -0.45670143511695471261	     -8.92346578748379215540	     -4.11820479846075215846	    -15.64339710745468892128	     -4.87989649196073571602	      2.46044394954105882789	     -8.29491525588222877730	    -37.02458288346257830881	     -5.05719680782142866349	    -29.81620406325081873433	    -94.75290796677239768542	      4.39625684905881009001	     -3.68278170318456776755	     -3.68036205358996948434	     -6.16454218524901165210	      1.20995771930109130565
      1.09599999999998987121	     -0.44044553644512518531	     -8.96203703959679387481	     -4.09831280763150118673	    -15.19666224118472541704	     -4.87027807629179676496	      2.67498321165322749948	     -8.00248586194427602436	    -37.08750901679685085810	     -5.01002515043530394223	    -29.90323993003263325363	    -95.01348838485739634052	      4.23282806856236604176	     -3.76327416662549651960	     -3.70639399491214938109	     -6.25823798891164173597	      1.20547614194883578875
      1.09699999999998976108	     -0.42554557213368582325	     -9.01437322724135015051	     -4.07577874614695190303	    -14.74561408363409498179	     -4.85107249713253452228	      2.89986260439442844472	     -7.68499389409720290445	    -37.15766018870206011115	     -4.95707000367131556118	    -29.96453918447479125575	    -95.25056691739656855589	      4.06146843309154181867	     -3.84049469450533642600	     -3.72962859613383823643	     -6.35425550330490640505	      1.20063306853136486652
      1.09799999999998965095	     -0.41199618842352947468	     -9.07945835818833302255	     -4.05059507957869868733	    -14.29097006145912018837	     -4.82254260462610773175	      3.13433269127635583118	     -7.34307848330463208697	    -37.23545989920127396999	     -4.89875295174078129179	    -30.00117646475800725625	    -95.46544740667155792835	      3.88203008419725215106	     -3.91425519519099651689	     -3.74998746858877796129	     -6.45262538722937151192	      1.19542248432099595945
      1.09899999999998954081	     -0.39942761361011491772	     -9.13775000333706088895	     -4.02367225221726698692	    -13.83218231030399181236	     -4.78818666376699297871	      3.36404121720758553238	     -6.99734570458689919548	    -37.31640214536859900818	     -4.84127804589484789233	    -30.04483672264078819580	    -95.69576371911763601474	      3.69270173172390192562	     -3.98468919597236848062	     -3.76739670047328001345	     -6.55343611083104526926	      1.18981248788846416531
      1.09999999999998943068	     -0.38797662705158586505	     -9.18712061987906736249	     -3.99514699193824185386	    -13.36945223912547930922	     -4.74867787229275961636	      3.58688305035472865256	     -6.65004904472314972708	    -37.40023834197315011352	     -4.78544821980596601918	    -30.09792399433320753133	    -95.94373806402973059448	      3.49345867856333258672	     -4.05165596075336420512	     -3.78180209358498498062	     -6.65668094268404608727	      1.18379877136847166952
      1.10099999999998932054	     -0.37803485573324735469	     -9.23727214422513043246	     -3.96458322043241651045	    -12.90378078472797085396	     -4.70271661737028523476	      3.80938664840151375302	     -6.29066517067278230257	    -37.48987225027487113493	     -4.72841024098636886208	    -30.14304570934700677753	    -96.18795627522814584154	      3.28540156106177372308	     -4.11480431385617961837	     -3.79314800475286650894	     -6.76230153708913306332	      1.17739441959083812606
      1.10199999999998921041	     -0.36985441045679579020	     -9.29941696925328642465	     -3.93136025991637438892	    -12.43707790388781120328	     -4.64870541560463834685	      4.03958825267385179814	     -5.90683048753629691419	    -37.58945665375990330404	     -4.66702993549581446331	    -30.16103489592706310418	    -96.40557366787211890369	      3.06960659042904149274	     -4.17366725125196680324	     -3.80133155355559804178	     -6.87026239044601361172	      1.17061334960913976388
      1.10299999999998910027	     -0.36352295443228399563	     -9.37206949816129508690	     -3.89557087749456343317	    -11.96974583759205756905	     -4.58724123831434837939	      4.27595343833834817815	     -5.50016062380691561629	    -37.69904919904274720466	     -4.60200490650223237310	    -30.15373079766424524450	    -96.59842560200954153515	      2.84607649398214146430	     -4.22808349888630363722	     -3.80629068260244229904	     -6.98055106207340347879	      1.16345227925906957722
      1.10399999999998899014	     -0.35896817946016312817	     -9.43346244912629572354	     -3.85851722580626699255	    -11.49934773114252095638	     -4.52246704548220179731	      4.50126315095307916181	     -5.09492065715990705144	    -37.81183121341658193160	     -4.54008334022379944628	    -30.15618038046428139864	    -96.80693301956463869828	      2.61322416293058301662	     -4.27841522326022349887	     -3.80805305521043635508	     -7.09318146221735723600	      1.15588288066188482617
      1.10499999999998888001	     -0.35635417803463553810	     -9.48139159927944774608	     -3.82042273296576695429	    -11.02553731546424842236	     -4.45505600183419403493	      4.71304023854915499214	     -4.69399457599343250536	    -37.92698510269993761312	     -4.48202214591859604553	    -30.17144705293775075461	    -97.03407269332932116868	      2.37110571561467420310	     -4.32459789808876671202	     -3.80659785220072155454	     -7.20812887444111094482	      1.14790337750169113562
      1.10599999999998876987	     -0.35596803115137731766	     -9.52666794559164031853	     -3.78076003637895041720	    -10.54966705193042741939	     -4.38345755663263503266	      4.91878472086152385145	     -4.28579538404212367908	    -38.04799436973394222150	     -4.42469304944550501091	    -30.18119311886254862998	    -97.25785423469174872935	      2.12085736247901168738	     -4.36624338743711870592	     -3.80185501421337335159	     -7.32533724099069250002	      1.13952911411558943655
      1.10699999999998865974	     -0.35813100111610651766	     -9.58083661756066362614	     -3.73890644591178045175	    -10.07401421434319388482	     -4.30645566271537916236	      5.12638479262803059555	     -3.85805535924831355388	    -38.17957616372320472919	     -4.36526576329409010668	    -30.16601763518323053859	    -97.45498299765309013765	      1.86377878693935183918	     -4.40280603656451052785	     -3.79370379466329454843	     -7.44470965024397468568	      1.13077787512658733959
      1.10799999999998854960	     -0.36301914335136586942	     -9.64209140755852445182	     -3.69507126327413004674	     -9.59840789910862213219	     -4.22482227713173585926	      5.33357796434154352028	     -3.41340398819077739390	    -38.32118161557180968657	     -4.30454183998407735601	    -30.12865250073910772244	    -97.62808180981352279559	      1.60002436106272405425	     -4.43419535683478027721	     -3.78211881508446756683	     -7.56619034691909941870	      1.12164962475064244884
      1.10899999999998843947	     -0.37060401534918696598	     -9.68767467409742266682	     -3.65081439039175847938	     -9.11841111340886811831	     -4.14229609736749182503	      5.52199736096662263662	     -2.97803578363647902805	    -38.46362238074283368405	     -4.24882900313853184571	    -30.10646220970343378553	    -97.82019949127335678440	      1.32796811481598053817	     -4.46108619633898140222	     -3.76724914200599059200	     -7.68980461309876073273	      1.11211769363153134549
      1.10999999999998832934	     -0.38102536396503694505	     -9.71553278760950433934	     -3.60639729451821722250	     -8.63327013029409329192	     -4.05934884276837237849	      5.68922438558639953499	     -2.55498863407551679572	    -38.60565502902186807432	     -4.19864858343371771809	    -30.10278264034296213936	    -98.03477382267975315244	      1.04770300414739336858	     -4.48348954559141255061	     -3.74910664281483674287	     -7.81551962320780013727	      1.10218244092852302174
      1.11099999999998821920	     -0.39456280699988610650	     -9.73713257233401918711	     -3.56123484099158815752	     -8.14480981474672205422	     -3.97452069617456515971	      5.84318078639476823355	     -2.13215616365062254900	    -38.75143863955485556971	     -4.15090451246609148939	    -30.09858400490167440466	    -98.24909120620645808231	      0.76051583519674004208	     -4.50094765930408868826	     -3.72760354612845512534	     -7.94323835332558836342	      1.09186237664717911144
      1.11199999999998810907	     -0.41175962252381737017	     -9.76383060687680881529	     -3.51482017786348421851	     -7.65519177154742180846	     -3.88727216366734751318	      5.99059977275776134320	     -1.69856985843790386781	    -38.90575687567381635290	     -4.10329058024162485196	    -30.07517951435689695927	    -98.44003870544203493864	      0.46809387079683739685	     -4.51288167455548006046	     -3.70263435212800917640	     -8.07274830154555189665	      1.08118115297174410827
      1.11299999999998799893	     -0.43283609594597294290	     -9.79371464062447216747	     -3.46744821805738467901	     -7.16367136121205305699	     -3.79831706037269611897	      6.12884908007005435593	     -1.25751139304192127710	    -39.06745329834324564899	     -4.05648198607309051766	    -30.03594026168367037144	    -98.61089517144060323517	      0.17070139752587421000	     -4.51929257789869254225	     -3.67421925792393855303	     -8.20396016360010982282	      1.07014163554647323551
      1.11399999999998788880	     -0.45743486510306752280	     -9.80440390851640586334	     -3.42063729889402168283	     -6.66482811940483088620	     -3.70996311796078259704	      6.24106965511070654884	     -0.83404980369200520940	    -39.22599692463919751617	     -4.01546101333641836106	    -30.01814121513653077500	    -98.80568370884591899994	     -0.13370421458022141437	     -4.52111529313545812414	     -3.64258280545557422414	     -8.33702312286005486897	      1.05871444332000796962
      1.11499999999998777866	     -0.48559165854084085368	     -9.79422707485650789749	     -3.37461021713434661251	     -6.15785764389086409665	     -3.62231396271096173223	      6.32551553161901836120	     -0.43064296877430852106	    -39.38005353220788151702	     -3.98037743009677091877	    -30.02474852518884773644	    -99.02773560066971469951	     -0.44506580060131861742	     -4.51841220005266830384	     -3.60775580382428628923	     -8.47191349803655313622	      1.04690109133160902388
      1.11599999999998766853	     -0.51769523521535631971	     -9.77481004681453669036	     -3.32880367482628969356	     -5.64487017910529687015	     -3.53434646398852692073	      6.38976974315269785620	     -0.03552498071363041632	    -39.53423527468762443959	     -3.94846395681675010891	    -30.03664937735781492734	    -99.25388691808562668939	     -0.76181707370495121978	     -4.51066758848617244126	     -3.56964843766899297961	     -8.60844806336551471304	      1.03472455604607382895
      1.11699999999998755840	     -0.55463890997572207198	     -9.75687934335493878280	     -3.28293235042966102810	     -5.12738780504837166063	     -3.44635121747654693536	      6.43854692054760846531	      0.35990760770714391725	    -39.69284759092612802078	     -3.91802105072239781336	    -30.03675938705859849165	    -99.46186818595850809288	     -1.08175421505403157596	     -4.49733529642115659186	     -3.52821085783503463063	     -8.74625510793748439653	      1.02221590874058687604
      1.11799999999998744826	     -0.59660194943384681210	     -9.73866789667380317042	     -3.23729992236103214509	     -4.60441919019103806932	     -3.35879004994771435122	      6.46946754285285408059	      0.75245541416467665030	    -39.85443561311594606877	     -3.88944195022490335489	    -30.02848377316900041478	    -99.65513017055364741736	     -1.40459094363073466738	     -4.47848981289651337789	     -3.48349698080133718392	     -8.88523407912873430803	      1.00937977252227861769
      1.11899999999998733813	     -0.64248163059976093336	     -9.69944752623527506330	     -3.19301352102174007541	     -4.07134026996858722214	     -3.27189168650652106862	      6.47011343325810628357	      1.12174214962686980002	    -40.00888296568445667845	     -3.86595178854064469576	    -30.04600326957953626561	    -99.87626441303106616942	     -1.73320304734959629300	     -4.45515452342817308562	     -3.43570247957728502897	     -9.02577981546160934556	      0.99617872215220781840
      1.11999999999998722799	     -0.69214172425640185793	     -9.63806311450471753233	     -3.15018070690514662147	     -3.52777152930333670611	     -3.18538283875173533488	      6.43989552419165534047	      1.46651851634853613859	    -40.15522566071347654315	     -3.84737462980823119452	    -30.09134379921618673848	   -100.12795381056866972358	     -2.06763654969863708288	     -4.42739072951552348201	     -3.38484954200380938616	     -9.16789406541850304677	      0.98261445997004370767
      1.12099999999998711786	     -0.74621103787609399660	     -9.56578184237690720693	     -3.10836107348698931219	     -2.97572925392833553815	     -3.09898079709772389378	      6.38513807884157813533	      1.79712601330543897404	    -40.29813170518246323581	     -3.83152920271015995368	    -30.14618889506494170405	   -100.38719341075076840752	     -2.40591932365943339533	     -4.39466051915957667262	     -3.33087189028344887731	     -9.31126465672877934310	      0.96871586446685142846
      1.12199999999998700773	     -0.80595485556719381748	     -9.49251469965875571688	     -3.06753219121770825950	     -2.41574908568141211163	     -3.01370639341138257805	      6.30834677299394286365	      2.11951952355403649975	    -40.44102559742539426679	     -3.81720136973335844033	    -30.19537227800722689608	   -100.63286193080784869380	     -2.74533976848371219504	     -4.35651434785579994013	     -3.27380393008557257772	     -9.45535780729045427506	      0.95452117603928021694
      1.12299999999998689759	     -0.87140637752266059124	     -9.41687254462647160835	     -3.02791027940675405716	     -1.84709472199804736192	     -2.92965924249186571160	      6.20810937916591853991	      2.43146626616504990537	    -40.58262827110219461701	     -3.80446300090357958368	    -30.24159265756756198584	   -100.86796334773347894043	     -3.08570594482712179385	     -4.31305279116354078894	     -3.21370399765285030824	     -9.60009301843506257512	      0.94003522896111135765
      1.12399999999998678746	     -0.94046659679058564052	     -9.32049898407552745994	     -2.98991162196703896825	     -1.26770935682327490213	     -2.84503155535423957190	      6.07822172041423414157	      2.71958866649890662615	    -40.71503818767836690995	     -3.79502340409862970461	    -30.31383889682275167843	   -101.13176921136343366925	     -3.43094537040031788422	     -4.26516214776857527369	     -3.15062108152018849339	     -9.74617596842349875885	      0.92520980646656481028
      1.12499999999998667732	     -1.01281117380312934984	     -9.20273254982629396181	     -2.95349362753654531843	     -0.67795870962162041451	     -2.75932535905130293941	      5.91935376042933114604	      2.98401976973934335291	    -40.83797459793756701174	     -3.78857446801396102742	    -30.41300612862893970600	   -101.42607987489365939382	     -3.78121846543989503786	     -4.21285952149144105050	     -3.08454753696619787817	     -9.89363525822531997278	      0.91004670694924127972
      1.12599999999998656719	     -1.08939873102866613408	     -9.07410566578383281922	     -2.91842667091904672816	     -0.07929182663640688133	     -2.67312904448476729158	      5.73590081080588731766	      3.23283326719543406824	    -40.95564727944049820962	     -3.78361213163510567981	    -30.52233636251732207256	   -101.72868777002663875919	     -4.13407412932215123647	     -4.15564812803417282794	     -3.01547398049824000310	    -10.04200421493230876990	      0.89458163977800264632
      1.12699999999998645706	     -1.17178777402487810377	     -8.94378283691807496325	     -2.88490458436437791079	      0.52865765792643060195	     -2.58798268251770480219	      5.52861418180194164051	      3.46982376088484922860	    -41.07060621232867703156	     -3.77923952600738299878	    -30.62829419357614568753	   -102.01949879264250853339	     -4.48640203819867799950	     -4.09319252588677962024	     -2.94351870441438290271	    -10.19061459275719627726	      0.87885851514619695024
      1.12799999999998634692	     -1.25980251591359149188	     -8.81086577268757764614	     -2.85298731205234901154	      1.14591757872985056110	     -2.50369845352859954346	      5.29744688124050355782	      3.69424002674230145260	    -41.18218488832366119823	     -3.77534813087097020912	    -30.73243254713113969956	   -102.30069076335344391282	     -4.83816506835070825332	     -4.02556448891215890029	     -2.86871415958461772888	    -10.33942263468103917035	      0.86288170680232090248
      1.12899999999998623679	     -1.35038265005820790066	     -8.65935930865805403300	     -2.82235933390992954628	      1.77122757597319946399	     -2.41708475778160902792	      5.04223414243105594323	      3.89967712719374581809	    -41.28554096513546056713	     -3.77284642977531170516	    -30.85833884907032143019	   -102.60777981406145897836	     -5.19424946768473105863	     -3.95337331733358610109	     -2.79090413095138822897	    -10.48942132975435548303	      0.84659382091375467994
      1.12999999999998612665	     -1.44305584064144909462	     -8.48896141380899393880	     -2.79285495328861088637	      2.40352223003974074800	     -2.32761503225593457955	      4.76461792429088859535	      4.08732508166621499868	    -41.38103342513996807384	     -3.77149015305151547039	    -31.00603117231898053774	   -102.94185578336487196793	     -5.55488751872242936258	     -3.87659513629274865565	     -2.71005454259601874512	    -10.64065318733581300137	      0.82999752275356719622
      1.13099999999998601652	     -1.53911291014051698767	     -8.30935837830261903036	     -2.76448433763606260527	      3.04224358859715948711	     -2.23662571771765783524	      4.46697424581202540139	      4.26280796055926725074	    -41.47202602536876980821	     -3.77031935288083541735	    -31.16058374773135142277	   -103.28185101651973809567	     -5.91717842305379271295	     -3.79483963814151170624	     -2.62623987262007307919	    -10.79250255714988604439	      0.81313503638057449407
      1.13199999999998590638	     -1.64026586984871869390	     -8.12920326806900561678	     -2.73754330655840760755	      3.68817039051261019722	     -2.14597966439632159563	      4.14914405396801555526	      4.42874676857963933685	    -41.56060463119155201639	     -3.76865390464168337203	    -31.30938937630454077521	   -103.60825464769783366137	     -6.27777598668046721286	     -3.70784524603291476552	     -2.53963109591586189140	    -10.94421170328918613279	      0.79605377149174483264
      1.13299999999998579625	     -1.74614441549655907693	     -7.94802651039361762741	     -2.71193344302510297439	      4.34050918399975671491	     -2.05537519071022245498	      3.81231863332985199122	      4.58575312411646507371	    -41.64683043262471784374	     -3.76639446027117186233	    -31.45293293336737150412	   -103.92245145464326583351	     -6.63677711940173775673	     -3.61563702154550359325	     -2.45022703186681400922	    -11.09576801174384463877	      0.77875809094262171683
      1.13399999999998568612	     -1.85304090339883487104	     -7.75153442843748052837	     -2.68684278552913724525	      4.99551456756057632447	     -1.96101159848115003115	      3.46035251104744645545	      4.73207303756495445413	    -41.72822703643839048482	     -3.76426712922655060112	    -31.61110352350555530165	   -104.25731650462739708018	     -6.99966623576937507778	     -3.51861161278343992365	     -2.35772219627766732586	    -11.24835076171918402110	      0.76118663095527949736
      1.13499999999998557598	     -1.96044046280260886306	     -7.53951796749709046708	     -2.66206745275351863711	      5.65182683574279565164	     -1.86250227899182618785	      3.09513415917635370533	      4.86909158308763689860	    -41.80541231936813773018	     -3.76219877799452984135	    -31.78374236609844416535	   -104.61376991205277420249	     -7.36664013106714854473	     -3.41675296231382930046	     -2.26208750000468361563	    -11.40198505174249099525	      0.74334437703286182497
      1.13599999999998546585	     -2.06990338223427272624	     -7.32088996608177922099	     -2.63781714253090626698	      6.30974224067135480709	     -1.76170909897177807579	      2.71734623959243037916	      5.00033707600279164751	    -41.88088306073638733551	     -3.75957558636789146433	    -31.95757659553460783286	   -104.97186709775915858245	     -7.73443812823120246946	     -3.30979317390869276494	     -2.16348274177026178577	    -11.55593075811410841425	      0.72527870407330663483
      1.13699999999998535571	     -2.18312213284011136238	     -7.10414984315707442875	     -2.61436585800323939566	      6.96990014079591446716	     -1.66062180734856212894	      2.32696044466904083947	      5.12850580717972803768	    -41.95672951892810687013	     -3.75583615774951473654	    -32.11998862615156014044	   -105.31205027186807399175	     -8.09967352838080145716	     -3.19749262006361334443	     -2.06209155591329240664	    -11.70939835945412710316	      0.70703787952585139820
      1.13799999999998524558	     -2.29961143574224990971	     -6.88907187444678470456	     -2.59152960407165267043	      7.63103233051752738447	     -1.55896525508495642498	      1.92584295732152099845	      5.25491925740427845426	    -42.03341374353099979544	     -3.75097368673759090640	    -32.27090967438009982970	   -105.63529954878244154770	     -8.46249690386270358999	     -3.07987083942955486293	     -1.95790462941559662013	    -11.86238455033694627616	      0.68862731568254398340
      1.13899999999998513545	     -2.41553003070166028010	     -6.66194260457081099958	     -2.56841159153835008055	      8.28885395775191113898	     -1.45297886120971497803	      1.51855642330039586341	      5.37854444535892373125	    -42.10907411764088692507	     -3.74585408140851727765	    -32.42958386904459899824	   -105.97405532986084608638	     -8.82844542152134792445	     -2.95732389903382575369	     -1.85061172928728812082	    -12.01609702393357004269	      0.66998884578134410006
      1.13999999999998502531	     -2.53043743539684840016	     -6.42237650627345146859	     -2.54487518366579479334	      8.94228826937109033679	     -1.34248210427421099666	      1.10645559806621918142	      5.50003742304046028266	    -42.18404094907126733460	     -3.74054715115508251699	    -32.59642039605525098978	   -106.32963865715726115013	     -9.19757453126079838057	     -2.82991819945264122538	     -1.74023472809535784123	    -12.17051236257086266335	      0.65113094137264626582
      1.14099999999998491518	     -2.64602293005144417748	     -6.17880958200456120721	     -2.52123525992017505359	      9.59215532774487655843	     -1.22957175785903416454	      0.68938721358196630717	      5.62186004593046018130	    -42.26020246895687648703	     -3.73455651215788275721	    -32.75903677836900129705	   -106.68272906179268488813	     -9.56644257640141226773	     -2.69748875232298512827	     -1.62699707670503901369	    -12.32481829729729128076	      0.63210355566891696100
      1.14199999999998480504	     -2.76382906436801079053	     -5.93992127533402936024	     -2.49766043342850707631	     10.23861950733824244253	     -1.11617952397001829468	      0.26823926134849784830	      5.74773727682776858217	    -42.33994219607435383068	     -3.72731942612920530422	    -32.90409156314400007659	   -107.01326912211558806121	     -9.93177964056508599811	     -2.55978858759045024840	     -1.51106874785984501841	    -12.47824221329643101797	      0.61295382717169166753
      1.14299999999998469491	     -2.88337414361498645121	     -5.70548372880438137145	     -2.47398968682817610443	     10.88054165526715166834	     -1.00209580997992020457	     -0.15522553177639508704	      5.87878466637747898460	    -42.42356102234392523087	     -3.71886230158440245219	    -33.03169046811814979492	   -107.32238743797014990378	    -10.29368594515892532115	     -2.41690956427293990316	     -1.39247947900797974796	    -12.63076055414790133113	      0.59368943995518064227
      1.14399999999998458478	     -3.00117627797880004437	     -5.46123396096004398714	     -2.44963789123534070313	     11.51512309004831990933	     -0.88394215728764891082	     -0.57885165303376595602	      6.01098105525936787785	    -42.50795763005994842842	     -3.71018525001782784045	    -33.16332051871799535547	   -107.64414644040940061132	    -10.65726162318322245426	     -2.26948896349328244071	     -1.27107426985096916283	    -12.78346284251032827228	      0.57426118304668705150
      1.14499999999998447464	     -3.11693691053675081548	     -5.20646047770935638255	     -2.42460135417996980323	     12.14197588220822865424	     -0.76167851439122102875	     -1.00225155454357661711	      6.14375649477306673418	    -42.59279334576622488839	     -3.70136598069541467027	    -33.30036031061297308042	   -107.98057109444333434567	    -11.02238063161389192146	     -2.11773142079860754450	     -1.14695968891199706619	    -12.93626462598483861655	      0.55468114084465947045
      1.14599999999998436451	     -3.23230664520804111817	     -4.94952769591856167608	     -2.39918300736792389216	     12.76195186855997576458	     -0.63735318166327203926	     -1.42536471456921276513	      6.27979217091150232477	    -42.67978497911841628820	     -3.69182903725483457791	    -33.43033069126518341818	   -108.31228509403769066921	    -11.38562962182089144392	     -1.96152643657894198981	     -1.02038487552750245513	    -13.08834451371233598138	      0.53499897175348642975
      1.14699999999998425437	     -3.34866423063128593185	     -4.69940864547089631742	     -2.37345094247780252772	     13.37481958708053753071	     -0.51275394930240736358	     -1.84628862166456997329	      6.42399572095919690895	    -42.77154498796407011696	     -3.68091404137426136955	    -33.53903530161312573910	   -108.61865219128036130769	    -11.74389622477745120932	     -1.80063086202266742220	     -0.89150929427418423856	    -13.23896201407402983818	      0.51526010559057588978
      1.14799999999998414424	     -3.46564449701699572870	     -4.45564160489016103384	     -2.34736102276437463843	     13.98007744247318839825	     -0.38774555654393338955	     -2.26405650631616595092	      6.57648373899950566823	    -42.86775810692888910580	     -3.66859970055956052803	    -33.62736279291232222022	   -108.90137315118222716137	    -12.09714112673104757789	     -1.63526791268182591921	     -0.76044098339490551197	    -13.38804697850975955475	      0.49547522391196752167
      1.14899999999998403410	     -3.58036427204287122095	     -4.20278792578830007187	     -2.32081420508939118008	     14.57730766732626648263	     -0.25940742270179839579	     -2.68039861405694068708	      6.72851429264734690605	    -42.96327305330305534881	     -3.65593121628138284507	    -33.72039634160928045503	   -109.19705352861521419072	    -12.44981581518066526826	     -1.46641770760163048237	     -0.62725386198608790167	    -13.53650278197949852199	      0.47560575168072993790
      1.14999999999998392397	     -3.69267169985006660227	     -3.93980393678174323213	     -2.29393220639583717002	     15.16677999926984909962	     -0.12778912148624499423	     -3.09588738345829028731	      6.87834206845615625525	    -43.05713465400631179136	     -3.64294628584271862337	    -33.82044484160715569487	   -109.50838014542682685715	    -12.80163866576799946984	     -1.29440847188044827476	     -0.49213392956691803803	    -13.68419082973919564949	      0.45566652994595280290
      1.15099999999998381384	     -3.80408044388160249127	     -3.67528245800775721364	     -2.26692488486028764783	     15.74899580040175806062	      0.00523171931598653828	     -3.50956867246786430314	      7.02971953386057890611	    -43.15126838788862784213	     -3.62894007011211883196	    -33.91425894864327972300	   -109.81544089258026986045	    -13.14935661453804272014	     -1.11912788497579018809	     -0.35531930260666033661	    -13.83032229052451000939	      0.43570508967796239830
      1.15199999999998370370	     -3.91587861574058138103	     -3.41846593962503675357	     -2.23983514614617718053	     16.32380418212423478508	      0.13808200580076857023	     -3.91886304877596103324	      7.18834662835288185079	    -43.24810296751577709529	     -3.61301219553056274236	    -33.98705774262861467605	   -110.09720255570029223691	    -13.48997488609149364436	     -0.94039580903224617714	     -0.21699139520253707403	    -13.97418058930453099720	      0.41576552803967992133
      1.15299999999998359357	     -4.02786162038644590666	     -3.16859206655672664965	     -2.21275685539143296410	     16.89146420202246190456	      0.27084364891011603049	     -4.32377914348391811927	      7.35315499860739230087	    -43.34663012985689078960	     -3.59505484902030714167	    -34.04064716674697166354	   -110.35600649190192257265	    -13.82330238389668508603	     -0.75856703196743868745	     -0.07734082716419621306	    -14.11564502743344284852	      0.39586115578976732721
      1.15399999999998348343	     -4.13766908946051614748	     -2.90905094587512280668	     -2.18594561815497456791	     17.45314049780411380652	      0.40594815859712696238	     -4.72942988372561501365	      7.51135081992905284665	    -43.44043611194643261797	     -3.57631837217051717914	    -34.10321885582941803250	   -110.63060410021745383347	    -14.15324989135566724485	     -0.57482391929439824452	      0.06340008140548469839	    -14.25545846604835453775	      0.37596157167630872564
      1.15499999999998337330	     -4.24523400265687200772	     -2.63860783985168723120	     -2.15956848050025485009	     18.00931176723868532008	      0.54326731417853579842	     -5.13688339343003974591	      7.66061123936760957065	    -43.52840972532190733091	     -3.55687185282700379929	    -34.17754621204120724087	   -110.92398790342416248222	    -14.47947290126920805164	     -0.38953653168867230505	      0.20501163167725433567	    -14.39345578935805569643	      0.35608272926137551906
      1.15599999999998326317	     -4.35192181075311168570	     -2.36622391552776889512	     -2.13373100386266401074	     18.56009799988794384262	      0.68112199522606431401	     -5.54410546706169782283	      7.80600510983636652895	    -43.61275656154241886497	     -3.53587032695175107477	    -34.24939222403693150909	   -111.21554279649475915903	    -14.79891798621996201746	     -0.20257334384532477145	      0.34727940195420359260	    -14.52889646153755442981	      0.33626941113453767684
      1.15699999999998315303	     -4.45906207680447153052	     -2.10124307066990922976	     -2.10855661834055752024	     19.10602148329175520303	      0.81814410430639838978	     -5.94851926348712822801	      7.95322323416213272651	    -43.69522376755918458002	     -3.51208637206105178663	    -34.30397372768605634974	   -111.48422561569503841383	    -15.10860024837705850587	     -0.01388163416304877273	      0.48995989409670315240	    -14.66105927615643977902	      0.31656540397927424024
      1.15799999999998304290	     -4.56658048634932356435	     -1.84267314164762296969	     -2.08421998000036978738	     19.64775014702011901591	      0.95432375831518356790	     -6.35084401925982433568	      8.10036903150396270235	    -43.77448816417653176813	     -3.48542894908602240989	    -34.34373748380179591777	   -111.73280111380655910125	    -15.40823217810636336367	      0.17612583456989572284	      0.63281910506076677336	    -14.78978970628672584553	      0.29698542421540130576
      1.15899999999998293276	     -4.67229852960697655817	     -1.57329161514635984531	     -2.06097432850145878547	     20.18598040870526233448	      1.09155071418048521537	     -6.75749995664106961613	      8.23316583306502636219	    -43.84481681019425280965	     -3.45776702356179743703	    -34.39805683883759712671	   -112.00079216650554769785	    -15.70155460525542956418	      0.36637911304651105127	      0.77564837971404454464	    -14.91577642584813645499	      0.27750192241378091040
      1.15999999999998282263	     -4.77612932467536666081	     -1.29190729759909572749	     -2.03892476786636223096	     20.72082681979142648743	      1.22962073583433095791	     -7.16935589174671861201	      8.34957070748441054775	    -43.90550113808620125155	     -3.42931541061832767525	    -34.46952539329546283398	   -112.29105264151490928271	    -15.98829218336865665151	      0.55656447831924360514	      0.91825463762879033780	    -15.03886895382632360452	      0.25813007387369690804
      1.16099999999998271250	     -4.87936259820911288898	     -1.00781023710038653007	     -2.01813712329089867126	     21.25242548762710725896	      1.36704542891119729120	     -7.58364195298540266776	      8.45555074903597869707	    -43.95869068746911523249	     -3.39904481101011013422	    -34.54322649628154096035	   -112.58249320471720977821	    -16.26553729310891327486	      0.74679319045500847096	      1.06042599585662866701	    -15.15836381230909424289	      0.23891247355301015176
      1.16199999999998260236	     -4.98352116626723784520	     -0.73018351855495211566	     -1.99890565452086832465	     21.78237153812465010105	      1.50250733265986013976	     -7.99861075700839307956	      8.55582970176215162894	    -44.00516596017640580385	     -3.36547704478564746466	    -34.60507098800422909335	   -112.85450595882419122518	    -16.53016783395094790876	      0.93696676213579355164	      1.20183382436579444530	    -15.27349412542024964523	      0.21989386810926658811
      1.16299999999998249223	     -5.08857814693389798322	     -0.45797328864824748962	     -1.98138676980626371460	     22.31116710514072565275	      1.63584436651622411318	     -8.41514712553089339053	      8.64836675938116528073	    -44.04386191827889263095	     -3.32870995019416415772	    -34.65763718412605243202	   -113.10992790446505296131	    -16.78190214357906384635	      1.12671831987136705777	      1.34226152641681029110	    -15.38410344974107069049	      0.20108875265943959576
      1.16399999999998238209	     -5.19206221768779130343	     -0.17424993192693705168	     -1.96543323053215601703	     22.83699674336872931235	      1.76856513701517314985	     -8.83814926736070560764	      8.72080191511145308425	    -44.07156199177073574447	     -3.29148065065396622231	    -34.72898127133681356327	   -113.38740445065624840026	    -17.02483344629083106270	      1.31537584391210327084	      1.48171059776035507483	    -15.49098243178311840040	      0.18246616325802156311
      1.16499999999998227196	     -5.29377360819579223516	      0.12193071051882498068	     -1.95100759836623183219	     23.35923285752400602178	      1.90043850721873752718	     -9.26771327877712280952	      8.77206633752188835729	    -44.08831122539869085131	     -3.25419068840855363334	    -34.82101500223495804676	   -113.68933988470058693565	    -17.25887422773125834397	      1.50274184581034031538	      1.62005690682965886040	    -15.59403367074146906646	      0.16403901259193220952
      1.16599999999998216182	     -5.39506633646934119497	      0.42118940068908727881	     -1.93824416421752232509	     23.87859266729574869714	      2.03009761887847162143	     -9.70114497808653197808	      8.80806966961232795654	    -44.09572442136695258341	     -3.21559600050468352705	    -34.91885480279365339129	   -113.99466541234441763208	    -17.48112944362883069971	      1.68884310926769032335	      1.75705100911764944271	    -15.69255496394494997503	      0.14584906765530147865
      1.16699999999998205169	     -5.49773683457395634377	      0.71469190022662587580	     -1.92764815594253491327	     24.39782077119195946580	      2.15608593183803520787	    -10.13801169069738250528	      8.83204517938347422046	    -44.09359955937816977212	     -3.17413167905522541901	    -35.00948521147190461988	   -114.28344626945221307324	    -17.68826380332119185823	      1.87344207523267858306	      1.89228059873872700436	    -15.78571327204302221503	      0.12794245320997266191
      1.16799999999998194156	     -5.60169759314391058069	      1.00336101346476880281	     -1.91927277315934929902	     24.91681783668461491743	      2.27812696198809305770	    -10.57875331483565162216	      8.84257157155415818295	    -44.08151479038948394873	     -3.13013994371199588684	    -35.09506096094352756154	   -114.55824168903811255404	    -17.88013808456091524590	      2.05627773163574723014	      2.02559038049424655625	    -15.87339351383285546149	      0.11033174528279898752
      1.16899999999998183142	     -5.70381656567050754347	      1.30309232016674059196	     -1.91232603361028452582	     25.43027206968491782391	      2.39779167861159692166	    -11.02461960696749088129	      8.83172154452632796051	    -44.05954262073967697688	     -3.08702258461825973512	    -35.20050208412489922694	   -114.85569402039395470183	    -18.06162896656634586634	      2.23717265932343867263	      2.15727995889044565914	    -15.95662074318173750953	      0.09297811010268164367
      1.16999999999998172129	     -5.80374615926980652603	      1.61452263808160978442	     -1.90662268898120146332	     25.93687247798953876554	      2.51492861980845816561	    -11.47477317772096228055	      8.79961052328488335661	    -44.02838712729082715214	     -3.04526966688660749583	    -35.32689575038344997893	   -115.17769297955382512555	    -18.23289993080041782036	      2.41602785439847256299	      2.28729320509295508401	    -16.03537292826193549899	      0.07589153292700823172
      1.17099999999998161115	     -5.90304242354349639754	      1.92848595265769517937	     -1.90247659518114176080	     26.43842941886971686927	      2.62817368696278208517	    -11.92745683533833300771	      8.75110757401660421806	    -43.98868237159039296102	     -3.00343914370365672184	    -35.46011687649287580371	   -115.50367274505902059900	    -18.39093469235142208618	      2.59272561893766351204	      2.41530387847348482211	    -16.10891195038155387920	      0.05911421087521073758
      1.17199999999998150102	     -6.00375547663163899870	      2.23652414402107524438	     -1.90057686728529517950	     26.93857646579647280305	      2.73582506130364322416	    -12.38350877676208483535	      8.68806332032720973757	    -43.93951240952284820196	     -2.96002697448323193186	    -35.58815551928321241348	   -115.81434054090317431474	    -18.53221287321665755599	      2.76693452223282232438	      2.54084235946648862026	    -16.17634878278963839193	      0.04269302295579757711
      1.17299999999998139089	     -6.10565809052241093013	      2.53929283840628272628	     -1.90083967651145258060	     27.43653914327110499016	      2.83765063998303901371	    -12.84251228422122892425	      8.61017607023827302726	    -43.88111754213392856627	     -2.91549721766032332582	    -35.71239031718168632779	   -116.11177965951105761633	    -18.65684573183817818176	      2.93849529918035479170	      2.66382373795617244383	    -16.23764506451972522427	      0.02663746772973984989
      1.17399999999998128075	     -6.20485648791178334704	      2.85138734424316453442	     -1.90184504544755839106	     27.92405758471480226035	      2.93583893281264352026	    -13.30148844901371774085	      8.51457410932290414962	    -43.81618533491919720291	     -2.87332583091698401390	    -35.85416436100711479185	   -116.43039811939038941091	    -18.77064935870420470110	      3.10760070104960650639	      2.78479909944958636814	    -16.29411214100924354398	      0.01089969920756717059
      1.17499999999998117062	     -6.30087545619595346125	      3.17318111007674019675	     -1.90331563610131127007	     28.39955091533099107437	      3.03047992964592083354	    -13.75881801557224548560	      8.40237592456153414844	    -43.74565345503525293225	     -2.83387124560038339283	    -36.01387077373859568752	   -116.77166440711812356312	    -18.87403837730318301169	      3.27418056660979672756	      2.90374632290640866117	    -16.34580658630241245532	     -0.00451320045036229800
      1.17599999999998106048	     -6.39552947623960221790	      3.49589293585412974608	     -1.90579220130103976771	     28.86608185082316424541	      3.12014198238956907971	    -14.21406461213204863725	      8.27699417055763930762	    -43.66905710389596606547	     -2.79552566876445363064	    -36.17843813891774829017	   -117.11569103548495718314	    -18.96382025252749770061	      3.43796035242407427290	      3.02025179715174063588	    -16.39193968231495901478	     -0.01955831405467955975
      1.17699999999998095035	     -6.49103072740486197745	      3.81136214156103392270	     -1.91008042121808330194	     29.32777711914540930138	      3.20289995090249135501	    -14.66887903588593644599	      8.13947737281300831569	    -43.58511926473953224104	     -2.75690513394714065143	    -36.33643807777959011673	   -117.44354561321405583385	    -19.03639528498365507403	      3.59857184151839426534	      3.13382638020990311745	    -16.43159951641807126066	     -0.03418940519611668449
      1.17799999999998084022	     -6.58699996259949216437	      4.11998265031837718197	     -1.91598823272923368677	     29.78346780882358757481	      3.27876118308346065078	    -15.12195226438736028740	      7.99068289109395912817	    -43.49443219237790003717	     -2.71836904416040692212	    -36.48843313736197302433	   -117.75679988850299650949	    -19.09215724777108036392	      3.75590699110341930123	      3.24443316402263093323	    -16.46483683049670787568	     -0.04840039395340722805
      1.17899999999998073008	     -6.67895582931183184883	      4.43528733632825833411	     -1.92169244250858639589	     30.22348566527072932786	      3.35093529413660462524	    -15.56705200959346768741	      7.83157493197826859443	    -43.40079002359023263580	     -2.68280974540375805049	    -36.65304879458841469386	   -118.08816709613878970231	    -19.13770654177918828509	      3.91028922398211076228	      3.35274139049033248483	    -16.49320764052311005798	     -0.06224615402966593436
      1.17999999999998061995	     -6.76637437808571462483	      4.75755261178724708770	     -1.92690779966291358960	     30.64645944555543621846	      3.41981424305444647871	    -16.00225889631590803219	      7.66370738753728808490	    -43.30492123449020880344	     -2.65030930294164468464	    -36.83038270969524319298	   -118.43893263030251716827	    -19.17362902820013559335	      4.06161822350383783231	      3.45872578407434572156	    -16.51682556335173401862	     -0.07572182406930805243
      1.18099999999998050981	     -6.85130870288817561686	      5.07843435766230300032	     -1.93237600967303535526	     31.05645164272566205454	      3.48381839538856752370	    -16.42839746749230300793	      7.48914562406337580569	    -43.20552788845559888387	     -2.61921666828092147838	    -37.00832312057394091198	   -118.78979492983286547769	    -19.19657019851246460007	      4.20951831931353215310	      3.56191373804812805304	    -16.53485674789540027518	     -0.08878436593034999547
      1.18199999999998039968	     -6.93598598288576795312	      5.38988847694253081499	     -1.93893159212410637338	     31.45768729756512982476	      3.54099355510757618504	    -16.84710545227598288420	      7.30912187084936704196	    -43.10128047594832167988	     -2.58816556718509671597	    -37.17525595116853054378	   -119.12161307486518069254	    -19.20301594332866201853	      4.35362987643070908916	      3.66183258444663373155	    -16.54641801461753658486	     -0.10139028722749854339
      1.18299999999998028954	     -7.01992049103861859294	      5.69215408978638492954	     -1.94633360006774580597	     31.84899062955116733065	      3.59169219247722537602	    -17.25644648294515093312	      7.12532180927451008756	    -42.99274986188652292185	     -2.55724056599404558909	    -37.33113017949384015992	   -119.43552540231222280909	    -19.19358994940479945512	      4.49384824132483817749	      3.75846399141950282541	    -16.55163647088204825764	     -0.11353663896100929520
      1.18399999999998017941	     -7.09843864125984680413	      5.99833891059589063843	     -1.95266582145755762667	     32.22090966305077586185	      3.63997895123894465996	    -17.64919187888534679587	      6.93983652002228001976	    -42.88342885850682506543	     -2.52859301758495691459	    -37.49382125211113958585	   -119.76382115255414362309	    -19.17522719493821625747	      4.63044750853589537343	      3.85246606872982066960	    -16.55218166920923295038	     -0.12528081237760391176
      1.18499999999998006928	     -7.17107068148474979807	      6.30881981616536791080	     -1.95770035852184776104	     32.57253908152065946524	      3.68641173738376437541	    -18.02371959000990386812	      6.75394961925517289814	    -42.77366241071769081827	     -2.50210289446043399053	    -37.66362301585677130333	   -120.10788659021015689632	    -19.14854905016867192558	      4.76329567117956820255	      3.94379767128458791348	    -16.54818609843472643206	     -0.13661925813389652618
      1.18599999999997995914	     -7.24000436766138477651	      6.61557746249505385094	     -1.96228668737995803895	     32.90838493616168136668	      3.72924927961882701766	    -18.38152961332079371459	      6.56909136210391864097	    -42.66184266306649419676	     -2.47619265203820049237	    -37.82881908214942257018	   -120.44856947397761359753	    -19.11013582852642045395	      4.89200909167100128627	      4.03198182417547901224	    -16.53880197967253451452	     -0.14751045819497710099
      1.18699999999997984901	     -7.30732278635892384955	      6.91049023811945062334	     -1.96720046632958656119	     33.23247763520062392217	      3.76682070940178448382	    -18.72331159450618542905	      6.38776658198949576217	    -42.54675749713858579071	     -2.44928087210166678389	    -37.97673091543456536101	   -120.76582542601505565472	    -19.05673773472704723986	      5.01626023903123385850	      4.11658823458522782346	    -16.52323164271863831232	     -0.15791603472083970416
      1.18799999999997973887	     -7.37251555479829789874	      7.19380931592482397718	     -1.97220496584547788643	     33.54387714639508999426	      3.79975187740551234583	    -19.04696883498691306613	      6.21193033028493157843	    -42.42877013874812774930	     -2.42119552622659384156	    -38.10706701986260469539	   -121.06054930772613431600	    -18.98909826677215306745	      5.13594276841788932586	      4.19760488256570862831	    -16.50164830116467129528	     -0.16783553109913640355
      1.18899999999997962874	     -7.43118950935760835819	      7.47895486226221350989	     -1.97555650680475025638	     33.83428936213087467877	      3.83215616317630747290	    -19.34701983489706833552	      6.04158298349029010410	    -42.31050319219229294276	     -2.39390657969578146691	    -38.23936144993359675937	   -121.36625842693881338619	    -18.91390479833878757177	      5.25126382229019750270	      4.27562259096463392893	    -16.47566213893366793286	     -0.17732339635732063954
      1.18999999999997951861	     -7.48300695030525275797	      7.76653419611864137551	     -1.97711145894430728731	     34.10326446161437274895	      3.86451209646004656406	    -19.62260057286468395432	      5.87720074165389849696	    -42.19201646077783607325	     -2.36732383588607042668	    -38.37450547656639798788	   -121.68471446276510050666	    -18.83169989535297261796	      5.36210603481481751231	      4.35059937971938914814	    -16.44539221964218711491	     -0.18637676802003566578
      1.19099999999997940847	     -7.53012903198674621308	      8.04863470858722962475	     -1.97771093112112339441	     34.35520129133391264986	      3.89506160664669209837	    -19.87495607977493250473	      5.72068275065667997126	    -42.07184361086768831228	     -2.33991992252317038137	    -38.50032314423049939478	   -121.99628577575015242473	    -18.73917467435893868810	      5.46815219713359113030	      4.42210647315343052810	    -16.41003203032025226094	     -0.19495799375452982360
      1.19199999999997929834	     -7.57440134496030736955	      8.31700701995634972263	     -1.97800108592650758510	     34.59364390413753653775	      3.92260162843622595119	    -20.10325264587400795335	      5.57651287853959676255	    -41.94909175211194707344	     -2.30977107404616299746	    -38.60242427524616459777	   -122.27940224419793935340	    -18.63345293074317865489	      5.56914115060080927577	      4.48978184172681427100	    -16.36890498784234893037	     -0.20303555839505937897
      1.19299999999997918820	     -7.61538726068768312416	      8.57209335111505765781	     -1.97778140436342653175	     34.81788992227082246700	      3.94775699989926920352	    -20.30580989602600539001	      5.44625236188293015971	    -41.82400724841184569414	     -2.27670168088041080523	    -38.68075630941939380136	   -122.53501649434751641365	    -18.51526340070880394251	      5.66500983332154373073	      4.55363256449944309168	    -16.32219181839208488327	     -0.21061062739808900091
      1.19399999999997907807	     -7.64933467655042420574	      8.82806878916599657714	     -1.97565060547061932539	     35.02114776035661236619	      3.97370070613197867715	    -20.48106023443405376838	      5.32524896770416589220	    -41.69836639165902170134	     -2.24337378626132677439	    -38.75860736927039340571	   -122.79957793409683119989	    -18.39057356447542090905	      5.75597488598074136235	      4.61418672099698223832	    -16.27130183266044483048	     -0.21773017186955678781
      1.19499999999997896794	     -7.67606913272699387107	      9.08578067873099826102	     -1.97154297098381903197	     35.20326933706866157081	      4.00061773748133475692	    -20.62909666775431105634	      5.21293280862121832797	    -41.57216497563373991397	     -2.20996247605671491954	    -38.83768959415071719832	   -123.07544985692274508438	    -18.25978953903116774882	      5.84198929770429753461	      4.67142772399171679609	    -16.21632483532079405109	     -0.22439179588087387884
      1.19599999999997885780	     -7.69757954202742666894	      9.33723805294562225754	     -1.96618787408644379866	     35.36812498290802864176	      4.02696218046625631359	    -20.75004675472837334382	      5.11270047931426940835	    -41.44438403864476327954	     -2.17485586705942202101	    -38.90453802446847930696	   -123.34186676286419981352	    -18.11988496881272681094	      5.92284330426600114095	      4.72501058210461621911	    -16.15654916528857043545	     -0.23056388567705976556
      1.19699999999997874767	     -7.71546014723196549312	      9.57417304827328052852	     -1.96006399467522385294	     35.51855847791449605211	      4.05198739839956090236	    -20.84145579701257133820	      5.03117752892394687336	    -41.31460617676725632919	     -2.13583133371281208568	    -38.94281926717442132713	   -123.57539596367419676426	    -17.96838117558926484207	      5.99838042882689936874	      4.77466324297687272349	    -16.09142779042058890582	     -0.23622258108760840756
      1.19799999999997863753	     -7.72941330602644427472	      9.79730333698429944889	     -1.95301950539072777246	     35.65402521271485625221	      4.07605062642271320783	    -20.90246128656396251699	      4.96905956169652007759	    -41.18311378993122673364	     -2.09298084215935320529	    -38.95311996611653171385	   -123.77739311672311828261	    -17.80590091972126387532	      6.06862536744039449133	      4.82042954894948927347	    -16.02112171180567656847	     -0.24136995311069275871
      1.19899999999997852740	     -7.73645581410976035386	     10.02147097007232900978	     -1.94405785219440474521	     35.76928178877781761003	      4.10083981514809181590	    -20.93623205405755527408	      4.91599098544752699524	    -41.05103623012724511909	     -2.05019018037466693727	    -38.96357511152906027974	   -123.98847958740431351998	    -17.63749343866629715194	      6.13385579993317442415	      4.86279122758389625858	    -15.94677885679647388883	     -0.24604309589106865275
      1.19999999999997841726	     -7.73656020022519896884	     10.24767573962867572845	     -1.93317270566566890011	     35.86436798857167218557	      4.12620304231366219483	    -20.94373389822966657903	      4.87043375118276777869	    -40.91843296601034296600	     -2.00796949932352530865	    -38.97672795265243195217	   -124.21174307363337163679	    -17.46343946356689968979	      6.19411133567087102136	      4.90176910073435401216	    -15.86846272721488304569	     -0.25024013521158794404
      1.20099999999997830713	     -7.73146801081462342609	     10.46782788707776035153	     -1.92092484386624562376	     35.94243102374872478322	      4.15099822479147917420	    -20.92351490674643343937	      4.83785060980394021612	    -40.78481451931183698889	     -1.96447404813858694794	    -38.97731600678552155159	   -124.42480643703019893564	    -17.28110034308727449570	      6.24929063783330462911	      4.93711124064337703032	    -15.78558780064978073199	     -0.25393674558938927888
      1.20199999999997819700	     -7.72256512802279360130	     10.67383946177449161041	     -1.90762053318138669056	     36.00551651026594868199	      4.17481308807518303183	    -20.87175269989954529137	      4.82675294259025111643	    -40.65030959770825802480	     -1.91731186645501816557	    -38.94719013917775640721	   -124.60234634036034151450	    -17.08835825789322271362	      6.29936328713902593535	      4.96864408545954994167	    -15.69772440819997605388	     -0.25711656460338794261
      1.20299999999997808686	     -7.70970391724920034449	     10.86666637499820353696	     -1.89316204976147162142	     36.05324803422458046498	      4.19767980567135623460	    -20.78848238872149067902	      4.83684675420312792937	    -40.51524778712565222349	     -1.86690406543801312722	    -38.88774993282313374721	   -124.74637105387907354270	    -16.88571299832475247626	      6.34443808189601998748	      4.99644757784390947108	    -15.60500738631034423065	     -0.25978222778297865858
      1.20399999999997797673	     -7.69057861716363788673	     11.06132129221666104968	     -1.87695673125746509413	     36.08207115449754098790	      4.21998752900083218265	    -20.68109826982208687696	      4.85252838376831796552	    -40.38002603699193571174	     -1.81818779068471103599	    -38.83192449014109826066	   -124.90213160388236701692	    -16.67737314054240727046	      6.38480162135319773142	      5.02094210408227148434	    -15.50834573126346249694	     -0.26196096733175355808
      1.20499999999997786659	     -7.66524310237650752242	     11.25878797763880356797	     -1.85904389020367943886	     36.09226929287662954948	      4.24145056622165839144	    -20.55103912174509162014	      4.87171983133667385601	    -40.24466188193163418418	     -1.77181315037785447331	    -38.78280732367498728763	   -125.07332963455735352909	    -16.46357243468389341956	      6.42054038255397419022	      5.04217355001498290790	    -15.40779959685620781329	     -0.26365208693637232074
      1.20599999999997775646	     -7.63517569761248182658	     11.45097854686832761217	     -1.83980571818807447926	     36.08627755537823844634	      4.26144583407840116251	    -20.39516159169096454207	      4.90210293060281365740	    -40.10909763740204425631	     -1.72558725670540757946	    -38.72313298805202208541	   -125.23568728344895362170	    -16.24209674045340534576	      6.45163999624527306764	      5.05997455468060230999	    -15.30291954898078721214	     -0.26483909284357176617
      1.20699999999997764633	     -7.60164966208039061257	     11.63027181009721289229	     -1.81940943778633368311	     36.06540687629713204387	      4.27967907196401142755	    -20.20889185167366974838	      4.95335727386403412709	    -39.97396339719814051250	     -1.67714648550220113421	    -38.63348994529622615346	   -125.36235877684282513655	    -16.01108497997573110183	      6.47820515275874253547	      5.07426735403001494262	    -15.19335902609220134707	     -0.26551182084504354464
      1.20799999999997753619	     -7.56463250483371041355	     11.79775176887858378905	     -1.79781897819859182164	     36.02959033326288107446	      4.29601111185252193536	    -19.99296359872759865084	      5.02438170166398201388	    -39.83946986020112746019	     -1.62707932909643693264	    -38.51602182439501831368	   -125.45607283822366184722	    -15.77095623086391995571	      6.50038349866433051716	      5.08514960445668506850	    -15.07923850677702581891	     -0.26567395517027581064
      1.20899999999997742606	     -7.52221190079863788469	     11.96780781853146891081	     -1.77479328328477947707	     35.97718899908267076171	      4.31039561192676501378	    -19.75723061388718804210	      5.09626727667710177627	    -39.70491396455646793129	     -1.58052989326106230195	    -38.40709027656777152515	   -125.56601590992816852577	    -15.52540306563782124272	      6.51833130388905779284	      5.09293611222587649934	    -14.96132851931067975215	     -0.26534652572668404602
      1.20999999999997731592	     -7.47443642329903923383	     12.14123534372592416730	     -1.75040221794719741411	     35.90881877801921007176	      4.32272480421202942580	    -19.50305703485814490250	      5.16699007249472597181	    -39.57009721643998290119	     -1.53797250622279557675	    -38.30986958022739941043	   -125.69617117549249485364	    -15.27469819369373738027	      6.53212114992722803208	      5.09767574135266965385	    -14.83970655264821303376	     -0.26452769158415989637
      1.21099999999997720579	     -7.42257712038647810004	     12.31019849349527817139	     -1.72487344809368892129	     35.82627879868471154623	      4.33282993409576988597	    -19.22595605494880999231	      5.24605329542493503681	    -39.43529110336878318321	     -1.49690695721476085822	    -38.20532957531729323364	   -125.82040442929812229522	    -15.01698906214963358252	      6.54181548798762335650	      5.09927552199281919343	    -14.71403630417663599417	     -0.26320713023941788578
      1.21199999999997709565	     -7.36789339196178616476	     12.46785020767291030097	     -1.69830905093552075869	     35.73049431608120585224	      4.34044092482757548623	    -18.92126216823045581350	      5.34357987076287166417	    -39.30131599754669480262	     -1.45505402664056759932	    -38.07341239552412304192	   -125.91082676517088145829	    -14.75064889352458763483	      6.54763899378940639195	      5.09773274174337664988	    -14.58406794879277867949	     -0.26139621589187367334
      1.21299999999997698552	     -7.31038320862272428258	     12.61524452586326106029	     -1.67073389685243967051	     35.62185034915412984446	      4.34552928037361141378	    -18.58990340577328481686	      5.45811983177368897913	    -39.16801187166826991870	     -1.41285870932978951942	    -37.91664982596306998630	   -125.97064535296601661685	    -14.47602953784861057329	      6.54968783036125046237	      5.09312942269203361434	    -14.44988628869530167265	     -0.25908358370598794096
      1.21399999999997687539	     -7.24815833497217454351	     12.76529294688884874631	     -1.64212467458517608065	     35.50034507450843079823	      4.34848444910616649395	    -18.24185298353442874486	      5.56987089709911664670	    -39.03352487916787083577	     -1.37480615090634916697	    -37.77283007915333001847	   -126.05144447773042770677	    -14.19642374579779264820	      6.54781415465004457133	      5.08563453901735851304	    -14.31207673666425961301	     -0.25622930804656274262
      1.21499999999997676525	     -7.18133793118367691477	     12.91883412978802425641	     -1.61260625806629320778	     35.36716011504032053381	      4.34964888965467366688	    -17.87871685492147832974	      5.67742941528475153490	    -38.89747219124919297428	     -1.34102668418096815373	    -37.64475288594070434556	   -126.15707998331471628717	    -13.91288420122871372087	      6.54229394316925283448	      5.07535177990711083851	    -14.17119267308726193733	     -0.25299443985101754961
      1.21599999999997665512	     -7.11113767235380578313	     13.06874525205964232555	     -1.58232373012647542510	     35.22369616052898777525	      4.34910582172555848501	    -17.49560713220222396558	      5.79137900030947072594	    -38.76034904946688186556	     -1.30891208587304852529	    -37.51219248340785838991	   -126.25989605092443923695	    -13.62406508777416291878	      6.53335528670295762055	      5.06227449960583442135	    -14.02714170418715156075	     -0.24943587391439425716
      1.21699999999997654498	     -7.03815508156601765677	     13.20766153009481058689	     -1.55116969083223921189	     35.06945758693112225046	      4.34608840026470488738	    -17.08458677852485152471	      5.92119501958973160072	    -38.62239551369870582676	     -1.27615643940919287758	    -37.35501331477723141461	   -126.33125785328354595549	    -13.32498716207117794852	      6.52002746772246677409	      5.04612150809193860113	    -13.87745925904860833100	     -0.24473806997453717571
      1.21799999999997643485	     -6.96303191972124579934	     13.33805734644721496807	     -1.51944853868486973170	     34.90680437219589293818	      4.34150253802201291364	    -16.64985969646889429896	      6.06634887736090533394	    -38.48325025105781094226	     -1.24280245966902347377	    -37.17542558406842090335	   -126.37438961137668513857	    -13.01966867503916347459	      6.50357506662386786189	      5.02725762866091940850	    -13.72457543192159334922	     -0.23974484474504897946
      1.21899999999997632472	     -6.88611515470262247618	     13.47621597409812466140	     -1.48799182822720865715	     34.74181846997872469274	      4.33857275288399080182	    -16.21245008843150969824	      6.21043958880327373606	    -38.34155513232284562264	     -1.21238210363442400208	    -37.01020383923894030431	   -126.44167759081426538614	    -12.72392004080562522006	      6.48797851779585599274	      5.00684601408655183263	    -13.57715953991999136008	     -0.23737261338233617280
      1.21999999999997621458	     -6.80084316711250380649	     13.60812725121542143825	     -1.45467188906501121437	     34.56092351061184331229	      4.33183218220138144261	    -15.73959864479722625674	      6.34578976545879847038	    -38.19461102562091525670	     -1.18530392644782267553	    -36.86363461829444077011	   -126.53655761615840447121	    -12.40382352869968585196	      6.46156082082764982033	      4.98202669001195364018	    -13.41318285123732678699	     -0.22947411747937795923
      1.22099999999997610445	     -6.70585378919111008145	     13.72205246956738733388	     -1.41873836528037600146	     34.35958012645127723772	      4.31904777732457034745	    -15.21337427863592495214	      6.48067975683117580843	    -38.04202130814746851684	     -1.15919107895464668090	    -36.71566125933767210654	   -126.63025293461272724471	    -12.04473588936724226528	      6.42008476500901537065	      4.95170688360722088817	    -13.22393686207498042506	     -0.21295809712619240273
      1.22199999999997599431	     -6.63615757541610662429	     13.88754615566188022058	     -1.39181019219415702537	     34.21454753113329161351	      4.33125610858077436660	    -14.80201022188887804987	      6.66052760417195077736	    -37.89509438905955818200	     -1.12878654153173441088	    -36.53523046183948252974	   -126.69319221081302373477	    -11.82434809964919608660	      6.42438376115421760915	      4.93099720055804091601	    -13.12466133728944583936	     -0.23010976760657886331
      1.22299999999997588418	     -6.55717136482797968711	     14.02940677412951231418	     -1.36229585196548441672	     34.04969231649369021397	      4.33731806308550460471	    -14.32935173064396394693	      6.84828356634790136326	    -37.74105665113252428000	     -1.09663660872519885814	    -36.33518110827650104966	   -126.72844773446854560461	    -11.56001236179471369780	      6.41223452590002906959	      4.90447028776087634583	    -12.99736188988244123266	     -0.23759023944524004790
      1.22399999999997577405	     -6.32565981956480527515	     13.84731865913127535350	     -1.28223275080524956593	     33.55021972084873027597	      4.20860559395283928552	    -13.08360307782101017438	      6.87937463981683805514	    -37.53061656257165878969	     -1.07744994608837130201	    -36.19591241949196813721	   -126.78923553980435201538	    -10.50829292078912047259	      6.13106393026865426066	      4.80923686594682031625	    -12.36088567678371674674	     -0.05869923435043444826
      1.22499999999997566391	     -6.04711463968179430140	     13.56362389645545363237	     -1.18652853630334220725	     32.94472551513000269097	      4.04002256652967162154	    -11.60954428498902757383	      6.86428107672563125874	    -37.29970960364183696356	     -1.06310086763100608565	    -36.08602156113157377604	   -126.87774682917599022858	     -9.23738322696032732040	      5.76652994724105028013	      4.69076752228724203064	    -11.57532387711338550673	      0.18406587255664907943
      1.22599999999997555378	     -5.91134803948777687310	     13.57330922810240281251	     -1.13824459745583794756	     32.64590099030672831759	      4.00273677407878381018	    -10.86955761524683339303	      7.01069405306811166412	    -37.11205990169970192483	     -1.03638487577044635657	    -35.92569970721767447230	   -126.96318237080944868467	     -8.75409036079257774077	      5.65017555597591147887	      4.63113159831498588659	    -11.28394283047716761814	      0.26572311165149464784
      1.22699999999997544364	     -5.83092713599785383849	     13.68657163005389065802	     -1.10809670720820463430	     32.46393697881705975306	      4.01851903153360012766	    -10.40466848959428602939	      7.23560605309574444988	    -36.93608206300091723051	     -1.00122978526437922397	    -35.72198417021616023703	   -127.01577287905149660219	     -8.58399935779805645097	      5.62670725290916884376	      4.59344141169106823241	    -11.18801907980658860708	      0.28516089295549384985
      1.22799999999997533351	     -5.71937131955731103972	     13.72352689194133290584	     -1.06738185612275060521	     32.21253781754813871885	      4.01024827409783313215	     -9.77139997617517508388	      7.44727827616973314662	    -36.74196298804843507924	     -0.96439424879496415954	    -35.50377431200914912779	   -127.03845720752902082040	     -8.26380280588454496637	      5.54524837599053022075	      4.54151308608834458624	    -10.99448944901912916805	      0.33994347884100939439
      1.22899999999997522337	     -5.60651950863957893034	     13.75978496783361038069	     -1.02653056036041334664	     31.96052174154682745666	      4.00703509804351654111	     -9.13897930114217160735	      7.66221714533131859071	    -36.54194169075073261865	     -0.92790383002605558715	    -35.29713825279703343085	   -127.08374080174995413017	     -7.96440630620339717893	      5.46203484349443435519	      4.48911857027102279005	    -10.81134587078815911809	      0.39210000508045350642
      1.22999999999997511324	     -5.50128965820977100520	     13.81388883617754004263	     -0.98840895679818174813	     31.72683051106874074776	      4.01675207159674130253	     -8.55386819336575854322	      7.88947512802118389175	    -36.33955743971915097745	     -0.89141260044532932838	    -35.10091073035066244756	   -127.15430838334880547791	     -7.73454874052136354123	      5.39245710269651290503	      4.43982559161618617338	    -10.66909457129694516198	      0.43179553103084300503
      1.23099999999997500311	     -5.39649203862103377105	     13.86161831797056720461	     -0.95008486149579596258	     31.49177791906045342785	      4.03085977462525590909	     -7.96982263364826337693	      8.12998644134633785541	    -36.13102847676105966457	     -0.85318441662645128076	    -34.89698012540350191557	   -127.21991926129871330886	     -7.52955504659338359374	      5.32014354960037572084	      4.38940273907640943207	    -10.53867393685344922005	      0.47073731227658122123
      1.23199999999997489297	     -5.29593319091445380309	     13.90037972932694287920	     -0.91199813068831758756	     31.25707898014113084173	      4.05034789690554930530	     -7.39868986007962803342	      8.39525461163421837796	    -35.91384460515720888907	     -0.81022478659952268387	    -34.66368559562344131564	   -127.24860713942833001511	     -7.36596248180341195422	      5.24519256366067221364	      4.33778674801661434657	    -10.42859206173520902894	      0.50945086982894238758
      1.23299999999997478284	     -5.20210065102575924811	     13.93466974742480601890	     -0.87467289526124147869	     31.02614709270102366645	      4.07676767687054564249	     -6.85447441722604366987	      8.68687199484251593162	    -35.68856960486586160641	     -0.76283004054975567243	    -34.40194147967913096409	   -127.24240862310297472959	     -7.25838941224720102241	      5.17041423559794210973	      4.28559582275466155465	    -10.34725882008163999615	      0.54602527666041122956
      1.23399999999997467270	     -5.11094345098550206785	     13.97104807037476348341	     -0.83739265108380322999	     30.79622114043536384997	      4.10857138467528670844	     -6.33052760857398766348	      8.98663623528730326484	    -35.45995652284954502420	     -0.71680739248867197944	    -34.14874921860161549603	   -127.25600686749072565362	     -7.19284600744645175041	      5.09600992137717589969	      4.23279048893672182885	    -10.28713599203061690446	      0.57965935058745809982
      1.23499999999997456257	     -5.02221104292769382482	     14.00894625656690095639	     -0.79990485873368299963	     30.56588849304769439641	      4.14493335557597220031	     -5.82581725183553089664	      9.29322732420748742754	    -35.22898323799636699505	     -0.67295137571529162202	    -33.90626562718798453488	   -127.29249877034234827988	     -7.16735435360601513821	      5.02130922204009344512	      4.17913712898130285112	    -10.24676455918154260871	      0.61101975895830884511
      1.23599999999997445244	     -4.93878630567689924646	     14.04401142500043420114	     -0.76228946079572779126	     30.33466714459588331465	      4.18570993990658735129	     -5.34710483994427931975	      9.61688727224905193225	    -34.99371037374962867261	     -0.62878827997868702582	    -33.65353135967337294687	   -127.32064937183100994389	     -7.19244116138634304036	      4.94506327215240570894	      4.12426805015030417678	    -10.23110158999253016532	      0.64150543815543192849
      1.23699999999997434230	     -4.86564006081557920425	     14.07404160643588397761	     -0.72459628368140727162	     30.10124088819024734676	      4.23109806306348446014	     -4.91425499599868942369	      9.96886333086888143384	    -34.75050687140288374621	     -0.58181458593993262696	    -33.36859339413070557612	   -127.30664238809379185113	     -7.29292605189417741940	      4.86519004540433286365	      4.06758107932280132957	    -10.25219954447742409798	      0.67265693183027330804
      1.23799999999997423217	     -4.80362474406433648255	     14.09956048004937656515	     -0.68653841913794622087	     29.86368825857022102355	      4.28027793406576506641	     -4.53289624833627158296	     10.34798181098705072145	    -34.49981571171512229057	     -0.53305637817043782789	    -33.05347767721639229421	   -127.25277445933917874754	     -7.47356461294699236930	      4.78062267613323932380	      4.00878630686267722893	    -10.31203062301410078305	      0.70496860314060993957
      1.23899999999997412203	     -4.74632959560973688440	     14.12444140582098839332	     -0.64732857499579665728	     29.61955045520069518261	      4.33077061419881204074	     -4.18096135817762615261	     10.73359232695628762144	    -34.24897543148277634373	     -0.48884845422615397226	    -32.74724341556574103151	   -127.21750030166532496878	     -7.70190349431821807968	      4.69219963472986556496	      3.94818548415352132963	    -10.39382205541994252940	      0.73764358218647574361
      1.23999999999997401190	     -4.69329747023957111196	     14.14784527694672533471	     -0.60669241577090815554	     29.36745423902830509633	      4.38167586860828350837	     -3.85606596011477620323	     11.12359983504662608311	    -33.99911337417573520270	     -0.45005244317034565071	    -32.45266429171986999336	   -127.20465381948984884275	     -7.97378328739761776944	      4.59918611929246434755	      3.88567392186777160745	    -10.49506351898421563362	      0.77123056489909469491
      1.24099999999997390177	     -4.64875717428490986549	     14.16658778323358092166	     -0.56458196094557422384	     29.10576614618024393621	      4.43287392168410576687	     -3.57376071864561595248	     11.52819279497386872890	    -33.74694463494063256803	     -0.41426437029210561036	    -32.14865657526640063679	   -127.18168327327394706572	     -8.30880145355486021685	      4.49917083292910024994	      3.82068763807063005444	    -10.62513492080985244570	      0.80721624690717197481
      1.24199999999997379163	     -4.61988620275050720920	     14.17983868848074280322	     -0.52054263994692462347	     28.82918078468073019849	      4.48333081953357748262	     -3.36778146965210112285	     11.95781938758321238936	    -33.48786227782889568516	     -0.38004016283571528945	    -31.81354512533881617742	   -127.11306409880803869328	     -8.74495158515493642426	      4.38723606013398104153	      3.75193277947702963360	    -10.80212121333139485557	      0.84810373997463717188
      1.24299999999997368150	     -4.60735520946076348991	     14.18732729368190348396	     -0.47406852845729474666	     28.53444233827109144386	      4.53155322428635543019	     -3.24283845736428588680	     12.40982697502818155044	    -33.22232402656952388043	     -0.34870982162258368220	    -31.45037663262961658006	   -127.00188754944598201746	     -9.28474649351047531809	      4.26115993496278822050	      3.67893204478846325145	    -11.02662422606612935283	      0.89466844502242848236
      1.24399999999997357136	     -4.60051420928137133615	     14.18880777259985848104	     -0.42475392549489754401	     28.22306118818556797123	      4.57583414801963783702	     -3.15091939687192734709	     12.86157696019387586261	    -32.95900497972252907175	     -0.32529894840523931876	    -31.10000635348380981782	   -126.91126618518397606294	     -9.86812797861147394940	      4.12395259456797003139	      3.60280814418011408051	    -11.26846135988077790557	      0.94515423138735732422
      1.24499999999997346123	     -4.59827552503705305753	     14.18276246042921684420	     -0.37238779182990811023	     27.89439313361422989601	      4.61553288028794383990	     -3.08602406453609034997	     13.31038847285082127314	    -32.69874510764494601744	     -0.31024384390417880653	    -30.76567132852867558768	   -126.84582483487145054823	    -10.48696621887835789266	      3.97499451719449670151	      3.52356427096974789137	    -11.52321069299193645463	      0.99983613486589462127
      1.24599999999997335109	     -4.60668931900086420228	     14.16732404224401875581	     -0.31662583994956605693	     27.54433613835176686280	      4.64995219190319630798	     -3.07542084232194667948	     13.76610079932038033235	    -32.43691646171731690629	     -0.30158502841912682157	    -30.42634418967355003360	   -126.77145384051230792011	    -11.17249914936172494606	      3.80982917866174997101	      3.44008157862474295285	    -11.80573915032727683183	      1.06064107231498283568
      1.24699999999997324096	     -4.63501768600823993438	     14.14196422865722979623	     -0.25615990233012553290	     27.16120587487236548441	      4.67576633380360817682	     -3.16670130607815281110	     14.23664437674113614207	    -32.16747250665035551265	     -0.29927587782870856969	    -30.06175964101205266843	   -126.65148135096569603775	    -11.97464203642143409922	      3.61854022971386246610	      3.34983248822425805358	    -12.13895503815637333389	      1.13186115498866701756
      1.24799999999997313083	     -4.68326385445639914451	     14.10522684319482777937	     -0.19039523244455835993	     26.74140224389125819471	      4.69122772801065934800	     -3.36109487601589762562	     14.71798903916725720364	    -31.89037133075169805352	     -0.30436432541388613870	    -29.67595029130754014091	   -126.49001035143292881457	    -12.89148562993645086294	      3.39806090696552764996	      3.25215523852214749567	    -12.52103688464792874413	      1.21432771709079068145
      1.24899999999997302069	     -4.73575839464778880483	     14.05395591019308199066	     -0.12024683691666382401	     26.29699385814618040058	      4.69828875793338340827	     -3.57946754039059555907	     15.18903899889476605267	    -31.61525112900451972564	     -0.31860288703254857623	    -29.30930422643917054870	   -126.35412305720082315474	    -13.83347462320899623478	      3.15821088953505135777	      3.14991813121935360087	    -12.90859499591496728499	      1.30334011170754049402
      1.24999999999997291056	     -4.79062781508989132817	     13.98623691573516225617	     -0.04576169504200322535	     25.82934997473313387673	      4.69709786643618087965	     -3.81126889644212951680	     15.64747028835937747715	    -31.34257579495402978864	     -0.34160412706418785689	    -28.96486114817333756832	   -126.24884846274586891468	    -14.78846401723459180744	      2.89946681292951868869	      3.04334181955916438511	    -13.29544024492651566050	      1.39860765679078458135
      1.25099999999997280042	     -4.85577988312236641377	     13.90091778205430728121	      0.03397245208009280759	     25.32987944076609210242	      4.68539533951434350456	     -4.09621124044373630113	     16.10175332807735060214	    -31.06626166224255669590	     -0.37231390875145375929	    -28.62225105758947663048	   -126.13858068473977880330	    -15.79927547225689110633	      2.61383768250518233600	      2.93029236169015661062	    -13.70137988346841240173	      1.50328040979823551737
      1.25199999999997269029	     -4.94182630463667749154	     13.79624930728601839292	      0.12131792299153687509	     24.77908419937601536276	      4.65672706042600736964	     -4.49248597256351445139	     16.55544798239422377151	    -30.77800443125748941497	     -0.41195949785497454343	    -28.26386389654923547710	   -125.98636609486227655452	    -16.92344811525149239628	      2.28470562768268159459	      2.80644068080091457773	    -14.15135218715781739718	      1.62419059791459874376
      1.25299999999997258016	     -5.04766547418999778074	     13.66964869507660296222	      0.21671147728005735189	     24.17464574701102719700	      4.60967761258370956057	     -4.99542204228002617583	     17.00399347099528313265	    -30.47712382975671374652	     -0.46076846519780279010	    -27.89412950314482486647	   -125.79707041784863008616	    -18.15316731137384209660	      1.90939119461188688831	      2.67106307127699116322	    -14.64048448492016873956	      1.76193191798352799537
      1.25399999999997247002	     -5.15298026303480583010	     13.51795552681292633679	      0.31701556367781336121	     23.54522681937420713894	      4.55255800615459804703	     -5.49544707887429240145	     17.43315032480120407854	    -30.17542810288573917887	     -0.51631544274997054345	    -27.54931233366765397363	   -125.63945496641768784229	    -19.37412785754457544840	      1.51031120149722752899	      2.52999904891022531217	    -15.11590012317736153591	      1.90700697513197514610
      1.25499999999997235989	     -5.25520396537855560837	     13.33951541578284150091	      0.42175999111091755367	     22.89518990361173678139	      4.48669366061434971016	     -5.97780726049008137579	     17.84213258460487594448	    -29.87342380650233053530	     -0.57735622761014848692	    -27.23139214730573343104	   -125.51826454653360087832	    -20.57142512952042778807	      1.09027867429114522224	      2.38389534162770644343	    -15.57043150993013824746	      2.05841192870553912897
      1.25599999999997224975	     -5.36372963346958897546	     13.13288500810008940789	      0.53265743117944452933	     22.20970161870013726002	      4.40731087580880398491	     -6.49325490923206416483	     18.23655338432989125863	    -29.56329247945097549177	     -0.64402288731337797856	    -26.92160473306213219757	   -125.39684857544013141251	    -21.79707989678326640615	      0.63633687652862036543	      2.22916055246382693866	    -16.02701363902951925411	      2.22137367486048287191
      1.25699999999997213962	     -5.48915738715490419963	     12.89348415634887601300	      0.65305776978996732396	     21.46173317535642866005	      4.30453291903255319539	     -7.10382984144852969166	     18.61430034968602953427	    -29.23359085129084888877	     -0.71820200323737815040	    -26.60582680129079946596	   -125.23870052412129894037	    -23.10922909133991254294	      0.12485282472609604554	      2.05929336924948191978	    -16.50851165966973255195	      2.40577053139275909288
      1.25799999999997202949	     -5.62909496308186874103	     12.61822460772489762348	      0.78297359930385823645	     20.65189103249521451744	      4.17787735339534549439	     -7.79777293990449038574	     18.97160372238080228158	    -28.88341173992083810163	     -0.79909938205930952648	    -26.28791665902193841475	   -125.04874928738874473311	    -24.49411436503190486746	     -0.44467941714294578759	      1.87383540495149603089	    -17.00716176221433073579	      2.61170381837346754494
      1.25899999999997191935	     -5.76064534541174566584	     12.30822766985369298709	      0.91659969969268217937	     19.82826673420969143535	      4.04368042335542554611	     -8.44485275786092870476	     19.30624817958176464572	    -28.52935327087133998702	     -0.88093572956466914547	    -25.99641322399669363108	   -124.89449317955269691538	    -25.82541304686782979161	     -1.03279352197975793359	      1.68294277218911103589	    -17.46833549171610400208	      2.82359186712068943592
      1.25999999999997180922	     -5.88100785326874131442	     11.96304361348077804905	      1.05301041725313382358	     18.99825845994106998660	      3.90449658815792588484	     -9.02846138991540669849	     19.61978002560596934245	    -28.17270743238344721249	     -0.96205901277081062872	    -25.73165180379770689001	   -124.77975732877749237559	    -27.08817194507481218579	     -1.63361623350302131996	      1.48794324432943714243	    -17.88541607630224206105	      3.03968883385951071929
      1.26099999999997169908	     -6.00020135572781043720	     11.57967458070376665091	      1.19482090857347600377	     18.13992217325771605374	      3.75237110545938890027	     -9.60632566874126325729	     19.91333686293504001696	    -27.80343477028463894385	     -1.04373199941709682292	    -25.47752656282551342315	   -124.66754037475051575257	    -28.33870780565944613727	     -2.26599478414952759664	      1.28345776747933459916	    -18.28141760977232266328	      3.26798159445114144717
      1.26199999999997158895	     -6.12703985785768168171	     11.14944472778182671391	      1.34598070187489327054	     17.22109804594791171439	      3.57455019905013671178	    -10.23498543437550267754	     20.17907835633942070785	    -27.40647585080002812674	     -1.12754125080172240558	    -25.22329864405502419800	   -124.52188071192996687842	    -29.62733969689366375633	     -2.95870230051336058352	      1.06093611512333430014	    -18.67243891538715772072	      3.52167822575271127761
      1.26299999999997147881	     -6.25809253941976351143	     10.66983625104361976810	      1.50591016752920836552	     16.24627797868733125597	      3.37192250038452812078	    -10.89666942365393254022	     20.41532094892561843835	    -26.98154526637841499337	     -1.21193529318311954412	    -24.97130146623606350431	   -124.34689645138692526416	    -30.93632474594846115679	     -3.70846867033136629033	      0.82065076591181229659	    -19.04902085989307281011	      3.80025670165154982882
      1.26399999999997136868	     -6.37165399999810233567	     10.15084235154498060183	      1.66651107619686911221	     15.28034442464628739344	      3.16855990328436121217	    -11.45991115159556272829	     20.63445544534315700957	    -26.55284204605430176116	     -1.29029820451433963058	    -24.74067625617679766492	   -124.20680528978880374780	    -32.14669139410373333021	     -4.45887988700608417503	      0.57782820000488177570	    -19.36573100212519804586	      4.08139495275695551868
      1.26499999999997125855	     -6.46545080572590791235	      9.59408328771186802442	      1.82655748525846206576	     14.33257963231112341873	      2.96791693327544692238	    -11.91030816220764165791	     20.84038396642912260859	    -26.12301467094546580938	     -1.36127946446404912706	    -24.53012139638860489299	   -124.10425514387087275736	    -33.24711001363345275195	     -5.20150737942703944583	      0.33457822961264760409	    -19.61849302333181910285	      4.36266809013048373345
      1.26599999999997114841	     -6.54880599944661412337	      8.99370621021193983324	      1.98944380504491391548	     13.37463119128891264609	      2.75885030533900987848	    -12.30575585748074729509	     21.02878088275759083103	    -25.67920564024530705183	     -1.42670633322583562119	    -24.32678183285991124762	   -124.00238321264509977482	    -34.29133285720382673389	     -5.96081391181544351099	      0.08363551327384977085	    -19.82645217393887904223	      4.65525511499235200574
      1.26699999999997103828	     -6.62706067621664374201	      8.33662978682360744642	      2.15910435489409735510	     12.37305086685401533941	      2.52689016207358463362	    -12.68791434671568651993	     21.18731392646123623535	    -25.20314358644022334488	     -1.48699260225250151635	    -24.12220242021041372027	   -123.86495273733333988275	    -35.31430736318586838252	     -6.76684358848622657945	     -0.18494490109924877075	    -19.99492666660484019303	      4.97566541191465372407
      1.26799999999997092814	     -6.69649349774417146364	      7.62217549170736674569	      2.33441607301236331296	     11.33575693455057376013	      2.27428961142157959330	    -13.03677348929090840102	     21.31698951198044511557	    -24.69603934973316938795	     -1.54050017689677520849	    -23.91675451976013988542	   -123.69462001826195773901	    -36.29812276522950043045	     -7.61221708471242486382	     -0.46983387953679622839	    -20.11492717347363878844	      5.32268558566596539094
      1.26899999999997081801	     -6.74122912299127108327	      6.87234439633539295755	      2.50625861929228221925	     10.33606215576571685233	      2.03050625662764616663	    -13.24465974090952613551	     21.44340705927007917353	    -24.19079502885335131168	     -1.58292728243285552026	    -23.72154237660595299531	   -123.55256224841122048019	    -37.15260934241410950563	     -8.43024790493613807030	     -0.75128025253798913496	    -20.16184261777360831047	      5.66722984296158571738
      1.26999999999997070788	     -6.76033672521026574032	      6.09117800872164139037	      2.67342861884358740099	      9.38297457185964844939	      1.79923278010895160151	    -13.30386934460085512910	     21.57195090868828657449	    -23.69140706312493449559	     -1.61385298776514085617	    -23.53431940063920180251	   -123.44056725034872101787	    -37.87344309082334348204	     -9.21190576792700888120	     -1.02661870096925067486	    -20.13588953503384715304	      6.00633883499324117139
      1.27099999999997059774	     -6.76090205449931147541	      5.26907030212916538403	      2.83973225228579906343	      8.44408516578559442678	      1.56681753220198061172	    -13.26407864138379011365	     21.69289220217336477958	    -23.18194018568733127950	     -1.63478703697155225427	    -23.34527423773764454040	   -123.32180520654519284562	    -38.50425626780019427997	     -9.98532157707261447399	     -1.30475443212287878225	    -20.04820183206476968962	      6.35453034347409584370
      1.27199999999997048761	     -6.74378572491353622809	      4.38961267437744595554	      3.00845543700509665541	      7.48863358881108354126	      1.31846094215349296519	    -13.14588017768667782548	     21.79141437105261047691	    -22.64221925751588315734	     -1.64461670249137492661	    -23.14653360508404134066	   -123.15813376542314472317	    -39.06033353781563022267	    -10.77715451796927936812	     -1.59593089045330094322	    -19.89130916822796635302	      6.73119418325557283822
      1.27299999999997037747	     -6.70603409470759004307	      3.45495609371164391632	      3.17821801242874357740	      6.52603442069259642722	      1.05726333545042905371	    -12.93261045238980955219	     21.87073709598953286104	    -22.07530951050678069691	     -1.64241119012578096203	    -22.93690233383059862149	   -122.95070234943335663047	    -39.52818035400279228497	    -11.57741252365074302588	     -1.89780255283751309037	    -19.65921890413111583484	      7.13439366329976465408
      1.27399999999997026734	     -6.64157861333335119980	      2.49898279496221675799	      3.34068289939889950801	      5.62640615080934480829	      0.81428918794848925700	    -12.56294651393946537610	     21.96454541176722230489	    -21.52102171279777209634	     -1.62849476922468650031	    -22.72367897773694878083	   -122.76069512095193658752	    -39.86305918712685780747	    -12.32119880221178576107	     -2.18826662591539156111	    -19.35661668029956672399	      7.52898218449719003331
      1.27499999999997015721	     -6.55136840015437371676	      1.52772466170907250671	      3.49504011615705678651	      4.79608940419090856722	      0.59260400375161736974	    -12.03902547951454948816	     22.07814826077464331888	    -20.98399256693344128166	     -1.60365217936755399819	    -22.50489823195369609721	   -122.58996374442807564265	    -40.06930869636874348316	    -13.00167774527380970540	     -2.46470011819879264436	    -18.98876886248130801960	      7.91163567340924522853
      1.27599999999997004707	     -6.43892938283387650245	      0.52787789641655535888	      3.64497422602758547328	      4.00205963322719071584	      0.37716345502596482220	    -11.39466649239209061761	     22.19750858425111417205	    -20.44564950207075071376	     -1.56831139394854046643	    -22.27281097814449850603	   -122.40086988452468119704	    -40.17420564707380492564	    -13.64721544096085814601	     -2.73702344404354036556	    -18.55560668772957555461	      8.29996555024676752055
      1.27699999999996993694	     -6.30068721824120814290	     -0.51794393780349423650	      3.79269519024096268822	      3.21899346917938089518	      0.15406506348882942348	    -10.62855465286661171831	     22.30749794510157357763	    -19.88578459234755513307	     -1.52012476304328458809	    -22.01833034130800115236	   -122.15127654066671425426	    -40.17382347205523984712	    -14.27718925375696201741	     -3.01455988949246300734	    -18.03757183545108233602	      8.71554230659243955870
      1.27799999999996982680	     -6.13542094350030708938	     -1.60454386615882071965	      3.93698437297923931055	      2.45513123231094709809	     -0.07358195952306800791	     -9.73265143772862018068	     22.41220176293110455390	    -19.30889085291209639195	     -1.45938451146324643659	    -21.73979419798290990684	   -121.84149757190738228019	    -40.06274512732350956412	    -14.88187106848766205758	     -3.29444553357370883973	    -17.43360136306984031762	      9.15573834440460743167
      1.27899999999996971667	     -5.94861887607723360816	     -2.69029906168540833278	      4.07195911057975479252	      1.76677124703942922679	     -0.27714150735187104146	     -8.70347872470740924200	     22.54629724368158960601	    -18.75716604043466873009	     -1.39142977472833662134	    -21.44644860218237880645	   -121.53806224035362504310	    -39.84719959552126766766	    -15.41150177620955830093	     -3.55559002183762906668	    -16.77971051870514784810	      9.58063074756159238632
      1.27999999999996960653	     -5.74305827076442199086	     -3.76844525992146373028	      4.19745267093838947403	      1.15607060086655621944	     -0.45482372303769125210	     -7.55302720481236633532	     22.71350383533224004395	    -18.23475545925388274782	     -1.31799656321905933609	    -21.13780545307781721931	   -121.24406595537251973838	    -39.53909042523024197635	    -15.86377489343180258174	     -3.79611539711187662149	    -16.08539322570732110762	      9.98679923419996029565
      1.28099999999996949640	     -5.51802101711703585352	     -4.85473976913118576704	      4.31647949202636027621	      0.59298738649329152395	     -0.62169755689325256753	     -6.29468551065666304112	     22.89743553583938506790	    -17.72171187673819048314	     -1.23810741815775227082	    -20.80657438285419402746	   -120.91948381329265771456	    -39.14636791294020667920	    -16.26309807101253923634	     -4.02593973754726874859	    -15.33813257551209829899	     10.39439201258181100229
      1.28199999999996938627	     -5.26668154082427975027	     -5.96432515323451184486	      4.43008746253896390499	      0.05827740861353447599	     -0.79016946652018305031	     -4.91057652904432018204	     23.08405200177330129918	    -17.19963431356512728598	     -1.14910389567557391644	    -20.44137841797953925038	   -120.51641321964919484344	    -38.65121364760278765971	    -16.61976627946764040189	     -4.25252844457967249525	    -14.50978306237573534077	     10.82605426111771151909
      1.28299999999996927613	     -4.98998128808628393926	     -7.08979501290042435357	      4.53758332502282257792	     -0.44320390160328315687	     -0.95792503095816528003	     -3.40379909914601341825	     23.27656483829364475469	    -16.67338505484354982400	     -1.05253298054125421501	    -20.04153486893993729723	   -120.03560385663979559467	    -38.05717112951284519795	    -16.92726661687409261958	     -4.47322544955662770860	    -13.60440054629296113831	     11.27888315420837450631
      1.28399999999996916600	     -4.70346713002142280402	     -8.18952479477735550972	      4.63638906356734992187	     -0.87423544941455588742	     -1.10138380246674216778	     -1.82296021784985384784	     23.50461189531288752619	    -16.18189793111599783515	     -0.95685964923402089255	    -19.62306612885411638558	   -119.55473580236206032623	    -37.41261380373043010650	    -17.16006543929644578839	     -4.67120083297378752007	    -12.68313022286974245390	     11.71030139370600231530
      1.28499999999996905586	     -4.41109579533002715834	     -9.25756644207268664104	      4.72695229518420489967	     -1.23654915781582985801	     -1.22018416083818692641	     -0.18690813397826389064	     23.76968331987295712793	    -15.72775691576537937522	     -0.86404454244481954106	    -19.18751542582298696971	   -119.07910558552688939926	    -36.73417728418630900933	    -17.32100279878858728466	     -4.84583370594215967486	    -11.75838378362213987316	     12.11609298047252636366
      1.28599999999996894573	     -4.10809951026146791264	    -10.30993070176722881115	      4.81122665118921588601	     -1.55456341324965308104	     -1.32818660627830809062	      1.51153058884948165996	     24.05510649561903946392	    -15.29140838901552612583	     -0.77202238438206505222	    -18.72645902634737424819	   -118.56446746265137903720	    -36.01137251148976048398	    -17.42680530571600883150	     -5.00585786827651979536	    -10.80585566655908280609	     12.51877832727303996307
      1.28699999999996883560	     -3.78624262706576075743	    -11.35656763128417878761	      4.88937046829163080019	     -1.84300176014701833083	     -1.43639048951081349514	      3.29784351384938645424	     24.34802297878777466167	    -14.85752111411977693933	     -0.67910401455024693718	    -18.22634909939149139291	   -117.95637464717981401918	    -35.21986471511159066949	    -17.47941510987061164428	     -5.15641762583893825678	     -9.79288639877484712315	     12.94196854310726330084
      1.28799999999996872546	     -3.44841038775683728090	    -12.38922144232847699641	      4.96132627161598804832	     -2.10099621728073771010	     -1.54376078816905248914	      5.15829934464672135164	     24.64964875401651767106	    -14.43012830088010645113	     -0.58759776536801977542	    -17.68854813783589108311	   -117.25739635467266452906	    -34.37125600712128914438	    -17.47714906065716178318	     -5.29576697085269998411	     -8.72849459532575266962	     13.38154017415923391354
      1.28899999999996861533	     -3.11574355703136518514	    -13.37546221151214353995	      5.02746584673538166044	     -2.30799559208386995124	     -1.63196752555410284913	      7.01422734535674408107	     24.98236067496522139209	    -14.04028281883065076840	     -0.50547532275361239940	    -17.13747738219603178322	   -116.56033206006689795231	    -33.53594701266136013373	    -17.41953111553577926429	     -5.41325464993762661692	     -7.68684083596411493744	     13.79412899504152179020
      1.28999999999996850519	     -2.79202845898639395728	    -14.31230044102360920988	      5.08859375107566336283	     -2.46779804354959253487	     -1.70146326787272528236	      8.84755865149762144029	     25.34568760757951366713	    -13.68855826950574616774	     -0.43403966124918591518	    -16.57641780605816350658	   -115.87296351260781079873	    -32.72844608087724793677	    -17.31292723729247384767	     -5.50943391305888141574	     -6.67843071736479210188	     14.17689396070493934587
      1.29099999999996839506	     -2.46974958477787254196	    -15.21272265904153186966	      5.14549444958137769390	     -2.59845399890774331197	     -1.76438059655774281964	     10.67957394685993222083	     25.72419074069356526024	    -13.35757032049384918082	     -0.37109032205699943319	    -15.99486035088090218892	   -115.14538359968831571223	    -31.92657210046832005901	    -17.16462167604340294247	     -5.59098858982026669651	     -5.67188623100852673531	     14.55266973360478388599
      1.29199999999996828492	     -2.14130116880113519073	    -16.07911416810918581177	      5.19783592123960147546	     -2.71252619750688950262	     -1.83085264798295099808	     12.53230912820761489002	     26.10559198842826589271	    -13.03525281596740192924	     -0.31695179765691694485	    -15.37812743116834290902	   -114.31709203552958342698	    -31.10893447539275769032	    -16.97073495811578425219	     -5.66086963295850953415	     -4.63597169386705765248	     14.94417758125667816671
      1.29299999999996817479	     -1.81030749191990025793	    -16.90484789404678167557	      5.24603412459231321918	     -2.81191092284790045142	     -1.90074236975243593406	     14.38800558662421735789	     26.48890688308079788271	    -12.72393881803888149307	     -0.27380696773189328042	    -14.72986512559200100725	   -113.39336630337751898878	    -30.28903149403743100265	    -16.73372391702228156873	     -5.71839947101531187457	     -3.58015775061314434069	     15.34830225537119297030
      1.29399999999996806466	     -1.49760136906131435808	    -17.67449544981428743995	      5.29210962117710437269	     -2.88447878157425918744	     -1.95900320947038153463	     16.16870442354706938204	     26.89130223689921805885	    -12.44507710511781795049	     -0.24528137024947271883	    -14.08063967446367925618	   -112.48255165211483586063	    -29.53440139827082688839	    -16.47092390133138195552	     -5.75906977263704877856	     -2.57726450355462155528	     15.72253695205889556519
      1.29499999999996795452	     -1.20572557705979477305	    -18.38871903711151389871	      5.33681039404181944974	     -2.93346267416914940895	     -2.00612739925986716116	     17.86264116673270052615	     27.31179176013495180086	    -12.19756556560471771888	     -0.23137008150253546290	    -13.43426331560190156722	   -111.59431053244814791015	    -28.85398934327178110948	    -16.18941605614390155665	     -5.78420212544662426524	     -1.63452927556189120395	     16.06436841541586346693
      1.29599999999996784439	     -0.92613114500406368279	    -19.05486223173747362125	      5.37997205233492081788	     -2.97183814869880791321	     -2.05254518220428394670	     19.49658610809402148334	     27.73650594326533180833	    -11.96726948074775620512	     -0.23095687221906802122	    -12.77826593263109344889	   -110.67256615043407919075	    -28.22144082050845881326	    -15.88767075061556788285	     -5.79796936030643195181	     -0.71758746108611104475	     16.39694903640466350225
      1.29699999999996773425	     -0.65305196215169303287	    -19.66750327906498796438	      5.42110616110281284818	     -3.01193120984531503836	     -2.10793647655913218841	     21.08232872941333368999	     28.15281483999079270575	    -11.74455907875857718636	     -0.24678098431613060271	    -12.09840033993222441211	   -109.65241675254159758879	    -27.62381901456814148332	    -15.55877722645495708775	     -5.80155894416376494149	      0.20066345808048557942	     16.74232670994609861737
      1.29799999999996762412	     -0.38959017780713622869	    -20.22313442585894449621	      5.46070838031414496072	     -3.05588580241047225172	     -2.17236102750705128983	     22.60440085067173754396	     28.55870398888875527632	    -11.52988041191178680833	     -0.28001492342263345492	    -11.39975643589865583749	   -108.54185022650584357962	    -27.07230648309166909371	    -15.20702836105056832139	     -5.79518782200321158626	      1.11233470195167827299	     17.09776626801989962701
      1.29899999999996751399	     -0.15117531915143445076	    -20.72709249852661628211	      5.50093779041326058632	     -3.09065769904132991996	     -2.23133067081214164773	     24.01339804926548993080	     28.97080551819825089410	    -11.33675020424889012816	     -0.32747618104086440027	    -10.71398332631997618591	   -107.46124829654651477995	    -26.61045906785393100336	    -14.85646862373362075971	     -5.77889148950052611298	      1.95780807581702465114	     17.42299739489976317941
      1.29999999999996740385	      0.06157896067374224458	    -21.18358346629079846934	      5.54216789741010984471	     -3.11694736057427235210	     -2.28463197912465432182	     25.30779945584264112313	     29.38918619863050096797	    -11.16328405909992049772	     -0.38767344486645427537	    -10.04395408282652368825	   -106.42085842775281889772	    -26.23929547752231883351	    -14.51217879688842060659	     -5.75414146024699757476	      2.73442162514778708271	     17.71604895912264510116
      1.30099999999996729372	      0.25647064628584814727	    -21.59252060524951843945	      5.58365975235653877462	     -3.14495877227491860140	     -2.34147658113037948624	     26.51006485247408761552	     29.80106065977705753767	    -10.99853457140662627012	     -0.46150548649210865193	     -9.37629174710734503151	   -105.35914013438048186799	    -25.93676441218639894259	    -14.16643756736723958056	     -5.72277703881336474723	      3.47463874117099891237	     17.99960547931276266809
      1.30199999999996718358	      0.43721957160786928398	    -21.94206889032437857168	      5.62486595138807388139	     -3.18732650411790530143	     -2.41121307052497968471	     27.61973388505698778772	     30.19296384318318615669	    -10.83387600335352729530	     -0.55373113798313777778	     -8.69861176492268128868	   -104.20913220881240590643	    -25.70053708432754646651	    -13.81122834261829801505	     -5.68485310744507543745	      4.20049094161146818749	     18.29503803032467246226
      1.30299999999996707345	      0.60228899242197542208	    -22.23253241629168996951	      5.66600269805888956398	     -3.24425129630149911009	     -2.49335272536126240084	     28.62921764804411850491	     30.56339548882500878335	    -10.66839034960751497749	     -0.66400882808425043535	     -8.01609229869910677735	   -102.98066189082543075983	    -25.53585013488863708631	    -13.45003505017241529629	     -5.64105276068461769512	      4.90767290609758255471	     18.60013694833278918850
      1.30399999999996696332	      0.74387582770168592106	    -22.48811604263607932808	      5.70842847593563362807	     -3.29618302310225885776	     -2.57208685822502047813	     29.53112467073637503745	     30.93286516100783956063	    -10.51174412401278956963	     -0.78227981520960776507	     -7.35592144020925609027	   -101.79987419847078911062	    -25.45272221808820845013	    -13.10435596179391204430	     -5.59373098992652639794	      5.55441116338022400356	     18.87687944862604894070
      1.30499999999996685318	      0.86311699459609769747	    -22.71521079014559063580	      5.75208477630468451025	     -3.34104055906152552780	     -2.64630046928282069985	     30.33347883666954203363	     31.30331295142617520355	    -10.36238942988554256885	     -0.90600546178234431238	     -6.71906228521493886774	   -100.67620121621523310296	    -25.44525616159393166527	    -12.77611529576181403911	     -5.54402868688581573764	      6.14181051403085476181	     19.12358383601278077890
      1.30599999999996674305	      0.96589001946576047430	    -22.90616121128485360714	      5.79602617414670362450	     -3.38854358811607880853	     -2.72460075075812824252	     31.04751171518387309334	     31.66199340157488251180	    -10.21154937094119752317	     -1.03844353760521590502	     -6.09291535881632029259	    -99.54449062716514617932	    -25.50146056191110588429	    -12.45473167653141643996	     -5.49209179129055424795	      6.69733961991819626292	     19.36218302236471089373
      1.30699999999996663291	      1.05465102286483158878	    -23.04537882697701434154	      5.83948539938245403391	     -3.45059310615067715844	     -2.81558676152847908725	     31.66373179926597458689	     31.99499282912987752070	    -10.04996019303439069859	     -1.18526397918177206492	     -5.46770691693463373184	    -98.33799988196396668627	    -25.62806580446690318809	    -12.13157415386236692711	     -5.43739959103284320463	      7.23915654360340887763	     19.61361724533859884900
      1.30799999999996652278	      1.12970292088182588941	    -23.13636509983143696445	      5.88225508039829492191	     -3.52466027075008980773	     -2.91786428058425428844	     32.18411490291006771258	     32.30243685622491511822	     -9.87623313872725283602	     -1.34470051550832359055	     -4.84749161627200386704	    -97.06704117832785527753	    -25.82359360801078551617	    -11.80779011345636320129	     -5.38067289615292665417	      7.76677414492281670277	     19.87606708196659610621
      1.30899999999996641264	      1.18948006264494665629	    -23.21529983105136807353	      5.92498996557213786218	     -3.58565061360444303773	     -3.01452985422974961693	     32.63792312540141438149	     32.60988781781283307737	     -9.70112924645265550794	     -1.50236657540604445771	     -4.25164030521032465515	    -95.85687941728536998198	    -26.06806660274843068237	    -11.49898182042727867724	     -5.32472630370867072713	      8.25321970380985447946	     20.11292024258876054432
      1.30999999999996630251	      1.23593065118026856908	    -23.28869838751958809553	      5.96742043851641312813	     -3.63020320225723480689	     -3.10402076765308265749	     33.03795451009270323084	     32.92072943393519324218	     -9.52432285537534539799	     -1.65557427395065515086	     -3.67921792462087005049	    -94.71521842969168858417	    -26.35213266875166127079	    -11.20472140810397831956	     -5.27020353163852917078	      8.70116235908815482958	     20.32243870414981401495
      1.31099999999996619238	      1.27281030130419026136	    -23.34288775984919084294	      6.00856949038977461441	     -3.66860598269678916949	     -3.19462465788649296883	     33.38232386184719757694	     33.22149585880869437915	     -9.33757493179956377105	     -1.80947749186345374639	     -3.11995810805071327465	    -93.57570756051995886082	    -26.67566454407389642256	    -10.91414220689346237236	     -5.21636491111908640050	      9.13232134164793052378	     20.52581559081585282911
      1.31199999999996608224	      1.30255463393228865243	    -23.36145524903886894208	      6.04716138525003543691	     -3.71016748202485757702	     -3.29342939457278305326	     33.65854208478415898753	     33.49877249835957115920	     -9.12975682924608378244	     -1.96924265184001967555	     -2.56677006351537784212	    -92.37353707496140486910	    -27.05073669887721976579	    -10.61729677628731138839	     -5.16250880446449400552	      9.56332939035952023232	     20.74389799449063431780
      1.31299999999996597211	      1.32669486165922023702	    -23.34941591584333764331	      6.08270795502865269100	     -3.75061947044214605285	     -3.39837085910151870394	     33.87530445324108541172	     33.75427461895601766173	     -8.89999124874736224911	     -2.13233811680156870594	     -2.02216344648360468739	    -91.11829293367033244522	    -27.47120025664791143072	    -10.31318754524923519966	     -5.10915123458551789781	      9.99609761763011661628	     20.97496592981990914950
      1.31399999999996586197	      1.34581106565458696878	    -23.34560653276668062972	      6.11613991109324217632	     -3.76574552832413189662	     -3.49368260001223518429	     34.07850175136044867941	     34.01588199819892821552	     -8.66418994005822007409	     -2.28427368943435737947	     -1.49764630592762459926	    -89.92949327550189764224	    -27.90011611016051062961	    -10.01444928539667600376	     -5.05854582273633823775	     10.41010540019385821608	     21.18257947619470726863
      1.31499999999996575184	      1.36142830996016073186	    -23.35474160479898841913	      6.14732144583079787026	     -3.75308654447889011863	     -3.57807961661720241864	     34.27932108926955834249	     34.28706968566061163983	     -8.42362359595361098741	     -2.42316361278340774987	     -0.99124839948311338489	    -88.81296725772610045624	    -28.32883201508692394555	     -9.72022052913485978820	     -5.01088469805071046181	     10.80710936534703492384	     21.36472068314503403030
      1.31599999999996564171	      1.37591624685263980155	    -23.35987645481165486672	      6.17515253885504478149	     -3.72279249177319115915	     -3.65917608199748656261	     34.46608846161488770576	     34.55368245877097166385	     -8.16898327770330112685	     -2.55489017364608494987	     -0.49588648595785267403	    -87.70341859686875807256	    -28.76697592789746593667	     -9.42010846164103021749	     -4.96515287270019634036	     11.20459625633536404621	     21.54216659332783834202
      1.31699999999996553157	      1.39268313434628510095	    -23.34585876552642957904	      6.19765199015117218551	     -3.68024153195183600928	     -3.74195739657531589728	     34.62860078478334457941	     34.80342155724896002766	     -7.88697866729806129626	     -2.68306076620465905336	     -0.00701332101320506496	    -86.53891998255771511595	    -29.22811697883321713221	     -9.10186795652105828935	     -4.92065653963433824458	     11.61988286148989502067	     21.73589476975156387084
      1.31799999999996542144	      1.41332810230714756017	    -23.31716491785559242089	      6.21439027099441432256	     -3.62155971406269827639	     -3.82439004697823747847	     34.77654807875194364897	     35.03840067337380048684	     -7.57803881483982699763	     -2.80538180696625616406	      0.47390463865928378340	    -85.32770408328518385588	    -29.70493564969004651743	     -8.76385511772885905657	     -4.87762800759049497401	     12.05507452511378474469	     21.94401703825344895904
      1.31899999999996531130	      1.43602212061675515997	    -23.30726378011658539435	      6.22775632058177563977	     -3.53093742489035378185	     -3.89463289114357280596	     34.94906721783738134945	     35.28429347406998317638	     -7.26502463930287500915	     -2.91135788112780735659	      0.94096423761165226551	    -84.18144754652466588141	    -30.15874849671247304173	     -8.42168002989172137518	     -4.83744684746931774555	     12.48707424055817227782	     22.12942738534779962833
      1.31999999999996520117	      1.46095285274768116324	    -23.31807243954176556144	      6.23801497744993582728	     -3.40843984766286212107	     -3.95230755836969649408	     35.15091139857997859508	     35.54323590214561789935	     -6.95065900207698650348	     -3.00053240430374623671	      1.39602992678873327748	    -83.10464293832295368247	    -30.58451919379804451182	     -8.07581254169988937974	     -4.80000784426877213917	     12.91512307001052661803	     22.28982710144683565545
      1.32099999999996509104	      1.49031476786292671477	    -23.33230578312691250176	      6.24369598627434641003	     -3.26236751155354909315	     -4.00368081894410465793	     35.36688091680542811446	     35.80100806365683752119	     -6.62365524254493465151	     -3.07814508126258434828	      1.84291293743499284830	    -82.03461850910848340845	    -30.99718099840572804737	     -7.71546313084876533850	     -4.76436872781971221258	     13.35520239665656205830	     22.44595813087556379628
      1.32199999999996498090	      1.52876759844541254552	    -23.33672514574823253497	      6.24212197340992247518	     -3.09399181341454720950	     -4.05141672258790208616	     35.59121129847407871694	     36.04624125776892640260	     -6.26921523910821676395	     -3.14587512622103160354	      2.28366481480311023233	    -80.91247322613810410985	    -31.40935712660145640029	     -7.32546364444905950819	     -4.72978885306639718067	     13.82653935468373163076	     22.61908286515067345590
      1.32299999999996487077	      1.57690162569586789232	    -23.33376691713795025862	      6.23323331984212813950	     -2.90169930474569071066	     -4.09420166783242223119	     35.82921344667079210922	     36.27999458424985590455	     -5.88942611722997888535	     -3.20251413464327505665	      2.71697193430231465072	    -79.74507477136930333472	    -31.81565921871800739495	     -6.90510428728827729827	     -4.69622192197499721544	     14.32962055570826720441	     22.80709443884647669165
      1.32399999999996476063	      1.62776132637230830369	    -23.34778956554663409406	      6.22152619193860800806	     -2.68231199889312676987	     -4.12600404134535381218	     36.09832167478390374526	     36.52263197704039043856	     -5.51326829576399557453	     -3.24384533824506604560	      3.14006677139923029429	    -78.63672517525871796806	    -32.18617923345010467528	     -6.47774240524738864622	     -4.66442356842694572094	     14.83310233313211945472	     22.97198632693886466427
      1.32499999999996465050	      1.68004413547775754978	    -23.37822278221659644259	      6.20770660055413259215	     -2.43862305788842093079	     -4.14754173622182520376	     36.39588903296143485022	     36.77442515364886332918	     -5.14435192200848323552	     -3.27087405190151780943	      3.55404556838669893892	    -77.59136910923999153056	    -32.52011081752317522842	     -6.04582876901098575928	     -4.63415152039297062458	     15.33355442276166336057	     23.11133447031410526051
      1.32599999999996454036	      1.73683856010087822597	    -23.40954963794638388208	      6.18971349985118024506	     -2.17548543881834177682	     -4.16304574305145536073	     36.70920599340826839807	     37.02184671885202504882	     -4.76948039842355342444	     -3.28714387716114719851	      3.95990815483432401223	    -76.54953036805909505347	    -32.83308757562445379108	     -5.59657865320744019044	     -4.60455900198378742516	     15.84807970362014373222	     23.24615698326190127432
      1.32699999999996443023	      1.80356208998901479390	    -23.42973206702697552828	      6.16440287879923687342	     -1.89113859470079148650	     -4.17302687841699082583	     37.03545030118272762820	     37.25339457879501736670	     -4.37389122538804908658	     -3.29276640848377155635	      4.35699490479963813527	    -75.45488991019391278314	    -33.13622735988437284504	     -5.11174776514631279412	     -4.57455779427871078724	     16.39786921487461768265	     23.39815651360971315853
      1.32799999999996432010	      1.87936120432804898428	    -23.43885542287276280149	      6.13220211962543260142	     -1.58685365520662458039	     -4.17717832433793034852	     37.37331434010218345065	     37.46836300818399934087	     -3.96121490761576211526	     -3.28793615175081432866	      4.74355325671770344798	    -74.31332614155155624758	    -33.42737408198711790419	     -4.59223460766051694293	     -4.54384248760657527555	     16.98118804069831355719	     23.56517588308793165197
      1.32899999999996420996	      1.95251440479313487231	    -23.45372504140956948504	      6.09946652927310140058	     -1.27088845896565771909	     -4.17536335740737740707	     37.71858457094716499114	     37.68259528589589990588	     -3.56327649876613250512	     -3.27435441128471893535	      5.11924292136122183194	    -73.22364954032543948870	    -33.68778334817969266624	     -4.07046513199933457372	     -4.51318418115531638790	     17.55793798746754319495	     23.70846323477554662418
      1.32999999999996409983	      2.02088582508267222693	    -23.47271478173382774912	      6.06713778208288090354	     -0.94745980886682445998	     -4.16900364807344203655	     38.06435467273183093084	     37.89532925043816646848	     -3.18366417230653286907	     -3.25385675148882613783	      5.48461844805299136851	    -72.18987589727117892835	    -33.91934333278289415148	     -3.55027548589597063966	     -4.48234517125573006524	     18.12315915046542968980	     23.82566343415801668471
      1.33099999999996398969	      2.08890142804948197863	    -23.48277825414811559313	      6.03250610421100930125	     -0.61732788900728507997	     -4.15985833967887685958	     38.40352545967169817231	     38.09402467215721088678	     -2.80822997379686079000	     -3.22785256683386645449	      5.83840790493287364882	    -71.15543137918436400469	    -34.13538615490535477193	     -3.01548954903649857329	     -4.45034755795045100513	     18.69663207550135197721	     23.93830874156216381721
      1.33199999999996387956	      2.16182051902116256770	    -23.47167228188678222978	      5.99232025304296200829	     -0.27760128181517984558	     -4.14681166114280586044	     38.73258217810135306536	     38.26557288750854723958	     -2.42429544503064420269	     -3.19576882584097221596	      6.17689636043613532479	    -70.06582458461380724657	    -34.34623379599231896009	     -2.44496961257207878759	     -4.41536126609889389982	     19.30082502236533059659	     24.06873237743746329897
      1.33299999999996376943	      2.23774059772908628929	    -23.43807334394463737226	      5.94736570921116936006	      0.06838647947745357669	     -4.13036976476247730261	     39.04542401327858414106	     38.40806148755333282452	     -2.03646791828653306311	     -3.15886657082664612517	      6.49800657269748960232	    -68.92642209502797356890	    -34.55220111024293316859	     -1.84078910676781504208	     -4.37691894640217515899	     19.93244958124581600600	     24.21492647747896143073
      1.33399999999996365929	      2.30317435929742941880	    -23.39666362832841173258	      5.90481811222875307976	      0.40687972363241442508	     -4.11455607314603355462	     39.32939345644664541624	     38.53754813530377987263	     -1.67445270477328822523	     -3.12197753411277423297	      6.80534950846805042346	    -67.83271497709989716896	    -34.74125012779292376308	     -1.24247844806875118451	     -4.33673615414129631773	     20.54621047990891113955	     24.33744251303158279143
      1.33499999999996354916	      2.35620949037620164290	    -23.34655996573391689708	      5.86553556206510506854	      0.73416918040582856975	     -4.10080600791727079013	     39.57848328390857517434	     38.65390586946323736584	     -1.34086617994819690125	     -3.08678597803077048312	      7.09977881524384013545	    -66.78910135547258164479	    -34.91552558469302169897	     -0.65409305150576635413	     -4.29475724262252711583	     21.13720115426959011984	     24.43401190547707102496
      1.33599999999996343902	      2.40225739397776294481	    -23.27646511193802325579	      5.82634092041152484853	      1.05271813860321117318	     -4.08851988663002430258	     39.79031882128523989195	     38.74497313168105705472	     -1.02231299977129097556	     -3.05293078410519003185	      7.37790500171730023737	    -65.74117299607075892709	    -35.08537172358824562934	     -0.05555044757619143070	     -4.24953681109516701042	     21.72797707212262707799	     24.52680218642192500056
      1.33699999999996332889	      2.44564960583618073997	    -23.17279709031194556701	      5.78418713556222030547	      1.36485737345395818920	     -4.07542237065450763112	     39.95757581532765811971	     38.79516484349847615931	     -0.71006319687536567642	     -3.02001688935802370395	      7.63294734501627214485	    -64.63540815459036537050	    -35.26130654884322979115	      0.57711426050421898992	     -4.19811454514910131763	     22.34151010250574742599	     24.63896134428115303194
      1.33799999999996321876	      2.48438804930748347033	    -23.03446768789160614688	      5.73992136338085856551	      1.66696350983595209527	     -4.06222833361111668182	     40.07387672565435110528	     38.80292639975394308749	     -0.40871623502483078738	     -2.98951361362204126593	      7.86321703565889862375	    -63.47706901644071564306	    -35.44418094843062760901	      1.24164430636983791345	     -4.14003971360947797820	     22.97427064375609973013	     24.76866061927820439337
      1.33899999999996310862	      2.50698733544916763094	    -22.88008111895004503822	      5.70028120293790152573	      1.94701057785600539773	     -4.05470396773806385227	     40.13532966006527402669	     38.79027634553278147678	     -0.14054160496772549749	     -2.96566973114232856901	      8.07855701039443729883	    -62.36024253971866926349	    -35.62174956328775010661	      1.89413778200135940466	     -4.07904627699794453122	     23.58045437030827784497	     24.87535326805613422607
      1.33999999999996299849	      2.51260479756209065272	    -22.71073684276382209646	      5.66579080341779217633	      2.20325455530381475455	     -4.05373428533340529611	     40.14090475554613846043	     38.75910541757918537087	      0.09358830175421051223	     -2.94919827936714895600	      8.28087446836400786765	    -61.28981160916504222769	    -35.79454013045304350271	      2.53107587388461396927	     -4.01544673928224682413	     24.15630005976937511036	     24.95664439829391412218
      1.34099999999996288835	      2.50675973130553586543	    -22.51537684247668380522	      5.63314215444611932071	      2.43950719518601033542	     -4.05689664759056256571	     40.08923113489344558502	     38.69637560447546320574	      0.30438886374941631630	     -2.93889848400163966602	      8.46439670219155715358	    -60.21277051913743605382	    -35.97101793555668081126	      3.17615353457993965236	     -3.94695176970923933268	     24.72616722353613383234	     25.03538770435579507989
      1.34199999999996277822	      2.49267445970923517962	    -22.27899109642424946287	      5.59961843419169724712	      2.65688774354907764064	     -4.06078381072636318549	     39.96868879309317890147	     38.58443571822247974978	      0.49554361115746736743	     -2.93486991916777073541	      8.61986696767396054497	    -59.07590329193780576134	    -36.16225601423720092953	      3.85649939103489547421	     -3.86920284737507502726	     25.31324558650259604065	     25.13566217582070549952
      1.34299999999996266808	      2.46919934823863229667	    -22.00219809322035757759	      5.56582709387993190830	      2.85323576113940191590	     -4.06566104560202745688	     39.77702034906906192191	     38.42362780354313400721	      0.66355460668467980412	     -2.93784227902841310609	      8.74667938277920953283	    -57.88477000964692109619	    -36.36783365213326391086	      4.57043859464072443899	     -3.78199842587052526000	     25.91487401361202103089	     25.25560910001444270279
      1.34399999999996255795	      2.42921436322527029006	    -21.71077517342396845379	      5.53722346518929953163	      3.02299342578744756338	     -4.07753812619964151054	     39.52963924540467388624	     38.24479983908533853310	      0.79758404754481926346	     -2.94888366515522193367	      8.86176687213665559284	    -56.73358330699856821866	    -36.57066871721200840284	      5.27076460885580466709	     -3.69202845818380476217	     26.48756553641119637632	     25.35278658943144236559
      1.34499999999996244782	      2.37314122429981466667	    -21.40791219026280600701	      5.51392794070494574044	      3.16674393657022790194	     -4.09659076502936159159	     39.23134543534786189412	     38.05209728446303785176	      0.89886330431963035181	     -2.96745196296483992882	      8.96822549573058580563	    -55.62770777302596769687	    -36.76927940391657756436	      5.95440353841139025093	     -3.60008757812152468958	     27.02879845114287604702	     25.42437728900339521942
      1.34599999999996233768	      2.30574551470884614446	    -21.08148869052971008387	      5.49281448159672436304	      3.28788268719885934388	     -4.11906916910194809134	     38.87790158397157114223	     37.83057740710965788367	      0.97387850582881796413	     -2.99239559505856123067	      9.05763149717996363108	    -54.51497990434821616645	    -36.97193210288897091687	      6.64815824030593471861	     -3.50270864957853422794	     27.56351910768102442262	     25.49396015270938420372
      1.34699999999996222755	      2.22956434823058202710	    -20.71606548917435475232	      5.47142073138964235568	      3.38679269092705226285	     -4.14007707038952332823	     38.45554773906344081524	     37.56195825219759143465	      1.02121303763098580930	     -3.02396194593222977787	      9.11916529024427902073	    -53.34241713237207704879	    -37.18984237179694218867	      7.38280952028296244549	     -3.39413255544984693302	     28.11529096723580778416	     25.58633296780731214426
      1.34799999999996211741	      2.14468278090822650483	    -20.31446904566772104772	      5.44996986188549215058	      3.46356724648762792640	     -4.15914169186432047809	     37.96774642512248476578	     37.24892396529445903752	      1.03928159608746017994	     -3.06163084375421501448	      9.15337061013169517310	    -52.11631567903324224744	    -37.42071904241125679391	      8.15717714514738645448	     -3.27461227434182600149	     28.68254385176657450529	     25.69920013419850590708
      1.34899999999996200728	      2.04812909456609304470	    -19.90844720443382698249	      5.43256318146757166687	      3.51933945265221836962	     -4.18271686805934450604	     37.44748576207149426409	     36.92922126210562794313	      1.03009072626205622214	     -3.10310939776170524595	      9.18276466353366060957	    -50.93173444675387173675	    -37.64268263862129515473	      8.91935790499798208941	     -3.15414857277565019444	     29.22386020226614888884	     25.78770643248624594435
      1.34999999999996189715	      1.94107294809985830852	    -19.50226966767189651364	      5.41905184411770335373	      3.55618770537940065424	     -4.21059512635071087061	     36.90279030834647500114	     36.60814773450930914578	      0.99670133303864094643	     -3.14702776199444755889	      9.21104024236972840356	    -49.79444165157135415711	    -37.85324340282847543904	      9.66596117749995897839	     -3.03394819384141811724	     29.73720584122400012461	     25.84848270163620043149
      1.35099999999996178701	      1.82713342629942587791	    -19.08241150887241133205	      5.40664957138420732008	      3.57623326443257383289	     -4.23787957828204753241	     36.32478525913119682400	     36.26869442274802679549	      0.94055140626214672750	     -3.19271950586121899818	      9.22716893143207173011	    -48.65297503830421277371	    -38.06153774071147211089	     10.42668882303106059339	     -2.90915659691575179124	     30.24734578037960730512	     25.90578865177979395185
      1.35199999999996167688	      1.70890599713280266769	    -18.63464791372373952072	      5.39294636336778410168	      3.58035421667860020989	     -4.25756521085810391014	     35.70103917351703159966	     35.89379557498535433524	      0.85612165593842437517	     -3.23972906120170156541	      9.21964088476736520761	    -47.45524280262377914141	    -38.27817441405277065769	     11.23616469969002196194	     -2.77284677137401569524	     30.77847506415674061486	     25.98452929146262135873
      1.35299999999996156674	      1.58738086011324242008	    -18.16337318526382205164	      5.37784363832703604658	      3.57048548310197588762	     -4.26865652663120442867	     35.03890928720124975371	     35.48759026058404231208	      0.74397423929852823932	     -3.28646996469817986863	      9.18953969286051552956	    -46.20858900016217063467	    -38.49973658671760290417	     12.09286529161264311938	     -2.62577500037892708207	     31.32947407903020575759	     26.08166063029766590375
      1.35399999999996145661	      1.46129121422379171236	    -17.70138029654751221642	      5.36471026741853052044	      3.55063880436061651835	     -4.27991544046567184978	     34.37689255164281121324	     35.08877351601462635244	      0.61721076851730671819	     -3.32963384294164832511	      9.16170466960652873922	    -45.00838065303052104582	    -38.70322218324565710645	     12.93768523410003723484	     -2.48082540015017727342	     31.85869263601255241269	     26.15048490049191087792
      1.35499999999996134648	      1.33168174747513035072	    -17.25248483184202541452	      5.35338212695539539254	      3.52285493653812409320	     -4.29145527881659916147	     33.72201344657329968868	     34.70203863786242948208	      0.47984151360795923580	     -3.36795835312754254787	      9.13956326490110626537	    -43.86049791738898306903	    -38.88664390383797098139	     13.76607793948649849369	     -2.33941745170147541444	     32.36361535111464604597	     26.18728450819939368444
      1.35599999999996123634	      1.20127894645442268029	    -16.80260554805653328003	      5.34137478281245137168	      3.48825972499044212327	     -4.29704314536949993908	     33.06203337703117028923	     34.30934338023882190782	      0.32840791386472556468	     -3.40103040379526877501	      9.11006672526137961654	    -42.71445090250468723525	    -39.06000729615760747038	     14.61072231680500266293	     -2.19536465893753751644	     32.86870193422101493752	     26.21671248458747882637
      1.35699999999996112621	      1.07336715062969290102	    -16.34027346380150902405	      5.32612162249648690704	      3.44955889078649136081	     -4.28697651511518529333	     32.38864821804220639478	     33.89619684335705329659	      0.15495554981403980577	     -3.42672140942662517560	      9.06136150062507539360	    -41.52043964380778362511	    -39.23282560180977185382	     15.50963622917698181425	     -2.04095627560056946947	     33.39877041821889491757	     26.26294294126951811563
      1.35799999999996101607	      0.94907422282784636991	    -15.87013401355642372437	      5.30742238315011150007	      3.40920786656366203715	     -4.26036379882864935098	     31.70941855534158548835	     33.46678606289735569135	     -0.03827518017827102881	     -3.44315638985859262533	      8.99444086289102884280	    -40.28657921358159654801	    -39.40200620216678117913	     16.45993571677299982525	     -1.87733660930176071702	     33.95216988638696165026	     26.32222778332401347257
      1.35899999999996090594	      0.82575130959808973330	    -15.42000233655465990523	      5.28884880561503223362	      3.36839361022009597946	     -4.23093953747496698270	     31.05382625529500728589	     33.05434645547345695604	     -0.23146494265724459893	     -3.44973567744305542604	      8.93372170781298002851	    -39.10599473456267816118	    -39.54777200446837071013	     17.39376721596928021540	     -1.71928207988669701223	     34.48473682288869213153	     26.34786494390973743407
      1.35999999999996079580	      0.70354426797173630348	    -14.99185400253804800741	      5.27044741238226777114	      3.32776618159155646026	     -4.19980945421188778255	     30.42406249218576874682	     32.66085695482673401102	     -0.42083786420572533160	     -3.44621719515388891253	      8.88100909495321744203	    -37.98499092944513932935	    -39.66954083295980382218	     18.30516377044943965302	     -1.56817563777008617265	     34.99301067933278375222	     26.33631924433147375453
      1.36099999999996068567	      0.58502441529100224216	    -14.57277007401799551189	      5.24985091968598283074	      3.28862968212315820438	     -4.15885279048629286081	     29.80816527334086174506	     32.26929267980582949349	     -0.61362784404983550246	     -3.43160752280000647119	      8.82233575391024871237	    -36.87458317809760899308	    -39.77739499392482969142	     19.22988226704003267287	     -1.41677921315176424955	     35.50146455279848822784	     26.31210162329116286628
      1.36199999999996057554	      0.47458674286545488030	    -14.15537441030440390932	      5.22429720484672088787	      3.25585637601236044247	     -4.09553901957346511153	     29.20458582015794490871	     31.87060073528467185611	     -0.81850693118414863392	     -3.40160132302037565566	      8.74788145756522084184	    -35.72626974131642185739	    -39.88016326359118579603	     20.20797698185974411444	     -1.25705840843132188311	     36.03496686457302899953	     26.29786757440473365932
      1.36299999999996046540	      0.37246926345797248814	    -13.74264411154990739306	      5.19372540482751787749	      3.23098224895430519155	     -4.00991439785853742706	     28.61542524194736358822	     31.46479413053578966242	     -1.03269962180645435978	     -3.35500036849957217200	      8.65504663707238286463	    -34.55147124290489557552	    -39.97588698211944802097	     21.23462816665786334624	     -1.09035383574028754694	     36.59082049197013475350	     26.28964417707334533247
      1.36399999999996035527	      0.27254626136088688781	    -13.35287698712261317269	      5.16259645924786525484	      3.20813602519990581641	     -3.92261268025363563083	     28.05139395196870566451	     31.07444487868036375744	     -1.23500604685884418643	     -3.29702302675400904519	      8.56542101199522321053	    -33.43880008735976616663	    -40.04971081310175406998	     22.23450373955273562387	     -0.93211938148722861541	     37.12216538358121908914	     26.24338982174191414742
      1.36499999999996024513	      0.17453282040354167748	    -12.98723896828599322362	      5.13132190530706111531	      3.18568275025377545262	     -3.83585096619971466225	     27.51439516433777043858	     30.70503376422606578444	     -1.42262433679412048093	     -3.22894622954298382567	      8.48599447822586583356	    -32.38754935061420781039	    -40.10292124745531339158	     23.20072428275463494174	     -0.78351076105500627733	     37.62473089959369332291	     26.15640798481732076652
      1.36599999999996013500	      0.08127547257856804208	    -12.63498605799483698320	      5.09743140176630049609	      3.16651993659357344768	     -3.73916718204587539276	     26.99378556465480016868	     30.33903324979166882258	     -1.60500509968222182522	     -3.14817428985209035730	      8.39916541706281449819	    -31.35492712228661460472	    -40.14447557937484845070	     24.17170089957938472480	     -0.63670789118679405050	     38.12338923435076765145	     26.05238357081002220639
      1.36699999999996002487	     -0.00249527759960699314	    -12.29160533400045096641	      5.05808395830916879277	      3.15709417555322602311	     -3.61799404889468689817	     26.48941264542581564001	     29.96716715706983080736	     -1.79069610131326051317	     -3.04839442991997611188	      8.29122111484302770634	    -30.30059775111886466448	    -40.18268248450969082342	     25.18746230676711661545	     -0.48385954121191732114	     38.64242537979573910434	     25.95206078450371478539
      1.36799999999995991473	     -0.07692393687082699216	    -11.95951258433370867351	      5.01362361275734258470	      3.15646288134153962801	     -3.47370701785879987256	     26.00337762630415738840	     29.59331947983158173088	     -1.97724702022212817099	     -2.92988893210384127030	      8.16493048528258391627	    -29.22945592011823023881	    -40.21759974803228487872	     26.24136929582912003411	     -0.32636086977788636432	     39.17798724908600860317	     25.85195424642107298041
      1.36899999999995980460	     -0.15137884170050597277	    -11.64706984605538764299	      4.96947092615805274818	      3.15116472568757899353	     -3.33362487307093147137	     25.52994094411710079839	     29.23112923192664425187	     -2.14615278445970947274	     -2.80454763427667730369	      8.04162661777775333860	    -28.22050490857563787017	    -40.23775601943433599672	     27.25496092140549109217	     -0.17926847283636915265	     39.68267476077402733381	     25.71302735123642690951
      1.36999999999995969446	     -0.22725678965140616583	    -11.35281071621457726906	      4.92622739375303808629	      3.13833061036481808515	     -3.20101474540128094759	     25.06410578203603733982	     28.87916677835260514939	     -2.29639038246780557984	     -2.67476045687863317468	      7.92229779547944978901	    -27.27753451228017667063	    -40.24416254578085982985	     28.22161569911398970589	     -0.04347498993670928513	     40.15264128155168066314	     25.53381927363217585025
      1.37099999999995958433	     -0.30031710761515739705	    -11.07078032079527929454	      4.88135222450459593801	      3.12236950558829562397	     -3.06293440951657203186	     24.60444749031867672784	     28.52827289793759035774	     -2.43777114098844283063	     -2.53590628551810803870	      7.79430451850238181777	    -26.35673779809745198577	    -40.24517166167337478555	     29.18099756047851656149	      0.08885905851745423689	     40.61267318866055120452	     25.33648322756197757144
      1.37199999999995947420	     -0.36554359248522416692	    -10.79953146696291810258	      4.83231662281538376646	      3.10910681429632518302	     -2.90395100098535863253	     24.15372544781324393171	     28.17284912647197714364	     -2.57832363551333543228	     -2.38062401460412687015	      7.64451848048483029174	    -25.42176367308380946497	    -40.24964763376151211105	     30.17072924785746579346	      0.22493011062932888322	     41.08568937556283628965	     25.14014863741680372300
      1.37299999999995936406	     -0.42393559746922448994	    -10.53951360232977663145	      4.77982151204862759641	      3.09545519805675439784	     -2.72689108858682516257	     23.70970552582187451662	     27.81369472157712152693	     -2.71689140247481919488	     -2.21063140028873172938	      7.47374144668874151876	    -24.47834209953495587797	    -40.25797527894614802335	     31.18325833681627656802	      0.36334979472586459437	     41.56778141580819152523	     24.94248615749482667070
      1.37399999999995925393	     -0.48632788670482796078	    -10.29161825746132308268	      4.72959263652612094120	      3.06416877769406426069	     -2.56323346261699214210	     23.25900317929608718259	     27.45904298914747698745	     -2.83919034627417854466	     -2.04263494984668891874	      7.30538881989141231088	    -23.59325227995614682186	    -40.25844349506412100936	     32.14311971327210670779	      0.49028957507398773785	     42.01419046045826632962	     24.71010142541218002066
      1.37499999999995914379	     -0.55396998510131822968	    -10.05414502233210782833	      4.68227283631313184742	      3.01208740101861849325	     -2.41643949953954972898	     22.79779377153742814244	     27.10808972181008158486	     -2.94543621874108207948	     -1.87943360946161153180	      7.14160838051898227974	    -22.76812077146557200535	    -40.25122417393721718781	     33.04501147446883635439	      0.60509208536089209574	     42.42211858930028256509	     24.44263677947936486134
      1.37599999999995903366	     -0.62180815748752138461	     -9.82487567289541630089	      4.63537736071597805676	      2.94451368008090241801	     -2.27184899935734563314	     22.32974034716950484381	     26.75540647216321232804	     -3.04486691805845310910	     -1.71454716924708261416	      6.96985001468283194015	    -21.96395612335572167240	    -40.24398060044179459283	     33.92772633912588275962	      0.71507450257052296294	     42.81583434738682569787	     24.16046726591463311706
      1.37699999999995892352	     -0.68498434622993897847	     -9.60438415395236688710	      4.58711860654945269289	      2.86421158349797622122	     -2.11471453614618098982	     21.85892473406758540477	     26.39857047264963085809	     -3.14544965663234865616	     -1.54085098193484926199	      6.77769503672800421867	    -21.14828894341584941685	    -40.24621150610852993168	     34.82438988891658482316	      0.82635087629847614465	     43.21673028392621063176	     23.88201200634443210902
      1.37799999999995881339	     -0.74455363644527494671	     -9.39245488016788954155	      4.53842692598551877836	      2.76678373680627487374	     -1.94871864319826215706	     21.38351355393504604763	     26.03880281983855837780	     -3.24724774985694075724	     -1.36099155510606140140	      6.56715510095996535256	    -20.32484851129587966057	    -40.25763151640568082712	     35.72763637561524774355	      0.93754373029927284833	     43.62169245496836111897	     23.60628495650702873832
      1.37899999999995870326	     -0.81080620295124106178	     -9.18597172976515707887	      4.49416611827288647874	      2.63809562951185228030	     -1.80542347662959912213	     20.89081391026802236865	     25.68066906027661744361	     -3.33888650808085163391	     -1.19270036143375168791	      6.36306774037752553852	    -19.55005117412101967034	    -40.26316549883578232993	     36.57088874490190733013	      1.03667971864528363213	     43.99086893042356649630	     23.30390633131258582011
      1.37999999999995859312	     -0.88443088511843370725	     -8.98375139629715135925	      4.45474991729125235906	      2.47636413781019371072	     -1.68757355232260408684	     20.37973033116097099082	     25.32410228896896242645	     -3.42091775166106781825	     -1.03819704033925042097	      6.16819300650425184074	    -18.82454001141396915386	    -40.26161644104867320948	     37.35086293478504160248	      1.12331746746259231173	     44.32273574643686941954	     22.97494848861644101135
      1.38099999999995848299	     -0.96002079949873575515	     -8.78650649903963198994	      4.41808446735585391707	      2.28591111997664597766	     -1.58001856781946514729	     19.85726743347862566225	     24.96730432407883171209	     -3.50167876527427424094	     -0.89009294621245071966	      5.97053369190431126867	    -18.11387840073140864661	    -40.26072063640238241078	     38.10309168970307069912	      1.20381656850104823420	     44.64032348548811057753	     22.63833374888155702820
      1.38199999999995837285	     -1.03302828104735056058	     -8.59611315112240959024	      4.38350238746740217266	      2.06420967463301963107	     -1.47021687859268013199	     19.32886105356982398007	     24.61145122435973675579	     -3.58982722820500033123	     -0.74277467462006141474	      5.75947951764784704665	    -17.38835632538589948126	    -40.27001125971515449464	     38.85471365712618307953	      1.28278388112942343113	     44.96385245608944813966	     22.31294607517692085707
      1.38299999999995826272	     -1.10411832085122796343	     -8.41243323795356445771	      4.35190333916378335744	      1.80712369869652889065	     -1.36189459957422798198	     18.79492882649628882064	     24.25851526153554971188	     -3.68599305700054724610	     -0.59895780102197093697	      5.53809081394883762073	    -16.65034367673543513888	    -40.28779770214647726334	     39.59944458317921345269	      1.35886109895068107889	     45.29143418008493426896	     21.99872248192131962696
      1.38399999999995815259	     -1.18183968755263890671	     -8.23121077186576144413	      4.32603269872495843629	      1.51110693837308929233	     -1.28221715254943546825	     18.24717489038070539209	     23.90942092070015334571	     -3.77842968595543116095	     -0.47318137018195205457	      5.33034542316261905626	    -15.94946287203530310705	    -40.29547719551589324283	     40.28364484892698982321	      1.42261972752457666047	     45.58800032109984101680	     21.66686711586229918680
      1.38499999999995804245	     -1.26631203061829467060	     -8.05201137661504162679	      4.30587150029055010236	      1.17698253687430565151	     -1.23253839499929540580	     17.68675725203610227254	     23.56430441783820128876	     -3.86703631044997830912	     -0.36639576200505619141	      5.13877339408655942066	    -15.28652084754308404513	    -40.29098369134217705323	     40.90610243907526211160	      1.47389007705629460077	     45.85276491557856815007	     21.31694644407853189705
      1.38599999999995793232	     -1.35233803755174619710	     -7.87728352373198958958	      4.29012849733815926356	      0.80566507427772648953	     -1.19884864147067560225	     17.12182143461606642632	     23.22438669149099510491	     -3.95973695871119080181	     -0.27172685035263821618	      4.95223609510893059138	    -14.63110803217529998221	    -40.28251462630091594974	     41.49699141494571819067	      1.51771894534187268277	     46.10715309588513122208	     20.96732384236049639981
      1.38699999999995782218	     -1.43560777266618799786	     -7.70984188985659102400	      4.27941134121829236392	      0.38837746223474312046	     -1.17177142237105158529	     16.56009129773720189860	     22.89486891218946951199	     -4.06615871785815929940	     -0.18583318000068294040	      4.76294950409856809870	    -13.95535149117775830518	    -40.27854455245584119893	     42.07673355834531037090	      1.55691193680681516653	     46.37088474600984255858	     20.63837552308953604552
      1.38799999999995771205	     -1.51631209956599377620	     -7.54995085091735518290	      4.27430293409921091552	     -0.07706927512487027343	     -1.15423510271730833665	     16.00409689466201257346	     22.57789497107573950530	     -4.18643097302691113981	     -0.11066766589654664088	      4.57417960510264620666	    -13.26138763121940122858	    -40.27619920032699951662	     42.64056385044730035361	      1.59025359606637106680	     46.64298941857667557542	     20.33011695739762458857
      1.38899999999995760191	     -1.60144824462012991262	     -7.39318170328098744903	      4.27458025659016982445	     -0.57857613625908754784	     -1.16574742962529853685	     15.44671398701041198365	     22.26817321244378788947	     -4.30541015795462556071	     -0.05463009496430304424	      4.40505158265925800265	    -12.59642005941307196792	    -40.25627204337203579598	     43.14937477252225050961	      1.61159807015515132989	     46.89085412092628502023	     20.01050199118298422718
      1.38999999999995749178	     -1.69091553899733071376	     -7.23950543847928429386	      4.27972401711942040947	     -1.11236055350731533053	     -1.20611219766269073261	     14.88920644230749701364	     21.96491922470432811565	     -4.42174338925576115855	     -0.01723749608364411046	      4.25681399103284796581	    -11.96236122717260208503	    -40.21692866974331082019	     43.60358787465523278115	      1.62112662567373000400	     47.11352628318282853570	     19.67784322238366101487
      1.39099999999995738165	     -1.78004050097426613775	     -7.09218269003150680874	      4.28955826613928081770	     -1.68286301236551594229	     -1.26395283987196194175	     14.33996300715885752197	     21.67219370648763998588	     -4.54360896062442343180	      0.00658755390763321458	      4.11994899123903124405	    -11.33179590431814176554	    -40.16647289722781977162	     44.02668320937925727776	      1.62227126567279222868	     47.33103680813173497199	     19.35111603751663622575
      1.39199999999995727151	     -1.86466062783736674646	     -6.95479184253264293147	      4.30581731379569987439	     -2.30436204017323120752	     -1.33325200871962579185	     13.80962423124117322004	     21.39893193788429215374	     -4.68107627544549487197	      0.01791425774397836790	      3.98979398292456099995	    -10.67858159900992909286	    -40.11131108336385153734	     44.43240539463286609134	      1.61593798473823602180	     47.56313350463079814290	     19.05265403454460226840
      1.39299999999995716138	     -1.94478365472684799897	     -6.82778449337922666018	      4.32856290088169259889	     -2.97597850804683616843	     -1.41561375860523241954	     13.30085530685047956467	     21.14617955063550169825	     -4.83289396834625240018	      0.01605258700115852477	      3.86861316369044860863	    -10.00575655954577491968	    -40.04839404147711690030	     44.81752999093031775146	      1.60124592888313266315	     47.80892201979077071883	     18.78165762626731094542
      1.39399999999995705124	     -2.02688909906942171801	     -6.70597477334871427956	      4.35451224977111905901	     -3.66944756242264702450	     -1.52184940687959624483	     12.80118691113844420215	     20.89976300316573798455	     -4.97964154192551688993	     -0.00055808143352154005	      3.76741965997207106653	     -9.36068026814481690678	    -39.96220451472826340478	     45.15691992641885832427	      1.57586468557786574252	     48.03524474922755871376	     18.50024664052279987914
      1.39499999999995694111	     -2.11106472669450795365	     -6.58919273398379345963	      4.38273140596945154357	     -4.37859680121113115092	     -1.65045884887399552099	     12.30990763470025228798	     20.65727756278585758309	     -5.11877692343623014182	     -0.03032056072579392136	      3.68570694937017107051	     -8.74648680354941276960	    -39.85217760590470703619	     45.45207777812081673119	      1.54043106616191805003	     48.24028216616058273303	     18.20530940181486201368
      1.39599999999995683098	     -2.19317409096522908385	     -6.48106627463516815624	      4.41422795702719383826	     -5.11374221326450140168	     -1.79344363935403805499	     11.83614956372061044476	     20.42575983411187934280	     -5.25898635254518076465	     -0.07058468040452847703	      3.61646717959162034006	     -8.13779417110742642194	    -39.72576767956820020800	     45.71948149170439279487	      1.49665224937978180719	     48.44331112501536296122	     17.91746745850294431079
      1.39699999999995672084	     -2.26928158939658430882	     -6.38566073855565718986	      4.45146316927282725828	     -5.89252878104669264303	     -1.94777208581129457343	     11.39280820581781483725	     20.21641207238995718853	     -5.40954449703450190867	     -0.12197432815713726839	      3.55742677607346902136	     -7.51102525082557548330	    -39.58679320470719176228	     45.96673712884393836475	      1.44363964993043936147	     48.66417066862879181599	     17.66073679819547592729
      1.39799999999995661071	     -2.33961793362590242396	     -6.30311661430846470466	      4.49393904340902849981	     -6.71089673037440093140	     -2.11367447143157960454	     10.98041324531293128075	     20.02811756711288992960	     -5.56760602020629491449	     -0.18393511967103037819	      3.50902513959151507450	     -6.87059510703785747410	    -39.43312664794297006665	     46.19194679699911887383	      1.38103429876079708549	     48.90124448283619074118	     17.43300934175030647566
      1.39899999999995650057	     -2.41098783653751524980	     -6.22665527269896301732	      4.53603242965728270519	     -7.52854367793869982961	     -2.29421535398607545631	     10.57713772300660082237	     19.83815227737217767867	     -5.71150900798995664331	     -0.25264637444962767532	      3.47395889526669332525	     -6.26313295499854039150	    -39.25616637325641988809	     46.38228417973211037406	      1.31051497634279145998	     49.11911011370363411288	     17.19045909979245578825
      1.39999999999995639044	     -2.48384885340563243972	     -6.15562412556539584330	      4.57662724259310493835	     -8.33833184053357001631	     -2.48720509053694627255	     10.17970434949661751034	     19.64277689087195000184	     -5.83836462868863037556	     -0.32607503799286785551	      3.45038347908480647064	     -5.69223844543022039488	    -39.05694427361283516120	     46.53990208632019687229	      1.23316112558385926334	     49.31500327271486128211	     16.92901187992024247819
      1.40099999999995628031	     -2.55447524757924782079	     -6.09387463855918554145	      4.61771834264838787476	     -9.15546850692827263174	     -2.68810147059831194838	      9.79879792255358950115	     19.45169430788368103435	     -5.95700189843286764813	     -0.40389505369776701471	      3.43412017405259062386	     -5.13434717205679724827	    -38.84093237344903570829	     46.67475186245264495710	      1.14893184794944147598	     49.50807819829530131983	     16.67135256079126293116
      1.40199999999995617017	     -2.61942577321298131210	     -6.04543418332059445675	      4.66190657108202799463	     -9.99770232832446481552	     -2.89587690795582375358	      9.44776646721182089550	     19.27621292059716751055	     -6.07408838872498524353	     -0.48738807582130450058	      3.42393190252102685989	     -4.56972576888028392261	    -38.60949200960982352626	     46.78928134832469254434	      1.05552364511446450379	     49.71787307938802058516	     16.44241216439581521058
      1.40299999999995606004	     -2.67936907335514717943	     -6.00974500952125367803	      4.70825573701141308902	    -10.85857346433144243747	     -3.10966168558493905039	      9.12409471255539017420	     19.11307590573298043068	     -6.18572220712521048114	     -0.57514627969902365479	      3.41856552256961654379	     -4.00366081389651462530	    -38.36198579501759553523	     46.88277024935570125308	      0.95319777049179821304	     49.94177384304840927598	     16.23891384000436488577
      1.40399999999995594990	     -2.74136622178140498818	     -5.97852457282601790212	      4.75018296179563037640	    -11.69368115791527884539	     -3.32741032421277793674	      8.79838449352644147439	     18.93526453514127183553	     -6.27278157105732869780	     -0.66094010840046513167	      3.41558238908881151019	     -3.47816555736129018328	    -38.09730263163010022254	     46.95266935224859849995	      0.84713031934001703505	     50.14255237054365466065	     16.01324567576841673144
      1.40499999999995583977	     -2.80608501888038119887	     -5.95072914121550411437	      4.78669734931436607894	    -12.49677182936018482451	     -3.54701751857864167050	      8.46608349894773937194	     18.73897879770247598685	     -6.33329269305329400908	     -0.74307999609840580391	      3.41294370126280499633	     -2.99604083785557362418	    -37.81755720089543615359	     47.00150093979304699587	      0.73865997323617760273	     50.31705732485536231025	     15.76122523749808834737
      1.40599999999995572963	     -2.87014048882326733292	     -5.93029131796029673751	      4.82034064170666454174	    -13.28552692329134288229	     -3.76675301738350754022	      8.13955213938200472512	     18.53552992831308898758	     -6.37505174754813275229	     -0.82280556825325978920	      3.40880347102932024228	     -2.53615884617111042587	    -37.52549743285830174955	     47.03364521431942790741	      0.62616889071090975349	     50.48458571406504802326	     15.50731913853207188936
      1.40699999999995561950	     -2.93096929480398671330	     -5.92041108845020858098	      4.85325505648056321206	    -14.07437785637144145312	     -3.98626963765195796441	      7.83019109189147854977	     18.33415729899367008215	     -6.40059095573064507079	     -0.90097396765109749595	      3.40153720600707698551	     -2.08374746367251395540	    -37.22070338423525726057	     47.04784789245000098390	      0.50658952005003810015	     50.66367753249620875522	     15.27643303536175878321
      1.40799999999995550937	     -2.98957176929945944721	     -5.91981796516643044015	      4.88433272575922217129	    -14.85603218292420990565	     -4.20409567820971119545	      7.53337494014505182349	     18.13063486402388591046	     -6.40618325616393313737	     -0.97597173202209619447	      3.38918458914452269681	     -1.64378330032044495113	    -36.90382756118116702737	     47.04452712462525454384	      0.38076093440529978906	     50.85106874774103857817	     15.06476398057666798991
      1.40899999999995539923	     -3.05219912203128274086	     -5.92026201693207099197	      4.90769270357664311177	    -15.59158931577380258204	     -4.41659924687601801452	      7.21934680241037085580	     17.90047721416391368621	     -6.38084977541311104687	     -1.04258206841782996577	      3.36927461198560651567	     -1.24877332295352250213	    -36.57907217378234321359	     47.02890662634440133161	      0.25607382143018053711	     51.01011612266160000217	     14.82430280822891788262
      1.40999999999995528910	     -3.11935347663207096502	     -5.92077124388035258562	      4.92273681504232740735	    -16.27722714130750603090	     -4.62231996076026518949	      6.88457529287047975686	     17.64145300680659644854	     -6.32456424977092535045	     -1.10001316550256689197	      3.34083630901050865347	     -0.89963011542016912969	    -36.24869944352598594151	     47.00369021969616767365	      0.13387298611501341483	     51.13808694218413819499	     14.55157099758734773332
      1.41099999999995517896	     -3.18812988816198128461	     -5.92493449190163801177	      4.93196095257209776719	    -16.92969935730994279766	     -4.82106474137211193920	      6.54188203649304966802	     17.36470308460208400447	     -6.24244104761946250193	     -1.14989690919274911707	      3.30312791074868217223	     -0.57886304690296652709	    -35.91280362212763321850	     46.96904609920296280734	      0.01142166431234992174	     51.25408986157775359516	     14.27194793170749598232
      1.41199999999995506883	     -3.25714875603144093930	     -5.93427697336503001679	      4.93664440835127038554	    -17.55785645187917509702	     -5.01223314608203907028	      6.19878878005538069829	     17.07579473295749394879	     -6.13242818001615841439	     -1.19206489744875243630	      3.25312284080655489404	     -0.27712545122695608768	    -35.56976592135318071541	     46.92160664488000776373	     -0.11449512896256619499	     51.37515954560576147969	     14.00967615072106298157
      1.41299999999995495870	     -3.32738593778084634778	     -5.94718730235780412841	      4.93583878217427240997	    -18.15552339884027333028	     -5.19446425546534840123	      5.85071093697303012959	     16.77117433663318735171	     -5.99240068517963297978	     -1.22540183953397940897	      3.18938655221491229597	      0.00211207661836576577	    -35.22069868203021769659	     46.86278990116430520629	     -0.24273675923425219736	     51.49814067932317129817	     13.76123553341106386938
      1.41399999999995484856	     -3.40284939339649383783	     -5.95790441183356733745	      4.92574215350114741341	    -18.69717398589277479459	     -5.36557529392742083019	      5.47618988751180779673	     16.43540320158001222239	     -5.82328521632382578588	     -1.24815002956284448743	      3.11399105011967991530	      0.23922885586705744387	    -34.87194934052422468085	     46.80271892547860090872	     -0.36537278557156049885	     51.58970452262494887918	     13.48111493123491655410
      1.41499999999995473843	     -3.48354737274341630382	     -5.96605631353313015097	      4.90630208235057807542	    -19.18230258566089219130	     -5.52512137776878375917	      5.07446636791398475452	     16.06876710892213111492	     -5.62739691916191997478	     -1.26061966372059686137	      3.02764911467252595401	      0.43549049370227299605	    -34.52511845847821803090	     46.74397101260123577049	     -0.48137430587964491480	     51.64810800528987044800	     13.16692171561611957031
      1.41599999999995462829	     -3.56737764539438728661	     -5.97413980444130743308	      4.87943724173059933946	    -19.62372019676362810969	     -5.67328701982705752016	      4.65654503959761711940	     15.68006317678107919278	     -5.40593126646440325089	     -1.26383700290664258148	      2.92914911484910556183	      0.60352205928372315569	    -34.17828585581153788553	     46.68390735238545374841	     -0.59406281077137856883	     51.69158105379065659690	     12.84391617409352903678
      1.41699999999995451816	     -3.65419380675606930708	     -5.98138291852748693600	      4.84543996915706998152	    -20.02401439145214112614	     -5.80872401581666508719	      4.22559329832218111278	     15.27096029290950696122	     -5.15306648273021750128	     -1.25656696060049144492	      2.81398862506102576120	      0.74779169329068917449	    -33.82896351355390152094	     46.61862778191527922900	     -0.70629760907989780350	     51.73548768642773865167	     12.53549334604216980438
      1.41799999999995440803	     -3.74457336704594467847	     -5.98633972216140364253	      4.80378339776417817575	    -20.37965550505900580447	     -5.93077163659300765630	      3.77908896500856883449	     14.83989694548254512085	     -4.86911971677881361131	     -1.23864832034168426134	      2.68213280527263009390	      0.86703818727972281621	    -33.47791720608417165295	     46.55016902613566998070	     -0.81699500513444656136	     51.77742235441218099368	     12.23894685359146983217
      1.41899999999995429789	     -3.83938856962662100614	     -5.98793596451525900193	      4.75342540327251583676	    -20.68238024355169102364	     -6.04059819669609510129	      3.30886471177325347526	     14.38330504365936590716	     -4.56691612434196869685	     -1.21256427005956846088	      2.54187161365058145179	      0.95464161770315580924	    -33.13130055020807418487	     46.49009050777521423470	     -0.91931158734781526221	     51.78895327004491377920	     11.91247401211549217237
      1.41999999999995418776	     -3.93798993520546503078	     -5.98706739498643969455	      4.69490753088518886216	    -20.93515127950223586595	     -6.13862170845413857023	      2.81758317981001482622	     13.90420452999923028869	     -4.25085751719274096416	     -1.17941441458991880253	      2.39547883293127483739	      1.01309731661284319060	    -32.78986725026224746671	     46.44035220072419889448	     -1.01276615394407798476	     51.76934916279583376308	     11.55459703428826045979
      1.42099999999995407762	     -4.03935388985523502470	     -5.98442045894452689936	      4.62925359026759508652	    -21.14499917777585835665	     -6.22449915984128665514	      2.31252285464613294153	     13.40763090026573323144	     -3.91797453474829193709	     -1.13904363068473291065	      2.24022812026383189021	      1.04955313542800521276	    -32.45050490447205504552	     46.39689502768804629795	     -1.10070678263182175627	     51.73529599780316345914	     11.18969665442687322354
      1.42199999999995396749	     -4.14475033388534086498	     -5.97481115855734401521	      4.55559207715128877680	    -21.30788816761703685643	     -6.29728672734484007378	      1.79132901487747631109	     12.89001681923428499488	     -3.55890641190468315358	     -1.09018841313928138703	      2.06991328310340838570	      1.06663017519804670385	    -32.10935150615000566177	     46.35641556663559015306	     -1.18544807437767074632	     51.70090325656421015310	     10.84059909522453502007
      1.42299999999995385735	     -4.25374724243800983459	     -5.95927033375332371179	      4.47426675403569618084	    -21.42485304585781591413	     -6.35620376759297300850	      1.25663935714541707966	     12.35446110911951933531	     -3.17798540097837811658	     -1.03308197066426243893	      1.88691150580260202929	      1.06334144588773327200	    -31.76683696586675154094	     46.32111170209783068685	     -1.26623933348720685288	     51.66460007597654424671	     10.50546422785836320202
      1.42399999999995374722	     -4.36274290492933403129	     -5.94917744823584371261	      4.38799791576595055176	    -21.50831185208514284568	     -6.40211935533265830145	      0.72049797075978005978	     11.81561387462309831164	     -2.80167843574707919885	     -0.97132306307188276406	      1.70740339517425621096	      1.03675481219054343995	    -31.42993852173722046928	     46.30104903817964157042	     -1.33818316609919385485	     51.60205743512564424691	     10.14542303893379937563
      1.42499999999995363709	     -4.47471614719940191662	     -5.92820757249447183312	      4.29440634877997240437	    -21.55058759738011531226	     -6.44665820487409746420	      0.16590637832500476634	     11.25535437488356294011	     -2.41891065175403596754	     -0.91186372242013646883	      1.52497668322945090225	      1.00615947828244234330	    -31.09501340411499015204	     46.29555146958996658668	     -1.40191350271940962102	     51.51445654816632213624	      9.75934082293632343408
      1.42599999999995352695	     -4.59135888083163479223	     -5.88751003275785933511	      4.19226865846610508015	    -21.54751612039684971478	     -6.49260368096877016342	     -0.41253818202736169951	     10.66609625760661650418	     -2.01713469498467912189	     -0.85548051884940523593	      1.33157127673131370216	      0.98004097511442678226	    -30.75683246078405730373	     46.29986249054694269489	     -1.46054953744855220421	     51.41715604316870269486	      9.37048623460924368089
      1.42699999999995341682	     -4.69377400777564446344	     -5.91359606015356575881	      4.09714334963096860065	    -21.55751235397138998451	     -6.48441179401054057507	     -0.90766764527390364492	     10.15848047137888343627	     -1.66974625353819572382	     -0.77238215007638943987	      1.16951940037933743710	      0.87472872433174142515	    -30.43018731083352435007	     46.31998420816741202088	     -1.51324878652349115171	     51.31644495903007197057	      9.00150964133681341650
      1.42799999999995330668	     -4.80237467939011253293	     -5.91153226204016846168	      3.99250948589821064161	    -21.51719467531981422326	     -6.47824387224513031924	     -1.42883825988580781541	      9.61821068696813163967	     -1.29796865070099798345	     -0.69286141169043746757	      0.99241709795481192202	      0.77702989837773461801	    -30.09440258189226469199	     46.34920639771185335576	     -1.56262222217061763629	     51.21852842342349276805	      8.65103959523128018816
      1.42899999999995319655	     -4.99715820264077592583	     -5.50832437725981094445	      3.81331921683458574535	    -21.18168706155880443021	     -6.70380316687929678210	     -2.41456174596508787999	      8.58878967722541730723	     -0.59232586014470456348	     -0.74104943607821160967	      0.61652866935583139352	      1.03712626376960548313	    -29.67452921621277539543	     46.36070643286609538336	     -1.61674372815563405226	     51.13035670354862816112	      8.28123951231254373795
      1.42999999999995308642	     -5.20725640787169652413	     -5.03098761557561147129	      3.62301060948585984534	    -20.81557863924025753022	     -6.99772608032492371422	     -3.47977496483966319829	      7.48316070782171216536	      0.12433352041580914005	     -0.84264854455903259733	      0.23768475549919010348	      1.41138787405592491808	    -29.23753870010488142839	     46.38874426474978918122	     -1.66477986439647063222	     51.02853344320303818904	      7.89051870856326509340
      1.43099999999995297628	     -5.31540591743909374145	     -5.02479658963136444072	      3.52328358583024225936	    -20.82759077802452907235	     -7.06329815105459601909	     -3.98346249986562384038	      6.98197852296346077594	      0.34705420651619522943	     -0.85212323137620060720	      0.16523687528117170231	      1.45880231927297820960	    -28.89370864061938704026	     46.48355881369230502287	     -1.69174093614478104897	     50.88668089637138081116	      7.50111116218307216741
      1.43199999999995286615	     -5.38500688559361151420	     -5.18443975043277305303	      3.45414761833571049010	    -20.95884965703642421886	     -7.03511134402832283286	     -4.26748328957368983083	      6.71048681819485004496	      0.38995700332833393986	     -0.82431424896273197689	      0.20661574314225772397	      1.38252128240150540250	    -28.57853010788392467134	     46.60910143197089894329	     -1.71062463710842660447	     50.73773885147462436862	      7.13597497338347430684
      1.43299999999995275601	     -5.47424087536407455445	     -5.22750815673347801749	      3.36076831406623455223	    -20.97731749044679361305	     -7.04785418529320395464	     -4.65393332361463762936	      6.31614119330542500563	      0.53881848501191598189	     -0.81656135699245124826	      0.18349622367808127166	      1.38055379814439049824	    -28.23491065499449348408	     46.73251014159187377572	     -1.73210934763990964669	     50.60077734199889221145	      6.79363474674073941628
      1.43399999999995264588	     -5.55931792947471592470	     -5.26256450076675719174	      3.26366225495743833562	    -20.97119975543510861371	     -7.05787219716846436768	     -5.02815106289077107249	      5.92083644597376501650	      0.69216528008937405758	     -0.80851130709366225702	      0.15789173267672929057	      1.38248392259955332761	    -27.89066198009113506373	     46.86284288260258534820	     -1.75176122561906399966	     50.44884402600354889046	      6.43503208452549380070
      1.43499999999995253575	     -5.63406195739111126386	     -5.31987835507871409391	      3.16874960698406482607	    -20.96602973081336074301	     -7.05247166801771641076	     -5.35721947520669061760	      5.56025775984019254849	      0.82093576282435964941	     -0.79444481908086395094	      0.14808945822819552518	      1.36840903615884634803	    -27.55209416034516323180	     47.00200660309550215743	     -1.76900758303060179344	     50.27928896350414333938	      6.05800684232982167288
      1.43599999999995242561	     -5.70555525335169022583	     -5.36771446705373023178	      3.07047995008946372764	    -20.93776391204046660732	     -7.04390915523784144625	     -5.67205301422698937586	      5.20118995237133230347	      0.95355985291782907609	     -0.78006659818723456112	      0.13658825273201724571	      1.35785783594144504605	    -27.20852896134048393151	     47.14618794436020721150	     -1.78626760975248988217	     50.10605274942358278167	      5.68464934017129941424
      1.43699999999995231548	     -5.77438945492343691512	     -5.40016767592868518477	      2.96886345896518832888	    -20.88489191942402101176	     -7.03018673337291488679	     -5.96688885251050749048	      4.84810456236758291482	      1.08766392962573732461	     -0.76493309171000722912	      0.12526329053549334347	      1.34938940531490469965	    -26.85252395148768300714	     47.29595286775247586775	     -1.80519743828344569891	     49.94106068842192058810	      5.33785763823212455748
      1.43799999999995220534	     -5.83915438902393191256	     -5.42247427993260089352	      2.86517360028803125260	    -20.81289584508829193510	     -7.00957878207591988939	     -6.23495981881850980244	      4.50766906734634265064	      1.21777520391963545165	     -0.74800861981845212512	      0.11757053011591800384	      1.33929640905861013778	    -26.48516981438866579879	     47.45072859850642998936	     -1.82607415164681707864	     49.78286531949671456232	      5.01538206120561991241
      1.43899999999995209521	     -5.89795110586456416968	     -5.44658887971087324331	      2.76036967002018229778	    -20.72881061650330991597	     -6.98655385773696480101	     -6.48273548582129421902	      4.17435175776021960559	      1.34635642857705573050	     -0.72983899531615659129	      0.11113934012333404056	      1.32888583872364796079	    -26.11889748727673676854	     47.60643041758152094189	     -1.84730265802290904986	     49.61064522014947186790	      4.67631619932205033763
      1.43999999999995198507	     -5.95078323655444307860	     -5.47393039596087760401	      2.65468614898017563064	    -20.63400496004464912403	     -6.96181751133762816153	     -6.71163030288052198102	      3.84737508106149928011	      1.47398893088703797360	     -0.71058719988507101917	      0.10546330569323192350	      1.31853970136394105239	    -25.75520436146151581625	     47.76179267680276296915	     -1.86885992743659468118	     49.42313048569045719205	      4.31787823023307382186
      1.44099999999995187494	     -5.99877547065210592336	     -5.49811309330337394385	      2.54787826759347524330	    -20.52601681718141435340	     -6.93373834272338740448	     -6.91905006405610834008	      3.52929495950758953526	      1.59983779457693042758	     -0.69013204166484820590	      0.10145086757823440493	      1.30791334672312187237	    -25.38790356991240670936	     47.91724504800161099638	     -1.89199349299922214840	     49.23167465053328584190	      3.96218844392174363023
      1.44199999999995176481	     -6.04283940224915738781	     -5.50825194755415736836	      2.43945547884403879380	    -20.40096659910105358904	     -6.90157147676711701934	     -7.10066918563752835780	      3.22191650815825125775	      1.72368847115311751850	     -0.66846299836789135895	      0.09980145494296044362	      1.29704980352267629229	    -25.00787898176116641480	     48.07259144863309785478	     -1.91873013915996315504	     49.04771412645677486353	      3.63176454585050212387
      1.44299999999995165467	     -6.08286597412687513042	     -5.50447794373417309544	      2.32965730751521959974	    -20.26002356050140917887	     -6.86584111322511603248	     -7.25703471986963677409	      2.92500768863790394647	      1.84564596680676373808	     -0.64565021601966643416	      0.10038021243012895667	      1.28602511007768205431	    -24.61621752646500027595	     48.22654852760494748054	     -1.94909648347380004552	     48.86950508607890242274	      3.32361532502115641918
      1.44399999999995154454	     -6.11721064380220980183	     -5.50592334168382535609	      2.21995338687065668637	    -20.11268165633511273427	     -6.82857130599064987564	     -7.39646404563886505912	      2.63554921613857739970	      1.96602272145207646048	     -0.62183449414422442558	      0.10184748097046281146	      1.27480762152477611338	    -24.23032419953834448734	     48.37655286783208907764	     -1.97967887235630524145	     48.67545847717885720840	      2.99580453835890381242
      1.44499999999995143440	     -6.14593725891593578581	     -5.51466392615824929635	      2.11059182387894850308	    -19.96013064066255537909	     -6.78963525067395323731	     -7.52047294124481879862	      2.35348990168051663829	      2.08469824838621864416	     -0.59704820251029744327	      0.10405679246084931222	      1.26339931856103149244	    -23.85246103392678662658	     48.52223260417709838066	     -2.00985827046901155413	     48.46397532669182339760	      2.64538076695280954809
      1.44599999999995132427	     -6.17015840523212943936	     -5.52071000196070826860	      2.00103061575143215123	    -19.79817470541233603853	     -6.74772489836432498578	     -7.62591839939457827313	      2.08067879941061795179	      2.20132159275470140614	     -0.57126294513543118825	      0.10768947582616705816	      1.25182546393873828094	    -23.47476662888015042085	     48.66414647857688891008	     -2.04105945228956198179	     48.24611197170056442474	      2.29452285500123531747
      1.44699999999995121414	     -6.19068771310629983873	     -5.51079062031473654315	      1.89076957736087081230	    -19.62276458859943772950	     -6.70214750293155248073	     -7.70791293924527565196	      1.81888966289730502623	      2.31568309198788568892	     -0.54446939902472735184	      0.11358189006830388124	      1.24009781522641526763	    -23.08745556963851441878	     48.80125896998923451520	     -2.07533827810482129905	     48.03223315061353559940	      1.96476432342569395928
      1.44799999999995110400	     -6.20756988316054503230	     -5.48541001501757818914	      1.78001610627512718565	    -19.43481466160856996339	     -6.65283875194057827684	     -7.76777857745304345372	      1.56801326206083002646	      2.42768842058862510669	     -0.51670683675199002849	      0.12165088658195877258	      1.22822282513073144372	    -22.69249111000340946021	     48.93285767705157951468	     -2.11212165207659285926	     47.82015490440416272122	      1.65271370139734585791
      1.44899999999995099387	     -6.21971672083550686239	     -5.46783036091758845032	      1.67005461917220543455	    -19.24279309354909628382	     -6.60040761151476829127	     -7.81652671421404932062	      1.32511305538530743675	      2.53733843225079080952	     -0.48807626095825895618	      0.13032211432716378496	      1.21620277539055132721	    -22.30995163379396828418	     49.05951076188608084294	     -2.14654527676493289690	     47.58921913215893084725	      1.31742294885044408659
      1.44999999999995088373	     -6.22727606924017607071	     -5.46010522629438810327	      1.56101411492650754553	    -19.04718877685837696845	     -6.54446516311666925958	     -7.85583935744875816454	      1.09011580887493630954	      2.64441236898609322026	     -0.45859996813215619937	      0.13942984076742437338	      1.20404724048585043406	    -21.94203288382708905147	     49.18175520631793062876	     -2.17773469130929653303	     47.33809260358030712723	      0.95634108904877335178
      1.45099999999995077360	     -6.23119359834667818632	     -5.44965697062662002281	      1.45229193693131719556	    -18.84339436554076030461	     -6.48399969389376451545	     -7.88149153388900458594	      0.86478641298483038824	      2.74859140727570228080	     -0.42825730749999069147	      0.14977797030731876404	      1.19177023572331064472	    -21.57950249752080651433	     49.29953717838830584697	     -2.20741638277536234014	     47.07733483309637279035	      0.59131891671827530033
      1.45199999999995066347	     -6.23229242548779893696	     -5.42106132466318513252	      1.34337702059488606210	    -18.62717848305081247418	     -6.41796882047124483961	     -7.88868475123024381901	      0.65081935750094244142	      2.84969870911300215965	     -0.39705015253138631337	      0.16230464250178711083	      1.17938191956666882376	    -21.21259288022742239832	     49.41102481350667829929	     -2.23720426271806216434	     46.81583069603573221684	      0.24245685307612285797
      1.45299999999995055333	     -6.23073200954515016292	     -5.37497334195239773180	      1.23438956860987048003	    -18.39894050453398222089	     -6.34592603449411285510	     -7.87916105749670236946	      0.44808270262771676684	      2.94755223023723811338	     -0.36501100344079606685	      0.17690823988898429775	      1.16689089706293325222	    -20.84352366565332914661	     49.51626127492070139624	     -2.26612301795283688222	     46.55148554313191056053	     -0.09344742805165173749
      1.45399999999995044320	     -6.22561472775434765481	     -5.33818457361860509991	      1.12639042649506393445	    -18.16606049285259416592	     -6.26836251246136555437	     -7.86430234117602822153	      0.25370661443528952361	      3.04188870477779538248	     -0.33220849012624009688	      0.19182175082157471024	      1.15430341162572336344	    -20.49234633670753424894	     49.61897491211220057039	     -2.28932655702536180797	     46.26654985078194926018	     -0.45421869482276111540
      1.45499999999995033306	     -6.21705586478810801054	     -5.31277462614283990661	      1.01944647302264002064	    -17.92876111043084108587	     -6.18510076863070423769	     -7.84538929213445612731	      0.06756544182546786459	      3.13246959939941227447	     -0.29867028423162800266	      0.20686718917661828243	      1.14162814463502071405	    -20.16058315488325902720	     49.72016005344990219328	     -2.30617594249934443340	     45.96039666194086237283	     -0.84161261475264037557
      1.45599999999995022293	     -6.20588811318035027398	     -5.28397909147872724134	      0.91298234740746408988	    -17.68256197610223523498	     -6.09529259578518178841	     -7.81763793282469521273	     -0.10869242052599092929	      3.21908898734610815495	     -0.26439958563383436640	      0.22295307988706714042	      1.12887578985596537251	    -19.83829458439617710042	     49.81862437451047753711	     -2.31850262145968377681	     45.64265066262469616731	     -1.23467150536876735245
      1.45699999999995011279	     -6.19302663003590225799	     -5.23439985080995029421	      0.80645992267116639596	    -17.42288452271290566387	     -5.99720350477475960815	     -7.77673873678935478893	     -0.27342442860298632468	      3.30158196722731833717	     -0.22940733101678434380	      0.24111733172351712540	      1.11605551850934014979	    -19.51618858697985459116	     49.91196933934298840541	     -2.32714663144618638668	     45.32060378126445954194	     -1.61476487790376266318
      1.45799999999995000266	     -6.17863956499877531314	     -5.16484427190476935721	      0.69994894700977283719	    -17.14990111282480711452	     -5.89046133179098774235	     -7.72428655958724164066	     -0.42680772869921890234	      3.37975582529268514520	     -0.19373170264548322805	      0.26124387659666181705	      1.10317570186295732526	    -19.19611492399807417542	     50.00068650279212079113	     -2.33123110150388335171	     44.99276676849618183951	     -1.98437660004515681322
      1.45899999999994989253	     -6.16162138541817228088	     -5.10544942351003783187	      0.59444568661444918689	    -16.87117442478384532478	     -5.77718204778928168253	     -7.67010133620473766314	     -0.57176611251167352989	      3.45334999970008382775	     -0.15744930051420080730	      0.28138144266892650691	      1.09024272201876382127	    -18.89597919163359307504	     50.09021306688143937436	     -2.32773270572773638420	     44.64557084440499323819	     -2.37710000578367219859
      1.45999999999994978239	     -6.14197892356511943035	     -5.05843907480598886650	      0.49003071989189095348	    -16.58719980371678559550	     -5.65778625843317684030	     -7.61482614512993905009	     -0.70850398328784480739	      3.52220910686669164136	     -0.12060674362625034561	      0.30134190799032678498	      1.07726394029661332041	    -18.61643860114235948799	     50.18141109498908036812	     -2.31664106417968085339	     44.27918519836492095010	     -2.79388458183602583773
      1.46099999999994967226	     -6.12054012979542960693	     -5.00715673333178301618	      0.38617875688495928443	    -16.29369186202009700537	     -5.53120709370494978430	     -7.55379373320661784419	     -0.83545827309364772972	      3.58623931240447113566	     -0.08322894138146352816	      0.32213541592035488392	      1.06424812683588720930	    -18.34766881352125622584	     50.27193716383015953397	     -2.29949688967091558922	     43.90184884549259436426	     -3.21511074011845421339
      1.46199999999994956212	     -6.09833797022550072597	     -4.93246912582512209156	      0.28235078959791337638	    -15.98585811514298882230	     -5.39504630303727594764	     -7.48329428099205529179	     -0.95102074171098394118	      3.64531764062527852133	     -0.04533808857036802920	      0.34489692768654434119	      1.05120409746275456087	    -18.08096637538339024331	     50.35878257610895047947	     -2.27643730487975259891	     43.51949179358621933034	     -3.62326223189465279617
      1.46299999999994945199	     -6.07546078942750966689	     -4.83546902076594165010	      0.17864784509414732838	    -15.66421901990513276814	     -5.24947389411427423056	     -7.40444604666436134721	     -1.05543875456060032292	      3.69934634483104485270	     -0.00699034584982216600	      0.36949733893015812569	      1.03813928904613606008	    -17.81749757315169802041	     50.44228388066116508526	     -2.24717292799676560122	     43.13145603232162272889	     -4.01992995423057219995
      1.46399999999994934186	     -6.05037262014386101328	     -4.74962351972823171309	      0.07616357163782083717	    -15.33771980397702350274	     -5.09916796887779355529	     -7.32477352985164031907	     -1.15177272023517796029	      3.74827035891243109944	      0.03170534610783537488	      0.39380951648252393582	      1.02505792998652811576	    -17.57239293899731791271	     50.52816078766448981696	     -2.21140458261771533088	     42.72825311275953197310	     -4.43494256909814410506
      1.46499999999994923172	     -6.02296481740708600228	     -4.67741347135964247173	     -0.02495756253114223000	    -15.00745859229006384794	     -4.94519185246508641285	     -7.24441896008599428569	     -1.24030689550403971921	      3.79206647664307450185	      0.07068170270004836553	      0.41763853819835050629	      1.01196624498168796791	    -17.34569381710352331538	     50.61676269510417824904	     -2.16978654034376550186	     42.31056218450201811265	     -4.86882673426493006730
      1.46599999999994912159	     -5.99415601975636036514	     -4.60052835007380167553	     -0.12519170134500257063	    -14.66925332287038941104	     -4.78591197893805997410	     -7.15932724442046719560	     -1.31952453305956840524	      3.83072994705491165490	      0.10990055216000271798	      0.44209331852430588938	      0.99887242263887454641	    -17.12826398991112952785	     50.70477575139702253182	     -2.12324063101262394682	     41.88505987385462248085	     -5.30339382059923369894
      1.46699999999994901145	     -5.96506880179005349873	     -4.49849909304680295463	     -0.22500776731754967841	    -14.31850692933373636606	     -4.61854758854624947162	     -7.06622360557896911359	     -1.38785928021424309620	      3.86425297557955182981	      0.14932464385020161046	      0.46839433593623969188	      0.98578486894063122037	    -16.91177643855645840176	     50.78832992367801324463	     -2.07153812987577179427	     41.45687622578810049845	     -5.72156861530278604278
      1.46799999999994890132	     -5.93568351489091128315	     -4.37285951666396499604	     -0.32422059304943218194	    -13.95643199725100203068	     -4.44393842245141001968	     -6.96574644238613416292	     -1.44563792518315192837	      3.89268436735392686643	      0.18887958974991292393	      0.49639864206714179318	      0.97270994646895259095	    -16.69679198296421063219	     50.86724775288011812791	     -2.01510164597812346798	     41.02606639197210824932	     -6.12426500780528471068
      1.46899999999994879119	     -5.90405876098556348097	     -4.26011085814113243941	     -0.42164740530709821087	    -13.59335840824540753147	     -4.26893462089907416157	     -6.86363613859063548261	     -1.49605042755980299773	      3.91614772185167048235	      0.22843429515601032520	      0.52382207505152766913	      0.95965007423816084398	    -16.49650365622361647411	     50.94722673559240178065	     -1.95585676777696448880	     40.58577353134077725372	     -6.53941926989131161463
      1.46999999999994868105	     -5.87002185833489420475	     -4.16298869214080013990	     -0.51710149595275822776	    -13.23081078396587884072	     -4.09491690746236258747	     -6.75986877471665081885	     -1.53944010972029143858	      3.93471246370991067920	      0.26791256789179263009	      0.55046600880994667193	      0.94661097117642034604	    -16.31079978966726429235	     51.02823715378173119461	     -1.89476979080925866938	     40.13671049873050122869	     -6.96770076143239336375
      1.47099999999994857092	     -5.83462436658993510719	     -4.06179501449000213142	     -0.61101231504406428030	    -12.86461446673820319120	     -3.91957271301254195350	     -6.65112003903465165422	     -1.57431875644032936989	      3.94844624064367710758	      0.30727210032138740914	      0.57752725411958083512	      0.93360074488222366540	    -16.13133864339931733412	     51.10623473401485483691	     -1.83205672565862620615	     39.68425015759572715979	     -7.39198227646512506794
      1.47199999999994846078	     -5.79903231343882907822	     -3.93526658867716605528	     -0.70368875407589825954	    -12.49091697694662173035	     -3.74018573154046407581	     -6.53432480164049422910	     -1.59918623581875030126	      3.95754195065698421985	      0.34645876811179032728	      0.60628889929772444845	      0.92062691483274505799	    -15.94989582161918661996	     51.17614900491691543039	     -1.76759580195067211861	     39.23333508394415503062	     -7.79496255335149257348
      1.47299999999994835065	     -5.76316017124104007507	     -3.78542214688286549062	     -0.79487833223889481360	    -12.11148138633124915486	     -3.55802749921211614037	     -6.40991093633424213749	     -1.61443410925485864027	      3.96215855344208556232	      0.38539223589552085159	      0.63659191984687391042	      0.90769513828488079810	    -15.76681017739437429270	     51.23740900148250432267	     -1.70224309245795568657	     38.78432860533439452411	     -8.17738217540133760508
      1.47399999999994824051	     -5.72487266566459140904	     -3.65095528799963631172	     -0.88352854086944887513	    -11.73653488052616467030	     -3.38059663078512073753	     -6.28297208670134921249	     -1.62329264357421454434	      3.96233259347333888201	      0.42395558166389291088	      0.66602875761978541647	      0.89480807383274241218	    -15.59483983218650138269	     51.29678553103948956959	     -1.63848455173799534279	     38.33095127722956618754	     -8.56763815758008107082
      1.47499999999994813038	     -5.68402105674702795568	     -3.53469268586090379358	     -0.96949130474207834141	    -11.36742416659529908429	     -3.20904165648570938174	     -6.15367031359583904759	     -1.62612599819763614661	      3.95812472446772645185	      0.46208014162081312293	      0.69440108475615769379	      0.88197169234093264478	    -15.43415996624307773288	     51.35442101934679470787	     -1.57701384202810768187	     37.87351312751901843967	     -8.96699355217168658783
      1.47599999999994802025	     -5.64178522505356738748	     -3.41590821403497102438	     -1.05312279910225470303	    -11.00008832643202083545	     -3.04052920365846546247	     -6.01925553679546965213	     -1.62147795723531773504	      3.94969862431231444333	      0.49972233566212276301	      0.72297484375448695104	      0.86919380453022165867	    -15.27699378610466496298	     51.40561208452536590130	     -1.51752523048664933469	     37.41665971018732506082	     -9.35868712169270011714
      1.47699999999994791011	     -5.59932619278426102483	     -3.27319055749410381395	     -1.13448460184088162350	    -10.63195506210999496943	     -2.87279593700796453959	     -5.87667043318144521891	     -1.60795270446868476810	      3.93752703090204381198	      0.53681046032442170102	      0.75306288912980745565	      0.85648034516985216413	    -15.11500204892866072726	     51.44378962357154705387	     -1.46038573261679793802	     36.96565481500544336768	     -9.72474078059025792697
      1.47799999999994779998	     -5.55656108450506280860	     -3.10893971403186242242	     -1.21332889946089039768	    -10.26481182692724303251	     -2.70706296456120298899	     -5.72641753242176321237	     -1.58597969945845074236	      3.92179051906338393962	      0.57327277206468130188	      0.78448996428974737682	      0.84383677068490259288	    -14.94867946106182010624	     51.46847228963604692353	     -1.40636006704880633933	     36.52075182884561854735	    -10.06620870964386504909
      1.47899999999994768984	     -5.51142000611170601587	     -2.96266929928466993260	     -1.28907162801839092481	     -9.90646327172885321488	     -2.54959850562553924647	     -5.57395256403498251530	     -1.55869365401254400538	      3.90207620882638828164	      0.60904296394855839125	      0.81478000823543839104	      0.83126843794878446658	    -14.79158009108614280080	     51.48933589205506677899	     -1.35653151363367419080	     36.07450357383351757790	    -10.41369551966373485641
      1.47999999999994757971	     -5.46382807927273006499	     -2.83705280636863221844	     -1.36168606459271757103	     -9.55750123091762304739	     -2.40096932178498434496	     -5.41973377239494880087	     -1.52645011121234075446	      3.87835577762041250338	      0.64406836309126580531	      0.84374156758559859526	      0.81878188702475540595	    -14.64429799295868761533	     51.50719801715703738410	     -1.31095486360993662700	     35.62664641838689760789	    -10.76918476840688043694
      1.48099999999994746958	     -5.41502424169031826295	     -2.71085762130908847212	     -1.43138266171695249795	     -9.21446253297946782368	     -2.25833679729362302169	     -5.26121617124765350582	     -1.48786133121303620896	      3.85097552182032121237	      0.67829845357979534626	      0.87268226758254741071	      0.80638372194870022724	    -14.49917657103242341066	     51.51641369810890580538	     -1.26933409924294693383	     35.18181108472527540698	    -11.11554399789503833063
      1.48199999999994735944	     -5.36615045127574319395	     -2.56315367874171329277	     -1.49793883107909664432	     -8.87624158623908954269	     -2.11994196056572548059	     -5.09528478535628437385	     -1.44166488558107319662	      3.82071221776627556466	      0.71164764319942008797	      0.90290735026283819309	      0.79407792331567250699	    -14.34771738160281984165	     51.50897920794596984706	     -1.23254984945525558615	     34.74589782598862797158	    -11.43393701032658960060
      1.48299999999994724931	     -5.31718071481431309167	     -2.39651146859745267648	     -1.56119746924588298498	     -8.54405186239438307894	     -1.98653860353761047008	     -4.92266260591034665595	     -1.38829814681996621673	      3.78768265397124714866	      0.74406135916976756661	      0.93422955695859899450	      0.78187012715168480170	    -14.19075515194870895641	     51.48503408753450827362	     -1.20083587795297708212	     34.31880955005289735027	    -11.72596898284696820269
      1.48399999999994713917	     -5.26624126770877865056	     -2.24972647497824596030	     -1.62129834939500483415	     -8.22162845428674415871	     -1.86226104947334647477	     -4.74949615443367179068	     -1.33068766548091188540	      3.75080455274332535964	      0.77553460564245835229	      0.96417579434123767967	      0.76976961137643629129	    -14.04298663395266899556	     51.45823764851626691552	     -1.17297116774651710713	     33.89104158370971475733	    -12.02505448561945655683
      1.48499999999994702904	     -5.21332541354276202128	     -2.12513000940660390370	     -1.67835949513860782645	     -7.90867484298441070223	     -1.74713272198678737368	     -4.57643271855613420485	     -1.26916749650864968402	      3.70995572801180450995	      0.80602765604324000392	      0.99256941595252667909	      0.75778328821305418472	    -13.90528404963831121677	     51.43013509872768906916	     -1.14842282056452082983	     33.46184551482120639321	    -12.33371572274756289289
      1.48599999999994691890	     -5.15966028889249628264	     -2.00163832856347312372	     -1.73234878022678628895	     -7.60296606658162943404	     -1.63876025464269048371	     -4.40084646653306776898	     -1.20245888348016194414	      3.66576222478478541689	      0.83547629164159031845	      1.02072596405216042825	      0.74591573474311889669	    -13.76978440206267961798	     51.39374226098960463105	     -1.12736954278324086332	     33.03641871663886320221	    -12.63393580139816663177
      1.48699999999994680877	     -5.10637468107259451244	     -1.85934166316411619846	     -1.78276676477608475579	     -7.30475718911348792517	     -1.53568101649268839992	     -4.21960615843319430951	     -1.12943994533023506222	      3.61927401037340779055	      0.86378774891628928856	      1.04990802095290547413	      0.73416909745684932886	    -13.62791215741574468723	     51.34000168262205221481	     -1.11098606969802782274	     32.62144432939258820170	    -12.90604640685544168832
      1.48799999999994669864	     -5.05349632834781914426	     -1.70079852940355635837	     -1.82957784931549838348	     -7.01449838705624983959	     -1.43809956643065106618	     -4.03359256914225738910	     -1.05053410468196606331	      3.57051798078620308274	      0.89092338995787612177	      1.07992371657180674660	      0.72254922254854081487	    -13.48075625084988971025	     51.26981559121408338342	     -1.09892148015894308699	     32.21648530170141100371	    -13.15213757443657272006
      1.48899999999994658850	     -4.99929944614409293990	     -1.56284642517238125947	     -1.87366920161915118115	     -6.73185669935996600088	     -1.34842092618848141683	     -3.84930190075903055913	     -0.96841108243117535181	      3.51778053510760635447	      0.91692135176526523566	      1.10837559250532846633	      0.71106874696388322477	    -13.34366289325050658476	     51.20026795718737133711	     -1.08815221580211840546	     31.80996122396337710825	    -13.40800029750872646161
      1.48999999999994647837	     -4.94379299360217316917	     -1.44742594264283752636	     -1.91526206514079433418	     -6.45597039362176872146	     -1.26643666737312798887	     -3.66734903115727206568	     -0.88338324176577831537	      3.46089830169182821606	      0.94174691947367383804	      1.13510722114577022879	      0.69973446572848541081	    -13.21749683376415340774	     51.13328348530528444371	     -1.07792269032833676334	     31.40089485902438681819	    -13.67634382637237244751
      1.49099999999994636823	     -4.88814541437625393883	     -1.33427233285436841470	     -1.95401834924048500852	     -6.18625316427377924811	     -1.19034785912668894525	     -3.48490755105052585350	     -0.79430617274922621363	      3.40081613718372643973	      0.96532269354678845730	      1.16140484119384712614	      0.68854860828627684199	    -13.09407631158803297922	     51.06044282842734105543	     -1.06905328724925530182	     30.99539998760265646638	    -13.93807803977052905964
      1.49199999999994625810	     -4.83345026390853149678	     -1.20497965489400371553	     -1.98916701997701750315	     -5.92429148891305601410	     -1.11883386879397050961	     -3.29880888966569330023	     -0.70020920507695150192	      3.33882204783784164448	      0.98755448363743170148	      1.18845622758300129007	      0.67751147137709022417	    -12.96478348697782578824	     50.97190753172466770593	     -1.06285090515699787161	     30.60100578803828241803	    -14.17287611253517098930
      1.49299999999994614797	     -4.77973058736282041536	     -1.06202617767439733143	     -2.02075756579760934528	     -5.67009477116152993403	     -1.05186925023546962166	     -3.10987969886005544140	     -0.60150222901135252940	      3.27489944963166301761	      1.00841255281525210563	      1.21607127726922614741	      0.66662862771171838006	    -12.83070767827000402406	     50.86897494902831340369	     -1.05874378470207641811	     30.21709399983709687376	    -14.38310190543166200428
      1.49399999999994603783	     -4.72528927050903746476	     -0.93944740803442527977	     -2.05029689871086873154	     -5.42030091759828280829	     -0.99129436576355089983	     -2.92446267058923581317	     -0.50058948199902530973	      3.20690345060143933154	      1.02795131117128235587	      1.24199133269830008786	      0.65591473770617580996	    -12.70713662753459871624	     50.77065295806227140929	     -1.05320444447575267688	     29.83039920310791615066	    -14.60600724172828002168
      1.49499999999994592770	     -4.67009114782611334249	     -0.83884798020886819359	     -2.07803833700405959917	     -5.17402531391144293593	     -0.93710828745803098627	     -2.74297678482473372696	     -0.39777041871409402063	      3.13470772552708609737	      1.04613481069906200105	      1.26608207926665050636	      0.64537592034774604599	    -12.59472489003510276007	     50.67870088923909577261	     -1.04574160357702172774	     29.43991143066259041916	    -14.84423232110061441347
      1.49599999999994581756	     -4.61522273966332363671	     -0.74136679771572744357	     -2.10331170727101834927	     -4.93249208502187741487	     -0.88805771375443498528	     -2.56242223466475138594	     -0.29205141373281895412	      3.05956713957857839858	      1.06287891050467209197	      1.28956472882841843841	      0.63501203714401155409	    -12.48506524446575483012	     50.58336751774385930958	     -1.03776002454755156279	     29.05271913535521122185	    -15.07779764610721606743
      1.49699999999994570743	     -4.56171911093061055453	     -0.63049293599806333077	     -2.12508039608012211374	     -4.69862927865466417643	     -0.84287008921836559239	     -2.37959568444340163751	     -0.18261824624179467946	      2.98297233477633483290	      1.07809418297313275303	      1.31352604180136056655	      0.62482158066279325226	    -12.36956721937376713072	     50.47421060787446833729	     -1.03059486001099154251	     28.67715883640071794503	    -15.28598617370477974475
      1.49799999999994559730	     -4.50954984713757767167	     -0.50862442624696768689	     -2.14342118276130122467	     -4.47246201278053945316	     -0.80164778688339310975	     -2.19514915931698340046	     -0.06987004855928402591	      2.90492424771329194044	      1.09175498880664800794	      1.33778177432893885523	      0.61480943539680144028	    -12.24917175405688674061	     50.35243863896816662873	     -1.02385298976724881115	     28.31253791414928144832	    -15.47127645624080116704
      1.49899999999994548716	     -4.45696649685567081178	     -0.40646234163847339005	     -2.16029487751490023584	     -4.24878505701157394014	     -0.76670624092793104865	     -2.01501591430445614606	      0.04405172816810409842	      2.82306032017232144682	      1.10391245512635460813	      1.36025866746772861049	      0.60499114350576199683	    -12.13868509482342084027	     50.23747539423470698239	     -1.01466131012947213819	     27.94423736802721336403	    -15.67157479928038554817
      1.49999999999994537703	     -4.40387414837069002260	     -0.32533388551254915910	     -2.17593967600195981049	     -4.02700550502871124081	     -0.73840782739321753070	     -1.83943615398541737704	      0.15885893224536484780	      2.73732827217760821270	      1.11452986358928640698	      1.38084319196066784841	      0.59537192308926067952	    -12.03856274396012437933	     50.13062151041325620326	     -1.00297634294268522837	     27.57124374544792644315	    -15.88939666580314558075
      1.50099999999994526689	     -4.35128590837712181383	     -0.24819747301970096487	     -2.18937801610067594993	     -3.80997640513729152190	     -0.71573916188940245320	     -1.66534975672637131083	      0.27539042252141543443	      2.64922708966679465448	      1.12352750627726649668	      1.40066149948130380665	      0.58594952352007956264	    -11.94037668340731705996	     50.02119214500731203543	     -0.99045135448208032614	     27.20149472663633360980	    -16.10425889455324721666
      1.50199999999994515676	     -4.30013366482245373845	     -0.16075184402103559478	     -2.19931943964560616678	     -3.60202701236032396537	     -0.69754971663098785939	     -1.48942996983846853709	      0.39428869324116266881	      2.56042182580953348037	      1.13082755333274720400	      1.42067871323988681453	      0.57672042404806056481	    -11.83555086834373604177	     49.89818994485715109022	     -0.97849803423439851713	     26.84408560511689501027	    -16.29534507220045114195
      1.50299999999994504662	     -4.25031821892504524385	     -0.06529586116613472768	     -2.20584434436894127884	     -3.40339257127935468361	     -0.68423932348002836079	     -1.31213544961848072035	      0.51516493178360711624	      2.47095216649857452040	      1.13641016340998435297	      1.44072031287958424173	      0.56768860942433274630	    -11.72486302179782668986	     49.76251008709871115343	     -0.96708415126502966785	     26.49826074117818208720	    -16.46520817705987482782
      1.50399999999994493649	     -4.20009729262559972085	      0.01130228910997743696	     -2.21129593218584830083	     -3.20731138550119965203	     -0.67872892404105300557	     -1.13919384190603523166	      0.63616932192924746658	      2.37831416157217034879	      1.14031944432719800631	      1.45893546271178564666	      0.55887048323621790757	    -11.62274484594598789045	     49.63351301193832654235	     -0.95419051857270620332	     26.14809278399908976098	    -16.65193015627364303555
      1.50499999999994482636	     -4.14935797597465239051	      0.06802775341157030198	     -2.21591483489346785518	     -3.01328663086515291525	     -0.68153848522203475113	     -0.97082151930612781143	      0.75704188525466120652	      2.28249199792864843062	      1.14252480262411193479	      1.47523303806604832999	      0.55027062286732153495	    -11.52963125563451995959	     49.51225297816450421351	     -0.94001307367918007785	     25.79248267985628828569	    -16.85795296083153615996
      1.50599999999994471622	     -4.09905333121130865948	      0.11985673142754649234	     -2.21848040396153578513	     -2.82541260950104344829	     -0.69161147674748235659	     -0.80396760266697242514	      0.87847161951982721817	      2.18513661659185398634	      1.14296255633461463219	      1.49062534836406079819	      0.54188498566006826351	    -11.43724302911035550778	     49.38762080952108135534	     -0.92612310355653093552	     25.44005943409757364293	    -17.06267614612302452315
      1.50699999999994460609	     -4.04997478840908797793	      0.17872926232729469120	     -2.21747771245168223686	     -2.64943951405210498251	     -0.70809663667658639952	     -0.63514450614454176502	      1.00092198357147887933	      2.08805599926440432768	      1.14157325581784041546	      1.50594762167869378189	      0.53370789963750331353	    -11.33708516111705577600	     49.24804411617695620862	     -0.91414151205561067215	     25.10047332453756396831	    -17.24560509711401579125
      1.50799999999994449595	     -4.00199425849912415742	      0.24257261040068556213	     -2.21301759925748342539	     -2.48559272897240646216	     -0.73153831891335130422	     -0.46476680202759723670	      1.12403550308061150886	      1.99129213943129990128	      1.13834790726693446672	      1.52104281908967964299	      0.52574272151919565488	    -11.22994593389756801116	     49.09429067499446830425	     -0.90423958794174641440	     24.77278113775582824019	    -17.40943881689599592733
      1.50899999999994438582	     -3.95355637833544903970	      0.28886793833734714099	     -2.20785916368976131707	     -2.32481397168224646066	     -0.76461147739622958852	     -0.29884670007574243300	      1.24632347707922530589	      1.89213082856316550107	      1.13332759375801561674	      1.53431018938833263476	      0.51800776504097312269	    -11.13027490465604607550	     48.94636269983483600754	     -0.89445419176502616310	     24.43975195303526959378	    -17.59197235877723031194
      1.50999999999994427569	     -3.90458587143524482599	      0.31700431195326927991	     -2.20228703900787081693	     -2.16628681002798373356	     -0.80762282465374823914	     -0.13771414893254529943	      1.36757570867456212937	      1.79053077294246687501	      1.12649300430168741727	      1.54568359380918840529	      0.51050727386519056950	    -11.03863296630906987161	     48.80550093336599815075	     -0.88484338974137433098	     24.10015623101067205880	    -17.79557453466774674666
      1.51099999999994416555	     -3.85595304578582442900	      0.33975272618005192271	     -2.19489159971979574948	     -2.01511780862846023865	     -0.85942703500694506147	      0.02174719903766231255	      1.48832654115317319921	      1.68823520821468342490	      1.11780227405572363253	      1.55605071970214003940	      0.50323533413790810798	    -10.94689431374009558340	     48.66043042322680634015	     -0.87680788336393922222	     23.76320747176690062474	    -17.99984002039711583620
      1.51199999999994405542	     -3.80830604399913852376	      0.36672519414105408941	     -2.18401122680546677657	     -1.87815697765054778756	     -0.91943033102683102697	      0.18315222841985701052	      1.60887525435247091821	      1.58712208820288580569	      1.10721965150391010724	      1.56611689609090776187	      0.49618434177556292042	    -10.84676167684077796594	     48.49927891319352113442	     -0.87209887847466971422	     23.43886707418062442798	    -18.18497718798305484711
      1.51299999999994394528	     -3.76154548281660083831	      0.39624485001024822850	     -2.16984330868953634308	     -1.75512309258823506752	     -0.98793925766929646670	      0.34601285602370523975	      1.72892317065994616243	      1.48716815144722680486	      1.09474996766273369175	      1.57574971433380728314	      0.48935739058253435729	    -10.73914503086036376089	     48.32317016136380516400	     -0.87070873119049485567	     23.12598277539894553456	    -18.35376758490363613419
      1.51399999999994383515	     -3.71444375140542604186	      0.41044329644776667010	     -2.15556949697220545659	     -1.63397431055292940982	     -1.06649529985361368745	      0.50382688765560601496	      1.84738042895045140313	      1.38540012785990374056	      1.08043087134503945634	      1.58361194412025563238	      0.48277511206136214383	    -10.63857291134394600363	     48.15350022310309441309	     -0.86989631438580961031	     22.80638823817873372946	    -18.54295914134941369866
      1.51499999999994372502	     -3.66698872977758583147	      0.40916674116667195449	     -2.14153798552268881394	     -1.51332787563383419638	     -1.15498877088531060053	      0.65614647773601575409	      1.96409623400324306886	      1.28172334906300200430	      1.06425472263645959359	      1.58966481800996151108	      0.47644139625406811689	    -10.54572153718830129776	     47.99194983826107119285	     -0.86937860070588346417	     22.47881033666477890165	    -18.75471159921434605167
      1.51599999999994361488	     -3.61993343155808133815	      0.40294723545079591531	     -2.12620100840152304045	     -1.39917601732389584868	     -1.25232546680234690939	      0.80624991904632281603	      2.07945109214063839076	      1.17793693694832057872	      1.04620298384061616304	      1.59466936531692526913	      0.47034835858072998604	    -10.45258340605546010238	     47.82716672636000510010	     -0.87049474327218767655	     22.15293819494043958684	    -18.96906512491096563622
      1.51699999999994350475	     -3.57380282596261622530	      0.39930081410304296696	     -2.10787291251716624174	     -1.29879735491607561926	     -1.35795273792390958079	      0.95785160027662641369	      2.19361502480462933207	      1.07588006347250075834	      1.02626613593350679565	      1.59920951410671419168	      0.46448696163695624151	    -10.35112147142828220581	     47.64758097613850651442	     -0.87489103941770229866	     21.83887725422783887552	    -19.16712376352765900833
      1.51799999999994339461	     -3.52855650446467450365	      0.39707462479637456454	     -2.08686690681746256359	     -1.21108370989831826137	     -1.47172014199303191617	      1.11039395830091791595	      2.30636472156033889291	      0.97543039122229835414	      1.00446127525786188528	      1.60318288799222719021	      0.45886012733732384206	    -10.24231829256732062561	     47.45499327932171951261	     -0.88217285329992289888	     21.53539844158768445936	    -19.35151288244658474014
      1.51899999999994328448	     -3.48331665551694413807	      0.38289905479572894365	     -2.06663814840854342947	     -1.12149046946693431437	     -1.59397204439591178016	      1.25698932892524339877	      2.41698206215580357892	      0.87346962758463320142	      0.98081576307352813515	      1.60551157646497966169	      0.45348996286048715021	    -10.14052172184683975331	     47.27183114444675027244	     -0.88880996772602305356	     21.22400999017943945546	    -19.55706947467447065492
      1.51999999999994317434	     -3.43811883482945290780	      0.35699405633454261988	     -2.04756068230850019063	     -1.02826378290235709301	     -1.72428825956697551192	      1.39716659142463583976	      2.52536422355800205253	      0.76987825282244237712	      0.95533127272388052020	      1.60618026956720338916	      0.44837960646479935178	    -10.04639121805148604949	     47.10004457967540503205	     -0.89428859727193055207	     20.90356590179247575634	    -19.78555094792706725570
      1.52099999999994306421	     -3.39357289938877215718	      0.32770455895499139842	     -2.02800373791036747662	     -0.93811661473490914886	     -1.86174062685309138487	      1.53444799166008749580	      2.63174645344320667917	      0.66646501354186149513	      0.92801271154605569080	      1.60582368438758615881	      0.44351924933460074030	     -9.95197660689649588051	     46.92832489076188551280	     -0.89998244955705741788	     20.58414729383295593834	    -20.01760192327573051330
      1.52199999999994295408	     -3.35010232834707721850	      0.30081032886795355807	     -2.00637220665491611271	     -0.85805745079730399993	     -2.00559646178272998895	      1.67270577635265738081	      2.73620926432900368752	      0.56492602638882338795	      0.89887624922674325134	      1.60491819380004230311	      0.43889885385881566293	     -9.84939413324871182454	     46.74602908910665632902	     -0.90722287626050501785	     20.27603561321285141616	    -20.23508209763965481898
      1.52299999999994284394	     -3.30770561413604013978	      0.27564880772325750513	     -1.98305155024992529889	     -0.78636153687941146018	     -2.15537937172302918043	      1.81146152652334535560	      2.83859187728549011709	      0.46507622026215056366	      0.86794760253188218968	      1.60339012178298823130	      0.43452068560014822651	     -9.73948246356831681680	     46.55543810947495586561	     -0.91537458696107076861	     19.97818268163607058341	    -20.44013228345853505630
      1.52399999999994273381	     -3.26575009281170025588	      0.24257999270622576660	     -1.96145964730631305883	     -0.70781168811292616283	     -2.31104399106840219247	      1.94374492143013810619	      2.93844185977856220404	      0.36392762851946702796	      0.83523790836800282378	      1.60039045693997072917	      0.43040626512009794169	     -9.63603958448496733524	     46.37834076889451040415	     -0.92093661732857157176	     19.67232330567820852707	    -20.66519719909760510745
      1.52499999999994262367	     -3.22427117915083272237	      0.20199193571272644476	     -1.94191930290050152053	     -0.62082326233679907546	     -2.47221568455528029062	      2.06919210487031079992	      3.03567498288461745659	      0.26140640132734649370	      0.80075729626626346302	      1.59591882406195928468	      0.42655732848875249630	     -9.53956705467056131909	     46.21644083074589559601	     -0.92351517415548700640	     19.35755876485596616021	    -20.91156678067099861096
      1.52599999999994251354	     -3.18373006206729769474	      0.16025684373730086918	     -1.92279435295188250166	     -0.53246851402484196569	     -2.63815779764729541057	      2.19161591083545204128	      3.13040601547879271394	      0.15926509510828523730	      0.76453483297838076282	      1.59049252851939382225	      0.42296242605818212823	     -9.44212370501220732422	     46.05876764048188931611	     -0.92453967686509930246	     19.04428698332110059255	    -21.16055154501056279059
      1.52699999999994240341	     -3.14445918452361183881	      0.12180576679256205352	     -1.90266295921568939775	     -0.44894885054456779017	     -2.80786236799754362892	      2.31520788599009108566	      3.22266323875247673314	      0.05898886458401975119	      0.72661057988439026190	      1.58449939738283251955	      0.41961074590086688829	     -9.33571707351203983194	     45.89605362345541550440	     -0.92497174363342926640	     18.74320541073154444689	    -21.39431581853525798920
      1.52799999999994229327	     -3.10645514941772660222	      0.08630182583297596466	     -1.88189938122879141247	     -0.36848382048815153667	     -2.98089958990225056823	      2.43968171685133938809	      3.31232406298819226365	     -0.03959203353480766907	      0.68701747289489079051	      1.57788952756394706967	      0.41650330521433298614	     -9.22090534526347482824	     45.73051362401421471304	     -0.92431293593535635011	     18.45359352274487108048	    -21.61437264522009371603
      1.52899999999994218314	     -3.06920452254499309674	      0.04675237939471799109	     -1.86354784273692075658	     -0.27747613155656836170	     -3.15795536757552497420	      2.55798482060009746419	      3.39907967675934230556	     -0.13903822068683791002	      0.64575257435562916086	      1.56999674795409438488	      0.41365924893245198390	     -9.11107192024326373314	     45.58119025999036466601	     -0.92014635571647795942	     18.15728610731451908578	    -21.85132098176663006939
      1.52999999999994207300	     -3.03271207026924116690	      0.00349749885592132159	     -1.84781268209286508863	     -0.17504271181211095154	     -3.33902770437494211819	      2.66982377005130899761	      3.48284429224707814399	     -0.23932263221564387123	      0.60283687598741142466	      1.56082647380888506206	      0.41107862475067147301	     -9.00664763563483461439	     45.44902969164647998923	     -0.91250023018354387006	     17.85349236840097120194	    -22.10624385163782079644
      1.53099999999994196287	     -2.99731606552322205062	     -0.03871619936109027549	     -1.83314262194978994103	     -0.06808457240033760627	     -3.52344159796619749159	      2.77928482532128384719	      3.56365523275308238027	     -0.33883192239538839630	      0.55832419945417433027	      1.55079504090513964343	      0.40874890923147111366	     -8.89968838291934716267	     45.32384470721482472300	     -0.90274294650933839534	     17.55287537042392642661	    -22.36105244733631636223
      1.53199999999994185274	     -2.96326146543552226831	     -0.07646776352666506682	     -1.81832133055671363309	      0.03824787613056912505	     -3.70998350805616894377	      2.89104100998015667301	      3.64152031155411393115	     -0.43630778602017361578	      0.51227704570621090951	      1.54022210616588939303	      0.40665861311347528684	     -8.78181693403196028669	     45.19790428579608487780	     -0.89159407715496685753	     17.26684808032024065483	    -22.59765926990309026223
      1.53299999999994174260	     -2.93052139657753230040	     -0.10997347211383612375	     -1.80363528744682355409	      0.14524785678966622982	     -3.89856266261465123080	      3.00493461063884126361	      3.71633709420381430633	     -0.53184203479923475300	      0.46473733164751340752	      1.52907357283261768899	      0.40480729285581329435	     -8.65341913209806179452	     45.07283786088353849664	     -0.87896679696746193855	     16.99489033894345624276	    -22.81717005334976633435
      1.53399999999994163247	     -2.89864996035484523418	     -0.14461034971807862348	     -1.79154148579875993619	      0.26330710123933442901	     -4.09112002396391005732	      3.11336749679580293559	      3.78785321326760016092	     -0.62742047609174456113	      0.41569611115209736951	      1.51681295344496813726	      0.40321127633087261444	     -8.52824689830531390555	     44.96354922367247297643	     -0.86390158991924703713	     16.71802520769164601688	    -23.04993892434059432617
      1.53499999999994152233	     -2.86762948598108380338	     -0.18021461035289121355	     -1.78211725712874624605	      0.39252249915162451543	     -4.28798772247185411288	      3.21595093407744059277	      3.85598088664748095411	     -0.72293138146641844344	      0.36518806873263587320	      1.50344261332724382640	      0.40186925652249128049	     -8.40691028799626138834	     44.87017598919948824232	     -0.84677279241447411806	     16.43526535642661912107	    -23.29730058006711601593
      1.53599999999994141220	     -2.83771329521692905473	     -0.21325315016903800824	     -1.77398901506985851029	      0.52683421142954500738	     -4.48829169042926423572	      3.31706070415961562503	      3.92072910887587555706	     -0.81699024522459140485	      0.31329011146344898364	      1.48929793110984531879	      0.40076832428331821134	     -8.28137817451076685416	     44.78391044711196400385	     -0.82866610928465922470	     16.15762696594173064568	    -23.54147862881539410296
      1.53699999999994130206	     -2.80906270210174113799	     -0.24106559359358925576	     -1.76613592904051586174	      0.66207791193220089099	     -4.69083404729241237874	      3.42185905620576136243	      3.98211262118531861276	     -0.90854315260175955160	      0.26008532708876597184	      1.47464904832438348237	      0.39989654089970239070	     -8.14282071152342368237	     44.69841095542719244804	     -0.81033185571441901374	     15.89732536207287871832	    -23.76384234328235933731
      1.53799999999994119193	     -2.78164164489224674526	     -0.26387996194520724202	     -1.75873590507988808440	      0.79889208350651585988	     -4.89586925616423229712	      3.53006306597171715111	      4.04005114563458178623	     -0.99760939342141696784	      0.20562620972532918984	      1.45946974905342141682	      0.39925245782229668023	     -7.99180885651259487190	     44.61458625694276491913	     -0.79206283235522256803	     15.65363810191823290552	    -23.96564917013603945861
      1.53899999999994108180	     -2.75511411430207431295	     -0.28610651246287943650	     -1.75366606948259118326	      0.94446818973108292994	     -5.10605898759635579154	      3.63290129847003129271	      4.09432282716827344871	     -1.08569771281408211649	      0.14990369774149359117	      1.44330541750408158919	      0.39885061096350815646	     -7.84343624978698361616	     44.54342371362240982080	     -0.77364295096804536200	     15.40564784146813970267	    -24.17884319912497659288
      1.53999999999994097166	     -2.72947802292408425728	     -0.30773322432401073456	     -1.75092841640763197120	      1.09849710768543218364	     -5.32174263821886484038	      3.72967442283757577570	      4.14486021150046735073	     -1.17269172175500369093	      0.09296549999541214859	      1.42615162717213417309	      0.39868914820381240460	     -7.69878039556853899228	     44.48466788535041871455	     -0.75543237514938965660	     15.15184699157088310528	    -24.40543904865527480297
      1.54099999999994086153	     -2.70493642287176783157	     -0.32604898508009227953	     -1.74938287892416610703	      1.25619427832820917956	     -5.54173920069554526435	      3.82502198205067145409	      4.19169217708326158345	     -1.25748163503585086431	      0.03490699845443145932	      1.40828540935521440147	      0.39875540917712060107	     -7.54967274960665069017	     44.43124304013736747265	     -0.73817708101358014972	     14.90369239225360864509	    -24.62763775113469932876
      1.54199999999994075139	     -2.68159858475736712080	     -0.33900680823100515227	     -1.74817782607196647859	      1.41419692047261946755	     -5.76501724833619277888	      3.92432582098079763000	      4.23487368388796348029	     -1.33919293966195951384	     -0.02417162862990984706	      1.38994082567580612420	      0.39903764324876744851	     -7.38712552744746897559	     44.37795186567798566557	     -0.72282219186139418099	     14.67390331140651049679	    -24.82646762553489949710
      1.54299999999994064126	     -2.65946258986980410555	     -0.34687789644118538490	     -1.74741708425402464400	      1.57275622900660039249	     -5.99185234312048464744	      4.02688355889586091507	      4.27436628814870100967	     -1.41783999671032390211	     -0.08420924356946635214	      1.37109347526148672713	      0.39953423835500379013	     -7.21228628539927196783	     44.32529050316627206030	     -0.70966914024555016738	     14.46112209021172034795	    -25.00391165243234325999
      1.54399999999994053113	     -2.63836061374180985695	     -0.35331478632693347208	     -1.74855683944885242909	      1.73707057867392222761	     -6.22448019055308066072	      4.12254593266845859034	      4.30998315898787343059	     -1.49468982485927437409	     -0.14521657199459969689	      1.35133882773875724226	      0.40025906544488565331	     -7.04195358651714720111	     44.28172374048278214786	     -0.69797721365963960594	     14.24204349026959626201	    -25.19438527602743249645
      1.54499999999994042099	     -2.61832666159827454067	     -0.35837210205073688485	     -1.75158411861632146156	      1.90691083567138264243	     -6.46289094774658678944	      4.21029259061785410267	      4.34169373082747789283	     -1.56969952189616179794	     -0.20713771907634459524	      1.33066566033697153415	      0.40121021827548286609	     -6.87768226307265972963	     44.24710436851797368263	     -0.68772578266923511947	     14.01461489206694466247	    -25.40062379358265332030
      1.54599999999994031086	     -2.59952584125014141136	     -0.35992449375277146828	     -1.75558975240151937669	      2.07878063549284775036	     -6.70569579147507965899	      4.29499914292006224059	      4.36957511828181033309	     -1.64201829262153875533	     -0.26986519277822917928	      1.30931059423924356366	      0.40237558881944801570	     -6.71113692668182615364	     44.21601965660000388425	     -0.67946112971909444767	     13.79078197011700623875	    -25.60456312983673399231
      1.54699999999994020072	     -2.58208198634744690025	     -0.35644262063428300280	     -1.75989055678734018784	      2.25014275442951827699	     -6.95190396299798862856	      4.38177128880676036715	      4.39376663235173658961	     -1.71096903586416271281	     -0.33328915049677387827	      1.28747939475949424448	      0.40374477423665844356	     -6.53377105852462847224	     44.18442523148524969656	     -0.67416173772341103643	     13.58312997165935698263	    -25.78755438603212013504
      1.54799999999994009059	     -2.56605127206759675573	     -0.34820720884303568710	     -1.76457548899527694175	      2.42133215104200871792	     -7.20142737241634733891	      4.46942339369537933180	      4.41428585474001877742	     -1.77663993127699093577	     -0.39734584214757839860	      1.26514670115628335978	      0.40531656188925735407	     -6.34739843941457593246	     44.15290969081917182848	     -0.67172430155283402442	     13.38954652269991285607	    -25.95249294771939574389
      1.54899999999993998046	     -2.55136792021323799418	     -0.33812010106930756592	     -1.77082660193536867155	      2.59667899654400002873	     -7.45541241615056549108	      4.54722884219451373156	      4.43094142057820494784	     -1.84020785048413237917	     -0.46205153129650344823	      1.24194379835370627418	      0.40710340571346037564	     -6.16955788874274979605	     44.12861535369256671402	     -0.67023613427568129453	     13.18531422921256357483	    -26.13532197655946731629
      1.54999999999993987032	     -2.53807499797981961365	     -0.32623881744160598828	     -1.77864741776365065107	      2.77627870066835669149	     -7.71342815175782448023	      4.61413270635439687339	      4.44373231828187886805	     -1.90172234829701913839	     -0.52734749849817630363	      1.21785641502710761941	      0.40910312438444673688	     -6.00190598206951086979	     44.11173532108665540363	     -0.66924641811209051312	     12.96822354591440351612	    -26.33902832686094797054
      1.55099999999993976019	     -2.52631564478321024581	     -0.31092386284339568192	     -1.78733085726697993323	      2.95769432762325834574	     -7.97406876670963526976	      4.67508720798956289855	      4.45280331805663109890	     -1.96054903398090729638	     -0.59312092767141999516	      1.19309406502329240496	      0.41130454523632398178	     -5.83609943923544260969	     44.09823955860861133260	     -0.66929585391977131081	     12.75054247883428182320	    -26.54535379556059027095
      1.55199999999993965005	     -2.51629957394889913758	     -0.29110579414469839321	     -1.79637754561294116229	      3.13930667427867149399	     -8.23617020035722191551	      4.73439870797555784065	      4.45841632703920520697	     -2.01624501038661918528	     -0.65926328875801631924	      1.16783982079399217824	      0.41369985309978041244	     -5.66468763749168324750	     44.08533565049195601659	     -0.67110687315061756664	     12.54398148943206514616	    -26.73681870031253637876
      1.55299999999993953992	     -2.50811510260651004955	     -0.26705176459572044223	     -1.80589007521443534188	      3.32172832625258251937	     -8.49921558888517836294	      4.79066458440269116181	      4.46063179733309222996	     -2.06898895723210962672	     -0.72571398554539534587	      1.14206967728716080046	      0.41628801278874583147	     -5.48980936380173467626	     44.07390078562252000438	     -0.67410931620522918095	     12.34600931146914248870	    -26.91685418888183534136
      1.55399999999993942978	     -2.50160255330989400591	     -0.24092276262507539286	     -1.81680495193542412835	      3.50861958050823830035	     -8.76360527225990892930	      4.83418993695035226210	      4.45915389830849839825	     -2.11981728703189986618	     -0.79249014360655012368	      1.11545142910947081560	      0.41907721864862246264	     -5.32769024649841771435	     44.06991522036889108449	     -0.67571948125622061099	     12.13270708232916383906	    -27.12036754627479240298
      1.55499999999993931965	     -2.49675871446616781668	     -0.21276913609554526374	     -1.82912721428436952920	      3.70025268032962628695	     -9.02875009215523505191	      4.86430542394833764774	      4.45398461397218348168	     -2.16882126598214597379	     -0.85953157483843467546	      1.08797437663067375624	      0.42206428768634118853	     -5.17953158948402148098	     44.07373051628251658940	     -0.67536359087733144335	     11.90231506862912169709	    -27.34984198251382281342
      1.55599999999993920952	     -2.49373932585564261899	     -0.18142127372246363848	     -1.84231893265719293140	      3.89496981886459536781	     -9.29334414154257615337	      4.88571743523576174084	      4.44535603001148249547	     -2.21554879871079801745	     -0.92672649784477645341	      1.05982941887012849236	      0.42523965184275702711	     -5.03737607346955762466	     44.08239857108564763166	     -0.67365502458619497261	     11.66698530066101469060	    -27.58728342349900941599
      1.55699999999993909938	     -2.49286768078553677697	     -0.14628631678243664282	     -1.85606315681116029737	      4.09207226953634517486	     -9.55586944251739112133	      4.90172056644921383395	      4.43366074307138813282	     -2.25980813841359928773	     -0.99397798690049610215	      1.03117825109307892362	      0.42859866985033301390	     -4.89516703169786637773	     44.09438472830662192337	     -0.67081102892065924692	     11.43713542483789602500	    -27.81693100398301510268
      1.55799999999993898925	     -2.49418860997927538392	     -0.10765996817048062439	     -1.87045090819800918780	      4.29223974907498018183	     -9.81565952580521638993	      4.91123452778259661500	      4.41896135157917591130	     -2.30180819074050635464	     -1.06122865127842302968	      1.00200138329131771542	      0.43213948140342628434	     -4.75468639319248609354	     44.11061083392411319437	     -0.66611845950922399240	     11.21052058418902142023	    -28.04193405615826861776
      1.55899999999993887911	     -2.49722202025198214415	     -0.06702131141560130345	     -1.88610104707591119677	      4.49781341384316135645	    -10.07347485974040068868	      4.90721078827532153355	      4.40074798562715141514	     -2.34224668080282860672	     -1.12847818437279423520	      0.97201223750861265316	      0.43586263452263240836	     -4.62874075959320840923	     44.13513954764760427452	     -0.65765804592069487811	     10.96640412510820894454	    -28.29325023227820068428
      1.55999999999993876898	     -2.50186155033048862606	     -0.02444805276965666962	     -1.90297565821806813346	      4.70883476937598288714	    -10.32900994526143279018	      4.88969975213075258580	      4.37899646665526098843	     -2.38117071007164504692	     -1.19566048557204762659	      0.94120953534397866491	      0.43976318656835378107	     -4.51764092121654847745	     44.16802754210766579490	     -0.64522065305645526223	     10.70396115801258751787	    -28.57224980237841194253
      1.56099999999993865885	     -2.50830965734751032414	      0.02073125269816955552	     -1.92067946552811008587	      4.92420483215158810708	    -10.58105815556459106119	      4.86282869482178625731	      4.35403991318180594305	     -2.41829708871943438453	     -1.26266999865742857168	      0.90976834079751212059	      0.44383387380904082420	     -4.41426630575272316293	     44.20718572972783988462	     -0.62942902286204915896	     10.43467558237884951211	    -28.86188047664798261849
      1.56199999999993854871	     -2.51697228366592185012	      0.06857345752391097449	     -1.93905501046363326623	      5.14402265500308431001	    -10.82773147263581847710	      4.82910484149732610604	      4.32637832671795052875	     -2.45366529628852081402	     -1.32942659944141894357	      0.87782821469017946470	      0.44807292256359154692	     -4.31371461078692242097	     44.25220345190437143401	     -0.60995991812824446043	     10.16782033799589157752	    -29.14801252490362060144
      1.56299999999993843858	     -2.52778365026804863192	      0.11871619398485222519	     -1.95813703568752828232	      5.36865249570226410469	    -11.06864227224431829200	      4.78821553314055847750	      4.29604214804065698274	     -2.48742794270604417051	     -1.39586993750264731773	      0.84537897466785416611	      0.45247672613553113763	     -4.21683830606883702785	     44.30362029482750330089	     -0.58644549557052005895	      9.90207477080020659344	    -29.43273117985093634275
      1.56399999999993832844	     -2.53985268812023434748	      0.17037880306997976732	     -1.97815277000741218671	      5.59832614056514898948	    -11.30600645476985732785	      4.73628297484412996710	      4.26227407611874387072	     -2.51976484312730342197	     -1.46195857054500777394	      0.81219413520636773995	      0.45703679523911855398	     -4.13226445614927051508	     44.36270096528889439469	     -0.55888595373035920844	      9.62094604809856690508	    -29.74155714959455565349
      1.56499999999993821831	     -2.55297707996099632055	      0.22346645165777090369	     -1.99899490631979404043	      5.83259944424037257704	    -11.54002130938715708908	      4.67400447979642308383	      4.22502813435771074069	     -2.55063441627148002055	     -1.52761548902649035853	      0.77828649323546938987	      0.46174657936425278493	     -4.05948613680465797415	     44.42892914032678675085	     -0.52766908775463416958	      9.32452836647750160637	    -30.07470028368405223773
      1.56599999999993810818	     -2.56743999461826888364	      0.27813746866186761508	     -2.02039879072366090895	      6.07092121231575276852	    -11.76936213845164047598	      4.60471167281093585189	      4.18474827741106558676	     -2.57993634195634591322	     -1.59274694210227441005	      0.74381298745692658869	      0.46660174442204604972	     -3.99252834165030323632	     44.50107141753132111717	     -0.49315596476571244011	      9.02323629619320399797	    -30.41657646546911308860
      1.56699999999993799804	     -2.58363941589794876563	      0.33383183676127714534	     -2.04230705745889906666	      6.31383550790779679573	    -11.99203096921716849010	      4.53074257185731710251	      4.14198412481459055101	     -2.60785676620469697440	     -1.65728674273759590818	      0.70888694108292016338	      0.47160209523535723264	     -3.92690034921828745595	     44.57944138548599255500	     -0.45479167443543966343	      8.72589839526045629725	    -30.75393712046728822429
      1.56799999999993788791	     -2.60138557527126579316	      0.39013927675284776342	     -2.06466613235733120746	      6.56113702412901034222	    -12.20817587639591295101	      4.45263182033454540942	      4.09672469281531270724	     -2.63443463302959202110	     -1.72116482141789761684	      0.67350893140646350687	      0.47674207048205019532	     -3.86240253111722608992	     44.66390847719936374460	     -0.41284881550217589208	      8.43231148554257714522	    -31.08751064850470058332
      1.56899999999993777777	     -2.61953457335164330289	      0.44717872618821274955	     -2.08734552236786896628	      6.81101843550372620939	    -12.42150219163025326452	      4.36857388879302277473	      4.04806164959949921212	     -2.65936352099320760800	     -1.78429073159918072378	      0.63752343308838277380	      0.48200646797601498506	     -3.80475965016131567609	     44.75302855371661081563	     -0.36925582641705867459	      8.12916556001153089994	    -31.43834678856062225805
      1.56999999999993766764	     -2.63785904219898270640	      0.50492852021534417872	     -2.11019237582564755940	      7.06273106430938923950	    -12.63252572700167775110	      4.27945989233344903369	      3.99596453866140066680	     -2.68255089508568911327	     -1.84657881087414432741	      0.60095693065891353513	      0.48738827768293191411	     -3.75320359387922852790	     44.84591656126870873322	     -0.32477679716488294659	      7.81693823875986293359	    -31.80606830001331175595
      1.57099999999993755750	     -2.65671096302092735186	      0.56303037785599485687	     -2.13306560068312478506	      7.31634380797126482321	    -12.83963990646152808495	      4.18795957276111607825	      3.94097116814766668114	     -2.70408253170959511635	     -1.90795195013309104581	      0.56394136852612186672	      0.49288600420366313060	     -3.70276982609913929423	     44.94226745122769273166	     -0.27933416349892326025	      7.50503218588329801264	    -32.17656403959389166403
      1.57199999999993744737	     -2.67637994459688854931	      0.62024019642495886728	     -2.15592359615152417973	      7.57232939914393909930	    -13.04112422839003215813	      4.09694708808522989330	      3.88361297114260262120	     -2.72416821100325279303	     -1.96834847990162709053	      0.52655962948017220882	      0.49849937308338310160	     -3.64848721110088147768	     45.04252117231010998921	     -0.23262099814215231319	      7.20274780411298554128	    -32.53639918213603010599
      1.57299999999993733724	     -2.69661653248186894416	      0.67620065498132930770	     -2.17863915758655934951	      7.83002315566159268201	    -13.23754835280084307669	      4.00740791591510969738	      3.82387079810025953819	     -2.74275470934888243590	     -2.02768813678335657613	      0.48882403122675333051	      0.50422182951589400446	     -3.58957136053824621413	     45.14599354001209974285	     -0.18541953091042451263	      6.91058307179122088826	    -32.88534788616102133574
      1.57399999999993722710	     -2.71637427759144145512	      0.73230734566658384210	     -2.20091952761565323726	      8.08688567332819729927	    -13.43299412237273315895	      3.91729978865404859789	      3.76089516828195247200	     -2.75934457249298326076	     -2.08585321780307975104	      0.45065771247496666518	      0.51003711367660908849	     -3.53169746287403940599	     45.25002294892033205542	     -0.14024204465775680362	      6.61559529897025555556	    -33.24309703060940535124
      1.57499999999993711697	     -2.73549858216671282207	      0.78872990194400927066	     -2.22261855732654112217	      8.34226469239168011427	    -13.62789774641832707403	      3.82707631791365088247	      3.69472485559999563876	     -2.77388116433605613764	     -2.14275959655138015236	      0.41209958000301138981	      0.51593940876452082378	     -3.47462956971537062500	     45.35380640338338054107	     -0.09775305911531306791	      6.31781715444492686373	    -33.60962869311509138015
      1.57599999999993700683	     -2.75434911229275769529	      0.84455659937719929076	     -2.24367549354099082848	      8.59663751884289695226	    -13.82047693595882265072	      3.73919955614260857146	      3.62594537609440825676	     -2.78657731486338100524	     -2.19834601008260799304	      0.37325109293582237058	      0.52192906594699106648	     -3.41384844478274107615	     45.45770869922978363320	     -0.05758303626409722042	      6.02617265656618705805	    -33.97171970771528748401
      1.57699999999993689670	     -2.77306701105841568733	      0.89788258136869103510	     -2.26401269299419993786	      8.85014861388272322529	    -14.00949861819616160119	      3.65750299288791325125	      3.55504057595357192412	     -2.79758255730417904061	     -2.25254674815499322804	      0.33416605710478997082	      0.52800483297591460641	     -3.34330037283119274605	     45.56198938927727226655	     -0.01997807938080020662	      5.75116561232426093397	    -34.31478010416660850979
      1.57799999999993678657	     -2.79145452701554575015	      0.94854127166669854887	     -2.28348787496091176763	      9.10213996267353309122	    -14.19551152880649169674	      3.58275734687644842325	      3.48204486169052529476	     -2.80684540315858654935	     -2.30528115815944456557	      0.29486900943600513614	      0.53416091846828495093	     -3.26242527629047041060	     45.66593424234491038760	      0.01428054144523294156	      5.49319898419546870372	    -34.63849661036653060364
      1.57899999999993667643	     -2.80889068388735552162	      0.99947718149988418190	     -2.30187140639223741800	      9.35090160443729701001	    -14.38150508873891908479	      3.51039749652879606856	      3.40636001950250788539	     -2.81404776793370281496	     -2.35644719888348230796	      0.25535788906442258295	      0.54038577015979027962	     -3.17979490986287638421	     45.76745296599025181195	      0.04390696650649061894	      5.23650812519541553058	    -34.96500458710460890188
      1.57999999999993656630	     -2.82535388039397616922	      1.05109953668241473679	     -2.31907277866467609329	      9.59626656874151251486	    -14.56745009235780230483	      3.44004281276181700377	      3.32812423645261201699	     -2.81925028152987255936	     -2.40597686422283629781	      0.21567905417310129224	      0.54667591874995036250	     -3.09622448017687901256	     45.86626647022984570867	      0.06880241529849673299	      4.98007500224946220158	    -35.29540524863286066193
      1.58099999999993645616	     -2.84112880486674157510	      1.10188251162551864581	     -2.33505926040048450432	      9.83882762898967655474	    -14.75164093224161376838	      3.37459718437358446863	      3.24791184212346317750	     -2.82270149308496698382	     -2.45381985929854495865	      0.17589980018447581855	      0.55303208704128303808	     -3.00678580630976410859	     45.96305906831914711574	      0.08929242811760440546	      4.73324875086070839814	    -35.61629364228996763586
      1.58199999999993634603	     -2.85623101182878258442	      1.14932914552892384563	     -2.34969937596888200915	     10.07835906346454635241	    -14.93334324836355619937	      3.31887658413617714359	      3.16616593297861514955	     -2.82445550211973817056	     -2.49990349624986674115	      0.13604958586617144078	      0.55945207073178071511	     -2.90421503343819553677	     46.05784752172501583800	      0.10451411724256010061	      4.50800196800914498851	    -35.91146030989125392807
      1.58299999999993623589	     -2.87058973102013226253	      1.19351277211845285819	     -2.36289296363496248432	     10.31461499840681028672	    -15.11270836238904280435	      3.27293952945051103143	      3.08301120081921897764	     -2.82454634717408392675	     -2.54416142018366597810	      0.09616160584516864063	      0.56593218030734915303	     -2.78880560436403079905	     46.15034788386036268548	      0.11415271451933328706	      4.30393852369054208395	    -36.18136249325583264635
      1.58399999999993612576	     -2.88411345027257937090	      1.23887719316044808693	     -2.37462599607125923740	     10.54766326014294008928	    -15.29079473628191010448	      3.22870275456028821282	      2.99815279585339267143	     -2.82307019429686167911	     -2.58654829163594834895	      0.05628860112176781172	      0.57246823649429456893	     -2.67346405438101397678	     46.24014244809342244480	      0.11927605765614801570	      4.10059351780811542909	    -36.45316566724056173143
      1.58499999999993601563	     -2.89689406067222421370	      1.28599373649385029239	     -2.38488089538633118991	     10.77789304801078174023	    -15.46707363571628945920	      3.18501736607082364117	      2.91180608048208222627	     -2.82021322765797499699	     -2.62702235141816231589	      0.01647580341790355618	      0.57905906920462379972	     -2.56000457331564401642	     46.32755583785628061833	      0.12043088439359639352	      3.89583804314981296812	    -36.72927873535947185246
      1.58599999999993590549	     -2.90908225676854215180	      1.33266923406145565423	     -2.39360395714557228075	     11.00566836215834598534	    -15.64025554069837653515	      3.14572949033414772657	      2.82448756651887400437	     -2.81615534063155426026	     -2.66553649462508701617	     -0.02324331285311620476	      0.58570456199764642236	     -2.44238076143109550387	     46.41318251468360500667	      0.11747155389164598560	      3.70026258902798055317	    -36.99508097743717627282
      1.58699999999993579536	     -2.92064483969328136936	      1.37589813421632811696	     -2.40062476315073070054	     11.23054222297321302904	    -15.80994488386954799353	      3.11627544064988626360	      2.73663958548371333279	     -2.81086774157135454999	     -2.70201523650851482827	     -0.06285718003089524331	      0.59240256176620320616	     -2.31247623980714855918	     46.49696277267747746009	      0.10908340514600434190	      3.52705285013685809758	    -37.23289388167339097890
      1.58799999999993568522	     -2.93163564895992578840	      1.41591348230863900426	     -2.40590812194902525789	     11.45277725667168056134	    -15.97582284406026076340	      3.09593346153795323517	      2.64846489685663932789	     -2.80448989250370317450	     -2.73641712493883915158	     -0.10233217291431007112	      0.59915173212519157175	     -2.17155675692229932494	     46.57916058013804416760	      0.09555303307932083712	      3.37477120875954161860	    -37.44434941471636335564
      1.58899999999993557509	     -2.94230826968177439085	      1.45826268107532541762	     -2.40966285698495141787	     11.67400852295068602871	    -16.13730956697646945486	      3.07386841047075165534	      2.55984021108971449010	     -2.79750867385575308077	     -2.76876768322474875461	     -0.14159435620767490960	      0.60595336816487987974	     -2.03613807737225149808	     46.66080536481793927805	      0.08011458221760525689	      3.21851588740176275394	    -37.66189536529213199856
      1.58999999999993546496	     -2.95277154749334158623	      1.50350322825107696190	     -2.41191239656660627588	     11.89485374128739181288	    -16.29370563813870376180	      3.04868770259200516648	      2.47098418327270641370	     -2.79015988148005877889	     -2.79904941263202644564	     -0.18061108377875889630	      0.61280724554552135075	     -1.90840940828848060207	     46.74245111904860294771	      0.06361693660701384090	      3.05556939697243512555	    -37.88878479053137482424
      1.59099999999993535482	     -2.96303044563070727691	      1.54875269463403242298	     -2.41254480375508251200	     12.11519299008587324806	    -16.44434301119085262144	      3.02535783238889166569	      2.38233806953774829296	     -2.78248166320342882329	     -2.82721053274845868231	     -0.21937995786986963509	      0.61971194180180377842	     -1.78089815741274692940	     46.82430842805393922390	      0.04517739479636961875	      2.89817931434067643792	    -38.10858957719375439410
      1.59199999999993524469	     -2.97307843581808128874	      1.59048966490450993660	     -2.41137953342081345909	     12.33458280722523170425	    -16.58889606127694094084	      3.00950595236542994826	      2.29438618890209777845	     -2.77441071681716611153	     -2.85318198440461801013	     -0.25790622394170625853	      0.62666667713670021200	     -1.64513843944482651693	     46.90652220044806597343	      0.02334825540328822058	      2.76024794543388019008	    -38.30270846052057720499
      1.59299999999993513455	     -2.98300856739145103802	      1.62891016310106806486	     -2.40842588404855462159	     12.55354068524259503192	    -16.72682671546792221307	      3.00005846072843951333	      2.20734454579156746945	     -2.76614007941295980686	     -2.87694724843806648451	     -0.29616857101575355671	      0.63367142539170195903	     -1.50288630002914924688	     46.98962774243171480748	     -0.00122615648153745482	      2.63964572536854458207	    -38.47372033614264807966
      1.59399999999993502442	     -2.99305539936827358360	      1.67018237554762549735	     -2.40399585178384711526	     12.77409767552113351030	    -16.85715491124211951046	      2.98540729696013329431	      2.12100657129591363415	     -2.75829308845527698679	     -2.89857984508383736966	     -0.33410518664368504815	      0.64072752567573276750	     -1.37195182182541230986	     47.07473961551444574525	     -0.02449131358782663526	      2.50905829985172967866	    -38.65745750905226429950
      1.59499999999993491429	     -3.00324405828054352696	      1.71471279397849230008	     -2.39810924448497075900	     12.99668054561684016335	    -16.97944164073349782029	      2.96451632231332951051	      2.03551699022037624331	     -2.75105690819930082114	     -2.91807553424450194512	     -0.37170382846813954103	      0.64783404315568171583	     -1.25414802350484189120	     47.16215373583665382284	     -0.04578478035019983849	      2.36590647276458954096	    -38.85724134826406839238
      1.59599999999993480415	     -3.01349153955038673303	      1.75896822860909196606	     -2.39060179434142128230	     13.22074961344816301789	    -17.09354137172047671811	      2.94319797965259510875	      1.95127483540729063094	     -2.74433819790766975188	     -2.93537739594769142570	     -0.40898745711944739512	      0.65498905371265125908	     -1.14085262336754977852	     47.25178946647255173730	     -0.06663138537456037014	      2.22390426348370029430	    -39.05494713376014459527
      1.59699999999993469402	     -3.02382645635013602714	      1.79876288650621063425	     -2.38129963650067111303	     13.44590073734450186294	    -17.19911685384937527488	      2.92710059393864696631	      1.86881014586817162382	     -2.73806748166545155243	     -2.95042895816673977905	     -0.44598556382070553283	      0.66219377530211120941	     -1.02351983925461631486	     47.34409650567423710754	     -0.08846866695354504984	      2.09727028658596159616	    -39.23165663883252562982
      1.59799999999993458388	     -3.03427017711722157856	      1.83408673658129828254	     -2.37021485312351387620	     13.67247796539953696993	    -17.29583010962173261760	      2.91540155559779634586	      1.78827200738037594974	     -2.73240061484858465235	     -2.96322820724367330669	     -0.48269846585987652432	      0.66944782256395107822	     -0.90367605275826212718	     47.43940703613516518544	     -0.11075917848930583176	      1.98382829909884428332	    -39.39027118882685130075
      1.59899999999993447375	     -3.04477346745737520450	      1.87162603589641207691	     -2.35763152217491267493	     13.90181616234032446755	    -17.38345044531656924391	      2.89742079660763351967	      1.70917743009092459872	     -2.72782197231609124799	     -2.97385743714525530024	     -0.51908294445304203890	      0.67674753340450921613	     -0.79823905731407629460	     47.53759453041060112355	     -0.13001328778063925284	      1.85615166442798518176	    -39.56731846421291720617
      1.59900000000000019895	     -3.04477346745806309869	      1.87162603589904263934	     -2.35763152217398630484	     13.90181616235557982009	    -17.38345044532173133689	      2.89742079660601303814	      1.70917743008582356801	     -2.72782197231586698294	     -2.97385743714581129993	     -0.51908294445541225404	      0.67674753340499171905	     -0.79823905730816102633	     47.53759453041722338185	     -0.13001328778169141120	      1.85615166441853007839	    -39.56731846422594855994
