Speeds
version=1
nRows=1201
nColumns=17
inDegrees=yes

Units are S.I. units (second, meters, Newtons, ...)
If the header above contains a line with 'inDegrees', this indicates whether rotational values are in degrees (yes) or radians (no).

endheader
time	pelvis_list	pelvis_rotation	pelvis_tilt	pelvis_tx	pelvis_ty	pelvis_tz	hip_adduction_r	hip_rotation_r	hip_flexion_r	hip_adduction_l	hip_rotation_l	hip_flexion_l	knee_flexion_r	knee_flexion_l	ankle_dorsiflexion_r	ankle_dorsiflexion_l
      0.40000000000000002220	      8.60990804599934200780	      0.93684209632702941661	     -7.57918030773251949483	     -0.17473741671864459479	     -0.05053903316838327664	     -0.05650304804612278631	     10.38141416471272471256	    -15.82895542742131667069	     45.65950718624992532568	    -11.23012716826310253282	      3.20743148904823316414	    -75.31184237242908352528	    266.06833658884789883814	     46.02458209244817055605	      0.79338563786758031782	     20.31821574871527147366
      0.40100000000000002309	      8.87063310516897374214	      0.98720275694639691988	     -7.49170107394554474212	     -0.17401087118836047751	     -0.05169092112211251533	     -0.05709507929975380508	     10.18783195033157440434	    -17.13710837376192586134	     44.35402427738846142802	    -11.48374454474266137538	      3.20227009114588234695	    -75.43389826008399268176	    268.49527830364257852125	     45.98248414088544677725	      0.61308727944510532648	     20.41100235373354720991
      0.40200000000000002398	      9.13057287585230170635	      1.04549194921426602534	     -7.40223191139894609591	     -0.17326866884308605998	     -0.05284316594930237032	     -0.05768003025889432284	     10.00308195147245804435	    -18.43401955182510931763	     43.04523394789657686488	    -11.73465273591707180856	      3.18986203712887839146	    -75.56217009941711637566	    270.91589235985907180293	     45.94504170256084307766	      0.42934147833801500349	     20.52564637869318531216
      0.40300000000000002487	      9.38979966321417158781	      1.11156700388049700656	     -7.31085329325223831631	     -0.17251094568932576201	     -0.05399549887187210517	     -0.05825629112453637598	      9.82707865271746427993	    -19.71842040167400611494	     41.73344365833969504820	    -11.98252930919689518419	      3.17053467852724812914	    -75.69633874817967011950	    273.32990456940410695097	     45.91243574232837687532	      0.24187137891181270666	     20.62862422194238831707
      0.40400000000000002576	      9.64827449607138198928	      1.18527562592458046709	     -7.21763767357211083464	     -0.17173809045317575683	     -0.05514818377795995680	     -0.05882344023430376156	      9.65953799684019642768	    -20.98913595243774565802	     40.41905555260522220351	    -12.22739947657647796575	      3.14438047618633476077	    -75.83631305781374010166	    275.73692285700673210158	     45.88465425195559532767	      0.05047653385896514605	     20.72003045201700288658
      0.40500000000000002665	      9.90591499268163744318	      1.26643141536714320949	     -7.12264880437948200154	     -0.17095070088752406523	     -0.05630206512277567688	     -0.05938087190327481779	      9.50021215423785037046	    -22.24493657372735100353	     39.10251989310425813073	    -12.46925171510449459333	      3.11119066769746899226	    -75.98214563555072231793	    278.13641051684294325241	     45.86148942054512644972	     -0.14483725505263320144	     20.83426054081078149238
      0.40600000000000002753	     10.16268354938002360655	      1.35486841428183346636	     -7.02596100987691496442	     -0.17014932597831045058	     -0.05745740799143186223	     -0.05992819652341186548	      9.34878833029644873420	    -23.48467343832125564518	     37.78424907178300173882	    -12.70812724911568025732	      3.07109658035186461333	    -76.13373030969168553383	    280.52794412142930013943	     45.84290150102343375238	     -0.34421617738016924148	     20.97177966737654486451
      0.40700000000000002842	     10.41854719583337995914	      1.45041571842683802984	     -6.92765095227714855497	     -0.16933428262367655748	     -0.05861440965584489848	     -0.06046502728561454348	      9.20494344918700946323	    -24.70721466716279834941	     36.46464483539372736232	    -12.94406743707789786413	      3.02425103120701033177	    -76.29095728500004724992	    282.91108977039425553812	     45.82884898926451455736	     -0.54779152744665260411	     21.13112507916314442014
      0.40800000000000002931	     10.67351367410700291316	      1.55292055897750036486	     -6.82780399820944161604	     -0.16850582547093037600	     -0.05977271034789304049	     -0.06099116112882825569	      9.06829749327196310560	    -25.91150398578521318882	     35.14406940876089890935	    -13.17715144389182135853	      2.97099127611371871538	    -76.45357413112179756354	    285.28552127624629974889	     45.81946108191297639678	     -0.75583817015620424762	     21.27926358255261973795
      0.40900000000000003020	     10.92754950981839634494	      1.66219803733148951963	     -6.72649721850505244447	     -0.16766441938028031622	     -0.06093252298583282794	     -0.06150622616246320673	      8.93850660772051419656	    -27.09643714634975353306	     33.82293063458399018373	    -13.40742471860534301697	      2.91143819419418115046	    -76.62146635966877283863	    287.65077006664250802714	     45.81467224978953822756	     -0.96842828637742162101	     21.41630576959934728620
      0.41000000000000003109	     11.18057936305851107761	      1.77803249208292069028	     -6.62380023809539686397	     -0.16681074523635364137	     -0.06209464487001560562	     -0.06200968226201719613	      8.81526394123614132070	    -28.26086221332473158441	     32.50168452796764029245	    -13.63489963592673248627	      2.84548035100721952162	    -76.79465255442259774554	    290.00622317926496407381	     45.81421325335936245438	     -1.18542726280156007768	     21.57573899621950275218
      0.41100000000000003197	     11.43257057297173062693	      1.90022848815601563821	     -6.51979162854504323832	     -0.16594541760451458901	     -0.06325930429956097556	     -0.06250119119887846686	      8.69820415065167473756	    -29.40370984379679342169	     31.18074540346857759232	    -13.85963090757883264814	      2.77327993880360335055	    -76.97300351763973935704	    292.35138020743141851199	     45.81800288835204071347	     -1.40685082295908792105	     21.75778852548736708172
      0.41200000000000003286	     11.68349458541168139902	      2.02858717790391640534	     -6.41455203017661901299	     -0.16506882108530152031	     -0.06442665215512097254	     -0.06298041220604476409	      8.58695547455083385557	    -30.52393286824845120009	     29.86051524798609335676	    -14.08167120538114502892	      2.69501545107449080874	    -77.15638667448794763004	    294.68572990412008039129	     45.82595750030136372288	     -1.63270003299151111875	     21.96081708260851073078
      0.41300000000000003375	     11.93336172709888032273	      2.16292772783641762402	     -6.30816953579746719782	     -0.16418127064395515724	     -0.06559629215808691904	     -0.06344717932642345015	      8.48109419025181843210	    -31.62056282145024255215	     28.54135332911450007032	    -14.30110883197082394247	      2.61097771032100345323	    -77.34453395020548782668	    297.00886508413105957516	     45.83812672195397652786	     -1.86311625386155421680	     22.15320514937160467639
      0.41400000000000003464	     12.18214201874720892249	      2.30304085689718318619	     -6.20072490291219491354	     -0.16328328624610938258	     -0.06676840949674936465	     -0.06390117560753036385	      8.38023385045855917497	    -32.69259136062974135939	     27.22366558539829028973	    -14.51800032565930465012	      2.52131429526699424315	    -77.53730628786006207065	    299.32023929843381893079	     45.85439033660932750536	     -2.09804264066376466857	     22.33502023956452475772
      0.41500000000000003553	     12.42976471038945973646	      2.44869013620007525134	     -6.09229233103218525969	     -0.16237559565421677554	     -0.06794378494914855848	     -0.06434193454424516623	      8.28402624256871433772	    -33.73897053366147247289	     25.90790783179478040665	    -14.73237092623503130540	      2.42601621976453030172	    -77.73468770053892740179	    301.61916514393874422240	     45.87444655059650244766	     -2.33722011709506682919	     22.53827999461579878471
      0.41600000000000003642	     12.67619952998120069765	      2.59965891660166326105	     -5.98295339075634391435	     -0.16145884555490797041	     -0.06912264347621813187	     -0.06476917715909097373	      8.19207096480407770400	    -34.75873631421864473623	     24.59449168845491939805	    -14.94428155948445535728	      2.32525665459592056905	    -77.93652361667164996106	    303.90506517849433976153	     45.89816887128858269307	     -2.58053710023355398206	     22.76318391243149719116
      0.41700000000000003730	     12.92141987084545817766	      2.75572855738171851314	     -5.87279147707087378905	     -0.16053345796817367064	     -0.07030511592796513665	     -0.06518261641238637383	      8.10396437506430800113	    -35.75095165456956891603	     23.28381432564617625758	    -15.15379021555656002818	      2.21922085063364527002	    -78.14265735752952934945	    306.17735100864206287952	     45.92542645165957537756	     -2.82786846755868426229	     23.00814393071509655897
      0.41800000000000003819	     13.16543748403995195417	      2.91669850732416158223	     -5.76189630251485329637	     -0.15959977649856191273	     -0.07149078765519639722	     -0.06558213933784610983	      8.01925400885186334676	    -36.71476258400510772617	     21.97622731331977519176	    -15.36099261369397872556	      2.10819221895866215633	    -78.35280011040262593269	    308.43553674846498324769	     45.95617711679487626952	     -3.07922979797733908924	     23.24265824979999450761
      0.41900000000000003908	     13.40822427346035894402	      3.08234272878194870415	     -5.65035071218853257591	     -0.15865833523904526725	     -0.07267984114845156551	     -0.06596749193662138078	      7.93752761235302273235	    -37.64928073533820906960	     20.67213190804310585236	    -15.56594999387297484361	      1.99234303204790852426	    -78.56678453706659581712	    310.67900086637206413798	     45.99024931553751827096	     -3.33444213374733955391	     23.46669159558706496682
      0.42000000000000003997	     13.64971210075519714167	      3.25241096392357276201	     -5.53823142401543488944	     -0.15770986144649304372	     -0.07387306821909188359	     -0.06633828102821047457	      7.85841402474252426202	    -38.55358373031720731205	     19.37198252418842159273	    -15.76868972434962046236	      1.87172709860270236604	    -78.78455803252533939940	    312.90698502346447185118	     46.02733016656483044926	     -3.59312844663300401393	     23.71087536182147914587
      0.42100000000000004086	     13.88987181527422976046	      3.42667221357769991030	     -5.42562110023414678750	     -0.15675499083142194201	     -0.07507071186038757893	     -0.06669429029633792971	      7.78149490441481361813	    -39.42683478498222626740	     18.07618741881110224767	    -15.96927273001022484777	      1.74652039343889309286	    -79.00593550487431571128	    315.11883833628746742761	     46.06724428752306010892	     -3.85505775745258638665	     23.97557063612148553489
      0.42200000000000004174	     14.12867767660077156222	      3.60489467394413676260	     -5.31260395586236366938	     -0.15579413938499436787	     -0.07627289960013466930	     -0.06703529076113032281	      7.70635097713781824780	    -40.26822835804608757826	     16.78513811136234323840	    -16.16775733336332265822	      1.61690922338213960430	    -79.23073177190792648616	    317.31389934568659327851	     46.10980978210311320709	     -4.11998776462682059218	     24.25940458287598389120
      0.42300000000000004263	     14.36614349449180849660	      3.78686482986580941201	     -5.19926937651436738008	     -0.15482763260420076556	     -0.07747920024772446401	     -0.06736123624201056925	      7.63251484591983953010	    -41.07704807379280254054	     15.49917743555167071179	    -16.36424536073611335496	      1.48320586693081946095	    -79.45863056553494629952	    319.49161090976730292823	     46.15490272993931597512	     -4.38782248483207748535	     24.53226003657368892164
      0.42400000000000004352	     14.60224273219375490385	      3.97234588861689186245	     -5.08570004779059647859	     -0.15385597441819687248	     -0.07868979932151776158	     -0.06767193727243693557	      7.55956450351793129983	    -41.85254539993768219119	     14.21870220314573352027	    -16.55879734040849626808	      1.34560127506448656831	    -79.68943160483759413637	    321.65128251604141951248	     46.20230622566535316764	     -4.65827255387159144817	     24.79397071767353111227
      0.42500000000000004441	     14.83690860212645112881	      4.16107906419815520849	     -4.97197271284444752837	     -0.15287985275139145958	     -0.07990550749495971272	     -0.06796706349747648479	      7.48712405552290682920	    -42.59394022184855543856	     12.94416641094782249866	    -16.75143353848249461180	      1.20416079810433740427	    -79.92304374312469406050	    323.79208965269879172411	     46.25170073372727586047	     -4.93085229768008570517	     25.07440738701039961711
      0.42600000000000004530	     15.07011322105985584585	      4.35282447694588725540	     -4.85816879173576943174	     -0.15189985676282063976	     -0.08112658125787712560	     -0.06824645929062274352	      7.41477326452719687211	    -43.30054113815085514716	     11.67597548459037426483	    -16.94220994652523515356	      1.05906689759228256342	    -80.15924677327643621538	    325.91331470398029068747	     46.30286079030588552996	     -5.20522446031618901685	     25.37416176667534983835
      0.42700000000000004619	     15.30183204661933160651	      4.54734242315335634999	     -4.74437091172373470727	     -0.15091635674705508596	     -0.08235313736485447289	     -0.06850995308799659456	      7.34209250247859124272	    -43.97169175484216907535	     10.41451616338046903820	    -17.13118122692296552145	      0.91051265514635160159	    -80.39782254656319082642	    328.01423051169120981285	     46.35555315798595898968	     -5.48104372892434366094	     25.69210653914266728748
      0.42800000000000004707	     15.53208267665397990243	      4.74441167421939624660	     -4.63066557863902694692	     -0.14992961643475788414	     -0.08358470518604114996	     -0.06875757162544252066	      7.26861277999118549076	    -44.60683210747013305308	      9.16012294834206564076	    -17.31845392397999106038	      0.75884733739945942066	    -80.63842291561013553292	    330.09421919663833477898	     46.40959852129881824112	     -5.75812136886038139494	     25.99774223989461319206
      0.42900000000000004796	     15.76084077886111245448	      4.94378953428571410456	     -4.51713279544887935657	     -0.14894007878664050626	     -0.08482145468419588497	     -0.06898918567091896770	      7.19391781224484017088	    -45.20536937309890390679	      7.91318859878169966748	    -17.50408329530386097872	      0.60427407832367219243	    -80.88081237547581281433	    332.15252943636255622550	     46.46474122782249338570	     -6.03607337081882810992	     26.29079565011111796480
      0.43000000000000004885	     15.98804031653750001851	      5.14521324254781831087	     -4.40384690315859916865	     -0.14794837615014508336	     -0.08606420259795102834	     -0.06920451287761046621	      7.11764467127137478997	    -45.76667856676937873317	      6.67416664061523690066	    -17.68807474196713869219	      0.44684422899460246592	    -81.12486193359970343408	    334.18827609875148709762	     46.52064348710971586343	     -6.31431784147095331861	     26.60122079181662257952
      0.43100000000000004974	     16.21365560673225303390	      5.34843908277584301203	     -4.29088577519025271556	     -0.14695503496194550763	     -0.08731319094729826646	     -0.06940345377676704341	      7.03938656207598167924	    -46.29022857646483402050	      5.44345841101932759187	    -17.87047534082387656440	      0.28674881254151474153	    -81.37031561178197591744	    336.20068348985790862571	     46.57703216355365327672	     -6.59242890454601493389	     26.92975186637560724989
      0.43200000000000005063	     16.43766412315213187867	      5.55322466788795221504	     -4.17832809946023342462	     -0.14596035696119508129	     -0.08856849565863521290	     -0.06958589039978757551	      6.95873874124172075994	    -46.77552656475936032621	      4.22144538131612634402	    -18.05133215532587698249	      0.12419002943948344309	    -81.61692118522203998054	    338.18896809236798617349	     46.63362703898982175588	     -6.86997688259196781502	     27.27538379482927055619
      0.43300000000000005151	     16.66008812282948881034	      5.75934637999690401955	     -4.06625498100681603830	     -0.14496451778972962998	     -0.08982956980939491021	     -0.06975191882059540716	      6.87524596327642534277	    -47.22218284862464798834	      3.00845290930492081927	    -18.23075184303010587428	     -0.04045640165803895266	    -81.86430044269772565713	    340.15246191583742074727	     46.69022614418999239660	     -7.14670097682025229346	     27.60688375419872286898
      0.43400000000000005240	     16.88090555037286577544	      5.96656137886312354368	     -3.95474162186832955967	     -0.14396789007380009218	     -0.09109653586313865015	     -0.06990146229800400790	      6.78851419529271193909	    -47.62977284926371623897	      1.80486728968840348664	    -18.40877857678088247440	     -0.20698116710335440205	    -82.11218570645665693064	    342.09036167798637961823	     46.74654175392505095488	     -7.42214193160950053141	     27.92392595534798616086
      0.43500000000000005329	     17.10005018056794767745	      6.17460913850113168877	     -3.84385827020858039660	     -0.14297105800047915647	     -0.09237019269817248190	     -0.07003427394578254361	      6.69821122782317335265	    -47.99783774495163157781	      0.61113746381335898317	    -18.58539570910517113589	     -0.37535060560609523339	    -82.36041493762232335030	    344.00172840411568131458	     46.80219836961143897724	     -7.69563929477726915707	     28.25708531006397095098
      0.43600000000000005418	     17.31749837511314282779	      6.38324878273079843183	     -3.73367753724522932757	     -0.14197448911272667060	     -0.09365073519690128578	     -0.07015030483486138502	      6.60396006794657353112	    -48.32601888576640192241	     -0.57234438769814810488	    -18.76063639891258816306	     -0.54537009121943358370	    -82.60870260269581422108	    345.88573746576548728626	     46.85688318369736293789	     -7.96670013063069770709	     28.60710399159219718968
      0.43700000000000005507	     17.53322922879295120424	      6.59224225701569821467	     -3.62427240924228977192	     -0.14097841321655632529	     -0.09493816419939123119	     -0.07024948532452437999	      6.50538761206002291715	    -48.61399853575239404790	     -1.74520614717638400393	    -18.93453452294846073301	     -0.71683390746407027461	    -82.85676790849169037756	    347.74155881138091217508	     46.91027925120010166893	     -8.23483281028466151952	     28.97294995820724849978
      0.43800000000000005596	     17.74726838334295209165	      6.80137068332462835230	     -3.51571670477761966112	     -0.13998291243170996045	     -0.09623182313120116904	     -0.07033197015563764920	      6.40207055932358759520	    -48.86156678092541483238	     -2.90713593325120589483	    -19.10718767558226360848	     -0.88935069359753282647	    -83.10421155145340321724	    349.56848413889866833415	     46.96218911589236455484	     -8.49972701561106092072	     29.32272933225421951420
      0.43900000000000005684	     17.95959468370662293069	      7.01039884016400627331	     -3.40807940863298952650	     -0.13898829727222078434	     -0.09753176056248218095	     -0.07039772729656271211	      6.29365467852625570799	    -49.06847718830061211293	     -4.05776032006028763988	    -19.27862192208918656888	     -1.06271067324389956177	    -83.35074320130000558038	    351.36566730012555126450	     47.01230012138619684947	     -8.76087116154567979720	     29.65611031204014835794
      0.44000000000000005773	     18.17014008376843392512	      7.21907680277763130761	     -3.30142571611604074278	     -0.13799512405958258565	     -0.09883874066779380074	     -0.07044653968713611436	      6.17985537072750190646	    -49.23444729070413927730	     -5.19664314042044495068	    -19.44879352513493842025	     -1.23689720824940740940	    -83.59617765972198810687	    353.13212372166537988960	     47.06018471324191665417	     -9.01754917980680126277	     30.00437939550038279890
      0.44100000000000005862	     18.37888118949719995499	      7.42717507688045941450	     -3.19582185770819160453	     -0.13700381610628731277	     -0.10015289306424353388	     -0.07047840308968157663	      6.06034240882272001727	    -49.35930041724459726993	     -6.32340986747638744703	    -19.61771587811461259321	     -1.41172289081730695237	    -83.84021251510010586117	    354.86698926736238490776	     47.10550296790109570111	     -9.26922574647092289979	     30.36818477611011957151
      0.44200000000000005951	     18.58579671734601745925	      7.63446876865671963941	     -3.09133395744804051475	     -0.13601454028853701694	     -0.10147412379433635998	     -0.07049329043551418039	      5.93479194747077620775	    -49.44290271284827298359	     -7.43770537379017504520	    -19.78540290191363837380	     -1.58698960073892370026	    -84.08255044877240891310	    356.56939731691545603098	     47.14791546718907255809	     -9.51537255717436103453	     30.74637179762044070230
      0.44300000000000006040	     18.79091256028108958276	      7.84075265622715100733	     -2.98802736068531871183	     -0.13502729368253779674	     -0.10280165237482477569	     -0.07049140259188702018	      5.80283182922985218966	    -49.48523044059601261324	     -8.53923893539796630137	    -19.95193160792631559275	     -1.76228487154934665426	    -84.32278540460377769250	    358.23860843137714482509	     47.18724512875972720849	     -9.75565414412873721517	     31.10671494975133910543
      0.44400000000000006128	     18.99420565661044335570	      8.04580852626537712524	     -2.88596399199726150187	     -0.13404233950513827489	     -0.10413544667400978505	     -0.07047274480974950739	      5.66416484387165475312	    -49.48622308178310191806	     -9.62765912092453746141	    -20.11730309951842343708	     -1.93740397882852577460	    -84.56061868001299330899	    359.87374311772146029398	     47.22316282246156760039	     -9.98953219312007867359	     31.44888995799822950516
      0.44500000000000006217	     19.19560364096267690570	      8.24940679682038791043	     -2.78520347073492846590	     -0.13306022553121163443	     -0.10547623698269066594	     -0.07043712678636671054	      5.51856910362105157475	    -49.44578352358887940454	    -10.70255259794991786748	    -20.28144427479088918176	     -2.11235861150730341862	    -84.79585538628437291209	    361.47378114286345862638	     47.25518814501856468269	    -10.21626173880284227380	     31.80461392641890938648
      0.44600000000000006306	     19.39508009874501226477	      8.45133876650804971575	     -2.68580499120853888328	     -0.13208134559748438419	     -0.10682409211476104338	     -0.07038458001581111845	      5.36577693560901991532	    -49.36392383990574472818	    -11.76357194075711376513	    -20.44434407295943145755	     -2.28698706350828251388	    -85.02819213210885607168	    363.03782853770172778241	     47.28296849688327085914	    -10.43529107719774984275	     32.17445718349966199412
      0.44700000000000006395	     19.59261014483208285242	      8.65140188168919799239	     -2.58782721692886585885	     -0.13110581618243680180	     -0.10817882695663717796	     -0.07031511111104503386	      5.20552974450131600292	    -49.24069956060024821909	    -12.81038791677354105047	    -20.60599117689844916868	     -2.46111594119117338408	    -85.25733048328754648537	    364.56499201559847733733	     47.30615678008733482329	    -10.64608144773080766754	     32.55717296583130604404
      0.44800000000000006484	     19.78821618987214492336	      8.84941337638823810607	     -2.49132655368831068543	     -0.13013356273560020004	     -0.10953954497840941162	     -0.07022895346817380202	      5.03752281099481802329	    -49.07627621111696214484	    -13.84273998133712346714	    -20.76643132131728819445	     -2.63427698597463200159	    -85.48287268964320162468	    366.05451073672230677403	     47.32460075976840840895	    -10.84829871448934746070	     32.92037864424841586697
      0.44900000000000006573	     19.98187004308793746077	      9.04518034512922142198	     -2.39635758165233392347	     -0.12916481461596041047	     -0.11090614703224986604	     -0.07012613906044062873	      4.86152935506441163938	    -48.87078274042085723750	    -14.86030723054027014030	    -20.92563690590334601893	     -2.80627621187858000695	    -85.70452610937762472076	    367.50548204476183400402	     47.33796378364398549365	    -11.04140502795704392724	     33.26373249023927058943
      0.45000000000000006661	     20.17349240362620932387	      9.23850126103546998024	     -2.30297421373722022153	     -0.12820012312918394048	     -0.11227934640821198020	     -0.07000649662462345157	      4.67740062834567105199	    -48.62431137765362620939	    -15.86270669836778779427	    -21.08350881554841294019	     -2.97719506835005942591	    -85.92209900605003269902	    368.91686094438466625434	     47.34572466806566382047	    -11.22465464718335681482	     33.61911887011960686777
      0.45100000000000006750	     20.36305051264963950075	      9.42919507169524351298	     -2.21122849014588762628	     -0.12723986287880462154	     -0.11365917084016269323	     -0.06987007784017582046	      4.48494246011559205556	    -48.33706354286377404605	    -16.84962460116534543886	    -21.24001001111543374122	     -3.14690660931600918460	    -86.13530030982987284460	    370.28773405998350654045	     47.34753137061589001178	    -11.39750685846103905874	     33.98713006897683186480
      0.45200000000000006839	     20.55051279763060989580	      9.61708773539278638509	     -2.12117167070993239975	     -0.12628411175422488144	     -0.11504536448589341990	     -0.06971690746438172215	      4.28397212467778754075	    -48.00928303383712858476	    -17.82076406712780425323	    -21.39510214843209112701	     -3.31526843278960647865	    -86.34384363687632912843	    371.61719183551463174808	     47.34304156415706898997	    -11.55944007888724911481	     34.36653254454039085886
      0.45300000000000006928	     20.73589542873445523696	      9.80202455488304913445	     -2.03285147567091639687	     -0.12533273720664814266	     -0.11643693468782279066	     -0.06954723537754975426	      4.07426180790595360293	    -47.64132213026055495675	    -18.77590143956237511702	    -21.54879459921625795005	     -3.48171842359935013178	    -86.54735029493005527002	    372.90446308848714807027	     47.33212412435784699483	    -11.71015091946369857112	     34.72463578207047874002
      0.45400000000000007017	     20.91916240620004785455	      9.98384270031832699033	     -1.94631539702674771775	     -0.12438594456914302266	     -0.11783373625477125413	     -0.06936110206012048585	      3.85566280604695688083	    -47.23349596248170456647	    -19.71475073432549152130	    -21.70103176454879445600	     -3.64608013355352778007	    -86.74554377881025857278	    374.14863316580186847204	     47.31444379330181959631	    -11.84913048175832983588	     35.06105301574087462768
      0.45500000000000007105	     21.10022503397908977263	     10.16237265809228951241	     -1.86161187205518996457	     -0.12344429391084237035	     -0.11923648453820978599	     -0.06915833587400474491	      3.62810548880426253504	    -46.78608216397123698016	    -20.63696115853678136887	    -21.85169540639596519327	     -3.80855816479502529148	    -86.93824427002950017140	    375.34864382938945936985	     47.28945959321959691124	    -11.97566008303419593517	     35.40788010299518617785
      0.45600000000000007194	     21.27904151400219134871	     10.33746436493632714360	     -1.77878611852381585123	     -0.12250814636710695427	     -0.12064518366414175854	     -0.06893898445781389273	      3.39147537264198728479	    -46.29946496777805009515	    -21.54225395397113018703	    -22.00072275419596223855	     -3.96905075205670909710	    -87.12518033325220301322	    376.50357407326868042219	     47.25683129633010537418	    -12.08923835601129148642	     35.76581900421226833942
      0.45700000000000007283	     21.45557108314518757197	     10.50897501514547194290	     -1.69788254076200462173	     -0.12157755133558649507	     -0.12205952688308345511	     -0.06870306564072153899	      3.14567114219679266895	    -45.77406855570418997559	    -22.43036644781906474577	    -22.14804878913742669511	     -4.12743497873771758577	    -87.30608540587435584257	    377.61250965122400202745	     47.21623133653329773551	    -12.18938938976593888697	     36.13372727800069839077
      0.45800000000000007372	     21.62982206472037560729	     10.67678015103493116555	     -1.61894087781142670401	     -0.12065233056328664163	     -0.12347844179141043153	     -0.06845082390453130494	      2.89054522589768492224	    -45.21042399751370055583	    -23.30111377777209824558	    -22.29364976568678358149	     -4.28306088483020364066	    -87.48060470751762807140	    378.67468130341273990780	     47.16754357060793978462	    -12.27587112367498889398	     36.47826187493239302739
      0.45900000000000007461	     21.80174868500071738708	     10.84074843574486735065	     -1.54200214288172299248	     -0.11973267238919094169	     -0.12490174956410794727	     -0.06818228142170619510	      2.62603059653469372847	    -44.60902258677540288545	    -24.15424377866026617312	    -22.43744550194118758668	     -4.43577706403855920314	    -87.64848210118999816132	    379.68917472705624049922	     47.11044350165991545509	    -12.34823221543515714416	     36.79898992728734441471
      0.46000000000000007550	     21.97125068317949470043	     11.00074311438426022391	     -1.46710979112567874161	     -0.11881914708049158558	     -0.12633017461423604044	     -0.06789723635457194095	      2.35214089897174849497	    -43.97031547592587941153	    -24.98943376843739727633	    -22.57930269324349836779	     -4.58592852013188423399	    -87.80955324170537323880	    380.65493095969185333161	     47.04439529989937085475	    -12.40580765663438711499	     37.12853922810484874617
      0.46100000000000007638	     22.13827563457751423925	     11.15664555277202474315	     -1.39430279628208064757	     -0.11791210534635580831	     -0.12776369931795536483	     -0.06759570418645709233	      2.06884466016326618032	    -43.29485701537403485872	    -25.80643629581048159594	    -22.71913387201826495243	     -4.73342331241983860224	    -87.96356741044728266843	    381.57103481850629123073	     46.96907990815502387250	    -12.44816355205368019199	     37.46774204954219555930
      0.46200000000000007727	     22.30277218650688553225	     11.30834431971117659543	     -1.32361940091258967200	     -0.11701157612176636691	     -0.12920197155896381846	     -0.06727766657925107752	      1.77612423732998281345	    -42.58323845978931387890	    -26.60502008881404023555	    -22.85684916323316784315	     -4.87814334833701224170	    -88.11027989982304120531	    382.43658086577323729216	     46.88419263566705552648	    -12.47489734256253157696	     37.81554976247086585772
      0.46300000000000007816	     22.46474035761539056466	     11.45574507901895877637	     -1.25509199546510474832	     -0.11611734462881484475	     -0.13064384327625092053	     -0.06694333827182152863	      1.47391240129020828498	    -41.83615671635909194492	    -27.38503635198898322756	    -22.99240092482662234374	     -5.01940309305575560472	    -88.24936030100167272394	    383.25081565142539830049	     46.78962916203174415841	    -12.48585636196652615126	     38.13769143423289165185
      0.46400000000000007905	     22.62412395989802860186	     11.59874782028441941861	     -1.18875546651277375076	     -0.11522958465621593871	     -0.13208909786983438761	     -0.06659269774585895030	      1.16222537923402602367	    -41.05426421704624573294	    -28.14626225354639643683	    -23.12568797876213011477	     -5.15708151457809726992	    -88.38057299361599916665	    384.01284036295720625276	     46.68508606468896715569	    -12.48067314256274862316	     38.43373066635712120842
      0.46500000000000007994	     22.78081040079700869683	     11.73724843646145288290	     -1.12464833719604384576	     -0.11434887221960797488	     -0.13353845730014288207	     -0.06622548805118230741	      0.84116331364237406643	    -40.23816867398976171444	    -28.88839734893959132478	    -23.25656012637277925137	     -5.29163080244214878434	    -88.50376956367576042339	    384.72161166265209431003	     46.57005702558046777995	    -12.45876075841891506002	     38.73722322441383880687
      0.46600000000000008082	     22.93473717678128309672	     11.87115983281695363871	     -1.06280322935806692541	     -0.11347554321448617698	     -0.13499186532537577055	     -0.06584167603897572718	      0.51077871023634247027	    -39.38857845355821751809	    -29.61122117065196945873	    -23.38490644467071888357	     -5.42295622981132829921	    -88.61871855998822411493	    385.37623838529555087007	     46.44425302124597720876	    -12.41977925594853715552	     39.04902308741623073729
      0.46700000000000008171	     23.08584318448650307687	     12.00040221303890497495	     -1.00325198655273939430	     -0.11260960505708998702	     -0.13644891174773648990	     -0.06544119049634776475	      0.17113683827480702382	    -38.50623578147991565857	    -30.31453086733370128059	    -23.51061494458951273145	     -5.55093551887788994037	    -88.72519692784726430546	    385.97584295622527861269	     46.30740042137417589174	    -12.36342533592754655558	     39.36805701821857184086
      0.46800000000000008260	     23.23412120214612386349	     12.12491152589581488996	     -0.94601919687089264244	     -0.11175080576286403056	     -0.13790836685002244577	     -0.06502420193885448396	     -0.17775109435760683141	    -37.59198652497192227884	    -30.99821027644160054138	    -23.63362596183318231624	     -5.67493477238563226450	    -88.82289939038889770018	    386.51970582796195685660	     46.15941068622453968828	    -12.28965855211550817216	     39.65929759118384367866
      0.46900000000000008349	     23.37950627347711929360	     12.24461965908440141959	     -0.89113288958385594718	     -0.11089929627710938542	     -0.13936995852278966090	     -0.06459063722019939280	     -0.53578633709356804360	    -36.64662642627069999435	    -31.66206297670581903958	    -23.75382050010762924330	     -5.79486761858044552298	    -88.91161107323273427028	    387.00696455685863384133	     46.00001325051065492744	    -12.19821861346983382646	     39.92236953081209094307
      0.47000000000000008438	     23.52187562531064912719	     12.35945611257621301604	     -0.83862568779221147164	     -0.11005564294020797611	     -0.14083437950330851551	     -0.06414018311514406434	     -0.90278162235703662830	    -35.67090104027209207516	    -32.30580868408933525870	    -23.87102578481593795345	     -5.91122039479640992710	    -88.99120002478174740190	    387.43661473605453693381	     45.82875167183579634411	    -12.08862014649769811570	     40.19177677574037232944
      0.47100000000000008527	     23.66115965499813000861	     12.46936634986284353488	     -0.78852273722088384034	     -0.10922015175159432987	     -0.14230151180162428637	     -0.06367276351550020530	     -1.27860160189809946019	    -34.66565430578250328608	    -32.92925277362013503080	    -23.98510903742059596766	     -6.02389318428453712784	    -89.06145451335076757005	    387.80781266807520069051	     45.64537596183648560100	    -11.96063985284271247167	     40.46827887405072488036
      0.47200000000000008615	     23.79729072525459088183	     12.57430334846043251673	     -0.74084819098680165794	     -0.10839279525786202352	     -0.14377086798315982796	     -0.06318825981136008685	     -1.66310080093114787125	    -33.63176098017868298484	    -33.53222037295746815744	    -24.09593937833428256567	     -6.13276189880159527945	    -89.12217426568282974131	    388.11973292211195030177	     45.44965237591495821334	    -11.81409544277946110924	     40.75067292183533140815
      0.47300000000000008704	     23.93025720303063863525	     12.67423435252188923528	     -0.69561738906440240271	     -0.10757327064084630519	     -0.14524112860382124013	     -0.06268680324651350333	     -2.05619239909033435509	    -32.57019570157216037387	    -34.11462651290043623931	    -24.20345655094467218760	     -6.23733254612008014561	    -89.17308247319897418492	    388.37171225756242165517	     45.24151998031366161968	    -11.64907541965645698667	     41.00368789224128107662
      0.47400000000000008793	     24.05998926804238280397	     12.76912464992537010744	     -0.65284989931130399388	     -0.10676168599180399510	     -0.14671194767424497463	     -0.06216828479491998127	     -2.45769769166539164829	    -31.48187759977513522358	    -34.67630205914265673073	    -24.30752640767320116311	     -6.33755402126330924517	    -89.21398789695697928437	    388.56295021309534831744	     45.02075355877862250509	    -11.46544569675988789470	     41.22705623714086442533
      0.47500000000000008882	     24.18635880841799590257	     12.85893929544516822716	     -0.61257072074664831174	     -0.10595857262670207999	     -0.14818396218682833299	     -0.06163236028804090078	     -2.86734464005995892677	    -30.36767056216105231670	    -35.21699037332903969855	    -24.40794680076979261685	     -6.43385734558811339667	    -89.24477824087844624046	    388.69250982633485591577	     44.78696070042093424490	    -11.26284342339380017961	     41.45584659823528994593
      0.47600000000000008971	     24.30929399926374401275	     12.94365811103493513201	     -0.57479574301337776898	     -0.10516418259750785758	     -0.14965697638292532745	     -0.06107893810131477530	     -3.28491853928818855479	    -29.22853404085378059563	    -35.73652588385170503216	    -24.50456726639054139127	     -6.52615308790161385843	    -89.26526596204331553963	    388.75962156778581402250	     44.53993885597852653291	    -11.04117879890624820405	     41.69066793510405233292
      0.47700000000000009059	     24.42872561880786719257	     13.02326864310225751353	     -0.53953952394541837556	     -0.10437842932397550788	     -0.15113041178694805455	     -0.06050787928949047378	     -3.71019816948377689769	    -28.06545507650068316252	    -36.23476461804762038810	    -24.59724336352942941630	     -6.61433490266736168195	    -89.27527782233477182672	    388.76353922127304940659	     44.27950282871969989174	    -10.80040564735141295216	     41.93015830835258128673
      0.47800000000000009148	     24.54464158698835163364	     13.09777102609858268067	     -0.50680624909233396025	     -0.10360093416329657634	     -0.15260285612663901378	     -0.05991929858178256935	     -4.14302449814560258545	    -26.87951427788142311215	    -36.71165446482901728587	    -24.68592071657112896332	     -6.69809081056603705662	    -89.27457230715930336373	    388.70368073742560000028	     44.00563899404296108742	    -10.54075090793363500552	     42.13939941743416994768
      0.47900000000000009237	     24.65697213926890896118	     13.16716574312374987699	     -0.47660525053463637102	     -0.10283173605813795970	     -0.15407388010961375890	     -0.05931308284857443602	     -4.58314316357303574989	    -25.67173266463970193740	    -37.16705793386373812837	    -24.77045280645059932567	     -6.77740319319364470374	    -89.26298805659746449237	    388.57933423015998641858	     43.71817898374276722961	    -10.26221876395738163978	     42.31823727518854383334
      0.48000000000000009326	     24.76558949618610938614	     13.23145530836893080107	     -0.44895231223565751355	     -0.10207130527140469145	     -0.15554404971254143231	     -0.05868889525871397173	     -5.03020280551447740436	    -24.44307228588915137379	    -37.60074923069437602408	    -24.85060622058435697568	     -6.85259334485811066884	    -89.24043846452616435272	    388.38965830303169468607	     43.41679876604293752962	     -9.96458425896198818350	     42.50170477948545766367
      0.48100000000000009415	     24.87042406785189641028	     13.29065535494634175961	     -0.42385269682037035599	     -0.10131981710691706500	     -0.15701308972906666273	     -0.05804666063760061806	     -5.48391449835938882273	    -23.19458572886428626703	    -38.01259732690815695832	    -24.92621852815481275911	     -6.92360645367567961728	    -89.20676808826773651617	    388.13398207764083736038	     43.10135014563071820248	     -9.64790141812763124562	     42.69029960125809708416
      0.48200000000000009504	     24.97140914344703688243	     13.34478917821670052035	     -0.40131007861385242785	     -0.10057710196902873434	     -0.15848032930489192038	     -0.05738625060615552831	     -5.94398630341398082066	    -21.92734899437147078061	    -38.40249321837188745121	    -24.99713711469511423502	     -6.99037896650288370637	    -89.16183739575033939673	    387.81166231874362892995	     42.77170379512723030757	     -9.31226965345420154563	     42.88256876633705161339
      0.48300000000000009592	     25.06853515909661922478	     13.39389068442837427142	     -0.38131636988340072980	     -0.09984268096680222471	     -0.15994426664412150774	     -0.05670778891756083490	     -6.41019076093602802047	    -20.64252274638840845000	    -38.77042073710075698045	    -25.06331259712104753135	     -7.05276388529819531215	    -89.10544868499303561293	    387.42222024221996434790	     42.42791612086633534773	     -8.95806117734802498376	     43.04432353688995505081
      0.48400000000000009681	     25.16173569301697199307	     13.43799632417797518258	     -0.36386991404257001959	     -0.09911650518496614715	     -0.16140439174935353184	     -0.05601118576323695780	     -6.88220348268572035266	    -19.34120555975382771408	    -39.11627913183212967851	    -25.12458863580678070093	     -7.11077543892739782905	    -89.03747861988205158923	    386.96505423157907443965	     42.06988356981438670346	     -8.58542707177746500236	     43.17548862249704910710
      0.48500000000000009770	     25.25088692434865222936	     13.47714671654011553414	     -0.34897686286152407309	     -0.09839897190583790643	     -0.16286120053279753983	     -0.05529613943940369508	     -7.35960158274899889363	    -18.02443508914562997347	    -39.43988062261301763556	    -25.18070608661562204134	     -7.16463009098824610277	    -88.95787403040895924278	    386.43943998674905060398	     41.69734434678768053573	     -8.19429085898418030354	     43.31055503338282619552
      0.48600000000000009859	     25.33592351864161429376	     13.51139354274789639021	     -0.33663167505460717122	     -0.09769017108016257722	     -0.16431435004511465992	     -0.05456260915397050104	     -7.84202842847763736955	    -16.69333170960054957277	    -39.74113388621645981402	    -25.23149558283301630013	     -7.21432285991372967970	    -88.86652148629643477307	    385.84482350941703998615	     41.31021028914432946522	     -7.78485544501602788614	     43.45002280458837162769
      0.48700000000000009948	     25.41678298220244869299	     13.54079582034581541450	     -0.32682705607629963795	     -0.09698983931506949263	     -0.16576308631390324067	     -0.05381049544929832756	     -8.32912721255576293800	    -15.34903406757591781684	    -40.01996844734923541864	    -25.27680019321510584973	     -7.25984661957580712510	    -88.76332363899807376129	    385.18068192840041774616	     40.90841425294811983804	     -7.35736946876315656141	     43.59247877598384235398
      0.48800000000000010036	     25.49345965746148579001	     13.56542099093934794496	     -0.31954266292146960016	     -0.09629738591810198256	     -0.16720582207264972352	     -0.05303994779530342429	     -8.82060786595929968712	    -13.99275542574440933663	    -40.27640762626342763042	    -25.31657216495018047908	     -7.30117207474260521138	    -88.64813558229674583799	    384.44665696820476341600	     40.49210141842611676566	     -6.91235381585983521546	     43.70447029923451509603
      0.48900000000000010125	     25.56589146706670234721	     13.58534100731403881923	     -0.31476625428877802459	     -0.09561267339699158763	     -0.16864197667138783321	     -0.05225091012403610541	     -9.31608341863749167544	    -12.62564556145151861699	    -40.51039174026293920861	    -25.35064881428879957070	     -7.33834586802047184051	    -88.52088128696610169754	    383.64227271034297928054	     40.06123717312384968636	     -6.45010876567087798605	     43.78596350181901186716
      0.49000000000000010214	     25.63395923343371407555	     13.60063389789352683579	     -0.31249510078259157275	     -0.09493603637926620320	     -0.17007199135727152361	     -0.05144311968192741974	     -9.81506866297621982653	    -11.24879256121845294558	    -40.72177601459654283644	    -25.37875556615767180801	     -7.37152342695930062888	    -88.38155021864204741178	    382.76693582633799906034	     39.61561123977051579459	     -5.97070780423444880114	     43.87077867925417251627
      0.49100000000000010303	     25.69760166348471841502	     13.61138641099309509741	     -0.31271373820917236497	     -0.09426749107793060134	     -0.17149547247925378546	     -0.05061656788293971559	    -10.31714769300544887187	     -9.86335756472061220279	    -40.91051268063259271912	    -25.40072151739802208681	     -7.40075813802757043192	    -88.23008151373906571280	    381.82022167528373302048	     39.15520066720951319894	     -5.47450122100343961051	     43.95951241833672185066
      0.49200000000000010392	     25.75676011375241358792	     13.61769206794340014710	     -0.31540487993884613882	     -0.09360668974172429990	     -0.17291159574915970776	     -0.04977118377188939624	    -10.82190641751707183005	     -8.47051406725672961784	    -41.07657262999784819613	    -25.41638936338941689996	     -7.42610491944248618523	    -88.06642956104325037359	    380.80173945101881827213	     38.68000601587639408763	     -4.96188390402006174185	     44.05088514192246407219
      0.49300000000000010481	     25.81143271688907958605	     13.61965043887594717376	     -0.32053695318815689230	     -0.09295293941251024650	     -0.17431869214105558119	     -0.04890714262188205347	    -11.32900034760894492081	     -7.07149979918901205878	    -41.22002234655872854319	    -25.42570980605785990747	     -7.44759629447321280793	    -87.89051104036889228155	    379.71126372528465253708	     38.19026907181155650051	     -4.43352345371814315911	     44.11196332061933134128
      0.49400000000000010569	     25.86156103019662211295	     13.61736720314208959337	     -0.32808842847053742986	     -0.09230603452330810033	     -0.17571612550955312271	     -0.04802441347095904450	    -11.83798928039462161621	     -5.66748831500242999937	    -41.34084653349194127259	    -25.42851860372006456146	     -7.46531305268998224278	    -87.70230664376009599437	    378.54845449066181117814	     37.68602451239578954301	     -3.88986433869777226136	     44.14273639898213019706
      0.49500000000000010658	     25.90702938522583664849	     13.61095561746710735918	     -0.33804920035782393128	     -0.09166627727352216759	     -0.17710430894036988114	     -0.04712275622746783105	    -12.34833633844392508649	     -4.25959138385504676450	    -41.43894616297036037622	    -25.42453895270104879955	     -7.47940853978662367751	    -87.50185781563928344440	    377.31285780750903313674	     37.16710507719255929260	     -3.33112229138843574106	     44.17652595894168854329
      0.49600000000000010747	     25.94777962865652654045	     13.60053494189313738616	     -0.35039530229230886338	     -0.09103363834184736991	     -0.17848281911071475769	     -0.04620217846882461454	    -12.85957743660947372177	     -2.84898327518467819885	    -41.51432010755523549506	    -25.41360468571530262238	     -7.48999573944503094225	    -87.28916563282271567914	    376.00418756751912496838	     36.63355716048678800689	     -2.75778751952359968413	     44.21406675322823787155
      0.49700000000000010836	     25.98375646993870446977	     13.58623023128113693758	     -0.36510089520192928747	     -0.09040771201428053627	     -0.17985077808580629544	     -0.04526262604981361876	    -13.37125227424041185031	     -1.43684420745322305457	    -41.56698408956608403741	    -25.39556354126873216615	     -7.49718936623520626483	    -87.06424515394223817566	    374.62219400475987640675	     36.08545253345364045572	     -2.17039318811989145885	     44.25424338119933764801
      0.49800000000000010925	     26.01496222236334077138	     13.56816983782255192637	     -0.38212460491093031001	     -0.08978773018286745344	     -0.18120644431383586825	     -0.04430429234759311607	    -13.88297463123584130074	     -0.02440829930127613387	    -41.59705270776124308441	    -25.37036511247053027773	     -7.50103192892870929143	    -86.82708139166520311392	    373.16679440100568854177	     35.52312118159360210257	     -1.56974736079275967171	     44.26439923651798835635
      0.49900000000000011013	     26.04134220484949224783	     13.54648920069743844863	     -0.40143705838867793645	     -0.08917345111809542313	     -0.18254914848146547302	     -0.04332715793261508047	    -14.39426479879287867902	      1.38715497079284011406	    -41.60455890959598690415	    -25.33785119495749071916	     -7.50163869553983619909	    -86.57771895584646415500	    371.63779339932517586931	     34.94666342247158752343	     -0.95642974030443228539	     44.24455002918813306678
      0.50000000000000011102	     26.06278414673104393273	     13.52133222515039001621	     -0.42302221667075684541	     -0.08856517951934894661	     -0.18387931140538613106	     -0.04233098707384331388	    -14.90454873765428978061	      2.79673790987913317707	    -41.58945167528064246198	    -25.29775794570204539014	     -7.49921563222159281992	    -86.31625820754868527729	    370.03488407766730006188	     34.35595435765079486146	     -0.33078646502940139973	     44.22779348168612756353
      0.50100000000000011191	     26.07923374719718268011	     13.49284565621575637806	     -0.44684893265436148591	     -0.08796287201930072519	     -0.18519650918786376148	     -0.04131579001821061164	    -15.41332963610073392147	      4.20318120763553348951	    -41.55177970286568012170	    -25.24993153393646139193	     -7.49392589848654200324	    -86.04276772587033406126	    368.35792772913873704965	     33.75111077023419881016	      0.30656293495601338872	     44.21503026119667367766
      0.50200000000000011280	     26.09064025922262430868	     13.46118059533174715625	     -0.47288421361029514545	     -0.08736609644711429423	     -0.18649983681941817437	     -0.04028151987751024676	    -15.92011664363575995651	      5.60532620834291428480	    -41.49160793765206278749	    -25.19423193533528149146	     -7.48593176629989542903	    -85.75732913832699466639	    366.60682409044380847263	     33.13227506889597151485	      0.95495843206805086645	     44.20532227675330005923
      0.50300000000000011369	     26.09701231011693778328	     13.42648832794320590267	     -0.50107833054943284878	     -0.08677404192305100683	     -0.18778750209729219711	     -0.03922838299166695603	    -16.42449913554830231988	      7.00197046332104910960	    -41.40910486870052409358	    -25.13061417772754424504	     -7.47525671568897731589	    -85.45999826069370897130	    364.78164205840857903240	     32.49984093783032790270	      1.61346178727732891822	     44.16604546338270864680
      0.50400000000000011458	     26.09830087404210274826	     13.38892757595138505167	     -0.53139536046806623570	     -0.08618645972874236505	     -0.18905883691094049759	     -0.03815636406492581290	    -16.92597518304005177470	      8.39197687317916418692	    -41.30435516318431865557	    -25.05893561798747271041	     -7.46204799174565458486	    -85.15088646227397362054	    362.88233934889728971029	     31.85396755796231360591	      2.28137129459188292557	     44.09724251857069532434
      0.50500000000000011546	     26.09439872892737710686	     13.34866581655382766769	     -0.56381445912033778534	     -0.08560368142278806936	     -0.19031431621390901276	     -0.03706522319913519575	    -17.42395058250460948557	      9.77427048952278809679	    -41.17735656357579188125	    -24.97895820781970144253	     -7.44659121784432720403	    -84.83015570694695384191	    360.90876400964299364205	     31.19458206803706445953	      2.95822663312279354741	     44.03205365423031025784
      0.50600000000000011635	     26.08525800887443324427	     13.30586985660563748013	     -0.59829838464402496090	     -0.08502567098839898529	     -0.19155355538001833660	     -0.03595497084067294374	    -17.91791398846790883681	     11.14773559150652815219	    -41.02820929020433027290	    -24.89054974961153376967	     -7.42909222917286005128	    -84.49794182993170466034	    358.86093357612958243408	     30.52186755892184422123	      3.64329389933760738884	     43.97158074087925427875
      0.50700000000000011724	     26.07083545312043781905	     13.26070904008192208323	     -0.63480820682658090082	     -0.08445199292701126292	     -0.19277566243733687545	     -0.03482556724356470484	    -18.40736257136364883991	     12.51126369313371000658	    -40.85703085758913033487	    -24.79359185164156897940	     -7.40975132392886681743	    -84.15439373762886532404	    356.73890551725662589888	     29.83603077995211094731	      4.33580213215883425448	     43.91508109629815947983
      0.50800000000000011813	     26.05114975735757099073	     13.21334951232275756183	     -0.67328707824848910146	     -0.08388181630719102055	     -0.19397883241517455133	     -0.03367723587752916720	    -18.89188127751696200107	     13.86371243934022956523	    -40.66404812563073534193	    -24.68805291993849593268	     -7.38854191188595876838	    -83.79963518715852899277	    354.54290890718209539045	     29.13749767260729939267	      5.03469807418290482559	     43.82963557131827059266
      0.50900000000000011902	     26.02616101264363379642	     13.16396475547871780520	     -0.71369350642909412663	     -0.08331489953259003933	     -0.19516244367107810076	     -0.03250997022692669186	    -19.37096513199328740029	     15.20400579578553923454	    -40.44939867877739914093	    -24.57381561137341563494	     -7.36563542915379176890	    -83.43384135387469768830	    352.27306298635340908731	     28.42647821826295384540	      5.73917626898867538898	     43.71530099386175294285
      0.51000000000000011990	     25.99577014519910633794	     13.11273695709077458105	     -0.75600255180243003394	     -0.08275160588782334847	     -0.19632707562319898220	     -0.03132353144751089113	    -19.84401794371142457862	     16.53113043133381410144	    -40.21312680534398964483	    -24.45067902808488824462	     -7.34141173457111673173	    -83.05723275146917217171	    349.92937910444305771307	     27.70296712262025096152	      6.44868352041252457241	     43.60555618927210730362
      0.51100000000000012079	     25.95993947792043954337	     13.05984419404160590261	     -0.80017157374352165800	     -0.08219190994236623415	     -0.19747242634786382753	     -0.03011793982080996496	    -20.31053299561540370632	     17.84404248795502212488	    -39.95538295683999052699	    -24.31854257016973619443	     -7.31611492029036014628	    -82.67000575850646271192	    347.51203984143029401821	     26.96720492141950487053	      7.16239179851288554346	     43.50176215086413122890
      0.51200000000000012168	     25.91863701171439871018	     13.00546537184546025401	     -0.84615647936489779557	     -0.08163537829703720883	     -0.19859766329335443169	     -0.02889317263507612532	    -20.77001472381362034980	     19.14171128527316056989	    -39.67633764856996236858	    -24.17731936744021226104	     -7.28997734100428562698	    -82.27237122229539068030	    345.02126858196294278969	     26.21945207584092329967	      7.87944009543535095474	     43.40340560906706457445
      0.51300000000000012257	     25.87189579821147589200	     12.94977299691505123747	     -0.89389389504746941117	     -0.08108116241370386112	     -0.19970101200430728783	     -0.02764948362116628755	    -21.22206380201230047078	     20.42308159619797081064	    -39.37627770286585615622	    -24.02699643206002733109	     -7.26288199094438802206	    -81.86451315072014267571	    342.45746354612600725886	     25.46014149070449406054	      8.59867939673760872665	     43.27675904425686326249
      0.51400000000000012346	     25.81968873380072082568	     12.89294697907067543952	     -0.94333709008271715568	     -0.08052902195953139108	     -0.20078193924118092895	     -0.02638688827990966906	    -21.66619098454026115519	     21.68716502321433381439	    -39.05539171793064667781	    -23.86748994841465787431	     -7.23501681475669577992	    -81.44666234910133084668	    339.82091423614122049912	     24.68952731587625137877	      9.31922258821627558234	     43.12186820705869649828
      0.51500000000000012434	     25.76192797651577848228	     12.83517608541722410109	     -0.99445710269426834671	     -0.07997933850505627162	     -0.20184116672266666503	     -0.02510516193915230884	    -22.10181549466148354099	     22.93303590215771947669	    -38.71376536936801926458	    -23.69864747707101315655	     -7.20688029616289504986	    -81.01908968013120215801	    337.11180377029273813605	     23.90768532408024427127	     10.04044844024280891404	     42.97298544231664862991
      0.51600000000000012523	     25.69858951295307392115	     12.77664194635874217454	     -1.04720587315893221003	     -0.07943208313903353524	     -0.20287850554837333350	     -0.02380435006652888846	    -22.52845334293454371277	     24.15974731492882909833	    -38.35159547602771823449	    -23.52040691732467081465	     -7.17874415330736415086	    -80.58204080456454221348	    334.33048880817938197652	     23.11490322876435499211	     10.76145817479304866993	     42.83176491911996919271
      0.51700000000000012612	     25.62965593647676953992	     12.71752565031860626732	     -1.10153413261774146825	     -0.07888681217835689929	     -0.20389321728049308868	     -0.02248446135381195962	    -22.94563438084045614573	     25.36637040333347314913	    -37.96910298594147548101	    -23.33271971611457828999	     -7.15086085261330062224	    -80.13577838141841880315	    331.47736718521332477394	     22.31148389312363278236	     11.48132489697811564611	     42.69792500902532594864
      0.51800000000000012701	     25.55517852488798880017	     12.65799883874842102216	     -1.15737164524770941298	     -0.07834264269934534952	     -0.20488358636673248414	     -0.02114579747351888819	    -23.35299440666230452734	     26.55196020133414691600	    -37.56663297569777881790	    -23.13559613260833813797	     -7.12299498401771469247	    -79.68053554213129530126	    328.55301568104368925560	     21.49785546026608074044	     12.19882678229254580060	     42.53630852716618448994
      0.51900000000000012790	     25.47514608912055678047	     12.59824098027253036491	     -1.21466602978019433401	     -0.07779931620743511800	     -0.20584918778032607056	     -0.01978841129229974571	    -23.75007757979871314546	     27.71563840016292346036	    -37.14442055157725519621	    -22.92899253585961716340	     -7.09534623767248895376	    -79.21658681277041580415	    325.55790278504366597190	     20.67431139368945025581	     12.91302125854673654715	     42.34694129209324842122
      0.52000000000000012879	     25.38948438350610459224	     12.53844089341256484715	     -1.27338385137039167283	     -0.07725721211317262971	     -0.20679089599385008791	     -0.01841210511887287488	    -24.13633450380822154102	     28.85658881081513271738	    -36.70258596135014528272	    -22.71281400548118156735	     -7.06855205206556647113	    -78.74424156596771240402	    322.49239122710332594579	     19.84101257296165599087	     13.62324853929935031260	     42.16544741014762109899
      0.52100000000000012967	     25.29818608595245521542	     12.47877748899713701292	     -1.33347096618826688186	     -0.07671627649825835116	     -0.20770863542501497023	     -0.01701696532205565493	    -24.51132117954886169287	     29.97398216896192479908	    -36.24136739407167340232	    -22.48704195363266578056	     -7.04289904171985892134	    -78.26378090187483849149	    319.35702060825462922367	     18.99828318972677720922	     14.32856637279197542512	     41.99368332044482343690
      0.52200000000000013056	     25.20125124896820523190	     12.41942805207063038608	     -1.39487219933831241292	     -0.07617603405631359625	     -0.20860176560622553654	     -0.01560304627602414687	    -24.87461031434186153888	     31.06701117377996723690	    -35.76103160778249900886	    -22.25167118076990391273	     -7.01864635735004149808	    -77.77550571663631728825	    316.15237183126885156526	     18.14645772179850169437	     15.02801005523254929130	     41.83147805617967662783
      0.52300000000000013145	     25.09875224435756990715	     12.36055743872272216777	     -1.45750947347461057291	     -0.07563554336890816743	     -0.20946863075319605008	     -0.01417071215300177121	    -25.22589076771659932774	     32.13486051977311319661	    -35.26197691387314137046	    -22.00674015380521453267	     -6.99543273188581782307	    -77.27968546595518262166	    312.87920861135614813975	     17.28596267890016235924	     15.72031443535608907780	     41.64193055400247800435
      0.52400000000000013234	     24.99069625293891050433	     12.30233917884349992278	     -1.52132386714418244011	     -0.07509450674051892927	     -0.21030890151854189640	     -0.01272006552107745811	    -25.56475663885091975658	     33.17678032746079708204	    -34.74447943963652107868	    -21.75225074202958808200	     -6.97346700699712940263	    -76.77662483924454761564	    309.53818624316954810638	     16.41712647708029138016	     16.40451226739708445734	     41.42508296014001700769
      0.52500000000000013323	     24.87702458898597512871	     12.24495703798817203278	     -1.58627676461144817566	     -0.07455328526042309667	     -0.21112358169558467780	     -0.01125094516020566301	    -25.89070493195720956692	     34.19208125729983294150	    -34.20868853431780109986	    -21.48817161916364426588	     -6.95353123822577501301	    -76.26665847525021035835	    306.12985377808718112647	     15.54018499085945492766	     17.07993760225899393390	     41.21837513107693240499
      0.52600000000000013411	     24.75774916410497894503	     12.18858212254501083294	     -1.65230700696817800477	     -0.07401178226281310280	     -0.21191267776543326606	     -0.00976349005747209620	    -26.20334789268781250371	     35.18006827778204836932	    -33.65487981175591869487	    -21.21453097559902190028	     -6.93591211861517908943	    -75.75008941105434701058	    302.65494092158110106539	     14.65548873781823679963	     17.74563523197545578114	     41.02362683715780633520
      0.52700000000000013500	     24.63288978547121033102	     12.13338297798898857138	     -1.71935253442806024182	     -0.07346947220113114740	     -0.21267561760993927700	     -0.00825781004951834513	    -26.50231734375117653713	     36.14007141954672164275	    -33.08336082986175341603	    -20.93137026205508632870	     -6.92086107823173968256	    -75.22724230728566396920	    299.11421824314300010883	     13.76339423388854754648	     18.40063362662190726837	     40.84053122998636808916
      0.52800000000000013589	     24.50254115396450416142	     12.07951280465594656732	     -1.78732665044737615290	     -0.07292533929912953239	     -0.21341078302975352576	     -0.00673433688032413699	    -26.78737014313859177150	     37.07142097031165661747	    -32.49457538521325972170	    -20.63876318294225242767	     -6.90791667044527279984	    -74.69841025897737551986	    295.50863993946114760547	     12.86433718279524107686	     19.04366063006807152647	     40.63082487659067254526
      0.52900000000000013678	     24.36673036923858859382	     12.02713455544359355542	     -1.85616331428709857576	     -0.07237903565922905458	     -0.21411790357445267818	     -0.00519322848451991489	    -27.05816468860405876740	     37.97350997000390293579	    -31.88883543397986741752	    -20.33676103224584963414	     -6.89729585785210730364	    -74.16391505038608045197	    291.83905132948603977638	     11.95867388399141439947	     19.67375743034852675351	     40.39463393943965741073
      0.53000000000000013767	     24.22541605074327719649	     11.97642251556722747807	     -1.92581844281229463967	     -0.07183089885026731902	     -0.21479806594008615805	     -0.00363436597875366803	    -27.31425794036931620212	     38.84578912611971901470	    -31.26631706885103767490	    -20.02539740922430411274	     -6.88990325548336546291	    -73.62410394854256878716	    288.10619003256834957938	     11.04669080598977792818	     20.29028234249872042483	     40.17106445684392213025
      0.53100000000000013856	     24.07863091947199052356	     11.92753543330674048661	     -1.99622361025798578105	     -0.07128078429772516378	     -0.21545131513212995022	     -0.00205794640913037775	    -27.55533178333703503426	     39.68771063937012399947	    -30.62733054548284883367	    -19.70474764086471353153	     -6.88600621104295029795	    -73.07929054586732320331	    284.31097639060902793062	     10.12875396879291933772	     20.89229852200441328591	     39.96159658046316565105
      0.53200000000000013944	     23.92641576694667548963	     11.88062859130965165377	     -2.06730960967297949793	     -0.07072810984214085439	     -0.21607710280062097929	     -0.00046413841725229674	    -27.78109019536536905548	     40.49875422167962568665	    -29.97221897068400764397	    -19.37490016069403608867	     -6.88583109293656736583	    -72.52980969935752852962	    280.45437019481738616378	      9.20523195538725325093	     21.47885918574313279805	     39.76551673840329215182
      0.53300000000000014033	     23.76888678743908656088	     11.83583930202623690775	     -2.13898156024059371560	     -0.07017178761256605279	     -0.21667382245996513745	      0.00114656460433786912	    -27.99136782096107722850	     41.27840825664507917736	    -29.30146168494771430346	    -19.03597349482270573162	     -6.88887798723850064420	    -71.97596625821999793970	    276.53751036600726820325	      8.27657698291250909506	     22.04872594586633738345	     39.54437619517867119612
      0.53400000000000014122	     23.60609141975760039145	     11.79331568687127074213	     -2.21116673564700949584	     -0.06961142243579013233	     -0.21724122469175244365	      0.00277394936186232347	    -28.18589788745434177031	     42.02621971760807184637	    -28.61540223159933304942	    -18.68806982510717062951	     -6.89536941598512154172	    -71.41808791065108152907	    272.56142733775163833343	      7.34316106189364070644	     22.60098177692776033609	     39.29844876456909474882
      0.53500000000000014211	     23.43800717456531046423	     11.75321827284398956692	     -2.28381605571876056260	     -0.06904733175180993721	     -0.21778043422978723975	      0.00441808653422664458	    -28.36430845655997501353	     42.74178906062126515053	    -27.91424501047543671461	    -18.33128128696691661048	     -6.90627071296786709809	    -70.85652445937834897904	    268.52704286612055284422	      6.40528918897139298849	     23.13503571968845662354	     39.06754521839884830570
      0.53600000000000014300	     23.26468794743684043169	     11.71568923446560539503	     -2.35685467928951020156	     -0.06847933008049174319	     -0.21829150598086127788	      0.00607871968741308544	    -28.52636027597038292924	     43.42472554614543156504	    -27.19833379645870152785	    -17.96572883849526292011	     -6.92181617765729129133	    -70.29159195347131117160	    264.43545977004652058895	      5.46332958563870718649	     23.65000147957951170952	     38.85258225799888265328
      0.53700000000000014388	     23.08619551942372183362	     11.68086640712735935210	     -2.43020706855365276056	     -0.06790678466487852505	     -0.21877388348758403103	      0.00775562175583574716	    -28.67183826851353245502	     44.07466782790357484600	    -26.46804323832456518062	    -17.59154659537943743430	     -6.94219704289604511160	    -69.72362476643719730873	    260.28781807800379510809	      4.51765054701342894106	     24.14498964891581778147	     38.65228546658547514880
      0.53800000000000014477	     22.90266520437329589299	     11.64886759742867994305	     -2.50377192943364290656	     -0.06732855301538796799	     -0.21922596519420914363	      0.00944824802410073467	    -28.80065955207204808630	     44.69127131982745737560	    -25.72387915401333202681	    -17.20890749680009079725	     -6.96694876876169377766	    -69.15292986651196827097	    256.08542685729139520845	      3.56871861624134067981	     24.61883838244755295932	     38.42960764878316126669
      0.53900000000000014566	     22.71416422827632430881	     11.61982219622647427570	     -2.57747133759121682672	     -0.06674420485581350482	     -0.21964750914677877436	      0.01115633039718131637	    -28.91263875110878345254	     45.27424483520564280070	    -24.96621478815057670886	    -16.81796320025858548775	     -6.99629223984247161638	    -68.57983289037545659994	    251.82948880829962945427	      2.61690442893020724924	     25.07070554344971924365	     38.18497988415347776936
      0.54000000000000014655	     22.52069025232001564518	     11.59387277260785609201	     -2.65125238845023991630	     -0.06615404326521608092	     -0.22003965913300566060	      0.01287988224874520721	    -29.00748358733240905849	     45.82334554949189708850	    -24.19528802437584857898	    -16.41885145453530370219	     -7.03116492502583234625	    -68.00467973264333920724	    247.52109870990580020589	      1.66249868023490732227	     25.50007436615882028264	     37.95736282743587963751
      0.54100000000000014744	     22.32231757071780009483	     11.57114109498903253836	     -2.72503573108110463963	     -0.06555785525534557623	     -0.22040248570854625854	      0.01461858662039296555	    -29.08503895286704832301	     46.33834658950462426219	    -23.41147666196004450967	    -16.01173782041923132624	     -7.07176930283945726075	    -67.42778401687793632391	    243.16152577043942528690	      0.70585564480450169178	     25.90614162786680196859	     37.74706579562007391360
      0.54200000000000014833	     22.11912791917401222008	     11.55174377549813691246	     -2.79874136412405594143	     -0.06495497075492454031	     -0.22073542642744514719	      0.01637215739765916084	    -29.14517549519782591005	     46.81905169809384403834	    -22.61518483103836274495	    -15.59680131627650112591	     -7.11826627617937379711	    -66.84947240771467136256	    238.75207362182214865243	     -0.25267185927648000421	     26.28810783346027690754	     37.55229510086785182921
      0.54300000000000014921	     21.91127277910245041426	     11.53577603275166119090	     -2.87226433922630119966	     -0.06434421637496523516	     -0.22103691022835450508	      0.01814000522563160786	    -29.18789366544456953534	     47.26528830931043501096	    -21.80693898235268690655	    -15.17427200984147006579	     -7.17026680808878325024	    -66.27004709506388735463	    234.29420089147669159502	     -1.21261468004865768933	     26.64492745014781505120	     37.33881540120747644096
      0.54400000000000015010	     21.69883810817902158874	     11.52334499204427054053	     -2.94552382076859764481	     -0.06372514096439806097	     -0.22130672342973628508	      0.01992180383065386695	    -29.21309304815878249428	     47.67693121173610393271	    -20.98714261781482548486	    -14.74434735670913632077	     -7.22797878393769011041	    -65.68982661619337193315	    229.78926386626611133579	     -2.17362298123024322294	     26.97586385486267346323	     37.10715198370344580781
      0.54500000000000015099	     21.48184267524453616716	     11.51457123801418092057	     -3.01846478757298797291	     -0.06309803642959148362	     -0.22154604147613896070	      0.02171749585425144721	    -29.22056769884730087483	     48.05389753925104656673	    -20.15607384886981279237	    -14.30719954911933200492	     -7.29224279578887646380	    -65.10914908418959612391	    225.23851399916753734942	     -3.13544836960626538414	     27.28049545876933024147	     36.89378614010941248580
      0.54600000000000015188	     21.26037973689066618022	     11.50955280502020450228	     -3.09100603171359855637	     -0.06246267632833790717	     -0.22175499034566498180	      0.02352670022724013058	    -29.21024908791920182694	     48.39612642669730036005	    -19.31414577596623516342	    -13.86303725872826575483	     -7.36323617995744417186	    -64.52832268368598533925	    220.64336567839288250070	     -4.09776655370230624698	     27.55813311255609932005	     36.69864106261609748572
      0.54700000000000015277	     21.03454948498119847500	     11.50838186755105674308	     -3.16306573877538621531	     -0.06181836847954812891	     -0.22193304018466639138	      0.02534906677527111810	    -29.18209555380840924954	     48.70358773199952651112	    -18.46179184575245457722	    -13.41208291586142031804	     -7.44109819130699268186	    -63.94766190157678664718	    216.00526463470970384151	     -5.06025545928059106160	     27.80809774976544090919	     36.51969276059624291975
      0.54800000000000015365	     20.80451764814463189168	     11.51112834980046351063	     -3.23453839360577655171	     -0.06116392844256331868	     -0.22207869842368926916	      0.02718395655523759766	    -29.13619128338394403954	     48.97627978446540453206	    -17.59955829208131206087	    -12.95461951690204216447	     -7.52551111365709157752	    -63.36745886143285844128	    211.32579678755746499519	     -6.02246220262948028790	     28.02949111209666810396	     36.32606156198953328840
      0.54900000000000015454	     20.57038791595697091452	     11.51787403768867434906	     -3.30534297827154288640	     -0.06049889620733660267	     -0.22219182494634193148	      0.02903097650867245139	    -29.07252312255314663503	     49.21424167510467384545	    -16.72788094521475343868	    -12.49088595059616402239	     -7.61665823105664063775	    -62.78802107726955483713	    206.60645018968634190060	     -6.98407661420208203396	     28.22170819655367424161	     36.11824534757385407602
      0.55000000000000015543	     20.33220029247195270727	     11.52871402379943255312	     -3.37542457501541903753	     -0.05982355522683739657	     -0.22227366266733353251	      0.03088998608991064959	    -28.99097615477679568130	     49.41754834761726300485	    -15.84708284204774031423	    -12.02108326554531103625	     -7.71525654225588297663	    -62.20967531212702539278	    201.84861222893997023675	     -7.94491230223911237829	     28.38444294601686124224	     35.92928496233231072665
      0.55100000000000015632	     20.09006535108732904860	     11.54371983768025877737	     -3.44470314093834018010	     -0.05913767825124487121	     -0.22232444678908322433	      0.03276053510219691101	    -28.89156958993176260719	     49.58630105857766068311	    -14.95761284304069427264	    -11.54546187861390116325	     -7.82146805381532050916	    -61.63272039227889109725	    197.05381856519477423717	     -8.90469012912351765010	     28.51714704840460257174	     35.75909062594623577525
      0.55200000000000015721	     19.84410012483797913774	     11.56295656834963736515	     -3.51309814131311259899	     -0.05844056594246501563	     -0.22234373754653544153	      0.03464220165714557848	    -28.77435004861990819336	     49.72063083613153366969	    -14.05993402080359899742	    -11.06428577954026692964	     -7.93541973228222285996	    -61.05745442186390192774	    192.22363266038638585087	     -9.86313388115530464972	     28.61928768798550137831	     35.60580064679592737775
      0.55300000000000015810	     19.59448406937755748913	     11.58646630199102567360	     -3.58050642961588305724	     -0.05773103536882235459	     -0.22233017127480789177	      0.03653428288649328975	    -28.63948704144650392323	     49.82069980903276018580	    -13.15461505931112995427	    -10.57787928506768615478	     -8.05681420666692460486	    -60.48415342731005495125	    187.35974556755496678306	    -10.81983055753069855598	     28.69013342260088705871	     35.44131414529437051897
      0.55400000000000015898	     19.34133758698233762630	     11.61430283557254306004	     -3.64684969663898561620	     -0.05700862795024699836	     -0.22228372975432161840	      0.03843630994944679385	    -28.48705630033797575607	     49.88670405880365876783	    -12.24212496746506140255	    -10.08651781378162581859	     -8.18579923204315385021	    -59.91310824908322985038	    182.46375333601898205416	    -11.77452683340929340261	     28.72923165942405887563	     35.26597699641075678301
      0.55500000000000015987	     19.08472057819199463324	     11.64653295919295139527	     -3.71207583923053130448	     -0.05627362565070870293	     -0.22220576251275231394	      0.04034805541409237223	    -28.31703606287767627236	     49.91886886862842942492	    -11.32283051511628535479	     -9.59043213728056365142	     -8.32298949686219202704	    -59.34462819248638254521	    177.53715452315842071584	    -12.72710953549979073784	     28.73641299224659917400	     35.10955218111999442954
      0.55600000000000016076	     18.82475927417031158484	     11.68319933661281595505	     -3.77610899585666093259	     -0.05552581174233411909	     -0.22209665459152200251	      0.04226899712821922256	    -28.12953426884414298570	     49.91744814795836049370	    -10.39721387725614754061	     -9.08991298757811705400	     -8.46853963715989621619	    -58.77899517615623636857	    172.58158102721145610303	    -13.67735891340293186147	     28.71129082341440152959	     34.97229269340247270748
      0.55700000000000016165	     18.56158598543364846023	     11.72433771199949070763	     -3.83887301780927847616	     -0.05476449354106513456	     -0.22195610647501087809	      0.04419863527947744813	    -27.92468612251179038708	     49.88272383093866579884	     -9.46576648147436117142	     -8.58526348712269005148	     -8.62256959611452700187	    -58.21648437290887301288	    167.59868847038691797025	    -14.62505928564666923819	     28.65349809526056645836	     34.85281665857663568886
      0.55800000000000016254	     18.29539425884451731008	     11.76995979900295097309	     -3.90026953048339253272	     -0.05398849542463769746	     -0.22178291544590941764	      0.04613618761563403892	    -27.70274906746124088386	     49.81501017640457718016	     -8.52908263749594652836	     -8.07683160688066337229	     -8.78472173471471684536	    -57.65734706077201110475	    162.59025168238443370683	    -15.56986207770500918457	     28.56247925786559704875	     34.72434546087534101844
      0.55900000000000016342	     18.02631992657892112675	     11.82008907081356774427	     -3.96022552918818071532	     -0.05319736943539132151	     -0.22157721411660746824	      0.04808110669268275683	    -27.46388850824694571884	     49.71464867909128315659	     -7.58766218254572866186	     -7.56492431656123720529	     -8.95510135911265159336	    -57.10184849022574127275	    157.55795031549769191770	    -16.51158534182982862148	     28.43794949618931511282	     34.58698124002153662104
      0.56000000000000016431	     17.75443993433845690788	     11.87476184855925431805	     -4.01869441065406007851	     -0.05239140813592680496	     -0.22134047985525184821	      0.05003308812308987497	    -27.20817493307488987853	     49.58200368879243313813	     -6.64190759403247810155	     -7.04980976568525274928	     -9.13428488557151041505	    -56.55027086269775082883	    152.50336707235948097150	    -17.45019390952600346623	     28.27989756055280778924	     34.46838123978190537855
      0.56100000000000016520	     17.47989416554448993679	     11.93398980801989495149	     -4.07560681550690961927	     -0.05157041499971414672	     -0.22107325794429605326	      0.05199154388863442416	    -26.93580440593310854069	     49.41746937969082154041	     -5.69232813536343229543	     -6.53181434629873525211	     -9.32241456468257467805	    -56.00286794698250503188	    147.42820551343351098694	    -18.38553903742249318043	     28.08811488312112203403	     34.36940746965900927989
      0.56200000000000016609	     17.20282824992714765244	     11.99777726760485485613	     -4.13089328507976194516	     -0.05073371517231379385	     -0.22077541436403735897	      0.05395589956370500095	    -26.64699885001168055965	     49.22146614271966313936	     -4.73943947105272211928	     -6.01127410967895681182	     -9.51959458662751600855	    -55.45988281553515975020	    142.33418840728947429852	    -19.31747771017411352545	     27.86241566499207777952	     34.28933921568818732339
      0.56300000000000016698	     16.92345013180742796521	     12.06610289793900747668	     -4.18446139441245001933	     -0.04988013926771436846	     -0.22044590797201574217	      0.05592528755502784721	    -26.34210456843408465488	     48.99444752510591882810	     -3.78386295396978189487	     -5.48854328567894445001	     -9.72533840475253974489	    -54.92153043720968241814	    137.22315461208495435130	    -20.24574870573026785792	     27.60242403219379525581	     34.20074500700523145724
      0.56400000000000016787	     16.64190899394907674491	     12.13895767581792384249	     -4.23624502372128652894	     -0.04900925673551874417	     -0.22008502090597689693	      0.05789909194647142876	    -26.02137414457217801100	     48.73688782126808405337	     -2.82612285143776675866	     -4.96395470827525020496	     -9.93970639347773499139	    -54.38803865570386619765	    132.09684369320837049600	    -21.17025200282628816240	     27.30803634458111162076	     34.10344355393905857454
      0.56500000000000016875	     16.35829439961812425963	     12.21634579598515379928	     -4.28620505678863050747	     -0.04812138571132201087	     -0.21969435448186536153	      0.05987695703156753479	    -25.68496441286514553326	     48.44927814043422387158	     -1.86664310012442302700	     -4.43782088170163468988	    -10.16330382641344876049	    -53.85965043178342881447	    126.95689492117215024791	    -22.09102864266392884929	     26.97942230959044707106	     34.02486868015513721275
      0.56600000000000016964	     16.07275733377440474214	     12.29824593419579947806	     -4.33427974752924249913	     -0.04721635589459547561	     -0.21927459056487591527	      0.06185824611976947079	    -25.33315555792253448431	     48.13214007084879142440	     -0.90595034837288934693	     -3.91049520236087522207	    -10.39624360271137071265	    -53.33657727314352570147	    121.80506041607760892020	    -23.00800966101413536080	     26.61656390861938703551	     33.96656651842847196576
      0.56700000000000017053	     15.78545426939138351941	     12.38462898007580648141	     -4.38040741775098663169	     -0.04629351646795429320	     -0.21882575402541465381	      0.06384232489403250665	    -24.96625104843792541942	     47.78601961901353689655	      0.05542275054842556170	     -3.38233657253342112625	    -10.63859440944325562839	    -52.81901838044356622959	    116.64310658210250437605	    -23.92113406950362985981	     26.21946781051055808121	     33.92844274118117908756
      0.56800000000000017142	     15.49660705660327408850	     12.47543791936546853094	     -4.42450157567070245790	     -0.04535169798043931638	     -0.21834693586884140748	      0.06582824768602600629	    -24.58468339807069114045	     47.41149671703571044645	      1.01683007116011991933	     -2.85369328771105923437	    -10.88971116844802189405	    -52.30713817854152125619	    111.47291754168516320078	    -24.83024610118288322269	     25.78793836253477067544	     33.88047391944694908261
      0.56900000000000017231	     15.20637537788954851692	     12.57062927855197465021	     -4.46650351781878018897	     -0.04439049118421462686	     -0.21783853870789443574	      0.06781535122356383005	    -24.18878586956878962155	     47.00916558403780953768	      1.97773297053303798165	     -2.32491675653395057921	    -11.14960765935367170698	    -51.80111310454343254150	    106.29626997885557670998	    -25.73533412671801912097	     25.32206314484725240277	     33.82221148809447441863
      0.57000000000000017319	     14.91485614101288526001	     12.67017390327195691668	     -4.50638276891391242884	     -0.04341025496296621600	     -0.21730226175962027990	      0.06980326305632957029	    -23.77879113986889336729	     46.57963127933899016853	      2.93770375525117177773	     -1.79636228928812657912	    -11.41894871131809452436	    -51.30113361109305003538	    101.11483265003732867626	    -26.63650964061457315779	     24.82221269064478263999	     33.78290226705259868822
      0.57100000000000017408	     14.62220853678807230835	     12.77401564196569161425	     -4.54408524546634762231	     -0.04241084804836900424	     -0.21673887408242920039	      0.07179132164385779169	    -23.35505607161215380074	     46.12352975599525706230	      3.89621012557263268761	     -1.26840083572365447395	    -11.69780412973267225141	    -50.80735331955030176232	     95.93038433313373047895	    -27.53379067337412777761	     24.28856717590320712929	     33.76464453469431958865
      0.57200000000000017497	     14.32859705618398571403	     12.88209017483399065895	     -4.57955707612690954278	     -0.04139164554456839507	     -0.21614852578267013117	      0.07377885481892088038	    -22.91795727762407963723	     45.64151949727760637643	      4.85271209396276059778	     -0.74140373658169977933	    -11.98619237364377809740	    -50.31991390194281876802	     90.74471285719828017591	    -28.42720581457251682878	     23.72133197977490226549	     33.76773454939399243813
      0.57300000000000017586	     14.03425561674869825879	     12.99430270645221519032	     -4.61271695461978836761	     -0.04035147085894039143	     -0.21553039305850149598	      0.07576485821995952719	    -22.46800588099319284652	     45.13429356722346597053	      5.80654530528017964741	     -0.21570289351934895938	    -12.28330425552191229599	    -49.83891405041413946719	     85.55972859731856772214	    -29.31671386867791184727	     23.12049095214993599257	     33.75813830106547186460
      0.57400000000000017675	     13.73935092820828884896	     13.11057408765865517353	     -4.64351341474502010698	     -0.03928993937498834188	     -0.21488495276569771764	      0.07774864796753938601	    -22.00560555720758770804	     44.60255234535713242394	      6.75716890754648513706	      0.30834072802290857229	    -12.58910408612932130268	    -49.36446454798937821806	     80.37722295583972709210	    -30.20239452656466028202	     22.48632874367031320162	     33.73519395236885287659
      0.57500000000000017764	     13.44398202182369495006	     13.23084161803413394409	     -4.67192514486604615342	     -0.03820746583222629084	     -0.21421396071495912850	      0.07972986861006041426	    -21.53105176996045244664	     44.04700037689306668653	      7.70416899881618721935	      0.83033632422637349002	    -12.90431824581431996535	    -48.89669090741434587244	     75.19886793930774615546	    -31.08442541036361106421	     21.81942959714026386564	     33.73158842191583062231
      0.57600000000000017852	     13.14831299693435440190	     13.35501394118002060907	     -4.69790532262239324268	     -0.03710394162708569032	     -0.21351821301987700119	      0.08170785856520576540	    -21.04476761780589200157	     43.46837281745368386510	      8.64701972918765271459	      1.34990578314656262116	    -13.22896250470822643308	    -48.43567472651874794565	     70.02644721105025382712	    -31.96291564531199114185	     21.12017389787589749517	     33.74971359331911457957
      0.57700000000000017941	     12.85251308544803094946	     13.48299169681004272547	     -4.72140753809879498704	     -0.03597877024484633091	     -0.21279793624132550822	      0.08368193124482062317	    -20.54719180731018468578	     42.86742457489715008023	      9.58518473509568202928	      1.86667633014390399460	    -13.56299497543727738957	    -47.98148740153802549457	     64.86174800261974837667	    -32.83798704714804728155	     20.38896614906443360837	     33.78992702809539139253
      0.57800000000000018030	     12.55682487633054833509	     13.61464298569260478189	     -4.74235511162634626459	     -0.03483076757068735707	     -0.21205234001536599209	      0.08565104887024441171	    -20.03890227016942660043	     42.24494465228497119824	     10.51799148033813402492	      2.38034272028979509983	    -13.90544933074255240513	    -47.53414884558743835896	     59.70668609499433898691	    -33.70971253338638007335	     19.62596697977680548775	     33.81354222155407285300
      0.57900000000000018119	     12.26141804256423917252	     13.74985474938281626578	     -4.76070372655931439709	     -0.03365958196029884136	     -0.21128192330714512526	      0.08761453231453579515	    -19.52036059835026904352	     41.60172114984104041469	     11.44490922425245393867	      2.89054446561037847729	    -14.25623819630295407990	    -47.09369307576811536364	     54.56304442693230072337	    -34.57826225677427345317	     18.83165802355291518211	     33.81976792850409907487
      0.58000000000000018208	     11.96638889526940552344	     13.88853364174765125938	     -4.77644172543342637738	     -0.03246570217569365313	     -0.21048845114255576583	      0.08957206840415282700	    -18.99191163707980223307	     40.93853838642576192797	     12.36555217919577565056	      3.39686543676517826995	    -14.61613735523125257032	    -46.66017235350830105745	     49.43247226864735210938	    -35.44387777684281815027	     18.00684056677756217368	     33.84565693498539218353
      0.58100000000000018296	     11.67190265549728422911	     14.03055617504688434849	     -4.78952940046403430330	     -0.03124906244640231201	     -0.20967268780421491337	      0.09152301670940667100	    -18.45403257788869311184	     40.25620985886492775307	     13.27941114446473136468	      3.89893135031781268296	    -14.98510176199612864423	    -46.23358715698575593933	     44.31673544058864422368	    -36.30675914599428466545	     17.15208752957046201004	     33.89353619975209852555
      0.58200000000000018385	     11.37812943152288802651	     14.17579168722774163314	     -4.79992768525246304989	     -0.03000910483580383065	     -0.20883488263030189347	      0.09346669818209445146	    -17.90721174445254249008	     39.55556488594054798114	     14.18596336358559462099	      4.39637919828355716589	    -15.36302410710221799661	    -45.81393016454606481602	     39.21759777268745494894	    -37.16712033657683633692	     16.26799338631547797718	     33.96344356083451287986
      0.58300000000000018474	     11.08531530886853389006	     14.32407593587358363152	     -4.80756478725815039610	     -0.02874465399579916383	     -0.20797423542221707415	      0.09540207094953202793	    -17.35207917759137785652	     38.83746508087764226502	     15.08453975734497554129	      4.88893972375444541001	    -15.74879729676937145655	    -45.40113491177486082506	     34.13695621407961766636	    -38.02514105457704829405	     15.35490226986717665625	     34.01238709550050032249
      0.58400000000000018563	     10.79362822394522858360	     14.47526727789166400839	     -4.81240391304302139730	     -0.02745541096344905271	     -0.20709121996273840982	      0.09732848393532304854	    -16.78914058772368633754	     38.10276139433743480822	     15.97462964300482468616	      5.37626326304421198188	    -16.14228192819331297869	    -44.99515342452759369962	     29.07656066364384273015	    -38.88107823569630738803	     14.41347586837688687922	     34.03954383667970517990
      0.58500000000000018652	     10.50315741509414735333	     14.62924759850663392058	     -4.81444366623899799862	     -0.02614196177125457932	     -0.20618756416951716792	      0.09924568355414264964	    -16.21877682000631182291	     37.35229112764842795968	     16.85588367731429215723	      5.85792045397132543627	    -16.54428397999846822586	    -44.59596224693908794734	     24.03801242334272458834	    -39.73523710960612476129	     13.44467975643167356736	     34.08629708221614862396
      0.58600000000000018741	     10.21406495190667662598	     14.78586792550207107411	     -4.81365149949633952531	     -0.02480430148183357039	     -0.20526395653625262305	      0.10115306863146233951	    -15.64150813595524169841	     36.58692209886097401750	     17.72781525458892204483	      6.33354994610544075329	    -16.95470179469330673783	    -44.20347920746632297551	     19.02303450413448615564	    -40.58790393005721597319	     12.44936605288842379480	     34.15455566953352217752
      0.58700000000000018829	      9.92651736289821329251	     14.94497349734473168326	     -4.80999580922794045534	     -0.02344193293857863361	     -0.20432062389766236787	      0.10304998856267699736	    -15.05786103622035554395	     35.80753251025787875506	     18.58992153852589979124	      6.80280755573588002960	    -17.37336836484653090906	    -43.81761697402610877816	     14.03334238143442114222	    -41.43937926772653668195	     11.42838993248589574137	     34.24371772600453311952
      0.58800000000000018918	      9.64075665133447756716	     15.10637466388734040379	     -4.80341272682575048947	     -0.02205374179754334210	     -0.20335672394107490168	      0.10493543520447118356	    -14.46848890704030132781	     35.01500896277818952740	     19.44155188183307103600	      7.26547309927601769886	    -17.79904054593326279132	    -43.43821804425065380428	      9.07079010727804124770	    -42.28994361473884566749	     10.38165747187574794452	     34.30773341918988705856
      0.58900000000000019007	      9.35694422733421760086	     15.26991037435222331453	     -4.79387250974586454078	     -0.02063949772126193877	     -0.20237268861114590668	      0.10680880537867050439	    -13.87393647708259614149	     34.21024834798787139789	     20.28222030012199184057	      7.72121661469342246420	    -18.23153001327469979742	    -43.06515579393889936455	      4.13706569883584496239	    -43.13993239464149809237	      9.31044985710624750652	     34.34583744291995088815
      0.59000000000000019096	      9.07516110320141144996	     15.43545041147380558755	     -4.78137863294193810049	     -0.01919986422274455248	     -0.20137020572182331990	      0.10866989948897486096	    -13.27465100856728419387	     33.39417458261031868005	     21.11159999764262451549	      8.16960055537705009954	    -18.67167519506893924586	    -42.69835109056651134551	     -0.76631688693652200151	    -43.98970241260604296940	      8.21806041425579891779	     34.40277096577163717939
      0.59100000000000019185	      8.79555597769669894603	     15.60281653067154294945	     -4.76592131655190076600	     -0.01773505918809640397	     -0.20034976064803800000	      0.11051820392413644334	    -12.67108324372471095387	     32.56752878437847442683	     21.92925798921840296885	      8.61029667948167087843	    -19.11930427646983332579	    -42.33761317188888995133	     -5.63767193052178061663	    -44.83964729087460199253	      7.10041102306084770390	     34.47976779107194289509
      0.59200000000000019273	      8.51828150030863184838	     15.77182811593956834884	     -4.74748860124380467340	     -0.01624473003027123580	     -0.19931151197811011744	      0.11235315736374452966	    -12.06370208669032884075	     31.73107784511460494059	     22.73475706028238363388	      9.04299350802305035302	    -19.57417837559346196485	    -41.98273559181106406868	    -10.47532706621790055124	    -45.69016563029162369958	      5.95416868041517322041	     34.57541218885050682275
      0.59300000000000019362	      8.24360198081293660266	     15.94235090348664130033	     -4.72593945888131461430	     -0.01472716177278980167	     -0.19825514363731736034	      0.11417361661276738405	    -11.45377357313270039185	     30.88662807165166768186	     23.52727874281779563148	      9.46747601577708586262	    -20.03501328387277169440	    -41.63368650313667984619	    -15.27770319830461254185	    -46.54146396471185909149	      4.81051955053141888641	     34.64251303391226599615
      0.59400000000000019451	      7.97164507745012773654	     16.11415634376228567248	     -4.70132336030226927193	     -0.01318302522626454455	     -0.19718036167564015337	      0.11597915068187117371	    -10.84140778171063956847	     30.03440833388943076443	     24.30644168646568914482	      9.88349447719309637250	    -20.50153542864543254609	    -41.29017776096802805341	    -20.04307216549699077746	    -47.39409627996665363980	      3.64780405535660046112	     34.68027874141055377777
      0.59500000000000019540	      7.70235677201052038043	     16.28685273294701474356	     -4.67395498228219974379	     -0.01161530253785532894	     -0.19608716697215655689	      0.11777041133789525884	    -10.22494773794069899964	     29.17208207605623471181	     25.07273441145104797556	     10.29076271260334962676	    -20.97437093192134582864	    -40.95123724681420895877	    -24.76930729779497042387	    -48.24904642908336427354	      2.35867373327585561071	     34.73458031211567487162
      0.59600000000000019629	      7.43614560461373663713	     16.46085610666008491876	     -4.64308874242489189044	     -0.01001754100650587356	     -0.19498142582458496963	      0.11954540011601506866	     -9.60996389398020767203	     28.30811172058462688028	     25.82432609546845014847	     10.68853409184895042472	    -21.45379353160808477696	    -40.61815543584179977188	    -29.45638894384325823239	    -49.10530121854545626547	      1.20225798944501027776	     34.80737808023912549515
      0.59700000000000019718	      7.17343902773905384151	     16.63651041838674160545	     -4.60810757699535233911	     -0.00838671681837628059	     -0.19386473097890749573	      0.12130156259785081219	     -9.00152293329279196143	     27.45043468880591319703	     26.55855845075758026042	     11.07634543951861161304	    -21.94003068652906307534	    -40.29298443603443047323	    -34.10438765767096924719	    -49.96222837698277174923	      0.41726728851050559621	     34.89778796427849272277
      0.59800000000000019806	      6.91362125466217847247	     16.81167914902368565322	     -4.57136882370744057624	     -0.00674609262295721747	     -0.19271624926935806976	      0.12304251494482283669	     -8.38385348375557448719	     26.57520283980506192734	     27.27867553035228453950	     11.45568458775442444164	    -22.43011663973631542035	    -39.97122872529596548929	    -38.70702450122452376036	    -50.82513342359400354553	     -0.82161598992649642614	     34.95447641889700918227
      0.59900000000000019895	      6.65682123109360901481	     16.98616699873187485537	     -4.53288239207943988163	     -0.00509635346617307895	     -0.19153557890104400130	      0.12476784952082284330	     -7.75749112833223009034	     25.68326598140527039504	     27.98424951377552361009	     11.82628360684978474637	    -22.92376477432692283287	    -39.65265859316264140944	    -43.26296577261706488571	    -51.69453618985824761012	     -2.51387561250655799938	     34.97702993109911062675
      0.60000000000000019984	      6.40390207687528345559	     17.16170842873805213458	     -4.49032703125461374327	     -0.00341548192367688297	     -0.19034279887757038496	      0.12647313506797239202	     -7.13940075579962840635	     24.80033685713745938983	     28.67114703049441715166	     12.18612338775438352911	    -23.42335473786442534561	    -39.34122784911996717483	    -47.77539951102227178126	    -52.56616962680494964388	     -3.84704152443526359306	     35.01627095926275501370
      0.60100000000000020073	      6.15471597301791195633	     17.33762714802512761025	     -4.44426491077854901590	     -0.00170649227941534936	     -0.18913659720673992037	      0.12815992473564000176	     -6.52570754882507930716	     23.92023057264486851636	     29.34111123302695744997	     12.53511422933665286905	    -23.92807988335674096447	    -39.03444850224332185462	    -52.24127757386815318341	    -53.44152832844090994513	     -5.04601932566135680247	     35.07150196090922378289
      0.60200000000000020162	      5.90913310599502761278	     17.51316656036295427157	     -4.39539228952292138075	      0.00002436012024488953	     -0.18791159679948032935	      0.12982923363720075272	     -5.91188316858690043887	     23.03604724388707225557	     29.99518240132962176858	     12.87346146819427339381	    -24.43707117932924788306	    -38.73052126799650807243	    -56.65778930008338676316	    -54.32248596699945863975	     -6.35585789339610940374	     35.13912161382253174224
      0.60300000000000020250	      5.66745404260917862160	     17.68832723561287778580	     -4.34341337623837109305	      0.00177960158473062895	     -0.18666774503489796944	      0.13147956851546666046	     -5.30064343157248707428	     22.15180869391625151366	     30.63213240500696343815	     13.20092753224440151882	    -24.94921870256560580970	    -38.42975154148972904977	    -61.02396543169709275389	    -55.20908633693320410885	     -7.67693474418640420254	     35.17313167862516110063
      0.60400000000000020339	      5.42981274056976204179	     17.86297153047392427538	     -4.28826644449215876875	      0.00355975310137499144	     -0.18540539547497869588	      0.13311041829200326303	     -4.69299999380261034787	     21.26903281147012592101	     31.25155798769585757668	     13.51723551039582460476	    -25.46425636480104159887	    -38.13184128717819731946	    -65.33855069519182734439	    -56.10171484365929472915	     -8.98614050033335765022	     35.17297887090033015056
      0.60500000000000020428	      5.19621697120607617393	     18.03688352076945733415	     -4.23006142924607164701	      0.00536323456699514846	     -0.18412507536384251083	      0.13472191525429172421	     -4.08879819224983975801	     20.38762685345137981585	     31.85349526576251832921	     13.82207724031907680740	    -25.98282606528883675878	    -37.83629486352238302516	    -69.60024487887788779972	    -57.00097393224515940346	    -10.30750981953729628060	     35.18411110877244851736
      0.60600000000000020517	      4.96677636264327038162	     18.20988193521259290719	     -4.16879698488485406216	      0.00718966891307983112	     -0.18282668964903905917	      0.13631364731179579364	     -3.48866145021629181500	     19.50853014052484724061	     32.43763076063228822932	     14.11525668867427185660	    -26.50455208429779219159	    -37.54273312047343580389	    -73.80783804169790585092	    -57.90737035421491896159	    -11.63609974684403880474	     35.20709456684669902415
      0.60700000000000020606	      4.74160142387435534772	     18.38178474097232495410	     -4.10447054361412799750	      0.00903913568407424713	     -0.18150965479069461339	      0.13788513920858264106	     -2.89322823858372801809	     18.63270077140316161035	     33.00365952456689910832	     14.39659637404051828469	    -27.02900181936736601074	    -37.25075381184096556808	    -77.96013776784336357650	    -58.82141219358078387813	    -12.96632943927142100904	     35.23982403613855751701
      0.60800000000000020695	      4.52085427671384643133	     18.55235359566268016351	     -4.03708167900547465479	      0.01091198504481766425	     -0.18017203112486240846	      0.13943566093374815118	     -2.30305076020488286304	     17.76082405156266474933	     33.55120551633124392765	     14.66601621947140898783	    -27.55498231632584804629	    -36.95976620946528612421	    -82.05555002414457987925	    -59.74374476368801367698	    -14.30127650529753147168	     35.23531405834006591249
      0.60900000000000020783	      4.30462750378552971853	     18.72139452025397687862	     -3.96664905447623894474	      0.01280792904014230529	     -0.17881323283865235840	      0.14096481475418978779	     -1.71863179379103381272	     16.89365830832232617809	     34.08004245951352118027	     14.92334806778729294763	    -28.08214790032137031517	    -36.66928962835021366118	    -86.09286511372653194485	    -60.67492212942693896593	    -15.63989656091805890981	     35.19266964979431122629
      0.61000000000000020872	      4.09294296609663366127	     18.88875626499936188907	     -3.89321331398403369661	      0.01472604100180267481	     -0.17743407613297354497	      0.14247255068340630713	     -1.14040837865595978684	     16.03201293637781787993	     34.59009420152894875855	     15.16833166127000254164	    -28.61100376564013814118	    -36.37895927821572428229	    -90.07122219139989738323	    -61.61538481951701129447	    -16.97788937920300256224	     35.15716397425220662853
      0.61100000000000020961	      3.88588391001765431909	     19.05424827367392737187	     -3.81679612876388363318	      0.01666586466022714624	     -0.17603421328473151108	      0.14395852043579190904	     -0.56888095618938261389	     15.17663401854619209530	     35.08117600552711934370	     15.40083975420457562677	    -29.14111642400418134002	    -36.08827695017472336758	    -93.98959484350584148160	    -62.56568796629591844294	    -18.31407696182650823857	     35.12995194417374733575
      0.61200000000000021050	      3.68353284002270475739	     19.21767778948989047194	     -3.73742012619619723424	      0.01862730659984244974	     -0.17461257369371691039	      0.14542229092668021440	     -0.00454267348303353732	     14.32825272111932868313	     35.55312231061439831592	     15.62076392304092742336	    -29.67200384138657653921	    -35.79671230876380860764	    -97.84696086526659541960	    -63.52639006879906702352	    -19.64747016780432531391	     35.10945400315608821984
      0.61300000000000021139	      3.48602839427083965873	     19.37880660294065648941	     -3.65509506069803435935	      0.02061067418656804470	     -0.17316668622367695218	      0.14686313350220539520	      0.55206967876171098020	     13.48755221064991971502	     36.00564841074853461578	     15.82803924984946419841	    -30.20261430833758709014	    -35.50355215937256048164	   -101.64166119311637714873	    -64.49816459356314624074	    -20.97884079019569014690	     35.04610262433412515293
      0.61400000000000021227	      3.29344006935151778492	     19.53744261956819983084	     -3.56985057310299636057	      0.02261566521050907899	     -0.17169561665900001657	      0.14828068021650556152	      1.10048546627460797076	     12.65524131433539523073	     36.43862789866401641348	     16.02255860814151944282	    -30.73256115451122028048	    -35.20822553382394204391	   -105.37265406799511424651	    -65.48157322429177895629	    -22.30664979399873715238	     34.93870978040352781591
      0.61500000000000021316	      3.10576811320025214513	     19.69343851014870594440	     -3.48173841267190509186	      0.02464135756131812655	     -0.17020002419035071273	      0.14967493780902418887	      1.64030356937115251448	     11.83205574210665211865	     36.85207748513106906785	     16.20417099743379552024	    -31.26212394972619890154	    -34.91031881344957099600	   -109.03945773943351582602	    -66.47704359225508596865	    -23.62765698991939089524	     34.83404883710508670447
      0.61600000000000021405	      2.92307091123943951771	     19.84660848879044436899	     -3.39079183607979395276	      0.02668727791503070282	     -0.16867933973234708334	      0.15104562852559988428	      2.17108978711266997763	     11.01863470705201564215	     37.24590179606730799833	     16.37280876314234134838	    -31.79085892882402930582	    -34.60926624998911904640	   -112.64126442826940888153	    -67.48515135952702337363	    -24.94042865971752931387	     34.73398433900992188228
      0.61700000000000021494	      2.74540436758433337161	     19.99676595224349284763	     -3.29704252980414880270	      0.02875330778732406931	     -0.16713204590786373549	      0.15239237075489300843	      2.69241292411935395634	     10.21560148437270143518	     37.62005034929040903080	     16.52841520442770928412	    -32.31828137174106529983	    -34.30444422978158058868	   -116.17724701658588060127	    -68.50646438629240719820	    -26.24371427308983228954	     34.63747554659575911273
      0.61800000000000021583	      2.57287899037973177840	     20.14366999756919085485	     -3.20051533475265559403	      0.03083967794920262212	     -0.16555497736348318005	      0.15371448940621762480	      3.20374373160715286701	      9.42364928093098797035	     37.97434028373925229971	     16.67096296053615844812	    -32.84338763845874353819	    -33.99499853124686410411	   -119.64559188806306622155	    -69.54164650142595860416	    -27.53841086034522689374	     34.49028160171325652072
      0.61900000000000021672	      2.40553717813317424756	     20.28713508920517227807	     -3.10125028128628654756	      0.03294604763686818927	     -0.16394684204508150338	      0.15501171026434856781	      3.70465496086761092442	      8.64340942296488989882	     38.30873972101120017442	     16.80040884808738965717	    -33.36574739316677096213	    -33.68028412870364718401	   -123.04543556693498373988	    -70.59125018713793053848	    -28.82291730368350357594	     34.29100445565617860666
      0.62000000000000021760	      2.24335350679696965415	     20.42702872895382171237	     -2.99930559335772350948	      0.03507148619125523281	     -0.16230829245756961399	      0.15628417487533186048	      4.19481732182845323820	      7.87546713771087159017	     38.62334341771904178131	     16.91669875765770569842	    -33.88548460952522134448	    -33.35988178817266458509	   -126.37677780048485942643	    -71.65569483790180527194	    -30.09416958554530907577	     34.09020122861954860127
      0.62100000000000021849	      2.08635847372845262271	     20.56317578585353089693	     -2.89472429811758047435	      0.03721546752550380921	     -0.16063860264357113228	      0.15753175207070022057	      4.67388058422985430695	      7.12031841015023303498	     38.91812216521034173411	     17.01981804243165896651	    -34.40217326033104683347	    -33.03318657547816172837	   -129.63901865405253488461	    -72.73556853497144913945	    -31.35053472065526136703	     33.88999896945386325342
      0.62200000000000021938	      1.93457795924462372383	     20.69540151282626894158	     -2.78754501547453514831	      0.03937780283825291494	     -0.15893581499988540529	      0.15875419149793021378	      5.14148663430535091123	      6.37844662541252738208	     39.19312124754578974262	     17.10975353829815404083	    -34.91534798916222115395	    -32.69950529142953143946	   -132.83150937513175904314	    -73.83143692943978919629	    -32.59059192993654363590	     33.68936760671650887389
      0.62300000000000022027	      1.78809044966712615832	     20.82346486938594765093	     -2.67780898446389148404	      0.04155855628527255902	     -0.15719605702454117480	      0.15995095948684828757	      5.59703514280129255098	      5.65065966311215284179	     39.44824079319136700406	     17.18654846009879122448	    -35.42392143438424767510	    -32.35786470434617712044	   -135.95226317514649849727	    -74.94389687570060232247	    -33.81584159745035833566	     33.42900373169712935351
      0.62400000000000022116	      1.64690783308110511030	     20.94719274602443093158	     -2.56556587584948925240	      0.04375726227127469531	     -0.15541778645313991669	      0.16112196812160223258	      6.04014383709277602463	      4.93749208199991684864	     39.68351569548281077005	     17.25022270549969505282	    -35.92742782891949104851	    -32.00758504476801391547	   -139.00061302050892209081	    -76.07347709952206571415	    -35.02463024870909436004	     33.10756321061023754737
      0.62500000000000022204	      1.51097617393460992297	     21.06647681752912149022	     -2.45087770454055675629	      0.04597290467929080610	     -0.15360187494125174257	      0.16226758284341394334	      6.47063367846812464990	      4.23924110095094253126	     39.89908371013563481711	     17.30078588423581464895	    -36.42597803032212766539	    -31.64829684449588853568	   -141.97709764669133392090	    -77.22061657060299921795	    -36.21368599053411685418	     32.78054384058946624236
      0.62600000000000022293	      1.38029651485429272206	     21.18115773875561913542	     -2.33379700950116886204	      0.04820480857341274267	     -0.15174760747242724279	      0.16338790083644211260	      6.88824412435514066289	      3.55624631230971255391	     40.09493766873283249197	     17.33827813305562060009	    -36.91916455120834683612	    -31.27940232123516040019	   -144.88130276418704056596	    -78.38590670488416378703	    -37.38113220759751698097	     32.44957072874383641192
      0.62700000000000022382	      1.25486263193853875286	     21.29107711346377840300	     -2.21436961525380304749	      0.05045259099504836864	     -0.14985273042599692173	      0.16448289728354995032	      7.29268716473444200687	      2.88884276849872279058	     40.27117573692713392575	     17.36273020453831961163	    -37.40653513646319083819	    -30.90018455430929833483	   -147.71273684225613465060	    -79.56989930551793577251	    -38.52535295237481705044	     32.11288819829143648121
      0.62800000000000022471	      1.13471641143944657060	     21.39599596498275957401	     -2.09265941440046265853	      0.05271594682590879238	     -0.14791286045155779827	      0.16555228836710755846	      7.68322257646445105905	      2.23802881906210826557	     40.42775842667015240295	     17.37428226438535361353	    -37.88683641644796296077	    -30.50960292052077349467	   -150.46932576464664066407	    -80.77307436016381814170	    -39.64912872218522466028	     31.70817062445109613122
      0.62900000000000022560	      1.01983756753817322860	     21.49575826954959723025	     -1.96872791123629276022	      0.05499413887519751659	     -0.14592646111363155592	      0.16659625444039205533	      8.05952118401713590856	      1.60422027044270842921	     40.56474486133393497767	     17.37301737016614922027	    -38.35958552469667637297	    -30.10700083827554607296	   -153.15062585167612496662	    -81.99592837450408921995	    -40.75079523678498816253	     31.23444924350411966429
      0.63000000000000022649	      0.91014477593726750282	     21.59028739814796082896	     -1.84263892815157825922	      0.05728598562993431065	     -0.14389492781465576532	      0.16761543312515861381	      8.42164016067811083133	      0.98730438345562843150	     40.68225798228935019551	     17.35898046221547019741	    -38.82500717576989046620	    -29.69211981783926646017	   -155.75769050014554295558	    -83.23895426637967887018	    -41.82632251010575430428	     30.75111547601666117657
      0.63100000000000022737	      0.80561039410761559054	     21.67944366227854402496	     -1.71445690054894628318	      0.05959054378532249729	     -0.14181784526791149648	      0.16861019357901821381	      8.76940844265594598994	      0.38747492217558593408	     40.78026089877106130643	     17.33227793674531014290	    -39.28269829966566106805	    -29.26442518092823519282	   -158.29026740233473447006	    -84.50273515140702329518	    -42.87357017865191011197	     30.25859884407383759708
      0.63200000000000022826	      0.70619631369306168356	     21.76308821861651665586	     -1.58423837966180536263	      0.06190707080233779497	     -0.13969298101054816730	      0.16958079833582218043	      9.10260097352333552578	     -0.19506897344052229193	     40.85884862536926220855	     17.29299492864118548141	    -39.73220177859568735812	    -28.82323852272399733465	   -160.74800751971483236957	    -85.78779693894611568794	    -43.89072978862602525396	     29.75388381679630001031
      0.63300000000000022915	      0.61190409948647495053	     21.84098720948891525495	     -1.45207966779305297500	      0.06423464214812345252	     -0.13751588229565145372	      0.17052729116421241895	      9.42031887965198144741	     -0.75913112277707972542	     40.91802383262151465715	     17.24138192496157273581	    -40.17210703417123340841	    -28.36752857516851022979	   -163.12894377201277507083	    -87.09446850875160350824	    -44.88267358830376707601	     29.17562072017125274215
      0.63400000000000023004	      0.52268255388375717274	     21.91300581360122734509	     -1.31805805966925126960	      0.06657211358658529643	     -0.13528541360926629733	      0.17145014298360683469	      9.72230723957764908505	     -1.30443243320757007453	     40.95782403870948229496	     17.17759156146295751455	    -40.60193737851776063508	    -27.89672643247653027743	   -165.43288347193623621934	    -88.42320797997570025473	    -45.84779726885911088630	     28.52342387494769937462
      0.63500000000000023093	      0.43842879432167364273	     21.97910471685577604717	     -1.18223702334762292843	      0.06891812824931368986	     -0.13300381990969381563	      0.17235022903871918820	     10.00892584502626725396	     -1.83154946269773466483	     40.97829036823067383466	     17.10169871097378191394	    -41.02208538215691646656	    -27.41073279367099146953	   -167.66126637474175709031	    -89.77458668725527957122	    -46.78062157725517522522	     27.85730785650674334875
      0.63600000000000023181	      0.35908958347721497972	     22.03916758548892573799	     -1.04469652283809533166	      0.07127140558268570125	     -0.13067135385857675534	      0.17322815993751000674	     10.28009311803694991738	     -2.34039966205194893689	     40.97931659817626837139	     17.01389726308027761092	    -41.43213527598479828384	    -26.90912645882174203393	   -169.81398598508414465869	    -91.14915996225893479732	    -47.67871650818430850904	     27.17638313792648929734
      0.63700000000000023270	      0.28459775862696429227	     22.09307825188911067471	     -0.90550898675524149617	      0.07363071968936829581	     -0.12828626352118502330	      0.17408447104134883165	     10.53564498460039899896	     -2.83088754932528674502	     40.96094472819643783623	     16.91434778705698249723	    -41.83160926574683458057	    -26.39133104227887827165	   -171.89083546067513452726	    -92.54741094847005911106	    -48.54008495387951427347	     26.47647891092854166573
      0.63800000000000023359	      0.21491409382267259720	     22.14061248304220796967	     -0.76481243227739603707	      0.07599434517974662517	     -0.12584464107465809235	      0.17491952761425239027	     10.77458504679197659470	     -3.30170582186299643723	     40.92321579403655817941	     16.80340961275720346180	    -42.21903971697671664742	    -25.85640593711054435744	   -173.89021459914590650442	    -93.96950438666503657714	    -49.37267887976335600797	     25.70128769470175811307
      0.63900000000000023448	      0.14996094905341095238	     22.18166091372469850285	     -0.62270296868305186067	      0.07836069582496896224	     -0.12334619594797151254	      0.17573402305818577873	     10.99676651545074435035	     -3.75271870612444713444	     40.86611455396460002021	     16.68131890200604416918	    -42.59397753261638541744	    -25.30392040316513302400	   -175.81219711939931471534	    -95.41585086304385754374	    -50.17504962156675674123	     24.85096166601491418646
      0.64000000000000023537	      0.08962275948174763807	     22.21622582357836250821	     -0.47923989114663234634	      0.08072835633809578859	     -0.12079426494300876671	      0.17652894674143693177	     11.20286652215544620503	     -4.18490898072628780824	     40.78954735999045766448	     16.54820450553348010203	    -42.95694141428087675649	    -24.73395018120634247794	   -177.65838998331631159999	    -96.88709827622741954656	    -50.93938038631304721093	     23.98206714795504979065
      0.64100000000000023626	      0.03382534192905406467	     22.24421838723857547393	     -0.33452041883205219097	      0.08309576046693530060	     -0.11819010112819511304	      0.17730504063618313104	     11.39289809509829609624	     -4.59825749000424011115	     40.69333139525990361562	     16.40436961955410666292	    -43.30750213103225831901	    -24.14621367732742740486	   -179.42882773691729880738	    -98.38374458311814407807	    -51.66295186303005948503	     23.09308755667054668947
      0.64200000000000023714	     -0.01752246429513584780	     22.26554883043487365057	     -0.18863587688856403579	      0.08546120331718903840	     -0.11553291435615195559	      0.17806300855310999709	     11.56676805294915233446	     -4.99273064525403320602	     40.57743300477927306247	     16.25007323828721439440	    -43.64516564432604184276	    -23.54028049330234750869	   -181.12345934881946618589	    -99.90620637259195291335	    -52.34361853702932876331	     22.17956258095713550915
      0.64300000000000023803	     -0.06449601030611844255	     22.28000822585006091003	     -0.04176856701519106319	      0.08782216448739703363	     -0.11281995004333766897	      0.17880342827328690736	     11.72351661114669241215	     -5.36707222503729752816	     40.44194639246070011041	     16.08577592473561779229	    -43.96853317160324081669	    -22.91535754047619377616	   -182.74129386157477483721	   -101.45449278123481917646	    -52.99343745452658538397	     21.19194246802112147066
      0.64400000000000023892	     -0.10719267933836620910	     22.28751705019407225450	      0.10596823443246210228	      0.09017674230255712242	     -0.11005210158489328598	      0.17952707011506216506	     11.86314115841913618965	     -5.72127876576633642713	     40.28680289873732078831	     15.91181367728142248552	    -44.27719505904233443516	    -22.27116873800125063099	   -184.28266100672510674485	   -103.02894923121250769782	    -53.61119062416756975153	     20.13062434480539053538
      0.64500000000000023981	     -0.14573241806669892662	     22.28812231305069957443	      0.25452580700870180985	      0.09252370572517162883	     -0.10723383822294255130	      0.18023486845727310079	     11.98658091869064712398	     -6.05656898235039342637	     40.11175965625725581276	     15.72840735562576952589	    -44.57169644901375704649	    -21.60793936629223921386	   -185.74907737541661845171	   -104.63025972140728470094	    -54.18566549342423854796	     19.04617645910233392215
      0.64600000000000024070	     -0.18020559464342014722	     22.28176660679990561675	      0.40379233805605951879	      0.09486139227520509754	     -0.10436755905464584204	      0.18092754521633211406	     12.09395542143839286098	     -6.37295141676637122430	     39.91659488544819112121	     15.53597727143628048907	    -44.85162233176237123189	    -20.92551619445606547742	   -187.14072565415344229223	   -106.25882805886109849780	    -54.71399057644799057698	     17.93776940035403555385
      0.64700000000000024158	     -0.21072145306019726685	     22.26839022640072940362	      0.55365925328107945536	      0.09718778425480387173	     -0.10145376542682411902	      0.18160581142907747387	     12.18526503537082916750	     -6.67042645978210035906	     39.70122073184594313489	     15.33489199149272508294	    -45.11649535685502598881	    -20.22362143543267976042	   -188.45773375452270670394	   -107.91497462707400245563	    -55.19405257571912670755	     16.80197176406916881319
      0.64800000000000024247	     -0.23738226449264099305	     22.24780565484474337268	      0.70390795121351046326	      0.09949980883252017294	     -0.09849124362841042701	      0.18227028004265241612	     12.25974229375014878940	     -6.94795868273663508319	     39.46581638118155410666	     15.12571437532856855057	    -45.36504158833202637879	    -19.50161858794294644781	   -189.69985646908929766141	   -109.59856803187804530353	    -55.64263436229080639350	     15.59387540320275356009
      0.64900000000000024336	     -0.26029864789063217323	     22.21996694746477274407	      0.85441510177674584448	      0.10179551984448143021	     -0.09548215178207010434	      0.18292163317549822721	     12.31754993508488560394	     -7.20565133756142195409	     39.21029817688388874330	     14.90888836392954353016	    -45.59689246057180866956	    -18.75935983145492613744	   -190.86764161521111304864	   -111.30985804022996887852	    -56.05876391395417357444	     14.31373341758217065944
      0.65000000000000024425	     -0.27959118314211850453	     22.18496711642556817878	      1.00514927315203950187	      0.10407415610551368212	     -0.09243185208728392499	      0.18356061117150435091	     12.35977751385815537333	     -7.44474237665839577716	     38.93431481258980397797	     14.68474412529785766424	    -45.81255382043136847869	    -17.99716021386868192167	   -191.96230239460251709716	   -113.04949179141934223480	    -56.42697803714654014584	     13.00695155008439485300
      0.65100000000000024514	     -0.29536337733049522480	     22.14278277430856789465	      1.15599120295218416032	      0.10633423172840733573	     -0.08934373643330273396	      0.18418779050981728962	     12.38665999787306581936	     -7.66525837540907417633	     38.63768294976880213198	     14.45380542258675937717	    -46.01166485345767398485	    -17.21494791521359957187	   -192.98418340461569187028	   -114.81773970375459725801	    -56.74454679943321622204	     11.67475363953665556949
      0.65200000000000024603	     -0.30773774362870942589	     22.09338699235760472561	      1.30682191233047073631	      0.10857370184110212707	     -0.08621962869290110409	      0.18480373918336850947	     12.39831433156015449981	     -7.86723062825147589905	     38.32032530559276040094	     14.21654246367328511269	    -46.19380675312390849285	    -16.41256326012541322257	   -193.93361359271895594247	   -116.61479276364771351382	    -57.00968517254847256481	     10.31589292304612115458
      0.65300000000000024691	     -0.31683255954530803455	     22.03661951783776373759	      1.45740473779082790884	      0.11078936196030805816	     -0.08305986965449507764	      0.18540893423795187789	     12.39427989328219759102	     -8.04995744538456570183	     37.98254467588105853793	     13.97362969189747694543	    -46.35778677136640624212	    -15.58948361825723161189	   -194.81107302538080716658	   -118.44038294726368576448	    -57.24360985102810417402	      8.88450048163250905020
      0.65400000000000024780	     -0.32276790303819485883	     21.97246980650028547188	      1.60761672586406523244	      0.11297953846898124708	     -0.07986762890043584695	      0.18600386040625113693	     12.37487501002772916081	     -8.21361502175494884170	     37.62431134416871003623	     13.72560782866140982605	    -46.50327677303003781617	    -14.74562913835254107653	   -195.61726971442482181374	   -120.29462420817083057045	    -57.44573573464496263341	      7.38042648158015435200
      0.65500000000000024869	     -0.32566779099086606841	     21.90107495417383987046	      1.75744699684587168953	      0.11514413811665009935	     -0.07664865564089934358	      0.18658902314594402738	     12.34120467425533362871	     -8.35927959707442269632	     37.24525590005217878797	     13.47288847416011137170	    -46.63077027986889788735	    -13.88133280219202703165	   -196.35301520303983124904	   -122.17804489398200473715	    -57.59643114896697824179	      5.84848604074415412413
      0.65600000000000024958	     -0.32564804448702466821	     21.82244810084988273502	      1.90678063885231319219	      0.11728211692984752412	     -0.07340689143834319697	      0.18716481219989625218	     12.29362730654688995457	     -8.48704114916910690170	     36.84531931892394140959	     13.21606858477665547014	    -46.73997978641817496737	    -12.99654450809723194027	   -197.01883616091689077621	   -124.09074502821751195825	    -57.69248824615993243015	      4.29266387026580265029
      0.65700000000000025047	     -0.32284227818338356863	     21.73659588634735229107	      2.05549772130094376976	      0.11939169774799551771	     -0.07014517515967874650	      0.18773158027840861073	     12.23238172299205039906	     -8.59697636055546965395	     36.42451954246610057453	     12.95569688294171051268	    -46.83056072805548808446	    -12.09116028492470107381	   -197.61526811779796730661	   -126.03275757746320095976	    -57.73296950529545057407	      2.71423440608518307116
      0.65800000000000025135	     -0.31737698342164943899	     21.64338550345263101349	      2.20336031997239478741	      0.12146994071132966031	     -0.06686500496117968317	      0.18828958229047990103	     12.15731129690123601961	     -8.68867218596700752187	     35.98332592379532712812	     12.69255544833501225810	    -46.90132417115991358969	    -11.16468230555262763914	   -198.14332163311308931952	   -128.00367063115299970377	    -57.74485491392872660299	      1.05959968717322294829
      0.65900000000000025224	     -0.30937992382319001727	     21.54284894248159076824	      2.35026429027430694418	      0.12351573581740046825	     -0.06357007740662523609	      0.18883909221078884477	     12.06889651148680187021	     -8.76245402560675934467	     35.52181650959768433040	     12.42724717499407738330	    -46.95199402363312657371	    -10.21705084131903618072	   -198.60384311824299174987	   -130.00340638880473420613	    -57.72427442245787432284	     -0.67171956934180432341
      0.66000000000000025313	     -0.29898663533247571422	     21.43516223027901190790	      2.49621637724599576558	      0.12552966536255558139	     -0.06026588561780539532	      0.18938045899480510093	     11.96814184154695404061	     -8.81915063090582584948	     35.03970945275435866506	     12.16020617358496558325	    -46.98312812966113227731	     -9.24856344831938770312	   -198.99728553632454008948	   -132.03231594371047208369	    -57.64877511818217925565	     -2.42892441512524692726
      0.66100000000000025402	     -0.28632833984748751188	     21.32036747179522251372	      2.64110666671531246763	      0.12751118629351446132	     -0.05695626134754458447	      0.18991395516368139718	     11.85546564843559202984	     -8.85886402906059799989	     34.53715148712362292827	     11.89206490735857713048	    -46.99449438200585404957	     -8.25912022055099726003	   -199.32431861598479372333	   -134.09032802743959678082	    -57.51850722868507403973	     -4.20563515793112774332
      0.66200000000000025491	     -0.27154854934665195731	     21.19850914223162163808	      2.78482947133924341188	      0.12945900699144474721	     -0.05364454077996948234	      0.19043974371256650047	     11.73124473505564147047	     -8.88181523190971944359	     34.01431098958446597180	     11.62341604314371146245	    -46.98581446263460037471	     -7.24862413650674053400	   -199.58569222227257000668	   -136.17729059383702860941	    -57.33117038477310245526	     -5.99876806699212039575
      0.66300000000000025580	     -0.25477557934584665889	     21.06949344608014484947	      2.92717391462348430764	      0.13137080239510143254	     -0.05033282480579286122	      0.19095786534621389530	     11.59560833281527081340	     -8.88791075780111050619	     33.47180729856806635780	     11.35511005479593649170	    -46.95589730741893674804	     -6.21655687513351118412	   -199.78273824176304174216	   -138.29258833706356313087	    -57.11357447944332221823	     -7.87449380431490997267
      0.66400000000000025668	     -0.23615084903550923046	     20.93337907949824838738	      3.06804369037395652242	      0.13324594341789522400	     -0.04702464115092286345	      0.19146849405587501591	     11.44905341415006994055	     -8.87742226909818121783	     32.90990637823070130707	     11.08776905615788876958	    -46.90451701668297346259	     -5.16279873389943766426	   -199.91631966120877450521	   -140.43595468229102607438	    -56.86635239288232668287	     -9.83325127275818999806
      0.66500000000000025757	     -0.21582783843525621403	     20.79038090391524207234	      3.20746378150917355043	      0.13508554444534928707	     -0.04372467987541910767	      0.19197196568345337164	     11.29246990270623740571	     -8.85106125720042591354	     32.32846918461336116479	     10.82179110377378705721	    -46.83234952716651378068	     -4.08762189142572029965	   -199.98672086269309033923	   -142.60754101462521248322	    -56.56273677219277828954	    -11.81261733609039943360
      0.66600000000000025846	     -0.19395241097698054378	     20.64057605830156916227	      3.34534379552009619729	      0.13688955542088468431	     -0.04043612524608872216	      0.19246855147097394201	     11.12635004219441192674	     -8.80907916192615481066	     31.72783433090523530495	     10.55780619163139988359	    -46.73919557724654794129	     -2.99088432728770969860	   -199.99477574600075513445	   -144.80709153168970715342	    -56.20220286719777647022	    -13.80505565124125233467
      0.66700000000000025935	     -0.17068017155769235615	     20.48403692349608107293	      3.48158836911825098070	      0.13865708691038930445	     -0.03716218917142973671	      0.19295833583316554516	     10.95112062243607198297	     -8.75174952921783955162	     31.10835991668092148643	     10.29641751872477506424	    -46.62480709122030475555	     -1.87244575369330079617	   -199.94136651696078388341	   -147.03428692866833671360	    -55.78577728906277855003	    -15.80713522686392202843
      0.66800000000000026024	     -0.14614157070265401672	     20.32070931563477600434	      3.61602136210471813982	      0.14038642688470737152	     -0.03390497722611877929	      0.19344124662487510724	     10.76707129062478252024	     -8.67915776453063259055	     30.47078946241896701963	     10.03847614437729163228	    -46.48807900760503031279	     -0.73174326170143233483	   -199.82789432681937569214	   -149.28825669549073040798	    -55.33928889355062352706	    -17.89840698517809869372
      0.66900000000000026112	     -0.12049099739528225383	     20.15068604438654986666	      3.74856658213980642458	      0.14207734370057362172	     -0.03066741247706729692	      0.19391747540560386187	     10.57472415753551864270	     -8.59165436416830097244	     29.81553926429171852419	      9.78457792579384388887	    -46.32885883081888778179	      0.43136529328368511393	   -199.65526768697654347307	   -151.56851769630864623650	    -54.86291145554459092182	    -20.07871392120313203122
      0.67000000000000026201	     -0.09390395353048265614	     19.97420905689644854419	      3.87925273959017369307	      0.14373110753177970045	     -0.02745300337011190653	      0.19438749480760345034	     10.37483537366441588290	     -8.48988688618127085306	     29.14263520249948413721	      9.53506373853961264331	    -46.14789222995509021530	      1.61660616305713689123	   -199.42377802419366616959	   -153.87508231172930095454	    -54.33030307182281859468	    -22.27191481908316106342
      0.67100000000000026290	     -0.06653993204244143533	     19.79138574883133117055	      4.00800606977646278750	      0.14534791163942911707	     -0.02426392973540467818	      0.19485169096181628734	     10.16791413940166322050	     -8.37421904331189459469	     28.45255680173177381675	      9.29053693208967068529	    -45.94498119754803866499	      2.82413193502345105657	   -199.13437035853925749507	   -156.20753403076483323275	    -53.74172842460603050085	    -24.47084307362918664808
      0.67200000000000026379	     -0.03856399098660324987	     19.60231918942076845269	      4.13474882525743758777	      0.14692712012382144748	     -0.02110290538124997423	      0.19531017168009459639	      9.95442426526977186541	     -8.24503097437850307472	     27.74579303873181856943	      9.05158384573132757112	    -45.71989019297555500998	      4.05408844732625883722	   -198.78803159365179453744	   -158.56538553062739538291	    -53.09892491249181745161	    -26.67314871561212541451
      0.67300000000000026468	     -0.01011028006659285376	     19.40699358966306675711	      4.25933714873249691379	      0.14846738336836623473	     -0.01797166657869299355	      0.19576286201220369221	      9.73471699229960307775	     -8.10249460078314776013	     27.02316013347592615901	      8.81897514126471193663	    -45.47177098864571576087	      5.30704101831634833530	   -198.38609140641787575987	   -160.94747054091152449473	    -52.42593441163860035203	    -28.96847021616589401560
      0.67400000000000026557	      0.01865551653599066204	     19.20553152118087325562	      4.38171006686858710566	      0.14996856890286780484	     -0.01487231243843484263	      0.19621006166687654515	      9.50930719236322197219	     -7.94703541627518195156	     26.28516598174100593610	      8.59325421106210818323	    -45.20054968509826665013	      6.58309567504620396505	   -197.92950397513013172102	   -163.35310904012496280302	    -51.72301653956064626527	    -31.35569759462700289987
      0.67500000000000026645	      0.04754069157671351326	     18.99819574708157787768	      4.50189374093663463583	      0.15143178294172793263	     -0.01180713074134667750	      0.19665244436161716246	      9.27886275693616902061	     -7.77934041348784255376	     25.53194155412568733254	      8.37473098070337762522	    -44.90689722062840871786	      7.88190506139035651501	   -197.41872429962415935734	   -165.78225655405003635678	    -50.96567146938733827710	    -33.74710678546139774880
      0.67600000000000026734	      0.07637745466505724279	     18.78512086995195673467	      4.61982780012288607452	      0.15285718891458793811	     -0.00877727395701252341	      0.19709055474239925432	      9.04388178075510751341	     -7.59985377644929904761	     24.76401118020030978073	      8.16396598579130561291	    -44.59062497426311466597	      9.20355549255100235939	   -196.85477075510522126933	   -168.23435730018545086750	    -50.15467744887664736098	    -36.13694411677208506717
      0.67700000000000026823	      0.10499598156541331551	     18.56643706648402059045	      4.73544927678563265516	      0.15424413196541852944	     -0.00578483500018924218	      0.19752457200910564228	      8.80483228944961027196	     -7.40902673182458393342	     23.98191005187144853039	      7.96150802311210981088	    -44.25152488074405709995	     10.54813131213119881124	   -196.23869036915101560226	   -170.70877092474853498061	    -49.29219643956646734750	    -38.52468640912538688781
      0.67800000000000026912	      0.13325848176118240684	     18.34216267642540643124	      4.84863654158934220817	      0.15559126124980626749	     -0.00283110382282686758	      0.19795447129501397843	      8.56209893793331211498	     -7.20711189131711105205	     23.18646927236266819250	      7.76799669500848644077	    -43.88913063775411416145	     11.91611141512026250666	   -195.57173829149689936457	   -173.20403041040117386729	    -48.39996964900262099718	    -41.00468066504760145108
      0.67900000000000027001	      0.16099407283484726272	     18.11244481015688734260	      4.95933768341736502805	      0.15689826550049729148	      0.00008257803948165691	      0.19838066602664933269	      8.31618635361926727967	     -6.99460313884364826009	     22.37820674398750853129	      7.58391862713313713584	    -43.50343692796643324527	     13.30748469312171522461	   -194.85493210001459374325	   -175.71929408963018204304	    -47.47842758354448733371	    -43.57490362523039095777
      0.68000000000000027089	      0.18800381187028383789	     17.87756076662352100470	      5.06757357048165513191	      0.15816590859711504580	      0.00295493594514739449	      0.19880399433410475551	      8.06770548998748004976	     -6.77223410093173860957	     21.55726562164653614673	      7.40959778640895461166	    -43.09488918408738555854	     14.72176428743360965257	   -194.08893812030109415900	   -178.25453501858027038907	    -46.50585576669841003650	    -46.14097331929030332276
      0.68100000000000027178	      0.21411969256336052525	     17.63766808117464179873	      5.17329271679617619384	      0.15939413705606339522	      0.00578561776174616078	      0.19922511696955372273	      7.81713365255207559557	     -6.54048565648792834537	     20.72412435548600839752	      7.24553764779861531053	    -42.66335679525441548776	     16.15888973350260471307	   -193.27481830647172955651	   -180.80907357682914948782	    -45.48312894040477516455	    -48.69865196307925714336
      0.68200000000000027267	      0.23917439260106312937	     17.39291916199690746225	      5.27644227040720625865	      0.16058206009447675844	      0.00857304001937776380	      0.19964425265037180623	      7.56493007227923097702	     -6.29983907688562982941	     19.87927982212018918062	      7.09223139924761625252	    -42.20870932510612050237	     17.61880637299238117066	   -192.41365166790279772613	   -183.38212986546068350435	    -44.41238494767380018402	    -51.24901673175759952983
      0.68300000000000027356	      0.26302928357608779120	     17.14335773742421764609	      5.37690913803738812504	      0.16172801531546363019	      0.01131623879620962531	      0.20006140519228723940	      7.31153944878452932699	     -6.05066790401401810584	     19.02354410441434495738	      6.95019728897133504120	    -41.73083015829798370078	     19.10182519798140177159	   -191.50670971340429105112	   -185.97197874506289849705	    -43.31374914091553307571	    -53.88651343006432625771
      0.68400000000000027445	      0.28551699094364563214	     16.88914881961806457866	      5.47464542101379336714	      0.16283137966042512956	      0.01401440745113128987	      0.20047703332449129388	      7.05746400274843299627	     -5.79351040465332989271	     18.15738170359784575680	      6.81987166640929398653	    -41.22976598535574765947	     20.60775724374598283362	   -190.55508486334957751751	   -188.57765429966471515399	    -42.18791913723703146388	    -56.60859569671427493631
      0.68500000000000027534	      0.30644561704113515432	     16.63057973168547221121	      5.56967009114660704938	      0.16389262292506343033	      0.01666697533058023387	      0.20089203611328496080	      6.80325608580805418768	     -5.52907478709649868875	     17.28086451640430709631	      6.70160258733383518148	    -40.70571448568666994561	     22.13594143309005346509	   -189.55959243010627801596	   -191.19917285883684598957	    -41.01565049032204512969	    -59.31920536780545205602
      0.68600000000000027622	      0.32565513309099702877	     16.36782557120868020206	      5.66193784977045133644	      0.16491146322550848113	      0.01927408632161103919	      0.20130710107942070830	      6.54937355863795556132	     -5.25783925864536172412	     16.39437931025069516977	      6.59582451489536936151	    -40.15865316339787938205	     23.68612451116284134400	   -188.52131662891181917985	   -193.83573536889059596433	    -39.79753487306915360477	    -62.01488755157222243497
      0.68700000000000027711	      0.34298818788844015470	     16.10105539932744633802	      5.75140269982370000434	      0.16588671841816712837	      0.02183447515840189479	      0.20172240828131668411	      6.29626618193517995081	     -4.98028072605285121455	     15.49833845945945576261	      6.50296207178640184310	    -39.58857348407994436457	     25.25806417219117960826	   -187.44135317478352931175	   -196.48643083349551829997	    -38.53533736091086581155	    -64.69740748789200779356
      0.68800000000000027800	      0.35831057474896288451	     15.83032754596500879529	      5.83794937676403868920	      0.16681629796769334440	      0.02434736887468849642	      0.20213792339932648567	      6.04448083328998997388	     -4.69693944092344128904	     14.59354091473954184721	      6.42346379187011340406	    -38.99554050863375920244	     26.85187637900168766691	   -186.32110248061732704628	   -199.14935345296785840219	    -37.24906314022307185496	    -67.45949549638237385807
      0.68900000000000027889	      0.37146656043761927535	     15.55581921019920343952	      5.92153336948028385933	      0.16769933805596309861	      0.02681229200628161558	      0.20255406177417364932	      5.79451953651588613781	     -4.40836656926777692433	     13.68037871343044287187	      6.35771759840206307501	    -38.37964261060682247262	     28.46718238582896276512	   -185.16172120203697204488	   -201.82343631734315181347	    -35.93971585516183608888	    -70.29855668794598955174
      0.69000000000000027978	      0.38228155864194496294	     15.27782715530925727876	      6.00218131383830399983	      0.16853626567878668419	      0.02922912266979671089	      0.20297168359926898162	      5.54684092882141399627	     -4.11514011574576699104	     12.75880989885284044760	      6.30605422506017010420	    -37.74095439563860310273	     30.10315138676910251547	   -183.96403859358784416145	   -204.50870177092792800977	    -34.58913074846539359442	    -73.11954944350571850009
      0.69100000000000028066	      0.39060934039406763896	     14.99653991606015601690	      6.07985569985211160571	      0.16932673634080330771	      0.03159829287850121626	      0.20339142717088765089	      5.30188737076445182339	     -3.81772427874065201081	     11.82914128391261954221	      6.26882580150102697303	    -37.07959011291647755115	     31.75934569840449483991	   -182.72914348018477426194	   -207.20423070568710954831	    -33.19747319205116298235	    -75.91883143246404586080
      0.69200000000000028155	      0.39630784948965097625	     14.71213937714320962868	      6.15451840090074320244	      0.17006940529085501357	      0.03391875019149453302	      0.20381336712939548961	      5.06010171367734518100	     -3.51658440619506862390	     10.89170780464852406055	      6.24637643016970578458	    -36.39568132766662955646	     33.43533892404918361763	   -181.45813693678863387504	   -209.90898798766215804790	    -31.76606301703483481447	    -78.69791331688435320757
      0.69300000000000028244	      0.39925262503597608310	     14.42469011725463268192	      6.22604904960212124365	      0.17076186636264642504	      0.03618991281211076522	      0.20423737690606877382	      4.82213798599916110277	     -3.21241850363695213844	      9.94733509471949339797	      6.23914221189209872165	    -35.68925984635659887090	     35.13109381484649418326	   -180.15260939548011265288	   -212.62096004312959962590	    -30.31628096701277996772	    -81.54876575505741698180
      0.69400000000000028333	      0.39930456788743917684	     14.13437861290667818537	      6.29441132919278523161	      0.17140324672636045311	      0.03841157355794186379	      0.20466377855192097179	      4.58848314882429075823	     -2.90576235868237331417	      8.99636885201585734251	      6.24744995340853037646	    -34.96046021885030796739	     36.84608026954207105064	   -178.81374559278162905684	   -215.33898112883935027639	    -28.84939238065255651122	    -84.46900364575554931434
      0.69500000000000028422	      0.39631132765966520237	     13.84151371707117839094	      6.35965243127079116192	      0.17199426709168172400	      0.04058394152897340512	      0.20509335015125085278	      4.35946095377444819974	     -2.59700331402260164992	      8.03865779162447147144	      6.27153190428169615700	    -34.20945032789626338854	     38.57932962250757924494	   -177.44224720185846422282	   -218.06300880609416026346	    -27.34657202546139487254	    -87.36443635525000672715
      0.69600000000000028511	      0.39014316209853450168	     13.54629487726772474332	      6.42174817759366955983	      0.17253477502052222414	      0.04270770139986736214	      0.20552666082284318239	      4.13549539395264975639	     -2.28660771441778631896	      7.07448037679598318306	      6.31164642964874289532	    -33.43646819388124669103	     40.33027310152423439149	   -176.03918898249762037267	   -220.79200739061644753747	    -25.80767383651371460473	    -90.23062167665172239595
      0.69700000000000028599	      0.38067572078893463505	     13.24891462915677919909	      6.48067342939513313382	      0.17302350269589400478	      0.04478207006987643124	      0.20596366662680185011	      3.91701751298023026493	     -1.97504596917926322774	      6.10414119216675921109	      6.36804736780205526969	    -32.64176265596422865656	     42.09835041932892352179	   -174.60566239601118354585	   -223.52482769243493976319	    -24.23376157211410486525	    -93.06836364296820818254
      0.69800000000000028688	      0.36779828008237092085	     12.94943910125841668446	      6.53630721165486772151	      0.17345798422411748407	      0.04680682770787752273	      0.20640414382245286795	      3.70472760097351017095	     -1.66307852171597958524	      5.12854466155465082977	      6.44117409985162137076	    -31.82520979309636288690	     43.88345690996695225294	   -173.14342811223227158735	   -226.25938163912994127713	    -22.64842383456466734515	    -95.97105486607321722659
      0.69900000000000028777	      0.35139015935925321799	     12.64806321301520242173	      6.58862924939437277772	      0.17383760651095059302	      0.04878211965482430468	      0.20684833188086745870	      3.49906725203571911109	     -1.35120766148329107814	      4.14803785198329322270	      6.53126556268694180574	    -30.98700991853987929403	     45.68497379334277042062	   -171.65364981721739923159	   -228.99439388223842684056	    -21.05310011544267467798	    -98.93643676941111664291
      0.70000000000000028866	      0.33132197782695760324	     12.34511113720111197267	      6.63771891243958922502	      0.17416365188283194909	      0.05070848083615044771	      0.20729694501485546043	      3.30021615174309079777	     -1.03967173880849106382	      3.16239116995779001584	      6.63838058315603163351	    -30.12760122551472363739	     47.50182940599572845031	   -170.13681215312757899483	   -231.72970572809813916138	    -19.42705221217060440608	   -101.86928190939858041020
      0.70100000000000028955	      0.30748131606758960510	     12.04079187790808624925	      6.68357224519889481229	      0.17443637559725103103	      0.05258693501591375774	      0.20775051549607201351	      3.10856342873623070489	     -0.72895451664203725350	      2.17190659906639371712	      6.76268056491580260570	    -29.24729240193715185114	     49.33338949251920979577	   -168.59395202615647235689	   -234.46417898094529164155	    -17.77005351590097248504	   -104.76445556486048360512
      0.70200000000000029043	      0.27976211221916036376	     11.73530727932556949611	      6.72618374009588659845	      0.17465481193956255979	      0.05441713935259412382	      0.20820892005200744568	      2.92450831311124792578	     -0.41954316922883055918	      1.17690947975956650140	      6.90432526607457663914	    -28.34639303925126085915	     51.17902639978289869305	   -167.02612785726429933675	   -237.19656651540350367213	    -16.08318916706730306032	   -107.62230587453767327588
      0.70300000000000029132	      0.24807030420099060453	     11.42872254488772298942	      6.76543899715986363219	      0.17481667901253811204	      0.05619948608125231032	      0.20867187362066338951	      2.74869640896116296247	     -0.11212256890235529350	      0.17842295225802748404	      7.06370714924381815081	    -27.42468240488186737025	     53.03864840683852577286	   -165.43519676560654829700	   -239.92469041319569100779	    -14.39229596779545161667	   -110.53891528457585025080
      0.70400000000000029221	      0.21230423687926663900	     11.12123970324742927573	      6.80134024731596475988	      0.17492179342195277036	      0.05793460485480745464	      0.20913958038837221487	      2.58149224911576169461	      0.19284633419065724813	     -0.82316872323671330669	      7.24094935210655687996	    -26.48244737700212780851	     54.91159949752791646915	   -163.82225908919673429409	   -242.64716030403786817260	    -12.69890205361504698089	   -113.51181529846439843823
      0.70500000000000029310	      0.17235713057912660506	     10.81319824986472788453	      6.83400509021196800319	      0.17497208929644436637	      0.05962336147149729926	      0.20961273638729527313	      2.42296444587177184360	      0.49515846855616668654	     -1.82815136269624423093	      7.43592252896249306104	    -25.52040568669019293679	     56.79672446714931766110	   -162.18756339255773468722	   -245.36371112082770196139	    -10.97992672787439794035	   -116.44319894652009850233
      0.70600000000000029399	      0.12813547201934769038	     10.50481308551363746062	      6.86345324548133106646	      0.17496829784011661002	      0.06126719793678868375	      0.21009188055792885064	      2.27344437266031640377	      0.79431762361144575557	     -2.83617901811051353889	      7.64869154186487865132	    -24.53888719382172567407	     58.69336798361122475853	   -160.53208623049795278348	   -248.07312993474198492549	     -9.23531650098556688988	   -119.32788089811357679082
      0.70700000000000029488	      0.07955274471668574710	     10.19629095287394981995	      6.88970199339117606030	      0.17490984849945748203	      0.06286636913924982528	      0.21057686225842725536	      2.13327204091750077808	      1.08983033755809555210	     -3.84688085524559886252	      7.87931858877891855286	    -23.53821695340898401128	     60.60088430484181998281	   -158.85682928881976749835	   -250.77409692393101181551	     -7.46644119278080786728	   -122.16640343282796266067
      0.70800000000000029576	      0.02653474281574936394	      9.88769177082870598383	      6.91264737924759398169	      0.17479474389569799042	      0.06442205745997862942	      0.21106737246153570164	      2.00294747603945300085	      1.38120868378248662367	     -4.85910539951899345112	      8.12806315921570998739	    -22.51825829573287762742	     62.51922994577071790445	   -157.16367337315455188218	   -253.46430597967079734190	     -5.70073088602982824824	   -125.05676072370376061826
      0.70900000000000029665	     -0.03099906682685324780	      9.57921945328095603145	      6.93231506842522104961	      0.17462322509761624145	      0.06593542621789695579	      0.21156361426889719324	      1.88274085931369561386	      1.66803852171740207844	     -5.87243015607727869565	      8.39491952983510003605	    -21.47938834747422021110	     64.44772945897128124670	   -155.45363540781090705423	   -256.14226979528132233099	     -3.93973626902976947761	   -127.99593997154258318005
      0.71000000000000029754	     -0.09313117317008752505	      9.27122308417556517668	      6.94885912059618426895	      0.17439777139705764375	      0.06740758850023903515	      0.21206628824371501207	      1.77266904624303478499	      1.95002843875200104762	     -6.88720738281115174573	      8.67962339149205952538	    -20.42245064247879327013	     66.38514436342353519649	   -153.72675780416497559600	   -258.80769371350243091001	     -2.15845837731887568722	   -130.88383975638663514474
      0.71100000000000029843	     -0.15993190125837891680	      8.96391616916955058514	      6.96232064311327203399	      0.17411948888347672515	      0.06884036288972258943	      0.21257594580191110922	      1.67298724465224735169	      2.22670145815877962292	     -7.90307027242972726100	      8.98214372322049570130	    -19.34778176133794858060	     68.33080452981891994568	   -151.98394009580448482666	   -261.45932943692343997100	     -0.35717754071327251220	   -133.71599489098758795080
      0.71200000000000029932	     -0.23146434393789863670	      8.65750238109604630665	      6.97273738756567151853	      0.17378813016088068277	      0.07023462857430821937	      0.21309242363071373427	      1.58395390956662374116	      2.49759362891245917382	     -8.91961881914584253650	      9.30244062805216564982	    -18.25571600729221088955	     70.28405814262795558989	   -150.22610893782598395774	   -264.09581850067206687527	      1.46231507092400958570	   -136.49375536921127149981
      0.71300000000000030020	     -0.30777859697500559166	      8.35202942517850033255	      6.98001422166545371084	      0.17340190800198454490	      0.07159235227142499158	      0.21361538812027805467	      1.50588839431447718553	      2.76246661758517220164	     -9.93559767195685417107	      9.64057626650302346150	    -17.14636262787520237794	     72.24488842815893008265	   -148.45514009416351086657	   -266.71470131733735797752	      3.27192957737961753750	   -139.31439380485647916430
      0.71400000000000030109	     -0.38892918514881857917	      8.04769446003783350818	      6.98419562279565386831	      0.17296133424212464802	      0.07291512501192490281	      0.21414502495515874703	      1.43897084438053801669	      3.02096105856669439049	    -10.95058201163436706338	      9.99642425559310510152	    -16.02017187106519813256	     74.21258440184213611701	   -146.67196800285120161789	   -269.31443908464456171714	      5.07012700811257133182	   -142.17423212496356654810
      0.71500000000000030198	     -0.47496915616422519246	      7.74484598468193041754	      6.98546449960400916979	      0.17246921109083312995	      0.07420410632968182929	      0.21468200886010552209	      1.38321970096072743850	      3.27264060296454006860	    -11.96503220067174844132	     10.36966500970028626227	    -14.87791965570522023654	     76.18581589198286962983	   -144.87646336195692242654	   -271.89481847614297294058	      6.88288410861346733327	   -144.97312347326911208256
      0.71600000000000030287	     -0.56593886507388424523	      7.44368620125299518264	      6.98387676447703142912	      0.17192682257927524581	      0.07546129990822308953	      0.21522685413132874865	      1.33880393000805142378	      3.51710313674501318104	    -12.97861291371627778801	     10.76017244211397638765	    -13.71997037821286902215	     78.16387514179797335601	   -143.06943687009956533984	   -274.45459695734535898737	      8.70961122823417177585	   -147.70781267806870573622
      0.71700000000000030376	     -0.66187159503754144918	      7.14440544775557295765	      6.97948418608294662846	      0.17133406994865776896	      0.07668806670553753035	      0.21577934303650689318	      1.30588907176447377445	      3.75397020998584673990	    -13.99094127958656841315	     11.16780242360559860515	    -12.54669408196080837570	     80.14608513020179714204	   -141.25172854070007133487	   -276.99241413325989924488	     10.54816334159273338855	   -150.38069332220104001863
      0.71800000000000030465	     -0.76278826341115790743	      6.84703049389543583203	      6.97219466367423024167	      0.17068919749246516671	      0.07788695715470202174	      0.21633906970767904920	      1.28465472996930052396	      3.98320429898874994734	    -15.00069983601494527647	     11.59241349787955854822	    -11.35848698870543671546	     82.13240069040904245412	   -139.42523866250377295728	   -279.50567476859271209833	     12.37050674282040141350	   -153.08500046003379679860
      0.71900000000000030553	     -0.86871077880298364082	      6.55174186867280905489	      6.96206422231949950685	      0.16999279084049970234	      0.07905975178399692049	      0.21690613791711557679	      1.27521037615983012792	      4.20451267887275825785	    -16.00751297588367805247	     12.03378121380189469392	    -10.15584526907029250253	     84.12204752458536916038	   -137.59082927356681125275	   -281.99284968575932452950	     14.17514119837841235494	   -155.81655838158857818598
      0.72000000000000030642	     -0.97965595462645282954	      6.25887659544065844131	      6.94929579013472942250	      0.16924777076817429378	      0.08020739361071418938	      0.21748112652388684740	      1.27758440459894395680	      4.41736513927204743624	    -17.01200039698204591332	     12.49158717566327680970	     -8.93936809018231137713	     86.11360452513527263818	   -135.74819761848127086523	   -284.45389686564550402181	     15.98816519434323346616	   -158.47839265572454792164
      0.72100000000000030731	     -1.09562754915555404800	      5.96861631151141924789	      6.93395287741356547428	      0.16845542488584108742	      0.08133179849348415313	      0.21806443314453111126	      1.29186120995573294756	      4.62148245331175289152	    -18.01390650532675508089	     12.96561018830732869844	     -7.70948877013033051497	     88.10630117191573162927	   -133.89806009011664400532	   -286.88761352997494213923	     17.80877014715341033479	   -161.06853726230974643840
      0.72200000000000030820	     -1.21662286699335098206	      5.68112939089269364246	      6.91609439997296782110	      0.16761564160098813003	      0.08243455666674708027	      0.21865571252183615969	      1.31811764148485677239	      4.81661528641433278608	    -19.01291155350581973948	     13.45560363900592371067	     -6.46665317879340673102	     90.09940931357350279995	   -132.04116736762998129961	   -289.29266936839735535614	     19.63458925308813363131	   -163.59026630878753394427
      0.72300000000000030909	     -1.34263049308109327917	      5.39641594525016188300	      6.89562645115195671508	      0.16672655007481479439	      0.08351848869051455015	      0.21925442574346112878	      1.35648019318044643633	      5.00281526052868308341	    -20.00767612217108037953	     13.96127895560851328582	     -5.21143876633967462197	     92.09280168629291551952	   -130.17950384081913739465	   -291.66638579708950373970	     21.43813151144954431970	   -166.12997199121650737652
      0.72400000000000030997	     -1.47363482603882611777	      5.11463314317192985214	      6.87261116582325204405	      0.16578869307408516942	      0.08458528880302265684	      0.21986052433038380527	      1.40700694894980982141	      5.17986858046360687524	    -20.99791185887508859764	     14.48233697623016347222	     -3.94436751669962903932	     94.08562779386190300102	   -128.31386406953350842741	   -294.00729633089838443993	     23.21799303091768962304	   -168.68334717546343881622
      0.72500000000000031086	     -1.60961153360114050948	      4.83609850943622188169	      6.84726520372768820977	      0.16480502633700741533	      0.08563545879899174540	      0.22047442669033850970	      1.46969262811386625067	      5.34728192141072078414	    -21.98442542283680012360	     15.01845963877007505971	     -2.66590426212871856038	     96.07640045971734821251	   -126.44372866729612781000	   -296.31556275684658885439	     24.99980873534678948999	   -171.15950059651117953763
      0.72600000000000031175	     -1.75052460136808307745	      4.56096717781903748801	      6.81965525525938431883	      0.16377678377879037463	      0.08667058087023436774	      0.22109635520725121061	      1.54454498884627033917	      5.50491396930054932568	    -22.96705666079398255874	     15.56933098511091628779	     -1.37658035784738919105	     98.06428570100383979025	   -124.56972235863588593929	   -298.59004538152805707796	     26.78263915467962164030	   -173.55754722004064660723
      0.72700000000000031264	     -1.89633237927886999508	      4.28938034106706034265	      6.78984317822903982176	      0.16270379095320983143	      0.08769221385903662458	      0.22172578358146743938	      1.63156519311904335545	      5.65265335329316265245	    -23.94556630799903373941	     16.13460779690652557861	     -0.07693965222708634699	    100.04850004507827065936	   -122.69251301656132113749	   -300.82946941441582566767	     28.56402215705550418079	   -175.88127979952892587789
      0.72800000000000031353	     -2.04699210062820347034	      4.02130992117125263263	      6.75773289253184916703	      0.16158405506130119056	      0.08870313366749545125	      0.22236201771735847332	      1.73090517289928902400	      5.79053599452478184872	    -24.91861691378425192056	     16.71393738746932200456	      1.23243796399889449233	    102.02881166239015442443	   -120.81420684248176655728	   -303.03112894102378049865	     30.31737088932834112143	   -178.20847774266013630040
      0.72900000000000031442	     -2.20244978467533591981	      3.75688624561652462219	      6.72339081983510844509	      0.16041810153372507153	      0.08970473285705402033	      0.22300482970991344911	      1.84257573613357350517	      5.91843495091500937377	    -25.88601177166320965739	     17.30695560763319562625	      2.55100852839206204692	    104.00431483188121717376	   -118.93552302696804190418	   -305.19365400545541433530	     32.04145505070745514331	   -180.53511184566352198999
      0.73000000000000031530	     -2.36263865641083770086	      3.49640155940759145281	      6.68704387776353303963	      0.15920897231700673058	      0.09069696366493040784	      0.22365445594837585208	      1.96646444206426940227	      6.03602696741166244720	    -26.84872686660487417498	     17.91328895063451653868	      3.87828638208978082602	    105.97351164934350720159	   -117.05567450593922274038	   -307.31739708185426707132	     33.76108563849558663605	   -182.77828297286649217313
      0.73100000000000031619	     -2.52748502786821260813	      3.23998152097422220663	      6.64876106510755793266	      0.15795792420489790375	      0.09168093327891357891	      0.22431094720685193500	      2.10250708942954300795	      6.14329074663072116635	    -27.80667425689555471990	     18.53253115214636892460	      5.21365461633124560592	    107.93553815146334784458	   -115.17520242664156171486	   -309.40129579214209343263	     35.47527823042342731696	   -184.93785706991965867019
      0.73200000000000031708	     -2.69691037153306334417	      2.98773786323898571382	      6.60860644524882268058	      0.15666480765990395407	      0.09265797799373302890	      0.22497360572580576976	      2.25063909173490683813	      6.24022990123824072839	    -28.75967644493352892709	     19.16425289496669748246	      6.55649089093727877042	    109.88958453781903301660	   -113.29470239207854831420	   -311.44414950567386313196	     37.18159739059724699928	   -187.01777368403125478835
      0.73300000000000031797	     -2.87084519331417542531	      2.73961598891035951198	      6.56648623909223339012	      0.15532765998569381116	      0.09363059409704047042	      0.22564162205912929871	      2.41106313335256272623	      6.32681815494546473388	    -29.70640596727895399454	     19.80808801886037429085	      7.90633132023582962944	    111.83532986198240166686	   -111.41638060197274739949	   -313.44326184770756071885	     38.85464787961506516467	   -189.08651154846785402697
      0.73400000000000031886	     -3.04920074951943398389	      2.49571824988062518358	      6.52247217355331798672	      0.15394713011541380498	      0.09459976394377814235	      0.22631462618332973125	      2.58372701526272763317	      6.40301557820778821650	    -30.64673164606841027080	     20.46359965948951398218	      9.26260169036951452881	    113.77186322933350481890	   -109.54086313813704123277	   -315.39737565598250057519	     40.49342729954951636273	   -191.14065600583185755568
      0.73500000000000031974	     -3.23187092818391086269	      2.25630729638669302872	      6.47679896261650167588	      0.15252646346274167932	      0.09556490863374175748	      0.22699270769520707436	      2.76834709920167609809	      6.46873670959790825208	    -31.58174164506407777253	     21.13029498610694290051	     10.62465803502181316276	    115.69774830065613002716	   -107.66708000793103394699	   -317.30700791624343537478	     42.12169231942537095392	   -193.10611560768541039579
      0.73600000000000032063	     -3.41875095962920605430	      2.02147845416605953517	      6.42953905173623674330	      0.15106708500840107523	      0.09652663283443509157	      0.22767581245134227430	      2.96478463494349675500	      6.52404335566564075322	    -32.51137680914175831504	     21.80768474866849970795	     11.99184457823199956295	    117.61214315828306098410	   -105.79550012273203662971	   -319.17118450352893432864	     43.73849324004336125427	   -194.98316556980779523656
      0.73700000000000032152	     -3.60973174171603838900	      1.79131359382068389152	      6.38075992570859895636	      0.14956903672809984673	      0.09748594454082711025	      0.22836314648515143588	      3.17290905193080385871	      6.56901512260077424799	    -33.43548333905679470490	     22.49526279037940312833	     13.36350810930140298183	    119.51426012339426563358	   -103.92665693688881844992	   -320.98879445155796474864	     45.34152990578542841149	   -196.77559022059034532504
      0.73800000000000032241	     -3.80472229349919022212	      1.56573468108435776003	      6.33037683320706179302	      0.14803062151906809518	      0.09844491968362578671	      0.22905386687318105010	      3.39293517856895521234	      6.60358518881478673279	    -34.35275070099869765272	     23.19263706622113474509	     14.73928890541095881872	    121.40372692090704731527	   -102.06276677914168260486	   -322.75716571440591451392	     46.90677686542520774537	   -198.54280058520919283183
      0.73900000000000032330	     -4.00360566837094555837	      1.34481629266749624918	      6.27846805029216792349	      0.14645277184005697779	      0.09940410954590002401	      0.22974754817987458333	      3.62472249629651788183	      6.62779366706724726299	    -35.26307919925415035323	     23.89928627656705728555	     16.11858065084449620485	    123.27968494175800628909	   -100.20434351176254494931	   -324.47516602982989297743	     48.43345441832706654850	   -200.28231824091494672757
      0.74000000000000032419	     -4.20624291199043831568	      1.12878833173618131624	      6.22527213396796597067	      0.14483900976914507175	      0.10036250111786969297	      0.23044420335880297368	      3.86779503020236958832	      6.64177242926874811246	    -36.16759956930357589044	     24.61457343088527593977	     17.50056010959121621795	    125.14082338857490128703	    -98.35008324879808583319	   -326.14347005838391169164	     49.94413231814257159158	   -201.92890497974920549495
      0.74100000000000032507	     -4.41250582818816727837	      0.91771597118209535804	      6.17086563579196223372	      0.14319103587950110512	      0.10132023416985230790	      0.23114375364937872481	      4.12193302861593124931	      6.64562748164258110251	    -37.06624706448010897475	     25.33792503802107276556	     18.88457031490682069830	    126.98635636939980031457	    -96.50039659548204440398	   -327.76119440971871199508	     51.43798885719044733378	   -203.48238603494860399223
      0.74200000000000032596	     -4.62226289780624188808	      0.71165251028728460092	      6.11532015890336921871	      0.14150922559375550547	      0.10227793945869290138	      0.23184541709731162906	      4.38693383554129923141	      6.63947813575425893617	    -37.95886364736092843941	     26.06876817289476022665	     20.26997698453645568861	    128.81556281297329746849	    -94.65576102708799055563	   -329.32734119822220009155	     52.91296121883447511891	   -204.94642612350173749292
      0.74300000000000032685	     -4.83540507636397176583	      0.51050087699197410629	      6.05856519344774735458	      0.13979234533828363563	      0.10323720308192198269	      0.23254840192843598268	      4.66294645127623663683	      6.62328532671420866507	    -38.84418100176622345998	     26.80663497342752066288	     21.65642234820499112402	    130.62806584884964422599	    -92.81826714759375818176	   -330.83928491236889612992	     54.34633050815208576978	   -206.37312447610059962244
      0.74400000000000032774	     -5.05179351832211320783	      0.31430876441966382195	      6.00068478901786583890	      0.13804168326654076004	      0.10419815760321173015	      0.23325229880509068536	      4.94972196617131654506	      6.59715526729439361020	    -39.72211299887478475057	     27.55090355576514227209	     23.04326150201448797361	    132.42308429995992469230	    -90.98830999135928720989	   -332.29601928876252259215	     55.73746599687627423236	   -207.76044432048274757108
      0.74500000000000032863	     -5.27126434671202126481	      0.12327181091874486740	      5.94191481320957315404	      0.13626098488977400613	      0.10515947053193086536	      0.23395710469934560827	      5.24662780555971863805	      6.56134783199980553547	    -40.59377982968760534277	     28.30082161663612083657	     24.42958698477097101431	    134.19945899812168477183	    -89.16446725844440379660	   -333.69839486132258343787	     57.10776112462376374879	   -209.05119502325456437575
      0.74600000000000032951	     -5.49367339415880895359	     -0.06257208248175745446	      5.88233464065582278835	      0.13445222103217793763	      0.10612088961771960760	      0.23466278445362978577	      5.55336366351212884496	      6.51599669859158492358	    -41.45911258464903426102	     29.05575199489146598353	     25.81477852905031511455	    135.95647669525672540658	    -87.34709646508522951081	   -335.04564542319792508351	     58.45670900168105532657	   -210.24486309733961775237
      0.74700000000000033040	     -5.71887275701631203617	     -0.24319611919388056664	      5.82201896172707211718	      0.13261613122448462354	      0.10708263022710115542	      0.23536862981798628569	      5.86964628901864582389	      6.46124408367636959838	    -42.31795135652939876536	     29.81504659681564106677	     27.19822264363195785108	    137.69348048941049000859	    -85.53662161819110565375	   -336.33688744017734961744	     59.78266534884518534909	   -211.34397531896061650514
      0.74800000000000033129	     -5.94673479461073206664	     -0.41871148366253374551	      5.76091179985702961375	      0.13075199732756037641	      0.10804576117279196534	      0.23607392968923879284	      6.19548770379987434609	      6.39713517679157472884	    -43.16911422351075344750	     30.57810883044457739288	     28.57944898910124109648	    139.41012736537589944419	    -83.73488021717184892623	   -337.56959185859295757837	     61.06356557799092144023	   -212.39624751646221056944
      0.74900000000000033218	     -6.17710397418421663929	     -0.58909451749032448742	      5.69909924748007234996	      0.12886139513175312588	      0.10901003368410591698	      0.23677833094753578114	      6.53053467367582474168	      6.32382736782167942380	    -44.01254139915167939989	     31.34423424031660587730	     29.95779717825212529192	    141.10571930917964778018	    -81.94215452738528426835	   -338.74290845203069011404	     62.29879685654499610337	   -213.40043659302750711504
      0.75000000000000033307	     -6.40979964674704749683	     -0.75418378040590738909	      5.63680724138361100017	      0.12694811155522348067	      0.10997389927405415433	      0.23748183096108599344	      6.87407276582377413376	      6.24161324860690136518	    -44.84932199752571335694	     32.11262034304800749851	     31.33241072474724120411	    142.77921916262354784521	    -80.15704815953019135577	   -339.85787421599570734543	     63.50906641108061734258	   -214.30509741096022935380
      0.75100000000000033396	     -6.64466445029374419562	     -0.91396585335445879039	      5.57411494979661448212	      0.12501425381125527703	      0.11093679590816227232	      0.23818441985342411749	      7.22572846548611202877	      6.15065877433997609813	    -45.67941391617929980384	     32.88257318629275971489	     32.70268929181376194038	    144.42996207915496142959	    -78.37986617727314353488	   -340.91385269407658142882	     64.69442363834031084480	   -215.10881992518051220031
      0.75200000000000033484	     -6.88153835491966958671	     -1.06843734073248897154	      5.51109691829318304457	      0.12306082356907203923	      0.11189852389014331990	      0.23888548195662503981	      7.58514168032116309348	      6.05113740547286838023	    -46.50269040195732372922	     33.65338571553999003072	     34.06803680718061855259	    146.05733945182308275434	    -76.61097205946353483341	   -341.91009921295454887513	     65.85382412293770926226	   -215.81308576318130576510
      0.75300000000000033573	     -7.12027197814294243727	     -1.21772022046525041361	      5.44770636373020877841	      0.12108749732300930213	      0.11285965283799698211	      0.23958435319060999991	      7.95216148165789249447	      5.94318629749345195279	    -47.31810353556624448856	     34.42431867458132899174	     35.42782803474966613066	    147.66107140222507609906	    -74.85187839556127187279	   -342.84426420909221633337	     66.96458718429366285818	   -216.46481858161004652175
      0.75400000000000033662	     -7.36069524588459866976	     -1.36181377445464146803	      5.38402605587887084226	      0.11909595270154768598	      0.11381962042938348345	      0.24028070287845434971	      8.32635493155449779579	      5.82700271486763288209	    -48.12564841496713796687	     35.19461052375963561190	     36.78140244393394198141	    149.24051983635004603457	    -73.10277581260025669962	   -343.71567621482193999327	     68.02602271464755290253	   -217.06341598392475589208
      0.75500000000000033751	     -7.60261832644937651793	     -1.50059150174275823808	      5.32026689175951617017	      0.11708978330694232162	      0.11477678398926600967	      0.24097450561927855062	      8.70700496452491456978	      5.70287255683109073345	    -48.92638986915040533177	     35.96348322467520830514	     38.12804863656361931135	    150.79470831948816567092	    -71.36241249307713019334	   -344.52554489880543542313	     69.05930170892874286892	   -217.56002853253914963716
      0.75600000000000033840	     -7.84587080638205236482	     -1.63406388887094133899	      5.25650400172561571566	      0.11507102938398244829	      0.11573040374279620901	      0.24166570837538928207	      9.09368518966064875997	      5.57101034623554092207	    -49.72035003850938039704	     36.73020530391112004054	     39.46715782035010988693	    152.32299737472439460362	    -69.63103713730752986066	   -345.27338234533630156875	     70.06518865398446394011	   -217.95242829514944560287
      0.75700000000000033928	     -8.09028114062213354885	     -1.76225098752229158983	      5.19280747705868428454	      0.11304076589639928951	      0.11667993497694126304	      0.24235373681896188458	      9.48597424946438572135	      5.43163613147197743558	    -50.50747547108316837239	     37.49402638831038814260	     40.79812411162359353511	    153.82480256244150496059	    -67.90894673614397447636	   -345.95860181002223043834	     71.04330378791397038185	   -218.24125207884625865518
      0.75800000000000034017	     -8.33567640419712496680	     -1.88528603300905062135	      5.12913124923500518548	      0.11099883407248051226	      0.11762554545067463452	      0.24303790871195055101	      9.88358393624744380190	      5.28494700049631749295	    -51.28687892477095999766	     38.25410795575918143641	     42.12023657054000125299	    155.29993342025147740060	    -66.19732805812866160977	   -346.57912908807963958679	     71.96883246412828327720	   -218.47572644637531880107
      0.75900000000000034106	     -8.58187319394335901279	     -2.00319305466489616663	      5.06554996145760139115	      0.10894679778404103843	      0.11856650203396108811	      0.24371785040825594271	     10.28603924285285842188	      5.13117855761638175238	    -52.05863120716501413199	     39.00967087659808640865	     43.43285244662281741057	    156.74779497655518412103	    -64.49630468448914655255	   -347.13449045684859584071	     72.84100972341657609377	   -218.65581782008123923333
      0.76000000000000034195	     -8.82867751297008140909	     -2.11588391768144035154	      5.00225853080287574670	      0.10688787182112972907	      0.11950124474548065590	      0.24439345959740305103	     10.69267348208018120204	      4.97063117469086179767	    -52.82378335360294130396	     39.76000249291765697990	     44.73539145785233017705	    158.16741346672748136371	    -62.80482668845680649383	   -347.62601906428153597517	     73.68302648128090481805	   -218.73187025998913668445
      0.76100000000000034284	     -9.07590508863858502764	     -2.22339565058790933350	      4.93932519557915750141	      0.10482384931298262265	      0.12042906097124238263	      0.24506455692839315685	     11.10303408942075620303	      4.80357989325948153692	    -53.58243592142628131114	     40.50436111084835033580	     46.02722177368648459606	    159.55818013371319352700	    -61.12307950764817121581	   -348.05339208538913453594	     74.49637992873033454089	   -218.70146518389469747490
      0.76200000000000034373	     -9.32337246839483846372	     -2.32577495112988197334	      4.87681204031019710499	      0.10275569468133764761	      0.12134923856754790961	      0.24573053738797773216	     11.51666355026368471215	      4.63030069160441026810	    -54.33462581024947724018	     41.24198006948738992605	     47.30771827271227891742	    160.91953814534934963376	    -59.45128838618602173938	   -348.41619829873377511831	     75.28126895050779410212	   -218.56514969560782901681
      0.76300000000000034461	     -9.57088556736912821066	     -2.42317146476932832044	      4.81466612945822269864	      0.10068318952902426122	      0.12226173791614575181	      0.24639064856066938969	     11.93319219291275601336	      4.45100733845217533258	    -55.07961325326639467903	     41.97199498053723942803	     48.57620415794541912646	    162.25140849750809479701	    -57.79037001574782550506	   -348.71271406532224546027	     76.00948110337066054853	   -218.37538382593709229695
      0.76400000000000034550	     -9.81824951132362855333	     -2.51563898510969563560	      4.75295173440585738689	      0.09860763639331809882	      0.12316588104861041220	      0.24704441678598229593	     12.35213784414735371797	      4.26597792432283284825	    -55.81753636475821167551	     42.69364616011194613066	     49.83206511281245809641	    163.55324804993361453853	    -56.14039922290248085801	   -348.94266886010956341124	     76.68028659627390197784	   -218.13244670975669237123
      0.76500000000000034639	    -10.06526843267694637518	     -2.60313292377528959776	      4.69185080683195554485	      0.09653180997862967350	      0.12406042595182809052	      0.24769161192386673909	     12.77290110779395249097	      4.07557455322975403789	    -56.54942653966181609348	     43.40628945494385249049	     51.07476181345008114931	    164.82407686129704416089	    -54.50051395278460830696	   -349.10745636535500580067	     77.32038765873974739407	   -217.78400870317821613753
      0.76600000000000034728	    -10.31174504662659963117	     -2.68572170710029878293	      4.63142370950534587593	      0.09445717554822630202	      0.12494494090788758889	      0.24833187816135438020	     13.19502571284961156550	      3.88013547305345296579	    -57.27543889287407807842	     44.10920465185614602888	     52.30365636443068666495	    166.06336315689046045918	    -52.87082970791080072104	   -349.20692872086658553599	     77.93185153687444710613	   -217.32852184046075194601
      0.76700000000000034817	    -10.55748506944186004830	     -2.76348332669603058420	      4.57172295488252711237	      0.09238448984016567334	      0.12581881164846564491	      0.24896453180314401243	     13.61804171046207656559	      3.67999251203508581654	    -57.99567930406926308251	     44.80164220246480510923	     53.51812537720939388919	    167.27062019577519436098	    -51.25149720562792765577	   -349.24086036275787137129	     78.51521415462178765665	   -216.76751105285163134795
      0.76800000000000034905	    -10.80228057221620474593	     -2.83659137798686478149	      4.51268555359086587231	      0.09031336052229931022	      0.12668205360166934215	      0.24958874128016805827	     14.04155514694117101726	      3.47534298128838425868	    -58.70950360813859703057	     45.48277454726397905915	     54.71760709008493250849	    168.44588988692891007304	    -49.64324003147574160266	   -349.20790965375755376954	     79.03836416537065190369	   -216.15445592020478216000
      0.76900000000000034994	    -11.04592880922581343839	     -2.90513370818268379381	      4.45436622854650732251	      0.08824480692023055350	      0.12753430369403812028	      0.25020391267044894690	     14.46509736389564437786	      3.26651005022657336951	    -59.41707784763355704172	     46.15188732937634341624	     55.90151952749373265306	    169.58871936044195649629	    -48.04608999483177456113	   -349.10800167211141342705	     79.50077918678496757821	   -215.48962252283462248670
      0.77000000000000035083	    -11.28823266894728227783	     -2.96911056034653864089	      4.39693852417937680599	      0.08618123357455048650	      0.12837486741009043745	      0.25080966320077685561	     14.88812159041070337651	      3.05395727776639791529	    -60.11938871683616270047	     46.80839272337004075553	     57.06928593714047082130	    170.69818070897986217460	    -46.45930847997160384466	   -348.94253547709462282000	     79.93354443455993418866	   -214.71906879158720471423
      0.77100000000000035172	    -11.52898552527709874482	     -3.02862373464859802041	      4.34045544533353666594	      0.08412381506889694827	      0.12920381488966090067	      0.25140546041876693506	     15.31018366511841222177	      2.83806567911968077311	    -60.81659254285697358000	     47.45161736260039475610	     58.22029418868637407058	    171.77388874105619720467	    -44.88294050083291608644	   -348.71153752227638733530	     80.33891995448044553996	   -213.84316818284992223198
      0.77200000000000035261	    -11.76798593398903314267	     -3.08378363244586317649	      4.28496031642405306172	      0.08207311984011513017	      0.13002089750178813521	      0.25199053589251513285	     15.73081989724384754936	      2.61920141102602688221	    -61.50881137714869595357	     48.08085675862470509401	     59.35395424819463272570	    172.81549240643676057516	    -43.31706554393276320525	   -348.41496686418179251632	     80.71738101586061020498	   -212.86532505595312159130
      0.77300000000000035350	    -12.00502295931715046606	     -3.13479226352404438671	      4.23038270563728779905	      0.08002862203062989510	      0.13082643031484708640	      0.25256401317814169971	     16.14964255708947149515	      2.39755087132885957857	    -62.19543186456115790861	     48.69535304646515783134	     60.46982269044148949888	    173.82314201272231457551	    -41.76227084473848805146	   -348.05184706612658374070	     81.03356317410279530122	   -211.83512981141433328958
      0.77400000000000035438	    -12.23989138340789750714	     -3.18177100287058234329	      4.17677028602580069361	      0.07799115055137806340	      0.13162055835625890987	      0.25312519634793062551	     16.56620211328808878193	      2.17347683600507002311	    -62.87659532425077202333	     49.29445080720653749040	     61.56734970112837146416	    174.79652663695378578268	    -40.21854145811099101593	   -347.62228322938295832500	     81.28730648143375958625	   -210.75260280334896378918
      0.77500000000000035527	    -12.47239306918448598083	     -3.22475950863582738748	      4.12429022549738899528	      0.07596287517572411496	      0.13240325522701140715	      0.25367355314134071298	     16.97998432195486984142	      1.94753318907236572244	    -63.55320825817410224090	     49.87760933782667649439	     62.64590352857742772130	    175.73487707123595669145	    -38.68519493004791343083	   -347.12764987833918439719	     81.51379590396015828446	   -209.56632633357412487385
      0.77600000000000035616	    -12.70231856366041611750	     -3.26389009944672814356	      4.07298890418906189836	      0.07394479430848745205	      0.13317517725861141575	      0.25420841445557540439	     17.39056547302003963296	      1.72011369240206080100	    -64.22537367079144132731	     50.44421935389672029260	     63.70493054603174698514	    176.63801259374341157127	    -37.16221367093763916500	   -346.56813654425440063278	     81.71510680004971050039	   -208.27911115423466981156
      0.77700000000000035705	    -12.92946555798716090635	     -3.29930209612645031214	      4.02290161927424616550	      0.07193739334362009297	      0.13393659558067047555	      0.25472895497408204468	     17.79749965857913096556	      1.49159075224159876072	    -64.89317246809126515927	     50.99364137817999420577	     64.74390293548491115416	    177.50577404613483167850	    -35.64961564957098261175	   -345.94387571696717031955	     81.89132501567623023675	   -206.89649108495055429557
      0.77800000000000035794	    -13.15363108900606015084	     -3.33122566274977938150	      3.97395620292156914743	      0.06994016244977689645	      0.13468825228483105594	      0.25523430138688413260	     18.20040734639254509375	      1.26217548810784507829	    -65.55597247089882273485	     51.52519033548758642382	     65.76242820194350713336	    178.33838878253396842410	    -34.14787432923940713181	   -345.25421421944253097536	     82.00533485635365593680	   -205.45853873247685328352
      0.77900000000000035882	    -13.37461381146379402196	     -3.35981000335144575075	      3.92619479973944462969	      0.06795387611950758078	      0.13543083179976297958	      0.25572369116605531136	     18.59885782243290464066	      1.03225506370669495304	    -66.21384986867667521437	     52.03827737721308466234	     66.75999083831561620173	    179.13572729517710513392	    -32.65692596750872667144	   -344.49942177595551129343	     82.05738771961854638448	   -203.96503538737570693229
      0.78000000000000035971	    -13.59221599317030637621	     -3.38512283850157791321	      3.87977520074796489169	      0.06598057849392523211	      0.13616490702505276711	      0.25619646213662183865	     18.99236549561043929657	      0.80241146097983728769	    -66.86760422187958852192	     52.53241747309359510609	     67.73596250381146433028	    179.89728668923095256105	    -31.17611307735957382192	   -343.68084408841565391413	     82.08539461796664227222	   -202.37283802511623775899
      0.78100000000000036060	    -13.80623323044525818659	     -3.40731963695507511503	      3.83473665059914070596	      0.06402120712920343626	      0.13689160881097336975	      0.25665185819291547187	     19.38053231142815846511	      0.57302700476183188183	    -67.51725798103070985690	     53.00707578512870554732	     68.68986403350329794648	    180.62310577925561005941	    -29.70537106323596887592	   -342.79881693086036875684	     82.09103999718176680744	   -200.68685269472766208310
      0.78200000000000036149	    -14.01646979912045942740	     -3.42656119133016190403	      3.79110682890948869073	      0.06207628250974352863	      0.13761169070736875564	      0.25708903112432135440	     19.76293792703850016323	      0.34446002560039851170	    -68.16281788141034780892	     53.46169064086409861147	     69.62124062344237529487	    181.31323431563106396425	    -28.24467085866939086714	   -341.85363035434312450889	     82.07390691971586704767	   -198.91412225070243380287
      0.78300000000000036238	    -14.22273882162707892007	     -3.44310042403016192125	      3.74881635013884118024	      0.06014546782280095344	      0.13832627367452859923	      0.25750713945811032346	     20.13920264561610196097	      0.11698128947255134746	    -68.80361672076399770503	     53.89564526732655025398	     70.52967527116736334847	    181.96794117632853726718	    -26.79437268461942878162	   -340.84491623000872095872	     81.99679776662968322398	   -197.08136759009190086545
      0.78400000000000036326	    -14.42484890966773392051	     -3.45710525928978906762	      3.70790078559287472615	      0.05822957684957043994	      0.13903641960870019578	      0.25790538225494374913	     20.50891884922131325197	     -0.10901772812805052282	    -69.43965663482904915327	     54.30842705036748441216	     71.41469623503647312646	    182.58728558902822669552	    -25.35437153705543167348	   -339.77309841616869334757	     81.86030428619835674908	   -195.18837868430648541107
      0.78500000000000036415	    -14.62260635076155601553	     -3.46865824099498842870	      3.66850170339733239189	      0.05633054824451983605	      0.13974304113504595892	      0.25828299286337363938	     20.87164585593504639860	     -0.33300218526314068201	    -70.07162984668697447432	     54.69962992530383161238	     72.27577116872873830289	    183.17108716552257874355	    -23.92404569441486827941	   -338.63950229197109820234	     81.70323132155594691994	   -193.20511328233089898276
      0.78600000000000036504	    -14.81581879149223546221	     -3.47792933951184712882	      3.63064905996977138614	      0.05444930519703713306	      0.14044746548696887545	      0.25863916191681923795	     21.22701976874975571263	     -0.55461856382729468606	    -70.69948998796702710479	     55.06879751068377260026	     73.11248397781585595112	    183.71956870994506516581	    -22.50330493118848451672	   -337.44459839285775615281	     81.52686659946935776588	   -191.13749752129481862539
      0.78700000000000036593	    -15.00430352279033741070	     -3.48509272649382895182	      3.59436189805231798289	      0.05258646098098187366	      0.14115071019444350164	      0.25897303465051746407	     21.57465607456055067814	     -0.77353560462830817102	    -71.32317434950043377739	     55.41545226558871206635	     73.92443875432833522154	    184.23295853200269789340	    -21.09209133478608677592	   -336.18882431203127225672	     81.33038317823674390183	   -188.99283823515227709322
      0.78800000000000036682	    -15.18789463880822410147	     -3.49041538399814665894	      3.55957424859411819540	      0.05074192267307225945	      0.14185407004918693108	      0.25928380522957028553	     21.91417232984485252700	     -0.98939570076719263181	    -71.94200062789283833808	     55.73906074546248845536	     74.71118441057494408142	    184.71154472494845322217	    -19.69064779372143547675	   -334.87207599479268083087	     81.07773628997595949386	   -186.78416155960331934693
      0.78900000000000036771	    -15.36641577841232653157	     -3.49407446412902844557	      3.52631184204858527664	      0.04891654128470990237	      0.14255869012299812737	      0.25957064711960903258	     22.24519682039817780606	     -1.20182070252235062569	    -72.55592165580955565929	     56.03920036657731884588	     75.47230754102183425402	    185.15554725093809906866	    -18.29884592019818256858	   -333.49492661899984113916	     80.76971583897928042006	   -184.51162597153907540815
      0.79000000000000036859	    -15.53968223887466493238	     -3.49615651243142755433	      3.49469269999006737493	      0.04711207169796302607	      0.14326546819887420181	      0.25983271234664484517	     22.56736177355297101599	     -1.41038787306573709657	    -73.16554936656092422709	     56.31555955474775032599	     76.20742045772081496580	    185.56508639021163276084	    -16.91613807538039893075	   -332.05869353685977785062	     80.44441834771252786140	   -182.16000145029394730045
      0.79100000000000036948	    -15.70751912507269310026	     -3.49683750243643931555	      3.46473456505288712748	      0.04532937552007763882	      0.14397559343523494424	      0.26006915696166138519	     22.88034920764361856982	     -1.61478106782480579362	    -73.77081121823820808459	     56.56776551095926919288	     76.91615062853475137672	    185.94050126346573392766	    -15.54242869620235012462	   -330.56397889426023084525	     80.10293243653508454827	   -179.73494893472215494512
      0.79200000000000037037	    -15.86976160047641037920	     -3.49629685226134379050	      3.43644580979449187907	      0.04356912299281336803	      0.14469004327185699954	      0.26027912117724016916	     23.18382366740366506974	     -1.81470139830601828734	    -74.37161179709605107746	     56.79543248787292952784	     77.59814247404048614953	    186.28213757689522367400	    -14.17764814406053552887	   -329.01136457556162895344	     79.74428778583394716861	   -177.24276642062085329599
      0.79300000000000037126	    -16.02626771862184185125	     -3.49480454373944837698	      3.40976007007561632278	      0.04183140785331799366	      0.14541001547962636997	      0.26046183108752563040	     23.47741269557011989377	     -2.00969720180069799653	    -74.96729234295101207408	     56.99814759213579407060	     78.25297771768956067717	    186.59030252983885134199	    -12.82193484502415081749	   -327.40100130139529710505	     79.33394125083037806689	   -174.68586705906992051496
      0.79400000000000037215	    -16.17688046913299260154	     -3.49253784525609134448	      3.38468931350524959711	      0.04011702243896037717	      0.14613643359516467757	      0.26061644690492719034	     23.76079828385351078168	     -2.19941981541834952196	    -75.55779935122897938982	     57.17559282431992073725	     78.88031369189222630212	    186.86532748534000347718	    -11.47516087227013592553	   -325.73360724283344325158	     78.87272347580537257272	   -172.06505540125326092493
      0.79500000000000037303	    -16.32142972652674828282	     -3.48957996095831690653	      3.36132393203047286079	      0.03842740811086716585	      0.14686987041816385036	      0.26074206984704340062	     24.03370934679119841348	     -2.38360289039583372883	    -76.14370623333097398699	     57.32754679964365607248	     79.47987852560386556888	    187.10754663026071398235	    -10.13688887809348138092	   -324.01050187987317485749	     78.39722347578863548279	   -169.37786896865972607884
      0.79600000000000037392	    -16.45976266015604849713	     -3.48610466219448289493	      3.33966725503741734826	      0.03676325383659895946	      0.14761111686293634793	      0.26083784970154011429	     24.29588276369966237667	     -2.56196637243550151553	    -76.72496450640383613973	     57.45373004965455976389	     80.05133464766727513506	    187.31734779588322226118	     -8.80703058868459365272	   -322.23241797577446732248	     77.90865931040286795906	   -166.62873393246599107442
      0.79700000000000037481	    -16.59173649268704053839	     -3.48228859624673914297	      3.31971510129662794597	      0.03512517847639000379	      0.14836084596496476595	      0.26090293581910922738	     24.54704250522953401514	     -2.73424092432109366868	    -77.30149360056678631281	     57.55386039873253167798	     80.59436188882830265356	    187.49513139294165853244	     -7.48551615156050953459	   -320.40007853051713482273	     77.40626253692876446166	   -163.82215121187331874353
      0.79800000000000037570	    -16.71723579831399675300	     -3.47839369212594506919	      3.30139421714126557461	      0.03351330505656536368	      0.14911993379251523018	      0.26093660188231537767	     24.78685321075288072734	     -2.89991015325614309717	    -77.87268965855932378872	     57.62768350584461529706	     81.10866935519366904828	    187.64124439888888673522	     -6.17241985323522079909	   -318.51388050349237346381	     76.85636658147903688132	   -160.95493942239406237604
      0.79900000000000037659	    -16.83612720104175863867	     -3.47458973723139674661	      3.28470018757237447460	      0.03192823070278840575	      0.14988888257942953319	      0.26093803084994415808	     25.01506409356973748004	     -3.05867011486485385063	    -78.43853089971044312279	     57.67499518833573546317	     81.59399080228088507738	    187.75608165457455811520	     -4.86763555336330444590	   -316.57467705827821191633	     76.25974796775754782630	   -158.02862520191129647174
      0.80000000000000037748	    -16.94826108016138377366	     -3.47095270035863556757	      3.26969710905886445929	      0.03037097771979679200	      0.15066778148992204800	      0.26090632882997438768	     25.23150197332696720309	     -3.21041578755605439000	    -78.99959194219941593929	     57.69564637546314145311	     82.05009328658043443738	    187.84008088010418191516	     -3.57084072620323977887	   -314.58379204375091831025	     75.65182231244003219217	   -155.04877297446174111428
      0.80100000000000037836	    -17.05351119026502004772	     -3.46764785080761583913	      3.25637295861641362649	      0.02884194571426034609	      0.15145692317418871231	      0.26084069743219862048	     25.43596128185240345942	     -3.35490448862206802616	    -79.55587809694975476305	     57.68946116540167423636	     82.47668447717495610050	    187.89363984974789900662	     -2.28196285727384440278	   -312.54208267551092603753	     75.03412776703261499733	   -152.01829022610178299146
      0.80200000000000037925	    -17.15176104890060670982	     -3.46484304809771259670	      3.24470967032140222841	      0.02734157460834479511	      0.15225654366689095331	      0.26074034397372336525	     25.62822909748795296991	     -3.49189778564958874796	    -80.10735454056596438477	     57.65627151512814663192	     82.87349386908081783076	    187.91717603963513738563	     -1.00094236694841831614	   -310.45040314515404133999	     74.40625716180375093245	   -148.93986060845602992231
      0.80300000000000038014	    -17.24292479891435547756	     -3.46278444082753189548	      3.23462140696814026697	      0.02586984343928241600	      0.15306708903973978431	      0.26060464116201564888	     25.80803181692955661219	     -3.62086261680245202754	    -80.65348261905202775779	     57.59599738390959089429	     83.24042499254919391660	    187.91110237676409155938	      0.27215843395941063942	   -308.30937806296924463823	     73.73447078387630426732	   -145.80938834891659894311
      0.80400000000000038103	    -17.32689702660059438699	     -3.46162997614242806677	      3.22608690238405682038	      0.02442704829810708050	      0.15388859511135838387	      0.26043286272637750089	     25.97518712485300085291	     -3.74155193479402825574	    -81.19428651080824010933	     57.50854766898982006751	     83.57728575294268580365	    187.87585146123615231772	      1.53741124674636875369	   -306.11997332989017195359	     73.01949283127875389710	   -142.62914230692032901970
      0.80500000000000038192	    -17.40355395286475825856	     -3.46144744901583134578	      3.21914872766630155709	      0.02301375811398188864	      0.15472069401862756366	      0.26022420148326824707	     26.12959788389064641478	     -3.85399887196028823055	    -81.73035906136111350406	     57.39382632304893405717	     83.88380289744057449752	    187.81188834489122996274	      2.79505005832464670235	   -303.88349952442428048016	     72.29650611606969334844	   -139.40808323431079429611
      0.80600000000000038280	    -17.47280221617453577210	     -3.46239253525254797594	      3.21378128103328242204	      0.02163002488107352086	      0.15556323316590209282	      0.25997800975019125236	     26.27111224526098354204	     -3.95799848791003539006	    -82.26175769543003468698	     57.25177197544721963141	     84.15978616982161497617	    187.71958855583883973850	      4.04512261112567994559	   -301.60094874203042536465	     71.56738185991265766006	   -136.14611718814822438617
      0.80700000000000038369	    -17.53455725932291642266	     -3.46462343590712951169	      3.20995372245517129883	      0.02027604745080362897	      0.15641598839815470945	      0.25969363421427382743	     26.39957814020862514326	     -4.05334533383067352474	    -82.78849377848213464404	     57.08234118408864787853	     84.40506854574826434146	    187.59935872182700222766	      5.28766657169031528696	   -299.27331050282089108805	     70.83203714912890802680	   -132.84314612943492761588
      0.80800000000000038458	    -17.58875688310576634876	     -3.46835544450022537077	      3.20755771654212917809	      0.01895149995428366957	      0.15727905892708335389	      0.25937057318215733792	     26.51478828503369555847	     -4.13956560633023329387	    -83.31007231790941602867	     56.88558764059879280239	     84.61957671903060429486	    187.45188175892880622087	      6.52260251330004248160	   -296.90122710554481955114	     70.05590086955723450046	   -129.50835764858362608720
      0.80900000000000038547	    -17.63533523594373164656	     -3.47374205940151403738	      3.20656189756056830831	      0.01765631902326341915	      0.15815215464253976063	      0.25900835985976833342	     26.61662092373115484634	     -4.21646644724747776678	    -83.82656310594468607178	     56.66153318260899851566	     84.80330878442953235208	    187.27747946936676726182	      7.74995352602586873303	   -294.48587034470085654903	     69.23975247559457102398	   -126.13629829746649591016
      0.81000000000000038636	    -17.67422750109015794351	     -3.48089010193073411514	      3.20702213569137839499	      0.01639096258822371824	      0.15903420010002819462	      0.25860646324133712559	     26.70505782243275660903	     -4.28411516828617244812	    -84.33858793431521405637	     56.41020953735774412507	     84.95650216277415722743	    187.07597045746797448373	      8.96986444961820339472	   -292.02915600335307999558	     68.41963478153502364876	   -122.69589343363053046687
      0.81100000000000038725	    -17.70530571104149331063	     -3.48984494252057153574	      3.20883832196913720836	      0.01515491157259855545	      0.15992497121134063853	      0.25816395734966451903	     26.77994788504136280949	     -4.34248298374898489271	    -84.84612716624314998626	     56.13154383678543979386	     85.07777931509126290166	    186.84930053166911534390	     10.18245253362242230821	   -289.53070057586234042901	     67.59717368887706356873	   -119.27821785915759278396
      0.81200000000000038813	    -17.72847694008661889598	     -3.50065497536819991709	      3.21190358978580325910	      0.01394699330989252264	      0.16082549719061928206	      0.25768060017371990922	     26.84109434301227636865	     -4.39153311267933510464	    -85.34921534581179969337	     55.82543127922520653783	     85.16600578443242852700	    186.59910199117146589742	     11.38777500058495029123	   -286.99025056460806126779	     66.77206231559567584100	   -115.96091945044057069936
      0.81300000000000038902	    -17.74411233731138182179	     -3.51415301685818448618	      3.21649737049657735710	      0.01276951796287389279	      0.16173213661624569193	      0.25715827778343502974	     26.88871432277331052774	     -4.43004137815851883886	    -85.84786928289594243324	     55.49289355021287661884	     85.22912014422334436858	    186.31687182613131881226	     12.58518519900242438325	   -284.41776292851523066929	     65.91145792394191005314	   -112.19545822473278917641
      0.81400000000000038991	    -17.75198797982609377755	     -3.53035714732594207987	      3.22250572516127764544	      0.01162575294815451632	      0.16263835794571376847	      0.25659312970734554638	     26.92293323513078107112	     -4.45805602435261238981	    -86.34158095087161655101	     55.13422929522963755744	     85.26478973339713718360	    186.00636107340315561487	     13.77498724465205803824	   -281.81182392139277226306	     65.01544185381358431641	   -108.14551691626512308630
      0.81500000000000039080	    -17.75123092617975117946	     -3.54813140894064948938	      3.22919105572706044427	      0.01051406917833280601	      0.16354322669329315887	      0.25597800516720492503	     26.94335914938956477727	     -4.47728902030189157557	    -86.82953073024609125241	     54.74843438486482938288	     85.25749678312419632675	    185.68674022967422843067	     14.95843942335869769522	   -279.15470652366843751224	     64.11577850361273078761	   -104.91386192729973458881
      0.81600000000000039169	    -17.74233538579095537102	     -3.56835057677149558586	      3.23695846420893618145	      0.00943474600433207022	      0.16444688138125773680	      0.25531725422735407349	     26.95005808227504928709	     -4.48667239706858822501	    -87.31273313761423082724	     54.33613443308420443145	     85.21640899264451718409	    185.34674839550018532464	     16.13477993486504757925	   -276.45899246325910780797	     63.21758101806280194523	   -101.82114943495109571359
      0.81700000000000039257	    -17.72583767427444811915	     -3.59186212024051387814	      3.24619706680256170372	      0.00838560862733696115	      0.16535372761898589622	      0.25461702077524439591	     26.94291860406558924979	     -4.48522806174508481547	    -87.79247908565380953405	     53.89764268319874673807	     85.15098701132154701554	    184.97462321453963340900	     17.30318791017498014639	   -273.73865657468735435032	     62.32394104996997441503	    -98.17636750693652913924
      0.81800000000000039346	    -17.70142052827117851166	     -3.61821254529981040093	      3.25637940643689605125	      0.00736174313117403476	      0.16626831744180614603	      0.25387637226196640983	     26.92154200973670086228	     -4.47353034562909446237	    -88.26793439928346174383	     53.43258926460479329990	     85.05443214916492422617	    184.57977153648943158259	     18.46393888200366717456	   -270.98533370866357472551	     61.39650907565106763286	    -94.51708876330391717602
      0.81900000000000039435	    -17.66899262081714638839	     -3.64741044982117390560	      3.26738040977339228021	      0.00636296466891361420	      0.16718883218268557056	      0.25309416881894408746	     26.88595238290435673889	     -4.45165042973879820920	    -88.73888691584802757006	     52.94123962364541569059	     84.92529382898200651653	    184.16477795881823453783	     19.61713892464770125912	   -268.19776720451613982732	     60.43579572498472884945	    -90.95928824212141705630
      0.82000000000000039524	    -17.62863318579768545646	     -3.67968813341577316578	      3.27932738709160709334	      0.00538982131603069591	      0.16811338158410341070	      0.25227074123506665337	     26.83626366455853684556	     -4.41950088030156962304	    -89.20597314027486390842	     52.42396722383513463228	     84.76551483370812434259	    183.72761696946847109757	     20.76279887835801929441	   -265.37981163869983447512	     59.48020671672970394184	    -87.35599690115130044887
      0.82100000000000039613	    -17.58034108515682802931	     -3.71513938012886102413	      3.29214854582416505124	      0.00444131301068440964	      0.16904162814289938610	      0.25140614396721283619	     26.77246625213473407712	     -4.37704238343699092439	    -89.66917302620913687861	     51.88101810044579309533	     84.57493086213068522738	    183.26920421225494806095	     21.90088160758722679589	   -262.53226554139911286256	     58.53146128320424423919	    -83.72950310920096228529
      0.82200000000000039702	    -17.52411715586064033801	     -3.75385722344803118844	      3.30576548621689036978	      0.00351689903283210160	      0.16997263434257503523	      0.25050028977723415302	     26.69457802006679614237	     -4.32423844365040555004	    -90.12841401142307518057	     51.31268505303928151307	     84.35333546763004619606	    182.79056093486860845587	     23.03134129606546665059	   -259.65577064899986226010	     57.58920357980138504672	    -80.10646419871815737679
      0.82300000000000039790	    -17.46000319906513098545	     -3.79603045218774282077	      3.32006642035357968368	      0.00261585927680041538	      0.17090544380274957925	      0.24955334093355394098	     26.60265298152818047583	     -4.26097774224894454420	    -90.58323852070370207912	     50.71930648035488076175	     84.10104844802515344782	    182.29223501606688273569	     24.15403230093294695280	   -256.75162741939465149699	     56.61802536764676574421	    -76.47913593317545632999
      0.82400000000000039879	    -17.38802962987293199149	     -3.84177166618093268724	      3.33499600750165203777	      0.00173761197377681181	      0.17183914677031958407	      0.24856542865696545919	     26.49675242159683818954	     -4.18725583745759344367	    -91.03362436780523125890	     50.10122670522525822889	     83.81824450720345964783	    181.77480279659422990335	     25.26890607197240612436	   -253.82099095929476106903	     55.61904913611908085613	    -72.84751654853371860554
      0.82500000000000039968	    -17.30821611353798772370	     -3.89112116919706796381	      3.35055853345254428532	      0.00088179292945767581	      0.17277280360349867028	      0.24753661658529035883	     26.37695097442524883036	     -4.10317346784336312027	    -91.47998475094269110741	     49.45880508276695763925	     83.50498887195317365695	    181.23882848993159200290	     26.37602994035602321787	   -250.86491056096710394741	     54.62988428642056248918	    -69.21642535128918893861
      0.82600000000000040057	    -17.22060546000417957657	     -3.94418356012116033682	      3.36669563468492327729	      0.00004767429766869703	      0.17370566280602522946	      0.24646710274989275247	     26.24332563152361430525	     -4.00871432107001535172	    -91.92225894738299984965	     48.79242894702395005879	     83.16146970985866460069	    180.68494430122024141383	     27.47530992056114840238	   -247.88449420595034666803	     53.65213691185038413778	    -65.58762686137929165398
      0.82700000000000040146	    -17.12524782190821071026	     -4.00106206626487370670	      3.38334358875005269951	     -0.00076523072199636492	      0.17463662615711389448	      0.24535713062811961849	     26.09596629222535213444	     -3.90387162713656588053	    -92.36037436504476261234	     48.10250551542566199714	     82.78789699452714501149	    180.11377553393577954921	     28.56663589452724494322	   -244.88085123014687383147	     52.68537410555281752522	    -61.96279973920125172526
      0.82800000000000040234	    -17.02220968626426866876	     -4.06190602592962957118	      3.40038635516763232403	     -0.00155768765275606153	      0.17556462623245627785	      0.24420704038089424692	     25.93499937079016604002	     -3.78868154977965732044	    -92.79389004846950683714	     47.38946331046924598240	     82.38453689919208500214	    179.52605076936114869568	     29.64992625853649599321	   -241.85506779367310059570	     51.69493863765754326778	    -58.34442055319739495189
      0.82900000000000040323	    -16.91155215653255794450	     -4.12680380375973765439	      3.41776494980084644126	     -0.00233028703711757844	      0.17648868352394236902	      0.24301714143581429339	     25.76054679889230669687	     -3.66319861897557919050	    -93.22275322589413804053	     46.65374735853331600310	     81.95162135569709960237	    178.92240774852936624484	     30.72510692296502554655	   -238.80822654986576480951	     50.68195083547653467804	    -54.73463205863947678154
      0.83000000000000040412	    -16.79333054074506037523	     -4.19578202519768161949	      3.43547770976014099631	     -0.00308344560998146658	      0.17740794905689027949	      0.24178770801111240663	     25.57272535962824733247	     -3.52749696529028655689	    -93.64730496949957228026	     45.89581848223632221107	     81.48934659143583303376	    178.30339351528149904880	     31.79213115728487792921	   -235.74140820872150925425	     49.68326746834518559126	    -51.13529395460399484818
      0.83100000000000040501	    -16.66761904905875013583	     -4.26892046515362810766	      3.45346443178699358256	     -0.00381791307243663268	      0.17832170338536093568	      0.24051912457651303257	     25.37167541678189053300	     -3.38162722103868196299	    -94.06745937559568915276	     45.11616009319151743284	     80.99798033622231230311	    177.66965865675416580416	     32.85086387100830762620	   -232.65568062700381801733	     48.70039030844020544464	    -47.54847891500478596072
      0.83200000000000040590	    -16.53449816704173969129	     -4.34629594792077167398	      3.47166038403649812594	     -0.00453418223631905232	      0.17922873159402555321	      0.23921181736096572279	     25.15755293881559140345	     -3.22565275927872674444	    -94.48312462519412235906	     44.31527626961461407973	     80.47780879692886912835	    177.02184321677648881632	     33.90115952117156439272	   -229.55210598171177593940	     47.73282691621036377683	    -43.97624905091119984490
      0.83300000000000040679	    -16.39406282489836286231	     -4.42802483598244478458	      3.48995615444849471842	     -0.00523296166476163154	      0.18012776289099449722	      0.23786629557672639423	     24.93055415741377345284	     -3.05971331705997018346	    -94.89389949804611035233	     43.49368969855493816112	     79.92917481603697638093	    176.36066059028277663856	     34.94301114940323316205	   -226.43172860749936603497	     46.74667876356724605102	    -40.42076837280682610754
      0.83400000000000040767	    -16.24640399231052967366	     -4.51416758373491511236	      3.50829275306334631424	     -0.00591484921899726023	      0.18101777556919840251	      0.23648304095501235245	     24.69086151882209634323	     -2.88391864412692910946	    -95.29971767920758907167	     42.65193881073010828686	     79.35239131425824155031	    175.68674528827068570536	     35.97631468780209473834	   -223.29558810279769431872	     45.74298073506495398988	    -36.88402886482641918064
      0.83500000000000040856	    -16.09160836397382254859	     -4.60472821372642027171	      3.52666188973471195212	     -0.00658033304197234211	      0.18189803846703764267	      0.23506250385422192140	     24.43864229119827058412	     -2.69834485529244716417	    -95.70085302721032860518	     41.79057715058799971075	     78.74774063738132667822	    175.00065187358285356822	     37.00088658537962515993	   -220.14472125039998218199	     44.75760889521860974583	    -33.36784499947934534703
      0.83600000000000040945	    -15.92977893178873927127	     -4.69975641764083107432	      3.54500432337897208868	     -0.00723017288744239994	      0.18276786553421417447	      0.23360522699066788022	     24.17409938606287411744	     -2.50311171796040587978	    -96.09721230201979835783	     40.91017676528348090415	     78.11556820634044129292	    174.30301760107099084962	     38.01655886663704109196	   -216.98014491293810124262	     43.79211523452256926703	    -29.87415722767621417688
      0.83700000000000041034	    -15.76102405416457230558	     -4.79929775859973162255	      3.56325710242203896883	     -0.00786485869989224547	      0.18362593669517332517	      0.23211179433760750768	     23.89745252354186177968	     -2.29835298635695561842	    -96.48870180989179345943	     40.01132973220055077945	     77.45623612487999309906	    173.59446453855824188395	     39.02315992620271600799	   -213.80286658867976257170	     42.84609525078406733201	    -26.40488507806216489371
      0.83800000000000041123	    -15.58546510582311661608	     -4.90343170505126213499	      3.58131809268892364884	     -0.00848505000712537934	      0.18447080057149523036	      0.23058286344786896316	     23.60895930359426841960	     -2.08427954665903270026	    -96.87496545142467141432	     39.09464492265926338632	     76.77015697771700786234	    172.87567337930536837121	     40.02075352870589597387	   -210.61386922945828814591	     41.88586565599572963947	    -22.96204311331267078344
      0.83900000000000041211	    -15.40322043121254225184	     -5.01218657859161709212	      3.59913008655891486498	     -0.00909135218004841587	      0.18530141402540026285	      0.22901906591583243156	     23.30886012943549800980	     -1.86105557197912752088	    -97.25593461156790908717	     38.16074400386701626076	     76.05771820592515553017	    172.14725349694899136921	     41.00920573006427360951	   -207.41413191857532183349	     40.91231025238620588880	    -19.54747694193913787331
      0.84000000000000041300	    -15.21440518771992422842	     -5.12553931187489553167	      3.61668095391936228467	     -0.00968431790706051308	      0.18611718510478417188	      0.22742100572154375082	     22.99737609932479287522	     -1.62879134374540823771	    -97.63183107405156135883	     37.21026056786397617770	     75.31928173873444620767	    171.40974240240208814612	     41.98819749536470880003	   -204.20463123069831112844	     39.96067500148073037280	    -16.16285968780163884162
      0.84100000000000041389	    -15.01914876584029201467	     -5.24350570316775410618	      3.63391464612016523716	     -0.01026471240617912381	      0.18691748744195393894	      0.22578936660133322456	     22.67476585400073929577	     -1.38766918055410704014	    -98.00256681677764447613	     36.24384304501430165146	     74.55526464506151285150	    170.66374324592811717594	     42.95753939459368808684	   -200.98631669656967346782	     39.03264785092525812615	    -12.80996868444595548908
      0.84200000000000041478	    -14.81758504094374728766	     -5.36609663784599888459	      3.65077210371506799547	     -0.01083301827971418219	      0.18770092763789900103	      0.22412487205519418532	     22.34130544765132242446	     -1.13788484580797422119	    -98.36805769689746625772	     35.26215866081178518243	     73.76609910135434233780	    169.90983999850047325708	     43.91704508614422763912	   -197.76012510174425074183	     38.12796684586680839857	     -9.49055243577830509594
      0.84300000000000041567	    -14.60986006120348790205	     -5.49335343118775831783	      3.66715871769839329986	     -0.01138985675867880756	      0.18846591953391550467	      0.22242831436179491544	     21.99730686425856163169	     -0.87970675740119264052	    -98.72798766869379960553	     34.26588955056718077685	     72.95226395579470590746	    169.14866437969817525300	     44.86683033997673675231	   -194.52696308048817286362	     37.21244589718114781363	     -6.20643984572328921701
      0.84400000000000041656	    -14.39611728386943845237	     -5.62526984971398125168	      3.68302106423647090949	     -0.01193583408251631776	      0.18921143949576743615	      0.22070046113840391389	     21.64306163475029620713	     -0.61335302548765546771	    -99.08229136569072181828	     33.25572558502146591763	     72.11421582948892705645	    168.38078337952717333792	     45.80673624312622393973	   -191.28773321734826140528	     36.28680276039013108402	     -2.95929373979587406751
      0.84500000000000041744	    -14.17649748699574629995	     -5.76179224008263624057	      3.69834687265945216694	     -0.01247154258156530846	      0.18993706919172473335	      0.21894205485696166535	     21.27883878369643255724	     -0.33898422084124585352	    -99.43115360867290064562	     32.23236321760923317470	     71.25238904400266903849	    167.60669967545413783228	     46.73633524392821669835	   -188.04333489553849290132	     35.38632245951348664903	      0.24939155590776795890
      0.84600000000000041833	    -13.95115429173289811615	     -5.90290081978650960082	      3.71308545554496660657	     -0.01299773819534419741	      0.19064228529867552342	      0.21715391055927635300	     20.90494253542172486959	     -0.05683497377400947848	    -99.77449435833715085664	     31.19651090998803155685	     70.36726741500019954856	    166.82696868154323510680	     47.65542763308939555600	   -184.79463456029517942625	     34.51280416237150916459	      3.41803615655945236540
      0.84700000000000041922	    -13.72024483658822724408	     -6.04857064515751652323	      3.72718357280738255000	     -0.01351488396045517036	      0.19132567486733287332	      0.21533688007775295126	     20.52169484459868087356	      0.23284819880637050438	   -100.11224088236731688539	     30.14889421388037504812	     69.45934858244105214453	    166.04212311258544332304	     48.56382213939674841185	   -181.54248322542520099887	     33.66606856827309712799	      6.54509576045073071526
      0.84800000000000042011	    -13.48393758728784774803	     -6.19880568841397661117	      3.74055454074663229491	     -0.01402356234938092680	      0.19198558641648705292	      0.21349187941099526111	     20.12945398413902253765	      0.52973946567565877164	   -100.44410473572730779779	     29.09025069045643263621	     68.52917439008341204953	    165.25273627039825896645	     49.46166752072989680755	   -178.28769687430354906610	     32.81090636612314881404	      9.62895531582151598116
      0.84900000000000042100	    -13.24239842588207771712	     -6.35356506338255400124	      3.75315066101452421421	     -0.01452436136522628103	      0.19262107173171827412	      0.21161980103737418335	     19.72855231956465615895	      0.83357178625782568648	   -100.77002213351001103092	     28.02131988356040892540	     67.57726618698026754828	    164.45932323144160136508	     50.34878901265537365362	   -175.03108728696304297046	     31.94790581320405919996	     12.66816611318241214690
      0.85000000000000042188	    -12.99579052144900614962	     -6.51276351956108978669	      3.76496298847278687560	     -0.01501787527538459011	      0.19323192477026776559	      0.20972151330245950018	     19.31929445405077316877	      1.14414372256824625751	   -101.09015078145660027076	     26.94284200920264993329	     66.60412494952763040601	    163.66234194686199998614	     51.22468860147800029381	   -171.77346258349126628673	     31.11302351847671943119	     15.66144706625462923455
      0.85100000000000042277	    -12.74428858153733301606	     -6.67634716872784572672	      3.77594757657754165336	     -0.01550482909412571192	      0.19381777535652291999	      0.20779795025405892184	     18.90202042093324052985	      1.46117238276956906695	   -101.40441140196871572243	     25.85556624600192066055	     65.61029748182744469887	    162.86229445785986058581	     52.08916159268759571432	   -168.51559335135166861619	     30.30798657879128299442	     18.60744411130784925490
      0.85200000000000042366	    -12.48806966267476070698	     -6.84425740642501967415	      3.78605809316680819165	     -0.01598564807249039377	      0.19437725802081110005	      0.20585007837261601327	     18.47708791171592679348	      1.78436516528809629989	   -101.71273444808332442335	     24.76025665354402605089	     64.59634347681674171326	    162.05965748190857311783	     52.94201561448256398990	   -165.25823304101390931464	     29.53249718350664565492	     21.50484419104290978453
      0.85300000000000042455	    -12.22732124975730449989	     -7.01646395928968136246	      3.79521642126770153425	     -0.01646086006700034007	      0.19490873667349647991	      0.20387892434320564750	     18.04488835743366337283	      2.11335343918320939238	   -102.01484690892756646008	     23.65768617137717910737	     63.56286509205481394247	    161.25494341310718482418	     53.78342883567077592488	   -162.00209609850921310681	     28.75035939963156295107	     24.35227128936251617120
      0.85400000000000042544	    -11.96222772191694794230	     -7.19289434015460482641	      3.80338176489380686007	     -0.01693100990094888875	      0.19541139770281237831	      0.20188548914891008002	     17.60578332801827983189	      2.44783219414189323615	   -102.31067957237857513064	     22.54862384105902251008	     62.51044509363399725999	    160.44861280616461840509	     54.61322082611316375278	   -158.74789311823266757528	     27.96208195713155220119	     27.14851651885442507250
      0.85500000000000042633	    -11.69297015452861465690	     -7.37343457156572590350	      3.81055026186897949358	     -0.01739666040475530001	      0.19588528081736070185	      0.19987074664930248868	     17.16010240833981015385	      2.78756845531119168413	   -102.60036313292799547980	     21.43383357480363926584	     61.43964705478486365564	    159.64107537037759243503	     55.43084958497169623115	   -155.49633132310714245250	     27.20443133800405632883	     29.89253859217325981490
      0.85600000000000042721	    -11.41973980657240694825	     -7.55800123217758201832	      3.81668512101317336516	     -0.01785848378574459230	      0.19633021397397987240	      0.19783572870622573303	     16.70821167691467223904	      3.13223764073769439520	   -102.88380907052469126484	     20.31408502470075205792	     60.35107794273991288492	    158.83277875284278479739	     56.23610983308346078502	   -152.24807687154589075362	     26.47889132666715994446	     32.58323167487107241413
      0.85700000000000042810	    -11.14272897133443862572	     -7.74650723653167005978	      3.82174714010460370162	     -0.01831684879603644178	      0.19674494948172019382	      0.19578149448703177637	     16.25049408086334779000	      3.48150865721093349947	   -103.16093989346489934178	     19.19015989220554985195	     59.24535699506071750875	    158.02414379976877967238	     57.02881183763133776665	   -149.00377781866637860730	     25.78488326705494770863	     35.21953513182516815050
      0.85800000000000042899	    -10.86213953019657374455	     -7.93889357589021837924	      3.82566702232712474441	     -0.01877220993047990297	      0.19712795039382793871	      0.19370916093162698912	     15.78735717487925072078	      3.83500446255490556879	   -103.43148869446675064410	     18.06284592436022862216	     58.12314466284057346002	    157.21562304933749487645	     57.80916979869210337029	   -145.76404036848325063147	     25.08567855870693819043	     37.80033286095966360563
      0.85900000000000042988	    -10.57816914940212527085	     -8.13506216742371535133	      3.82841087663769075178	     -0.01922505126073845508	      0.19747859184961549794	      0.19161981158031032857	     15.31918019163767219482	      4.19239715089263054182	   -103.69537324372060993483	     16.93292104137805154096	     56.98508270101259398643	    156.40762236798022399853	     58.57700539425865571275	   -142.52946803835288847040	     24.38173175252005009384	     40.32467544582100771322
      0.86000000000000043077	    -10.29101106807077670169	     -8.33487661110408772913	      3.82997976221896552218	     -0.01967588797017236213	      0.19779718012469388322	      0.18951449470083192583	     14.84631110090560568437	      4.55342019453001878304	   -103.95269305082997846057	     15.80115239356562817363	     55.83179432893166449503	    155.60050123344475991871	     59.33174355611679828826	   -139.30066224063583035786	     23.71028840244727575737	     42.79178011781507251499
      0.86100000000000043165	    -10.00086743619568352415	     -8.53823094840718965770	      3.83034337295933635659	     -0.02012532936091589175	      0.19808377351926084731	      0.18739430960244418678	     14.36913152941909466165	      4.91771800061157371431	   -104.20334371134708817408	     14.66830964124281422301	     54.66394423951948766671	    154.79465185192682952220	     60.07318284073544845114	   -136.07818072747517135213	     23.07243584852370688054	     45.20080581251872331450
      0.86200000000000043254	     -9.70794018859598217830	     -8.74501677176704816929	      3.82946902799467192580	     -0.02057368022144949460	      0.19833730727315040943	      0.18526037845242518398	     13.88803820712713310570	      5.28493289522847575768	   -104.44723229731467029069	     13.53517107464554314333	     53.48220871500698336831	    153.99043926018839556491	     60.80114073085135117935	   -132.86256256000390862937	     22.46719404427568633764	     47.55095950444191288398
      0.86300000000000043343	     -9.41244043273070829514	     -8.95515292696265596817	      3.82729615853736415687	     -0.02102131329571749890	      0.19855642244375479311	      0.18311388266372344291	     13.40343675843085513577	      5.65472586613328154215	   -104.68409553413600576732	     12.40251929477533288093	     52.28730393918075947113	    153.18825594029442527244	     61.51587495741764399781	   -129.65430330690051619058	     21.85807343719642403812	     49.84140045848105415871
      0.86400000000000043432	     -9.11457356684253738877	     -9.16852247495842220815	      3.82379728537383245524	     -0.02146864874149185046	      0.19874072542696064048	      0.18095595724060906107	     12.91571294368439559719	      6.02676097630679041828	   -104.91383633154100607499	     11.27112104364150546587	     51.07992700688427589739	    152.38845053881465219092	     62.21721426847749114586	   -126.45389738702853321684	     21.24547963525697369391	     52.07145113407533898453
      0.86500000000000043521	     -8.81453914527910775689	     -9.38497322105603259956	      3.81897763605091844497	     -0.02191615530545604901	      0.19889079214506191762	      0.17878768929943017474	     12.42522870528520151368	      6.40072200870193075417	   -105.13652294586404423171	     10.14172672124209029221	     49.86075585619200722931	    151.59132712055551905905	     62.90455399471731112726	   -123.26183882218876419756	     20.66644412793074891965	     54.24059682792523773287
      0.86600000000000043610	     -8.51254493870555606350	     -9.60438259936626792523	      3.81281303673702653967	     -0.02236438126368409454	      0.19900692598310465442	      0.17661021453862238428	     11.93237075074968700505	      6.77623322461302013409	   -105.35203827789152342120	      9.01508699922241163449	     48.63050755844556505281	    150.79721698584734213000	     63.57770194927881846070	   -120.07857617783652415255	     20.12155784094844435117	     56.34826963441751246364
      0.86700000000000043698	     -8.20879762285827574431	     -9.82662624985210442219	      3.80527740122737068162	     -0.02281357099819951093	      0.19908829926634383223	      0.17442468896143648038	     11.43753822188903157553	      7.15292219930084183233	   -105.56027686795114561846	      7.89195748008338782142	     47.38990927750399606566	    150.00642471232526986569	     64.23648888786232191705	   -116.90453870883669651448	     19.60938542350780977586	     58.39395059487468131465
      0.86800000000000043787	     -7.90351318907174249517	    -10.05160519616943126664	      3.79631965128840676016	     -0.02326401833554334747	      0.19913380026970953218	      0.17223233324133568889	     10.94111803785937908629	      7.53053165317558015346	   -105.76098638803735241254	      6.77309732754864413096	     46.13972604624466100631	    149.21927750212896057747	     64.88121812398131282862	   -113.74011157750067013694	     19.09459068991754904232	     60.37708045065507178606
      0.86900000000000043876	     -7.59690024841229227803	    -10.27918785843683480152	      3.78591917780081566036	     -0.02371608596886019479	      0.19914329312568962438	      0.17003430529384619407	     10.44349208436101328346	      7.90872690446402781816	   -105.95406300305394609040	      5.65924371578139595584	     44.88070208578342601413	    148.43605915914380943832	     65.51172910404586957611	   -110.58568029303047808298	     18.57751396252222164662	     62.29725596278329646793
      0.87000000000000043965	     -7.28915992607703788764	    -10.50921031143692019327	      3.77408559135790300232	     -0.02417020495574365505	      0.19911760520096627447	      0.16783169913497522630	      9.94503255406479524936	      8.28711441371916102128	   -106.13955256690974238154	      4.55111176642027981387	     43.61356045679201542953	    147.65700855032537219813	     66.12739233568576935340	   -107.44163164028087464885	     18.09406984204311186204	     64.15422947466298353447
      0.87100000000000044054	     -6.98050168959871086827	    -10.74153632013164205716	      3.76080186177444941720	     -0.02462686798261655083	      0.19905727842038573039	      0.16562566188253191601	      9.44611950024225954792	      8.66531655185311322498	   -106.31733979897715869356	      3.44941627495794911340	     42.33906070322927206462	    146.88238613829480527784	     66.72803490590996489118	   -104.30830616745585359695	     17.64437699572723872166	     65.94770525850471187823
      0.87200000000000044142	     -6.67113342375835660647	    -10.97602798978444837985	      3.74604989805684640558	     -0.02508626724715974990	      0.19896175671811955343	      0.16341736061001871372	      8.94714175015264068236	      9.04296481502834481603	   -106.48732090125940885628	      2.35487274206576246982	     41.05797015956236606371	    146.11242678131569050493	     67.31351090846256113309	   -101.18602446166028130392	     17.22661365061713212299	     67.67743557212845928461
      0.87300000000000044231	     -6.36127232475234016817	    -11.21257059723683013885	      3.72978960766548883754	     -0.02554862998269217048	      0.19883022536082681220	      0.16120803033453687259	      8.44845630360914157109	      9.41988854218853077782	   -106.64926596149796012014	      1.26819818889426083608	     39.77109063889940898662	    145.34738308088111580219	     67.88415482320058913501	    -98.07506286743563350683	     16.80733079565635534891	     69.34313766336285311809
      0.87400000000000044320	     -6.05112681458795709233	    -11.45101948338276365291	      3.71200893588360703035	     -0.02601426859966422811	      0.19866280714388681594	      0.15899882882685237306	      7.95043143717393707703	      9.79575624869371885950	   -106.80308005566257634200	      0.19008301057342016915	     38.47920077549890294222	    144.58746326295869266687	     68.43982044059637814826	    -94.97569949930348798262	     16.38677045235378670895	     70.94467544512231427234
      0.87500000000000044409	     -5.74089629658354194675	    -11.69120009864410292266	      3.69272376249440359430	     -0.02648357680115228166	      0.19846053354670298297	      0.15679083432948570653	      7.45344268587438740781	     10.17008881064963254914	   -106.94880510199379841652	     -0.87880886555101955793	     37.18305529812113974231	    143.83282955268501268620	     68.97987334072712428679	    -91.88821520638431650241	     15.99892886142452219644	     72.48205899589866874067
      0.87600000000000044498	     -5.43078910143039372826	    -11.93296292263391400468	      3.67192659061486548211	     -0.02695698951234070523	      0.19822415063265100277	      0.15458518654191974462	      6.95785138285652049461	     10.54253081961264548738	   -107.08634747078711768609	     -1.93781370101097261127	     35.88344239230596599555	    143.08366087122286103295	     69.50417209984988176075	    -88.81284464526190447486	     15.64355732784910912869	     73.95525499232205390854
      0.87700000000000044587	     -5.12101180340535222513	    -12.17615665114558787252	      3.64960986319498914554	     -0.02743464913990116896	      0.19795337713553334824	      0.15238304659254503504	      6.46402310185965767175	     10.91274037538245700318	   -107.21562437877018680865	     -2.98627204795057510367	     34.58115516070968453732	    142.34011211154827947212	     70.01260520598138725745	    -85.74980205149564937983	     15.31858455077698799585	     75.36427551189673579302
      0.87800000000000044675	     -4.81177915669103928309	    -12.42065147780008338430	      3.62574644775747767511	     -0.02791672578888123799	      0.19764771185422447264	      0.15018563587967687090	      5.97228193801089091153	     11.28058297024323586299	   -107.33643832739495849182	     -4.02352850249207616429	     33.27701584670581524961	    141.60235181922695346657	     70.50551081969965139251	    -82.69925711817778335444	     14.99289314790697957847	     76.70909962152944672198
      0.87900000000000044764	     -4.50329652399550361963	    -12.66628975353882502475	      3.60033523049839576657	     -0.02840347768981071538	      0.19730750400080371287	      0.14799409144941139127	      5.48297407894448518562	     11.64573039408208998680	   -107.44871989370697917821	     -5.04895494667186017779	     31.97182208408164427738	    140.87050390759245033223	     70.98276309666340466720	    -79.66138325361303884620	     14.66661167029502976789	     77.98984372878621229574
      0.88000000000000044853	     -4.19575927837293072287	    -12.91288600001042041754	      3.57340104925617874088	     -0.02889524372303858141	      0.19693391086458975070	      0.14580946085425666725	      4.99646577557117144153	     12.00766231879399370541	   -107.55252888944444578101	     -6.06195038956227438831	     30.66634579267541482750	    140.14464662365722347204	     71.44376134967629354833	    -76.63635861804871751701	     14.37132414385522238831	     79.20676113763619241581
      0.88100000000000044942	     -3.88937163224951376606	    -13.16027775771508601110	      3.54494799561510909314	     -0.02939238854370563106	      0.19652781937663724166	      0.14363285555335145172	      4.51309168827823725678	     12.36606011478954236793	   -107.64780728465903791857	     -7.06191554914906749474	     29.36138872287168410935	    139.42487196942974492231	     71.88840288809015532934	    -73.62431589267596621085	     14.10650758705273410953	     80.36006460683921659438
      0.88200000000000045031	     -3.58433594458720650167	    -13.40830105762236890143	      3.51498065934824133194	     -0.02989499918731821498	      0.19608918858136295538	      0.14146541074206703259	      4.03318541663208307568	     12.72061991076657783140	   -107.73450598156537694194	     -8.04826119630964065266	     28.05775474823599324736	    138.71125025568781552465	     72.31661560238900676723	    -70.62536777231713358560	     13.86995202743443833526	     81.45000875561429154459
      0.88300000000000045119	     -3.28086012760341994010	    -13.65681272237820920168	      3.48348563474578654109	     -0.03040318809069180242	      0.19561780298051295590	      0.13930830084904946564	      3.55703872241601937176	     13.07117504554731013400	   -107.81246354201408621520	     -9.02041116303202095139	     26.75626989166721969582	    138.00386292252105135958	     72.72871743598386728991	    -67.63958218770656571905	     13.63311089231903849850	     82.47681475262481853861
      0.88400000000000045208	     -2.97914298470640703798	    -13.90564357034572395833	      3.45047370874855419132	     -0.03091714512292352557	      0.19511417085472718136	      0.13716261786627226282	      3.08496964009028129539	     13.41740552470078995384	   -107.88164449172988668124	     -9.97781203509246417127	     25.45773613001816215728	    137.30274889050531328394	     73.12461043146731753950	    -64.66703378001305679845	     13.39599161999434251413	     83.44083253455110593677
      0.88500000000000045297	     -2.67937322124097887510	    -14.15459844800350275307	      3.41597979561349651689	     -0.03143712780171038085	      0.19457947388494692409	      0.13502936287021347073	      2.61732284458236907909	     13.75882735880897733693	   -107.94213932410188760969	    -10.91993315760042371210	     24.16292988911629180393	    136.60790427596606377847	     73.50376736270088429137	    -61.70780496621913613353	     13.18746084176837918278	     84.34254028511736578366
      0.88600000000000045386	     -2.38174682399515225129	    -14.40350405003421130345	      3.38001995732075810608	     -0.03196340973588514961	      0.19401465211151139312	      0.13290959009821520787	      2.15440314409890287806	     14.09516432584170431142	   -107.99392939202455465875	    -11.84625041877037254778	     22.87265220900616213839	    135.91933761797622537415	     73.86612783737029985787	    -58.76193375015996878119	     13.00689477938137272872	     85.18237660952229362010
      0.88700000000000045475	     -2.08645782120954370598	    -14.65218627510985349716	      3.34261081822310313072	     -0.03249600648825320265	      0.19341983387180422538	      0.13080437936285677081	      1.69650858917695246397	     14.42615237026586960667	   -108.03700205951525958881	    -12.75625598203122201824	     21.58770356566911630125	    135.23703867709875225955	     74.21166067648402986379	    -55.82943950892565965205	     12.85212005841677651574	     85.96081752431783229440
      0.88800000000000045564	     -1.79370224249933896132	    -14.90049225219806672271	      3.30375157408610320431	     -0.03303496058977122701	      0.19279502084459576583	      0.12871481913434287825	      1.24390153089598576308	     14.75153723171909625478	   -108.07122622152539292983	    -13.64946574854434757640	     20.30889897456153292410	    134.56100777616154573479	     74.54065210065185453914	    -52.91029644661646358372	     12.69698465313807567156	     86.67830199066646912343
      0.88900000000000045652	     -1.50366790793735960463	    -15.14824448645216392606	      3.26346416451095677758	     -0.03358037144081042064	      0.19214079019315707941	      0.12664192386635705900	      0.79686951897710001091	     15.07101705443871608736	   -108.09659941999787236000	    -14.52540962266795432356	     19.03703145509366123633	    133.89120677756622512788	     74.85304029400501235614	    -50.00448975275032381660	     12.54136966923997320578	     87.33539065297448189540
      0.89000000000000045741	     -1.21653319452074026863	    -15.39524097632593147011	      3.22179313183240934038	     -0.03413238608952774006	      0.19145824357750568234	      0.12458662361523460682	      0.35572760254248109169	     15.38422388718929489926	   -108.11324662424651421588	    -15.38363182299135800690	     17.77287029755673231080	    133.22755946765485646210	     75.14840137114603635382	    -47.11201673752539420548	     12.41151019411075040466	     87.93276509237914240202
      0.89100000000000045830	     -0.93248069401165323278	    -15.64130144335554994939	      3.17876514978829183278	     -0.03469116518808249006	      0.19074828293045736904	      0.12254987646098708387	     -0.07924852155205538984	     15.69092036518292410108	   -108.12118308685489864729	    -16.22369158289208002088	     16.51720254378472318990	    132.57000195753516891273	     75.42671769734636200155	    -44.23283123938911387540	     12.30685438165543921230	     88.47106560545890374669
      0.89200000000000045919	     -0.65169085774305046677	    -15.88624589501860207008	      3.13440709326175603877	     -0.03525663201270356345	      0.19001111729647021664	      0.12053266579854454710	     -0.50779539873795431770	     15.99087596170636516035	   -108.12042671299337825985	    -17.04517043932204245493	     15.27081212077001737271	    131.91845477266764419255	     75.68799826926971263674	    -41.36687064136580005425	     12.22542216257658687084	     88.95096465105594063516
      0.89300000000000046008	     -0.37434289979200846554	    -16.12991696647960537803	      3.08872809269574100099	     -0.03582874108936302121	      0.18924687439474019435	      0.11853595385293111408	     -0.92967732679730696876	     16.28374056865032670771	   -108.11086615723777981657	    -17.84768263463870852092	     14.03449111492462009210	    131.27285012443891787370	     75.93250381467872500707	    -38.51402676905865263279	     12.14293088300607159624	     89.37309117622899634625
      0.89400000000000046096	     -0.10060866141261402829	    -16.37213360843246334753	      3.04175902768790740183	     -0.03640748208044081863	      0.18845611014090882240	      0.11656063868485613821	     -1.34463688736875308649	     16.56924530996161948337	   -108.09252525984418014104	    -18.63084684780817923411	     12.80901172861235615130	    130.63308618291279117329	     76.16021622138543989422	    -35.67420772173333176625	     12.05913576274432053026	     89.73819033476192430498
      0.89500000000000046185	      0.16934851586549667934	    -16.61269134085256027333	      2.99355228577494392184	     -0.03699287415482330199	      0.18763976415072319837	      0.11460754547472819243	     -1.75239213885170541651	     16.84718601229221590643	   -108.06556112538750369367	    -19.39428676030250642270	     11.59512469023107605892	    129.99902776618628763572	     76.37082613070622016949	    -32.84733905703619427641	     11.99808825149537838684	     90.04712241205443490344
      0.89600000000000046274	      0.43536486233065557760	    -16.85140829685295571494	      2.94414265610214975766	     -0.03758495443223051902	      0.18679862707468883332	      0.11267749459956634406	     -2.15269352045421369368	     17.11734855136455379920	   -108.03001423017764182077	    -20.13765136834269142696	     10.39359095224975426675	    129.37055224316682711105	     76.56435621150789927469	    -30.03330313645439275660	     11.95944143183619345905	     90.30070187188545105528
      0.89700000000000046363	      0.69727896952961077037	    -17.08810426306563101662	      2.89356467301263320380	     -0.03818353952759904330	      0.18593290447958299438	      0.11077132891849887641	     -2.54530808470869374105	     17.37952049128821130353	   -107.98592471075417620341	    -20.86061654580893076627	      9.20516610792902234550	    128.74752445736930894782	     76.74085312592816876531	    -27.23196816641736006659	     11.94151110194522757979	     90.49976939640816908650
      0.89800000000000046452	      0.95493194175145945657	    -17.32262378186265294744	      2.84183426990235110665	     -0.03878848259406469934	      0.18504276071783878899	      0.10888985578382395780	     -2.93002754091912498424	     17.63331907004660692451	   -107.93319242397150503621	    -21.56289411289230173452	      8.03061113271357562837	    128.12982338327006459622	     76.90057516718886176932	    -24.44315645577826145995	     11.92110586380140269114	     90.64511332537617249727
      0.89900000000000046541	      1.20817239419644661957	    -17.55478838606101632536	      2.78898867783895054728	     -0.03939965786408961002	      0.18412866295443797160	      0.10703382330075181250	     -3.30662359134247640924	     17.87852399864695129850	   -107.87186145746703402892	    -22.24419458298140739316	      6.87066723800792811261	    127.51729678166064729794	     77.04355303017814549094	    -21.66671217303389695985	     11.89786507221173117443	     90.73763414378127833970
      0.90000000000000046629	      1.45685713177954045960	    -17.78439702735887451013	      2.73508601978325183168	     -0.04001696100793365740	      0.18319134801822928305	      0.10520391683786094184	     -3.67484639111160671376	     18.11507264694374086389	   -107.80211803486432131649	    -22.90422795976166625564	      5.72605479716961340841	    126.90976195011823790537	     77.16958078312559621281	    -18.90250273121029422896	     11.89440095621609927434	     90.77834306570487399313
      0.90100000000000046718	      1.70084548745244501511	    -18.01127307994267212621	      2.68016647268839358631	     -0.04064031521167092015	      0.18223145804032611639	      0.10340079037828363295	     -4.03447211236656322342	     18.34276188371847382541	   -107.72402224713532348233	    -23.54273803568548473208	      4.59749850141382676583	    126.30704941397516449797	     77.27871963081784656424	    -16.15035219052776938042	     11.91064203523116482586	     90.76819826128027557388
      0.90200000000000046807	      1.93999947719584331374	    -18.23524318581075576162	      2.62426949425945821304	     -0.04126943377604996854	      0.18124913686304408578	      0.10162511417734650110	     -4.38529604604667078149	     18.56138898355940725082	   -107.63763122973863062271	    -24.15949782151428237853	      3.48571589140123228034	    125.70898027561740661895	     77.37105300924910977756	    -13.41007276569389539134	     11.94522999581255184864	     90.70817758329494040481
      0.90300000000000046896	      2.17418220438063558575	    -18.45616138588430743539	      2.56741465540140678669	     -0.04190407399244361342	      0.18024452060721873892	      0.09987753149856382073	     -4.72714167108525895600	     18.77065006939891489424	   -107.54285264287162249275	    -24.75431240233001872753	      2.39143177241050208792	    125.11539321184787354468	     77.44686461433329327519	    -10.68143097194416135665	     11.97521498748494472864	     90.59919597696364235162
      0.90400000000000046985	      2.40326602607075923146	    -18.67385935323842005573	      2.50964273754830280438	     -0.04254401360426617040	      0.17921795789097963447	      0.09815862214584293588	     -5.05981118348829816966	     18.97038469788027725826	   -107.43974833539260771431	    -25.32698738742096722376	      1.31534779528934331339	    124.52609612200991762165	     77.50623490362501399886	     -7.96422077134081440875	     12.00013678354315160846	     90.44227745228675985345
      0.90500000000000047073	      2.62713259300755552772	    -18.88814701740022172771	      2.45101514596449598926	     -0.04318905706870915934	      0.17816998993114210870	      0.09646890603529365005	     -5.38308632836044420600	     19.16058645803171245348	   -107.32853197043644399855	    -25.87732989299245289772	      0.25814211305636730609	    123.94086701346681422820	     77.54903518210498702956	     -5.25826517331166432001	     12.04202382022041462051	     90.23855332580883725768
      0.90600000000000047162	      2.84566686264555057662	    -19.09886109738420145732	      2.39157458414552737125	     -0.04383904770662522959	      0.17710111406289247293	      0.09480886371585930950	     -5.69677513409890146079	     19.34106854225328220309	   -107.20928299063925237533	    -26.40518405570326265774	     -0.77950508600821799554	    123.35949868099007176170	     77.57536758612882010766	     -2.56334389406567719760	     12.10113745242509430966	     89.98909284722427059933
      0.90700000000000047251	      3.05875694328679292866	    -19.30584336652623989039	      2.33136255475440634655	     -0.04449362411115160426	      0.17601138947283612168	      0.09317898278383994481	     -6.00070486814983894419	     19.51164910321229584156	   -107.08207577664981613452	    -26.91042305063371031792	     -1.79692208665789632249	    122.78177755712684415812	     77.58535562455199396936	      0.12077283206752427447	     12.17645648501692434706	     89.69497789832233536345
      0.90800000000000047340	      3.26628821007526326525	    -19.50896621373943062849	      2.27039880450669562251	     -0.04515248231445134763	      0.17490089598323543818	      0.09157975354168999826	     -6.29473598796379185671	     19.67220447318522502655	   -106.94682492058703360271	    -27.39294259094304706537	     -2.79342391722918170771	    122.20751166039487145554	     77.57932235754330463351	      2.79435995048224006254	     12.24438791766720768805	     89.35721475198123187056
      0.90900000000000047429	      3.46815856295159008482	    -19.70807997087156238081	      2.20872475021252379079	     -0.04581534718551254909	      0.17376987241442429233	      0.09001158972440338746	     -6.57870702698783915707	     19.82263822993291313423	   -106.80361127742372673310	    -27.85264885049962302332	     -3.76835618983633757750	    121.63647674933440612222	     77.55739542276668885279	      5.45765945176155131691	     12.30440610228490427858	     88.97691706836270952863
      0.91000000000000047518	      3.66427785433862229780	    -19.90301357764436929187	      2.14640278600988443358	     -0.04648198189482585091	      0.17261870887930605423	      0.08847483810993660158	     -6.85243768134463326902	     19.96290299728634565213	   -106.65267876100385535665	    -28.28945947841571140202	     -4.72109488482822747812	    121.06841763443692627789	     77.51950225092124924231	      8.11087867271956319826	     12.37891689743809386925	     88.55530387508200362845
      0.91100000000000047606	      3.85455711877380524655	    -20.09362535064565591370	      2.08347531200411095753	     -0.04715220186668978714	      0.17144779668791029770	      0.08696982212824143355	     -7.11577876143515464236	     20.09284555159985430350	   -106.49412798952725722756	    -28.70332529668073107132	     -5.65101182490951536863	    120.50309685811913595899	     77.46578824753105152467	     10.75426809937808059203	     12.46841298570894274178	     88.09352069859340872426
      0.91200000000000047695	      4.03891099966249722542	    -20.27977988144133192350	      2.01998317486801370890	     -0.04782561999629940386	      0.17025712417050115066	      0.08549686143197451904	     -7.36859787472106919637	     20.21232651665947344100	   -106.32805353626126532163	    -29.09422336788538743235	     -6.55748881237261649346	    119.94027319770799522303	     77.39641971771462181096	     13.38808528108836704007	     12.57206896956069996918	     87.59271844078746482865
      0.91300000000000047784	      4.21724642696248963603	    -20.46137479408525194913	      1.95594380276533352792	     -0.04850192216112711452	      0.16904672386786254168	      0.08405631816026559733	     -7.61079810883929752663	     20.32145412255460215079	   -106.15438116071202045987	    -29.46214108058227765241	     -7.43988752505207795451	    119.37973042614520124971	     77.31175916656084723400	     16.01263209181731284048	     12.66519219640250248915	     87.05395978314390958985
      0.91400000000000047873	      4.38948666406205934010	    -20.63828517711352716901	      1.89139723440273144206	     -0.04918083266344543819	      0.16781676658603864039	      0.08264846038296642938	     -7.84226336654116540359	     20.42019216583109297858	   -105.97321489694830631834	    -29.80709095966291144464	     -8.29761077568753968592	    118.82121849772275368196	     77.21197798912666598881	     18.62817251067464852099	     12.74725706928837176690	     86.47841350805467186547
      0.91500000000000047962	      4.55557037644466156223	    -20.81036416438198344281	      1.82640543280569822571	     -0.04986212305768431691	      0.16656756157061095025	      0.08127347448236856009	     -8.06286281408517702118	     20.50838458919472273578	   -105.78483285699749671949	    -30.12911151986793356627	     -9.13010206278843128302	    118.26445545286715343991	     77.09705077270538708945	     21.23493093229151185142	     12.84169638399720980715	     85.86735240196769325394
      0.91600000000000048050	      4.71543290391005420759	    -20.97749623519756667633	      1.76100896772485016051	     -0.05054562982165710511	      0.16529945596886549963	      0.07993155802807698496	     -8.27250212174878463145	     20.58593577553413211945	   -105.58936046057974067480	    -30.42826425154897052039	     -9.93679562983641950780	    117.70918079497269559397	     76.96716927450631828833	     23.83317466484388447157	     12.94907846664211703569	     85.22196301128981588136
      0.91700000000000048139	      4.86901349924417292669	    -21.13957245422315622818	      1.69524670866248872159	     -0.05123099008409289640	      0.16401241094725196867	      0.07862289465905920871	     -8.47109925880631564610	     20.65277366009273052327	   -105.38691780455155821983	    -30.70463211830095318078	    -10.71713781353222749715	    117.15513192093517602643	     76.82254526728989674211	     26.42317556853685900364	     13.06859945881342888185	     84.54342996695977774380
      0.91800000000000048228	      5.01623918420900238857	    -21.29651802533683735419	      1.62913312416553179851	     -0.05191792840587069330	      0.16270645138501554916	      0.07734774668080701687	     -8.65860293722124829685	     20.70921139875427030574	   -105.17744920041538136957	    -30.95829727616090210063	    -11.47055007036125751085	    116.60207319847636142640	     76.66356727295510609110	     29.00524878262147865371	     13.17450303377592213394	     83.83283853578868161094
      0.91900000000000048317	      5.15705655303737309225	    -21.44823461239715811644	      1.56270643714085344378	     -0.05260621025046885446	      0.16138174054252521494	      0.07610626613061126366	     -8.83495102341422366976	     20.75526180224777661465	   -104.96108697616135430053	    -31.18938150898079442186	    -12.19650618778762485306	    116.04973558384644150010	     76.49044746078121193023	     31.57966743371148865549	     13.26632954406510123135	     83.09137791360032565535
      0.92000000000000048406	      5.29143087421271918203	    -21.59460077979607817156	      1.49602804347093654158	     -0.05329564644963799558	      0.16003858279003091436	      0.07489850542763905328	     -9.00007475587913319259	     20.79065343248063157944	   -104.73814609373796713498	    -31.39804677434598900732	    -12.89453197967477393604	    115.49781926853269453659	     76.30321308342493580312	     34.14666108451169179716	     13.36870861956392886327	     82.32033921599843040440
      0.92100000000000048495	      5.41931850326446529209	    -21.73552748004415846594	      1.42913683135192215445	     -0.05398612196813400155	      0.15867734784155262950	      0.07372457047791652895	     -9.15394298021899111006	     20.81537501680696422568	   -104.50877979067364265120	    -31.58446412396960667479	    -13.56413793649156218635	    114.94604975590247875061	     76.10210612753819248155	     36.70650184341474897565	     13.48211976358698827028	     81.52091463476442356750
      0.92200000000000048583	      5.54067976347991297814	    -21.87093175227511210323	      1.36207001750496203840	     -0.05467733047421702297	      0.15729802833978365206	      0.07258454621138163421	     -9.29653150087034241267	     20.82944494347765385101	   -104.27313858170204241560	    -31.74882065187311752652	    -14.20484946649593815948	    114.39415091056125106661	     75.88738655199928473394	     39.25946371513182242552	     13.60562460033301057649	     80.69428722433239897782
      0.92300000000000048672	      5.65546048327525507915	    -22.00076441750358569038	      1.29484045383782508942	     -0.05536906335019919911	      0.15590069694474908979	      0.07147861320615461755	     -9.42783340370481148796	     20.83326878950973792826	   -104.03119320780375289814	    -31.89129661719644914797	    -14.81616737670891659207	    113.84187343051149809980	     75.65944655813146368928	     41.80586291063963244596	     13.71293721824156364164	     79.84153221060665828190
      0.92400000000000048761	      5.76362750297548398493	    -22.12495168831202363435	      1.22748568484038345083	     -0.05606114238446371911	      0.15448557214145533512	      0.07040683427344372747	     -9.54784516788263992737	     20.82689567053381907158	   -103.78310771068225903946	    -32.01212050166474654134	    -15.39765333113052214742	    113.28893869253207071779	     75.41853816646295172177	     44.34597038387859413433	     13.80372781009855387424	     78.96382459193695524391
      0.92500000000000048850	      5.86516823092734362888	    -22.24339552336211411898	      1.16006749578911061427	     -0.05675341796209294742	      0.15305301774334983955	      0.06936915937684309807	     -9.65656901616189600190	     20.81001700962368516912	   -103.52923321227527253541	    -32.11156923713910060769	    -15.94892991295657580508	    112.73504199008050363773	     75.16476130729768101446	     46.88001043351751206956	     13.90350597268637500292	     78.06243757864633892041
      0.92600000000000048939	      5.96005664608210405930	    -22.35603067408754895951	      1.09262442416720539917	     -0.05744582113627501319	      0.15160348158684475162	      0.06836562466904132218	     -9.75403690071124529481	     20.78271423947910179209	   -103.26975022740519705167	    -32.18991626117738036328	    -16.46960006552005850722	    112.17990664274964274227	     74.89840818229372132464	     49.40824957166189790314	     14.01249441122752692479	     77.13853433972309403543
      0.92700000000000049027	      6.04827059000269695588	    -22.46279745145834283448	      1.02519321510813998799	     -0.05813810801982901427	      0.15013704557000737139	      0.06739624260371103459	     -9.84028323094588053266	     20.74509810649281149608	   -103.00484012550379020468	    -32.24744644901754497823	    -16.95928439608500326585	    111.62325371750426938888	     74.61978504802782197203	     51.93095337563229918487	     14.12948541606255403735	     76.19326244225094058038
      0.92800000000000049116	      6.12977412431429691253	    -22.56366875579681519071	      0.95778719987147131754	     -0.05883013601811434151	      0.14865388419766406569	      0.06646111432808951558	     -9.91534240344672923584	     20.69753161163836097103	   -102.73450540119119978044	    -32.28443787086795424557	    -17.41758390754893781605	    111.06482917190194825707	     74.32926879422923605034	     54.44842807249996496921	     14.22863451575891069467	     75.22765780590773943004
      0.92900000000000049205	      6.20455171331476496022	    -22.65859310183813946082	      0.89044426230551110280	     -0.05952177213158955232	      0.14715431883859311779	      0.06556022712549075537	     -9.97926836372099934636	     20.64009480963008158483	   -102.45893905375911003830	    -32.30121673307115770513	    -17.84416316749532782637	    110.50435773975691233773	     74.02715048211892678864	     56.96093242874262330133	     14.30977907733075760177	     74.24284952997632558436
      0.93000000000000049294	      6.27260843660509159747	    -22.74749493548961254419	      0.82322648825816679974	     -0.06021288569983753586	      0.14563880907297879763	      0.06469345231733085455	    -10.03213439002537121780	     20.57256590737855717066	   -102.17851851464817514170	    -32.29815731742391449188	    -18.23875078115927905742	    109.94154629891681906884	     73.71362132095998731529	     59.46867636861905737078	     14.39848398503849757901	     73.24005911392490020262
      0.93100000000000049383	      6.33393415723969610553	    -22.83033171841986330719	      0.75617238710971890203	     -0.06090343108228242486	      0.14410790808536008689	      0.06386075896091299164	    -10.07402758690330557556	     20.49510840578253478839	   -101.89344400286077529927	    -32.27562288089416853154	    -18.60105466138762153605	    109.37613047625536921714	     73.38901733592476261947	     61.97191131554795617831	     14.49463572483540296787	     72.22039093814733234922
      0.93200000000000049472	      6.38852242673111092586	    -22.90706659082898610791	      0.68931815469457613510	     -0.06159321190050096040	      0.14256182514167353714	      0.06306209422891541350	    -10.10503515983275235612	     20.40790840753977875011	   -101.60391959941071604590	    -32.23398519873015999337	    -18.93080225752924050653	    108.80784268304061868093	     73.05368288655854769331	     64.47088481597211284679	     14.59672790694656185906	     71.18492869850506110652
      0.93300000000000049560	      6.43635613035405995674	    -22.97769376730085255645	      0.62267811249615157010	     -0.06228212926395106791	      0.14100087231974087199	      0.06229746832572175680	    -10.12522974308942025345	     20.31118737783783956274	   -101.30997651116246061065	    -32.17361371878724440876	    -19.22770945130122299815	    108.23643747858359631664	     72.70796922892351688006	     66.96588276070623635405	     14.68042668603374778513	     70.13464529658527624179
      0.93400000000000049649	      6.47743625499945530066	    -23.04218481730191925294	      0.55628967281357855068	     -0.06297006906948865446	      0.13942549232007103721	      0.06156679132369632934	    -10.13471572122154817919	     20.20505930082819290305	   -101.01182539349950673113	    -32.09491757098165720663	    -19.49155247961003922796	    107.66165879605499355876	     72.35220242135440571474	     69.45714230337695482831	     14.74572876448524105797	     69.07059784706913774244
      0.93500000000000049738	      6.51178267889976059024	    -23.10048892740781667499	      0.49021305375123219727	     -0.06365689211995810559	      0.13783623973852759947	      0.06086986546575106488	    -10.13362667281658424656	     20.08950074340913261040	   -100.70985135379368102804	    -31.99834525750741676120	    -19.72216878306782916752	    107.08324294488014061244	     71.98666911282029445829	     71.94485038536399201803	     14.81717723520962870509	     67.99392764956797918785
      0.93600000000000049827	      6.53940128381354579545	    -23.15258799274622703024	      0.42448529127248024739	     -0.06434254473004963337	      0.13623376532891728896	      0.06020657949852122742	    -10.12209169055324942121	     19.96473680696559682701	   -100.40426166772222416057	    -31.88433279059213631967	    -19.91937825065384615186	    106.50095360526503895926	     71.61173911377018441726	     74.42923376718491113024	     14.89441229804268829184	     66.90565708219486396047
      0.93700000000000049916	      6.56030135408916503792	    -23.19847029979858987758	      0.35914026824876482680	     -0.06502685056055428070	      0.13461841424173770498	      0.05957680545320661464	    -10.10024006117481576439	     19.83100443000067869548	   -100.09526918608884216155	    -31.75332346761943824731	    -20.08302137605251758146	    105.91455054078285513697	     71.22778384253838623863	     76.91051242576925517369	     14.97576544472612880554	     65.80678403108686325140
      0.93800000000000050004	      6.57448553716978345562	    -23.23815401367918909159	      0.29419144424216958633	     -0.06570972394243883297	      0.13299064669276172701	      0.05898044534711327502	    -10.06817919253975368576	     19.68835553662931303620	    -99.78292135001028384522	    -31.60576418528841458055	    -20.21293558635026599291	    105.32381310992548151262	     70.83512302366190738212	     79.38894209905640764191	     15.03910797320705228231	     64.69819847665873169262
      0.93900000000000050093	      6.58197150995523116990	    -23.27163733974741077759	      0.22967299810418093098	     -0.06639104185605186614	      0.13135101273726282334	      0.05841732030250645913	    -10.02605234109727661007	     19.53694685500384053967	    -99.46743023789869653228	    -31.44212778148234477271	    -20.30901167785459549009	    104.72852063124041421815	     70.43410916307273339498	     81.86472881248279520605	     15.08455370981484300330	     63.58086489924576767407
      0.94000000000000050182	      6.58279302026773827095	    -23.29889873068108130383	      0.16563955179184741695	     -0.06707063509338072327	      0.12970012449489110029	      0.05788716098704198981	     -9.97403481430477611980	     19.37701151887574368970	    -99.14916897035581655473	    -31.26291254755200199611	    -20.37119480691107042958	    104.12845469627602312812	     70.02511468829074203768	     84.33802731926449780531	     15.13478612273848256109	     62.45582270845420680416
      0.94100000000000050271	      6.57697326679785021497	    -23.31994860651435530485	      0.10212348843854118785	     -0.06774841858290671370	      0.12803869125504990789	      0.05738975654692925199	     -9.91228293329132270628	     19.20880613504697009830	    -98.82833734266891667630	    -31.06860804796511743575	    -20.39941921369977606560	    103.52342122811491265111	     69.60852792028607893826	     86.80902993208754026000	     15.18934254450522303159	     61.32399442769358444139
      0.94200000000000050360	      6.56453840228770779675	    -23.33480462620070738922	      0.03915321548572162774	     -0.06842421035256449069	      0.12636717231835323250	      0.05692488596610515567	     -9.84095520106497367863	     19.03258798181462552179	    -98.50514109252597449995	    -30.85971092399682191854	    -20.39364036591589979253	    102.91322206337297018308	     69.18473245589274256417	     89.27791978734630617964	     15.24656351451884184200	     60.18627525934371647054
      0.94300000000000050449	      6.54551088462570085369	    -23.34351330631361420842	     -0.02326204785487070298	     -0.06909791070333168306	      0.12468616032953619421	      0.05649233348370184815	     -9.76018975976437808129	     18.84830048849210371031	    -98.17962777731797530123	    -30.63672476038659908681	    -20.35381688992213256029	    102.29767686697708484189	     68.75401813390553229510	     91.74491365880864179871	     15.28673396827721120417	     59.04345524022296842759
      0.94400000000000050537	      6.51992554037349769658	    -23.34610355805208570246	     -0.08509467182658260465	     -0.06976936792055400682	      0.12299627236242781370	      0.05609181972460863808	     -9.67015564797124049790	     18.65615196459541635932	    -97.85199661055627018413	    -30.40016510594245957577	    -20.27995386561029889094	    101.67661286540129594869	     68.31675338714148892905	     94.21017797724371689583	     15.31003243543579195318	     57.89639024479320994487
      0.94500000000000050626	      6.48783042231392936827	    -23.34258680370593452835	     -0.14629890886765081759	     -0.07043837384859601147	      0.12129811640511592441	      0.05572299462731412911	     -9.57104926422566393285	     18.45660193560562589710	    -97.52259630632336495637	    -30.15055883803913161501	    -20.17210362541811008441	    101.04986621563071480523	     67.87337498016607639784	     96.67382731956357133640	     15.33687497312041969622	     56.74600252719627491160
      0.94600000000000050715	      6.44926682164869191638	    -23.33300489883460215879	     -0.20684969441410525071	     -0.07110480137427108160	      0.11959240417164576642	      0.05538553592824513316	     -9.46304135796059142649	     18.24990940093580249481	    -97.19161075799495108640	    -29.88842955867433559547	    -20.03031545997482965049	    100.41729324858729910375	     67.42427534435337577179	     99.13601189420873538438	     15.36686296729361700386	     55.59310142807384380603
      0.94700000000000050804	      6.40427830145573739884	    -23.31740717803618778703	     -0.26672621608479141209	     -0.07176844324018587240	      0.11787966874763358693	      0.05507911702481996241	     -9.34630767742596546555	     18.03632633750217451052	    -96.85922938536943149757	    -29.61430778517584272436	    -19.85466046068669854208	     99.77874641198971517042	     66.96983787775155860800	    101.59687161472974992193	     15.39851833854345386499	     54.43846696466982137963
      0.94800000000000050893	      6.35290533503898746659	    -23.29587083014362036693	     -0.32592583815951192694	     -0.07242916591583684061	      0.11616060416190292226	      0.05480340963251288666	     -9.22101330885344872001	     17.81581119125536716297	    -96.52548892047569495389	    -29.32872975773930335208	    -19.64521521314078711384	     99.13409494098777940962	     66.51033230805558105203	    104.05657934817236309755	     15.41427230028171635468	     53.28277495872893609885
      0.94900000000000050981	      6.29519940812779665862	    -23.26845676963368703127	     -0.38442915247553399727	     -0.07308678099780416271	      0.11443584428261537045	      0.05455803200159756866	     -9.08734192687852093684	     17.58862492847305958321	    -96.19057034411021334108	    -29.03223380503212425197	    -19.40209880845467083077	     98.48321859450204840414	     66.04613374202962461368	    106.51525706593416487067	     15.41432188748681397783	     52.12676108209181791153
      0.95000000000000051070	      6.23122341367652854416	    -23.23520978629844790930	     -0.44220038560103680503	     -0.07374104719488956683	      0.11270592777549870434	      0.05434254701461607023	     -8.94549368570941716428	     17.35533827587471122911	    -95.85479741468896008882	    -28.72535959552659079463	    -19.12547312809292421321	     97.82600829367784456281	     65.57771500657463548123	    108.97297446018971811554	     15.41689814591929064136	     50.97122118908350074662
      0.95100000000000051159	      6.16103587939875740886	    -23.19620317755374472313	     -0.49922269054587231629	     -0.07439180025697830767	      0.11097151412023757711	      0.05415652575700778681	     -8.79564681652654556387	     17.11620227626250922981	    -95.51833894440123629010	    -28.40864707762445462436	    -18.81550311298463995513	     97.16237122081119537143	     65.10546460258248657738	    111.42983572971544958818	     15.42182383866967398944	     49.81684222804454265088
      0.95200000000000051248	      6.08469677026125843611	    -23.15151737950938937161	     -0.55548323725569181963	     -0.07503880209699052839	      0.10923316564465319900	      0.05399953926886637973	     -8.63798720003562792158	     16.87145938031147096581	    -95.18136792198009743515	    -28.08264240346376183766	    -18.47237595764899609208	     96.49221132388028365767	     64.62975983918194344824	    113.88593492274731033831	     15.42794335643175784867	     48.66428046659844852684
      0.95300000000000051337	      6.00226121275526125487	    -23.10126001808016482642	     -0.61098683777285367480	     -0.07568188357274080458	      0.10749164288448735671	      0.05387116860734669083	     -8.47270242384430893878	     16.62119920951814577847	    -94.84390568190984538433	    -27.74789217167703014866	    -18.09628269394263710979	     95.81544869054964408406	     64.15085717189249692183	    116.34140032139981713044	     15.41920287652653698274	     47.51408605770417636904
      0.95400000000000051426	      5.91379554338441959516	    -23.04552252005466783658	     -0.66572221766174999313	     -0.07632082910041351753	      0.10574755016003320462	      0.05377094323349605742	     -8.29998416066163891003	     16.36572603155794070062	    -94.50611816770812367849	    -27.40494096360284004277	    -17.68745695769375814166	     95.13201264311680915853	     63.66913062047090932083	    118.79630824120964405211	     15.39580058233529591405	     46.36686691412282357305
      0.95500000000000051514	      5.81937721234103211287	    -22.98438035533091294838	     -0.71966255661098410545	     -0.07695538414781050163	      0.10400130257342103668	      0.05369834408479368798	     -8.12002773004778433119	     16.10558219928929091225	    -94.16831427565793433132	    -27.05433051293151791583	    -17.24617472140243634726	     94.44184209371456972804	     63.18506573520315328096	    121.25068183143606859176	     15.37433936453384752951	     45.22328879012915336943
      0.95600000000000051603	      5.71907929312728668947	    -22.91793586998098319896	     -0.77279861370982005919	     -0.07758536859485920534	      0.10225346720650076160	      0.05365285955406477736	     -7.93301732957855421091	     15.84101662660175691144	    -93.83065409409503843108	    -26.69660226100445754582	    -16.77271715352292957846	     93.74488948778970609510	     62.69904261667493017285	    123.70457923019580448454	     15.35486280324602503811	     44.08391020616127775611
      0.95700000000000051692	      5.61297538084515501566	    -22.84629775687187702715	     -0.82512458831598989306	     -0.07821052642868100979	      0.10050459923275319174	      0.05363398108571616751	     -7.73914668296782704004	     15.57227378763936798123	    -93.49329979175580263018	    -26.33230241290575790458	    -16.26738792731290317306	     93.04110504595614372647	     62.21142957460090627819	    126.15804940950545187661	     15.33651084281680887500	     42.94925833959572258891
      0.95800000000000051781	      5.50113132325274989398	    -22.76960124402672036581	     -0.87665196750629081901	     -0.07883066869817965949	      0.09875549368420233343	      0.05364123144014401601	     -7.53862195042758020946	     15.29963366025072701859	    -93.15626079650195379145	    -25.96197078913861489013	    -15.73049094451486062951	     92.33045442862996310396	     61.72247255347705419126	    128.61117779914346215264	     15.30425649346601879586	     41.81975149249394263506
      0.95900000000000051870	      5.38362531056327942025	    -22.68796465222016678354	     -0.92737631376723861365	     -0.07944557698798372647	      0.09700669296965573618	      0.05367407858336718102	     -7.33164083227279572696	     15.02342800718017734596	    -92.81969616811446144311	    -25.58614534984363686476	    -15.16237537049286565605	     91.61290923989903944857	     61.23253830501760575089	    131.06399594655295004486	     15.25832417018857967150	     40.69586681736416267086
      0.96000000000000051958	      5.26054750405834514737	    -22.60148970789418498839	     -0.97727792957238956983	     -0.08005501386169383560	      0.09525845704552403370	      0.05373194114509111802	     -7.11839343317407013956	     14.74406966485722314530	    -92.48391247682666005403	    -25.20536131487575559618	    -14.56343493942394040630	     90.88844755071146153114	     60.74210904466761462572	    133.51648025750881743079	     15.21426609330047163837	     39.57814047281257785471
      0.96100000000000052047	      5.13198160604376951710	    -22.51030385620888552012	     -1.02635404621950176995	     -0.08065881574899674833	      0.09351123925196626330	      0.05381426029259856608	     -6.89907074515162488382	     14.46181973825918198884	    -92.14906870275811456850	    -24.82014915114889674896	    -13.93406656301034729495	     90.15705984627156510669	     60.25155301513904504418	    135.96864334799462881165	     15.17226129898724806822	     38.46700107231372101069
      0.96200000000000052136	      4.99801088846729868465	    -22.41453985276204718957	     -1.07460480072350916814	     -0.08125673808921829444	      0.09176556331709026515	      0.05392048343031807800	     -6.67387431057256108602	     14.17694180679984405913	    -91.81532330799988983472	    -24.43104229252115899840	    -13.27468938196903280868	     89.41873584646806705223	     59.76122629415230136374	    138.42048930539058915201	     15.13163915965142436448	     37.36284628231499738149
      0.96300000000000052225	      4.85870831747473008733	    -22.31435601347293840035	     -1.12204724470695671457	     -0.08184860304444893653	      0.09002223137267054143	      0.05405010848358863390	     -6.44302582716488103642	     13.88988852554799002803	    -91.48268125967852881786	    -24.03856237516240668128	    -12.58571957436665833541	     88.67347971340826973119	     59.27135857623576242759	    140.87206037123348778550	     15.07821827859781116388	     36.26596354739554328717
      0.96400000000000052314	      4.71416027838813000983	    -22.20989273586520695858	     -1.16868265758362532836	     -0.08243422308645943775	      0.08828170377272642755	      0.05420257529157137405	     -6.20672870597439541029	     13.60100021476736387172	    -91.15130257032993199573	    -23.64322998631492467325	    -11.86762111296175881137	     87.92129868875237264092	     58.78230181823359146165	    143.32334220618784570433	     15.01227799534532714176	     35.17670198670948167319
      0.96500000000000052403	      4.56446625670257599694	    -22.10127279824146739884	     -1.21449722115777358766	     -0.08301341062466977005	      0.08654407269556158022	      0.05437726974550971537	     -5.96516942969337815583	     13.31052712975169072251	    -90.82149955600071677964	    -23.24556367834365744329	    -11.12090502906682765172	     87.16220409572332528114	     58.29452438104856781820	    145.77426261384746908334	     14.94861482214637860011	     34.09547290901065252910
      0.96600000000000052491	      4.40971628750178901157	    -21.98864354868935322429	     -1.25949369513518183439	     -0.08358604996923325869	      0.08480966703010792140	      0.05457362209222393207	     -5.71854526923243167147	     13.01876452522895810660	    -90.49343599547839289698	    -22.84607065104714251902	    -10.34608130817518834021	     86.39621962774253915995	     57.80838032359399392135	    148.22478681485350193725	     14.88747932501759585477	     33.02257967294621465726
      0.96700000000000052580	      4.24999898371295525834	    -21.87215638350536650591	     -1.30367733936286667173	     -0.08415194073671956876	      0.08307895946271512400	      0.05479107363977264028	     -5.46706457053055228101	     12.72601530723876983586	    -90.16727309788122113332	    -22.44525937310756802390	     -9.54368158070259298142	     85.62336937491529909039	     57.32421051723071059314	    150.67487148436919142114	     14.82831728048212838189	     31.95829623592890555983
      0.96800000000000052669	      4.08539175017883682273	    -21.75198687390173901690	     -1.34706978658253051506	     -0.08471094977777414436	      0.08135273140322712981	      0.05502912203253038093	     -5.21095959061848290617	     12.43279897329276728613	    -89.84301843668845322100	    -22.04362474628241486130	     -8.71423406370869990667	     84.84368984444351724505	     56.84220967476043284705	    153.12451253024002539860	     14.75779626053839166389	     30.90278703119091829876
      0.96900000000000052758	      3.91598545483467175288	    -21.62829152441722158073	     -1.38967716002509455997	     -0.08526294781123780475	      0.07963134545675261411	      0.05528720856706852149	     -4.95043673863725341988	     12.13944636718635905481	    -89.52083814722202248504	    -21.64165799103248843949	     -7.85831466300630854249	     84.05722007554045660527	     56.36270667506049392159	    155.57364632705719031947	     14.67626155844510371651	     29.85628166229419377942
      0.97000000000000052847	      3.74188442431045054093	    -21.50120802068402525720	     -1.43149067425058862391	     -0.08580781526839836859	      0.07791472293051208975	      0.05556471811772059621	     -4.68567733442261236121	     11.84610426841716268598	    -89.20105318424634788244	    -21.23984554596332685605	     -6.97654649352572064913	     83.26400339843921472038	     55.88615698282591637280	    158.02214855419720151986	     14.59780378277603318793	     28.81907584233163532872
      0.97100000000000052935	      3.56318128812708945219	    -21.37089717941196198581	     -1.47251770930063607956	     -0.08634549992649862005	      0.07620305964473103599	      0.05586109492743697447	     -4.41687938922306688738	     11.55311239409295076541	    -88.88383482136519830874	    -20.83865687885460715734	     -6.06954820268568440156	     82.46409538038729181153	     55.41289655645265099793	    160.46993317168647763538	     14.52275020856976794903	     27.79135816223244503931
      0.97200000000000053024	      3.37996624494208708356	    -21.23752246330898785232	     -1.51276793686460253596	     -0.08687586623041844425	      0.07449675452808326992	      0.05617580144819795535	     -4.14425257981808670138	     11.26081756749486295632	    -88.56935131927679094588	    -20.43856151021533307244	     -5.13795936838425060245	     81.65755189162213412146	     54.94324567078930243724	    162.91690485029565138575	     14.45066457409409288459	     26.77329031461237462963
      0.97300000000000053113	      3.19231921742002722198	    -21.10127002060757206436	     -1.55226680903967562131	     -0.08739884683443864544	      0.07279653549990411365	      0.05650834691085080547	     -3.86803128503824300566	     10.96966280641523816541	    -88.25761644214902901240	    -20.04001703497952391331	     -4.18241846798185701317	     80.84443800260926593637	     54.47733806730889938308	    165.36300849331638573858	     14.36901266691415912646	     25.76492635919300155933
      0.97400000000000053202	      3.00033244653632058530	    -20.96230578702136781999	     -1.59102453140815858212	     -0.08791437888395278732	      0.07110264847966400736	      0.05685819147575615212	     -3.58841748848361197233	     10.67995828639460853537	    -87.94880362104174764681	    -19.64346979329073761278	     -3.20360783344035704445	     80.02482384682529925612	     54.01547170304979772482	    167.80812685130030104119	     14.27818754845689497301	     24.76638940254295562227
      0.97500000000000053291	      2.80411089075646113855	    -20.82077581666561627571	     -1.62903658070210122233	     -0.08842240545171671517	      0.06941484003843183259	      0.05722474137890088547	     -3.30558031059621493242	     10.39186705815607680847	    -87.64324077818058356115	    -19.24935388362914068239	     -2.20225332678601404268	     79.19878709550526707517	     53.55809899484249569923	    170.25207981340207652465	     14.19157343411677807410	     23.77787276122305826220
      0.97600000000000053380	      2.60374754152052823031	    -20.67684797113653516476	     -1.66631403846945502778	     -0.08892293111641556835	      0.06773315953515519905	      0.05760746140325900821	     -3.01970807276236863359	     10.10575990994680140034	    -87.34110475543754148475	    -18.85808459597144803865	     -1.17907520645969587925	     78.36641609196038871232	     53.10553028793074759051	    172.69472680469027636718	     14.10964203260576077525	     22.79946475722810816933
      0.97700000000000053468	      2.39933218991596319825	    -20.53069173100949029731	     -1.70287030632124047891	     -0.08941588415721288263	      0.06605790070600141284	      0.05800584274435582194	     -2.73100226127549428057	      9.82200764522367641973	    -87.04257056374834178314	    -18.47007722604563539903	     -0.13481323601144246105	     77.52779722133172413123	     52.65805599123593339073	    175.13591731591816369473	     14.03213455134796205925	     21.83122992169645470995
      0.97800000000000053557	      2.19094641810289303407	    -20.38249844673402932926	     -1.73873417294985022075	     -0.08990126177567413224	      0.06438969842574733538	      0.05841940435179731467	     -2.43968928660270778508	      9.54086403118330039774	    -86.74765508019414994578	    -18.08573864909482153962	      0.92979131042695883913	     76.68302178056336515510	     52.21572592695849124311	    177.57554338651010539252	     13.94698767445507847640	     20.87312668271042070955
      0.97900000000000053646	      1.97868248760334242142	    -20.23243838591796617266	     -1.77391925075924850042	     -0.09037905246964776651	      0.06272865867835888953	      0.05884762485094652273	     -2.14595688008220175647	      9.26261503450439249718	    -86.45653395951784148110	    -17.70545403648346649561	      2.01396046860662680800	     75.83219125470051835691	     51.77880000344233479836	    180.01343318647369073915	     13.85458593083502698562	     19.92518737812027040945
      0.98000000000000053735	      1.76264393529091467627	    -20.08066124383735839842	     -1.80842447057093580476	     -0.09084923490103044563	      0.06107434918939505519	      0.05928993510961418079	     -1.84995216040888998954	      8.98755246903000148961	    -86.16953461953983151034	    -17.32958611030513651485	      3.11687996424266211548	     74.97542045791600173743	     51.34773665586154578477	    182.44935092973895507384	     13.76775152271125435277	     18.98751927566951636095
      0.98100000000000053824	      1.54292410210598407438	    -19.92733755151773422654	     -1.84226366216196035808	     -0.09131184328548343221	      0.05942665938645248780	      0.05974580803674747059	     -1.55184370854253250727	      8.71605400720368628242	    -85.88683190191021310511	    -16.95848123399560591906	      4.23774001923193921471	     74.11283171282900639198	     50.92281203459340588324	    184.88310223654130481918	     13.68731389063340309065	     18.06012806275292348346
      0.98200000000000053912	      1.31961267405125171059	    -19.77263894735926896828	     -1.87545325236537818725	     -0.09176684621703098954	      0.05778574402529319809	      0.06021475076923470809	     -1.25181546830089884814	      8.44848561645111040264	    -85.60860121630899755019	    -16.59248653833361686338	      5.37571369360279671668	     73.24454102937689015107	     50.50427652713310777699	    187.31448249291875640665	     13.61337736508449758333	     17.14299910996656706175
      0.98300000000000054001	      1.09279266547777287322	    -19.61675952854081828036	     -1.90802544356959891125	     -0.09221428412018904675	      0.05615211142312705184	      0.06069628223624556895	     -0.95007492599779574949	      8.18486257761450985981	    -85.33484870088378215769	    -16.23194296804384251232	      6.52997281706086241115	     72.37066456135305259068	     50.09207875682968591491	    189.74333487957460420148	     13.53339023778546845733	     16.23600947458585608274
      0.98400000000000054090	      0.86255669007146285043	    -19.45987119659667996530	     -1.93999669595780011022	     -0.09265416551482703877	      0.05452571095183778721	      0.06118988552671023040	     -0.64678669061794524797	      7.92544843976302626487	    -85.06574050802795738946	    -15.87716029602158052114	      7.69966011586513143783	     71.49133556028743896604	     49.68643376969587421854	    192.16943662674336223972	     13.44765629140694329635	     15.33911842401080782849
      0.98500000000000054179	      0.62900742892276351181	    -19.30212442786243798309	     -1.97136828633664684673	     -0.09308646646911328260	      0.05290593452005544484	      0.06169500144351145604	     -0.34206928095197675077	      7.67072770124136571468	    -84.80159379661911600579	    -15.52841677628440208991	      8.88388992574176405981	     70.60670802200539242222	     49.28781069160464767265	    194.59249960417537295143	     13.36917163719256151921	     14.45236797883885415672
      0.98600000000000054268	      0.39223988370085977051	    -19.14369050307226061136	     -2.00215607328936595621	     -0.09351121673951186264	      0.05129251229988650990	      0.06221109081147407210	     -0.03606508573518547173	      7.42105248097968583920	    -84.54256746420996648794	    -15.18597896324922125189	     10.08177986155070016139	     69.71693903308803896834	     48.89643975015574994814	    197.01228074796742362196	     13.29927909156572063409	     13.57570047986737726831
      0.98700000000000054357	      0.15234526697636260884	    -18.98474174727753194247	     -2.03237899231261520683	     -0.09392839085544341104	      0.04968543951377203671	      0.06273765464456729224	      0.27106604863818911655	      7.17675044148742102834	    -84.28882398651366258946	    -14.85011491277758288732	     11.29243370421561110106	     68.82217349753976520788	     48.51251875761060716741	    199.42852688922849324626	     13.23854554778550252081	     12.70904161347015026706
      0.98800000000000054445	     -0.09059221515559723326	    -18.82547490072098383962	     -2.06207298130442673312	     -0.09433803976994345475	      0.04808508373393487884	      0.06327420342581441259	      0.57914453823900302609	      6.93763080780222551880	    -84.04033783216006270322	    -14.52108511855042394245	     12.51495919368282372375	     67.92255178421604000505	     48.13589090048211005524	    201.84104124309044436814	     13.17259511354004786199	     11.85220162740121452316
      0.98900000000000054534	     -0.33647842217340062643	    -18.66606272988635240040	     -2.09125683127390527005	     -0.09474015762229187620	      0.04649124198889912490	      0.06382020799820553592	      0.88803339282970561452	      6.70393873797411465887	    -83.79724951401669841289	    -14.19911437916939078718	     13.74843979253837034094	     67.01823890360347490969	     47.76672029728103296975	    204.24955744168948967854	     13.10160428283837852348	     11.00508618987744569040
      0.99000000000000054623	     -0.58520925809385770933	    -18.50665492977271142649	     -2.11993284001982873477	     -0.09513468494860458091	      0.04490315376653306739	      0.06437509743763526748	      1.19764224516244688346	      6.47633843486505789144	    -83.55985549668956480218	    -13.88439191635840508354	     14.99193575175780068776	     66.10942828076699129269	     47.40548095380587056979	    206.65374050086072088561	     13.03995907338090454175	     10.16769636536496079771
      0.99100000000000054712	     -0.83668677803850233232	    -18.34742283549044827851	     -2.14811822776414063085	     -0.09552161999453064045	      0.04332041852001326798	      0.06493830567983438495	      1.50785546037972206790	      6.25512248753095079223	    -83.32828192100095066053	    -13.57709909549701343678	     16.24451138663684801600	     65.19631127654203339716	     47.05234394237535866523	    209.05330665894274488892	     12.98952278902313040021	      9.33993115859464850814
      0.99200000000000054801	     -1.09081684576286752630	    -18.18853849210368167633	     -2.17583366886155804565	     -0.09590090999852325659	      0.04174288271948908835	      0.06550930970766573325	      1.81853930384855377866	      6.04054930456164829167	    -83.10266192855324618449	    -13.27741855134657633641	     17.50522088877076143376	     64.27906098633367548700	     46.70744256917664927187	    211.44796233452944989040	     12.95126159914018870722	      8.52167637550080314668
      0.99300000000000054889	     -1.34751533796511280272	    -18.03020046776047635717	     -2.20311833863292383384	     -0.09627258094074805927	      0.04017079360575547681	      0.06608761292150872046	      2.12954768996320353835	      5.83232681084570270258	    -82.88291902509149622347	    -12.98551939433791879708	     18.77313239872840355815	     63.35784199290281293315	     46.37053147980077483226	    213.83748110377064222121	     12.90772922988038651226	      7.71269105745466898583
      0.99400000000000054978	     -1.60668618121779349650	    -17.87258036991545750993	     -2.22999208055319009247	     -0.09663658559249894975	      0.03860383417154572561	      0.06667266536979409020	      2.44077090976314137194	      5.63068230034919015026	    -82.66915443568406374197	    -12.70153795027504450843	     20.04728930115149410085	     62.43285015198656395796	     46.04172159287834631414	    216.22156090943232698010	     12.85897941595067806020	      6.91284720053190238076
      0.99500000000000055067	     -1.86822186413334723198	    -17.71582376605158870575	     -2.25645617141355314672	     -0.09699281263890170701	      0.03704114463940406943	      0.06726386736647511910	      2.75213970709916244672	      5.43636268801139621587	    -82.46163734822751223419	    -12.42557833205299644419	     21.32671158768234320746	     61.50431592887267839842	     45.72147232873690825272	    218.59982500024341334210	     12.82208941691328618617	      6.12212945419818943549
      0.99600000000000055156	     -2.13202194884156881471	    -17.56009899484424252591	     -2.28252767832995129282	     -0.09734121574319166970	      0.03548225480583646479	      0.06786062666944328581	      3.06356134457760376222	      5.24958290050546949601	    -82.26044982671754723924	    -12.15773684565521506329	     22.61042806424196882631	     60.57246237621515660976	     45.40988925691807054363	    220.97195637051001426698	     12.79931387682266041850	      5.34041280971913057130
      0.99700000000000055245	     -2.39798979163907732826	    -17.40557413962337562907	     -2.30822718426105133460	     -0.09768169150472119644	      0.03392691135221143073	      0.06846239308614014696	      3.37492654410023007472	      5.07052008965993028511	    -82.06568421025268378344	    -11.89810940779543990686	     23.89746119636055254887	     59.63748900863951973861	     45.10703767396400820644	    223.33762867015261122106	     12.79182488051777255578	      4.56756215654674324611
      0.99800000000000055334	     -2.66604379649376488359	    -17.25244536273486772870	     -2.33359505563542679596	     -0.09801421340884651501	      0.03237529830454919516	      0.06906867453383212785	      3.68612431409223306744	      4.89890085376578721110	    -81.87720322295108132948	    -11.64676938214864065912	     25.18686038435098595301	     58.69958311372499792924	     44.81261479318435902996	    225.69659453177871455409	     12.77830443663190962411	      3.80330203745875206067
      0.99900000000000055422	     -2.93608700410015410753	    -17.10087804716800974347	     -2.35864985150186345919	     -0.09833868166244068287	      0.03082705279261210851	      0.06967890545731143803	      3.99706779101167164470	      4.73492722205235239130	    -81.69506319108606362533	    -11.40376715902250559509	     26.47764479019016192751	     57.75896753872734734614	     44.52668017394096011685	    228.04852267188408632137	     12.75872775220504706795	      3.04749036202231327053
      1.00000000000000044409	     -3.20800798174712920030	    -16.95100766091491450993	     -2.38338919298829221560	     -0.09865493816414559747	      0.02928128939124262364	      0.07029245518714462293	      4.30769769318933004598	      4.57929286883689723453	    -81.51950572319324805903	    -11.16913102800519119739	     27.76880485256717179254	     56.81590323948145027089	     44.24965178254154807291	    230.39299845413117395765	     12.75384414538411448348	      2.30011831145397094289
      1.00100000000000033396	     -3.48170596470376780829	    -16.80299361715738371004	     -2.40782766239188061874	     -0.09896289634011896930	      0.02773754872739191482	      0.07090872264945044523	      4.61793766280554596193	      4.43213422797091283201	    -81.35056615515229339053	    -10.94287676798329478345	     29.05934912679849446704	     55.87063838370539770040	     43.98157085700951540730	    232.72967765131724604544	     12.76601427282183642831	      1.56105520154287225054
      1.00200000000000022382	     -3.75708393244339688977	    -16.65699352924680098909	     -2.43198303056814779666	     -0.09926239532469535720	      0.02619555439046348036	      0.07152714407026058985	      4.92769836839549402185	      4.29355292742200056466	    -81.18829240145306869181	    -10.72501689592622575731	     30.34828359899484340190	     54.92339388065942529238	     43.72243925081878757055	    235.05820754782234871527	     12.79629803560588996447	      0.83016305856634964311
      1.00300000000000011369	     -4.03406546902257723275	    -16.51319345192837673153	     -2.45589336844525352177	     -0.09955334316183302168	      0.02465550557759685346	      0.07214724971848109070	      5.23690091475823571443	      4.16337840796466540638	    -81.03248972729672061632	    -10.51553195540605578628	     31.63465421896257367962	     53.97437460608497872272	     43.47193302069226916728	    237.37832537007662381257	     12.81954295130999099683	      0.10715122862530011838
      1.00400000000000000355	     -4.31255486008712196622	    -16.37174482010102849472	     -2.47957288277379506169	     -0.09983559333520174162	      0.02311707366058046720	      0.07276847597348751195	      5.54547456865379118085	      4.04177482218952821569	    -80.88317320072177096790	    -10.31439301571898603527	     32.91746871090135329041	     53.02382226589070057798	     43.23006535756218937649	    239.68967518287783491360	     12.83572315634817684327	     -0.60811737292088008378
      1.00499999999999989342	     -4.59243806115072139562	    -16.23276528841943289194	     -2.50301290595529746241	     -0.10010896411670093531	      0.02157942191013257835	      0.07339017594425593927	      5.85335914259146417038	      3.92926807239922748494	    -80.74056161272156373343	    -10.12156264995141441432	     34.19569812597607949556	     52.07201701988374509256	     42.99718602314035820200	    241.99180773436785329977	     12.86950154146739677685	     -1.31562562985685538308
      1.00599999999999978328	     -4.87361694443726012338	    -16.09639756294427925809	     -2.52622291586426372945	     -0.10037334789582799677	      0.02004217670938599968	      0.07401176693113993565	      6.16048816647007946301	      3.82592369892476868998	    -80.60464983931936444606	     -9.93698287160853332978	     35.46834416705931403158	     51.11922089274196423503	     42.77327761816746232171	    244.28435575774651056236	     12.92299534825060192134	     -2.01549287735936832888
      1.00699999999999967315	     -5.15599696477350732948	    -15.96278113967014355978	     -2.54921511322510729869	     -0.10062853752414772923	      0.01850511793092191742	      0.07463269618773363256	      6.46678674223889160544	      3.73178032491524769299	    -80.47544558918650636770	     -9.76058921315487992842	     36.73441009509647159348	     50.16566716428904015856	     42.55828679036501682731	    246.56694473756758156924	     12.99681809464057558046	     -2.70784330467864586822
      1.00799999999999956302	     -5.43950870442812828287	    -15.83208347457155618088	     -2.57202172672451689905	     -0.10087438095663858739	      0.01696853222405517864	      0.07525253520786479022	      6.77220140843912865591	      3.64680412502300654864	    -80.35271060114260421869	     -9.59227804427044894453	     37.99295038440836691507	     49.21156965881257860929	     42.35189951383914319649	    248.83929821789564584833	     13.06288399224774110507	     -3.39296177517713415384
      1.00899999999999945288	     -5.72405981703798083515	    -15.70443512456372836539	     -2.59465042033972714819	     -0.10111070789662122971	      0.01543218797471750288	      0.07587074627495728196	      7.07667065880228918218	      3.57110825557286126752	    -80.23642768485676413093	     -9.43194999321818627891	     39.24297474214136371984	     48.25717772681422701453	     42.15408588785731325288	    251.10103801732174133576	     13.12122485988592934802	     -4.07096305544758330086
      1.00999999999999934275	     -6.00953577675047601048	    -15.57993061365359466208	     -2.61708539571569653859	     -0.10133735099328683438	      0.01389534467837379855	      0.07648669240591746132	      7.38012609690660603690	      3.50498267108703576156	    -80.12679692910981543719	     -9.27951083447727675946	     40.48344960803098047109	     47.30277715104476499164	     41.96510150078369605353	    253.35168322372888383143	     13.19972649507597139973	     -4.74179013014039618668
      1.01099999999999923261	     -6.29584333929317452316	    -15.45869061009912392990	     -2.63932991020461926723	     -0.10155421248527445044	      0.01235775424599747964	      0.07709983763846470217	      7.68250617374800004455	      3.44844396925932361597	    -80.02378284903809912976	     -9.13483699929159698172	     41.71338606133627280315	     46.34863123992120392813	     41.78487734056394486970	    255.59084512960183133146	     13.30004058954867929288	     -5.40553547820581581362
      1.01199999999999912248	     -6.58289253776526184225	    -15.34083195927361131794	     -2.66138961971916154781	     -0.10176106667447848420	      0.01081930333407374496	      0.07770966791775348048	      7.98374523789623324888	      3.40149151325619980568	    -79.92736046038307051731	     -8.99779600286213288030	     42.93180160523336752476	     45.39497560308564061415	     41.61331310802273719673	    257.81812920636872377145	     13.42216919714887168880	     -6.06229434163898872612
      1.01299999999999901235	     -6.87062100835795952491	    -15.22649863263769987043	     -2.68328938867770050436	     -0.10195772607317428460	      0.00928040481956275524	      0.07831581049976536757	      8.28380659195133439709	      3.36418861811733149736	    -79.83726360670667077102	     -8.86821297915489559216	     44.13777306040817904886	     44.44202336847891388061	     41.45011613282539286729	    260.03324382013414606263	     13.53639459413023260481	     -6.71232583920726710858
      1.01399999999999890221	     -7.15894092844124507735	    -15.11579729186644094341	     -2.70503029663788341352	     -0.10214403055777565577	      0.00774094585152521573	      0.07891777681925903065	      8.58263273937779480605	      3.33658816504136579439	    -79.75345170557172025383	     -8.74592779658255992103	     45.33033002060133753730	     43.49002039231628913285	     41.29521208844872859345	    262.23578880134851942785	     13.64281135201425243508	     -7.35570781905973980486
      1.01499999999999879208	     -7.44773936528594848738	    -15.00879814823641744681	     -2.72659077837921159926	     -0.10231986735626544260	      0.00620028555342963875	      0.07951496920201890639	      8.88014561298713189785	      3.31875487376041178322	    -79.67610747580138763624	     -8.63079570738327817025	     46.50845614702225105930	     42.53924592669351056884	     41.14874630581478243130	    264.42525377600674119094	     13.77126199796766314876	     -7.99233407870844825283
      1.01599999999999868194	     -7.73692875705887050941	    -14.90559820834576498783	     -2.74796859337768184517	     -0.10248518043618030926	      0.00465829335592712716	      0.08010691923510396273	      9.17628634545328125682	      3.31068279471683624138	    -79.60517463086171119357	     -8.52263572240754818665	     47.67119225264592330404	     41.58995364708657405117	     41.01060371761572298510	    266.60122805722551220242	     13.92289355466024680652	     -8.62225676034665511338
      1.01699999999999857181	     -8.02642447034225092750	    -14.80629078952604693598	     -2.76916376054910928772	     -0.10263975913319837996	      0.00311496795050915593	      0.08069317361904594643	      9.47099513986892915796	      3.31235607745481352993	    -79.54060340765649073091	     -8.42125692629000432987	     48.81759082823511164406	     40.64237227907277372196	     40.88064271575528607627	    268.76329653791935925256	     14.09713027228010773229	     -9.24552897505304471792
      1.01799999999999846167	     -8.31616986415723857817	    -14.71099550895150898100	     -2.79019445504456520268	     -0.10278341417669034641	      0.00157084242357503337	      0.08127342315664386196	      9.76424424390701872767	      3.32383853880628521438	    -79.48211189742903570732	     -8.32642670629002346061	     49.94676856876716897204	     39.69670524937491506989	     40.75858234208936892173	    270.91114926497778014891	     14.26382023963932432764	     -9.86236745846614581978
      1.01899999999999835154	     -8.60608166821438658189	    -14.61979573238018481618	     -2.81105691242396193985	     -0.10291602803811038258	      0.00002589890474929903	      0.08184724416024335980	     10.05597798088455441246	      3.34512142953805025059	    -79.42964231028201993468	     -8.23793279953331847310	     51.05779731416055966520	     38.75318601212696734137	     40.64429993182078959535	    273.04436298600478494336	     14.42308391873275930095	    -10.47280135595432071227
      1.01999999999999824141	     -8.89604990763161396217	    -14.53273937540362226173	     -2.83172652367891197756	     -0.10303757152261520946	     -0.00152044287782331284	      0.08241410085610052783	     10.34611262158025013491	      3.37613140085024898696	    -79.38335920196372796909	     -8.15558369008325634297	     52.14970498138193732984	     37.81207894796928314918	     40.53783092020665890232	    275.16239914882390849016	     14.60541904938799184777	    -11.07666855283342144389
      1.02099999999999813127	     -9.18599207289121011399	    -14.44990125942288194949	     -2.85219761704716967543	     -0.10314805373503631303	     -0.00306824439578155719	      0.08297360029423092587	     10.63459246744520747541	      3.41685162608069825652	    -79.34319114375561809993	     -8.07914827268841406749	     53.22158564959000415229	     36.87362061449010042224	     40.43901508522166921011	    277.26482366230709430965	     14.81153675550593362686	    -11.67396979236055543083
      1.02199999999999802114	     -9.47582827148237782922	    -14.37135297735414241060	     -2.87246671775085049561	     -0.10324730705474678694	     -0.00461743189570825753	      0.08352536010433654623	     10.92136249767284361667	      3.46725753461452823601	    -79.30906892022252918650	     -8.00838598994062778047	     54.27255000967556952673	     35.93802591805225432608	     40.34766988432894407879	    279.35119931081396771333	     15.04041598178374883332	    -12.26470532862796680718
      1.02299999999999791100	     -9.76550562259001608822	    -14.29719134844554773167	     -2.89254722987863788219	     -0.10333516850863712355	     -0.00616739779070315901	      0.08406913470877314110	     11.20639894545400494508	      3.52731214440452545134	    -79.28070183552389949000	     -7.94301763811830774387	     55.30177520274733637962	     35.00548186710810227851	     40.26350797025078520619	    281.42119469861501102059	     15.26229741334979372880	    -12.84903691024049265934
      1.02399999999999780087	    -10.05494455649096430250	    -14.22747839061155517015	     -2.91243274136036545130	     -0.10341158152012899785	     -0.00771812017542515810	      0.08460456863774398761	     11.48964872605553644291	      3.59695039917261993878	    -79.25801757070992437093	     -7.88278581734699113071	     56.30839901466875829783	     34.07620380656476299919	     40.18635596434710777203	    283.47436261983028771283	     15.47726313188739766247	    -13.42693624013152842167
      1.02499999999999769074	    -10.34403844883396850207	    -14.16224198457161342901	     -2.93209800043213819620	     -0.10347660852058641889	     -0.00927017777098514822	      0.08513119508139607716	     11.77102952042435290991	      3.67607223649988945624	    -79.24116005685654329227	     -7.82745522780382874117	     57.29152035755951288820	     33.15043678437434948592	     40.11615244838257154925	    285.51013812888515985833	     15.71542840951948249995	    -13.99818087642190000963
      1.02599999999999758060	    -10.63270829405987605298	    -14.10153590249076138718	     -2.95153547201395660693	     -0.10353032800950554004	     -0.01082362795261862694	      0.08564868829947014373	     12.05049078651691729647	      3.76464911842704408329	    -79.23004557035717709823	     -7.77675145946868084934	     58.25030869596234595065	     32.22839620315184561150	     40.05269420161913984657	    287.52806309833209752469	     15.97731002829014812505	    -14.56271186212458879083
      1.02699999999999747047	    -10.92087746528694580661	    -14.04541079944724302209	     -2.97073960716543572502	     -0.10357262456256034755	     -0.01237838035720037998	      0.08615673014788748085	     12.32798292707269638413	      3.86264112765620737378	    -79.22458934014503029175	     -7.73039239523569232659	     59.18395397814743574827	     31.31027845751993865520	     39.99575944717926034855	    289.52767756509069840831	     16.26171880550417370159	    -15.12046893109185852211
      1.02799999999999736033	    -11.20849515727610601346	    -13.99394133091502823163	     -2.98972044814037074545	     -0.10360337161373703307	     -0.01393381229382213184	      0.08665512884615622635	     12.60348473759783516357	      3.96983388948907744975	    -79.22449330384006316308	     -7.68806084969769631954	     60.09171386208528531370	     30.39624914967905411345	     39.94503758041610552709	    291.50862856898373820513	     16.53938637067162176209	    -15.67155288057847428718
      1.02899999999999725020	    -11.49548421351276239477	    -13.94716837902123884874	     -3.00846997382574610214	     -0.10362257072480014763	     -0.01548992104626073681	      0.08714358498044612322	     12.87694792826727052670	      4.08611300748161276886	    -79.22967109475472113900	     -7.64946102185040555099	     60.97281280996190844235	     29.48650228368590120454	     39.90030742303709132557	    293.47044601565602306437	     16.81028927042303067196	    -16.21587320334908710606
      1.02999999999999714007	    -11.78174066551125953595	    -13.90509967535827762219	     -3.02696298576587485840	     -0.10363036110208385943	     -0.01704733607845389590	      0.08762168802151085178	     13.14829785183416888117	      4.21144711615989919551	    -79.24024474787125882358	     -7.61431884804987113569	     61.82644226377398410932	     28.58126226710988859736	     39.86143355949790390014	    295.41254113133771852517	     17.10382531402886385763	    -16.75314400548390381118
      1.03099999999999702993	    -12.06718721345524159005	    -13.86776723632203101033	     -3.04519039279336389825	     -0.10362687574929180245	     -0.01860616269020507613	      0.08808915785540009924	     13.41749060454266206932	      4.34578241134187948091	    -79.25611803229605811794	     -7.58232419697672099801	     62.65186548735058380544	     27.68072207447663046764	     39.82817448399038795515	    297.33443337782745174991	     17.42054974578184101119	    -17.28324237474480540300
      1.03199999999999691980	    -12.35174872340740215293	    -13.83519973108275280538	     -3.06314480344693684799	     -0.10361204104233563694	     -0.02016634719435945328	      0.08854571962932769602	     13.68448278722468280932	      4.48904619337534782630	    -79.27719189826963486212	     -7.55316157113188157979	     63.44836925334249144726	     26.78505716424118432428	     39.80027323395241722892	    299.23564158878411944897	     17.75933664769391384652	    -17.80604398384292963442
      1.03299999999999680966	    -12.63537536165326535809	    -13.80744870376931920930	     -3.08083330521281251180	     -0.10358575772974557005	     -0.02172730193096070531	      0.08899121747134156046	     13.94925705461784737338	      4.64082284516693022169	    -79.30315812027615152147	     -7.52648295753624108073	     64.21531008012962615794	     25.89440899736929324604	     39.77738796172587854016	    301.11579422166346375889	     18.09095162717768801031	    -18.32158853778323148731
      1.03399999999999669953	    -12.91799100818309931071	    -13.78453230575111021494	     -3.09824605844215472672	     -0.10354806549036725538	     -0.02328908337337122145	      0.08942538516310444274	     14.21177149040753029396	      4.80095640539692602999	    -79.33391471829870056354	     -7.50196205288636797093	     64.95201603757300290454	     25.00894950502027924699	     39.75925816173807447740	    302.97440140277063846952	     18.41523184966349546698	    -18.82972219323845664007
      1.03499999999999658939	    -13.19949290567901201143	    -13.76643595467205116734	     -3.11535714613972292142	     -0.10349915110317903233	     -0.02485239748017105746	      0.08984784315784044573	     14.47196122192228884273	      4.96953370500671454124	    -79.36956146041511317435	     -7.47929485280535644165	     65.65778676499387245258	     24.12888355352355063133	     39.74570040839572016012	    304.81085383721909920496	     18.76118195991006842860	    -19.33009376535843060196
      1.03599999999999647926	    -13.47980387608401819932	    -13.75316776660378437214	     -3.13215521728954904290	     -0.10343917601402666251	     -0.02641741854806264542	      0.09025833007144341835	     14.72978775507611182150	      5.14644741335963029627	    -79.40998674098774756658	     -7.45814534705994347519	     66.33199383381023039874	     23.25438217865391976602	     39.73644012242538536839	    306.62465248324559752291	     19.12951052623213499260	    -19.82251646312259296678
      1.03699999999999636913	    -13.75884866154484953427	    -13.74473208876612950746	     -3.14863032429125988543	     -0.10336808452754180088	     -0.02798415786529023092	      0.09065658679862301228	     14.98521281444592112564	      5.33156359126405110516	    -79.45507559064868985388	     -7.43817428462950847035	     66.97403486153072549314	     22.38559943951702635445	     39.73118994183683838628	    308.41529886016832051610	     19.51924272981170460639	    -20.30680286283785207502
      1.03799999999999625899	    -14.03657809822325575055	    -13.74115519864136203410	     -3.16478605493355047429	     -0.10328578039829899859	     -0.02955208694867365524	      0.09104247484270845681	     15.23822628112748134299	      5.52432027143280368620	    -79.50450534824746284812	     -7.41901014134059977323	     67.58338136012532970653	     21.52265247606661446866	     39.72958594320500225194	    310.18240790648610527569	     19.90052925839255948404	    -20.78293585735649529056
      1.03899999999999614886	    -14.31291601266653046309	    -13.74243015124040034891	     -3.18060979710891400529	     -0.10319231317454823083	     -0.03112132889773015776	      0.09141573692950996644	     15.48879199996518352123	      5.72452792992424797092	    -79.55815571517541684443	     -7.40030644781705237989	     68.15947814402676385725	     20.66569212950459544231	     39.73134021075740918150	    311.92547468838313307060	     20.27306887378636446329	    -21.25070116288333466059
      1.03999999999999603872	    -14.58775912952913778042	    -13.74851759439215648229	     -3.19607364519631831357	     -0.10308788745442219736	     -0.03269265614509973827	      0.09177599691241283830	     15.73685025803455594939	      5.93236510228853486382	    -79.61610368132511439399	     -7.38174272260269503931	     68.70174338492644494636	     19.81490551148331746845	     39.73623759105019104254	    313.64387357525356492260	     20.66610337174416756056	    -21.70968383324254702416
      1.04099999999999592859	    -14.86102945135679220812	    -13.75939982695371632815	     -3.21116307051866556321	     -0.10297266742764747682	     -0.03426629870603883909	      0.09212299147326498405	     15.98236414300220431528	      6.14764891244236810763	    -79.67821920712042071955	     -7.36296960352603768740	     69.20966831604438596059	     18.97044319354155916812	     39.74397711089122253725	    315.33709188982953719460	     21.08056222679669033937	    -22.15963762503069034437
      1.04199999999999581846	    -15.13265058995301792777	    -13.77505520865603472203	     -3.22586477637118740347	     -0.10284658938394768135	     -0.03584233049116559294	      0.09245645563667986844	     16.22529783680141335367	      6.37016644640414320122	    -79.74436892443569036004	     -7.34363573436866445832	     69.68277272370579566996	     18.13243912822321846079	     39.75424756586189545260	    317.00461867002428562046	     21.51565058772102290163	    -22.60031748200229628765
      1.04299999999999570832	    -15.40257452531760407055	    -13.79548360061983913738	     -3.24017831499513420113	     -0.10270953343204566877	     -0.03742027484325032710	      0.09277625809039097282	     16.46565261914972566615	      6.59932022804715590070	    -79.81421145328236832484	     -7.32335535175573415501	     70.12065689558143333215	     17.30098773695951308582	     39.76668249266889176852	    318.64606134126023562203	     21.94018015063644355678	    -23.03165862920020856563
      1.04399999999999559819	    -15.67072451485814355010	    -13.82065196973972298622	     -3.25408763268294887183	     -0.10256153598152746576	     -0.03900029951858517696	      0.09308213659693639896	     16.70339520594069782078	      6.83489289617927209264	    -79.88760627515293322176	     -7.30177516766999534781	     70.52289250779230656008	     16.47622042565426880856	     39.78097770155149248694	    320.26090488068314243719	     22.35372024796949474990	    -23.45339379425655224054
      1.04499999999999548805	    -15.93699530332436786750	    -13.85049536278011395041	     -3.26756206778703361948	     -0.10240280152566640093	     -0.04058320778317701244	      0.09337370160425699506	     16.93846070050095065085	      7.07706125464912272349	    -79.96460849878043575245	     -7.27857557911722530264	     70.88902280982789250174	     15.65830794383414037441	     39.79688990661692571393	    321.84851119261224994261	     22.78648272472153379908	    -23.86505005531061840429
      1.04599999999999537792	    -16.20130799455678882737	    -13.88496998104242763361	     -3.28058349526982828692	     -0.10223348132282346346	     -0.04216924756010329706	      0.09365068278483064390	     17.17080857188143383496	      7.32556657489829898822	    -80.04506867603032560510	     -7.25340896571916626812	     71.21866751695745278994	     14.84738169928786710727	     39.81410037901044063346	    323.40835868290338339648	     23.23961438599927475934	    -24.26633094108656152343
      1.04699999999999526779	    -16.46358492826722752511	    -13.92402817466370201771	     -3.29313493629407361141	     -0.10205348551227808040	     -0.04375852759836266342	      0.09391280292344400538	     17.40040174423625884970	      7.58012305663936292177	    -80.12883413063362070261	     -7.22592594689582234935	     71.51147739998671681860	     14.04355707052095425524	     39.83228317178600264015	    324.93992873171140445265	     23.71245812366218785883	    -24.65694408216216260143
      1.04799999999999515765	    -16.72378013135578100901	    -13.96764377287400193950	     -3.30521172486077352559	     -0.10186265199492483546	     -0.04535058973824900724	      0.09415993986251308678	     17.62725537552345045356	      7.84020885054380656243	    -80.21554308398380328526	     -7.19573923802552783968	     71.76719172710396321690	     13.24690710693802664366	     39.85109078046988173583	    326.44282710555785342876	     24.17188939935395453062	    -25.03679068465450896497
      1.04899999999999504752	    -16.98181638287822536881	    -14.01575824411679960235	     -3.31679422525253020382	     -0.10166099357116530066	     -0.04694560395963398580	      0.09439182703194029522	     17.85133406452010973453	      8.10558279839702500169	    -80.30503582665632222870	     -7.16250491246896192621	     71.98551608751465380465	     12.45754440278483521354	     39.87021241382495873040	    327.91653320639051116814	     24.61738207572564007819	    -25.40556247138813716901
      1.04999999999999493738	    -17.23758565412236976044	    -14.06828180486341217659	     -3.32784893405900650265	     -0.10144871259098686700	     -0.04854435587923617429	      0.09460806000733680554	     18.07255478719017816047	      8.37631642970663570225	    -80.39734968127609704425	     -7.12592371365812926598	     72.16612276120920910216	     11.67562308335966037021	     39.88937468877861647343	    329.36039954286940201200	     25.08081061932897881661	    -25.76273868718166681901
      1.05099999999999482725	    -17.49100876462046016968	    -14.12514584452244292834	     -3.33835434806566011545	     -0.10122594647560713421	     -0.05014706007848169361	      0.09480837087065557833	     18.29086770104489190203	      8.65208819982085586275	    -80.49231810749546411898	     -7.08566683012304032729	     72.30876628232213931824	     10.90125472246375615271	     39.90824958513383791114	    330.77389993510632848484	     25.56340751737022642942	    -26.10798670378835595329
      1.05199999999999471711	    -17.74200737503540992179	    -14.18627821842632386051	     -3.34829007548577362030	     -0.10099257553986634717	     -0.05175381414836979777	      0.09499247867878517215	     18.50622993419018769146	      8.93255833481832262066	    -80.58977119101271568979	     -7.04140319769352096557	     72.41323462970422042417	     10.13453590884529198490	     39.92650556652576199212	    332.15651259553675345160	     26.06449577319134291997	    -26.44098175950693629943
      1.05299999999999460698	    -17.99053845763174308559	    -14.25162835414609929785	     -3.35764745515860640879	     -0.10074839130371196494	     -0.05336412914854185563	      0.09516028209100874102	     18.71866977140039622896	      9.21736475852792125352	    -80.68933017424095055503	     -6.99276020960038557917	     72.47941207158265797261	      9.37551807220941846310	     39.94383368110683818486	    333.50784608912624662480	     26.54883676524952917930	    -26.76160704193203443424
      1.05399999999999449685	    -18.23652485692661784356	    -14.32111424737561478082	     -3.36640377209342567255	     -0.10049338821258496646	     -0.05497812590486975820	      0.09531152228336910170	     18.92814358652854878073	      9.50624571239853111138	    -80.79082085774830090941	     -6.93942105826932742474	     72.50714247864618755557	      8.62429373771611906818	     39.95992441425106278530	    334.82737796560979859350	     27.01585686842121347695	    -27.06952863355809313362
      1.05499999999999438671	    -18.47985581958343814790	    -14.39462369710606992612	     -3.37452347082771675346	     -0.10022778048351087266	     -0.05659652295402415462	      0.09544579055937700562	     19.13453819678906242530	      9.79908363205216659253	    -80.89426887050144898694	     -6.88112586161226413850	     72.49622988149306479500	      7.88099823035698321405	     39.97446987783256133753	    336.11445428800169565875	     27.49941427856406050978	    -27.36419243621327623828
      1.05599999999999427658	    -18.72045293935836340893	    -14.47206602654089735438	     -3.38198261756024320945	     -0.09995170512188567002	     -0.05821945085962852706	      0.09556283914034438554	     19.33779004257527489585	     10.09552274824966922040	    -80.99949632772656116231	     -6.81758160468458473957	     72.44656788349652742909	      7.14572130135131899920	     39.98714289878257233113	    337.36854796007759205168	     28.00067834302888414300	    -27.64524648567513409603
      1.05699999999999416644	    -18.95823835442000770968	    -14.55334767255964578681	     -3.38875846510112488374	     -0.09966502476031301183	     -0.05984694337350623256	      0.09566240142960549808	     19.53784633218079136441	     10.39520107765830125857	    -81.10632122973566993096	     -6.74849226716727645936	     72.35808556614335884660	      6.41853955633049988450	     39.99761706954926410162	    338.58913792939011955241	     28.51880051042151720253	    -27.91235092192030364799
      1.05799999999999405631	    -19.19317259727734992225	    -14.63839688463585808620	     -3.39483936935562757853	     -0.09936749731425587040	     -0.06147842574418087985	      0.09574441097321502447	     19.73474233110023945414	     10.69793420083101054274	    -81.21435470315918792039	     -6.67351788501402509723	     72.23081405762653162128	      5.69948169742409582739	     40.00563212382576239179	    339.77583898890981117802	     29.01665283963282604418	    -28.16538777874152543745
      1.05899999999999394618	    -19.42517947741555417451	    -14.72711198841891899747	     -3.40020098948222271318	     -0.09905911807878937936	     -0.06311391990242827543	      0.09580863291761118616	     19.92842016687102457695	     11.00344145267401607668	    -81.32341460135323529812	     -6.59238547251220996515	     72.06473787637274597273	      4.98861886312281122002	     40.01088619912616906049	    340.92813031131743173319	     29.49366140463836316599	    -28.40401481182890464083
      1.05999999999999383604	    -19.65414650304200705477	    -14.81936272995881864745	     -3.40480757469291139827	     -0.09874013687908722581	     -0.06475403644955729510	      0.09585467015824754300	     20.11873013359550554924	     11.31139027890211146143	    -81.43352080147907656738	     -6.50488970785059006374	     71.85979562262586739507	      4.28606637996838468752	     40.01303807804811185633	    342.04535510028711087216	     29.98558834991910515555	    -28.62766219797523348234
      1.06099999999999372591	    -19.87999725966466257887	    -14.91504095754271652652	     -3.40863462531408378808	     -0.09841071187053521130	     -0.06639878008213825900	      0.09588231131227192838	     20.30559295346057524512	     11.62142968910465157251	    -81.54449060322876619011	     -6.41078770940000275402	     71.61602271254268714529	      3.59189163271016820289	     40.01177406304501715795	    343.12698919424599353079	     30.49340773454723674263	    -28.83597704787272419935
      1.06199999999999361577	    -20.10265576116412233887	    -15.01403665691696787121	     -3.41165905417531512001	     -0.09807071111515869299	     -0.06804806921813534581	      0.09589132181834555957	     20.48894314063042543239	     11.93321379582370056482	    -81.65613612632888873577	     -6.30983329644674117986	     71.33349145318240402958	      2.90615120475163912772	     40.00678541934598797525	    344.17251624989376068697	     31.01598769661532273290	    -29.02862304613016775079
      1.06299999999999350564	    -20.32208620189385328558	    -15.11626201326407148429	     -3.41386821920136895869	     -0.09771988430040055851	     -0.06970119075953271071	      0.09588167726242041722	     20.66881179646959409979	     12.24667873459464928487	    -81.76806608571617118741	     -6.20173626760880036812	     71.01237855178467839323	      2.22885101498127191633	     39.99785591411285423646	    345.18156022555763229320	     31.51492693678216028275	    -29.20549802435802178024
      1.06399999999999339551	    -20.53821430785865231883	    -15.22160135257524515850	     -3.41523852066484590040	     -0.09735825252770481664	     -0.07135802735280963316	      0.09585317790877966038	     20.84512273294609485674	     12.56152961614616181407	    -81.88009662457695014837	     -6.08628080391433012863	     70.65281041517400240082	      1.56004160720902596005	     39.98469740841646569152	    346.15360576634617473246	     31.98970916447433410212	    -29.36626993370841987030
      1.06499999999999328537	    -20.75092746236905583146	    -15.32991255363672600254	     -3.41573670955610664279	     -0.09698612359149980100	     -0.07301905729061057559	      0.09580545159890141438	     21.01769260744273992714	     12.87727519698266220871	    -81.99224647223914530514	     -5.96332563419483374645	     70.25486383352259167623	      0.89982030506615318100	     39.96695067994730976579	    347.08799795179658076449	     32.47757909441573076492	    -29.51037309107309880574
      1.06599999999999317524	    -20.96015225324562081255	    -15.44107639930839503961	     -3.41534038797296268797	     -0.09660369755886050180	     -0.07468413397362859418	      0.09573833053074393140	     21.18642685285507099024	     13.19359576396973388057	    -82.10433298156104342524	     -5.83268825924954192885	     69.81871784988193496702	      0.24823435382468261867	     39.94432651070452067188	    347.98422041203463095371	     32.97913066783842594987	    -29.63747373133440987658
      1.06699999999999306510	    -21.16581580448869459588	    -15.55497315713516393032	     -3.41402895288191698953	     -0.09621087300142380783	     -0.07635301968747339185	      0.09565162164653344401	     21.35124605677869524811	     13.51018402420759301208	    -82.21616745077992050028	     -5.69418362822142842816	     69.34458899531429665331	     -0.39467743047173436954	     39.91654396620751299452	    348.84176627995060471221	     33.49280770881448887621	    -29.74725910659010352788
      1.06799999999999295497	    -21.36788546408449462888	    -15.67150551687870496664	     -3.41179145616178525202	     -0.09580741848585171139	     -0.07802482661613585613	      0.09554533862531318367	     21.51216497732263377429	     13.82700962976176484176	    -82.32736404017151699009	     -5.54758519866702393131	     68.83279651848165769934	     -1.02892882479279501595	     39.88341833718556017629	    349.66027086401152246253	     33.98004519846227111657	    -29.83965827548548332970
      1.06899999999999284483	    -21.56628964748752963487	    -15.79055086142277275485	     -3.40860798957406219145	     -0.09539340058789773369	     -0.07969927673072063623	      0.09541931878291869118	     21.66908854667632411406	     14.14377356528307672079	    -82.43774154110172958099	     -5.39274305159321976078	     68.28360934573493068456	     -1.65448570969334651792	     39.84468198827330098766	    350.43922893574421095764	     34.44043429904893116600	    -29.91436844675685335915
      1.06999999999999273470	    -21.76091756795690557169	    -15.91196257543732706097	     -3.40445092330944287795	     -0.09496919590795899202	     -0.08137671251174755094	      0.09527322225125910149	     21.82181111215513524826	     14.45992843158502338952	    -82.54731859993052012214	     -5.22958361117822345676	     67.69724646123830780198	     -2.27126344859791995390	     39.79998312373005120435	    351.17799443241699464124	     34.91177237471283945069	    -29.97085047654881506674
      1.07099999999999262457	    -21.95169938533182474316	    -16.03561731521707400816	     -3.39930277504706390701	     -0.09453505624881396174	     -0.08305683560715068636	      0.09510692101998646786	     21.97022598810084303977	     14.77520095251481535570	    -82.65591562859096086413	     -5.05799041056930942517	     67.07403071080098300172	     -2.87922940012154393585	     39.74906650145879183356	    351.87606429427268039944	     35.39420392444344543037	    -30.00880925538106680506
      1.07199999999999251443	    -22.13856613871060829979	    -16.16139229919862430052	     -3.39314816320733303456	     -0.09409092570651374221	     -0.08473923281236352134	      0.09492026183195866051	     22.11424120956779759695	     15.08933204049195175855	    -82.76334680627748241477	     -4.87784622715985705099	     66.41432149163790654711	     -3.47835774056242863495	     39.69168690133824384247	    352.53294636835499886729	     35.88574004570978814854	    -30.02797475148032901870
      1.07299999999999240430	    -22.32148759828851325437	    -16.28918664406976546388	     -3.38598027217144137424	     -0.09363660786661459623	     -0.08642282821280902749	      0.09471328292556642492	     22.25384635249938014567	     15.40223990546225962817	    -82.86923780331937905430	     -4.68899672384361743127	     65.71857505351249528758	     -4.06867664551453511734	     39.62767479789036428883	    353.14828979547860399180	     36.34889107101835037383	    -30.02832139704424818660
      1.07399999999999229416	    -22.50039549877716638093	    -16.41887651685364701848	     -3.37778519805888333138	     -0.09317221907088964195	     -0.08810718743410554665	      0.09448585256378166930	     22.38893138194744736325	     15.71363299839726579421	    -82.97341267491728444838	     -4.49136121217129602456	     64.98720015918856063308	     -4.65016276796806504734	     39.55678962658309671951	    353.72160500556486795176	     36.78336416462335023425	    -30.00959420422592316413
      1.07499999999999218403	    -22.67518289559933819532	    -16.55031627411696604213	     -3.36854307829114629769	     -0.09269819703984230608	     -0.08979253962449346149	      0.09423766534664987371	     22.51928545567957939966	     16.02301556034482032942	    -83.07588923841701955553	     -4.28493213014219609391	     64.22055799738946291200	     -5.22273813264400121881	     39.47871648972144242862	    354.25226332745967283699	     37.22631824178034065653	    -29.97130349478675981345
      1.07599999999999207390	    -22.84578381745562580818	    -16.68338293243676062616	     -3.35824303156448333851	     -0.09221483775542997641	     -0.09147846411194021643	      0.09396862288027618693	     22.64479586996310445102	     16.33016721460970188673	    -83.17649344747130157884	     -4.06965985868661839220	     63.41911022405159314985	     -5.78637845452276966540	     39.39324185746870199409	    354.73978077877529813122	     37.67755245831878596618	    -29.91321055269499851192
      1.07699999999999196376	    -23.01213372609520391165	    -16.81795459191189223702	     -3.34687643297165005052	     -0.09172212863314162246	     -0.09316438482439098889	      0.09367860308185767260	     22.76536281822890117610	     16.63487819305339954212	    -83.27504609245764299885	     -3.84549655797497846876	     62.58335240386829667614	     -6.34106599368285550611	     39.30016205290258568539	    355.18368521372747181886	     38.13480744739712946512	    -29.83510513767022942488
      1.07799999999999185363	    -23.17420459339265903509	    -16.95393013806330273496	     -3.33444201053538513690	     -0.09121990757823122964	     -0.09484905462988389713	      0.09336765437034436066	     22.88094844156193374829	     16.93694530683926657844	    -83.37118813350953416830	     -3.61236216695865808290	     61.71386855021689399337	     -6.88683848791982899940	     39.19930476114132034127	    355.58364329142244741888	     38.56253543920940529688	    -29.73702126757681796221
      1.07899999999999174349	    -23.33193219841724896924	    -17.09118741490382120674	     -3.32093295149106815245	     -0.09070832818339742698	     -0.09653191886709602820	      0.09303566835224102993	     22.99143563808851808972	     17.23609454989796674340	    -83.46475113273282886439	     -3.37024379269404050774	     60.81119947147561788370	     -7.42367817254248585357	     39.09046251732738852525	    355.93918706931407314187	     38.96052137793235914387	    -29.61876880558192937087
      1.07999999999999163336	    -23.48521526252307012328	    -17.22958423082170753560	     -3.30633793210064030887	     -0.09018786599399439274	     -0.09821314536996483824	      0.09268237493511671810	     23.09662705348161892971	     17.53197498925321085039	    -83.55575256983448184656	     -3.11919520726680543632	     59.87584225660269510172	     -7.95150823273818208037	     38.97338791815221981096	    356.24971365018222968502	     39.36429644953486928216	    -29.47992778520880108317
      1.08099999999999152323	    -23.63399205356643051346	    -17.36899967848986747754	     -3.29065318448756860548	     -0.08965884054656106383	     -0.09989224868472244834	      0.09230769603199151518	     23.19641133382457454104	     17.82441356415257516232	    -83.64402647525464828959	     -2.85923126063959998078	     58.90838680480635503045	     -8.47030713046366301455	     38.84791280333855922891	    356.51476382060064906909	     39.77353132339101904336	    -29.32033118993051346024
      1.08199999999999141309	    -23.77820296102855834874	    -17.50931395620468222774	     -3.27387724845213190505	     -0.08912126602159370359	     -0.10156853559941761422	      0.09191153187656762868	     23.29068750496534789818	     18.11324030788107464218	    -83.72940410025748292355	     -2.59037134936845125921	     57.90945298686981601577	     -8.98006096761655214777	     38.71387692039367323105	    356.73389065927511865084	     40.18594799916044024712	    -29.13984323039608170802
      1.08299999999999130296	    -23.91782301137514465950	    -17.65042665929431464633	     -3.25601482336837699805	     -0.08857499853928527123	     -0.10324063280887345317	      0.09149393443703950080	     23.37939565779018735725	     18.39809424752405320191	    -83.81154351413749736821	     -2.31260643928285691828	     56.87974047629565177431	     -9.48081318091375280233	     38.57109421818811512139	    356.90678359454165047282	     40.56816666280678163048	    -28.93857231305569044366
      1.08399999999999119282	    -24.05279305698984160244	    -17.79221770462079632580	     -3.23706620681483991930	     -0.08802020575661852198	     -0.10490792588216815706	      0.09105481469359984203	     23.46242145182068483678	     18.67872703218411700732	    -83.89028616959249973206	     -2.02598736637425025364	     55.81990949023352754921	     -9.97254729968428499376	     38.41939593723585488760	    357.03300238547274148004	     40.91998938727540746640	    -28.71640798356567003680
      1.08499999999999108269	    -24.18301890062353010080	    -17.93454834054384861020	     -3.21702827898726084754	     -0.08745737282253215894	     -0.10657059183496885024	      0.09059393831320963764	     23.53959594354809325978	     18.95499106494311902793	    -83.96565195403199766133	     -1.73062456861967972621	     54.73058009236938659114	    -10.45518318885800113094	     38.25862563498157697950	    357.11197706333643964172	     41.27487235870794535231	    -28.47301540196906444180
      1.08599999999999097255	    -24.30844374190569823213	    -18.07729949526398627313	     -3.19590405824115864064	     -0.08688681872330115963	     -0.10822815188001383424	      0.09011124318097619990	     23.61081617670387799990	     19.22674979081222446098	    -84.03748602940564182973	     -1.42659386333372606437	     53.61245534903088127976	    -10.92869764485042516355	     38.08866130686892148560	    357.14327869584235486400	     41.63266604522327440918	    -28.20831142718290962534
      1.08699999999999086242	    -24.42901356999389150815	    -18.22035318044370200141	     -3.17369894817699726985	     -0.08630856176687208559	     -0.10987986300630339653	      0.08960664692459570368	     23.67598710550521445839	     19.49386045400040146092	    -84.10563424453810910109	     -1.11397793694115843088	     52.46626396286751514708	    -11.39307739030478927589	     37.90938559057640588890	    357.12649101930168171748	     41.99137900219048447070	    -27.92224648275920628748
      1.08799999999999075229	    -24.54470852495641963742	    -18.36360995508530180587	     -3.15042353453888779313	     -0.08572245255112169449	     -0.11152428448514810355	      0.08908020998802455848	     23.73503774658557929911	     19.75580314679888260798	    -84.16977142132422784471	     -0.79283213035771893384	     51.29280804505036428509	    -11.84836957447304861546	     37.72059605450048280773	    357.06133434184943098444	     42.31915969886809136824	    -27.61501991399960331819
      1.08899999999999064215	    -24.65547576702917709213	    -18.50695193489270451437	     -3.12608482679364474421	     -0.08512864901978328680	     -0.11316080988133468688	      0.08853186427217653309	     23.78786513691604653786	     20.01236074214570237473	    -84.22975141192668502299	     -0.46326623231501740108	     50.09285166783375586874	    -12.29455621458354386277	     37.52216671028822503331	    356.94740345322094299263	     42.61575070266759013293	    -27.28661422726525387361
      1.08999999999999053202	    -24.76122879654703723418	    -18.65024395384421040944	     -3.10068724298626863245	     -0.08452762385363667141	     -0.11478969511131564829	      0.08796141056042759698	     23.83433543032716528387	     20.26360612649916248529	    -84.28560139569671605386	     -0.12544453103720920595	     48.86712028787339789915	    -12.73155037479078721674	     37.31404389655573794471	    356.78416824727844414156	     42.91288531087639057660	    -26.93679037198521797336
      1.09099999999999042188	    -24.86191668963210688048	    -18.79336948999674561378	     -3.07424014282127089359	     -0.08391967597156023417	     -0.11641052982864588672	      0.08736880463403801089	     23.87435880554493650152	     20.50943266403677256449	    -84.33718019436743418282	      0.22049977419265018308	     47.61641306727177180846	    -13.15932407233652234879	     37.09615206229000961002	    356.57123776761829958559	     43.21089966288231210001	    -26.56556059799791924547
      1.09199999999999031175	    -24.95749183277961336103	    -18.93621344244479942631	     -3.04675544902358730326	     -0.08330480659124728238	     -0.11802258606519804018	      0.08675398221420080325	     23.90785158621051209593	     20.74971845168374784407	    -84.38435133533525345229	      0.57442542084692871374	     46.34155073903088606357	    -13.57786241971686180818	     36.86841623335116935323	    356.30823457293109868260	     43.50834999637658739857	    -26.17297320808414085036
      1.09299999999999020162	    -25.04794227913182069756	    -19.07867928621749697982	     -3.01824949930715780155	     -0.08268283723119451700	     -0.11962440457002716798	      0.08611702643763376186	     23.93474361604366507095	     20.98380744390219376783	    -84.42680339141980994100	      0.93622092455673766587	     45.04342442401190993451	    -13.98721606110072634976	     36.63061991835125041916	    355.99492243012531389468	     43.77356063002282127172	    -25.75933809161362120221
      1.09399999999999009148	    -25.13322275808999606284	    -19.22065317870800171818	     -2.98873561425541556247	     -0.08205389847653382640	     -0.12121543570855587701	      0.08545789522348860856	     23.95494842023193626801	     21.21152011746266552450	    -84.46440399094433360005	      1.30572194208885572486	     43.72288495891385196046	    -14.38736357488926032033	     36.38268235074033185583	    355.63094125152230162712	     44.00617588289969006610	    -25.32474340038220717020
      1.09499999999998998135	    -25.21325431013709206240	    -19.36200530859436952369	     -2.95822510909699598614	     -0.08141843986571534186	     -0.12279605833057496977	      0.08477642087653791680	     23.96836595334772468391	     21.43314518946194269233	    -84.49719321111689396275	      1.68271085439646861381	     42.38074263638329597370	    -14.77820767744007213196	     36.12465617432589226610	    355.21580851780407783735	     44.23740603856083453138	    -24.86905188375007114132
      1.09599999999998987121	    -25.28799318575621057903	    -19.50262431560852505186	     -2.92673330362061800969	     -0.08077672978885921951	     -0.12436595684030807285	      0.08407258262019251527	     23.97492039287584830731	     21.64859631547026452836	    -84.52504359229898511785	      2.06700003131403420298	     41.01787467672518516792	    -15.15971354038334517611	     35.85651034587393581887	    354.74918233929992084086	     44.46816303752218857426	    -24.39238297942759459147
      1.09699999999998976108	    -25.35739930474622738643	    -19.64240091119243913909	     -2.89427830781365713619	     -0.08012873775800737064	     -0.12592445283866821049	      0.08334633867831500731	     23.97454144732192560241	     21.85776465802916490588	    -84.54783639401578909656	      2.45839400052129430918	     39.63517627620851868642	    -15.53186297987038422264	     35.57821013989924807674	    354.23073578978255682159	     44.69756913614824611614	    -23.89489482111391183139
      1.09799999999998965095	    -25.42147162088897260901	    -19.78124493336824230028	     -2.86088186004514444249	     -0.07947423788695862079	     -0.12747008868693882055	      0.08259781217918446550	     23.96717152633343417278	     22.05992096876590125021	    -84.56526992616990412444	      2.85673277518721757673	     38.23361268801401280371	    -15.89470969555676482798	     35.28953454638413234079	    353.66029111414167118710	     44.89276274233771601985	    -23.37702584819130890992
      1.09899999999998954081	    -25.48017377087889911991	    -19.91905008284014755304	     -2.82656314285918908169	     -0.07881332450290158553	     -0.12900238217773651872	      0.08182699296922747723	     23.95274186722497589130	     22.25493214965906929592	    -84.57722507747115514576	      3.26180057179262616884	     36.81410292329864120120	    -16.24822683396523004262	     34.99044946551838108917	    353.03754588394593838530	     45.05332688110438255080	    -22.83898076429330359360
      1.09999999999998943068	    -25.53343398271368869246	    -20.05569541430211089050	     -2.79133985568273912392	     -0.07814642512143640807	     -0.13052183665568595217	      0.08103373903866285810	     23.93117720445238205684	     22.44326488047484602362	    -84.58375847191986451890	      3.67332497422546566668	     35.37751992312499993432	    -16.59230336328973365312	     34.68110831672247940105	    352.36207488605606386045	     45.21142257647817785937	    -22.28072742808821260496
      1.10099999999998932054	    -25.58121745707352800991	    -20.19107892988674990420	     -2.75523291271888570719	     -0.07747377626008544738	     -0.13202821330166250591	      0.08021806120102144277	     23.90241339993791314100	     22.62484132498628852659	    -84.58475381453838792822	      4.09106601857350682394	     33.92480023504872121975	    -16.92689606470001706384	     34.36152071852404787933	    351.63359908189090674568	     45.36837038108173203454	    -21.70250335523454054965
      1.10199999999998921041	    -25.62349331745849312370	    -20.32510146889205415732	     -2.71826618883825243955	     -0.07679530860434358175	     -0.13352087477472265875	      0.07937994793680298866	     23.86639248851604477863	     22.79955775660345196343	    -84.58010663093284620118	      4.51477745427064736106	     32.45689519146251456050	    -17.25198127549331061914	     34.03168894368141650375	    350.85185627116777595802	     45.52362592590642975665	    -21.10458689088670425349
      1.10299999999998910027	    -25.66027392902048731571	    -20.45768334760111528681	     -2.68046611932829481617	     -0.07611073773275804644	     -0.13499835221934780582	      0.07851957676317214418	     23.82307969854048224079	     22.96671740379150605804	    -84.56952178470413628020	      4.94425596219843299650	     30.97482625486525620317	    -17.56761300824756588668	     33.69140539592820715598	    350.01674154583486142656	     45.64246251630097361840	    -20.48755537748192168124
      1.10399999999998899014	    -25.69153341701149528831	    -20.58873007838324298291	     -2.64185718924557599863	     -0.07542012097349233557	     -0.13646020286505150532	      0.07763697643451145103	     23.77242206336698160385	     23.12624174551217492990	    -84.55289108782339724257	      5.37923631095241905342	     29.47956050546752493347	    -17.87375609093510675507	     33.34068315864245590774	    349.12802317589671474707	     45.72449955528450971087	    -19.85173673985277886800
      1.10499999999998888001	    -25.71720766941333735645	    -20.71813389120531923027	     -2.60246309372272266458	     -0.07472387344428745026	     -0.13790701624471773945	      0.07673202909614872114	     23.71435486233630385300	     23.27869171844113083125	    -84.53028742492190872326	      5.81939019990546313466	     27.97201123144784062902	    -18.17028288004443936643	     32.97976047251183473463	    348.18534435404450277929	     45.80384642444654019755	    -19.19720616073466956664
      1.10599999999998876987	    -25.73727320619096659016	    -20.84580646008789273083	     -2.56230984533904981859	     -0.07402220485315702536	     -0.13933858134333307333	      0.07580478888921808600	     23.64882321101663364971	     23.42399949160582295349	    -84.50160202131358744282	      6.26442796729361894847	     26.45315438891432791024	    -18.45713985966597903143	     32.60868457398117925550	    347.18850210160076130705	     45.88192229316157977337	    -18.52432631561122988728
      1.10699999999998865974	    -25.75171075175343560204	    -20.97166289659467253159	     -2.52142641514694965110	     -0.07331500648274118237	     -0.14075426066654692092	      0.07485528730012709631	     23.57578003559625301477	     23.56207286409643941738	    -84.46673944121222632475	      6.71405633964324355389	     24.92397744885802524095	    -18.73429442619295670625	     32.22749306365045640632	    346.13731215405618968362	     45.95817957645651574694	    -17.83350189208021774334
      1.10799999999998854960	    -25.76054790932367666301	    -21.09563743133957558484	     -2.47984290754840674964	     -0.07260193298410860807	     -0.14215254258756662709	      0.07388376697324552933	     23.49521914031051395000	     23.69235207932363351802	    -84.42541072369071741832	      7.16803206923546287754	     23.38553585986403504648	    -19.00179555255509455947	     31.83601372711158816742	    345.03175261078422408900	     45.99633440001824169485	    -17.12544894596089406491
      1.10899999999998843947	    -25.76377129812812327714	    -21.21765116441688192594	     -2.43758846312382626564	     -0.07188301080582630564	     -0.14353297818055305024	      0.07289030608290845981	     23.40710030966141985687	     23.81481627474771656239	    -84.37751657813333849845	      7.62604343141058205191	     21.83882308827269724816	    -19.25959650868507821997	     31.43430619451533303277	    343.87167309399961823146	     45.99616377534956512818	    -16.40061971379196847920
      1.10999999999998832934	    -25.76132636582648416379	    -21.33761354229477547051	     -2.39469252935317689079	     -0.07115865662929443669	     -0.14489619040843515485	      0.07187481937374240459	     23.31135673737735558575	     23.93002142141429544608	    -84.32314372430458604413	      8.08770883996938749760	     20.28477160176530347258	    -19.50755207306906058307	     31.02267070356299072387	    342.65679582365692112944	     45.99381203109503957194	    -15.65919822728545796053
      1.11099999999998821920	    -25.75320364587205901330	    -21.45545353210079397854	     -2.35118574195905738478	     -0.07042906303916578181	     -0.14624194726401479327	      0.07083741966612332186	     23.20794247301876822576	     24.03792028099868005597	    -84.26218942394110911209	      8.55269382401137967520	     18.72437603839556885532	    -19.74559747513669449859	     30.60118812028133916670	    341.38700402751788942624	     45.99042310107421371868	    -14.90167341577666704211
      1.11199999999998810907	    -25.73939822294463297681	    -21.57110398165194098397	     -2.30710147939963583497	     -0.06969408732399783035	     -0.14756956706360577214	      0.06977819862391541894	     23.09682123748874005287	     24.13844734085836662985	    -84.19456390085142061253	      9.02066329606885197734	     17.15863889000888065084	    -19.97368819212059065649	     30.16992917211564062541	    340.06220145404603272254	     45.98510054818925141262	    -14.12857588079523551983
      1.11299999999998799893	    -25.71995366469572985579	    -21.68451566191155777119	     -2.26247254348743087604	     -0.06895332938712267490	     -0.14887747561657171946	      0.06869746996112982562	     22.97801599397634220168	     24.23125269864498321226	    -84.11998980814018977981	      9.49133672333999278692	     15.58862442805572889881	    -20.19186211583585688345	     29.72878103657728487974	    338.68245392693359008263	     45.94130862695237738080	    -13.34074797431277481508
      1.11399999999998788880	    -25.69487115008040589714	    -21.79562837730009405846	     -2.21733226673785921435	     -0.06820679551105714167	     -0.15016518765808914426	      0.06759537449015826094	     22.85149782950492181044	     24.31637175607463063898	    -84.03837806633104889897	      9.96436138822530459436	     14.01533071352008441579	    -20.40005943402298527189	     29.27784734182874260000	    337.24769972438986087582	     45.85907302884092473505	    -12.53876076692824526049
      1.11499999999998777866	    -25.66410885816918607816	    -21.90437231377594784476	     -2.17171589169779455375	     -0.06745491847239276639	     -0.15143332423681854504	      0.06647187826253837806	     22.71719317525498738064	     24.39427278915304242446	    -83.94982730854015073874	     10.43931090299111197339	     12.43969089932322802383	    -20.59812049246084697529	     28.81746133600584514056	    335.75774964404826050668	     45.77555417387344505187	    -11.72290804606461378512
      1.11599999999998766853	    -25.62767356412872743476	    -22.01069647227599901385	     -2.12565844489686561758	     -0.06669788654522747218	     -0.15268161735004964763	      0.06532716703495698718	     22.57506832606566504751	     24.46494551681123397202	    -83.85424499500922479456	     10.91581420441883132355	     10.86269768980158545446	    -20.78597089724805968558	     28.34773256428619703229	    334.21257911815428087721	     45.69139934247215251162	    -10.89379830503944290854
      1.11699999999998755840	    -25.58557697771284011878	    -22.11455398389189141994	     -2.07919724467455591110	     -0.06593553354449249726	     -0.15390932776785110070	      0.06416140848032396427	     22.42510052511520868279	     24.52837014573053764366	    -83.75154922054943540388	     11.39350220458229578924	      9.28534736900637724943	    -20.96355379919745942630	     27.86876188349946303902	    332.61218588440101484593	     45.60521603090312225959	    -10.05207949804999678634
      1.11799999999998744826	    -25.53787831688978471334	    -22.21591392776373297124	     -2.03236720300267936778	     -0.06516741800029068887	     -0.15511483467027353811	      0.06297498790073005615	     22.26733897154348795766	     24.58442393829564309726	    -83.64148574386446455264	     11.87206158248710785585	      7.70868790454332675210	    -21.13089276163447749468	     27.38051717253214434322	    330.95672424190644278497	     45.48190837883833381738	     -9.19869883617773709261
      1.11899999999998733813	    -25.48459480931445497731	    -22.31473674881919322388	     -1.98520566026067135645	     -0.06439354019422022235	     -0.15629762585286149923	      0.06176811846290829189	     22.10176847083596385346	     24.63319290970874675395	    -83.52398222327165910883	     12.35110815762580216415	      6.13370148362898426342	    -21.28791770350857603944	     26.88314022390351709646	    329.24622542903591693175	     45.32175670603989203755	     -8.33433450664033692590
      1.11999999999998722799	    -25.42570057977739850230	    -22.41097538108982334393	     -1.93775380693766563489	     -0.06361436275387626071	     -0.15745832333188117258	      0.06054083551238238076	     21.92831501269786897979	     24.67501680384717488437	    -83.39915055074294514270	     12.83018550851066663654	      4.56130597798303583090	    -21.43446349625800095851	     26.37696344024239891723	    327.48059691566436413268	     45.16124193055777880090	     -7.45938855467590578030
      1.12099999999998711786	    -25.36121947172743773535	    -22.50459971714986551206	     -1.89005091853808360192	     -0.06283008400151690598	     -0.15859665560585903266	      0.05929340169939907590	     21.74696553914667518370	     24.70994557610016784110	    -83.26691916682185024001	     13.30889835898296702510	      2.99247239298554967846	    -21.57045249657503660501	     25.86212146267572364877	    325.65990935842251019494	     45.00060186644184057059	     -6.57457529645012694886
      1.12199999999998700773	    -25.29118055318326341308	    -22.59558359675135363887	     -1.84213785736873281174	     -0.06204052857911363655	     -0.15971185953458907902	      0.05802606499371776999	     21.55771807223823444133	     24.73802777791329177148	    -83.12722332377032330442	     13.78685527072826033645	      1.42817029815018781136	    -21.69582101347479152764	     25.33874307383810986494	    323.78425783876281229823	     44.83811837968817570754	     -5.68064515213708709496
      1.12299999999998689759	    -25.21565740820065570915	    -22.68391427456266740137	     -1.79405128007745373608	     -0.06124523204481511357	     -0.16080232243458003616	      0.05673927303904529457	     21.36064285994128297830	     24.75931269455541539060	    -82.97984611396041998432	     14.26371934557096921026	     -0.13059137856117769561	    -21.81058330104566422847	     24.80688235410338293718	    321.85388625474473656141	     44.64128443267934898131	     -4.77862831821703348822
      1.12399999999998678746	    -25.13468347557972393247	    -22.76957229439431529272	     -1.74583225092126848033	     -0.06044420408067349010	     -0.16186755587990769856	      0.05543330905534772646	     21.15574535430030422845	     24.77392809946899632223	    -82.82474271012789301949	     14.73908932236404289995	     -1.68286524759381905803	    -21.91466873482644217574	     24.26670923326576101431	    319.86892249389785547464	     44.41054623093562270242	     -3.86929560865462907060
      1.12499999999998667732	    -25.04825061996082880000	    -22.85253242106693249980	     -1.69752761827884257606	     -0.05963794791250167510	     -0.16290822384147152224	      0.05410828322094478338	     20.94296920285563246011	     24.78211083695367733526	    -82.66204405681351374824	     15.21249837463015452954	     -3.22776390612336472330	    -22.00792069111593818320	     23.71852754741589563992	    317.82937749318415399102	     44.18023270316913198030	     -2.95315098411632437347
      1.12599999999998656719	    -24.95639878164891811707	    -22.93278361209658200437	     -1.64918043765726629601	     -0.05882668526359473987	     -0.16392411785208202413	      0.05276452269051778304	     20.72233201780423783589	     24.78398065316571674543	    -82.49171349648786133457	     15.68354290843969955915	     -4.76435699990924454994	    -22.09026951953405770723	     23.16249328838049592605	    315.73541967460266732814	     43.95048377367766079260	     -2.03099615816990608508
      1.12699999999998645706	    -24.85917328841988549470	    -23.01031815820651260651	     -1.60083449423080592666	     -0.05801024757751120642	     -0.16491452067034526041	      0.05140234236100313381	     20.49386144850765489878	     24.77966063597618529002	    -82.31371675303604718010	     16.15182437755491662301	     -6.29172104613857463562	    -22.16165596443294205642	     22.59875973948322069873	    313.58724413451619739135	     43.71961796715649484213	     -1.10366442726139490915
      1.12799999999998634692	    -24.75666059302015753474	    -23.08513906403256044086	     -1.55252770965639097511	     -0.05718816711838911604	     -0.16587790237310062746	      0.05002223432311957152	     20.25764779385567138092	     24.76928680973491481154	    -82.12788608425434233595	     16.61699754296342490534	     -7.80890507085702889611	    -22.22209745746001985367	     22.02745298511979754608	    311.38518782288792863255	     43.45780472372069880294	     -0.17224940484053291589
      1.12899999999998623679	    -24.64890927048117674758	    -23.15724383320826618160	     -1.50430413619176239770	     -0.05636047677753957402	     -0.16681386684286697575	      0.04862453481536470334	     20.01372754592781433303	     24.75302258428111912281	    -81.93421517981957435950	     17.07866186388472229396	     -9.31501416547364513576	    -22.27153632970182783879	     21.44875876732034569727	    309.12947926558757671955	     43.16553588492417503630	      0.76240371634565462511
      1.12999999999998612665	    -24.53592862714407019098	    -23.22662528696285733076	     -1.45621520848433894102	     -0.05552772692653854675	     -0.16772317487976631800	      0.04720941546623037832	     19.76208428312416742756	     24.73107401197318111485	    -81.73286233473061201948	     17.53636034399560728048	    -10.80920792872552382846	    -22.30983850882594410336	     20.86293956219651590800	    306.82023799630718485787	     42.87447571810622548583	      1.69970498402424041728
      1.13099999999998601652	    -24.41777265568843091614	    -23.29328728955362493025	     -1.40830667260238340255	     -0.05469017262709576638	     -0.16860574686983448300	      0.04577724252505700059	     19.50277392246344732030	     24.70361638511684887476	    -81.52383723810376636720	     17.98969820664378360675	    -12.29061519996853135694	    -22.33695489642026643651	     20.27016745557214605356	    304.45773367686024357681	     42.58502121302187504170	      2.63878778700373528565
      1.13199999999998590638	    -24.29450075969775824092	    -23.35723609248162091490	     -1.36062413780562563304	     -0.05384766656486690561	     -0.16946098381294036339	      0.04432837042179941373	     19.23586080906757800335	     24.67082920628044817590	    -81.30714799740870546430	     18.43828676640797326058	    -13.75837702688180641530	    -22.35284424978904382897	     19.67061409631894619565	    302.04226471642732576584	     42.29587778667524844423	      3.57875930078639248322
      1.13299999999998579625	    -24.16621133267600285421	    -23.41848612027854414919	     -1.31320584394023964769	     -0.05299975376957462986	     -0.17028749991800240515	      0.04286331438981123843	     18.96146372858796880223	     24.63288217203601959682	    -81.08268099459280620067	     18.88179176249918356234	    -15.21161638184283937392	    -22.35754287042711041522	     19.06444714962294995075	    299.57426712227749021622	     41.97897063903675984875	      4.51848017272271018641
      1.13399999999998568612	    -24.03296648394101708845	    -23.47704698683168089701	     -1.26609743678077268925	     -0.05214649876956088670	     -0.17108504308890162826	      0.04138243881207110536	     18.67965984974608062430	     24.58996956259565180858	    -80.85047507878758210609	     19.31983103837154303051	    -16.64950827772369379431	    -22.35101887884377802607	     18.45185577915903962776	    297.05407475712269160795	     41.63473059937880549342	      5.45705285811386442418
      1.13499999999998557598	    -23.89479104518492036391	    -23.53292440800180074234	     -1.21935306702567780590	     -0.05128849894124052483	     -0.17185450699842222400	      0.03988595164419145300	     18.39048474903367136335	     24.54231750776322940055	    -80.61072260124282706784	     19.75197324396217268827	    -18.07127806296200844827	    -22.33317021560430859495	     17.83306467490895030892	    294.48191952184623687572	     41.29271134947292409834	      6.39382676791626014534
      1.13599999999998546585	    -23.75175116380270523564	    -23.58613242001614906940	     -1.17301947229411429596	     -0.05042604476486884507	     -0.17259597280504693217	      0.03837423325093528015	     18.09403640343886365827	     24.49013794878668903721	    -80.36348367145467364026	     20.17784739459513687621	    -19.47613167976525261338	    -22.30397718140186569258	     17.20825748371174057638	    291.85817648640789911951	     40.95387163076667746964	      7.32789539594734407046
      1.13699999999998535571	    -23.60391835681159733440	    -23.63668669824828683090	     -1.12714259808978622956	     -0.04955901722905867862	     -0.17330900049907699279	      0.03684765079035626917	     17.79041986842267775160	     24.43364586202577726226	    -80.10881421776919353306	     20.59709002507942798843	    -20.86329152108161366641	    -22.26342681364119258092	     16.57761806321106945461	    289.18325071202173148777	     40.61755201406160864508	      8.25833120969252121313
      1.13799999999998524558	    -23.45140323709439655886	    -23.68460926750901407445	     -1.08175966023716441100	     -0.04868698002471087694	     -0.17399236627357544949	      0.03530672877135568322	     17.47979386195497042422	     24.37302674992626805306	    -79.84665009738468199885	     21.00939648680247273660	    -22.23196798946446506307	    -22.21158721836293992169	     15.94131531864322504077	    286.45768409442860047420	     40.25583821797837202894	      9.18396406583754298936
      1.13899999999998513545	    -23.29428037376165860906	    -23.72991805159126599278	     -1.03691614476805948897	     -0.04781002752173729026	     -0.17464597046919710932	      0.03375184164343253412	     17.16227984527320060693	     24.30850064916412378579	    -79.57707439942093685659	     21.41441672590999800718	    -23.58142216406889701830	    -22.14845916440664908009	     15.29953274836486087906	    283.68191976931035469534	     39.86906265665722770564	     10.10386714344653036335
      1.13999999999998502531	    -23.13258782335600827196	    -23.77262793560851505958	     -0.99266675119258396265	     -0.04692879447676009952	     -0.17527083770122175999	      0.03218321296681030813	     16.83796236997754647291	     24.24032982879897346606	    -79.30031573708627945507	     21.81175369916478246068	    -24.91096387910597442783	    -22.07397317110427081843	     14.65247846529618769296	    280.85630315195999173739	     39.48615245845217458509	     11.01736023868588532082
      1.14099999999998491518	    -22.96640328008349740685	    -23.81276021122574348965	     -0.94905724020223480863	     -0.04604359676615590868	     -0.17586719017776053509	      0.03060122742230447432	     16.50697923394115917972	     24.16874686747181399937	    -79.01647871464042793832	     22.20107060513601382468	    -26.21989207526763721035	    -21.98814111076959321167	     14.00034219739142926642	    277.98131858986681663737	     39.10864431050369205423	     11.92352047708972051510
      1.14199999999998480504	    -22.79580972458816390258	    -23.85033734179354780736	     -0.90613220492069057599	     -0.04515433790188794899	     -0.17643473553725805281	      0.02900625366708882436	     16.16947477844178493456	     24.09398582518353038040	    -78.72566299015119284377	     22.58204010505595960012	    -27.50752505714424600569	    -21.89098228582242811058	     13.34331240172032728708	    275.05748059709247854698	     38.73644755087752855616	     12.82140889293130214810
      1.14299999999998469491	    -22.62093111080383422973	    -23.88538687716754083112	     -0.86392619386417579541	     -0.04426059206813978686	     -0.17697238007856003206	      0.02739882587314558179	     15.82565455135851628654	     24.01625529409971093742	    -78.42784182110604263016	     22.95440022487600728596	    -28.77317314344778509394	    -21.78260232048054234610	     12.68152327980710936117	    272.08544191843168391642	     38.34045782077685515787	     13.70984096028713139503
      1.14399999999998458478	    -22.44185432762002463392	    -23.91793318655691891195	     -0.82248257423494852691	     -0.04336246870333971409	     -0.17748013857536448779	      0.02577932728642453805	     15.47567978288402734677	     23.93579413444904702146	    -78.12313388143948600373	     23.31784066879917816095	    -30.01619836768084326195	    -21.66303428147203646859	     12.01514806350100350585	    269.06575745978580016526	     37.92095808959300029528	     14.58788466096905445113
      1.14499999999998447464	    -22.25862910648346115750	    -23.94799864946624978757	     -0.78185437697373438848	     -0.04246061979559805771	     -0.17795912762156793074	      0.02414799319601702507	     15.11966858915847744527	     23.85288428341781497011	    -77.81179968796905654926	     23.67200100119666217324	    -31.23601225104418688261	    -21.53223506978442358673	     11.34440601633446377150	    265.99888585887140379782	     37.50779509643638220950	     15.45486240897034946329
      1.14599999999998436451	    -22.07134536412610614775	    -23.97561082002842525185	     -0.74208432141449953701	     -0.04155536521040255338	     -0.17840965228241295604	      0.02250522316425397282	     14.75779155013204579916	     23.76776864454234683421	    -77.49397448283914968670	     24.01658416074999635725	    -32.43202084381547223302	    -21.39024485586750756738	     10.66948426649341463701	    262.88542355032421937722	     37.10283377008769178929	     16.30985768531553503635
      1.14699999999998425437	    -21.88009818707894282852	    -24.00079819050935014957	     -0.70321379938423622669	     -0.04064661150060511902	     -0.17883151413413381214	      0.02085139753449322467	     14.39022602420795315936	     23.68069052081189695969	    -77.16978921199388707919	     24.35130485950312362320	    -33.60365140362636537930	    -21.23711331777682076449	      9.99056552525673069454	    259.72599640028653311674	     36.70623791989031303729	     17.15194259173889435033
      1.14799999999998414424	    -21.68502587071143139497	    -24.02359333536289298650	     -0.66527279269666139694	     -0.03973392070687439825	     -0.17922368699970842032	      0.01918707430468957753	     14.01722001212682577886	     23.59188482551639509666	    -76.83923966529469851139	     24.67594956189504884492	    -34.75032690456856698802	    -21.07298159358597189339	      9.30773234205159916144	    256.52137003053115904549	     36.28722793602499052668	     17.97993965114344661060
      1.14899999999998403410	    -21.48622808948456963662	    -24.04402678222352562898	     -0.62830052798310787043	     -0.03881739150821389428	     -0.17958623782346597175	      0.01751266099693958578	     13.63896387461473835856	     23.50159881206516487850	    -76.50246655354671077021	     24.99025079553173966929	    -35.87152361961062752016	    -20.89790969433262546318	      8.62114615719785959413	    253.27221192095981905368	     35.84612182570336358367	     18.79293638755892104086
      1.14999999999998392397	    -21.28376583870389637809	    -24.06212818474413595027	     -0.59234628498572061694	     -0.03789766629890242711	     -0.17992032087048079325	      0.01582841811707106153	     13.25559181490516991175	     23.41010675031213139619	    -76.15975183750674659677	     25.29388533759828661118	    -36.96676851789849393981	    -20.71187273674922479927	      7.93105369732615894662	    249.97909297926352678587	     35.41449452069424097544	     19.59028669173966008543
      1.15099999999998381384	    -21.07774219005883153955	    -24.07793124750579139004	     -0.55744766789895150438	     -0.03697504089929567334	     -0.18022625945193704311	      0.01413478188453214275	     12.86730049934756969776	     23.31766768462754768620	    -75.81124491923748109912	     25.58659918283298040365	    -38.03558656326029563388	    -20.51493333936533502992	      7.23763017111695106109	    246.64272239835693767418	     34.99423140698756640177	     20.37110331951157959907
      1.15199999999998370370	    -20.86826517980925288498	    -24.09147024697760386402	     -0.52364079293929588488	     -0.03604939599488901636	     -0.18050388306718295750	      0.01243216663276919438	     12.47429359454504016469	     23.22453941986712067092	    -75.45709201080110517523	     25.86815214509348948013	    -39.07752527112872087400	    -20.30716619770165820569	      6.54104245047965271453	    243.26383745318784690426	     34.58542361245587670737	     21.13449241832107361461
      1.15299999999998359357	    -20.65548721058199532763	    -24.10278228936278566152	     -0.49094884913242220481	     -0.03512025058499627234	     -0.18075216980234845576	      0.01072117137919225034	     12.07684227375776586655	     23.13094011223878609940	    -75.09729808117113236676	     26.13837974777187866948	    -40.09213237763919579493	    -20.08874158849821611739	      5.84132256636051128140	    239.84331550031828328429	     34.15597631857479399287	     21.87930982813550429000
      1.15399999999998348343	    -20.43952068838879654322	    -24.11190333544064756666	     -0.45940470386670317904	     -0.03418766386210935621	     -0.18097118457594255081	      0.00900224665605703356	     11.67515447435751951843	     23.03711282685766548184	    -74.73201200196960769517	     26.39705927193261913999	    -41.07900895747695102500	    -19.85974027829113452981	      5.13861768798094242783	    236.38193499633956662365	     33.70630650997637900446	     22.60468797157435361100
      1.15499999999998337330	    -20.22043767140073100563	    -24.11886926071347048151	     -0.42905174068807033771	     -0.03325224410997299623	     -0.18116208051015869618	      0.00727569488783479362	     11.26937547181418075581	     22.94333314152736136293	    -74.36152446587925624044	     26.64390826014945190536	    -42.03780639684634934383	    -19.62015010762386424403	      4.43319846149324447993	    232.88037657239871691672	     33.26961977400168279928	     23.31003740408696245368
      1.15599999999998326317	    -19.99835412124650702026	    -24.12371854907809165525	     -0.39992020433287506220	     -0.03231423821165281540	     -0.18132516014276844896	      0.00554200439526094171	     10.85972332719503974374	     22.84988016148594169863	    -73.98598528215292446930	     26.87871997528120004972	    -42.96817687938845153894	    -19.37005191475735088602	      3.72521660158753231684	    229.33945967414217648184	     32.84753215885508836891	     23.99452407954631993903
      1.15699999999998315303	    -19.77339066816633916801	    -24.12648963765574450235	     -0.37203854191844237809	     -0.03137347312412454292	     -0.18146023548321243979	      0.00380164058234578207	     10.44642209779682318072	     22.75702768119410990266	    -73.60554157978424427711	     27.10130262781406784711	    -43.86979635064087545970	    -19.10954062056629965127	      3.01481186310543947116	    225.76003010666417480934	     32.43979789417644354899	     24.65731234686351669438
      1.15799999999998304290	    -19.54571153258250859608	    -24.12722219467977069485	     -0.34542068695665878453	     -0.03042939737367274938	     -0.18156625597838069175	      0.00205524926158645854	     10.02974002289372634777	     22.66490255473469517256	    -73.22019926206759521392	     27.31154061060754045798	    -44.74234624451612774010	    -18.83880890507958127955	      2.30197954994419484720	    222.14307186162227480963	     32.01398370762040457294	     25.29732170067201479924
      1.15899999999998293276	    -19.31544034259709619050	    -24.12595528064072425423	     -0.32009082967984681112	     -0.02948200946323408997	     -0.18164326400445743315	      0.00030333023539258312	      9.60989591511695273596	     22.57373498224378138843	    -72.83010518079706230310	     27.50926042645737013004	    -45.58555841793426566255	    -18.55795483264058631789	      1.58684627053227655935	    218.48946937803779633214	     31.57061801094342712304	     25.91375531965524814382
      1.15999999999998282263	    -19.08265936598006717873	    -24.12272825386720498386	     -0.29608433229669733899	     -0.02853186993247832856	     -0.18169240584802523464	     -0.00145376705449883612	      9.18705849597108858973	     22.48385450628314075061	    -72.43554775020277247677	     27.69422961589092935242	    -46.39921181181838250041	    -18.26697919083764531933	      0.86968223975938063752	    214.80000777783791932052	     31.14365390669167865667	     26.50610229906117254473
      1.16099999999998271250	    -18.84749521139387695712	    -24.11758130892415152857	     -0.27342188828575525461	     -0.02757916425300074512	     -0.18171396514641194320	     -0.00321550728545215306	      8.76146377727142677827	     22.39554567896322367915	    -72.03666998393393328115	     27.86629581391225229936	    -47.18308934411830790623	    -17.96598102818521525137	      0.15060230749180678056	    211.07561018325870350054	     30.73428172692076287831	     27.07360697928308468363
      1.16199999999998260236	    -18.61007881790599327587	    -24.11055378595281339926	     -0.25212186852318008157	     -0.02662364905940251339	     -0.18170772855420105896	     -0.00498137690012328410	      8.33335074262765651554	     22.30908084110232181274	    -71.63361126279454538235	     28.02532150587169823552	    -47.93699896616272582150	    -17.65507401440504153811	     -0.57029295936046342508	    207.31722425010627830488	     30.34181731704925510940	     27.61551738614805273642
      1.16299999999998249223	    -18.37058229080241034126	    -24.10168435952518706245	     -0.23218660795364687299	     -0.02566468818966750887	     -0.18167262381175225405	     -0.00675069591499614582	      7.90296773138551422733	     22.22444857552869024175	    -71.22637601172911558933	     28.17124320647781843263	    -48.66075934959998505747	    -17.33446949202701148351	     -1.29302706207869877453	    203.52593153647683266172	     29.93460203368347904984	     28.13084839337022557970
      1.16399999999998238209	    -18.12913739161800918964	    -24.09101129033069810248	     -0.21362946224829768016	     -0.02470221342576024368	     -0.18160868735508825522	     -0.00852292986286005798	      7.47054421957877679006	     22.14186233926989544329	    -70.81510466265372372163	     28.30394475675738874543	    -49.35423397877799800426	    -17.00428421469444018044	     -2.01750501485720468153	    199.70271375431528326772	     29.51322914176307676826	     28.61889970354020107379
      1.16499999999998227196	    -17.88583446105497998246	    -24.07857323155136697324	     -0.19647582794534432238	     -0.02373673978588420469	     -0.18151708307808309129	     -0.01029769779996054894	      7.03628973873474539147	     22.06174873418119020130	    -70.40007702046261783835	     28.42325648189975950686	    -50.01732768630149195133	    -16.66453854622675478936	     -2.74349648468498941156	    195.84845212862279595356	     29.11117520948061709873	     29.07925878961366805697
      1.16599999999998216182	    -17.64080683114973524539	    -24.06440779181812672505	     -0.18073500557647903531	     -0.02276839579880217401	     -0.18139811164341651528	     -0.01207444383543811693	      6.60045623478529197570	     21.98437246664213873260	    -69.98142944988454416944	     28.52908952347447879561	    -50.64995295958615173504	    -16.31535446100900443867	     -3.47093443295405990057	    191.96416291167665235662	     28.72926154549006128036	     29.51127428379268380354
      1.16699999999998205169	    -17.39419183983201122601	    -24.04855101368672265494	     -0.16641338231212954302	     -0.02179686889246206655	     -0.18125156180688298257	     -0.01385263050985973202	      6.16329390055688186578	     21.90997832177547621768	    -69.55929207288355087258	     28.62136859557186241432	    -51.25204842630081003563	    -15.95686746129706357067	     -4.19976630841066533861	    188.05088523901889629997	     28.36647827615143668822	     29.91430372990814134937
      1.16799999999998194156	    -17.14616494842559646372	    -24.03103649703480115818	     -0.15350011109562439193	     -0.02082144307453078630	     -0.18107637647633259559	     -0.01563157167240076736	      5.72503048637398048726	     21.83842466309755536713	    -69.13366916493649227959	     28.70008912312110282983	    -51.82356758788730388687	    -15.58930958085852225281	     -4.93002621907572713411	    184.10978665553710698077	     27.99261184691614090525	     30.28748601673474993845
      1.16899999999998183142	    -16.89686204881319753213	    -24.01189766654654889066	     -0.14199642278608221035	     -0.01984199491475125907	     -0.18087262701333800541	     -0.01741072832903160089	      5.28590929562951483689	     21.76990539121893775132	    -68.70469560863580227306	     28.76520122679471569427	    -52.36450168422316409078	    -15.21282276605689887106	     -5.66166346290677413577	    180.14193481430189081038	     27.60822835370374050967	     30.63024159537709678602
      1.16999999999998172129	    -16.64637834431939467095	    -23.99116856037364797771	     -0.13191671544797670124	     -0.01885901036684814111	     -0.18064153442840705233	     -0.01918971738166067725	      4.84618897163786588322	     21.70493890750884347085	    -68.27264188581912662812	     28.81660878401859804399	    -52.87487632076456378627	    -14.82745759692432940824	     -6.39452258258313044337	    176.14829624569514976429	     27.24537799776044266764	     30.94227571888420769142
      1.17099999999998161115	    -16.39484935853242930648	    -23.96888057396273552513	     -0.12325817595548080319	     -0.01787257936215963516	     -0.18038346425143689244	     -0.02096799843672576130	      4.40613433664104281462	     21.64374446565336285175	    -67.83764218432068560105	     28.85429334576304327697	    -53.35472842364797685377	    -14.43336720195872047157	     -7.12858898974458377040	    172.12996791910526894753	     26.90470190586933796340	     31.22306599985079245130
      1.17199999999998150102	    -16.14241431778335211789	    -23.94506311184117919311	     -0.11601461560127457329	     -0.01688233742103710175	     -0.18009825111229516015	     -0.02274504500828505860	      3.96600312552734379778	     21.58651572544529528841	    -67.39982068005870985417	     28.87824788502467043827	    -53.80412161293511275062	    -14.03071611883640024132	     -7.86386085121503963791	    168.08806829113854064417	     26.58508481243821464091	     31.47210377316923413105
      1.17299999999998139089	    -15.88924810358889949669	    -23.91974166535477053230	     -0.11016182684745766396	     -0.01588751003647928539	     -0.17978489828365012970	     -0.02452019524667074443	      3.52601555470717853424	     21.53303763954751914866	    -66.95918323376061209729	     28.88853336755790479629	    -54.22313688345639803856	    -13.61976452618177546583	     -8.60038890596608318617	    164.02383867302978615044	     26.25778002862922022587	     31.68867510900496498039
      1.17399999999998128075	    -15.63548672165356556718	    -23.89294199380535133059	     -0.10568887412903003875	     -0.01488794134771753187	     -0.17944355423071683964	     -0.02629293789835063927	      3.08642995524927554740	     21.48348012609493906666	    -66.51586221944604915279	     28.88517117173419634923	    -54.61188618777090653111	    -13.20068901033564223724	     -9.33817611330853836193	    159.93842039728679083055	     25.92324146145884711245	     31.87234274928025712370
      1.17499999999998117062	    -15.38122638284813348264	    -23.86469093608356573100	     -0.10259917376632490815	     -0.01388411014614213297	     -0.17907553111701471349	     -0.02806291881584582412	      2.64754445646734204445	     21.43839600649607390892	    -66.07012174898125067557	     28.86814179131531332700	    -54.97050934554096812690	    -12.77358128535237113965	    -10.07715693513461019393	    155.83285332197257844200	     25.61180473137884305856	     32.02294924547550891702
      1.17599999999998106048	    -15.12660075128250802834	    -23.83501142086286250787	     -0.10087814189042790258	     -0.01287609108490976248	     -0.17868129603659230198	     -0.02982964225623858587	      2.20963115361351603028	     21.39794186843510104268	    -65.62209802798062696638	     28.83749831316676193183	    -55.29916049280491563422	    -12.33863491239373288977	    -10.81736957117501063408	    151.70830244362127814384	     25.32411488406447475086	     32.14012270361463663448
      1.17699999999998095035	    -14.87174685450913536044	    -23.80392418591400272021	     -0.10050756050843588640	     -0.01186349285798427543	     -0.17826076923086142667	     -0.03159262177670281446	      1.77295047107098158179	     21.36224680011898158227	    -65.17191333704489863976	     28.79330284663947026047	    -55.59802022407534849435	    -11.89605273254329453891	    -11.55886255847572563482	    147.56595285929751071308	     25.05913264045079458242	     32.22350912845298154252
      1.17799999999998084022	    -14.61683601468427262660	    -23.77144490613890681630	     -0.10145071848548033178	     -0.01084550998307351119	     -0.17781305063640850950	     -0.03335124074595340049	      1.33773036958833757559	     21.33109086423578304448	    -64.71957478553464682136	     28.73568408766642434671	    -55.86728751919459057262	    -11.44613338373633837364	    -12.30172032288708194869	    143.40710777994394220514	     24.78906853858164183180	     32.27255912303954232812
      1.17899999999998073008	    -14.36200091353062724409	    -23.73759023720517191691	     -0.10368532188115051063	     -0.00982197714678940091	     -0.17733839390542369130	     -0.03510503633934202589	      0.90423922357215946732	     21.30460998534409711169	    -64.26521391626805268515	     28.66473289992253015157	    -56.10718687737615084643	    -10.98909742629982488893	    -13.04600401859526215276	    139.23297008602128244092	     24.51418950298419829892	     32.28699590868269808652
      1.17999999999998061995	    -14.10733499989281902742	    -23.70237865972619317745	     -0.10720447341456866563	     -0.00879338232238468728	     -0.17683821814253911087	     -0.03685370253755630710	      0.47278892131383509767	     21.28330281908563748061	    -63.80909096737811125877	     28.58050070559637134693	    -56.31796554331395299187	    -10.52508554647183025565	    -13.79173219596875021864	    135.04464088413570266312	     24.26338845392986343086	     32.26681784685597875750
      1.18099999999998050981	    -13.85296685308785846757	    -23.66582376383306751677	     -0.11198276927177672202	     -0.00775980237791978455	     -0.17631310767259847361	     -0.03859680108343666732	      0.04365209453523836991	     21.26726757754589058891	    -63.35134453448563363054	     28.48310657960118064125	    -56.49988692673686330181	    -10.05433841478157397376	    -14.53899177150708332817	    130.84334089374723930632	     24.03752765573480942862	     32.21182144724666329694
      1.18199999999998039968	    -13.59902800250801391257	    -23.62793686464829434613	     -0.11799112421127255779	     -0.00672084046728137034	     -0.17576309347159335683	     -0.04033389927906923939	     -0.38291319118993299986	     21.25657628300361423612	    -62.89209630972440123742	     28.37267661214466940578	    -56.65323968530400833288	     -9.57710463791269006606	    -15.28787826592160925543	    126.63030903250279379790	     23.83582404002526544673	     32.12182419457541726615
      1.18299999999998028954	    -13.34568435719012136076	    -23.58872329035049375534	     -0.12518148648474111684	     -0.00567568032110190874	     -0.17518738738106803821	     -0.04206442975299614501	     -0.80666860733254186488	     21.25102213034123366242	    -62.43134964847388346243	     28.24940399615769948127	    -56.77833062036926747851	     -9.09373085962324800846	    -16.03853472341090125042	    122.40689932598412781317	     23.63039235497058143665	     31.99645111894522031548
      1.18399999999998017941	    -13.09306260622621920220	    -23.54819026616717536626	     -0.13352119392340228154	     -0.00462415992759835411	     -0.17458635547833681323	     -0.04378798275783160610	     -1.22734676206223092265	     21.25069296222836356947	    -61.96923291185932214375	     28.11344153506135157272	    -56.87548802113989410145	     -8.60448672670427150422	    -16.79108041306423615424	    118.17436356324708413013	     23.42125952231944907567	     31.83559942013638277558
      1.18499999999998006928	    -12.84124994301809685737	    -23.50634777838758182611	     -0.14299377948712749253	     -0.00356678062540450366	     -0.17396152076018506216	     -0.04550430636909518628	     -1.64464863704523600596	     21.25597752569156284608	    -61.50600209701919141025	     27.96490004773282223027	    -56.94505908706970132016	     -8.10956219405709965997	    -17.54559420048692786054	    113.93385007126099139896	     23.23676280207768840569	     31.63943994639439338812
      1.18599999999997995914	    -12.59036757404111206426	    -23.46320011239429348393	     -0.15356382837727966528	     -0.00250362537020434699	     -0.17331357656953019775	     -0.04721301712423256469	     -2.05830729091819542020	     21.26693592301621649199	    -61.04179278370433081591	     27.80395535288794306439	    -56.98740748349594298361	     -7.60924540313929753665	    -18.30220709157615033291	    109.68662158520383798077	     23.07811755526720176590	     31.40794982610934127365
      1.18699999999997984901	    -12.34053918292309859339	    -23.41874923628774496365	     -0.16519237709547124338	     -0.00143430060956524974	     -0.17264267060343962967	     -0.04891373458460453877	     -2.46807157987418390732	     21.28360370187593275659	    -60.57672255551989337619	     27.63078899277471123241	    -57.00291982988734673654	     -7.10383236639960635728	    -19.06105878769680828100	    105.43395582010346345214	     22.94487347155393663911	     31.14112873332387465553
      1.18799999999997973887	    -12.09192405070386833188	    -23.37299037387825961787	     -0.17782077476137822525	     -0.00035798462808391300	     -0.17194812109972659742	     -0.05060593330368568649	     -2.87370902326287902540	     21.30573149509031338766	    -60.11078154093184622297	     27.44565166897371710775	    -56.99199962236210126321	     -6.59372176976350576894	    -19.82237630910684345054	    101.17724458493329109388	     22.80775531069957295927	     30.83877867830117835979
      1.18899999999997962874	    -11.84464079459553254026	    -23.32592172701447807981	     -0.19140663067130614383	      0.00072548253850071315	     -0.17123039477188659041	     -0.05228925125084678965	     -3.27496595298140746877	     21.33334858570618663975	    -59.64408789502369501179	     27.24874844401795925819	    -56.95506834894741388098	     -6.07923003029495934157	    -20.58633363960828077666	     96.91777311395465233090	     22.66652818626680243597	     30.50097822557506788144
      1.18999999999997951861	    -11.59876732861723347412	    -23.27754532711708534976	     -0.20592443769673990372	      0.00181559368401127026	     -0.17049110012794180258	     -0.05396348878918946074	     -3.67156719100808182077	     21.36675823379561833804	    -59.17688889718603206802	     27.04023751223554583589	    -56.89256300002437427565	     -5.56058777637699908070	    -21.35303759930524236665	     92.65671916784218353769	     22.55020563549174639206	     30.12808275759852705278
      1.19099999999997940847	    -11.35441561088417650183	    -23.22785684500091107907	     -0.22132921448724912628	      0.00291226819340625713	     -0.16973101258923634083	     -0.05562831023326224311	     -4.06326007792000432062	     21.40599061283563386837	    -58.70930659068856272143	     26.82034195965525213978	    -56.80493581199922914493	     -5.03812383615198378095	    -22.12266099463883861631	     88.39537109122150582152	     22.46038225855254566454	     29.72025485406645017861
      1.19199999999997929834	    -11.11169953985007730068	    -23.17684963549649879155	     -0.23757273746748139298	      0.00401590039263581382	     -0.16895038457607527982	     -0.05728338186609530785	     -4.44980810345796751193	     21.45105049041151801248	    -58.24144590211903249610	     26.58929001076415943317	    -56.69265862713272241535	     -4.51217629108146756067	    -22.89538719536948008226	     84.13502775056254279207	     22.39689545927533131930	     29.27767952298770737229
      1.19299999999997918820	    -10.87077073612813826742	    -23.12450958580118154373	     -0.25458600102951672861	      0.00512732704912330969	     -0.16814861723682625327	     -0.05892821100897339265	     -4.83100629717236174088	     21.50157406887887034941	    -57.77327053543298518434	     26.34738283168488948149	    -56.55621794816659075877	     -3.98319251222089087960	    -23.67154189341681913561	     79.87710320000907415761	     22.32782132733697366689	     28.80033148303945367275
      1.19399999999997907807	    -10.63173779104891458758	    -23.07082679918046963508	     -0.27231721246667817127	      0.00624671758976411313	     -0.16732625028674555367	     -0.06056247935171604063	     -5.20662483565252465212	     21.55753149288347714219	    -57.30487739911541211768	     26.09486925609730434417	    -56.39611456368763242608	     -3.45152625373310684154	    -24.45134752994968252438	     75.62289784287537486307	     22.25267668064118709026	     28.28847140068470267238
      1.19499999999997896794	    -10.39466639881119469635	    -23.01579639277307620659	     -0.29073228114485066831	      0.00737357064604803741	     -0.16648494761153895261	     -0.06218604166538475864	     -5.57641070271939032210	     21.61921055557657922463	    -56.83649703898642968625	     25.83194503554929255529	    -56.21286115077113976213	     -2.91743375343188837689	    -25.23491011904144443179	     71.37359771884102599415	     22.20246531564670888770	     27.74264505805381730852
      1.19599999999997885780	    -10.15965748192157569463	    -22.95940649848052927950	     -0.30977686361840772733	      0.00850782211340186251	     -0.16562552470841898633	     -0.06379860805826904901	     -5.94013549257719830621	     21.68660358110826891220	    -56.36822426754873305299	     25.55887319257839607189	    -56.00698320633003390867	     -2.38127248830222004727	    -26.02244308110266146628	     67.13049791338121963236	     22.17904329384256456592	     27.16319785482477655592
      1.19699999999997874767	     -9.92681331986916859478	    -22.90164294252130261498	     -0.32939380469936840878	      0.00964987865969529554	     -0.16474830902140380484	     -0.06539989098932590117	     -6.29758702289064409285	     21.75967384025165074490	    -55.90013906027527212927	     25.27592176955528913140	    -55.77902173297305665756	     -1.84341158945258087876	    -26.81417330825875922073	     62.89489882493523964513	     22.18235400793966149990	     26.55049597449140819094
      1.19799999999997863753	     -9.69627637657762164736	    -22.84248324637121996261	     -0.34950379843756468334	      0.01080060736541903037	     -0.16385274914978056882	     -0.06698943030707676938	     -6.64860226661906938972	     21.83791106631942824379	    -55.43216443109939461920	     24.98343635151504216196	    -55.52952964577576011607	     -1.30433698875630765812	    -27.61052437078054211383	     58.66821863424574701185	     22.17699898307095196515	     25.90467856757703302151
      1.19899999999997852740	     -9.46814311999258784169	    -22.78191040596916394634	     -0.37004594892812031626	      0.01196019907788684403	     -0.16293941822173732548	     -0.06856695575606264192	     -6.99298198223966593901	     21.92123280816042552033	    -54.96436368162856211939	     24.68170280867517263346	    -55.25907022210102326198	     -0.76442620685207063325	    -28.41175959286520225078	     54.45175285846819690505	     22.16229366974365433407	     25.22618341189790669432
      1.19999999999997841726	     -9.24246426594719139302	    -22.71991356134141426537	     -0.39097820167727814766	      0.01312816515936940029	     -0.16200999479531497105	     -0.07013238551810510590	     -7.33049258822768479149	     22.00996437563141583382	    -54.49694127324175951799	     24.37094685936133231507	    -54.96821499660230614381	     -0.22394461056117631603	    -29.21796806490692333114	     50.24667367190415490086	     22.17221504708223633884	     24.51574554155376972631
      1.20099999999997830713	     -9.01932772079402234056	    -22.65647399347876600473	     -0.41223719742719189263	      0.01430446756147260925	     -0.16106528450896548388	     -0.07168548245393757679	     -7.66094012346942321301	     22.10404443656961248621	    -54.02995190398468849935	     24.05146516626050967602	    -54.65754565073117277052	      0.31673514102514777058	    -30.02940151993848516554	     46.05426355767241375361	     22.20869098954754150554	     23.77388559902146170089
      1.20199999999997819700	     -8.79882211420930460122	    -22.59157049534426775494	     -0.43375726789225332869	      0.01548953393231159402	     -0.16010564809693511590	     -0.07322601348093477069	     -7.98414680263502241075	     22.20337816664133967492	    -53.56343833733114223605	     23.72355926363720612926	    -54.32765527965369045660	      0.85722594278968755610	    -30.84632806033392427025	     41.87580538888350645266	     22.27154308632913171095	     23.00114255691654108205
      1.20299999999997808686	     -8.58107862152703049219	    -22.52517242370253569561	     -0.45544919330871069807	      0.01668427035193634569	     -0.15913054128467202242	     -0.07475356084447580540	     -8.29999269410731344010	     22.30733837787490259075	    -53.09727109150515644842	     23.38761250405340064162	    -53.97914625899829843547	      1.39701656058186318710	    -31.66925641332154128804	     37.71270315572287756822	     22.32166866406516447796	     22.19781137033415774340
      1.20399999999997797673	     -8.36617929243952396234	    -22.45725572306886519414	     -0.47724362516055562899	      0.01788889219025358024	     -0.15814052649093571223	     -0.07626791344697148034	     -8.60831429379458512585	     22.41579811186253223809	    -52.63146997221807055212	     23.04394038525378718418	    -53.61262771656907943907	      1.93571913701176212541	    -32.49848273976700596677	     33.56622838897857263873	     22.35825906013546671147	     21.36449880218485830596
      1.20499999999997786659	     -8.15415736035309102192	    -22.38780346459164505291	     -0.49909153656844867930	      0.01910291984000963769	     -0.15713725318633209316	     -0.07776906467556679581	     -8.90890436051034129150	     22.52911835910189353172	    -52.16620647572126046043	     22.69279016549509364609	    -53.22871380489365122912	      2.47307239294009573172	    -33.33407429682137745885	     29.43751910345401512359	     22.41874260388620854201	     20.50212194323460934697
      1.20599999999997775646	     -7.94508575636932423691	    -22.31678965916745127629	     -0.52092132241363930945	      0.02032633973311812406	     -0.15612146888152333979	     -0.07925683953146563099	     -9.20161449667896214066	     22.64716394306896418698	    -51.70148657470107167455	     22.33448401006310746197	    -52.82802633911381917642	      3.00869927112204171848	    -34.17631907684820902205	     25.32782716513729681651	     22.50481535769060670304	     19.61136513472954590043
      1.20699999999997764633	     -7.73903749424953701919	    -22.24418546231587612283	     -0.54265956429486017498	      0.02155959903309321440	     -0.15509352333871781471	     -0.08073106921931516577	     -9.48631205731085458410	     22.76976420463978811881	    -51.23730697640375097990	     21.96934848115283500647	    -52.41119470296473537019	      3.54220599747194775375	    -35.02552344755046220826	     21.23840046770825296107	     22.61587392323020750950	     18.69292780289936217741
      1.20799999999997753619	     -7.53612970783702174060	    -22.16995130408831826685	     -0.56420823856554180864	      0.02280363588732108038	     -0.15405284892598788971	     -0.08219139145041091943	     -9.76290962320126354257	     22.89626124610185442521	    -50.77348073608672507362	     21.59779438688344654906	    -51.97885526950416590353	      4.07306974881416739009	    -35.88225710462845796656	     17.17060983618848268861	     22.70974128156624161079	     17.74725191583128847128
      1.20899999999997742606	     -7.33642784076021925443	    -22.09405511540659361458	     -0.58549072874032015434	      0.02405868022455586244	     -0.15299996085718114980	     -0.08363766310152649652	    -10.03128577896939965797	     23.02648777925026735147	    -50.30997979377212203644	     21.22015622554523872623	    -51.53164797837970922956	      4.60090253228161483179	    -36.74684153208751524744	     13.12568456717008835710	     22.78557003446195139418	     16.77510198959501153126
      1.20999999999997731592	     -7.13994591849849946641	    -22.01647275274333281914	     -0.60645235329715696526	      0.02532424814062895352	     -0.15193644113504806148	     -0.08506995744060023845	    -10.29128189967705075958	     23.16076968541799985246	    -49.84693975135599686155	     20.83669160546963539105	    -51.07021489740856878825	      5.12545363583426816234	    -37.61933028748203611258	      9.10471068680582007460	     22.88387811777311497963	     15.77756508446399763557
      1.21099999999997720579	     -6.94674011784906308975	    -21.93716955225688636233	     -0.62701469352437189109	      0.02660033560851264925	     -0.15086294806491531983	     -0.08648816506511991520	    -10.54280230237361237755	     23.29889870699538079180	    -49.38431625074119324381	     20.44773681779611962384	    -50.59520439832462557206	      5.64634813167412730195	    -38.50004380354973676504	      5.10889137200469356515	     23.00590756030893757611	     14.75546614294400882272
      1.21199999999997709565	     -6.75686610259317710359	    -21.85610756462385140253	     -0.64709796401888886042	      0.02788739463184977674	     -0.14977979102380648002	     -0.08789218401568479888	    -10.78576616138605004380	     23.44063305761850912745	    -48.92205743005607843088	     20.05363143137739356803	    -50.10726885414720754852	      6.16319339270198085501	    -39.38932142069316455490	      1.13942214305788969142	     23.15044971470943480085	     13.70964262448115178472
      1.21299999999997698552	     -6.57042394619971847902	    -21.77323718012032571778	     -0.66659715476653491617	      0.02918637358857422912	     -0.14868637196106443410	     -0.08928171520354914736	    -11.02011481745060628157	     23.58534840406067090157	    -48.45992227110745886876	     19.65479583903708871162	    -49.60706124192592625377	      6.67546560941613886797	    -40.28776739490707115010	     -2.80237707520186507537	     23.27338378950158670477	     12.64072403760101792614
      1.21399999999997687539	     -6.38746062999816111017	    -21.68851683843114841466	     -0.68543038226266816970	      0.03049749351501912162	     -0.14758314495396804289	     -0.09065668338844604102	    -11.24577805020925325152	     23.73283200154630989687	    -47.99783699920973845110	     19.25157105120824141409	    -49.09524176600883293986	      7.18278196508281663313	    -41.19572296019322266147	     -6.71533856491415725998	     23.37385931202005906471	     11.54958014563922397144
      1.21499999999997676525	     -6.20797023033116968094	    -21.60191339204839877652	     -0.70353956766715919358	      0.03182024441323472869	     -0.14647160262801087183	     -0.09201723328617057718	    -11.46267018894688227704	     23.88329219650250223594	    -47.53590076061191638246	     18.84422010500066946292	    -48.57248074445123364740	      7.68490371779558323340	    -42.11324354544631631825	    -10.59845102949953421501	     23.49445193357175654114	     10.43726890041051191815
      1.21599999999997665512	     -6.03199092350494492365	    -21.51338400106336834483	     -0.72084057679761037729	      0.03315462347812295207	     -0.14535231850461546865	     -0.09336331306054322654	    -11.67074926779524268738	     24.03647818323091200909	    -47.07402508701790821988	     18.43306015549002552234	    -48.03940800727924909097	      8.18146019837499771654	    -43.04067216922959460135	    -14.45056176153693705544	     23.63594176902508436910	      9.30515765427469432325
      1.21699999999997654498	     -5.85955969062285753068	    -21.42288219117176595319	     -0.73724895147911007065	      0.03450106121834799200	     -0.14422557370761826534	     -0.09469488444380745606	    -11.86998596418534468455	     24.19210941081071553072	    -46.61211829004150786204	     18.01841416435905074422	    -47.49665782087500076614	      8.67205961205996977981	    -43.97837122634963691326	    -18.27053208898453817710	     23.79656835608406595384	      8.15456248125373406310
      1.21799999999997643485	     -5.69075607339641997839	    -21.33034116610594210783	     -0.75266265712450008962	      0.03586041349468516160	     -0.14309072631202190973	     -0.09601171343985256956	    -12.06036661651722141642	     24.34956071643095398827	    -46.14987768394993139509	     17.60080736670816037304	    -46.94508044861419193694	      9.15619483320870841681	    -44.92697333047095042957	    -22.05720986449315645928	     23.93126419813212280019	      6.98372200116159547179
      1.21899999999997632472	     -5.52560927406834512254	    -21.23571759805663816678	     -0.76699100093806393819	      0.03723297615845612418	     -0.14194819015229398484	     -0.09731374946747328725	    -12.24188667140928643562	     24.50857476639114551631	    -45.68718483596289559046	     17.18048301136613531526	    -46.38520212033986211964	      9.63349735871213397331	    -45.88681877096543360040	    -25.80942972925705802822	     24.03916760729174484368	      5.79549375017888390715
      1.21999999999997621458	     -5.36409586255705317370	    -21.13899681752220516273	     -0.78015235130559967835	      0.03861837130489862574	     -0.14079953778891979299	     -0.09860121265245543054	    -12.41453624356051754773	     24.66926613082041441771	    -45.22418006433878900907	     16.75730365543900646230	    -45.81701410978212152258	     10.10367654906041323670	    -46.85793166895519590298	    -29.52592372500814477121	     24.16386178429330300332	      4.60002230517766896867
      1.22099999999997610445	     -5.20622334474393166914	    -21.04006067801231338876	     -0.79212355342415952109	      0.04001579461873824850	     -0.13964505410464267410	     -0.09987423466265120398	    -12.57829449420729339693	     24.83130885253080322173	    -44.76065770617500305661	     16.33252469611684887241	    -45.24273197590954254110	     10.56641915375122486864	    -47.84079893685812123749	    -33.20645558181019652011	     24.30567876091632584235	      3.37749213957669258690
      1.22199999999997599431	     -5.05201264930152671440	    -20.93881170505924771419	     -0.80285552204574262003	      0.04142570817129704458	     -0.13848452761971780101	     -0.10113256730160356811	    -12.73321656088444164823	     24.99437325678349353097	    -44.29621985133771744358	     15.90719277012295940210	    -44.66437945816778665176	     11.02158453330935117265	    -48.83584609909359386393	    -36.85064123260528390347	     24.46239823840259930421	      2.11115126085184545701
      1.22299999999997588418	     -4.90157309093882176398	    -20.83557262385110675496	     -0.81189237926278567947	      0.04285249122828270474	     -0.13731920971022751332	     -0.10237576449520684185	    -12.87945850313131401776	     25.15810576036237478093	    -43.83130830565417568323	     15.47612187636487490749	    -44.07306202917195747659	     11.46804267340018235188	    -49.84301171537316577087	    -40.45235052384353480193	     24.58928578932211905794	      0.92956437669924041334
      1.22399999999997577405	     -4.75483473271476508870	    -20.73011722909090082112	     -0.81932923240054356118	      0.04429171081008930616	     -0.13615045513520326881	     -0.10360574936022437509	    -13.01675606857032541086	     25.32203103219659823253	    -43.36655855589289387808	     15.04155899771304127910	    -43.47192867690579021200	     11.90462427358303898473	    -50.86313369082836288726	    -44.01232761146799532526	     24.68515401547458409937	     -0.20036188545097299851
      1.22499999999997566391	     -4.61159173113265641319	    -20.62158839961930212326	     -0.82585844968189225934	      0.04573230849341174825	     -0.13497725605917054725	     -0.10482510932615148047	    -13.14467358755352854871	     25.48547704845646322269	    -42.90153153346018655157	     14.61502129794652660166	    -42.88011341015877775362	     12.33141346633154356027	    -51.89788640089784621523	    -47.54022768537232934705	     24.79236783829557211334	     -1.52132853756677488555
      1.22599999999997555378	     -4.47192177429802129041	    -20.51040136373369193734	     -0.83096232123858015939	      0.04717988705016100404	     -0.13380014918013105607	     -0.10603260430151058291	    -13.26351670395425763616	     25.64861019986262391512	    -42.43634462958029729407	     14.18996510456523374444	    -42.28696731011541487533	     12.74789091456150913473	    -52.94670262644959990439	    -51.02858605556448168272	     24.91246422426197781874	     -2.89034048704726131973
      1.22699999999997544364	     -4.33595111603258054345	    -20.39703286052316499877	     -0.83405842389862827613	      0.04864292797140071928	     -0.13261846826304224400	     -0.10722571988744204752	    -13.37379175698956501606	     25.81160507858173147611	    -41.97046623892390471156	     13.75954943821120757264	    -41.68181835665075141151	     13.15408755418982345020	    -54.00881289386306605138	    -54.46952708963333122938	     25.04436231731742168449	     -4.16112810438487645825
      1.22799999999997533351	     -4.20369781311541856894	    -20.28110862627311661299	     -0.83531398053886796173	      0.05012012560397385852	     -0.13142905351926578716	     -0.10840395447669955165	    -13.47565743288941497724	     25.97329119728886226426	    -41.50254725242569975308	     13.32924391878317393889	    -41.07423367902796940143	     13.55041813587562948840	    -55.08531773089247707276	    -57.86692997099966362384	     25.14103645480257043232	     -5.44107974416943118712
      1.22899999999997522337	     -4.07512818073108107342	    -20.16249621172051575968	     -0.83472569607535640479	      0.05161022747183527382	     -0.13023180615116161651	     -0.10956774625180172589	    -13.56915103055463056592	     26.13325093079543037788	    -41.03241237614000880285	     12.90047967570415643479	    -40.46665290025779881944	     13.93653081324811893182	    -56.17673560045583514011	    -61.22104286801233286042	     25.20121730970425133478	     -6.75133230349030544204
      1.22999999999997511324	     -3.95019298558854492498	    -20.04126029354041449437	     -0.83214800959925638857	      0.05311357469327126352	     -0.12902796624004048143	     -0.11071723927112696317	    -13.65435521930143991653	     26.29172680896308023080	    -40.56020195598831179495	     12.47199368297335908551	    -39.85718370378536690168	     14.31210656692091909292	    -57.28294527270590918988	    -64.52974835949417808934	     25.26924187883069095051	     -8.05795498239525720408
      1.23099999999997500311	     -3.82887333223137948934	    -19.91734717491708295256	     -0.82750861942105924385	      0.05463011775862231661	     -0.12781727795471270470	     -0.11185239444205663517	    -13.73138181053235484796	     26.44844184354223415312	    -40.08558912880755542574	     12.04425469794034775362	    -39.24679459284639193584	     14.67694614905901495661	    -58.40428950327130053211	    -67.79243062916442852384	     25.34584611633502149175	     -9.36387485149544929186
      1.23199999999997489297	     -3.71114427977386718283	    -19.79069691926587282182	     -0.82074241492901511830	      0.05615999849947483219	     -0.12659916090227837926	     -0.11297324922839793726	    -13.80034071396806893972	     26.60307776752497943562	    -39.60826686417206587976	     11.61778798107265409101	    -38.63650149948403367262	     15.03081267135666898582	    -59.54113662573479359708	    -71.00853444229649369390	     25.42908291869208170510	    -10.67308003825847784185
      1.23299999999997478284	     -3.59701560366610983976	    -19.66125078710345519539	     -0.81174955238350154918	      0.05770397952656837470	     -0.12537199911016644327	     -0.11407967022747091124	    -13.86150797875067830489	     26.75455980522127319432	    -39.12771024507566863804	     11.19279265719120175504	    -38.02667529865032491898	     15.37332148591437430696	    -60.69405511939601893800	    -74.17671000225286093155	     25.47042014186283509503	    -11.98455741122515050279
      1.23399999999997467270	     -3.48645369152351536357	    -19.52897016056933665595	     -0.80045243842641533583	      0.05926221552201373782	     -0.12413527922003730897	     -0.11517171226006465978	    -13.91503819414407772115	     26.90253334306911270346	    -38.64360218716038275488	     10.76949830913573435964	    -37.41783756964564844338	     15.70424453782176854588	    -61.86334753265736452477	    -77.29611390203493215267	     25.46853254086111562060	    -13.29647895869945806169
      1.23499999999997456257	     -3.37938032149594658193	    -19.39383620442091782365	     -0.78679666904754008705	      0.06083421500255695863	     -0.12288965221181205600	     -0.11624965816352977876	    -13.96097009502322627839	     27.04731894659847668549	    -38.15586327484233208907	     10.34813118363927664234	    -36.81059352385256744356	     16.02348570694739393616	    -63.04903353916510155841	    -80.36635113627293947047	     25.46894888076467466931	    -14.60589946010319728487
      1.23599999999997445244	     -3.27575317458819226246	    -19.25581482622776618996	     -0.77070952126050262798	      0.06241992045456114246	     -0.12163476071120750410	     -0.11731363978519256108	    -13.99945131594718006340	     27.18860900647538159092	    -37.66418267836988320596	      9.92896379358457004116	    -36.20551552859038224597	     16.33083261614093117942	    -64.25141707461624207554	    -83.38677484994117605765	     25.47280508541090071617	    -15.91132565022835265722
      1.23699999999997434230	     -3.17552760615321938431	    -19.11487407436476360090	     -0.75211695241349751928	      0.06401969230639432962	     -0.12036968868384891052	     -0.11836374273443327210	    -14.03064158015939533186	     27.32605420279288210850	    -37.16819791804748973618	      9.51226649373627530792	    -35.60315702713654673062	     16.62610373583860834401	    -65.47079677311380407900	    -86.35672021085561311793	     25.47843934779348629149	    -17.21144575721699609971
      1.23799999999997423217	     -3.07868679942579070996	    -18.97095529569834582162	     -0.73093374032930691353	      0.06563426139562028583	     -0.11909223703618866674	     -0.11939994075114915284	    -14.05487322916637182857	     27.45850036867589238909	    -36.66725446550326239503	      9.09825158130457545269	    -35.00387384594573347840	     16.90900578879270810262	    -66.70770023316266872371	    -89.27477596623582201119	     25.43405441012418322089	    -18.50757881570750029709
      1.23899999999997412203	     -2.98517410589972387314	    -18.82402844782073358942	     -0.70709225479689374882	      0.06726377699713959046	     -0.11780153625571992970	     -0.12042241918581352011	    -14.07232121477423092415	     27.58560025158895001596	    -36.16097283739767220823	      8.68715945753130824869	    -34.40814739039463177050	     17.17937438358366719626	    -67.96238833866463835420	    -92.14023069973202950678	     25.33818050727177961789	    -19.79837372611742551953
      1.23999999999997401190	     -2.89489265569717790783	    -18.67408962302657471355	     -0.68054472394257570222	      0.06890778774119019068	     -0.11649808754882277906	     -0.12143158756160996048	    -14.08300853430140442413	     27.70778500451189430009	    -35.64926223969222718324	      8.27924583462366214803	    -33.81656826090748779734	     17.43715992110103840673	    -69.23484162166577959852	    -94.95301401799309815033	     25.23901026698360539058	    -21.08053084073411653776
      1.24099999999997390177	     -2.80777826318595069566	    -18.52111648094252771557	     -0.65122673584133461411	      0.07056625614396531965	     -0.11518128334890795350	     -0.12242772669920833073	    -14.08712437308150633442	     27.82467905319557388566	    -35.13177435753284783004	      7.87476577074102124243	    -33.22962330025195853977	     17.68219902307775015515	    -70.52532780245506671690	    -97.71264847877489501116	     25.13786998278815687513	    -22.35207672916730814450
      1.24199999999997379163	     -2.72376349292046882056	    -18.36508990588714951286	     -0.61907058306623874433	      0.07223956942994516628	     -0.11384975784382858621	     -0.12341106580364043233	    -14.08486262016851320311	     27.93586511040365039094	    -34.60808157221596559339	      7.47397712780494494211	    -32.64777322383898194857	     17.91438766453255126976	    -71.83409727556396262571	   -100.41861464272066939429	     25.03311560135470514865	    -23.61130748184648808774
      1.24299999999997368150	     -2.64280394981304489477	    -18.20595211877704855397	     -0.58400554388686598539	      0.07392840958263732776	     -0.11250063425224704483	     -0.12438175781381985430	    -14.07653943789125960961	     28.04031301758154981485	    -34.07741275120294943690	      7.07705347504096859979	    -32.07122095786932192141	     18.13351375053237646284	    -73.16159572730371962734	   -103.06925782297672355980	     24.86934899524508324475	    -24.86133193227793469759
      1.24399999999997357136	     -2.56482084072320182244	    -18.04368275468914717408	     -0.54597362888013212245	      0.07563290760279758884	     -0.11113267168206997226	     -0.12534015753291652406	    -14.06233747603934958192	     28.13769371839120481127	    -33.53934411388007674759	      6.68423357019317787575	    -31.50036605895965635682	     18.33947362282316007054	    -74.50802469178444198405	   -105.66399129423265890182	     24.64510691330784197817	    -26.10086815409359672913
      1.24499999999997346123	     -2.48970068825612234065	    -17.87829500565285201219	     -0.50493299380071865468	      0.07735261223813633125	     -0.10974632325215626094	     -0.12628682774476768236	    -14.04230738177220949581	     28.22837841241683420890	    -32.99381304407853576777	      6.29581171604554779009	    -30.93580229800116043748	     18.53225166875525786736	    -75.87333140790994434610	   -108.20320888658770286384	     24.41198650400888325862	    -27.32553597835148551098
      1.24599999999997335109	     -2.41735952522771224693	    -17.70977780136167822889	     -0.46082836409048405502	      0.07908744817273490046	     -0.10834078995859182382	     -0.12722222346285341765	    -14.01667280807007642807	     28.31193672820534601442	    -32.44046398018083721126	      5.91200384703087333804	    -30.37788577674094980807	     18.71171371102425950994	    -77.25774313996871001109	   -110.68659463068678405762	     24.17117506202272991800	    -28.53270441486102626527
      1.24699999999997324096	     -2.34770846900331475737	    -17.53812411906463353262	     -0.41359912406914489669	      0.08083776289844660234	     -0.10691426437388883153	     -0.12814675584095894245	    -13.98564760582206645267	     28.38790468988344173340	    -31.87883001202087385195	      5.53304058483369676225	    -29.82694012692076768190	     18.87781765929670285686	    -78.66145566204814087996	   -113.11375996736759930172	     23.92071897322632523242	    -29.72016583548943913229
      1.24799999999997313083	     -2.28067525611876531499	    -17.36326926699746664440	     -0.36319690511017388435	      0.08260403901858771880	     -0.10546317885330849795	     -0.12906080388448173957	    -13.94947679550240593471	     28.45552866351727772098	    -31.30804380152883226174	      5.15913883580381948946	    -29.28313575338146890203	     19.03042883028419751668	    -80.08479720125168910272	   -115.48279482387293626289	     23.60237855289172159701	    -30.89453026201939067619
      1.24899999999997302069	     -2.21616141942336097870	    -17.18520116737629166437	     -0.30957608408587250493	      0.08438628269248300839	     -0.10398602741317651554	     -0.12996490576492186753	    -13.90835003815923265336	     28.51449579321197447257	    -30.72767651361011687072	      4.79053396503129391704	    -28.74679077881151911811	     19.16948179922919948126	    -81.52790355375506692326	   -117.79326243989768840947	     23.21487111016439897071	    -32.05459397446198721582
      1.24999999999997291056	     -2.15404197046815770733	    -17.00395524980589101460	     -0.25269841923251573634	      0.08618398726027175216	     -0.10248343645710791816	     -0.13085975684132344909	    -13.86240310690309662789	     28.56495084745582957453	    -30.13774943179040022301	      4.42748143426949436474	    -28.21839773420922625746	     19.29495540251058471881	    -82.99071082042686953173	   -120.04608715989805034496	     22.81293634464284281194	    -33.19329166499383632072
      1.25099999999997280042	     -2.09421749999774542417	    -16.81953085496773070417	     -0.19252122891278217187	      0.08799692701984371257	     -0.10095459487994690173	     -0.13174596591120590894	    -13.81188701930844153765	     28.60646292287675507282	    -29.53794240577065011166	      4.07013565893335993451	    -27.69816613555803286317	     19.40670867888268702472	    -84.47340740544183290694	   -122.24109588346482269117	     22.39727309269633082067	    -34.30739432049863069096
      1.25199999999997269029	     -2.03658120642699858038	    -16.63193182837973793653	     -0.12899529440674881164	      0.08982526403064691745	     -0.09939741469897263315	     -0.13262412124893449561	    -13.75702314394838587930	     28.63857983370496995690	    -28.92779374656364410612	      3.71868623520336161192	    -27.18627183830789206809	     19.50472414768671569618	    -85.97613574339628428334	   -124.37801279465428194726	     21.96533619377124324501	    -35.39432762715783553631
      1.25299999999997258016	     -1.98103436192721082953	    -16.44108004886881246875	     -0.06210558732831925749	      0.09166904849653810528	     -0.09780783353029028071	     -0.13349483247764468152	    -13.69798722332699192350	     28.66082926888846316160	    -28.30639066849149543259	      3.37347145824512928414	    -26.68300656459269148968	     19.58892921782894447347	    -87.49907502642764711709	   -126.45476477972712814335	     21.45786503910635900638	    -36.46559335541184765361
      1.25399999999997247002	     -1.92746365529853624921	    -16.24697146563384109186	      0.00817596195069006729	      0.09352800799361468687	     -0.09618434794803885912	     -0.13435878443706883445	    -13.63499124962872066646	     28.67290947744761808735	    -27.67335395383605955999	      3.03470226707431312008	    -26.18860916109833425480	     19.65925766890583759050	    -89.04229837714686368599	   -128.47109470299952249661	     20.87390382271174971152	    -37.52003189772358382470
      1.25499999999997235989	     -1.87574057190649323701	    -16.04967016408491886637	      0.08188494740789252491	      0.09540151829861459598	     -0.09452808146290908597	     -0.13521672938604850644	    -13.56829144933663933159	     28.67469722407839327616	    -27.02884428180530917984	      2.70247902455671562549	    -25.70332526200284917195	     19.71562369735785225089	    -90.60576832676788683330	   -130.42843370217411802514	     20.26995245856119254313	    -38.54640515341568374197
      1.25599999999997224975	     -1.82575652418627321083	    -15.84918572574117412444	      0.15904537090768189334	      0.09728906868994509349	     -0.09283851645259544316	     -0.13606935984413537355	    -13.49816326578365099920	     28.66583971208439507450	    -26.37262588083456904542	      2.37687371106792033615	    -25.22723454501244688686	     19.75783584411096782674	    -92.18963673772486799862	   -132.32672407257084046250	     19.64611450486857080477	    -39.54110932202304695693
      1.25699999999997213962	     -1.77739259740181676506	    -15.64553202975188028745	      0.23968760685988488301	      0.09919044892145773007	     -0.09111361900305625650	     -0.13691738036838846382	    -13.42483245082729759190	     28.64597135978294417669	    -25.70430041110350671829	      2.05801959379955379248	    -24.76038792180742476035	     19.78584994040510380842	    -93.79399665293320254023	   -134.16578412908498307843	     18.99925830848281194108	    -40.50147656209227875479
      1.25799999999997202949	     -1.73052739172916925092	    -15.43861431109986526167	      0.32378160239918063468	      0.10110502246567139306	     -0.08934925212219881063	     -0.13776157902884053619	    -13.34847844645301684352	     28.61472634902967371318	    -25.02298250024457004770	      1.74640405059410919186	    -24.30330853750023578641	     19.79963525101769405978	    -95.41886356936865354328	   -135.94358447797995381734	     18.27119532782034738716	    -41.44463310820001566981
      1.25899999999997191935	     -1.68503959249398005404	    -15.22843784462416039105	      0.41133135409604043575	      0.10303209121241931057	     -0.08754431072463311758	     -0.13860269832611990526	    -13.26936206076697644107	     28.57181361632778404669	    -24.32839956546744986099	      1.44217543618898025315	    -23.85615776235898977120	     19.79908135588394202387	    -97.06425730942287088965	   -137.66007365617630853194	     17.46134898578000615998	    -42.36942894991433661289
      1.25999999999997180922	     -1.64080668056033496249	    -15.01510180663115967548	      0.50236918850021106131	      0.10497088766591242126	     -0.08570076022616458788	     -0.13944142814014479081	    -13.18784635597285337383	     28.51698268922070411691	    -23.62088893640486020331	      1.14517171868947276181	    -23.41881586033698070537	     19.78397648918087980974	    -98.73020195802196496970	   -139.31704719232465095047	     16.62604186576922060681	    -43.25952334720545167102
      1.26099999999997169908	     -1.59771802157565723235	    -14.79862724429572296003	      0.59689365080613066006	      0.10692052125683942920	     -0.08381873619048992030	     -0.14027843770614556451	    -13.10423331863973572808	     28.45003403136040631694	    -22.90033943088600310034	      0.85537283007712772154	    -22.99128310407703779106	     19.75404644525403696775	   -100.41680752221171246674	   -140.91453780765016290388	     15.76510187248153016526	    -44.11118172116497504476
      1.26199999999997158895	     -1.55564989863337044262	    -14.57903828497183162938	      0.69490794785246645660	      0.10888025133868003969	     -0.08189670251882269492	     -0.14111443830594372351	    -13.01876149860367704036	     28.37075206120502812723	    -22.16647262663700246321	      0.57284517685126978837	    -22.57353980485940425638	     19.70917383841811698630	   -102.12411670580303280076	   -142.45244990858253686383	     14.87522979075089146761	    -44.92190036462509539206
      1.26299999999997147881	     -1.51446412342036706988	    -14.35622447694618664116	      0.79632814971634657830	      0.11084857002593610786	     -0.07993099708777723356	     -0.14195029475891016157	    -12.93173895987840360533	     28.27857504146021838665	    -21.41850149708595907327	      0.29816820205904920327	    -22.16633544473619110704	     19.64935687707304623473	   -103.85199673961004407374	   -143.92907623369097791510	     13.90050827569252511751	    -45.71455438139863503011
      1.26399999999997136868	     -1.47403896128717537550	    -14.13020300647920990400	      0.90112921311967386639	      0.11282428568001992564	     -0.07792132002184209982	     -0.14278668649748579855	    -12.84349965549479932747	     28.17323498055075603475	    -20.65629919335973596617	      0.03138506207362581901	    -21.76975504499227653810	     19.57441243721688195478	   -105.60042213499221475104	   -145.34458206472120878061	     12.84068501091623559773	    -46.48799998929964516492
      1.26499999999997125855	     -1.43426685962413635878	    -13.90111295171401728510	      1.00933986732218428095	      0.11480654637919136818	     -0.07587071293682839945	     -0.14362411011760134461	    -12.75443848921388578788	     28.05466181487778598580	    -19.88038356843014753395	     -0.22796674786943380009	    -21.38329634666351708461	     19.48396344417403369675	   -107.36948306641434669473	   -146.70088189306878234675	     11.75051383775559088463	    -47.22046930742565962191
      1.26599999999997114841	     -1.39504130292511896450	    -13.66898873774813516491	      1.12092941500062059923	      0.11679409131669618582	     -0.07378024133317705180	     -0.14446310137577589305	    -12.66489334604527527972	     27.92283194610254781765	    -19.09078087048854754926	     -0.47999276473358831741	    -21.00694704380332922256	     19.37765234075594733554	   -109.15923210565149759077	   -147.99808461300736439625	     10.63023333214138688163	    -47.90834187666708743336
      1.26699999999997103828	     -1.35624086519034481313	    -13.43386538898297288824	      1.23586883534842950638	      0.11878560044832513209	     -0.07164927622767235105	     -0.14530425165259372444	    -12.57513627938148381702	     27.77768755661154997938	    -18.28736607683501347310	     -0.72469583200007470225	    -20.64068265355632547653	     19.25526887391120567372	   -110.96965299881880184785	   -149.23618766250643830062	      9.47708668190365521866	    -48.54950439606110279556
      1.26799999999997092814	     -1.31771801406691224656	    -13.19562150025989666347	      1.35401936278653578505	      0.12077867616994944489	     -0.06947513452290524083	     -0.14614837622542073414	    -12.48571835462904999758	     27.61819914073659987253	    -17.46949093602843561257	     -0.96154301856373602941	    -20.28532825097073910570	     19.11684617520723605821	   -112.80050623058676251276	   -150.41407529323706171454	      8.23684421767404728598	    -49.17213995924922187442
      1.26899999999997081801	     -1.27935706472948096390	    -12.95428930574933978903	      1.47532690565965340923	      0.12277170538078124862	     -0.06725858267991234596	     -0.14699597830947117028	    -12.39705247315355585158	     27.44414715779398505902	    -16.63717620857219614550	     -1.19062324696828891746	    -19.94089431502286302589	     18.96213335136511801693	   -114.65171824161062374969	   -151.53211614018277941796	      6.90945418481428585977	    -49.77512337888073545855
      1.26999999999997070788	     -1.24107091071290875917	    -12.71004984237716683992	      1.59981813666836880650	      0.12476391420799941290	     -0.06500373553017858852	     -0.14784726806045975223	    -12.30945636908325191428	     27.25597380943382574969	    -15.79108282165984711298	     -1.41262707554817512623	    -19.60662362548396941975	     18.79059328041193310810	   -116.52340367899658701845	   -152.59205294602000435589	      5.54822995915312056070	    -50.33147362506908706337
      1.27099999999997059774	     -1.20276040822688390364	    -12.46295338901441418500	      1.72743463278783160320	      0.12675381685158113032	     -0.06271264644119514675	     -0.14870257777313258818	    -12.22331270535333835880	     27.05378708045292412976	    -14.93134634628583334859	     -1.62772636932095360329	    -19.28253899640263568926	     18.60183000839297307039	   -118.41553385003503251482	   -153.59407141642051897179	      4.15464488140483290124	    -50.83793428588009533087
      1.27199999999997048761	     -1.16431111649081819870	    -12.21304745184831297422	      1.85811571106563944156	      0.12873962229465721330	     -0.06038581010283052691	     -0.14956228261727225193	    -12.13894828636799161359	     26.83763259323570338211	    -14.05798618815357059475	     -1.83598917048975462940	    -18.96865264165844422450	     18.39556670541367822125	   -120.32801783828121244824	   -154.53828182899053444999	      2.72721832992239443527	    -51.29299142198406258331
      1.27299999999997037747	     -1.12557380623113267859	    -11.96020840667900309029	      1.99167640485964048125	      0.13071823921990999295	     -0.05802179803723953033	     -0.15042703890605499395	    -12.05719482382652074648	     26.60592640914259376927	    -13.17048054081367602919	     -2.03709078337056137542	    -18.66563016965267252090	     18.17190251132309342097	   -122.26055832164158232445	   -155.42432730894913106567	      1.21081626336999970128	    -51.72915055618834401230
      1.27399999999997026734	     -1.08644220052383544406	    -11.70448738767240293157	      2.12803914298242702330	      0.13268785290293244605	     -0.05562243302455650157	     -0.15129711424926506336	    -11.97852170153734441271	     26.35852734188762980239	    -12.26895327625101650426	     -2.23124635329940268491	    -18.37341228029668016575	     17.93056718781001990237	   -124.21301539325354212906	   -156.25273968682861891466	     -0.39454147527795507822	    -52.14532899811425892267
      1.27499999999997015721	     -1.04684911879021935732	    -11.44610652528320393628	      2.26723128392082706739	      0.13464799950533817841	     -0.05319260572759056810	     -0.15217242436458985888	    -11.90307599784099146234	     26.09657008070760397800	    -11.35413451827897191038	     -2.41920858065385147029	    -18.09121787249111790175	     17.67092539663072869871	   -126.18544880950908293471	   -157.02483972475010887138	     -2.03493226872281818274	    -52.51011354472652925551
      1.27599999999997004707	     -1.00670221686082839163	    -11.18513531844678254856	      2.40917358798942027320	      0.13659722615738006946	     -0.05073513230570438071	     -0.15305310257898599446	    -11.83128116226199111338	     25.82020884421571693679	    -10.42620239932401560168	     -2.60118878483911464272	    -17.81910905753736429347	     17.39262928547791275946	   -128.17772061889490942121	   -157.74090421862632638295	     -3.70693880459874947064	    -52.82076679544577046954
      1.27699999999996993694	     -0.96589508065352269739	    -10.92163681840042777083	      2.55378031719211850969	      0.13853352799315990507	     -0.04825155768589593774	     -0.15393928309978563429	    -11.76352323438849367676	     25.52950816709100934077	     -9.48526578314109691803	     -2.77730928255594511356	    -17.55713051152301673596	     17.09540891334148682290	   -130.18964402186034590159	   -158.40118118507967892583	     -5.41026072854776707288	    -53.07647906737707899083
      1.27799999999996982680	     -0.92428329002632925171	    -10.65549623377238219746	      2.70083653541614809868	      0.14045349619661620655	     -0.04574164217150712697	     -0.15483140955403290606	    -11.70084261393580327137	     25.22248862414031833623	     -8.53086012361151446726	     -2.94756426166228413521	    -17.30557197592102625094	     16.77948116544373746706	   -132.22089944951213169588	   -159.00606933616731453185	     -7.20506884444228212772	    -53.31284295667138195540
      1.27899999999996971667	     -0.88176958765524549033	    -10.38678757227665094831	      2.85025076823881517996	      0.14235542601759781922	     -0.04320795811292663796	     -0.15572953605129777332	    -11.64371646938726101439	     24.89911026325379239665	     -7.56313221184190176416	     -3.11225373854805331675	    -17.06430958750091875231	     16.44463959599637092879	   -134.27124838619371871573	   -159.55620546788634328550	     -9.09132490182387797972	    -53.52882263495222758820
      1.27999999999996960653	     -0.83830020646507708015	    -10.11577066773320154880	      3.00205369240662589547	      0.14423939006225197645	     -0.04065564499678093330	     -0.15663337595183893236	    -11.59208585129034752015	     24.56112797924012625117	     -6.58279591281664799851	     -3.27199837455778785866	    -16.83277141253488906614	     16.09025675281366929426	   -136.34060174991324743132	   -160.05236526709310851402	    -11.01074309908075399278	    -53.68964411317939067203
      1.28099999999996949640	     -0.79378609411763945136	     -9.84253708016583317431	      3.15615465829564234568	      0.14610425424755926760	     -0.03808781766035732735	     -0.15754294589101572321	    -11.54639434957291221906	     24.20864842216075274450	     -5.58998536889069708167	     -3.42701994563082745771	    -16.61102094482108881834	     15.71613677583853885267	   -138.42869301988338293086	   -160.49493304490403033924	    -12.95777100374368018265	    -53.79334327158239403843
      1.28199999999996938627	     -0.74812688455933207266	     -9.56716889833281314282	      3.31245305756837593592	      0.14794812669411572248	     -0.03550671914612633234	     -0.15845819603568384037	    -11.50706749954818164383	     23.84167471262133375376	     -4.58481337687403023295	     -3.57747785938893025914	    -16.39908836707796169208	     15.32211679974643558921	   -140.53522211926170371044	   -160.88431121858948813497	    -14.93040121666646591336	    -53.83984865546300824235
      1.28299999999996927613	     -0.70118836476047474715	     -9.28957187361783631729	      3.47072391361989929237	      0.14976773424475101071	     -0.03291292400388456246	     -0.15937936889768095083	    -11.47518379218659134722	     23.45820258594233465033	     -3.56677477734710057788	     -3.72369418193396084504	    -16.19677568069746698143	     14.90858464137076033751	   -142.65983960735721325364	   -161.22148280200539716134	    -16.99804970874484411070	    -53.86589969297276780935
      1.28399999999996916600	     -0.65287880834902733973	     -9.00984355422487759313	      3.63087028598557859382	      0.15156176474447999314	     -0.03030923717959300989	     -0.16030640359708533960	    -11.45116869397072001391	     23.05829974999583598105	     -2.53594967783643721049	     -3.86598686092352972210	    -16.00391053021507659082	     14.47549243649018535507	   -144.80217327256127646251	   -161.50712027473286980239	    -19.16056994096727805754	    -53.87128409480233415252
      1.28499999999996905586	     -0.60314812561924413536	     -8.72827464607691183573	      3.79292619340011327722	      0.15333094625294416136	     -0.02770044360291765845	     -0.16123897245477070150	    -11.43480157171091704527	     22.64401993142796598590	     -1.49296963333069920843	     -4.00470033531663549553	    -15.82027244587119696462	     14.02233697321294947358	   -146.96192122306041483171	   -161.74149797903467629112	    -21.35109617931547276726	    -53.81939414063426596613
      1.28599999999996894573	     -0.55190859496713551291	     -8.44498316870371645848	      3.95680144346900153351	      0.15507469566930837113	     -0.02508941972541120155	     -0.16217708662027285893	    -11.42651162128102626525	     22.21536139512727103806	     -0.43786199073744347388	     -4.14005200349104107715	    -15.64584177066695325209	     13.54914617112911123797	   -149.13867903778509571566	   -161.92513938938532191969	    -23.56239035253699043437	    -53.70753352897611421213
      1.28699999999996883560	     -0.49906223478630895585	     -8.16006931634939647324	      4.12238824953039717514	      0.15679149075971121619	     -0.02247858517753899971	     -0.16312062821582176686	    -11.42672566503251019299	     21.77222084038157134955	      0.62934418022841354112	     -4.27221571034656300014	    -15.48058247525454511617	     13.05596013075719952212	   -151.33203086976328677338	   -162.05858349587313682605	    -25.79142846170411118578	    -53.53767125947953076093
      1.28799999999996872546	     -0.44448844777892709823	     -7.87346455767460629005	      4.28946626360225380381	      0.15847854120176474435	     -0.01986877544044317323	     -0.16406970370104159707	    -11.43634843700878889194	     21.31302471982363044845	      1.70928476602525858397	     -4.40173316984349938252	    -15.32387745922810928789	     12.54337663191174812027	   -153.54154191367564408210	   -162.14309694435749520380	    -28.11951339020463791485	    -53.34699517864157769509
      1.28899999999996861533	     -0.38810026021735483104	     -7.58529254727055946006	      4.45794336733638640879	      0.16013511324918164314	     -0.01726250931306387570	     -0.16502424310419550046	    -11.45570237717276640410	     20.83794092876161485606	      2.80199179660624553279	     -4.52888608818066717987	    -15.17549189771247597491	     12.01155738561439179080	   -155.76667024501415426130	   -162.17936730304137427083	    -30.54614204028681001546	    -53.13442404963972620635
      1.28999999999996850519	     -0.32984343910415320211	     -7.29586556217757120635	      4.62785424318886473571	      0.16176254072600937395	     -0.01466373125462404683	     -0.16598403721425564195	    -11.48452104210335278367	     20.34885353544559905004	      3.90693083975250088358	     -4.65371396009634530344	    -15.03554212562305458789	     11.46020010325334226309	   -158.00690576895951267034	   -162.16736639420324195271	    -32.99281263375604567045	    -52.86292553230284596566
      1.29099999999996839506	     -0.26962957085824934556	     -7.00531980412852739448	      4.79910915290607498207	      0.16336078469694534365	     -0.01207459114772574220	     -0.16694920507457955416	    -11.52318306686736804068	     19.84565289432044821183	      5.02421418377191830729	     -4.77641270178956212078	    -14.90390035856182393559	     10.88959246289946669606	   -160.26172854656621780123	   -162.10772019656050701997	    -35.45156281889289573428	    -52.53172981175553957200
      1.29199999999996828492	     -0.20736581751175114929	     -6.71377808002251086350	      4.97160543705046453766	      0.16492885072428309368	     -0.00949722998020388100	     -0.16791963951733734906	    -11.57206190390527744682	     19.32816447630326806006	      6.15392294378902615648	     -4.89716220515914191225	    -14.78038560134424450609	     10.29999883883576039523	   -162.53060028481286281021	   -162.00111402480411015858	    -37.91938560246001088672	    -52.14202481132475242021
      1.29299999999996817479	     -0.14294873265698807008	     -6.42119754064737957577	      5.14513549759467281319	      0.16646456182187815975	     -0.00693223317332722355	     -0.16889537499203824411	    -11.63172296503427638470	     18.79559362572497249744	      7.29685455331118326683	     -5.01656099665600319071	    -14.66415134324940794386	      9.69222327546708584123	   -164.81290924336985881382	   -161.84879996000756818830	    -40.48943887684448839082	    -51.73045392757992999577
      1.29399999999996806466	     -0.07629559076993454314	     -6.12771885272355287810	      5.31961036462273728631	      0.16796768548419788170	     -0.00438142973248044354	     -0.16987641984994963917	    -11.70236938966753292846	     18.24817585128133146100	      8.45315322300400318056	     -5.13481950511275808680	    -14.55492637484460693997	      9.06664740339461516783	   -167.10794214145374780855	   -161.65144664701591636913	    -43.16056110629899222886	    -51.29687557426334620914
      1.29499999999996795452	     -0.00734712674667321961	     -5.83366651720974349615	      5.49506152744187126302	      0.16943994116189592392	     -0.00184769767184008544	     -0.17086276207014527984	    -11.78382479651363468065	     17.68720686878044290324	      9.62233368735863692223	     -5.25176466319613677314	    -14.45300670191906888817	      8.42316998473006606218	   -169.41506036888856101541	   -161.40900335503079077171	    -45.84196283616007150385	    -50.80439775804519797475
      1.29599999999996784439	      0.06397918655698148216	     -5.53919184745567871886	      5.67140222920861347689	      0.17088169133085556739	      0.00066775184370117865	     -0.17185464018379201234	    -11.87638339092156236632	     17.11254517450038648008	     10.80459703810688409931	     -5.36757481105560785295	    -14.35813531320724578677	      7.76227688532672743804	   -171.73364976319041375064	   -161.12219616241682729196	    -48.52608699516216006487	    -50.25271861037290932472
      1.29699999999996773425	      0.13776773233940961538	     -5.24443237493572400609	      5.84853371114476505710	      0.17229234285479191890	      0.00316337962349641250	     -0.17285199660291067358	    -11.98032376377870811268	     16.52402822036977880771	     12.00011806152138937875	     -5.48242102321936286558	    -14.27000273315603351421	      7.08443151745949606379	   -174.06306928351372675934	   -160.79179884196716443512	    -51.21098515739053880225	    -49.64359267300061873129
      1.29799999999996762412	      0.21410199576553287648	     -4.94936504295189383384	      6.02625967619932723096	      0.17367018645736212457	      0.00563915653542818203	     -0.17385482027261078830	    -12.09582103707086808697	     15.92174237711452455812	     13.20980822548203903466	     -5.59682561929546640300	    -14.18774688693717145327	      6.39059600319296094995	   -176.40244225975615677271	   -160.41885297969739099244	    -53.99879081205307329583	    -49.01248703545322626951
      1.29899999999996751399	      0.29305508654366640986	     -4.65414111131479568684	      6.20449191359076390739	      0.17501525068431592058	      0.00809406933751718148	     -0.17486319044103765252	    -12.22297498453503017402	     15.30596072098358284563	     14.43385079258274750202	     -5.71093864373493520503	    -14.11106621471340538676	      5.68130392135754735961	   -178.75090366072132042063	   -160.00403452689167238532	    -56.88744407002547376351	    -48.35958337570566811792
      1.29999999999996740385	      0.37468546998887503063	     -4.35908686481456353334	      6.38325197452098880291	      0.17632929738046496104	      0.01052625743295813009	     -0.17587726452871979554	    -12.36179349784839942572	     14.67719447210616934285	     15.67172433586461188781	     -5.82452543602413630452	    -14.04024756346958646702	      4.95658423298295236492	   -181.10782358364329525102	   -159.54750595800436485661	    -59.77603111266299862336	    -47.64933515531566854406
      1.30099999999996729372	      0.45906096162995130294	     -4.06436117782208139459	      6.56245139598979498885	      0.17761278620334386424	      0.01293540284051782410	     -0.17689733489712930470	    -12.51247222280785287296	     14.03537324732792690440	     16.92362417166314259021	     -5.93775517870272917520	    -13.97494837393933408975	      4.21701074292956867851	   -183.47252716979517117579	   -159.05006213082458543795	    -62.65832424238677589301	    -46.88171888043220292275
      1.30199999999996718358	      0.54624968739040502541	     -3.77010996673236808974	      6.74199199327258558156	      0.17886524708365378333	      0.01532063319670735543	     -0.17792333982743863130	    -12.67517561622178234870	     13.38044810973106990559	     18.18973896041882909458	     -6.05078881974083060413	    -13.91478081213161210883	      3.46315173119830044257	   -185.84429276083818649568	   -158.51252304423596228844	    -65.53408403291798833834	    -46.05871770184617730592
      1.30299999999996707345	      0.63631393745539777118	     -3.47631946384716750131	      6.92167885250490577675	      0.18008506987447089887	      0.01768252291080919456	     -0.17895520011912441349	    -12.84976673759965493105	     12.71321236552823918942	     19.47098622571169102002	     -6.16403081758538817780	    -13.85900341820823022942	      2.69605609328787387824	   -188.22193255377649734328	   -157.93568310867496506944	    -68.50958499990531436197	    -45.21483623815601760043
      1.30399999999996696332	      0.72931000664009548728	     -3.18314304364270439507	      7.10141763549356497265	      0.18127219550264675463	      0.02002076317653490867	     -0.17999298699747304231	    -13.03628096374156086767	     12.03395248607697176624	     20.76748428356960829433	     -6.27760982529097155691	    -13.80729867216619233261	      1.91630646071438581757	   -190.60447687098306346343	   -157.32025916073897064962	    -71.58184474028986699068	    -44.35063804443854706960
      1.30499999999996685318	      0.82528367313178530029	     -2.89090264788638640070	      7.28121616847773545089	      0.18242812286652412834	      0.02233424546702387353	     -0.18103690443179831782	    -13.23491994788183134801	     11.34248162875863741306	     22.07858318754134785422	     -6.39135774683349033864	    -13.75981588740476091459	      1.12394027424364573164	   -192.99144246344559405770	   -156.66674469583168161080	    -74.64416992847755238927	    -43.43197955396522758065
      1.30599999999996674305	      0.92427893399318405976	     -2.59975732830895589487	      7.46097787501863241033	      0.18355309380861592472	      0.02462329482378595308	     -0.18208718301915299831	    -13.44577815249298069489	     10.63890233661250839248	     23.40436612759592094335	     -6.50544249707777311187	    -13.71620036935059161465	      0.31949879525151814175	   -195.38212080099131640054	   -155.97596789179115717161	    -77.69199686921940894990	    -42.45893480543493581081
      1.30699999999996663291	      1.02633958135443470461	     -2.30985425983314884846	      7.64059890604075242493	      0.18464642891041380124	      0.02688756850148785182	     -0.18314365138106727948	    -13.66890647426378002649	      9.92336481399918568513	     24.74493460216122642237	     -6.62001913487540871728	    -13.67606166289706237649	     -0.49645652662995626292	   -197.77573111138949002452	   -155.24875777174608515452	    -80.72678707890061389207	    -41.43355816135500191422
      1.30799999999996652278	      1.13150744684050130751	     -2.02117783746571122450	      7.81987323345718632339	      0.18570619726385037551	      0.02912808446414967903	     -0.18420611120247284975	    -13.90403246142557769360	      9.19696674865074648153	     26.10108836608897675546	     -6.73543222446113443169	    -13.63878258425626199823	     -1.32285661172518786977	   -200.17079244352387945582	   -154.48577565536231759324	    -83.85393525755935684174	    -40.38994609959132731092
      1.30899999999996641264	      1.23981515372695549893	     -1.73387679982595144246	      7.99869438492937678831	      0.18673196415752454924	      0.03134497966885436276	     -0.18527451847229428616	    -14.15116394495196061598	      8.45999813082352680738	     27.47278807467771954975	     -6.85183016812685874442	    -13.60404551652677973550	     -2.15916797344359867594	   -202.56628572524115838860	   -153.68780761851687088893	    -87.06977022579370384392	    -39.32900412218132402131
      1.30999999999996630251	      1.35128286198415881181	     -1.44826641254587351604	      8.17705692039531584214	      0.18772482649656813125	      0.03353755438732693162	     -0.18634897655272444905	    -14.41060194640987468517	      7.71191943486491648940	     28.85919915809278535335	     -6.96914897707089053824	    -13.57186194108965082705	     -3.00546073501263899530	   -204.96195669226517566130	   -152.85563322564098598377	    -90.26673286696454567846	    -38.21759426953938998395
      1.31099999999996619238	      1.46592502435243532410	     -1.16450044551519638070	      8.35485205810643982716	      0.18868463131740192962	      0.03570644949131075718	     -0.18742955511011355485	    -14.68234340341471266811	      6.95305976010977389024	     30.26022046390615827249	     -7.08755402614303875453	    -13.54193410014356047100	     -3.86130715349773900869	   -207.35707785422420101895	   -151.99008249440177564793	    -93.44166126640369895995	    -37.05575324756406274673
      1.31199999999996608224	      1.58375588876036887953	     -0.88272146813067964288	      8.53196573156322202180	      0.18961026700907240850	      0.03785161568425775280	     -0.18851587769944372353	    -14.96633931961476271510	      6.18379778612119324066	     31.67578919021521599575	     -7.20719661204810080335	    -13.51393492283468233950	     -4.72623500151776720912	   -209.75082546586088483309	   -151.09197031148369205766	    -96.59717522096994457570	    -35.84550397573173796673
      1.31299999999996597211	      1.70479958861769231859	     -0.60290329313199719774	      8.70817231092322430186	      0.19049920690542077040	      0.03997426762968064179	     -0.18960759067468324623	    -15.26237980332924415450	      5.40505679015063122961	     33.10650096853494517291	     -7.32847448506652821010	    -13.48725712312943869620	     -5.59918804374203737950	   -212.14149332618552534768	   -150.16201398428825086739	    -99.83407889270807800131	    -34.62119786503875928929
      1.31399999999996586197	      1.82906118576443166290	     -0.32518615975755810199	      8.88335233571556415200	      0.19135055623063373931	      0.04207470805640136507	     -0.19070446240295291229	    -15.57045754302288642634	      4.61713605240841928889	     34.55211805439906669335	     -7.45157272002268022959	    -13.46159545285570402484	     -6.47973521350484382708	   -214.52805440347015064617	   -149.20107309498388303837	   -103.14840418694662105281	    -33.38394649789084667191
      1.31499999999996575184	      1.95652576307536452127	     -0.04987938784714256862	      9.05749362930823842532	      0.19216511702697963715	      0.04415234803604792257	     -0.19180639816758721095	    -15.89080275008532794345	      3.81961703013055764444	     36.01162573858375282043	     -7.57646332910508935043	    -13.43694297613800436864	     -7.36811898183253344286	   -216.91048196038158835108	   -148.21003798941009677037	   -106.43564631836976275281	    -32.10092713532989705527
      1.31599999999996564171	      2.08717803695277170917	      0.22287167747426045450	      9.23047679775425855553	      0.19294239514741973185	      0.04620786283661310057	     -0.19291328046042774402	    -16.22332307565359954538	      3.01302704949335797835	     37.48473117771709439694	     -7.70329796112952625009	    -13.41309026935502579647	     -8.26403643063117954171	   -219.28803317865148869714	   -147.18971793324806185410	   -109.69342570945968873275	    -30.77214988653774341287
      1.31699999999996553157	      2.22100252133899278562	      0.49293290650614551840	      9.40217838214503842664	      0.19368085066912210657	      0.04824127158444387747	     -0.19402450058492978768	    -16.56788984870512138059	      2.19792286221014387948	     38.97118900374596250913	     -7.83222060936089281569	    -13.38979885668434022250	     -9.16712481749903496109	   -221.65985237192825252350	   -146.14090433813484537495	   -112.92476981933087643029	    -29.39963923800637957129
      1.31799999999996542144	      2.35800917892000994058	      0.76034509386459547819	      9.57235391851301642419	      0.19437737111056532791	      0.05025376259911622234	     -0.19513955897887860780	    -16.92448431125365004846	      1.37470097615703101823	     40.47137426614582977891	     -7.96377464674334945016	    -13.36632158422045257851	    -10.07633080096356081867	   -224.02408148179344493656	   -145.06453490639935921536	   -116.22419723657507972803	    -28.01830604635060595342
      1.31899999999996531130	      2.49817589699998476860	      1.02497741170767708851	      9.74087696190052376721	      0.19503077321290257506	      0.05224559542164566861	     -0.19625804026634077748	    -17.29306507064966069720	      0.54368531250674845268	     41.98487777823325473037	     -8.09816289622036578066	    -13.34237483740513496855	    -10.99131713892805528587	   -226.37970144173934272658	   -143.96151580308867323765	   -119.58783502969819778627	    -26.62929305874355634387
      1.31999999999996520117	      2.64145011727650258493	      1.28652485909495317706	      9.90773940282752363373	      0.19564188000626273056	      0.05421610899734809197	     -0.19737965021684944489	    -17.67361987189644878526	     -0.29502253648124709962	     43.51056858380138692155	     -8.23526512601500293442	    -13.31810390088221573990	    -11.91249123972162315965	   -228.72685378263892630457	   -142.83262556403812482131	   -122.91633644204225106478	    -25.19963383739120033056
      1.32099999999996509104	      2.78779145649804416252	      1.54485132406271707950	     10.07281890423333159390	      0.19621012606773693965	      0.05616584031206559718	     -0.19850414218530160193	    -18.06597343726630100491	     -1.14078603318886773188	     45.04801706756200019299	     -8.37520192249067996215	    -13.29337020113187683990	    -12.83962197255971737775	   -231.06477842108955655931	   -141.67864154470399284946	   -126.20738579292951442312	    -23.72935122650436667868
      1.32199999999996498090	      2.93715900129819162956	      1.79983246241020511391	     10.23598962293813841029	      0.19673378487460227437	      0.05809472490563586528	     -0.19963073208595530361	    -18.46993231756804831889	     -1.99297143723934522264	     46.59683916286056160061	     -8.51809963438201656061	    -13.26800072704339328311	    -13.77241443653390007285	   -233.39259513399971979197	   -140.50033240911633924952	   -129.46372953681131434678	    -22.22049549013428304534
      1.32299999999996487077	      3.08955161424150315241	      2.05152324694089038815	     10.39699812457976690894	      0.19720945238319262383	      0.06000378873160767262	     -0.20075883530462762527	    -18.88568162995622401468	     -2.85181420775233052112	     48.15724278147018111440	     -8.66466077034567838666	    -13.24102747466889695716	    -14.70977686137503859243	   -235.70833587172063516846	   -139.29891479187872960210	   -132.77388024849057046595	    -20.70854548385741011884
      1.32399999999996476063	      3.24492383029731268351	      2.29980152245481317408	     10.55572189668011695574	      0.19763601132277189287	      0.06189314182366224132	     -0.20188792810797001609	    -19.31310745915222071289	     -3.71695120332428308174	     49.72872387436726882015	     -8.81506215651273272726	    -13.21219435638091788121	    -15.65141011748342769749	   -238.01098381760641586880	   -138.07529146267560804517	   -136.13431295921213859401	    -19.19457355488045635639
      1.32499999999996465050	      3.40318931701533022860	      2.54436610750152647498	     10.71216847775532343690	      0.19801469264952267779	      0.06376198196319680933	     -0.20301759661543372637	    -19.75185401370323035053	     -4.58758633055422926361	     51.31012566075525427323	     -8.96898354472333991794	    -13.18191197292447114364	    -16.59782408166150702300	   -240.30078272352622548169	   -136.82995969351861731411	   -139.45102731283395769424	    -17.64531457235990075105
      1.32599999999996454036	      3.56428922239980128239	      2.78509003984767833373	     10.86622350212810417247	      0.19834522190573003475	      0.06561064531030892655	     -0.20414757093400051624	    -20.20166988450093370489	     -5.46308766495366349147	     52.90096637037148497029	     -9.12649629181814781020	    -13.15006844384371653689	    -17.54877923216441359955	   -242.57695686042288230055	   -135.56366258505806854373	   -142.72125298286303518580	    -16.06080357234726108118
      1.32699999999996443023	      3.72816351588215866286	      3.02185896677272669564	     11.01776916199956346532	      0.19862605495116020249	      0.06743891427915556236	     -0.20527700064888085296	    -20.66230512979412026198	     -6.34285721687708381467	     54.50080170009848501422	     -9.28769336616240615001	    -13.11651036051116570036	    -18.50397626748696566779	   -244.83860945643240825120	   -134.27714960641566221966	   -145.94706969540004593000	    -14.44307940780953636306
      1.32799999999996432010	      3.89480100917913318881	      3.25474006938874849126	     11.16655699628564057946	      0.19885393208996771097	      0.06924760653166468771	     -0.20640529660820242097	    -21.13404774671327501778	     -7.22759484732531198858	     56.10976154883620381497	     -9.45336853916363217820	    -13.08008047717062893867	    -19.46223878021341135991	   -247.08365490578151479895	   -132.97184943540986523658	   -149.21247291225600406506	    -12.82813724249380626929
      1.32899999999996420996	      4.06413775091160989206	      3.48362016120897610705	     11.31247908750362896058	      0.19902816924347416228	      0.07103665994022680119	     -0.20753192756690327925	    -21.61667349583774822008	     -8.11688890067336821232	     57.72733160504930083334	     -9.62362753141260185430	    -13.04055539370022032131	    -20.42323906914708686600	   -249.31106510984560031829	   -131.64861023531662453934	   -152.51434293144663456587	    -11.21700116142485903481
      1.32999999999996409983	      4.23606096212722249561	      3.70820454481038286332	     11.45556600017763848598	      0.19915067968587668590	      0.07280513651023641508	     -0.20865646525073075490	    -22.10949442421260968672	     -9.00935002382291827416	     59.35240171697009969876	     -9.79791677529129501067	    -12.99861495872018579689	    -21.38751390598091006723	   -251.52116246876974514635	   -130.30760120197737705894	   -155.76296055930376383003	     -9.57606277776863556994
      1.33099999999996398969	      4.41049882737241105701	      3.92837711382628462786	     11.59571980365657140055	      0.19922175285531357192	      0.07455318544433618688	     -0.20977871062536115887	    -22.61219647711558877745	     -9.90445341335619744427	     60.98450691639936849242	     -9.97624821042296971996	    -12.95413535299328167127	    -22.35475319711227726316	   -253.71316455783690457793	   -128.94953494686987482964	   -158.95488495915026305738	     -7.90533073753454917920
      1.33199999999996387956	      4.58737763246161200925	      4.14403528483982963593	     11.73283892957042873206	      0.19924033955610059854	      0.07628042903873819003	     -0.21089785070240110731	    -23.12448053213169174569	    -10.80172622308041674444	     62.62321245677216552394	    -10.15866798555634353818	    -12.90694690047494042062	    -23.32459255578204349035	   -255.88616805383068708579	   -127.57514382885368320331	   -162.09147446650433721516	     -6.20677304557830122889
      1.33299999999996376943	      4.76667396392895170720	      4.35525887231702224511	     11.86669063218699271545	      0.19920368767669338617	      0.07798749620467289312	     -0.21201334282114595031	    -23.64656658549474954611	    -11.70196254871441787770	     64.26864905530835869740	    -10.34595061251241787659	    -12.85583055370878646784	    -24.29574817256867191873	   -258.03792890899336498478	   -126.18592228298058444125	   -165.25409373114683830863	     -4.51706266147865242999
      1.33399999999996365929	      4.94830878647589322838	      4.56194737567323382876	     11.99718699463774740366	      0.19911174502491488236	      0.07967418248799140734	     -0.21312471658917134243	    -24.17810383413306851708	    -12.60470481046630375488	     65.92034228845328414081	    -10.53810734392325798581	    -12.80060176361599033612	    -25.26782526568864639671	   -260.16740276665416331525	   -124.78263361528836128400	   -168.43992734773303254769	     -2.83730423941129705767
      1.33499999999996354916	      5.13215049327888550579	      4.76381911306540750672	     12.12438217096808301676	      0.19896713343696437182	      0.08133945842117799863	     -0.21423160163309101778	    -24.71820048199395358779	    -13.50831366156331192485	     67.57724905668571580009	    -10.73440615824919319721	    -12.74210999589438308988	    -26.24134286163854312690	   -262.27502827886394243251	   -123.36519894853593370954	   -171.56204809657236864950	     -1.13336931968551324346
      1.33599999999996343902	      5.31811619484927433632	      4.96077391619428809122	     12.24819743297245366875	      0.19877075404036548267	      0.08298334396029760640	     -0.21533389827950324968	    -25.26649411075994322573	    -14.41241431801951300429	     69.23894041839957935736	    -10.93480020917270501002	    -12.68021103737540222767	    -27.21591033947493443179	   -264.36002987860757684757	   -121.93430441428037624974	   -174.61634164299502458562	      0.59482779026369680953
      1.33699999999996332889	      5.50612059031674760945	      5.15272596964611739878	     12.36855032511804175499	      0.19852215692610553077	      0.08460533772056397228	     -0.21643087322207008039	    -25.82263939888198933659	    -15.31668238212344412830	     70.90501670513710053001	    -11.13928219029281407870	    -12.61471594304221177651	    -28.19108438525973170385	   -266.42150833745415638987	   -120.49066189918821123683	   -177.60357515178895937424	      2.34543811474687924346
      1.33799999999996321876	      5.69612322452004526951	      5.33977267596171856212	     12.48522717427188943873	      0.19821921551476434642	      0.08620594604471297495	     -0.21752201874749643729	    -26.38662798076736137887	    -16.22161183991770627699	     72.57564638278985569286	    -11.34851667275415287861	    -12.54449162967799580315	    -29.16549098207409329575	   -268.45703201138718441143	   -119.03568587319557536830	   -180.60430189148897284213	      4.08064296444628293870
      1.33899999999996310862	      5.88803068049006839146	      5.52183377771408867574	     12.59815890267521609758	      0.19786244486446202817	      0.08778488667727714356	     -0.21860692394832215157	    -26.95799766762858951097	    -17.12671922085757358900	     74.25039009429096381609	    -11.56242833957843529902	    -12.46939922665196220919	    -30.13867954592855369356	   -270.46555318837232562146	   -117.57005489082084181973	   -183.61582346811420052290	      5.79911578265075267069
      1.33999999999996299849	      6.08169794545465336455	      5.69864990542559723963	     12.70741831304564684046	      0.19745494109712247166	      0.08934110545651943736	     -0.21968528143831819732	    -27.53584157638539409163	    -18.03054692494133348646	     75.92823337564308872061	    -11.78020990570955284227	    -12.39032309088599781433	    -31.11115977510470642642	   -272.44769895799976211492	   -116.09359000803534911483	   -186.55259834113667238853	      7.53596280513183014449
      1.34099999999996288835	      6.27702920609856462875	      5.87014498734627299115	     12.81294304901668290597	      0.19699801866804311778	      0.09087458021256750174	     -0.22075704038734317303	    -28.11975762570941128615	    -18.93283882106514326438	     77.60875075574298875836	    -12.00176432298133377685	    -12.30712698384311387656	    -32.08250539748478047386	   -274.40271516019316777601	   -114.60694914219190820859	   -189.40997710585665458893	      9.29141521687528459950
      1.34199999999996277822	      6.47392611380702742707	      6.03625784120924357978	     12.91466725486680999779	      0.19649167863062458328	      0.09238476271426490638	     -0.22182150946240442035	    -28.70935212994688257027	    -19.83337016908708605456	     79.29155250060375692556	    -12.22703250548985387525	    -12.21963575532763890408	    -33.05223348633273872110	   -276.32971763961643318908	   -113.11081358698065457702	   -192.18834866744492728685	     11.06373675358407204783
      1.34299999999996266808	      6.67232619089472045459	      6.19711185293309885225	     13.01239245940238831167	      0.19593424903803222104	      0.09387214537337708331	     -0.22287814653429105505	    -29.30431331676552630938	    -20.73210638003539685315	     80.97683579692393607274	    -12.45654268061369052134	    -12.12689353215630738703	    -34.01893009722473948386	   -278.22610851174084700688	   -111.60644537131405229502	   -194.96890368796783832295	     12.81336013667552187201
      1.34399999999996255795	      6.87212051960870073941	      6.35265589002207242686	     13.10606337078142757946	      0.19532652674261513637	      0.09533646501303653931	     -0.22392653559199190982	    -29.90410782238618025985	    -21.62857086761701452815	     82.66414740108147896080	    -12.69016488397926600840	    -12.02881316420630142261	    -34.98214228672137693366	   -280.09086432166242275343	   -110.09446118329950081716	   -197.74882058842280230238	     14.53869341385822799850
      1.34499999999996244782	      7.07315330172857148483	      6.50266139142215138236	     13.19576584169875843600	      0.19467170977594822068	      0.09677672927101489686	     -0.22496637819287934601	    -30.50797355518562525845	    -22.52180152546305080818	     84.35242731647659297778	    -12.92710871692003671285	    -11.92622234756575849701	    -35.94242321780300386536	   -281.92485677849191461064	   -108.57470847292546523022	   -200.44279138898627934395	     16.27649719425480157042
      1.34599999999996233768	      7.27531271088555264726	      6.64708431913612241004	     13.28144927046705170426	      0.19397118908488733546	      0.09819298885110171182	     -0.22599757656178989795	    -31.11547274699750786908	    -23.41158496804102995270	     86.04119847368149009981	    -13.16724026635255384576	    -11.81904066921494056430	    -36.89938350365746799753	   -283.72736990707397808364	   -107.04780446781946068313	   -203.04597198936886570664	     18.02704154226141852746
      1.34699999999996222755	      7.47848474953299557910	      6.78589548596516856094	     13.36306020881476719353	      0.19322510524520766784	      0.09958477021196932011	     -0.22701939306186200151	    -31.72616232157130511382	    -24.29771287378824951020	     87.73002989110003113638	    -13.41045939550573962151	    -11.70715537166959308024	    -37.85256989257708681862	   -285.49754929965308747342	   -105.51438252679474771867	   -205.55870333444218545083	     19.78853114137648816495
      1.34799999999996211741	      7.68258303445881463034	      6.91925110972619261673	     13.44040990634838550477	      0.19243189749587544246	      0.10095269139660338620	     -0.22803116328235473187	    -32.33946403607799879865	    -25.17964515715392437301	     89.41910746813184118764	    -13.65720256501803220317	    -11.58977836027110619455	    -38.80059060240645152362	   -287.23270137223340725541	   -103.97557963417145288076	   -208.06335224094846125809	     21.51953871151088293345
      1.34899999999996200728	      7.88748260150049951278	      7.04713531373994594986	     13.51345307700998787936	      0.19159229614021494603	      0.10229662996865492020	     -0.22903238211910820210	    -32.95482159009713996056	    -26.05694671701995090984	     91.10790577816523239107	    -13.90732311149246847037	    -11.46687760073478123957	    -39.74305590948901567572	   -288.93185828518477364923	   -102.43197611126910828716	   -210.55674357410399011314	     23.21833602097969162514
      1.34999999999996189715	      8.09301800944820648454	      7.16935534133148255620	     13.58228669011443479064	      0.19070927606811724497	      0.10361575504977688089	     -0.23002269022134563814	    -33.57168510587918319743	    -26.92922676792459313333	     92.79525668177468844533	    -14.16008350462562859207	    -11.33922469181079684120	    -40.68062407946215586207	   -290.59614483127057837919	   -100.88347925688678685674	   -212.95328722245415065117	     24.92372802333511927486
      1.35099999999996178701	      8.29906008172812548196	      7.28590405006175867442	     13.64686958230835500672	      0.18978400442942625070	      0.10491031266715825088	     -0.23100185860892283318	    -34.18957851526133140396	    -27.79622925152155232809	     94.48059435830442964743	    -14.41532622303562227728	    -11.20683350117754706332	    -41.61300112657762895196	   -292.22489937616995803182	    -99.33064484778324754188	   -215.24844435302063061499	     26.63576752809333214600
      1.35199999999996167688	      8.50547820414318067606	      7.39678872299183698402	     13.70715846444421792683	      0.18881645457440524027	      0.10618004903514542681	     -0.23196902021674048466	    -34.80800984122961949652	    -28.65768364198573436852	     96.16340753046006284421	    -14.67292585371718338649	    -11.06968873885904969256	    -42.53982258937440263935	   -293.81731356698901436175	    -97.77403916024378816019	   -217.44289667986987524273	     28.35231832630757509150
      1.35299999999996156674	      8.71216563831181112221	      7.50220055166395205504	     13.76297249448898440960	      0.18780485731581489373	      0.10742584593161190465	     -0.23292333806861820200	    -35.42626438834929558652	    -29.51280240693154155451	     97.84382757971920341333	    -14.93330575989748787435	    -10.92708902365124323808	    -43.45976550006889027600	   -295.37068960393014549481	    -96.21477387787301438493	   -219.61946475554142921283	     30.03096454014054117465
      1.35399999999996145661	      8.91898335917519347049	      7.60216077602544348935	     13.81427693127435674114	      0.18674964420040854329	      0.10864783748103828964	     -0.23386416906570031693	    -36.04379987225608772405	    -30.36121664763956928823	     99.52122780449658989710	    -15.19632699048176860401	    -10.77906042623693849691	    -44.37254495426149958348	   -296.88413997432007818134	    -94.65340315087273381778	   -221.77449035402105437242	     31.67009546946727738259
      1.35499999999996134648	      9.12575747485083965671	      7.69651424730712907518	     13.86118239206299129762	      0.18565343724553101667	      0.10984543737624988258	     -0.23479105560480140191	    -36.66023261794028087479	    -31.20292982379987378749	    101.19432177924653615264	    -15.46127950023722341655	    -10.62639561302371227214	    -45.27895402666681690107	   -298.35899986095802205455	    -93.08982105283331520695	   -223.82246885016616033681	     33.31006320067841386390
      1.35599999999996123634	      9.33234371086796699046	      7.78529139732283947950	     13.90365923968537842370	      0.18451706516706292693	      0.11101917386512243080	     -0.23570361413990600918	    -37.27504299875702997724	    -32.03758819940309621188	    102.86246421129331451993	    -15.72799044477993568592	    -10.46921070514794394057	    -46.17880932743064192891	   -299.79467761036011097531	    -91.52450090033406127077	   -225.75985153798222881960	     34.95045367495396959612
      1.35699999999996112621	      9.53859730293715379901	      7.86853642782075013429	     13.94167617469293496413	      0.18334018993510944884	      0.11216913149162111019	     -0.23660082207330809800	    -37.88769446929677542357	    -32.86482171810544627988	    104.52506466862186584876	    -15.99632307140641707122	    -10.30759080790704018682	    -47.07185466235690540771	   -301.19042707281789716944	    -89.95792789240367426373	   -227.58807927920818769962	     36.58858364454509626285
      1.35799999999996101607	      9.74440072922556410617	      7.94647251071426996560	     13.97506483533996934909	      0.18212071030618756651	      0.11329653420036855938	     -0.23748169988353939885	    -38.49750346421786417750	    -33.68397082378444196138	    106.18216749499775630738	    -16.26675153722129962830	    -10.14083411231640674544	    -47.95685069869466587988	   -302.54361211308389556507	    -88.39129757019628641501	   -229.38788212334429772454	     38.18279648896277223002
      1.35899999999996090594	      9.94960544345742903261	      8.01915549578559172517	     14.00380579196633590300	      0.18085875384047039871	      0.11440183468783603205	     -0.23834548440212099951	    -39.10395372345529096947	    -34.49473568938677203732	    107.83307004292350939068	    -16.53914494295054993245	     -9.96902576379951987917	    -48.83361748146715086705	   -303.85344881873487565827	    -86.82512488449302168192	   -231.15560817621994260662	     39.73186074256823729911
      1.35999999999996079580	     10.15402987433005144169	      8.08646688809360725259	     14.02802768763680774100	      0.17955669395671600141	      0.11548471895827423783	     -0.23919163258834899577	    -39.70669493971563213108	    -35.29717074889163797025	    109.47643493090413358004	    -16.81276120264642770508	     -9.79306677561439897772	    -49.70306331610932204512	   -305.12142905230473388656	    -85.25915649115962935412	   -232.80807251840118965447	     41.27620211176033393485
      1.36099999999996068567	     10.35752200926360089284	      8.14847265158480738023	     14.04771785051389976218	      0.17821513062714786080	      0.11654597074688631542	     -0.24001966802731250494	    -40.30517131458073265549	    -36.09084288928622896719	    111.11155838145459995303	    -17.08741495354230366388	     -9.61315326260304026107	    -50.56508152811333900445	   -306.34699980038016065009	    -83.69377820603315853987	   -234.34113497151062688317	     42.81483722366679245397
      1.36199999999996057554	     10.55992825441655291741	      8.20525036734282586792	     14.06286090682568357124	      0.17683349581793206262	      0.11758604444128380184	     -0.24082846347820796584	    -40.89881395973409894395	    -36.87530813237844284913	    112.73781874971827221543	    -17.36296332599214053971	     -9.42944214243429001954	    -51.41950066302234034765	   -307.52950036746705109181	    -82.12939270696625726487	   -235.75768946960187122386	     44.34452452565968627596
      1.36299999999996046540	     10.76112743956605477536	      8.25704494877079397952	     14.07330793010518554809	      0.17540948247541693350	      0.11860654096478485953	     -0.24161698008595389187	    -41.48708330815409794923	    -37.65031243268983018879	    114.35525102099815342171	    -17.63993562748096977089	     -9.24118918810978406952	    -52.26515839022416543003	   -308.66649013061908135569	    -80.56732224474664860736	   -237.13861716574308502459	     45.82642564919136418666
      1.36399999999996035527	     10.96097334415326152168	      8.30394576107761572814	     14.07906277753560608801	      0.17394311272968621118	      0.11960809450172477097	     -0.24238444283174379046	    -42.06949504308238374506	    -38.41564459753060845060	    115.96301292572485408527	    -17.91819500660220043642	     -9.04854436114846016892	    -53.10193398065649006412	   -309.75713637117058851800	    -79.00803438975472658967	   -238.47235518243081742185	     47.25989108585769571391
      1.36499999999996024513	     11.15927702974667923286	      8.34586795355654054163	     14.08027344649875445270	      0.17243676527475274018	      0.12059060240200769609	     -0.24313028015849738606	    -42.64558609346094186776	    -39.17107406842841044181	    117.55984120885766230913	    -18.19691631335619419474	     -8.85254859460485654665	    -53.93079459519091756192	   -310.80306626437698014342	    -77.45101411944678204691	   -239.68212856193355264622	     48.68333324209892509771
      1.36599999999996013500	     11.35588022933990792751	      8.38290278409345823718	     14.07694593845802977228	      0.17089107529573038802	      0.12155507433551668295	     -0.24385400611037488794	    -43.21476231588325589428	    -39.91611822338279580435	    119.14516229559326632170	    -18.47588861925451553248	     -8.65342639300655669388	    -54.75166916971694774929	   -311.80392271263804104819	    -75.89654984617517641254	   -240.77159506449390846683	     50.09528248506111225424
      1.36699999999996002487	     11.55063197304435718138	      8.41515798031751138808	     14.06908673353841621179	      0.16930548064884184956	      0.12250217762182309678	     -0.24455452157453369533	    -43.77645540488467190698	    -40.65036047725708812095	    120.71829700419576170134	    -18.75496251337303377227	     -8.45137046323201523990	    -55.56441550671816997919	   -312.75902499646048227078	    -74.34498523800266411854	   -241.73924480700691219681	     51.49223034307360791217
      1.36799999999995991473	     11.74342297252099598381	      8.44289614970034030250	     14.05657716873653129142	      0.16767777502001415812	      0.12343363538175217142	     -0.24523089053373314794	    -44.33032044785024794464	    -41.37408294299657285364	    122.27914393496564571251	    -19.03468055213518539404	     -8.24563767317667206669	    -56.36792129431921694049	   -313.66596041201063371773	    -72.79776044252204769691	   -242.65374992454374591944	     52.83973524471631577626
      1.36899999999995980460	     11.93410182790224638438	      8.46622353353644641061	     14.03944158655218110709	      0.16600816804280027483	      0.12435030238006319903	     -0.24588238190775688063	    -44.87584509976593238889	    -42.08705739497821696204	    123.82706089589203202195	    -19.31485556439538697759	     -8.03641227506874855635	    -57.16210449433731355384	   -314.52419680225682441232	    -71.25523347541390251081	   -243.51419902820958895973	     54.13759144049507909813
      1.36999999999995969446	     12.12247971006322444509	      8.48508917426235598214	     14.01784689878150125253	      0.16429929199554829666	      0.12525205366502809023	     -0.24650850192791190496	    -45.41239066541483992978	    -42.78864155812902936304	    125.36085504692519521086	    -19.59457766559864566602	     -7.82483394807148346928	    -57.94791955499460556211	   -315.33533346739790204083	    -69.71661415765763081254	   -244.24628915072233326100	     55.42034147824767131851
      1.37099999999995958433	     12.30840643969184711182	      8.49960788949419487892	     13.99182299932962969535	      0.16255207764010357052	      0.12613980907803054587	     -0.24710890403333041210	    -45.93937080218110935448	    -43.47843402339854890215	    126.87997297491787662693	    -19.87361144036608706642	     -7.61112533847279681964	    -58.72528158111560259158	   -316.09902321448322481956	    -68.18213427076274513183	   -244.85066652926232677601	     56.68654413540712511121
      1.37199999999995947420	     12.49173266340829613341	      8.50990364481541128328	     13.96139599534211761522	      0.16076624997288835317	      0.12701436052028700074	     -0.24768261393911952806	    -46.45621611906563686034	    -44.15607583280613823717	    128.38388864910569964195	    -20.15177899253053439566	     -7.39546463601751646877	    -59.49405838848858962820	   -316.81477964367400090850	    -66.65207526956635319948	   -245.33210381738368255355	     57.93293055382905976103
      1.37299999999995936406	     12.67236234426468577396	      8.51624731827565639719	     13.92647960029043474606	      0.15894002102313986580	      0.12787736030643531704	     -0.24822890241677034173	    -46.96270765413382264342	    -44.82223041432988708266	    129.87243774068502943919	    -20.42955201996959502253	     -7.17718205758115423976	    -60.25318798141144327474	   -317.48028278733340812323	    -65.12788979210255035923	   -245.74894934400887791526	     59.12943058880394886501
      1.37399999999995925393	     12.85015176314773910349	      8.51876220003760664667	     13.88712106623620279322	      0.15707401084941799430	      0.12872953912031620538	     -0.24874722006009489239	    -47.45831685282987422170	    -45.47668742208312409048	    131.34504245923704957022	    -20.70668411743695358496	     -6.95649154709684580666	    -61.00259180196140817998	   -318.09508997279186814922	    -63.60984058414933883796	   -246.09942360444242126505	     60.27611213821241165078
      1.37499999999995914379	     13.02491213554552373921	      8.51742357008044947975	     13.84349855201355516954	      0.15517122084903336998	      0.12957062736723296004	     -0.24923720590302964051	    -47.94223932400599608172	    -46.11843439666887434214	    132.80072446048905021598	    -20.98221577349678668156	     -6.73451983785260210880	    -61.74318255130750543458	   -318.66088625214092644455	    -62.09692242088907221387	   -246.31962379962143927514	     61.40305605496848073699
      1.37599999999995903366	     13.19650379026952435879	      8.51236193791965511934	     13.79566270599458910340	      0.15323302120832119066	      0.13040128379189444563	     -0.24969871885278005497	    -48.41391675505578717775	    -46.74719911935013527682	    134.23901301435509481053	    -21.25588062257615007411	     -6.51146310946173834111	    -62.47486737483483665301	   -319.17740420312378546441	    -60.58932666928173205179	   -246.41048179148793906279	     62.50938257683311150004
      1.37699999999995892352	     13.36478916174363895664	      8.50371583824010279784	     13.74365985856082694738	      0.15125960271160740489	      0.13122212526230739305	     -0.25013103390689400696	    -48.87281305652495433378	    -47.36276375286835360612	    135.65944977369102275588	    -21.52746664915002483554	     -6.28747706132602424134	    -63.19751747059216739899	   -319.64424689898180531600	    -59.08730299744205893830	   -246.37637480733917527687	     63.59266199828914523096
      1.37799999999995881339	     13.52968337511542884499	      8.49176074480649312193	     13.68743193383470213575	      0.14924976716257215559	      0.13203453500442352553	     -0.25053368362898376098	    -49.31871701831933307858	    -47.96587360766825725022	    137.06187196892099677825	    -21.79730149445478559755	     -6.06203672883909927549	    -63.91013627861119061890	   -320.05926091818741952011	    -57.59219183629813443304	   -246.26819868336156105215	     64.62551123761404880952
      1.37899999999995870326	     13.69105311062862462279	      8.47663449973320126674	     13.62704387079141454819	      0.14720460667698467838	      0.13283894743087121260	     -0.25090635328704219420	    -49.75108591069216856795	    -48.55632457613781838290	    138.44578994508577807210	    -22.06508051730506991817	     -5.83536781736298237888	    -64.61265890392250810237	   -320.42212613152776157222	    -56.10416832139919307565	   -246.08485255706654015739	     65.60795425044936735048
      1.37999999999995859312	     13.84871761517030641642	      8.45833772195200594979	     13.56268020489809522644	      0.14512743617269674434	      0.13363480233954680432	     -0.25124886235441601379	    -50.16906478466788854575	    -49.13299032589391401871	    139.81039935878413871251	    -22.32986809278350648356	     -5.60848263420717607630	    -65.30595939228550150801	   -320.73457976136990055238	    -54.62215472792058079676	   -245.77143237326245639451	     66.56681039516682574231
      1.38099999999995848299	     14.00255140476076931577	      8.43701580943692697190	     13.49440843296981284993	      0.14302002224425722221	      0.13442237724853237091	     -0.25156129314921388263	    -50.57215250042102638872	    -49.69575639194904681517	    141.15528613210753405838	    -22.59137472011266467575	     -5.38156126033735304759	    -65.98996578098250154198	   -320.99644107339037191196	    -53.14632080603801966845	   -245.32859928279827954611	     67.50220983625364112868
      1.38199999999995837285	     14.15243304282695468999	      8.41282198740079856236	     13.42229126664295080218	      0.14088302967498500529	      0.13520195372100227149	     -0.25184321850343760474	    -50.95986505295435620155	    -50.24455954963122650270	    142.48004075895889286585	    -22.84935391090473899567	     -5.15474993101466516521	    -66.66457932847391987252	   -321.20741338680693388596	    -51.67689573525134250076	   -244.76006879836975826947	     68.41290841960513091635
      1.38299999999995826272	     14.29828550463219372091	      8.38603983949537301612	     13.34629004915102612472	      0.13871582338640925380	      0.13597452303209656144	     -0.25209442547730182005	    -51.33188820334611790486	    -50.77991418341612472886	    143.78453878467070126135	    -23.10396157299808805874	     -4.92769166759204235717	    -67.32888980660064248696	   -321.36556661717486349517	    -50.21501775608879114543	   -244.11203766892660382837	     69.27144064347852747687
      1.38399999999995815259	     14.43998881386663413195	      8.35682446562239178434	     13.26648148052002440522	      0.13651985322805471057	      0.13674015476687145787	     -0.25231483172526303349	    -51.68769125374433315301	    -51.30163318408460071396	    145.06835837257523280641	    -23.35485923987789647072	     -4.70061488947700034657	    -67.98287002922872090949	   -321.47071145688823889941	    -48.76080012751727110754	   -243.38419009232245571184	     70.07757217254665249584
      1.38499999999995804245	     14.57737916209248041355	      8.32520279846649380318	     13.18305425706578759559	      0.13429856018892089020	      0.13749798999939355504	     -0.25250443973215203064	    -52.02652711600665469405	    -51.80880255735632999858	    146.33079662053614811157	    -23.60121063726900914048	     -4.47437449209260140748	    -68.62738334243714177774	   -321.52460452621181730137	    -47.31323846085391693350	   -242.52835662741375699625	     70.85750257300792043225
      1.38599999999995793232	     14.71034685006986286737	      8.29133846156923759452	     13.09608810914644827506	      0.13205391986510339741	      0.13824795489719041153	     -0.25266350610769505725	    -52.34797054841214247745	    -52.30143908246558481778	    147.57146671892849099095	    -23.84272315567534406000	     -4.24916053869368415263	    -69.26241033062248675378	   -321.52715718248094844967	    -45.87249028513080872926	   -241.54468552571134409845	     71.61252440378852668346
      1.38699999999995782218	     14.83878881295685658870	      8.25540377976997952203	     13.00565740076134702008	      0.12978693035434646363	      0.13898997804453139260	     -0.25279187910522660232	    -52.65160012062943195588	    -52.77959616944936982463	    148.78998360668177269872	    -24.07913019434728951751	     -4.02513457564161569735	    -69.88791067372524423718	   -321.47817832050884589989	    -44.43876811951762562103	   -240.43612657122508835528	     72.34254682900098032405
      1.38799999999995771205	     14.96263347718814351595	      8.21769720408007309231	     12.91173292641367353895	      0.12749733577609445589	      0.13972468438995627737	     -0.25288954288027259976	    -52.93695206320422386170	    -53.24337245985411470883	    149.98629799181040311851	    -24.31043935242235676242	     -3.80208109227330792734	    -70.50306966358378701898	   -321.37601841628730880984	    -43.01297732724700040308	   -239.24725917586707168994	     73.01725854149844963104
      1.38899999999995760191	     15.08177659571438411490	      8.17839591499014417764	     12.81439846463407583599	      0.12518673068569582951	      0.14045186262316500247	     -0.25295659177343321478	    -53.20354858478278714529	    -53.69261965415490323039	    151.16003573859401853952	    -24.53631640416670833815	     -3.58023461262984055153	    -71.10791463183940663839	   -321.22061848271857797954	    -41.59519876919795677850	   -237.97850239821244144878	     73.63616641660462391883
      1.38999999999995749178	     15.19607897433628629358	      8.13755524503634042333	     12.71384826611185836498	      0.12285846191210417211	      0.14117048759688302639	     -0.25299316728232129625	    -53.45088251515434052408	    -54.12688061334976907801	    152.31051892157663019134	    -24.75607819113964680469	     -3.36032075326325996301	    -71.70332289701705974494	   -321.01370396831191555975	    -40.18459727392777836030	   -236.58520421564870162001	     74.22790511362181575805
      1.39099999999995738165	     15.30544655199805070822	      8.09536085562919183189	     12.61017050774706049765	      0.12051447953179247885	      0.14188030918295468918	     -0.25299960420897821267	    -53.67861328531603959391	    -54.54624143468313235417	    153.43738531947482783835	    -24.96945717298379463500	     -3.14256280561293177556	    -72.28933660775793157427	   -320.75528226318488123070	    -38.78131769943794893152	   -235.06738634705166646199	     74.79468817967425309234
      1.39199999999995727151	     15.40979446062929802963	      8.05200761314427282400	     12.50344718108549635360	      0.11815591185028630206	      0.14258104037660079833	     -0.25297594185128563504	    -53.88638759350790508051	    -54.95080483707928920012	    154.54027523823427259231	    -25.17619302296463956736	     -2.92715598095366802411	    -72.86598108323906330952	   -320.44527096588649328623	    -37.38555204435843393185	   -233.42775115841229194302	     75.33714942469489983523
      1.39299999999995716138	     15.50905701639285716453	      8.00781189725655195844	     12.39365246624376837303	      0.11578266036236212200	      0.14327309735967941329	     -0.25292227837114944489	    -54.07363128144277197862	    -55.34026088449842006867	    155.61923896975164893774	    -25.37620492316748155304	     -2.71397221145604206072	    -73.43252703777204715152	   -320.08233383946054573244	    -35.99799169490192696230	   -231.71067763368662895118	     75.82053375779041459737
      1.39399999999995705124	     15.60314672403206870399	      7.96297291452281985613	     12.28087556277898606538	      0.11339626244538557331	      0.14395618873095722412	     -0.25283879037495438080	    -54.23996100253520324941	    -55.71451834296889416009	    156.67394863678364913540	    -25.56920205878160601287	     -2.50325860556927892731	    -73.98905232025865075229	   -319.66653325966888132825	    -34.61870209398860254169	   -229.91707232993061893467	     76.24430008818526971481
      1.39499999999995694111	     15.69195165034670580440	      7.91757120543035330940	     12.16531945539353642971	      0.11099980761052329059	      0.14462934583882960937	     -0.25272566814967079019	    -54.38516277321529912570	    -56.07363582347926467264	    157.70371861219058473580	    -25.75467603690102791347	     -2.29567023231676969885	    -74.53645123745572220741	   -319.19951463690563286946	    -33.24703802880766545513	   -228.00356625765471108025	     76.64173154459533066074
      1.39599999999995683098	     15.77539196564799794942	      7.87181164937749588972	     12.04707879007036730457	      0.10859504063295517817	      0.14529238763200949536	     -0.25258321100811770288	    -54.50898455838879641533	    -56.41770310580486835761	    158.70824196576907638701	    -25.93241183970551588800	     -2.09147113402018547390	    -75.07480795351229119206	   -318.68138221687348732303	    -31.88312077787955445274	   -225.97090263695554313017	     77.01538648636481809717
      1.39699999999995672084	     15.85339908603905101359	      7.82590766098430190567	     11.92624114059890594319	      0.10618305313792586464	      0.14594504025411061954	     -0.25241153048491543620	    -54.61114803701394748714	    -56.74680872206879911346	    159.68721609270858152740	    -26.10218538580036806707	     -1.89089318139547368780	    -75.60419341176617535893	   -318.11216187577696246080	    -30.52711013381030014102	   -223.82242116510795426620	     77.36594753729232820660
      1.39799999999995661071	     15.92591640688795173730	      7.78018757690835993657	     11.80278502694902442727	      0.10376376180587947029	      0.14658772390043256495	     -0.25221075245836022116	    -54.69107110320421583083	    -57.06039715411417034829	    160.64079089191716320784	    -26.26389811330799162192	     -1.69383855741142164142	    -76.12394305705844033128	   -317.49083138497996969818	    -29.17952163068118665024	   -221.60103896176741500312	     77.65451688876237312797
      1.39899999999995650057	     15.99287329082412156822	      7.73486485851643568168	     11.67680619342375969438	      0.10133853491843056172	      0.14722029462035804426	     -0.25198103355407552861	    -54.74849582885095600204	    -57.35844063339780518618	    161.56870403678595948804	    -26.41733208541748467724	     -1.50057012656581445498	    -76.63416253307498493541	   -316.81756223334787136992	    -27.84040403478223879574	   -219.30784858156971495191	     77.88079163464321652555
      1.39999999999995639044	     16.05418324720524836380	      7.69003615547395824592	     11.54851764251057488764	      0.09891013185617256176	      0.14784205967770489010	     -0.25172251059469635814	    -54.78347139716872504778	    -57.64139256009249834278	    162.47029269725328504137	    -26.56214413266503271416	     -1.31173245190378917613	    -77.13574007704221457971	   -316.09388909171741488535	    -26.50926476645917162500	   -216.90103704857634170367	     78.08303915582951049146
      1.40099999999995628031	     16.10977947774907903522	      7.64591582732811048118	     11.41802017484585363150	      0.09648002111055402341	      0.14845311076381279003	     -0.25143535387010190751	    -54.79583203367747756829	    -57.90929042781969826592	    163.34534912951022533889	    -26.69819216049183907558	     -1.12761088708849710471	    -77.62876771274240184084	   -315.32000757483064035114	    -25.18618823403298989660	   -214.38283178240274651216	     78.26357498023453729274
      1.40199999999995617017	     16.15960768000395830768	      7.60272482839984675707	     11.28540690602833329592	      0.09404918399896960990	      0.14905339762487804234	     -0.25111963390198516199	    -54.78538052503748190247	    -58.16216129888258024039	    164.19367080594804519933	    -26.82531476493516819914	     -0.94845322857839819974	    -78.11332777426643758645	   -314.49604594551072977993	    -23.87128936669681067428	   -211.75788039271873230973	     78.42256913366878734450
      1.40299999999995606004	     16.20362706085846582482	      7.56079016513685253642	     11.15066716678414593389	      0.09161753403013654651	      0.14964351681181936593	     -0.25077545231452602614	    -54.75166295361195523128	    -58.39946528785178969656	    165.01548168684533379746	    -26.94345216904784123813	     -0.77417410903959604784	    -78.58880319103673173231	   -313.62127843849481223515	    -22.56493738603377963159	   -209.06436475878390979233	     78.51880215650804473171
      1.40399999999995594990	     16.24178429469606754765	      7.52032608173406824648	     11.01390515831747229925	      0.08918626156172901331	      0.15022362227178706617	     -0.25040287231673580282	    -54.69456186889275528529	    -58.62123249788632506352	    165.81061118973011048183	    -27.05247440204892228621	     -0.60504643709816319230	    -79.05530098517901649302	   -312.69597535201285154471	    -21.26715110501325156633	   -206.30336474224125709043	     78.55240541108435081696
      1.40499999999995583977	     16.27401337895218347285	      7.48143231474454584173	     10.87534092417200781711	      0.08675779504295740019	      0.15079341074961524760	     -0.25000189426586216790	    -54.61429192154283640548	    -58.82805898687126955338	    166.57849146083162850118	    -27.15217681415191464112	     -0.44171443559307993487	    -79.51366936841053245644	   -311.72154848066207932789	    -19.97753508006979572542	   -203.43728627431349309518	     78.56517534524940060692
      1.40599999999995572963	     16.30026134998541920140	      7.44431896078383203985	     10.73508130978259167421	      0.08433335127568029888	      0.15135331642412541697	     -0.24957252168030732986	    -54.51077240406557677943	    -59.01990792995935208864	    167.31904444296733913689	    -27.24249716104513652226	     -0.28445023969717980750	    -79.96398170062278154546	   -310.69827659686433207753	    -18.69612922030701795961	   -200.47015489486625483551	     78.55878602038299618471
      1.40699999999995561950	     16.32048797094433467691	      7.40920040980794869512	     10.59322531920276944106	      0.08191381353643012453	      0.15190360572824346264	     -0.24911471758994066517	    -54.38389657464831827838	    -59.19673480354826722305	    168.03219715417154134229	    -27.32335148233391919348	     -0.13348649871557008439	    -80.40630374644277367224	   -309.62638276862520569921	    -17.42299731860753553292	   -197.40805996501794083997	     78.53261775776213937661
      1.40799999999995550937	     16.33467667156555336305	      7.37638727263869142803	     10.44978056341477312685	      0.07949916495014978934	      0.15244510176528155987	     -0.24862855809029935084	    -54.23345715855222692880	    -59.35826793619060026685	    168.71820452233279752363	    -27.39474972188211765456	      0.01122664953321601995	    -80.84006491627341972617	   -308.50541772070948809414	    -16.15837219083240228201	   -194.28074918691294215023	     78.44563978473759391363
      1.40899999999995539923	     16.34279277641154592970	      7.34608172259783120950	     10.30485946623430848490	      0.07709046713235344350	      0.15297825814730797722	     -0.24811399530428726590	    -54.05947249881674565586	    -59.50457988920810947775	    169.37700372361689460377	    -27.45664797624529995801	      0.14942081026873829663	    -81.26535864065623115948	   -307.33574419398047439245	    -14.90223268270305112537	   -191.08928089255721260997	     78.29843745899630391705
      1.40999999999995528910	     16.34478507614996800612	      7.31837625417742732026	     10.15868068185168482387	      0.07468983467213728689	      0.15350311463033003423	     -0.24757086057736762963	    -53.86219662760291271297	    -59.63612606591879483631	    170.00819707095925537033	    -27.50894351984345931328	      0.28049707897821890557	    -81.68296437657222952566	   -306.11865030791415165368	    -13.65424915548427442502	   -187.80404046232158066232	     78.13376831498975150225
      1.41099999999995517896	     16.34061788200456888376	      7.29346606164062816191	     10.01135512372505687040	      0.07229829477388455272	      0.15402035234940186781	     -0.24699902872047760360	    -53.64163808449702486314	    -59.75282383608317360313	    170.61183542616547015314	    -27.55164417695390355334	      0.40422209373573836366	    -82.09293266256597121355	   -304.85449165680410033019	    -12.41442333664581987307	   -184.43054355741745098385	     77.95266674104983906091
      1.41199999999995506883	     16.33026735012548158466	      7.27154880312124163311	      9.86298615766039787900	      0.06991667938671318472	      0.15453048464418325803	     -0.24639836345871651835	    -53.39779334635705509982	    -59.85459526150887654694	    171.18797492862856302054	    -27.58474116772710971190	      0.52039799335894543209	    -82.49530536828231674917	   -303.54358094893592578956	    -11.18277517681925026238	   -180.97583258553410701097	     77.75387466030019822938
      1.41299999999995495870	     16.31374748367440474794	      7.25290903149890997526	      9.71360226173641372327	      0.06754512151815621201	      0.15503446211127280829	     -0.24576895739575529976	    -53.13075141398774547952	    -59.94156896644217624726	    171.73685997679595516274	    -27.60831688786456794560	      0.62900460410149827695	    -82.88957135560805511432	   -302.18572999488424102310	     -9.95940272052942354719	   -177.45891012308837275668	     77.49847890895944146905
      1.41399999999995484856	     16.29104417419891959184	      7.23772933805477869385	      9.56331988849222724980	      0.06518459759964273514	      0.15553288764921816001	     -0.24511069670157248357	    -52.84064509353468253039	    -60.01384279007139355144	    172.25853233195886105023	    -27.62239577718586147626	      0.72979688831844391483	    -83.27581348980194775322	   -300.78139023202112412037	     -8.74425005051176640336	   -173.88098253862105480039	     77.18737433384923463109
      1.41499999999995473843	     16.26211780418794461411	      7.22608948917674975831	      9.41234482668360072921	      0.06283690534452296417	      0.15602595767035201679	     -0.24442328354879463981	    -52.52767070544802407994	    -60.07154682562386227573	    172.75280627872467675843	    -27.62693754818353752967	      0.82228850982742607290	    -83.65473304128185816353	   -299.33173109044588500183	     -7.53706008147625716731	   -170.22341155829781200737	     76.86189195885580716094
      1.41599999999995462829	     16.22695446468511093485	      7.21816414956147855975	      9.26078761921029247617	      0.06050292569986076563	      0.15651438176954401982	     -0.24370656169860316353	    -52.19192732052655969710	    -60.11460469523215266463	    173.21983028183618102958	    -27.62199690235213367373	      0.90630032550251671264	    -84.02637594246684216159	   -297.83718233627183735734	     -6.33781494736925665734	   -166.49231949981947309425	     76.52274673376078339970
      1.41699999999995451816	     16.18555027583185790263	      7.21412908165720612175	      9.10875190297312009591	      0.05818346811670571661	      0.15699871429510806053	     -0.24296036957175701221	    -51.83351982537637780979	    -60.14296057136481721273	    173.65975995625123573518	    -27.60762222227151596599	      0.98167987511465393258	    -84.39077498401304922027	   -296.29814458835124924008	     -5.14650912123979331625	   -162.69472655969929064668	     76.16846977123918804864
      1.41799999999995440803	     16.13795208476349785087	      7.21423857194876383403	      8.95628238350783512089	      0.05587883482600031204	      0.15747982221176073936	     -0.24218488539452318054	    -51.45280505222484634942	    -60.15712553884270619164	    174.07280946704102575495	    -27.58395034932655676130	      1.04831901473142030667	    -84.74749727512104868765	   -294.71468042950175458827	     -3.96311084630005394658	   -158.83920224884923300124	     75.76290968199231201652
      1.41899999999995429789	     16.08416814774110648045	      7.21865260089087179551	      8.80349220819857691822	      0.05358991706265885807	      0.15795821850222077631	     -0.24138001961793470462	    -51.05000047933531703848	    -60.15720845321058618538	    174.45910776769994754432	    -27.55104621072115733682	      1.10601545146851143464	    -85.09663168125091203819	   -293.08732284826692193747	     -2.78754861101540196699	   -154.92744004170791072283	     75.30706910846853929797
      1.41999999999995418776	     16.02417081103423868171	      7.22743595755051249085	      8.65056376188246112235	      0.05131816625570877199	      0.15843401805644183322	     -0.24054544434298094635	    -50.62520538318604934602	    -60.14297684426317402995	    174.81867731614667604845	    -27.50889449817790577413	      1.15445273385127444854	    -85.43881170210912046059	   -291.41711825872334884480	     -1.61966957621128360145	   -150.95271902181923451280	     74.83961460246007391106
      1.42099999999995407762	     15.95797198902089597539	      7.24074175028198308013	      8.49760174435212967126	      0.04906431431174899938	      0.15890771395153857615	     -0.23968109401846429685	    -50.17860437562539743794	    -60.11442339111628996307	    175.15170610193419520328	    -27.45756639185785275004	      1.19350613276674621943	    -85.77410698378673714615	   -289.70460173074570775498	     -0.45946110821904273536	   -146.91975258305953389026	     74.36140863004523282598
      1.42199999999995396749	     15.88559113017619495167	      7.25872303239965344090	      8.34470492183928591601	      0.04682914586886194330	      0.15937962654436679810	     -0.23878688654377466793	    -49.71040597528954663176	    -60.07157194603372118991	    175.45839793009773188714	    -27.39714027785577954432	      1.22306664086606464714	    -86.10256534819579599116	   -287.95028824627178209994	      0.69308485734505032028	   -142.83373416132783972898	     73.87126547191009251492
      1.42299999999995385735	     15.80710595900629122923	      7.28159734454189067065	      8.19192040609258143036	      0.04461305467046459972	      0.15985034177624621310	     -0.23786317082639793496	    -49.22115366394208280099	    -60.01511301621698635245	    175.73904005699864683265	    -27.32778439399677949950	      1.24296265308844877673	    -86.42384012563667283757	   -286.15428196508548808197	      1.83812339546400616008	   -138.70187657812724069117	     73.33502002765393967820
      1.42399999999995374722	     15.72254942268339306111	      7.30950528331607607413	      8.03935233145419303469	      0.04241676068078815282	      0.16032011745143029402	     -0.23690999039217500166	    -48.71110940151463353232	    -59.94519842748245963548	    175.99374556770860067445	    -27.24956989042946986501	      1.25305088862468605448	    -86.73805632569235513074	   -284.31732579352910761372	      2.97570761916290971172	   -134.52193103063618195847	     72.75364379808937087546
      1.42499999999995363709	     15.63190751141930689982	      7.34251642284333883026	      7.88716861389811541017	      0.04024146887553826935	      0.16078856203329880414	     -0.23592702356766245830	    -48.18027254126803171630	    -59.86152768788320344129	    176.22238128776061216740	    -27.16247184744363352138	      1.25319360368393950544	    -87.04580181731969901193	   -282.44103059635858699039	      4.10582574371207442709	   -130.27496170569838795927	     72.16351990299195051648
      1.42599999999995352695	     15.53522187136990950762	      7.38071242387665371609	      7.73543584846748544237	      0.03808776284096855591	      0.16125583156231643178	     -0.23491449445837966903	    -47.62900540761891221564	    -59.76375070839530678768	    176.42595068062348673266	    -27.06659502066515443630	      1.24332204364847354050	    -87.34713258043737482694	   -280.52443960399261868588	      5.22855416085861168796	   -126.01559099860030244145	     71.56572018603699802952
      1.42699999999995341682	     15.43255291945118656827	      7.42417810902774100157	      7.58420883182934435496	      0.03595568573612455132	      0.16172292786891323546	     -0.23387282893696678676	    -47.05763375074720045177	    -59.65163624313893819817	    176.60522116365561373641	    -26.96200974968371966156	      1.22338329923437560964	    -87.64219986019288910484	   -278.56678828276642434503	      6.34392112307236555324	   -121.79058944423488242137	     70.95939700551542728135
      1.42799999999995330668	     15.32397839700482045089	      7.47339905239411095295	      7.43371529195450708727	      0.03384648660252252000	      0.16218817599781812366	     -0.23280165330682828229	    -46.46626507607068390371	    -59.52857377826643414664	    176.75583746132031137677	    -26.84872120632480019253	      1.19311498220614864429	    -87.93093143897249319707	   -276.57807867910059940186	      7.45173084872959368141	   -117.29340384041763911682	     70.31251724134580172176
      1.42899999999995319655	     15.20952030649838526699	      7.52841939541432569882	      7.28404827239991270460	      0.03176393676639372582	      0.16264664319701346851	     -0.23170048272052246041	    -45.85582141133923528287	    -59.39422011503943110711	    176.87993001869793374681	    -26.72711508718765927028	      1.15238964914034647258	    -88.21286994230339928436	   -274.55612168865235389603	      8.55233667448823453583	   -112.61227707105302897617	     69.62549229597992450636
      1.42999999999995308642	     15.08926797699751887194	      7.58871473728115475410	      7.13504037359920140204	      0.02971065853410198229	      0.16309617873200094040	     -0.23057076172726151397	    -45.22819368543196816290	    -59.24411591343020688782	    176.98706031873220467787	    -26.59777615928699034953	      1.10125758083261637843	    -88.48771622657147872815	   -272.48195779996791543454	      9.64663051956828354605	   -108.34317270419462886366	     68.93046831040038568972
      1.43099999999995297628	     14.96323704185838820990	      7.65473300301251402544	      6.98692348887683589709	      0.02768605765545198091	      0.16353811034122009427	     -0.22941226697734415363	    -44.58183958511256150814	    -59.07965862456381955781	    177.07178897006951956428	    -26.46005422709372822965	      1.03976674514205891242	    -88.75626801349434913391	   -270.36860502276681472722	     10.73386887375734666250	   -104.13582894853017535297	     68.23102454518320314492
      1.43199999999995286615	     14.83147162464298673967	      7.72690661341477902369	      6.83989571504354287867	      0.02568750223379109507	      0.16397675271659908902	     -0.22822531481250982188	    -43.91506653106181801149	    -58.90244206276495475549	    177.12827766387377437241	    -26.31318430291866050652	      0.96804015792816844321	    -89.01966606252902636243	   -268.22996934213983877271	     11.81321943803868990130	    -99.63659607728894229695	     67.52881360424026979672
      1.43299999999995275601	     14.69423609471631309020	      7.80511377002979500617	      6.69382479064002122726	      0.02371358883860654257	      0.16441447373268799903	     -0.22701262895497953398	    -43.22977647860592043116	    -58.71262288596513201355	    177.16053200136607870263	    -26.15760339903376419102	      0.88600750819099460820	    -89.27777045861533622428	   -266.05670855017069698079	     12.88537004137609898180	    -95.11765649621435159133	     66.78806582405681524506
      1.43399999999995264588	     14.55162423666708448877	      7.88938622232464137340	      6.54876816180751131213	      0.02176507324241044872	      0.16484953433100221765	     -0.22577463846852310891	    -42.52679117201754621647	    -58.51029424707789416971	    177.16976804764303210504	    -25.99358224425856533912	      0.79360829591952264384	    -89.53058851076585256124	   -263.84719557655176913613	     13.95046424974277066156	    -90.63853901640938204309	     66.00935485174647965323
      1.43499999999995253575	     14.40365299079445016162	      7.97981380095102910133	      6.40488769919816469667	      0.01984242845530910515	      0.16528061173760091873	     -0.22451105821571282206	    -41.80603900582202214764	    -58.29556795217462905612	    177.15509109962999900745	    -25.82106802003814394197	      0.69086537850221907409	    -89.77869701978747229987	   -261.60500310460946593594	     15.00813064058444012971	    -86.12751676804920464292	     65.22877533345251777064
      1.43599999999995242561	     14.25042114058735975846	      8.07645877482392648972	      6.26224413435887150570	      0.01794545444993315281	      0.16570733607123694364	     -0.22322246554418617714	    -41.06798192156852422841	    -58.06859410770289287029	    177.11690992244476205997	    -25.64016418754226833698	      0.57774825096962389992	    -90.02227668001481220017	   -259.33049676521517312722	     16.05832471656866999865	    -81.59765426181890290991	     64.44841968896488992868
      1.43699999999995231548	     14.09202997410334923245	      8.17937994400468504352	      6.12089528687964357090	      0.01607441030703288601	      0.16612872390031382941	     -0.22190939114426666556	    -40.31313729771476062069	    -57.82952044008030867417	    177.05571215864847545163	    -25.45101567702884537425	      0.45422879199886651014	    -90.26145436794689658200	   -257.02392081610554441795	     17.10102627492998550451	    -77.06407286154072266982	     63.66838276002044949564
      1.43799999999995220534	     13.92860115048224045609	      8.28870158525919364934	      5.98086405200602122534	      0.01422932329685938982	      0.16654380182888633977	     -0.22057245676930092859	    -39.54196402016840750093	    -57.57857544131460514336	    176.97182524512172108189	    -25.25384071440117850216	      0.32042474804290782542	    -90.49607986971150808131	   -254.68619116118310330421	     18.13657947628360389558	    -72.52484600745097509389	     62.85332300623904444592
      1.43899999999995209521	     13.76023877855016586125	      8.40447889317514196250	      5.84221406928382069879	      0.01241024735747577740	      0.16695172344905517825	     -0.21921219188541193890	    -38.75491309581923360383	    -57.31592002651800044077	    176.86554621473848669666	    -25.04877207063488597782	      0.17637772721572977930	    -90.72632527624250542431	   -252.31808501463703464651	     19.16496563962822818894	    -67.98184115597234722372	     62.00419185589658610525
      1.43999999999995198507	     13.58702744688052455047	      8.52669961123693553873	      5.70505131023174971716	      0.01061730436544106732	      0.16735174908120636905	     -0.21782899858343796051	    -37.95242331986854367187	    -57.04164698637779196133	    176.73713137218155111441	    -24.83586212099038093015	      0.02205824941157358624	    -90.95267753223043882826	   -249.92028978514147752321	     20.18582408770432223832	    -63.43922835497878054412	     61.15783621389627455756
      1.44099999999995187494	     13.40908321309598427717	      8.65540668705232008051	      5.56943430991685506370	      0.00885032507266927775	      0.16774331364982311698	     -0.21642348078580964099	    -37.13497354640143299775	    -56.75592557187232500837	    176.58691873807669026064	    -24.61524184548724747401	     -0.14252503610147157498	    -91.17528265177823243448	   -247.49355225273851033307	     21.19908380904988476345	    -58.89973520909536119916	     60.31625959098391120961
      1.44199999999995176481	     13.22652655002384314287	      8.79063975987476808882	      5.43541642851825734795	      0.00710944004132434398	      0.16812536627941110368	     -0.21499626264697771494	    -36.30306385761313947569	    -56.45893001227534568898	    176.41525398918787459479	    -24.38706391445536780793	     -0.31734849573251705523	    -91.39427401110137338947	   -245.03862433475168813857	     22.20468801140107828473	    -54.36604691047637061274	     59.47942588138359099048
      1.44299999999995165467	     13.03950285287971588843	      8.93247940152413555381	      5.30301176372528093594	      0.00539457987509444833	      0.16849682221463388454	     -0.21354813228426666738	    -35.45723467525525052224	    -56.15089055742683399330	    176.22256692260984323184	    -24.15159313983541977677	     -0.50213942517576026781	    -91.60953362171800051783	   -242.55623657772241585917	     23.20303528930639558325	    -49.84129925344625178241	     58.61169925398270663663
      1.44399999999995154454	     12.84814007157908477552	      9.08094627488718586505	      5.17227336226392964136	      0.00370568654975473970	      0.16885687100071369859	     -0.21207975145172991427	    -34.59800068936230132977	    -55.83198052594281080019	    176.00921984452509150287	    -23.90899003676317136069	     -0.69681021945058718714	    -91.82121384548339904086	   -240.04713239833841953441	     24.19408856312546163281	    -45.32838168123290500944	     57.71420233388316489709
      1.44499999999995143440	     12.65254809510580891185	      9.23600082891834439636	      5.04329315393922694710	      0.00204271205396839911	      0.16920503447499282701	     -0.21059164678456090969	    -33.72585001130490667265	    -55.50231584923853489499	    175.77550928134439800488	    -23.65931334917727113520	     -0.90145289408629381001	    -92.02973795277297597295	   -237.51206897142736806927	     25.17738987414534790332	    -40.82996035069063367473	     56.82448499456535273566
      1.44599999999995132427	     12.45286580412074428637	      9.39765141233480783001	      4.91611846228058446684	      0.00040535693387348673	      0.16954092968529876906	     -0.20908453101162213783	    -32.84131583352006344967	    -55.16207936761280450355	    175.52182430560122838870	    -23.40272881702407659077	     -1.11599615552425301956	    -92.23522220933791970765	   -234.95179254153487136136	     26.15285169811319576638	    -36.34886742834916617539	     55.94405207868869212007
      1.44699999999995121414	     12.24923504630286785755	      9.56590191105946452410	      4.79079129860375196870	     -0.00120636725394943013	      0.16986351609133842899	     -0.20755913338763656850	    -31.94495219633672533632	    -54.81145689562845291221	    175.24855892783239141863	    -23.13942553759441977945	     -1.34034937868724868260	    -92.43777406073402858055	   -232.36705061050994913785	     27.12040480245169504769	    -31.88791816282964219909	     55.07238181096321483210
      1.44799999999995110400	     12.04181620978330613525	      9.74078805880818876517	      4.66732106946516100976	     -0.00279258748106187959	      0.17017162492788295847	     -0.20601629590249520563	    -31.03734092696734592209	    -54.45067727108389021851	    174.95616968406136493286	    -22.86968872411797093491	     -1.57414594084283354647	    -92.63730650877901950935	   -229.75857805246116072340	     28.08049198787504963093	    -27.45001280282391675769	     54.17508145987675050037
      1.44899999999995099387	     11.83075560602459219695	      9.92229229015840985539	      4.54574954779200623989	     -0.00435347595263899535	      0.17046456491926978427	     -0.20445674724415638379	    -30.11904425116791372830	    -54.07992279906105892451	    174.64506343802167975809	    -22.59370561308991298688	     -1.81726055132036323769	    -92.83394338151505564838	   -227.12712127623726132697	     29.03305955230218415863	    -23.03788787712004548780	     53.25344240641080517662
      1.44999999999995088373	     11.61618457147044658484	     10.11034320943763908929	      4.42615100459510468767	     -0.00588924385845372711	      0.17074216465843042312	     -0.20288109400063947252	    -29.19060401332886556247	    -53.69932823017665413090	    174.31559740664815194577	    -22.31156568161020459229	     -2.06981467865069568290	    -93.02802212165713058312	   -224.47343970594707229793	     29.97756748608569665748	    -18.65411031773708927517	     52.34431290149665016997
      1.45099999999995077360	     11.39825764295638599322	     10.30490990332511636041	      4.30855992704632573265	     -0.00740029908133840991	      0.17100424378429027183	     -0.20129008635345413403	    -28.25259739980256767922	    -53.30908361397199968224	    173.96820579815860696726	    -22.02347532445442013227	     -2.33165123130233942206	    -93.21961889385046617917	   -221.79827785136021134349	     30.91391356536430734536	    -14.30135450366359961549	     51.44859932409939773379
      1.45199999999995066347	     11.17713061148202058348	     10.50595556626502968811	      4.19300527478286877425	     -0.00888673792804031172	      0.17124981792996540886	     -0.19968448534470750744	    -27.30561940533170073309	    -52.90938015989556930663	    173.60332446296328612334	    -21.72966222727956520089	     -2.60259304139046321325	    -93.40880527928418075589	   -219.10238035439311943264	     31.84201803010481057754	     -9.98226336965083937969	     50.56528002716355274515
      1.45299999999995055333	     10.95297165973459030397	     10.71346414313839900956	      4.07949089023142974497	     -0.01034872448801142826	      0.17147767711634931409	     -0.19806511851684338588	    -26.35028403945221953109	    -52.50043858770572313688	    173.22143392867249644951	    -21.43040578450444755276	     -2.88229680944671562415	    -93.59552674142658190704	   -216.38647675313183071921	     32.76237089070388464052	     -5.69953198120668869109	     49.66262162213650555032
      1.45399999999995044320	     10.72593805460989102585	     10.92737533208349098857	      3.96804482448888284907	     -0.01178652419809206840	      0.17168725701829537500	     -0.19643272097075928362	    -25.38719067246131899651	    -52.08244456622526996625	    172.82298130875318520339	    -21.12592047469312817043	     -3.17060357582177276825	    -93.77987064588604937398	   -213.65130868384096629597	     33.67490575052779888665	     -1.45570346215755241914	     48.74197359193998835281
      1.45499999999995033306	     10.49617539059005011381	     11.14758395165888948952	      3.85871977904256446834	     -0.01320049186258113669	      0.17187866654381891984	     -0.19478793175360717416	    -24.41692335659172385931	    -51.65554759770508752581	    172.40837855468919315172	    -20.81635153947527783203	     -3.46756116110312406775	    -93.96207250855100312492	   -210.89763088992702932956	     34.57900713658057156863	      2.74683658896253790616	     47.83787713876455427453
      1.45599999999995022293	     10.26384601690938680463	     11.37401618784845780397	      3.75153528559433979694	     -0.01459111173692316174	      0.17205189361627501454	     -0.19313149013087854700	    -23.44009022515179907487	    -51.21993931114803899618	    171.97809617136786641822	    -20.50194129400317777367	     -3.77292454272176858154	    -94.14216846724536935653	   -208.12617950257745746967	     35.47455971267171292993	      6.90562850090089508370	     46.95083035716501740353
      1.45699999999995011279	     10.02911204917332987918	     11.60659162556170365121	      3.64650547863467888732	     -0.01595855908121600331	      0.17220599967193914170	     -0.19146413949479890171	    -22.45731361129369574314	    -50.77581172625858130232	    171.53260343176415858579	    -20.18294962637149581042	     -4.08643474682714114010	    -94.32019383724828287541	   -205.33768913976084036221	     36.36147501698180661833	     11.01825663133207378053	     46.07956487793969557742
      1.45799999999995000266	      9.79214366726847451616	     11.84524083263148774847	      3.54362676081516614346	     -0.01730300709354426134	      0.17233972741476555335	     -0.18978666190291909599	    -21.46922997931259402549	    -50.32337651568479230946	    171.07239718665937289188	    -19.85962980784094611408	     -4.40788296081262398474	    -94.49612607941834596659	   -202.53287849808631904125	     37.24029371529716314626	     15.08229086510395156040	     45.19555192400361676164
      1.45899999999994989253	      9.55310276554300052965	     12.08986102707539522783	      3.44291141875289952168	     -0.01862478244712173145	      0.17245259782984764807	     -0.18809977555126522475	    -20.47646198539635875591	    -49.86282141335138362592	    170.59795376817191936425	    -19.53221987438299578344	     -4.73707597195125629241	    -94.67001553936601965233	   -199.71247693070253603764	     38.11093802955009834932	     19.09543589963492138395	     44.30003245472020978468
      1.45999999999994978239	      9.31214247171646825052	     12.34031544778403599594	      3.34438832566128008139	     -0.01992435094026578923	      0.17254492796862813675	     -0.18640413639138023183	    -19.47961775395524242072	    -49.39430929616158749695	    170.10972598460543281362	    -19.20093389747406575907	     -5.07387160342016851899	    -94.84199418852354313003	   -196.87722492344738611791	     38.97271776989298075478	     23.05553674288588439367	     43.42427571385630358236
      1.46099999999994967226	      9.06942730490437121205	     12.59648923951519172704	      3.24806108309232488551	     -0.02120223393795267822	      0.17261680523411707111	     -0.18470046899704833931	    -18.47932059232521595504	    -48.91803370268899442408	    169.60820553736274973744	    -18.86603604420753299564	     -5.41796145058297007324	    -95.01206680805448456795	   -194.02784220864560893460	     39.82550557941342361801	     26.96040146068262188805	     42.56871930728387098952
      1.46199999999994956212	      8.82512039477360055173	     12.85826130880248641120	      3.15392836301682866207	     -0.02245864655415709399	      0.17266729171206629534	     -0.18298949635057362717	    -17.47620433053825195202	    -48.43418907957111940732	    169.09388037247401825880	    -18.52780390225268902782	     -5.76903504322624272049	    -95.18024015781199409503	   -191.16504459436458773780	     40.66920543921435893253	     30.80789283504187281437	     41.73220327548639119186
      1.46299999999994945199	      8.57939043555602331992	     13.12551522268850590081	      3.06197690312174541916	     -0.02369374662172472890	      0.17269505335381418742	     -0.18127197057937999292	    -16.47091390652271769568	    -47.94298424377630851723	    168.56725231844239942802	    -18.18645584938271397846	     -6.12705858667885472357	    -95.34651731695713294812	   -188.28953115082771319067	     41.50440755894160815842	     34.59588880266493049476	     40.88882160866436521474
      1.46399999999994934186	      8.33239967609192078157	     13.39811180931007683625	      2.97220241635717918882	     -0.02490788886567509020	      0.17269964042478735955	     -0.17954860961256732810	    -15.46407721485975095277	    -47.44461344957592530136	    168.02881091609495456396	    -17.84224375920689453778	     -6.49180277593375265610	    -95.51091623078976056149	   -185.40200863333990355386	     42.33102209930171255792	     38.32238679303775796825	     40.03955897179675105235
      1.46499999999994923172	      8.08430363790562900306	     13.67588870647877996589	      2.88461039454332590637	     -0.02610161226441272755	      0.17268150263036222136	     -0.17782010016626029203	    -14.45630432814407484443	    -46.93925578233327655653	    167.47903004356797396213	    -17.49544257540767944192	     -6.86287812231449656508	    -95.67347865595219502666	   -182.50319133064050447501	     43.14828456884001184335	     41.98550849154110409245	     39.21254220486960662129
      1.46599999999994912159	      7.83526544122444601470	     13.95869725815335904429	      2.79918890416215004890	     -0.02727544257487663631	      0.17264076682888054859	     -0.17608717881938645844	    -13.44821471691287229078	    -46.42711281011740709346	    166.91840447245994027980	    -17.14631874109694820163	     -7.23995072313574627998	    -95.83418961817568515471	   -179.59377162343338341088	     43.95605764801013037868	     45.58337383009018850544	     38.40851257779194583009
      1.46699999999994901145	      7.58544599436161615102	     14.24638398973388042634	      2.71592172862539493750	     -0.02842960015433998455	      0.17257645696894619025	     -0.17435057849279786413	    -12.44043465273521853476	    -45.90838864911579264572	    166.34742281875128355750	    -16.79514829259814945317	     -7.62269824771329052027	    -95.99303776305208657504	   -176.67443491064184968309	     44.75423943607172105885	     49.11416596514838772691	     37.62672879424849270436
      1.46799999999994890132	      7.33501082381088931328	     14.53879854655242631623	      2.63478373820698053009	     -0.02956421888611420953	      0.17248715336265660336	     -0.17261106529627803785	    -11.43359864246980173164	    -45.38330116274455150460	    165.76657924235294672144	    -16.44211604783144053954	     -8.01122181634659646932	    -96.15003626225704635999	   -173.74584761439518842963	     45.54346052550457812913	     52.57609994111011531004	     36.84237144971717725639
      1.46899999999994879119	      7.08411978844525958010	     14.83577563520623421311	      2.55575469811519884189	     -0.03067965883137842298	      0.17237240806410339400	     -0.17086938968902665170	    -10.42831933926783349875	    -44.85205987113357650742	    165.17635878202989374586	    -16.08747402086931188592	     -8.40525885243733661412	    -96.30517661167887411011	   -170.80868061573539762321	     46.32361795023716410924	     55.96750224108590998640	     36.05609610269014098094
      1.46999999999994868105	      6.83292685292718715573	     15.13713470687592810293	      2.47881993724242732924	     -0.03177649868886921886	      0.17223276185389799209	     -0.16912628593407669220	     -9.42518695186966048993	    -44.31486539662095225367	    164.57723459065567794823	    -15.73153266428716712255	     -8.80420490716598180825	    -96.45843516922955984683	   -167.86360859947382095925	     47.09387943310374424755	     59.28681395841401524649	     35.29411816637801280194
      1.47099999999994857092	      6.58159143832661897022	     15.44270308354780141258	      2.40395341983514221340	     -0.03285525406371556795	      0.17206836638678293938	     -0.16738252902435096781	     -8.42479814320633835223	    -43.77193601893529972813	    163.96968753776653215937	    -15.37454327410780052787	     -9.20773831917779439493	    -96.60978519062622638103	   -164.91128352890461883362	     47.85410042215323045411	     62.53250092058201659029	     34.55764980071075598289
      1.47199999999994846078	      6.33027027380013773694	     15.75230445763052067321	      2.33112543364075142094	     -0.03391613340067539673	      0.17187821214355084032	     -0.16563889332941100774	     -7.42775269063684540072	    -43.22349374900563390156	    163.35419030955392827309	    -15.01676371239175367123	     -9.61555847811938058101	    -96.75920406331388790022	   -161.95234767207583104209	     48.60417513778156006765	     65.70309815049081691996	     33.84644579244268669527
      1.47299999999994835065	      6.07912450100495771466	     16.06576734121386706988	      2.26029754527217852100	     -0.03495925642591854454	      0.17166083385746550016	     -0.16389619279535114216	     -6.43465445805368041476	    -42.66977545234855284662	    162.73121848939203459850	    -14.65835503672778727946	    -10.02779608129437960429	    -96.90669443226643409162	   -158.98742060414429033699	     49.34475963784336727258	     68.79717581673433812739	     33.13503325016858269692
      1.47399999999994824051	      5.82830946575546349209	     16.38290797022079203771	      2.19143532638264026957	     -0.03598498236875639217	      0.17141580805881520555	     -0.16215522443592700341	     -5.44608282149521372162	    -42.11101142573411948433	    162.10123796995972611512	    -14.29955807452162197535	    -10.44415970966656104224	    -97.05222571673894549349	   -156.01712496276974206921	     50.07573843673291236200	     71.81341656764172398653	     32.42377481200832534114
      1.47499999999994813038	      5.57797441193226806178	     16.70353018228431452030	      2.12450873015552943457	     -0.03699390825504512287	      0.17114377179030385023	     -0.16041676114797451258	     -4.46259249367584498458	    -41.54742474317291822672	    161.46470327295796209910	    -13.94068906477689040457	    -10.86393567917012958901	    -97.19573664115546307585	   -153.04208538619172941253	     50.79622630990397880169	     74.75061656688632183432	     31.73870914315925517712
      1.47599999999994802025	      5.32827313506299393708	     17.02744255308065390864	      2.05947961202389695501	     -0.03798654334596565652	      0.17084493881892809375	     -0.15868161098869182357	     -3.48474299723019509401	    -40.97925349678128270625	    160.82206970839999371492	    -13.58197645312224466352	    -11.28683458613088497202	    -97.33719041947172456730	   -150.06290243330022349255	     51.50607632577953154396	     77.60761004540555063613	     31.08143463686972296500
      1.47699999999994791011	      5.07935665052361606797	     17.35445036376266614297	      1.99630665777535076799	     -0.03896308546968401537	      0.17051832327967450520	     -0.15695059059459764983	     -2.51309315542726219306	    -40.40673947824200240575	    160.17378264145645516692	    -13.22365281222112898263	    -11.71258984030723659941	    -97.47655420032265283226	   -147.08016495848295335236	     52.20518269730167304488	     80.38330360865192858455	     30.45203171602181768662
      1.47799999999994779998	      4.83138028743631764428	     17.68436708051264361075	      1.93493814195716540283	     -0.03992366059246394566	      0.17016250265696183930	     -0.15522455777952354206	     -1.54820013383338350721	    -39.83014026546821639840	    159.52029142632008529290	    -12.86586886750601976814	    -12.14124230965492223788	    -97.61380108828703328072	   -144.09443401109862747944	     52.89420862969207348669	     83.07663208671753807266	     29.82316429491328690915
      1.47899999999994768984	      4.58449291830747540644	     18.01699197510482619577	      1.87532804463126900885	     -0.04086863252705118243	      0.16977714233897187035	     -0.15350433241923358563	     -0.59059842504545156938	    -39.24970535853680786431	    158.86203279017013301200	    -12.50884953801591237266	    -12.57248078065351926114	    -97.74888069762813813668	   -141.10627461447856489940	     53.57302912848678744240	     85.68665100986353877488	     29.19500669554458127664
      1.47999999999994757971	      4.33883661515769514239	     18.35211028821453638216	      1.81743607056570954938	     -0.04179860558646184693	      0.16936301101818171388	     -0.15179068409531870643	      0.35919973506021879439	    -38.66567551458109619489	    158.19943021716485986872	    -12.15289413324412315376	    -13.00562479053296982556	    -97.88171749895730044955	   -138.11625446646269210760	     54.24072891096948723089	     88.21253549526885251453	     28.59485897283316191420
      1.48099999999994746958	      4.09455736159130001539	     18.68951158961371916689	      1.76121443701561308792	     -0.04271409404649700176	      0.16892044650053156252	     -0.15008440952860085948	      1.30068055608606325535	    -38.07830452517750785546	    157.53290592546463244616	    -11.79821339942995628292	    -13.44040138122316108138	    -98.01226276210152832391	   -135.12491431093511096151	     54.89716440593863922004	     90.65349928558180181426	     28.02446170278958703648
      1.48199999999994735944	      3.85179865451079228578	     19.02898170561523372157	      1.70661262403470836979	     -0.04361529533258041991	      0.16844857078301667119	     -0.14838632914148799924	      2.23333502984843512706	    -37.48784875616169642853	    156.86287043488141534908	    -11.44501963439110525655	    -13.87655508356803046865	    -98.14047132911414905720	   -132.13278183145990851699	     55.54223435126481689394	     93.00882923319119299777	     27.48392790540129837495
      1.48299999999994724931	      3.61070892807318655215	     19.37031831736923592757	      1.65356724319404846391	     -0.04450236054989945012	      0.16794611127904579551	     -0.14669730704513195274	      3.15666025971470443068	    -36.89458154985280913252	    156.18974111268784099593	    -11.09346079413525387736	    -14.31399221544675448570	    -98.26627485914781345855	   -129.14035128157593135256	     56.17658986723848357769	     95.27782791640588300197	     26.94368236165719565633
      1.48399999999994713917	      3.37142872573764984523	     19.71330017292302372311	      1.60202378501484576923	     -0.04537566446115950253	      0.16741289179927582031	     -0.14501813242047981167	      4.07017182021584122964	    -36.29876404358900288116	    155.51391844530968455729	    -10.74374825593416460379	    -14.75239272187472039377	    -98.38960508947045013883	   -126.14812366879003491249	     56.80010103013050581922	     97.45993042409800466430	     26.40381633627004376308
      1.48499999999994702904	      3.13409050917025888694	     20.05768774636500495490	      1.55193627670514455730	     -0.04623581035372194975	      0.16684983808353401336	     -0.14334950728331097292	      4.97340280765179976186	    -35.70064493666107097170	    154.83578623426467402169	    -10.39615957160086345823	    -15.19118912969149626235	    -98.51038881070489594549	   -123.15660548718940958679	     57.41185011558992101754	     99.55470148162575583228	     25.89355749315647159392
      1.48599999999994691890	      2.89883025762466894903	     20.40324791712611229855	      1.50324997225415835089	     -0.04708332420819801023	      0.16625745688806961575	     -0.14169215465049422864	      5.86588975789462452326	    -35.10048500312785080268	    154.15572798909897755948	    -10.05089751647772366994	    -15.63009676357826727155	    -98.62856378120454792224	   -120.16627210211827048170	     58.01170206979794130575	    101.56173569154583447016	     25.41453587277560544067
      1.48699999999994680877	      2.66578188555105599633	     20.74974367645512529634	      1.45590769695298494213	     -0.04791841105150185937	      0.16563504899558620376	     -0.14004684045186036045	      6.74717850407855124217	    -34.49854663195043258384	    153.47411392036525512594	     -9.70816288185431552904	    -16.06884133254258628654	    -98.74407076235843305767	   -117.17758512311787910676	     58.59956410514538305279	    103.48069962371891961084	     24.96664080234821270210
      1.48799999999994669864	      2.43508602069235857712	     21.09695413408921638165	      1.40983688975016119294	     -0.04874125632244798861	      0.16498157466170459973	     -0.13841438678010037355	      7.61682217228123192854	    -33.89511266461569505282	    152.79132438954931672015	     -9.36810112200700118024	    -16.50723246231644480986	    -98.85679644064104820700	   -114.19096778761510790901	     59.17605841031986813050	    105.31126147069817022839	     24.51838380375007275802
      1.48899999999994658850	      2.20687264158480322962	     21.44463506367234018057	      1.36497726787267392723	     -0.04955224708653396815	      0.16429705100442970611	     -0.13679549548757258259	      8.47439019982995489499	    -33.29044859854871418747	    152.10771814807804958036	     -9.03091370454626485298	    -16.94495068490089551005	    -98.96665710299188845056	   -111.20685414297145143792	     59.74105523284354291036	    107.05323397158760201364	     24.06983461998207118882
      1.48999999999994647837	      1.98126117961930048317	     21.79252014666493053596	      1.32128018595924645595	     -0.05035197727499984149	      0.16358254423863366478	     -0.13519074065350075720	      9.31946704778549062098	    -32.68480309886490431381	    151.42363306861304295126	     -8.69686114523212339122	    -17.38153350475415948040	    -99.07359151691872511947	   -108.22568808359400804875	     60.29366185076023754164	    108.70657034474113800115	     23.65204278402496029798
      1.49099999999994636823	      1.75837504750347095595	     22.14035411061376024122	      1.27868586078457924238	     -0.05114098456237218399	      0.16283872830798790110	     -0.13360072319446461564	     10.15164498165514039840	    -32.07843903305099786394	    150.73940938540241063492	     -8.36614259447316221951	    -17.81667121998273017880	    -99.17752376519214863038	   -105.24787806532097533818	     60.83375558075969991023	    110.27123980762183919069	     23.26634792321784672708
      1.49199999999994625810	      1.53833586604240402096	     22.48787893097097523309	      1.23713219021648668239	     -0.05191948593190393729	      0.16206510803881932214	     -0.13202610774674558569	     10.97053055210034600009	    -31.47162112236717135261	    150.05537279235295500257	     -8.03895036484295921753	    -18.25006074166028469108	    -99.27838005213054373144	   -102.27381890293348476462	     61.36125483480033437900	    111.74728089628180782711	     22.91226394957379497441
      1.49299999999994614797	      1.32127453427985863676	     22.83485756279278078296	      1.19653948458401271360	     -0.05268770334509083331	      0.16126090387547803440	     -0.13046763825489715583	     11.77573651648680552739	    -30.86464023702228587354	    149.37186193955051294324	     -7.71541897435885015710	    -18.68149447436537613498	    -99.37600471638539545438	    -99.30386342547492972699	     61.87673900440329788353	    113.13472018426054432894	     22.55705966853392396843
      1.49399999999994603783	      1.10730748373548371077	     23.18102690570828983141	      1.15684323395747834518	     -0.05344603453166350826	      0.16042630856795606076	     -0.12892589427762385368	     12.56689378454042937960	    -30.25776459058043243999	    148.68918944012543192912	     -7.39573824356506115407	    -19.11066086679793940561	    -99.47030142643089334342	    -96.33837994753092459632	     62.38008304670057668773	    114.43373845162146551502	     22.20078505824461245766
      1.49499999999994592770	      0.89653709901466160925	     23.52609947073388596550	      1.11799327466969211642	     -0.05419505756445824884	      0.15956246734996376579	     -0.12740128963057459344	     13.34364994850402474924	    -29.65124091639481562765	    148.00764301006049095122	     -7.08015531437696399308	    -19.53714126340240042623	    -99.56122492383126143523	    -93.37775170781121403252	     62.87044317497908707537	    115.64466593256121029754	     21.87570811229479872395
      1.49599999999994581756	      0.68907124591717983098	     23.86980472219354254548	      1.07992576025529363193	     -0.05493531777231634716	      0.15867017049270396023	     -0.12589428452479051179	     14.10566294498683781455	    -29.04533500353478814304	    147.32751582768858611416	     -6.76886034391730362358	    -19.96060270900036925923	    -99.64868756906369640092	    -90.42232291466339688668	     63.34771174275127947340	    116.76783348913696158888	     21.58283070110801915575
      1.49699999999994570743	      0.48501608691924591454	     24.21187162431499828585	      1.04257449351035291762	     -0.05566704582264262596	      0.15774910188950327927	     -0.12440542254330433369	     14.85261021424702043703	    -28.44031577291735146673	    146.64908578433087882331	     -6.46203087068966741668	    -20.38072002180516761882	    -99.73260258300305736157	    -87.47242494551575475725	     63.81182013492135496335	    117.80363732830240053318	     21.32128179516742605415
      1.49799999999994559730	      0.28449003744000356253	     24.55205546410962824666	      1.00585380998778139983	     -0.05639050007501388712	      0.15679871896408487109	     -0.12293535669244494424	     15.58417319519772803460	    -27.83648549257171467275	    145.97264610164569376138	     -6.15977686010770320024	    -20.79734098813953480089	    -99.81277659679507507917	    -84.52834470803431088370	     64.26329540833764042418	    118.75244864051659021698	     21.05772329661879993523
      1.49899999999994548716	      0.08759257061851985493	     24.89008448584616672861	      0.96969552346341880700	     -0.05710608736320756801	      0.15581933555122098878	     -0.12148453632066825991	     16.30005697394985375581	    -27.23411863923332276727	    145.29846036729210823069	     -5.86226780381374812379	    -21.21016581059055283731	    -99.88910320909990048222	    -81.59038953357007528666	     64.70202155202474614271	    119.61479953227883754607	     20.79215839611486060790
      1.49999999999994537703	     -0.10559516935666535264	     25.22566174669538696662	      0.93404800128497200706	     -0.05781436678617268149	      0.15481209408348656220	     -0.12005321001429593297	     16.99998871106367914763	    -26.63346339790666661429	    144.62676402147872067872	     -5.56973402427147057381	    -21.61874877736512345905	    -99.96155409341848496751	    -78.65888690780292336058	     65.12722310374128653621	    120.39137787170672311277	     20.55740749245838472348
      1.50099999999994526689	     -0.29498392435300313519	     25.55851340385969550084	      0.89884367900078410152	     -0.05851588827497136713	      0.15377783086847102156	     -0.11864170323166345344	     17.68370538872468600289	    -26.03479400635129437092	    143.95780102969780500644	     -5.28234249078003337274	    -22.02276011852881509867	   -100.03003228223964526933	    -75.73412251168241482446	     65.53881042775861942573	    121.08285674497261652505	     20.35418017780418509233
      1.50199999999994515676	     -0.48048609045675361173	     25.88836779617586714153	      0.86401262402951561903	     -0.05921089852563062028	      0.15271636120432724448	     -0.11725044088605349191	     18.35096827306242062150	    -25.43838938627764179046	    143.29179950459428027898	     -5.00024201161653447656	    -22.42188213932594464950	   -100.09444048014705686001	    -72.81637014778904415380	     65.93673028051026108187	    121.68996918047572819432	     20.18129791264652794780
      1.50299999999994504662	     -0.66199925877828758036	     26.21498470421109772133	      0.82946394182349791890	     -0.05989969337566414254	      0.15162733555757010317	     -0.11587998299307414318	     19.00154124499506380630	    -24.84456798685220135781	    142.62900443370961056644	     -4.72350735205756944168	    -22.81602807277615241333	   -100.15455225225520052845	    -69.90585647831019855403	     66.32145161061676219560	    122.21340976539453038185	     20.00526369699213091735
      1.50399999999994493649	     -0.83944395737134291924	     26.53809624786150678233	      0.79512632458660914558	     -0.06058268792906415512	      0.15051113111356734242	     -0.11453065447249463626	     19.63521695251297316531	    -24.25361555690635029237	    141.96962842895240441976	     -4.45227663527809180977	    -23.20491153779570225879	   -100.21025425315326629061	    -67.00283299887655630300	     66.69287261168908287345	    122.65403764475539105661	     19.82601996151678136471
      1.50499999999994482636	     -1.01276306454196962648	     26.85740861602572948641	      0.76094716042533394607	     -0.06126041906526263903	      0.14936882077667895663	     -0.11320254841718513372	     20.25181512459469601595	    -23.66578638339336748686	    141.31385348986367489488	     -4.18675342143578799181	    -23.58804160439098396296	   -100.26153704095301577581	    -64.10757578782734356082	     67.05030320352406647544	    123.01287108662626224032	     19.67647869268978411128
      1.50599999999994471622	     -1.18188782509953704825	     27.17265645214235547655	      0.72685614501832074286	     -0.06193343712707268661	      0.14820123449508271207	     -0.11189586770965630202	     20.85116170317926176381	    -23.08136790796630322120	    140.66187275432676528908	     -3.92706926726957128437	    -23.96512396010914613953	   -100.30829731441090757471	    -61.22031566129052038150	     67.39367596626993872633	    123.29089698624336790544	     19.55705001380895780017
      1.50699999999994460609	     -1.34675078074789733584	     27.48357868208420384804	      0.69278088556839123591	     -0.06260200382144116837	      0.14700828328645351717	     -0.11061092629957465505	     21.43311031336871863573	    -22.50065293002599986494	    140.01386260681499607017	     -3.67333345361741336887	    -24.33587960976959152504	   -100.35043126471752827911	    -58.34127166768582384293	     67.72295722590894229143	    123.48915489886400109754	     19.46626862544660951926
      1.50799999999994449595	     -1.50726860873768675475	     27.78994935874078109350	      0.65862745355912188927	     -0.06326644620425629639	      0.14578977507192206198	     -0.10934818166280425855	     21.99751831889916431351	    -21.92397605573028585013	    139.37001616737572362581	     -3.42558382198334276936	    -24.70023211773773752498	   -100.38768901540085209945	    -55.47061224807796975256	     68.03855927965585692618	    123.60863325434837634020	     19.37100457252887864001
      1.50899999999994438582	     -1.66338327641272498703	     28.09151432522223501564	      0.62432340674726793939	     -0.06392718058649557444	      0.14454611793755056670	     -0.10810783672457451032	     22.54427233048389211945	    -21.35163596298322374878	    138.73049298765164394354	     -3.18392131684344237286	    -25.05791204200504296296	   -100.41995602302529277949	    -52.60853401990060262960	     68.34040279587325983357	    123.65048442526067162817	     19.27116506093206993455
      1.50999999999994427569	     -1.81506175375558065355	     28.38799269079965981177	      0.58981701373256500975	     -0.06458471292376555262	      0.14327828772441422722	     -0.10688984084754593606	     23.07328671201700487359	    -20.78389602328884677718	    138.09542088048831942615	     -2.94851374840358948504	    -25.40843883081645415700	   -100.44724439764497958549	    -49.75526160901166150552	     68.62789912279299642250	    123.61601945606558672353	     19.19933807169054773567
      1.51099999999994416555	     -1.96225653897454699326	     28.67913633397462547237	      0.55503771920806688200	     -0.06523958220314186873	      0.14198708744627258627	     -0.10569427462293420894	     23.58447881424416792129	    -20.22105753211126000224	    137.46494020800662383408	     -2.71945488325134210328	    -25.75156463000514861506	   -100.46944983206697088463	    -46.91096996011062003618	     68.90101037445326426223	    123.50650098488000594443	     19.15561190125119495065
      1.51199999999994405542	     -2.10492083852114175713	     28.96470294976933601561	      0.51991344297257002793	     -0.06589205536207667913	      0.14067251206919287321	     -0.10452133559318760314	     24.07779568083769561326	    -19.66342694300891125181	    136.83917326825641680443	     -2.49681359334886554535	    -26.08705693750160392597	   -100.48646856142566718972	    -44.07582158787585768778	     69.15972996900468672266	    123.32323533730553322130	     19.13824128963949533500
      1.51299999999994394528	     -2.24299231529251663630	     29.24448733309137438141	      0.48435107151563472350	     -0.06654247291755656379	      0.13933451186964063151	     -0.10337135603934116679	     24.55319042698610587649	    -19.11135124932801332420	    136.21825724005174151898	     -2.28059524070301522514	    -26.41480387735189339082	   -100.49804169467358860857	    -41.24992483793777608980	     69.40442276478805183615	    123.06746688782423859720	     19.11513118022308077570
      1.51399999999994383515	     -2.37643449600389944365	     29.51825596565551990125	      0.44828038940895442721	     -0.06719123521526523812	      0.13797351964103227173	     -0.10224440763772672802	     25.01064097801322461123	    -18.56514053343559922382	    135.60229604632021960242	     -2.07086563643528576151	    -26.73456380602065252106	   -100.50406173478010884992	    -38.43341821434968608173	     69.63504291507672405714	    122.74059820223432382136	     19.08617741691868729959
      1.51499999999994372502	     -2.50523676987828380902	     29.78574817422714460236	      0.41165346156375626219	     -0.06783880019901941671	      0.13659041593262441494	     -0.10114030165656789917	     25.45014905210351230380	    -18.02506792786739708845	    134.99136203144362866624	     -1.86775558286354770310	    -27.04594041056440190118	   -100.50456524087449849958	    -35.62647045181121541191	     69.85111668310199206644	    122.34418533547687957252	     19.08307887536801317196
      1.51599999999994361488	     -2.62937280553917895887	     30.04673898920332320017	      0.37440324590457946252	     -0.06848567180368485274	      0.13518597526368342221	     -0.10005898506596451469	     25.87171866007858156422	    -17.49144552666697194354	    134.38553972537687286604	     -1.67132746140695909176	    -27.34872411885078591354	   -100.49945582933345633592	    -32.82919584633182097377	     70.05264546682023762969	    121.87972030829092773274	     19.10563610704321391154
      1.51699999999994350475	     -2.74881630147162336897	     30.30101032211338818456	      0.33646190242904894241	     -0.06913209919055166019	      0.13376027604743737087	     -0.09900052142135461197	     26.27538412032838976984	    -16.96458965465954804586	    133.78489416091204589065	     -1.48161749570380862906	    -27.64271839546287878875	   -100.48863962780187364388	    -30.04169522042058204647	     70.23965951860776613103	    121.34872864570317574362	     19.15188852406742725520
      1.51799999999994339461	     -2.86352606298103351534	     30.54838169045353168940	      0.29774181459522491844	     -0.06977840571127749691	      0.13231340215806572380	     -0.09796509436864851705	     26.66118674506207852914	    -16.44485438931224052794	    133.18950253355444601766	     -1.29860595854793792192	    -27.92778626047465451165	   -100.47186555854075606931	    -27.26401264478039010442	     70.41249023648245497498	    120.75266511559129867237	     19.19137544357566937947
      1.51899999999994328448	     -2.97348633571919185314	     30.78864490021583932844	      0.25817888606489380887	     -0.07042494712724611805	      0.13084580782702939783	     -0.09695263360432943012	     27.02918689724129563956	    -15.93255706514058900325	    132.59941040875855833292	     -1.12233114430906311121	    -28.20372574366126983136	   -100.44904295813483940947	    -24.49622345379227894568	     70.57113621256466728937	    120.09313259110295746268	     19.22398013113341974645
      1.51999999999994317434	     -3.07870691390858164382	     31.02156490100409413913	      0.21773200895584479686	     -0.07107210772390945563	      0.12935828048185438188	     -0.09596281748893970009	     27.37946366552133881100	    -15.42797779306826022605	    132.01463329627466691818	     -0.95289295770296522647	    -28.47024953248823919694	   -100.42023574568023036591	    -21.73843492846849656530	     70.71524705208059913275	    119.37187823653087548337	     19.27991377554501539748
      1.52099999999994306421	     -3.17918199643881704830	     31.24694377412454926457	      0.17634130501532771507	     -0.07172032430431832251	      0.12785155770474448955	     -0.09499545327450033272	     27.71209978894342995659	    -14.93143358254654273765	    131.43519751075675117136	     -0.79033021096641997705	    -28.72717518312159867833	   -100.38536525585439562747	    -18.99069678858406362565	     70.84486962310715796320	    118.59057283069144261844	     19.35883807065378192647
      1.52199999999994295408	     -3.27490531813329344146	     31.46459116966201463583	      0.13394661128113591331	     -0.07236979661088438487	      0.12632578605549873996	     -0.09405045846592480219	     28.02720774159991989904	    -14.44324413915530236352	    130.86110913726483317987	     -0.63465528164444273695	    -28.97433116587452062163	   -100.34435692062852751860	    -16.25304509254524276685	     70.96007601803552233832	    117.75091016773396290773	     19.45874563746325236480
      1.52299999999994284394	     -3.36585557245035360552	     31.67435408122639017847	      0.09046922537523620356	     -0.07302079564506978870	      0.12478115673654031903	     -0.09312786357106279944	     28.32490481609944055208	    -13.96376476400805266564	    130.29238420980860269083	     -0.48582976868973637430	    -29.21161078511120123835	   -100.29697966178780177415	    -13.52545828645914127719	     71.06117795572851036923	    116.85450514791341447562	     19.55097841086415400014
      1.52399999999994273381	     -3.45203646335329317196	     31.87605281375813603972	      0.04585382722699010705	     -0.07367360138433880212	      0.12321812239916415943	     -0.09222746124970183923	     28.60532465941760804640	    -13.49331333600791538174	    129.72900944953704538420	     -0.34387056652754960373	    -29.43885843323630524537	   -100.24316664983390978705	    -10.80794725460656557914	     71.14822257630400770267	    115.90310840004377723744	     19.63536443189417468602
      1.52499999999994262367	     -3.53347662580572263735	     32.06948166029923186215	      0.00006797061802841419	     -0.07432849941083373435	      0.12163736083782256125	     -0.09134881381045603654	     28.86861750319963348943	    -13.03216977452243696689	    129.17094385362602793066	     -0.20885133393953705938	    -29.65586233441178265480	   -100.18301042821582313991	     -8.10055647676258239187	     71.22097792419278050602	    114.89860299853076242016	     19.74028352298896749062
      1.52599999999994251354	     -3.61018953859620816971	     32.25447202236495769512	     -0.04693874680166927604	     -0.07498582911581368193	      0.12003954302564404100	     -0.09049160513658398297	     29.11493839851733511637	    -12.58064734782089644227	    128.61815545690478757024	     -0.08078975338360055991	    -29.86246116721443399911	   -100.11645813435362128985	     -5.40327206083188027463	     71.27953509550867750022	    113.84278648321614468841	     19.86551790545999196524
      1.52699999999994240341	     -3.68218789723116923795	     32.43086321974124786038	     -0.09521676239279067144	     -0.07564570892473532204	      0.11842484147533743899	     -0.08965561910527804212	     29.34447027709144251162	    -12.13905997722900131919	    128.07059210423639683540	      0.04032203474681469307	    -30.05850451101183296032	   -100.04346197169226684309	     -2.71606714215713518357	     71.32400576512654311045	    112.73746859545175880157	     20.00926575051764544355
      1.52799999999994229327	     -3.74946735210459358711	     32.59853207746816394774	     -0.14483458095509232910	     -0.07630832821875946359	      0.11679350901478721680	     -0.08884076236298188434	     29.55739481263648116283	    -11.70775751335335002068	    127.52821085302591086474	      0.15453773572145365622	    -30.24397701209696975866	    -99.96381427021972854163	     -0.03885655774248247818	     71.35469096070636396689	    111.58436888271047848775	     20.14407054956288334324
      1.52899999999994218314	     -3.81204903902201319710	     32.75732925808033968451	     -0.19583751336843380209	     -0.07697386604105589669	      0.11514595626652097959	     -0.08804672148949752031	     29.75391287963327968669	    -11.28704885496441256976	    126.99094167334192206908	      0.26186110774754695063	    -30.41876659980222896706	    -99.87747580658817980748	      2.62841024148778856784	     71.37168266784453862783	    110.38533132708590756010	     20.26964331905519500765
      1.52999999999994207300	     -3.86997911859607368612	     32.90707997949004237626	     -0.24824827932454218704	     -0.07764249137915477106	      0.11348272159470464138	     -0.08727297501776849764	     29.93424498768059294207	    -10.87720174513848725439	    126.45868939837534128401	      0.36224634342401729192	    -30.58266874602638552005	    -99.78457038138922996495	      5.28574788340466028558	     71.37485119289155477418	    109.14232090427445598380	     20.41285164904830651267
      1.53099999999994196287	     -3.92328807925664824197	     33.04764592415815371851	     -0.30210676375264844395	     -0.07831442823575882062	      0.11180437397816139766	     -0.08651912387904990565	     30.09861492589309861501	    -10.47851455746138427116	    125.93136691306133911894	      0.45570155103958370768	    -30.73554971190213436216	    -99.68507546069126590282	      7.93322872882666985106	     71.36432414302835525177	    107.85720842222752935413	     20.57386532870360795755
      1.53199999999994185274	     -3.97200542515988352932	     33.17889681550489200390	     -0.35745287342557324761	     -0.07898969233538293000	      0.11011106180708844782	     -0.08578485710251525231	     30.24727130657212015308	    -10.09128396468592647750	    125.40886767687369740543	      0.54225811343773366868	    -30.87728873242872396077	    -99.57897375631890213299	     10.57093675872519789039	     71.34024461795229399286	    106.53186578856426081074	     20.75131312573931552379
      1.53299999999994174260	     -4.01613965259542382569	     33.30074140145259065093	     -0.41434525999558413645	     -0.07966837741681023766	      0.10840305621460691321	     -0.08507001252468668340	     30.38045233694590763207	     -9.71584591538476338712	    124.89109540799944397804	      0.62198261695404521987	    -31.00797069649768999966	    -99.46607590018180644620	     13.19901660014787836417	     71.30290809409270025299	    105.16805779303307133432	     20.91769391522474563772
      1.53399999999994163247	     -4.05572660146215291377	     33.41306153663150269040	     -0.47281888539850186470	     -0.08035055247439690240	      0.10668069402022561931	     -0.08437421717088257334	     30.49842321351771801119	     -9.35248852308527922617	    124.37792860892339774637	      0.69490378592427837212	    -31.12751579172498139769	    -99.34637053067686451868	     15.81757395345417371857	     71.25244279606243935632	    103.76766704817205777545	     21.07258276916259376321
      1.53499999999994152233	     -4.09082868090168005892	     33.51571318948737143728	     -0.53288576337860282806	     -0.08103626746309894324	      0.10494435841428367828	     -0.08369690022517266292	     30.60147633354242913128	     -9.00145246606193616401	    123.86922300313858613663	      0.76101305434698285346	    -31.23568339799717819005	    -99.22001731999957030439	     18.42667448505706317974	     71.18879929048219423748	    102.33269011292870231955	     21.24243110824407310133
      1.53599999999994141220	     -4.12149003192085672254	     33.60858919166212643859	     -0.59457493631587776672	     -0.08172563440901622900	      0.10319450883372469074	     -0.08303762779647086423	     30.68990078360246087641	     -8.66301012542671600158	    123.36484282030133385888	      0.82035135363767563987	    -31.33238798969079752510	    -99.08702330872124264260	     21.02644176334241521431	     71.11213243341173040335	    100.86501767991192934915	     21.42784364075035341557
      1.53699999999994130206	     -4.14775360235833012723	     33.69159080087257507330	     -0.65791548939745325697	     -0.08241856498335886627	      0.10143124840742452630	     -0.08239604292503732719	     30.76400620596156088027	     -8.33743040005110636059	    122.86463382753156281524	      0.87297909039766519168	    -31.41755929098314936709	    -98.94740082116057067196	     23.61700942861284246987	     71.02260886870747924604	     99.36653106305661253828	     21.62786483141201188118
      1.53799999999994119193	     -4.16963684043679450042	     33.76466117944772094006	     -0.72295649646870396854	     -0.08311506117814018713	      0.09965485471473790879	     -0.08177196569757902433	     30.82408243367492772791	     -8.02502624802210817734	    122.36845370659931120372	      0.91897240692280868224	    -31.49131695483395176893	    -98.80097251561682014653	     26.19857631654610230498	     70.92052596922516727318	     97.83898440872968649273	     21.81377406132761720414
      1.53899999999994108180	     -4.18718715152218035058	     33.82771495072253742364	     -0.78972202642613242851	     -0.08381509271051647281	      0.09786559855860357815	     -0.08116500309568452920	     30.87045475236589098245	     -7.72605484788378316097	    121.87613688264134736983	      0.95838939777465836922	    -31.55360414330831630991	    -98.64775371977871998297	     28.77129562982488408807	     70.80604236566820475218	     96.28424857844728990131	     21.98506876838341383973
      1.53999999999994097166	     -4.20048110002058372459	     33.88063949143148789744	     -0.85821202335679602768	     -0.08451860742686299888	      0.09606373496661087252	     -0.08057455877988198290	     30.90348373412507854141	     -7.44071835450112928356	    121.38749741984119623339	      0.99126920364935811048	    -31.60417949749430022166	    -98.48794386111416088170	     31.33527404861937526448	     70.67916931893418563959	     94.70430691187962679578	     22.16909082670637332058
      1.54099999999994086153	     -4.20957280997322857985	     33.92336123141991777175	     -0.92844417911626986317	     -0.08522562910743916587	      0.09424965365005369411	     -0.08000019546368269951	     30.92351631154640045906	     -7.16925528121896338263	    120.90235961952161858335	      1.01768705919809865357	    -31.64301754923933884811	    -98.32157537212056297449	     33.89067873702096989064	     70.54008593534130966418	     93.10102063892064450101	     22.36666582682136805715
      1.54199999999994075139	     -4.21451495362949479784	     33.95581577335600087508	     -1.00043620034111802042	     -0.08593598534989572990	      0.09242344207637062659	     -0.07944154311554450787	     30.93091501597502457344	     -6.91189956043930919805	    120.42053055797623528633	      1.03773295154966338494	    -31.67010762374655996609	    -98.14868585950485169178	     36.43768530933873961430	     70.38898121004010022261	     91.47623206211315505243	     22.57699374522106339214
      1.54299999999994064126	     -4.21533130660146593272	     33.97798351646756742639	     -1.07422667630616230916	     -0.08664960556897190191	      0.09058541720305789136	     -0.07889842494751687918	     30.92601516415108875435	     -6.66893269566879443033	    119.94183045407899612655	      1.05148889009792601001	    -31.68551649366205325009	    -97.96910816709235803046	     38.97653960513497395368	     70.22616474321667112690	     89.83163790132648784947	     22.76981929244360358666
      1.54399999999994053113	     -4.21207790104392021391	     33.98981467043343229761	     -1.14982774870141990498	     -0.08736638771194243924	      0.08873583816256028212	     -0.07837044159066829108	     30.90919268111052886638	     -6.44057391874303508672	    119.46605910307496856149	      1.05904194942380769362	    -31.68921196347810109728	    -97.78288195242168967525	     41.50743371890351340880	     70.05182482021965029162	     88.16905262157541756096	     22.94469738438837680405
      1.54499999999994042099	     -4.20484247553209389281	     33.99123064353173617747	     -1.22722604102676213778	     -0.08808621001325644961	      0.08687490074713366539	     -0.07785697648301785623	     30.88086371270401286893	     -6.22698087581847037342	    118.99299881594767214210	      1.06048157593995107106	    -31.68104269419063712121	    -97.59024499637695271304	     44.03050499078464241620	     69.86602092074204506389	     86.49040449973095689984	     23.13060575376181660090
      1.54599999999994031086	     -4.19368596237498891810	     33.98219539783683273981	     -1.30642717396643504024	     -0.08880904299032656157	      0.08500300010292079211	     -0.07735759181551991881	     30.84141999604680606240	     -6.02835338120917185734	    118.52244402144357593443	      1.05591044839767489449	    -31.66103251878174873468	    -97.39124903003096278553	     46.54595619885861168541	     69.66895911507759819870	     84.79748042282619735488	     23.32817798120185059929
      1.54699999999994020072	     -4.17866754733783984932	     33.96268304608446442217	     -1.38743665551457673324	     -0.08953466379103308670	      0.08312027855318553093	     -0.07687190791431931791	     30.79126364661681236612	     -5.84488606704461854946	    118.05417353358051002488	      1.04544116897584071779	    -31.62921658080348308317	    -97.18595079441001871601	     49.05399688513526257339	     69.46085504723257031401	     83.09203986335491265436	     23.53636150288516759588
      1.54799999999994009059	     -4.15981609748575742458	     33.93271356108407132979	     -1.47028043760844617793	     -0.09026295381843271737	      0.08122715209852460205	     -0.07639973768295860168	     30.73076434560247705008	     -5.67682161742955138095	    117.58797922693693749352	      1.02915933019214156374	    -31.58558629208047108250	    -96.97419951562969231418	     51.55490911503264328530	     69.24204080740364020130	     81.37568586271946458055	     23.72435906611306677405
      1.54899999999993998046	     -4.13719377470058358170	     33.89227649129168895570	     -1.55495755300988536263	     -0.09099377153571568122	      0.07932394169792666982	     -0.07594066510877171827	     30.66033313855229636147	     -5.52433710140727107785	    117.12363612120221034729	      1.00717419830593324370	    -31.53014700261386238367	    -96.75605723808885727522	     54.04891428157615962391	     69.01273706660921902767	     79.65013686065763920396	     23.89192838171679511561
      1.54999999999993987032	     -4.11089585135953949901	     33.84133205786350373501	     -1.64144097334745220351	     -0.09172696124236350002	      0.07741086157095738995	     -0.07549404849113230953	     30.58042222519044273099	     -5.38754410909912984096	    116.66090482276609918699	      0.97961566739219119171	    -31.46289818424822826159	    -96.53179215141598490391	     56.53617156128094478618	     68.77304592942148531165	     77.91722400212232457761	     24.06920281324819654856
      1.55099999999993976019	     -4.08098749529200599540	     33.77988589018425358290	     -1.72972359980601519958	     -0.09246246966384645549	      0.07548838059489242081	     -0.07505943677154404414	     30.49145062529989402833	     -5.26660040408897245356	    116.19955877765266905044	      0.94660181784684516160	    -31.38389202866678573400	    -96.30147170720303506641	     59.01691088291843101388	     68.52320542042976114772	     76.17861984006496811617	     24.25623811242283167644
      1.55199999999993965005	     -4.04753190831527565052	     33.70795426913446846129	     -1.81979802553985425817	     -0.09320005419899034249	      0.07355676453127298065	     -0.07463642652273903833	     30.39384270225443884783	     -5.16165770261398382246	    115.73935793665938831509	      0.90825650880495978345	    -31.29318782778353380536	    -96.06516805382904067301	     61.49136757631463012785	     68.26346330393921846280	     74.43596225214123762726	     24.45141047885830332120
      1.55299999999993953992	     -4.01056286714192200549	     33.62559696348793636389	     -1.91167517497907613055	     -0.09393956506580460053	      0.07161657102317972590	     -0.07422479101414221347	     30.28798759719814626123	     -5.07291191471916391720	    115.28007367942507244152	      0.86466873001527910780	    -31.19076107444429268867	    -95.82276047727306433899	     63.95984697690271758574	     67.99417894784170357525	     72.69073294809189178523	     24.62536102686492966996
      1.55399999999993942978	     -3.97014655366008595294	     33.53284508431196542233	     -2.00534039717812850867	     -0.09468084220163884568	      0.06966822817532068723	     -0.07382408420957797812	     30.17431328837013637667	     -5.00049335638615133348	    114.82146402952213293247	      0.81596011312688043748	    -31.07666619766125037927	    -95.57433378716299898770	     66.42259102504290524394	     67.71560676273388423851	     70.94451890260101833974	     24.77812184516033156001
      1.55499999999993931965	     -3.92638170652045292996	     33.42970164667003274417	     -2.10075413861574578078	     -0.09542371804537146118	      0.06771201055171266470	     -0.07343364494730450498	     30.05328687518136021595	     -4.94446613844260962622	    114.36327527538367121451	      0.76228336536657970157	    -30.95103094650878361449	    -95.32017517786593430174	     68.87977589118307264471	     67.42788900871533996906	     69.19901156349479265373	     24.93929623561936637088
      1.55599999999993920952	     -3.87933568238858006438	     33.31621508960412825218	     -2.19789645109415143764	     -0.09616812349701615859	      0.06574847670838708524	     -0.07305300431983367815	     29.92533692558114566395	     -4.90494032224579701307	    113.90526540195114080234	      0.70376144226286529992	    -30.81391691508833474700	    -95.06037054271835984309	     71.33165099784075380285	     67.13129801429366239063	     67.45573489054885385485	     25.10827585728238275919
      1.55699999999993909938	     -3.82907374820141477301	     33.19244418053555278902	     -2.29674684763217484829	     -0.09691380704034084637	      0.06377803428591821699	     -0.07268172852676707540	     29.79089272426663370652	     -4.88201840949543708348	    113.44718143175143154622	      0.64051991314957068546	    -30.66539130581146466170	    -94.79501012178707242128	     73.77847024069860992768	     66.82611575858676644657	     65.71617223059631385240	     25.28287937894177161979
      1.55799999999993898925	     -3.77563413396288405366	     33.05848594273357576867	     -2.39729996430827485554	     -0.09766058759780847642	      0.06180137229055063935	     -0.07231953906796109721	     29.65034731563967795864	     -4.87584006453582397000	    112.98877916379352370768	      0.57265312518684852172	    -30.50552250030302658956	    -94.52401909828800796731	     76.22055042141300873482	     66.51272441251431644105	     63.98166015348721913369	     25.43712544204215220134
      1.55899999999993887911	     -3.71908473631461911069	     32.91441244351639738852	     -2.49952788557757621390	     -0.09840828498842470184	      0.05981900954960359118	     -0.07196596941657824875	     29.50412885026197429283	     -4.88648188287485929493	    112.52980352570133959489	      0.50028710717029545307	    -30.33441691827956532279	    -94.24750936452076643945	     78.65814719394478515824	     66.19140974034635860335	     62.25362246374033503571	     25.57126472211846035520
      1.55999999999993876898	     -3.65952342013411646704	     32.76027086493649420618	     -2.60338061779915364014	     -0.09915671716243608380	      0.05783125982216168193	     -0.07162037210648324048	     29.35270130687964140748	     -4.91395626829208875819	    112.06998955679762275395	      0.42358058766938239126	    -30.15223469575744275062	    -93.96577947929466745336	     81.09145203610842145281	     65.86235370226050633846	     60.53357108286843413225	     25.71227534839643880105
      1.56099999999993865885	     -3.59701767099084745993	     32.59615027262935882391	     -2.70882580449321430649	     -0.09990578166749029820	      0.05583871683770721961	     -0.07128228367129060827	     29.19648839973594434127	     -4.95831658038207212513	    111.60908136060074014040	      0.34265718847083792564	    -29.95904160226755053031	    -93.67894397671791750781	     83.52072688811971090672	     65.52586074302243446255	     58.82285306147246473074	     25.85920698407175066791
      1.56199999999993854871	     -3.53163281832306896746	     32.42214903166239281518	     -2.81583034214449945409	     -0.10065520335009384145	      0.05384187638503142026	     -0.07095126231063045297	     29.03591033659472842032	     -5.01960653444985549498	    111.14681473763310748382	      0.25764072196155107797	    -29.75491201291186982303	    -93.38712148662509093811	     85.94623753238336405502	     65.18224421025747972180	     57.12277006912776755598	     26.00972161690571837767
      1.56299999999993843858	     -3.46340934226263286178	     32.23839788626735014532	     -2.92437324062547387982	     -0.10140475354179726009	      0.05184149147517538164	     -0.07062700710143438032	     28.87135005320039837784	     -5.09789988538569982524	    110.68293174874642659233	      0.16863213912929836402	    -29.54009530711562803162	    -93.09029384282014518703	     88.36830438277247878887	     64.83189769945877856117	     55.43448820034096513609	     26.14191951143746095454
      1.56399999999993832844	     -3.39241401409843490455	     32.04500680242518484420	     -3.03441453525991411411	     -0.10215420923478647774	      0.04983809501635969724	     -0.07030907315953548176	     28.70322278024300288735	     -5.19321000401855048523	    110.21716500750628142669	      0.07575815582545104843	    -29.31473906688492192529	    -92.78860758157395594026	     90.78719180799053845021	     64.47513302597008078010	     53.75924015087869634044	     26.25611428748374720499
      1.56499999999993821831	     -3.31874012435872467464	     31.84206487773927563012	     -3.14589565796259051922	     -0.10290334853659258152	      0.04783196341837405580	     -0.06999688055889016769	     28.53197679092095029318	     -5.30548883991008590755	    109.74923864773062121003	     -0.02082582087172074950	    -29.07891624813250430748	    -92.48237454643546584521	     93.20310507342091455030	     64.11217267312375156507	     52.09832678096809388535	     26.37539923040417733091
      1.56599999999993810818	     -3.24245287242318358523	     31.62969717737144037528	     -3.25877264718223358386	     -0.10365200298096260978	      0.04582362830696080219	     -0.06969001998462193148	     28.35801997489506121042	     -5.43472193065089914654	    109.27888326088196890851	     -0.12099371795144187036	    -28.83272063024579523471	    -92.17175069999200331949	     95.61631227028544799396	     63.74334708757385925537	     50.45289569065577239826	     26.49907554965217926224
      1.56699999999993799804	     -3.16361521589311411873	     31.40803685352580032486	     -3.37300067319448215741	     -0.10439984183434479481	      0.04381357271214343652	     -0.06938809195832520982	     28.18175295180372330606	     -5.58088322156821625697	    108.80582350224823073859	     -0.22462143930752179188	    -28.57626062125969568228	    -91.85689583989342565928	     98.02708448033997967741	     63.36899390658246034036	     48.82404569922793768910	     26.62525142511825038127
      1.56799999999993788791	     -3.08226593200250320592	     31.17724570738558753646	     -3.48854541570361620373	     -0.10514656550609695340	      0.04180252229946944398	     -0.06909083654017068865	     28.00353716897861033885	     -5.74397269307211821854	    108.32978857688445373242	     -0.33160474457276595261	    -28.30994444349342487044	    -91.53784814563064742288	    100.43574239201618070183	     62.98950546786163329216	     47.21274524281146511839	     26.73502957501738919177
      1.56899999999993777777	     -2.99846756326061836262	     30.93746771298987852106	     -3.60535625017399485870	     -0.10589187774976362155	      0.03979092873296035532	     -0.06879788886277404814	     27.82376497832180817227	     -5.92393139672685720143	    107.85049966345418681613	     -0.44181667205003882781	    -28.03394260131766202448	    -91.21479497177183759504	    102.84255402552145142181	     62.60521262778738105226	     45.62001451045335898016	     26.82861392302082137462
      1.56999999999993766764	     -2.91230647164989342457	     30.68882915252714482790	     -3.72336666609854027854	     -0.10663548429087953140	      0.03777894387163139439	     -0.06850878614513300491	     27.64285983231359722367	     -6.12064103836527095837	    107.36767155792371397638	     -0.55510472531174659405	    -27.74820645799644935892	    -90.88807114656916041895	    105.24773242420201313507	     62.21637738215331125957	     44.04692647698457363958	     26.92564533301422002864
      1.57099999999993755750	     -2.82384307980907189872	     30.43148659960031210403	     -3.84252190123526204957	     -0.10737712275569398501	      0.03576695311363537605	     -0.06822322304927984360	     27.46120413502838886188	     -6.33401089664680938540	    106.88102414200633916153	     -0.67133878798222734741	    -27.45288969333041606546	    -90.55788108897760935179	    107.65154440250159950665	     61.82334683929949648018	     42.49441444692573099928	     27.02621405941395593686
      1.57199999999993744737	     -2.73313538342666451086	     30.16560381390981859795	     -3.96276636953012451059	     -0.10811637687241690275	      0.03375533309859780895	     -0.06794089689584570380	     27.27916986706734547852	     -6.56393754076951196907	    106.39027298789547160141	     -0.79039274415587723599	    -27.14816499275216798992	    -90.22443269431634860211	    110.05425830196801939564	     61.42647242836486753959	     40.96336105360857970936	     27.12933912736639996410
      1.57299999999993733724	     -2.64021584151656885098	     29.89137298166547651590	     -4.08405528387321581363	     -0.10885285990384260812	      0.03174471748673400595	     -0.06766165439005375482	     27.09708671806702184881	     -6.81034397909742494903	    105.89513733812627549469	     -0.91216615390999611357	    -26.83447613947875964868	    -89.88780758955778082964	    112.45619371372781358787	     61.02613542987118222527	     39.45451311263415306030	     27.21670655544401284942
      1.57399999999993722710	     -2.54514013311131304107	     29.60896866224395651557	     -4.20632838918842555387	     -0.10958618300173460225	      0.02973541751917095979	     -0.06738525409722377624	     26.91531430823880555181	     -7.07309347990412806695	    105.39533152853283581862	     -1.03653302610351016888	    -26.51200361603254407328	    -89.54823347391993593192	    114.85761548477380245004	     60.62267741545878152465	     37.96866621131130159483	     27.28830982428765850045
      1.57499999999993711697	     -2.44798700564346161102	     29.31854835460589825402	     -4.32951054309304161904	     -0.11031596050363381978	      0.02772741387490475912	     -0.06711136880457645171	     26.73424147123773408907	     -7.35198996017969630401	    104.89056766089537120479	     -1.16334089731931844547	    -26.18066181222312494015	    -89.20607843816833337769	    117.25873265619817686911	     60.21639353630450131050	     36.50666439407667240857	     27.36237272551345611760
      1.57599999999993700683	     -2.34881031998204026223	     29.02029651776794949569	     -4.45353679415736447567	     -0.11104183035328987761	      0.02572092304959632328	     -0.06683981789262269380	     26.55421432911635548635	     -7.64686195355825670816	    104.38056291106016715275	     -1.29245867877427755843	    -25.84067408190444226079	    -88.86159132486334044643	    119.65980265258959036601	     59.80763650259019215127	     35.06921953666427071994	     27.44002009717602419414
      1.57699999999993689670	     -2.24766115581043068872	     28.71440426314826055432	     -4.57834161355984026187	     -0.11176327993685272744	      0.02371618041872891949	     -0.06657042272443858266	     26.37556603338785521373	     -7.95752498917415707069	    103.86503089302786406734	     -1.42376098493744440709	    -25.49228110559806381730	    -88.51502394936574091844	    122.06108254558560588521	     59.39675965347949215811	     33.65699206025036005485	     27.52129730976223243033
      1.57799999999993678657	     -2.14456134760524053107	     28.40109396153095744353	     -4.70387209642973935786	     -0.11247983608095012131	      0.02171372977260530371	     -0.06630317451815780083	     26.19858149521455814579	     -8.28382633214711638914	    103.34368850077244417207	     -1.55716200776935953520	    -25.13582134332705209090	    -88.16647950542544265318	    124.46288946622182436386	     58.98412917090320206626	     32.27049068237026574479	     27.58578443083010611758
      1.57899999999993667643	     -2.03955809920896813381	     28.08056751785521854003	     -4.83005884261579154781	     -0.11319102104329928360	      0.01971375318948420663	     -0.06603796054714895780	     26.02357524591150550464	     -8.62554964258206169347	    102.81625331691728320038	     -1.69254189358268769539	    -24.77148369119054649445	    -87.81621707691712686028	    126.86547683997855529014	     58.57008839907332031771	     30.91028325012519317738	     27.63329858033936048400
      1.57999999999993656630	     -1.93272366559476305170	     27.75300734373730549009	     -4.95681674036444608333	     -0.11389636498703187284	      0.01771607821826391010	     -0.06577456190966818328	     25.85088994648220506178	     -8.98241599833834136746	    102.28244710461132171986	     -1.82974825430308918328	    -24.39928526622217574982	    -87.46464254289412565413	    129.26903435437972689215	     58.15495236832409631234	     29.57699525708662591228	     27.68344604072521519811
      1.58099999999993645616	     -1.82410412877618299810	     27.41862289259470486513	     -5.08407121647972637390	     -0.11459542841744750630	      0.01572080627721468213	     -0.06551290573156322294	     25.68082141737069079568	     -9.35417298176760603212	    101.74199716450296193671	     -1.96865829715695528357	    -24.01950691559737194325	    -87.11203388035893624419	    131.67380205618604804840	     57.73906811262916960459	     28.27111598150871074608	     27.73816730206759828548
      1.58199999999993634603	     -1.71374227110493548842	     27.07762992074753327643	     -5.21174757883294859084	     -0.11528761849597200795	      0.01372807447085962890	     -0.06525292649879291251	     25.51365048658052359087	     -9.74055553685515462803	    101.19462718716970073274	     -2.10915612330374191430	    -23.63243845274193688510	    -86.75867149868319927464	    134.08001757941374876282	     57.32277956521196671247	     26.99308336461647428450	     27.79818476853795417014
      1.58299999999993623589	     -1.60164665779372028531	     26.73027919460541568242	     -5.33978607232307389552	     -0.11597239547361222478	      0.01173840194507786740	     -0.06499475297958279274	     25.34960192718719085292	    -10.14133832777718069451	    100.64006350227498387540	     -2.25118117063522005239	    -23.23823394862902347313	    -86.40465863208085295355	    136.48799113977241859175	     56.90643843800652490472	     25.74316380366156664650	     27.83934002250535044709
      1.58399999999993612576	     -1.48785538965382557741	     26.37679622708201065961	     -5.46810857069767575211	     -0.11664922129449663279	      0.00975191343053134589	     -0.06473836887015832486	     25.18893088077520303614	    -10.55622640538115142306	    100.07804055651307351127	     -2.39462823105900124432	    -22.83709894823706676448	    -86.05027135312460018213	    138.89795534375497254587	     56.49038100348746382906	     24.52170236527857127840	     27.86141977466626329374
      1.58499999999993601563	     -1.37243571217638860027	     26.01738243004867001673	     -5.59661953452875771120	     -0.11731757669651037002	      0.00776835226662355924	     -0.06448360847026625431	     25.03192113339396485117	    -10.98485647267182052644	     99.50830467916102861636	     -2.53935073186771687048	    -22.42926240065192544648	    -85.69594817871130487674	    141.31006544823807757894	     56.07492395954243136202	     23.32912115863803137472	     27.88755277849559988113
      1.58599999999993590549	     -1.25542509437152416396	     25.65226877309115849357	     -5.72523585290105252454	     -0.11797698801431673321	      0.00578780066832224570	     -0.06423046466547666089	     24.87880353552690237962	    -11.42689785610389385795	     98.93060741477280828349	     -2.68524565787253832738	    -22.01502969174621782145	    -85.34197658564188770924	    143.72453613821377871318	     55.66039990415749372232	     22.16569222815846273988	     27.91996909986899666478
      1.58699999999993579536	     -1.13685708817180852748	     25.28169196313262645504	     -5.85387493315301021823	     -0.11862682045821364152	      0.00381038758006468654	     -0.06397894670725878807	     24.72979252306606312573	    -11.88200808537934705100	     98.34469634954952255157	     -2.83221733100213457490	    -21.59470360250821130421	    -84.98864588882221937638	    146.14157763333807338313	     55.24713559159506814922	     21.03163770843036317615	     27.95947422651237346258
      1.58799999999993568522	     -1.01672613444147774686	     24.90592610423015429433	     -5.98247088724400644111	     -0.11926650142948545807	      0.00183669604206985245	     -0.06372928136086787598	     24.58503846707766982149	    -12.34989256358585940632	     97.75032051896991447393	     -2.98023735899090791435	    -21.16827887519290385399	    -84.63604583363654398909	    148.56148386038691455724	     54.83547118688412069787	     19.92699268072529505957	     27.97821926310113482828
      1.58899999999993557509	     -0.89506095164088850247	     24.52521522218376048841	     -6.11093800259108643758	     -0.11989547627996234580	     -0.00013311829358007409	     -0.06348150181557474236	     24.44472438446775086618	    -12.83018065505671678750	     97.14724452900057372062	     -3.12922346308444732088	    -20.73598759524682577648	    -84.28445506852318658275	    150.98445613899227168986	     54.42572840897777552982	     18.85189262777832652773	     27.97613687446533603520
      1.58999999999993546496	     -0.77192416654593143388	     24.13977437856598839971	     -6.23917179194675597387	     -0.12051322616501997098	     -0.00209932026724198723	     -0.06323544490868181212	     24.30906458671005765382	    -13.32242676921046609095	     96.53525198078779112620	     -3.27904321572178325539	    -20.29828177038883296746	    -83.93433190224344286889	    153.41060283717399670422	     54.01820724018438824032	     17.80657280889519711309	     27.98045223922310498210
      1.59099999999993535482	     -0.64734363736859734662	     23.74985129358762492302	     -6.36708260211152765606	     -0.12111929185269246223	     -0.00406176587993804447	     -0.06299113061576533390	     24.17821362184741218471	    -13.82622628455713176265	     95.91412977820696994513	     -3.42962137124125909793	    -19.85545349794681513345	    -83.58595738673828634546	    155.84010394746471206417	     53.61322032625066213996	     16.79110135219426425124	     27.99313036991566505662
      1.59199999999993524469	     -0.52134269194763183108	     23.35569852739698859523	     -6.49458200848298083940	     -0.12171304322394797814	     -0.00602025202726539244	     -0.06274860451020553009	     24.05230865008467588950	    -14.34116394102812819256	     95.28366064602289497998	     -3.58088984510998242783	    -19.40778322557597945774	    -83.23961371974382927874	    158.27313284185447628261	     53.21107274966244204961	     15.80549946006323125403	     28.01452390327476749121
      1.59299999999993513455	     -0.39390178650658530524	     22.95760595392965797146	     -6.62159900564131120859	     -0.12229391308087650403	     -0.00797406997328223635	     -0.06250814838194049261	     23.93141616380713898593	    -14.86687880367070491161	     94.64362705454972513053	     -3.73285371322307435449	    -18.95522110673827853589	    -82.89537406680146602866	    160.70995237602994620829	     52.81209079907068826287	     14.84959535536485653040	     28.01454670567785143476
      1.59399999999993502442	     -0.26503955169113330159	     22.55583011533521897718	     -6.74804258874554907521	     -0.12286137489465626116	     -0.00992298026250491676	     -0.06226981334596268930	     23.81563913745857519189	    -15.40292865460222238028	     93.99383259381170319102	     -3.88545784509187175360	    -18.49802803029460918083	    -82.55350996840486743622	    163.15072043123797129738	     52.41657388616194168662	     13.92333531124053180861	     27.99337184455587035359
      1.59499999999993491429	     -0.13481255062455987925	     22.15059514709955834633	     -6.87380280867582804660	     -0.12341495805566839172	     -0.01186721945666039356	     -0.06203342057567889922	     23.70511635751766021940	    -15.94879062133090208420	     93.33410484338280355132	     -4.03858980687450497271	    -18.03677820884693971948	    -82.21448448665719865858	    165.59548850730865865444	     52.02479101534308369992	     13.02678465495353421488	     27.98123170012759075576
      1.59599999999993480415	     -0.00323754851000372787	     21.74215960469213015926	     -6.99878640816146102566	     -0.12395425675402861609	     -0.01380656023559368589	     -0.06179900476859217368	     23.59992026632054518132	    -16.50399118834318201721	     92.66427164810214378576	     -4.19220348693147393249	    -17.57173978513480605557	    -81.87856487427188767469	    168.04438991977630735164	     51.63703104720305248065	     12.15982894420954885106	     27.97953406536145237737
      1.59699999999993469402	      0.12967365296796171115	     21.33078568853160206231	     -7.12290205092590689162	     -0.12447868613171045316	     -0.01574069628857812861	     -0.06156663235037323351	     23.50010532173854826965	    -17.06804754240653210218	     91.98415681448960867783	     -4.34625954617938425883	    -17.10316606599819522216	    -81.54601870549954867329	    170.49754916791857795033	     51.25357415267657046343	     11.32231115362730378138	     27.98796904109327243759
      1.59799999999993458388	      0.26395398408278814006	     20.91677079233766534117	     -7.24607565031849532033	     -0.12498771834112258616	     -0.01766879074760394769	     -0.06133661675559370224	     23.40565197708354716610	    -17.64053485289072753517	     91.29358173339299753479	     -4.50079287037676234462	    -16.63106288195932691565	    -81.21690655746961340355	    172.95518048194702487308	     50.87471983200373415457	     10.51388447806702330922	     27.97607798364123610213
      1.59899999999993447375	      0.39959586642337646678	     20.50037779499535872674	     -7.36821421676788457233	     -0.12548088797716816511	     -0.01959053020730899472	     -0.06110902488047898623	     23.31658148633956173512	    -18.22094427314752351776	     90.59239203267574680467	     -4.65577409958402110846	    -16.15570914015622960846	    -80.89148914546099433664	    175.41738545711029928498	     50.50073682606317504451	      9.73433091681425111119	     27.94424890865296262632
      1.59900000000000019895	      0.39959586643233374614	     20.50037779496791401357	     -7.36821421677587640175	     -0.12548088797720005627	     -0.01959053020743511606	     -0.06110902488046409536	     23.31658148633388805138	    -18.22094427318592124720	     90.59239203262930573146	     -4.65577409959421739671	    -16.15570914012490888467	    -80.89148914543974910885	    175.41738545727227460702	     50.50073682603875369068	      9.73433091676396600178	     27.94424890865210642232
